date,live_v3_unlevered,fixed_IS_vol10,target_vol10,fixed_IS_vol12,target_vol12,fixed_IS_vol14,target_vol14
2018-01-02,1.0,1.0,1.0,1.0,1.0,1.0,1.0
2018-01-03,1.0,1.0,1.0,1.0,1.0,1.0,1.0
2018-01-04,1.0,1.0,1.0,1.0,1.0,1.0,1.0
2018-01-05,1.0,1.0,1.0,1.0,1.0,1.0,1.0
2018-01-08,1.0,1.0,1.0,1.0,1.0,1.0,1.0
2018-01-09,1.0,1.0,1.0,1.0,1.0,1.0,1.0
2018-01-10,1.0,1.0,1.0,1.0,1.0,1.0,1.0
2018-01-11,1.0,1.0,1.0,1.0,1.0,1.0,1.0
2018-01-12,1.0,1.0,1.0,1.0,1.0,1.0,1.0
2018-01-15,1.0,1.0,1.0,1.0,1.0,1.0,1.0
2018-01-16,1.0,1.0,1.0,1.0,1.0,1.0,1.0
2018-01-17,1.0,1.0,1.0,1.0,1.0,1.0,1.0
2018-01-18,1.0,1.0,1.0,1.0,1.0,1.0,1.0
2018-01-19,1.0,1.0,1.0,1.0,1.0,1.0,1.0
2018-01-22,1.0,1.0,1.0,1.0,1.0,1.0,1.0
2018-01-23,1.0,1.0,1.0,1.0,1.0,1.0,1.0
2018-01-24,1.0,1.0,1.0,1.0,1.0,1.0,1.0
2018-01-25,1.0,1.0,1.0,1.0,1.0,1.0,1.0
2018-01-26,1.0,1.0,1.0,1.0,1.0,1.0,1.0
2018-01-29,1.0,1.0,1.0,1.0,1.0,1.0,1.0
2018-01-30,1.0,1.0,1.0,1.0,1.0,1.0,1.0
2018-01-31,1.0,1.0,1.0,1.0,1.0,1.0,1.0
2018-02-01,1.0,1.0,1.0,1.0,1.0,1.0,1.0
2018-02-02,1.0,1.0,1.0,1.0,1.0,1.0,1.0
2018-02-05,1.0,1.0,1.0,1.0,1.0,1.0,1.0
2018-02-06,1.0,1.0,1.0,1.0,1.0,1.0,1.0
2018-02-07,1.0,1.0,1.0,1.0,1.0,1.0,1.0
2018-02-08,1.0,1.0,1.0,1.0,1.0,1.0,1.0
2018-02-09,1.0,1.0,1.0,1.0,1.0,1.0,1.0
2018-02-12,1.0,1.0,1.0,1.0,1.0,1.0,1.0
2018-02-13,1.0,1.0,1.0,1.0,1.0,1.0,1.0
2018-02-14,1.0,1.0,1.0,1.0,1.0,1.0,1.0
2018-02-22,1.0,1.0,1.0,1.0,1.0,1.0,1.0
2018-02-23,1.0,1.0,1.0,1.0,1.0,1.0,1.0
2018-02-26,1.0,1.0,1.0,1.0,1.0,1.0,1.0
2018-02-27,1.0,1.0,1.0,1.0,1.0,1.0,1.0
2018-02-28,1.0,1.0,1.0,1.0,1.0,1.0,1.0
2018-03-01,1.0,1.0,1.0,1.0,1.0,1.0,1.0
2018-03-02,1.0,1.0,1.0,1.0,1.0,1.0,1.0
2018-03-05,1.0,1.0,1.0,1.0,1.0,1.0,1.0
2018-03-06,1.0,1.0,1.0,1.0,1.0,1.0,1.0
2018-03-07,1.0,1.0,1.0,1.0,1.0,1.0,1.0
2018-03-08,1.0,1.0,1.0,1.0,1.0,1.0,1.0
2018-03-09,1.0,1.0,1.0,1.0,1.0,1.0,1.0
2018-03-12,1.0,1.0,1.0,1.0,1.0,1.0,1.0
2018-03-13,1.0,1.0,1.0,1.0,1.0,1.0,1.0
2018-03-14,1.0,1.0,1.0,1.0,1.0,1.0,1.0
2018-03-15,1.0,1.0,1.0,1.0,1.0,1.0,1.0
2018-03-16,1.0,1.0,1.0,1.0,1.0,1.0,1.0
2018-03-19,1.0,1.0,1.0,1.0,1.0,1.0,1.0
2018-03-20,1.0,1.0,1.0,1.0,1.0,1.0,1.0
2018-03-21,1.0,1.0,1.0,1.0,1.0,1.0,1.0
2018-03-22,1.0,1.0,1.0,1.0,1.0,1.0,1.0
2018-03-23,1.0,1.0,1.0,1.0,1.0,1.0,1.0
2018-03-26,1.0,1.0,1.0,1.0,1.0,1.0,1.0
2018-03-27,1.0,1.0,1.0,1.0,1.0,1.0,1.0
2018-03-28,1.0,1.0,1.0,1.0,1.0,1.0,1.0
2018-03-29,1.0,1.0,1.0,1.0,1.0,1.0,1.0
2018-03-30,1.0,1.0,1.0,1.0,1.0,1.0,1.0
2018-04-02,1.0,1.0,1.0,1.0,1.0,1.0,1.0
2018-04-03,1.0,1.0,1.0,1.0,1.0,1.0,1.0
2018-04-04,0.9999571428571429,0.999754168195452,1.0,0.9997050018345425,1.0,0.9996558354736329,1.0
2018-04-09,0.9999325337526392,0.9996130371685883,0.9993847460193823,0.9995356529310322,0.9993847460193823,0.9994582714697183,0.9993847460193823
2018-04-10,0.9998583593234203,0.9991877029923318,0.9975314011535041,0.9990252914318074,0.9975314011535041,0.9988628958166322,0.9975314011535041
2018-04-11,1.0003659381295933,1.0020972604165652,1.0101913392586421,1.0025161928249822,1.0101913392586421,1.0029349520717838,1.0101913392586421
2018-04-12,1.0002342815656,1.0013407614309704,1.0068675975249075,1.0016080145318702,1.0068675975249075,1.0018749681507,1.0068675975249075
2018-04-13,0.9999217944288672,0.9995463287957544,0.9990036105965876,0.9994541206589377,0.9990036105965876,0.9993614222211795,0.9990036105965876
2018-04-16,1.0005518125810513,1.0031588034691943,1.014739601458069,1.0037886903661712,1.014739601458069,1.0044179511811038,1.014739601458069
2018-04-17,1.000322759970884,1.001841517077709,1.0089320872586136,1.0022069541419485,1.0089320872586136,1.0025714354236486,1.0089320872586136
2018-04-18,0.9998649426325025,0.9992114552043838,0.9973881481101678,0.9990497286674538,0.9973881481101678,0.9988866661186215,0.9973881481101678
2018-04-19,0.9995011165055941,0.9971258850630135,0.9883150260444086,0.9965474495676687,0.9883150260444086,0.9959678169876721,0.9883150260444086
2018-04-20,0.999790635690418,0.9987826424233905,0.9954720005581029,0.9985344050926658,0.9954720005581029,0.9982845834568769,0.9954720005581029
2018-04-23,0.9992331667504308,0.9955881824472823,0.9815954772859361,0.9947020058622233,0.9815954772859361,0.9938145696464308,0.9815954772859361
2018-04-24,0.9991947340910765,0.9953685339769343,0.9806516203900277,0.994438662309668,0.9806516203900277,0.9935076096046852,0.9806516203900277
2018-04-25,0.9991563412248082,0.995149152901302,0.9797096111591732,0.9941756509534427,0.9797096111591732,0.9932010503104686,0.9797096111591732
2018-04-26,0.9992173104319859,0.9954974742800299,0.9812041750175037,0.9945932277145882,0.9812041750175037,0.9936877456178657,0.9812041750175037
2018-04-27,0.9990378504525231,0.9944719104832623,0.9767985547570492,0.993363669026747,0.9767985547570492,0.9922545664436966,0.9767985547570492
2018-05-02,0.9983640049418642,0.9906243471984798,0.9603274240425572,0.9887517383635347,0.9603274240425572,0.986879988159216,0.9603274240425572
2018-05-03,0.9986101954004382,0.9920255666415267,0.9662476958005541,0.9904300231713646,0.9662476958005541,0.9888342805242104,0.9662476958005541
2018-05-04,0.9988075147938579,0.993149942456438,0.9710208147339167,0.9917771040554018,0.9710208147339167,0.9904033427967049,0.9710208147339167
2018-05-07,0.9990944049156715,0.9947862444891031,0.9779935365971525,0.9937379522479346,0.9779935365971525,0.9926878302715323,0.9779935365971525
2018-05-08,0.9993527474082198,0.9962617265864664,0.9843156941104364,0.9955066649531635,0.9843156941104364,0.9947491478479765,0.9843156941104364
2018-05-09,0.9998500343345047,0.9991053791395076,0.996560802939318,0.9989164617892577,0.996560802939318,0.998724217079079,0.996560802939318
2018-05-10,0.9995387877901877,0.997321375138423,0.9888052372178268,0.9967760617852669,0.9888052372178268,0.9962275643224928,0.9888052372178268
2018-05-11,0.9990695388669165,0.9946356991612775,0.9771999899138362,0.9935550127748307,0.9771999899138362,0.9924717416703818,0.9771999899138362
2018-05-14,0.9992767349427352,0.9958189169907763,0.9822665041884544,0.9949733314698397,0.9822665041884544,0.9941246426927479,0.9822665041884544
2018-05-15,0.9994219990266049,0.9966492794370164,0.9858362871839277,0.9959689202967233,0.9858362871839277,0.9952851722413688,0.9858362871839277
2018-05-16,0.9997406342632291,0.9984719245178278,0.9936938833481488,0.9981546013269594,0.9936938833481488,0.997833382855539,0.9936938833481488
2018-05-17,1.000307727647192,1.0017206869049884,1.007785468895895,1.0020518772091167,1.007785468895895,1.002378741494657,1.007785468895895
2018-05-18,1.0005389109077962,1.0030486446552853,1.013608255330751,1.0036459533709867,1.013608255330751,1.004239103659742,1.013608255330751
2018-05-21,1.0005389109077962,1.0030486446552853,1.013608255330751,1.0036459533709867,1.013608255330751,1.004239103659742,1.013608255330751
2018-05-22,1.0005389109077962,1.0030486446552853,1.013608255330751,1.0036459533709867,1.013608255330751,1.004239103659742,1.013608255330751
2018-05-23,1.0005389109077962,1.0030486446552853,1.013608255330751,1.0036459533709867,1.013608255330751,1.004239103659742,1.013608255330751
2018-05-24,1.0005389109077962,1.0030486446552853,1.013608255330751,1.0036459533709867,1.013608255330751,1.004239103659742,1.013608255330751
2018-05-25,1.0005389109077962,1.0030486446552853,1.013608255330751,1.0036459533709867,1.013608255330751,1.004239103659742,1.013608255330751
2018-05-28,1.0005389109077962,1.0030486446552853,1.013608255330751,1.0036459533709867,1.013608255330751,1.004239103659742,1.013608255330751
2018-05-29,1.0005389109077962,1.0030486446552853,1.013608255330751,1.0036459533709867,1.013608255330751,1.004239103659742,1.013608255330751
2018-05-30,1.0005389109077962,1.0030486446552853,1.013608255330751,1.0036459533709867,1.013608255330751,1.004239103659742,1.013608255330751
2018-05-31,1.0005389109077962,1.0030486446552853,1.013608255330751,1.0036459533709867,1.013608255330751,1.004239103659742,1.013608255330751
2018-06-01,1.0005389109077962,1.0030486446552853,1.013608255330751,1.0036459533709867,1.013608255330751,1.004239103659742,1.013608255330751
2018-06-04,1.0004960306687574,1.0028020633969204,1.0125222464857537,1.0033498796559734,1.0125222464857537,1.0038934801842716,1.0125222464857537
2018-06-05,1.001690245371134,1.0096679577567171,1.042736483128662,1.011593453774236,1.042736483128662,1.0135161939470652,1.042736483128662
2018-06-06,1.0016473157891896,1.0094197492606676,1.0417489513522,1.0112950355611836,1.041619265468167,1.01316737762621,1.041619265468167
2018-06-07,1.0008318429764287,1.00470583903959,1.023015410095431,1.0056278343698277,1.0204188843847268,1.0065434017383064,1.0204188843847268
2018-06-08,1.0005457681832988,1.0030585407078716,1.0169796328290457,1.0036492623466327,1.0131943350255121,1.0042329661034355,1.013127047017022
2018-06-11,1.0010612073388088,1.0060225637938027,1.0277077662753662,1.00720818473815,1.0260201777649254,1.0083874569971738,1.0261750595653842
2018-06-12,1.0005971756043628,1.0033476510110613,1.0181653300601696,1.0039945064626912,1.0145880577520814,1.0046337758829966,1.0142832344390953
2018-06-13,1.0002396855949562,1.0012914246179356,1.0110168742317651,1.0015254440187877,1.0060400496429005,1.0017513688961062,1.005223741471768
2018-06-14,0.9998392089793263,0.9989918451007882,1.0031478579842859,0.9987653036556404,0.9966437133030899,0.9985304787320924,0.995161938092712
2018-06-15,0.9998229921568752,0.9988989030190614,1.0028355932261914,0.9986537984493465,0.996271425163633,0.9984004199107491,0.9947584140981733
2018-06-19,0.998716547005324,0.9925581160714293,0.9815368975167948,0.991046721155011,0.9708802857922073,0.9895277481471447,0.967237402057101
2018-06-20,0.9982039140744523,0.9896357470522886,0.9726674115996266,0.9875452182958484,0.9603524586135744,0.9854489226727279,0.9550010226067401
2018-06-21,0.99902581931453,0.994309790117476,0.9865503659636449,0.9931422217099427,0.9768010771616703,0.9919648988827303,0.9740841435572924
2018-06-22,0.9999805532450949,0.999760363798911,1.0021909233221773,0.9996752297233923,0.9953842702380427,0.9995777062334116,0.9957042323261499
2018-06-25,1.001698239541388,1.0096109724558,1.0293069249548372,1.0114949535234905,1.0277024733294375,1.0133660387457926,1.0334209225750115
2018-06-26,1.0023894163168126,1.0136069325504622,1.0390903216683054,1.0162990536141228,1.0394242493201338,1.0189811900343824,1.0471724220135201
2018-06-27,1.0022156509148823,1.0125990468969808,1.0366511017874844,1.0150863785194009,1.0364962448061719,1.0175626686278383,1.0437309528437848
2018-06-28,1.0018213463437895,1.0103138532924132,1.0311374725116247,1.0123374102195968,1.029880878039288,1.0143477151932985,1.035959154078591
2018-06-29,1.001612167494919,1.009103816293058,1.0282472814638295,1.0108824575216342,1.0264168753354532,1.0126468995841351,1.0318939659403024
2018-07-02,1.0010042600345412,1.005590731885408,1.0198875759229362,1.0066593256589107,1.0164030862463624,1.007711312614468,1.0201488713465519
2018-07-03,1.0009661367051421,1.0053710516363579,1.019374965499142,1.0063954292274613,1.0157900553644263,1.0074031117021593,1.0194310328899736
2018-07-04,1.0001972923040414,1.000941494567503,1.0090428437838213,1.0010745447874225,1.003435112175373,1.0011891975514493,1.0049652668900684
2018-07-05,1.0000521823914927,1.000108513839058,1.007152970033084,1.0000748350444606,1.0011798671886007,1.0000227359387979,1.0023301355019434
2018-07-06,1.0004630282888853,1.0024652896466786,1.0124904488986182,1.002902870775898,1.0075468559667309,1.0033219390771833,1.0097668233767707
2018-07-09,0.9999668572594539,0.9996135192434704,1.0060488839989792,0.999479252517539,0.999854720042845,0.9993260487691392,1.0007728916841774
2018-07-10,0.9988262461171765,0.9930731995213634,0.9913235732731239,0.9916319230352112,0.9822931422696216,0.9901722343842184,0.9802655695822149
2018-07-11,0.9992621089887475,0.9955589414962772,0.9966449172173821,0.9946104842481506,0.9886205854637875,0.9936421072608856,0.9876323492597456
2018-07-12,0.9983163003008992,0.9901538168823824,0.9850850099217894,0.9881305139895527,0.974860384066824,0.9860895025254988,0.9715948282898641
2018-07-13,0.9978268166975085,0.9873690585850566,0.9792449385884938,0.9847956325591052,0.9679250384360065,0.9822068438636418,0.9635306954830782
2018-07-16,0.997727404689883,0.9868048001748139,0.9780714177023784,0.9841202872504262,0.9665330922080043,0.9814210122089013,0.9619141308306536
2018-07-17,0.997762357645793,0.9870030980751707,0.9784857781157452,0.9843575973891192,0.9670244588436566,0.9816971146523366,0.9624846523503756
2018-07-18,0.998113514322857,0.988995638704034,0.9826640763504049,0.9867422373278829,0.9719796866206487,0.9844716752854248,0.9682386113953045
2018-07-19,0.9986237763072947,0.9918958023792016,0.9887509801192437,0.9902145041991931,0.9792045525256272,0.988513331721736,0.9766351790042644
2018-07-20,0.9987050886966458,0.9923590740328825,0.9897267405984609,0.9907694878695651,0.9803641598961006,0.9891597003087221,0.9779845044069447
2018-07-23,0.9986661265278315,0.9921370042026282,0.9892588729930495,0.9905034309338252,0.9798080298697729,0.98884980488328,0.9773372609313349
2018-07-24,0.9991822740597459,0.9950783090456563,0.9954542081913176,0.9940271852452971,0.9871714078579413,0.9929539882681698,0.9859062057626006
2018-07-25,0.9985892512846318,0.9916906572385265,0.9883545111751849,0.989966297220922,0.9787226601311948,0.9882214006124592,0.9760619664138711
2018-07-26,0.9985610672950347,0.9915301085881832,0.9880225261007216,0.989773973836515,0.9783281604108672,0.9879974188139713,0.9756029679459007
2018-07-27,0.999117140051318,0.9946973250761774,0.9946619322372277,0.9935679021364267,0.9862172736488621,0.9924157237781912,0.9847812951858997
2018-07-30,0.99913654007202,0.994808112786912,0.9948932319906627,0.9937006964374411,0.9864924768770164,0.9925704708039524,0.9851018981251839
2018-07-31,0.998416811373742,0.9906975796782211,0.9863008113720488,0.9887735477015199,0.9762686361360774,0.9868286687189997,0.9731908976035195
2018-08-01,0.9970004185206688,0.9826358580462804,0.9697428325549522,0.9791182697291821,0.9566011652664755,0.9755863345654212,0.950317851455325
2018-08-02,0.9970728670985604,0.9830454411070139,0.970533866468206,0.9796080099573065,0.9575375421339677,0.9761556371072617,0.9514031155821531
2018-08-03,0.997493520119404,0.9854243924630796,0.9751650547450725,0.9824527693626212,0.9630205491176532,0.9794628265324193,0.9577589759501063
2018-08-06,0.9998312517149658,0.9986715507666614,1.000916046443808,0.998301421936372,0.9935369020719003,0.9978966494626235,0.9931668698719606
2018-08-07,1.0013879868582,1.0075907436318527,1.0163818736190289,1.009000486604442,1.011959070533572,1.0103738305107406,1.0146513950808789
2018-08-08,1.0005715359638212,1.0028785110737823,1.008531603892939,1.0033378959455224,1.002579739561643,1.0037584828747441,1.003679729538117
2018-08-09,1.0014254400507703,1.0077878625785777,1.0165785545183559,1.0092318163215859,1.0121790932729051,1.0106376057490656,1.0148912628947409
2018-08-10,1.0009081917816283,1.0048020372066275,1.0117236324081824,1.0056436921832672,1.006378399597976,1.0064456299136748,1.0081056532498693
2018-08-13,0.9998500928649651,0.9987090903889806,1.001832187514295,0.9983260316207841,0.9945713770121806,0.9979015513198946,0.9943071516871025
2018-08-14,0.9986954956157097,0.9920937912941891,0.9913347174583252,0.9903907174955682,0.9820657098409776,0.9886476212117857,0.9797210827287499
2018-08-15,0.9978353861910043,0.9871927518071101,0.9837570568129258,0.984519566130635,0.9730575386758582,0.9818100001097902,0.9692366406267579
2018-08-16,0.9968212964793776,0.9814378981021561,0.9749828099129298,0.9776324417318284,0.9626429587348663,0.9737971352777809,0.957134008027906
2018-08-17,0.9988261727811677,0.9927605447215754,0.9919365724240125,0.9911669343567594,0.982729983785264,0.989525430678136,0.9804347590747565
2018-08-20,0.996969341349754,0.9821743000269084,0.9769714270823632,0.978483832769591,0.964938486891864,0.9747529845378946,0.9597264913229334
2018-08-21,0.9961249169559322,0.9774024983214759,0.9705469690103213,0.9727791864698617,0.9573240899758972,0.9681229402215116,0.9508910111783774
2018-08-22,0.9945259687173045,0.968403194781031,0.9585448988672293,0.9620311044562757,0.9431178274318652,0.9556435316811437,0.934428412900696
2018-08-23,0.9944407236342716,0.967927066171225,0.9579295961948898,0.9614635096344204,0.9423913476349536,0.9549857344742301,0.9335886621280968
2018-08-24,0.9945428013693973,0.9684969805486405,0.9586660754946049,0.96214284000546,0.9432607873798209,0.9557729468242672,0.9345935336944123
2018-08-27,0.9953022241168195,0.9727390057952615,0.9641468256290289,0.9671998728720117,0.9497320000191894,0.9616337582389157,0.9420739100975289
2018-08-28,0.9959523306539191,0.9763835292030382,0.9688214220395738,0.9715483970566245,0.9552576486199068,0.9666778403709392,0.9484685185556665
2018-08-29,0.9967267044893258,0.9807381206715631,0.974377844644968,0.9767480296614905,0.9618320059642275,0.9727136672062182,0.9560840899251333
2018-08-30,0.998185135629816,0.9889695972257394,0.9850044363925093,0.9865856142350249,0.9744197257445246,0.9841434438280068,0.9706820012981268
2018-08-31,0.9979566522916825,0.9876710993841914,0.9833689116236776,0.9850311729731133,0.9724781861479761,0.9823344181535707,0.9684255604578853
2018-09-03,0.9986935217705605,0.991854274942182,0.9886688026186352,0.9900375662907379,0.97876762034176,0.98815921981325,0.9757326552674579
2018-09-04,0.9987906382688354,0.992407527596063,0.9893662542743905,0.9907002534513382,0.9795961806389181,0.9889308880053244,0.9766963115453375
2018-09-05,0.9985372215170206,0.9909631998268605,0.9875393626488175,0.9889700418027243,0.9774255595354137,0.9869159128815875,0.9741714168196342
2018-09-06,0.9996490440528105,0.9972923236991568,0.9955540598481739,0.9965497144706738,0.9869446979404803,0.9957404971763049,0.985240104215739
2018-09-07,0.9985464858021441,0.990982876371266,0.987655253979034,0.988984015487144,0.9775480997401201,0.9869210157686573,0.974296340452243
2018-09-10,0.9977435296478946,0.9864119466065876,0.9820063821329382,0.9835099635159521,0.97083882269239,0.980547943684874,0.9664948882722172
2018-09-11,0.997949486488045,0.9875799133528019,0.9834388834334755,0.9849074002796597,0.9725382754471856,0.982173376500571,0.9684687117558971
2018-09-12,0.9985147476516818,0.9907886028426106,0.9874233041891659,0.9887474079359312,0.9772665835370993,0.986640949288182,0.9739619881169442
2018-09-13,0.9987362946876329,0.9920495802835838,0.9889892796420989,0.9902574634686461,0.9791264247715097,0.9883989274947869,0.9761244657317768
2018-09-14,0.9980300346985701,0.988025542936007,0.9839557557587664,0.9854373418587055,0.9731464332646175,0.982786006539395,0.9691691990999668
2018-09-17,0.9974450101071708,0.9847034365381727,0.9797826175885606,0.9814612571656007,0.9681936806611535,0.9781597217386455,0.9634146031882367
2018-09-18,0.9972315551605032,0.9834946835250147,0.9782148961541122,0.9800155293967601,0.9663346666815762,0.9764787131689778,0.9612564591518028
2018-09-19,0.9969168406422103,0.9817143243099649,0.9758907649637679,0.9778866560541204,0.9635795805981702,0.9740039910721758,0.9580590834234376
2018-09-20,0.9971889800328017,0.9832515316791862,0.9778952538900785,0.9797241126787932,0.9659546225618059,0.9761391789836809,0.9608140908990566
2018-09-21,0.9973838817227395,0.9843538768918771,0.9793328767353631,0.9810421813323248,0.9676587049907314,0.9776712989374114,0.9627916069922313
2018-09-25,0.9978291676023845,0.9868747018415249,0.9826194095128626,0.9840569941943433,0.9715555316492863,0.9811764951530012,0.9673150379412271
2018-09-26,0.9973441470961398,0.9841231305063894,0.9790274735775083,0.9807645360790683,0.967293740937393,0.9773465378552537,0.962364650174882
2018-09-27,0.9975461283019272,0.9852663515526054,0.980515241947048,0.9821317194620472,0.9690576657350027,0.9789360263406292,0.9644120758245076
2018-09-28,0.9983721952204359,0.9899464043072125,0.9866410539419095,0.987729915221168,0.9763227420767238,0.9854460031963452,0.9728473652856701
2018-10-08,0.998289500197372,0.9894760626638266,0.9860299280372549,0.9871667689625118,0.975597060391451,0.9847905184076409,0.9720037503627393
2018-10-09,0.9980946937711183,0.988368503530979,0.984587725187454,0.9858407998620592,0.973884728356798,0.9832472782189547,0.9700133876419921
2018-10-10,0.9976677778424244,0.9859435447327204,0.9814240259132138,0.9829382913590863,0.9701295585579348,0.979869926774096,0.9656497714798438
2018-10-11,0.9971074622951182,0.9827673024001382,0.9772282233200152,0.9791384183606657,0.9651525390311324,0.9754505803501959,0.9598700615974235
2018-10-12,0.9966303194302711,0.9800697367650808,0.973671617593941,0.9759132925638874,0.9609373512603278,0.9717021052626016,0.954979258214696
2018-10-15,0.9965375144918625,0.9795462462405238,0.9729765477803867,0.9752877680621727,0.9601141761361786,0.970975475762678,0.9540248418178885
2018-10-16,0.9967268187881504,0.980613595657695,0.9743972665736945,0.9765630191304838,0.961796501068104,0.9724566903117293,0.9559751061230286
2018-10-17,0.9958057271935675,0.9754155577795517,0.9674789772602764,0.9703511392385723,0.9536019134805341,0.9652399706712216,0.9464726191780715
2018-10-18,0.9958057271935675,0.9754155577795517,0.9674789772602764,0.9703511392385723,0.9536019134805341,0.9652399706712216,0.9464726191780715
2018-10-19,0.9957630498052592,0.9751757696127986,0.9671630175013602,0.9700648874326473,0.9532282001437894,0.9649077693138849,0.9460398798890046
2018-10-22,0.9947820424224684,0.9696649775368755,0.9598744402717933,0.9634865953199329,0.9446079234436754,0.9572738957530804,0.9360587304417387
2018-10-23,0.9944772934406556,0.9679610509051373,0.9576484442236286,0.9614549115852987,0.9419792127501536,0.9549188820816794,0.9330196576981071
2018-10-24,0.9945711496813602,0.9684850626492223,0.9583321532168992,0.9620794991113456,0.9427862391654726,0.955642613880338,0.933952233225797
2018-10-25,0.9949899598276858,0.9708243798743067,0.9613969372135425,0.9648681130788325,0.946404320226429,0.9588742297714326,0.9381337756980763
2018-10-26,0.9939589416228569,0.9650540164845443,0.9538277832911147,0.9579861602753232,0.9374629811869184,0.9508951616600544,0.9277933739945563
2018-10-29,0.9939589416228569,0.9650540164845443,0.9538277832911147,0.9579861602753232,0.9374629811869184,0.9508951616600544,0.9277933739945563
2018-10-30,0.9939589416228569,0.9650540164845443,0.9538277832911147,0.9579861602753232,0.9374629811869184,0.9508951616600544,0.9277933739945563
2018-10-31,0.9939589416228569,0.9650540164845443,0.9538277832911147,0.9579861602753232,0.9374629811869184,0.9508951616600544,0.9277933739945563
2018-11-01,0.9939589416228569,0.9650540164845443,0.9538277832911147,0.9579861602753232,0.9374629811869184,0.9508951616600544,0.9277933739945563
2018-11-02,0.9939163433825017,0.9648167755141857,0.9535104381729155,0.9577035561155083,0.9370887006648572,0.9505678972771169,0.9273612173890038
2018-11-05,0.9942215376593694,0.9665161388883998,0.9557838415258433,0.9597277576691141,0.9397698005359789,0.952911870178983,0.9304566974416795
2018-11-06,0.9962995248379356,0.9781034765124769,0.971314192042585,0.9735349016260899,0.9580939702152725,0.9689058050654045,0.9516230378146138
2018-11-07,0.9972778885868331,0.9836129498575916,0.9788424121965521,0.9801153889301601,0.9670048775962935,0.9765465354882794,0.9619488818178462
2018-11-08,0.9954184653177232,0.9730933029318427,0.9641349035336214,0.9675366999169284,0.9495693037750546,0.9619248342734444,0.9417137348004239
2018-11-09,0.9942657016359665,0.9666292644873943,0.9554506184271702,0.9598241472901646,0.9393055983138039,0.9529790459025341,0.9298384725893241
2018-11-12,0.9963418286368992,0.9782070700590056,0.9709280695596828,0.9736197039965793,0.9575646976949895,0.9689590799421431,0.9509260525649919
2018-11-13,0.9957997422327937,0.9751542176867352,0.9670527225603943,0.9699734610110045,0.9529782873181387,0.9647254930432891,0.9456123367956724
2018-11-14,0.9933655440943783,0.961480957615202,0.9495597353621882,0.9536527201628333,0.9322922131159949,0.9457876478751324,0.9216651229958588
2018-11-15,0.9953609362676533,0.9725592982395416,0.96299400994958,0.9668384910355043,0.9481201836420329,0.9610441755201717,0.9399205972228871
2018-11-16,0.9956270292465723,0.9740506626250814,0.9647406636151612,0.9686176012590676,0.9501837947262887,0.9631073647595878,0.9423073224105267
2018-11-19,0.9970498399448681,0.9820351464290719,0.9741768690498324,0.9781455387837998,0.9613363829720883,0.9741600559908461,0.9552108187977909
2018-11-20,0.9990162660997853,0.9931448548163877,0.9876028361203932,0.9914243853535056,0.9772351845530836,0.9895889210957018,0.973641230326227
2018-11-21,1.0002587407798624,1.0002298969795218,0.9961491713623394,0.9999117074649462,0.9873831256386608,0.9994724651472909,0.9854369539487017
2018-11-22,0.9996688482519306,0.996846326510735,0.9920871975552573,0.9958527145454312,0.9825516511857967,0.9947390536198909,0.979811343954975
2018-11-23,0.9994317710499437,0.9954902733934091,0.9904192345831762,0.9942270727885714,0.9805693337729238,0.9928445925157082,0.9775050903680758
2018-11-26,0.9990658821401137,0.9933997839901937,0.9878507893643645,0.9917216687090685,0.9775178519004794,0.9899256855035218,0.9739561532480419
2018-11-27,0.9984805584410801,0.9900613645859944,0.9837598125643506,0.9877223327932685,0.9726600297717377,0.985268243415608,0.9683093441366929
2018-11-28,1.0001407593960678,0.9995041041975044,0.9953301295166831,0.9990268500250142,0.986387752357179,0.9984240785223899,0.9842533827394768
2018-11-29,1.0001407593960678,0.9995041041975044,0.9953301295166831,0.9990268500250142,0.986387752357179,0.9984240785223899,0.9842533827394768
2018-11-30,1.0001407593960678,0.9995041041975044,0.9953301295166831,0.9990268500250142,0.986387752357179,0.9984240785223899,0.9842533827394768
2018-12-03,1.0001407593960678,0.9995041041975044,0.9953301295166831,0.9990268500250142,0.986387752357179,0.9984240785223899,0.9842533827394768
2018-12-04,1.0001407593960678,0.9995041041975044,0.9953301295166831,0.9990268500250142,0.986387752357179,0.9984240785223899,0.9842533827394768
2018-12-05,1.000113001889488,0.9993449863991848,0.9951328902008869,0.9988359998398026,0.986153191654616,0.9982015543159407,0.9839803207259454
2018-12-06,1.0003517312633101,1.0007133045187324,0.9968290165430114,1.0004771452888377,0.9881701770307876,1.0001150078372454,0.9863282854470087
2018-12-07,1.0003189793760694,1.000525369318829,0.9965958945586918,1.0002516762701492,0.9878928606340635,0.9998520558625832,0.9860053527026873
2018-12-10,1.000437730243068,1.001206673790989,0.9974521506104965,1.0010690179922794,0.9889113949207139,1.0008052402367784,0.9871913723089917
2018-12-11,1.0001233069564202,0.999401731873137,0.9951507640539244,0.998903385484383,0.9861733779980754,0.998279334719172,0.9840025752000302
2018-12-12,0.9999661447224698,0.9985008878586831,0.9939949425622965,0.9978229117083632,0.9847989043895321,0.9970195694929811,0.9824025524583097
2018-12-13,0.9994933755573144,0.9957930219380178,0.9905219039886081,0.9945756789533456,0.9806698154747081,0.9932341813313755,0.9775970041211164
2018-12-14,0.9993734363522475,0.9951075886705079,0.9896430168104244,0.9937541645513859,0.9796256409359542,0.9922770406109248,0.9763826175876634
2018-12-17,0.999133586727523,0.9937376657427515,0.9878862816702132,0.9921124928808187,0.977538897221158,0.9903646038877667,0.9739561427117125
2018-12-18,0.9990736387123194,0.993395656489688,0.9874455211855283,0.9917027529693605,0.9770155246110123,0.9898874161770078,0.9733477792337658
2018-12-19,0.998803888829867,0.9918571445344389,0.9854543979241449,0.9898596848646882,0.9746514144345438,0.9877411061344123,0.9706000047912325
2018-12-20,0.9988338529465319,0.992027825556625,0.9856751085225194,0.9900640896184552,0.9749133637208905,0.9879790679493886,0.9709043419494077
2018-12-21,0.9987139928841784,0.9913449839831737,0.9847908141536446,0.9892463017661113,0.9738637963043351,0.9870269913750406,0.9696848819784396
2018-12-24,0.9987139928841784,0.9913449839831737,0.9847908141536446,0.9892463017661113,0.9738637963043351,0.9870269913750406,0.9696848819784396
2018-12-25,0.9989836456622571,0.992880319979129,0.9867802593635339,0.991084804584613,0.9762246412311522,0.9891670993401287,0.9724273820933467
2018-12-26,0.9987738590966679,0.9916843203314021,0.9852275770135007,0.9896522004087032,0.9743813533189054,0.9874989618315414,0.9702852444229246
2018-12-27,0.9988324889199899,0.992018238245996,0.9856619843102733,0.9900520808047024,0.9748969032847363,0.9879644739124862,0.9708841908998066
2018-12-28,0.9989881466326063,0.9929050113149017,0.9868161737976711,0.9911140994106794,0.9762668038490017,0.9892008830394697,0.9724758299020574
2019-01-02,0.9990767734644159,0.9934102858911336,0.9874791347354309,0.9917193352600753,0.9770538522654776,0.9899056284801778,0.9733904874718896
2019-01-03,0.9987928746666662,0.9917910571734185,0.9853541489610885,0.989779568236875,0.9745307907074587,0.9876467057551781,0.9704579522796022
2019-01-04,0.9988528022391462,0.9921323964728658,0.9858016232925,0.990188344656447,0.975061861711083,0.9881225839001639,0.9710749457061222
2019-01-07,0.9989426989913477,0.9926445816373539,0.9864747475035677,0.9908017625212223,0.9758608107867166,0.9888367450564333,0.9720032416814788
2019-01-08,0.9987628893055293,0.9916196824804837,0.9851219033042671,0.9895741667716639,0.974254864797074,0.9874073904303631,0.9701370443654774
2019-01-09,0.999214504915001,0.9941916562797031,0.988524848342235,0.9926541687614845,0.9782933527203539,0.9909928581001715,0.9748286995223457
2019-01-10,0.999214504915001,0.9941916562797031,0.988524848342235,0.9926541687614845,0.9782933527203539,0.9909928581001715,0.9748286995223457
2019-01-11,0.999214504915001,0.9941916562797031,0.988524848342235,0.9926541687614845,0.9782933527203539,0.9909928581001715,0.9748286995223457
2019-01-14,0.9991861184299737,0.9940296477585255,0.9883081039280216,0.9924600591856425,0.9780359514582372,0.9907667759348325,0.9745294615759178
2019-01-15,0.9988563870108917,0.9921480441724894,0.9857910566949889,0.9902057001806704,0.9750468884213479,0.9881411777428476,0.9710547239459953
2019-01-16,0.9985738533471372,0.990538293981577,0.9836428584824477,0.98827778167181,0.9724971465035752,0.9858966290160645,0.9680922044431751
2019-01-17,0.9984105432028499,0.9896090728094322,0.9823879565566337,0.9871652609614818,0.9710083274288812,0.9846018154409489,0.9663631164253617
2019-01-18,0.9978218009748372,0.9862617734742447,0.9778639592626401,0.9831584210334415,0.9656424159071675,0.9799393078610105,0.9601328346590156
2019-01-21,0.9975108050091753,0.9844985440610022,0.9754967728077361,0.9810492035103047,0.9628372948566607,0.9774866112238724,0.9568788658554632
2019-01-22,0.9979999205722091,0.9872675494803989,0.9792123138245503,0.9843603680550598,0.9672380821001836,0.9813356082958055,0.9619813448001816
2019-01-23,0.9981870872351157,0.9883296061907666,0.9806576131525031,0.9856310832141225,0.9689512327993243,0.9828135538596465,0.9639691582295261
2019-01-24,0.9978094509227654,0.9861848473817684,0.9777381038648351,0.9830643998709491,0.9654896428390595,0.9798276499469685,0.9599514015509223
2019-01-25,0.99779660107842,0.9861119984087684,0.9776392737812598,0.9829772577103933,0.9653725324328488,0.9797263188288853,0.9598155564737838
2019-01-28,0.9989368114875544,0.9925757413826578,0.9864078186186966,0.990709092252439,0.9757627602755509,0.9887169596159733,0.9718677114512343
2019-01-29,0.9990755992107094,0.9933667688151245,0.9874677476458056,0.9916565400332693,0.977020948931804,0.9898200926944388,0.9733297387079195
2019-01-30,0.9991585706415544,0.9938399796819876,0.9881021067409079,0.9922234154299561,0.9777741264931428,0.9904802225622071,0.9742051260846284
2019-01-31,0.9983586877374316,0.9892762142504885,0.9819793038963898,0.9867558049297882,0.9705035602282032,0.9841125504119451,0.965753760353274
2019-02-01,0.9981305115265922,0.9879792853026432,0.9801615610813837,0.985203455263113,0.9683477601621007,0.9823063271846458,0.96325096957879
2019-02-11,0.997288172995761,0.9831967076663386,0.9733805757315002,0.9794804866756799,0.9603086544848604,0.9756491645505765,0.9539213780489243
2019-02-12,0.9982716443979113,0.9887582639558081,0.9815876618458639,0.9861291287859817,0.9700248982894623,0.9833755724882328,0.9651815995158824
2019-02-13,0.9992711975369156,0.994437136647425,0.9900682054969805,0.9929256556832223,0.9800816732213854,0.9912827130329903,0.9768559216429347
2019-02-14,0.9989196634448687,0.9924304652115163,0.9868955056334968,0.9905213099751072,0.9763128359147416,0.9884822844442076,0.972473416594449
2019-02-15,0.9999702028331325,0.9984172923692967,0.9963821751181384,0.997691682211903,0.9875747664454609,0.9968304981580296,0.9855606658183409
2019-02-18,0.9993892519087618,0.9950900890798646,0.9904883518964603,0.9937019399601231,0.9805646959279757,0.992179816691516,0.9773989296120128
2019-02-19,0.9996901204789782,0.9968084698458457,0.9937684990632242,0.9957611203131195,0.9844614361608339,0.9945785138797909,0.9819304490923552
2019-02-20,0.9995908685029541,0.9962407941045749,0.9926835807269652,0.9950806251738399,0.983171727021004,0.993785545764975,0.9804296568150614
2019-02-21,0.999089830214786,0.9933764327181311,0.9869282737546264,0.9916473943292331,0.976331535195061,0.9897853227819813,0.9724716898968694
2019-02-22,0.9984696474873008,0.9898393612484644,0.9789972472243756,0.9874102963781325,0.9669164907418374,0.9848513241129987,0.9615308965599765
2019-02-25,0.9986647282335297,0.9909486870519553,0.9815886640583041,0.9887382206009354,0.9699878174629886,0.9863965540168568,0.9650941530474214
2019-02-26,0.9977983096946681,0.9860172437300287,0.9699255262246452,0.9828336890438616,0.9561574601743039,0.9795242484497859,0.9490401406507435
2019-02-27,0.9979764611298017,0.9870270682827245,0.9722361460695745,0.9840415660014593,0.9588908449663782,0.9809286931481614,0.9522053520949878
2019-02-28,0.9972041350735154,0.9826455532450634,0.9621673067927838,0.9787996514996163,0.9469740885186974,0.9748324719388166,0.9383994020050788
2019-03-01,0.9963548811131768,0.9778452877552404,0.9513043951085975,0.9730618777849399,0.9341444330296773,0.9681655343832201,0.9235670026301355
2019-03-04,0.9970583308851525,0.9818053685089434,0.9610718188153201,0.9777907284478797,0.945653915623377,0.9736547659068239,0.9368426885153973
2019-03-05,0.9963211311384906,0.9776414246287486,0.9509981726679815,0.9728144276244101,0.9337594668581501,0.9678736391096582,0.9230951306564621
2019-03-06,0.9981231592793728,0.9877841969530181,0.9749131302633701,0.9849256598262238,0.961937209397727,0.981931646880177,0.9555937138891901
2019-03-07,0.9968065940095461,0.9803105050543979,0.9591382888252047,0.9759831831832979,0.9432593520822292,0.9715304717412202,0.9339465800193527
2019-03-08,0.9979976044786552,0.9870291731567729,0.9725161715700402,0.9840099955626398,0.9590470396227799,0.9808523621629239,0.952183698875112
2019-03-11,0.9989016695889196,0.9921579647727551,0.982368874665085,0.9901457196354877,0.9707065340498969,0.9879877361840219,0.9656890954656256
2019-03-12,0.9973193523099211,0.983142948620838,0.9653272232828817,0.9793496408187723,0.9504993274402472,0.9754197621293169,0.9422358771622835
2019-03-13,0.9986260361212621,0.9905316444347513,0.9783998467587667,0.9881818660022528,0.9659455133826079,0.9856826764824216,0.9600997603831597
2019-03-14,0.9945951781136331,0.9675977492163639,0.9391585433946814,0.9607264773746168,0.9194553659656043,0.9537323993890549,0.9061894981171655
2019-03-15,0.9949575145689264,0.9696197223737185,0.9417942265828878,0.9631356146224676,0.9225518310735576,0.9565225979373629,0.9097499191123649
2019-03-18,0.9955788599211911,0.9730930424986198,0.9463135969651304,0.9672757263418389,0.9278642697831028,0.9613195639620304,0.9158617590590191
2019-03-19,0.9943596974644304,0.9662577809707472,0.9374457472941876,0.9591224473392892,0.9174303152641818,0.9518659778377927,0.903846276882026
2019-03-20,0.9988800104187471,0.9914538534156953,0.9695312778813434,0.9891344617014916,0.9551108810274253,0.9866150877036327,0.9471560283267013
2019-03-21,0.9966065306266402,0.9785099538147444,0.9560066746672425,0.9736381190890797,0.9391227482221456,0.9685820695914619,0.9286585608802286
2019-03-22,0.9958089033971584,0.9740177821398454,0.9514973341944851,0.9682743519901889,0.9338071064012313,0.962356837350114,0.9225260799646843
2019-03-25,0.9968089988647811,0.9796288716169899,0.9571075637602127,0.9749679554874535,0.9404142154897128,0.9701183162381382,0.9301412524556254
2019-03-26,0.997239000354256,0.9820528818033533,0.9595123403714262,0.9778629280518023,0.943249616060212,0.9734789841891758,0.9334130839813728
2019-03-27,0.9963428450079026,0.9769907462063128,0.9544975599269814,0.9718142826126351,0.9373338738276302,0.9664538679309759,0.9265833580086381
2019-03-28,0.9968536853316347,0.9798640508168234,0.957328467140939,0.9752439795299911,0.9406698763529904,0.9704331102231843,0.9304307226030624
2019-03-29,0.9930624537340771,0.9584878965244363,0.9362984356678392,0.9497135409817745,0.915872973992512,0.9407945302301833,0.9018159020142154
2019-04-01,0.986005200115097,0.9194163456134381,0.9011970984484813,0.9032568905407375,0.8746702571421606,0.8871041058386467,0.8544838548455982
2019-04-02,0.9864586293602419,0.9218416005497811,0.902939740432973,0.9061160455814606,0.8766998736803936,0.8903801353227865,0.856797092671511
2019-04-03,0.9837481373918867,0.9073124439151995,0.8925197200645867,0.8889784784148119,0.8645592222526505,0.8707335263828198,0.8429545516243063
2019-04-04,0.9844902481299909,0.9112385001363693,0.8952834585084342,0.8935945458024993,0.8677718108453367,0.8760084108194078,0.8466089115087024
2019-04-08,0.9836110762331732,0.9065707318008672,0.8920134019880979,0.88810168000495,0.8639683278149056,0.8697261849812082,0.842279732240482
2019-04-09,0.9904629990193651,0.9427954985796221,0.9173992937662451,0.93068581616398,0.8934736331218974,0.9183797295420725,0.8758384555900406
2019-04-10,0.9914510881964482,0.9481904835722287,0.9205992208079696,0.9370766434667421,0.897213401127984,0.9257371074805558,0.8801154011340105
2019-04-11,0.9906050874299489,0.9435495013007504,0.9178616962898357,0.9315727416689162,0.8940118207293859,0.9193935916895587,0.8764514044578153
2019-04-12,0.9889752135918153,0.9346445206825114,0.9126013261988053,0.9210224052667174,0.8878634002493041,0.9072457871021588,0.869419144279574
2019-04-15,0.9884413470597221,0.9317504535068913,0.9108950064832414,0.9176001406703597,0.8858713205346496,0.9033128668609356,0.8671433314156888
2019-04-16,0.9881425384468161,0.930134768574491,0.909941490442289,0.9156907632627034,0.8847585347470398,0.901119944307657,0.8658725273179665
2019-04-17,0.9870066029551487,0.9240014601213274,0.9063192711921058,0.9084450856402098,0.8805321671003461,0.892801165715723,0.8610470168456569
2019-04-18,0.986710042015631,0.922408952927822,0.9053784585438944,0.9065662505133517,0.8794353141572874,0.8906469383944589,0.8597956725017123
2019-04-19,0.9859268755086974,0.918209401326849,0.9028957880526622,0.9016133431462057,0.8765414771111744,0.8849700150842182,0.8564949256656774
2019-04-23,0.9861698522325695,0.9195074068974073,0.9036638521317121,0.9031427970684184,0.8774362514999021,0.8867214395531627,0.8575149549902084
2019-04-24,0.9854805891792899,0.9158209992007378,0.9014840071365011,0.8987978368864813,0.874896357909687,0.8817444884149002,0.8546190224485202
2019-04-25,0.9849205851806025,0.912835833070698,0.8997170616418919,0.8952822229888728,0.8728385587709949,0.8777207596532234,0.8522738989553513
2019-04-26,0.9841689151470039,0.9088397587517335,0.897346492835444,0.8905791460457034,0.8700788593738824,0.8723414656293428,0.8491301067480358
2019-04-29,0.9852738961079995,0.9146928773426928,0.9008237457679195,0.8974617657457046,0.874124767111059,0.8802067523329238,0.8537366843055836
2019-04-30,0.9836155579493072,0.9058619508651066,0.8956143614407287,0.887064283837544,0.8680587833269627,0.8683095813474973,0.8468247667044672
2019-05-06,0.9840105647829755,0.9079486320125343,0.896843657870704,0.8895163400024454,0.8694885525793931,0.871109830684074,0.8484520274879919
2019-05-07,0.9839766195058004,0.9077689702189362,0.8967375153811323,0.8893051226333851,0.869365066602124,0.8708685095247959,0.8483114460905933
2019-05-08,0.9843227473405477,0.9096006178737603,0.8978200074883346,0.8914583933827498,0.8706244061168413,0.873328578156405,0.8497450948459181
2019-05-09,0.9848652444835981,0.9124761984069931,0.8995170110022048,0.8948402649670378,0.8725991262132331,0.8771938540288706,0.8519936842733628
2019-05-10,0.9844892490084305,0.910477983446365,0.898340164919534,0.8924887517445106,0.8712291712028899,0.8745045229101278,0.8504331450233573
2019-05-13,0.9859333431328084,0.9181386899852669,0.9028556407958064,0.9014999672256437,0.876484215283824,0.8848057621429952,0.8564176870720936
2019-05-14,0.9859333431328084,0.9181386899852669,0.9028556407958064,0.9014999672256437,0.876484215283824,0.8848057621429952,0.8564176870720936
2019-05-15,0.9859333431328084,0.9181386899852669,0.9028556407958064,0.9014999672256437,0.876484215283824,0.8848057621429952,0.8564176870720936
2019-05-16,0.9858910888466742,0.9179129822942825,0.902722918154817,0.9012340263891522,0.8763296001344049,0.8845012433869404,0.8562414325116577
2019-05-17,0.9860469564866979,0.918745403979409,0.9032124375297678,0.9022147817697743,0.8768998486252516,0.8856242139098616,0.8568914719283922
2019-05-20,0.9860375360558223,0.918695055865717,0.9031827294211291,0.9021554511057488,0.876865237450889,0.88555626765208,0.8568520135757006
2019-05-21,0.9846528541109396,0.9112948668065467,0.898815262909394,0.8934350982230582,0.871776991936284,0.8755697141533497,0.8510512145855733
2019-05-22,0.9842514613562217,0.9091639810651654,0.8975569861152102,0.8909281492461705,0.8703124817474748,0.8727034249615562,0.8493832398042906
2019-05-23,0.9847117137893885,0.9116026177402445,0.8989983426920782,0.893795816824114,0.8719896083998021,0.8759805996759781,0.8512928341733135
2019-05-24,0.9851282213397391,0.913814358352022,0.9003027181913655,0.8963980618834013,0.8735078339539323,0.8789560393704464,0.8530220561841185
2019-05-27,0.9857290043031092,0.9170110274307441,0.9021848157625467,0.9001609547823268,0.8756991328663628,0.8832606600997052,0.8555186153866352
2019-05-28,0.9855020629254736,0.9158000234685542,0.901473734090767,0.8987344526571721,0.8748708853598717,0.8816276535405214,0.8545745947876462
2019-05-29,0.9865415270592652,0.921340759699001,0.9047324204309056,0.9052594368228568,0.8786659108107898,0.8890952366582071,0.8588994094047486
2019-05-30,0.9862208358553267,0.9196228243496617,0.9037280815340237,0.9032338967557715,0.8774954276955663,0.886774302337363,0.8575645655412464
2019-05-31,0.9867334786657774,0.9223648107307746,0.9053336155269618,0.9064656413079344,0.8793661435888976,0.8904759637077071,0.8596974954843879
2019-06-03,0.9875138198505707,0.9265489125586931,0.9077805246115492,0.9114000158668296,0.8822182135465658,0.8961311869878763,0.8629504866534641
2019-06-04,0.9879237959319194,0.9287553851805036,0.9090680446117926,0.9140044925289081,0.8837197310130346,0.8991188376817296,0.8646639982049112
2019-06-05,0.9879978392884182,0.9291546663701267,0.9093008267081419,0.9144760200896688,0.8839912804964288,0.8996599938815112,0.86497397458024
2019-06-06,0.9878869744193347,0.928556611790367,0.9089488705164481,0.9137696921659896,0.8835806887158842,0.8988492955998816,0.8645052560748874
2019-06-10,0.9876034835514034,0.9270281483487488,0.9080460443904755,0.9119647442920955,0.8825275341246153,0.8967779069752508,0.863303101433236
2019-06-11,0.9865162432067597,0.9211741752528663,0.9045697504182716,0.9050541229648075,0.8784732130917111,0.8888497774468517,0.8586760965134617
2019-06-12,0.9872347961036596,0.9250228491366059,0.9068631364064622,0.9095917119593787,0.8811458801672665,0.8940488486146075,0.8617239388916956
2019-06-13,0.9874481649837098,0.9261696234019532,0.9075473442615335,0.9109448846316712,0.8819436458831337,0.8956005736314719,0.8626341507747374
2019-06-14,0.9879110366882465,0.9286599236582354,0.9090404436155496,0.9138841211028369,0.883684817179075,0.8989719215944815,0.8646210420394027
2019-06-17,0.9878707711354754,0.9284428098792057,0.908905050954064,0.9136277299352118,0.8835268777516457,0.8986776794713607,0.8644407544814262
2019-06-18,0.9871694441465865,0.9246619513457596,0.9065455932786355,0.9091630966860388,0.8807745846213958,0.893554173325447,0.8612991106767592
2019-06-19,0.9862691869139624,0.9198249884410162,0.9035206108105878,0.9034560317419714,0.877247797622658,0.887010242609093,0.8572755065465275
2019-06-20,0.986550802035361,0.9213315280823242,0.9044661528314634,0.9052317073451815,0.8783494543801662,0.8890441540089153,0.8585315111216216
2019-06-21,0.9867545762906177,0.9224231208461173,0.9051987294373667,0.9065187285980207,0.8792031622962523,0.8905188282058574,0.8595050313997585
2019-06-24,0.9857142534274053,0.916844793080812,0.9014035209098041,0.8999401529150491,0.8747797013737023,0.8829792857662754,0.8544599501308637
2019-06-25,0.9854735315905705,0.9155604675098085,0.9005292413339545,0.8984273784614217,0.8737615531079752,0.881247644775883,0.8532997021269091
2019-06-26,0.9842015799225803,0.908782062231222,0.8958911223614068,0.8904455071150281,0.8683612486857227,0.8721135291617909,0.847146889426926
2019-06-27,0.9844402892316163,0.9100463906460415,0.896755916485839,0.8919320886882557,0.8693671124836833,0.8738121686336406,0.8482917279992817
2019-06-28,0.9837842954977153,0.9065679171581893,0.8943754736224004,0.8878410065341721,0.8665978255008043,0.8691362032208051,0.845139215778208
2019-07-01,0.9822963694145511,0.8987029543817825,0.88898119511477,0.8785980103915583,0.8603257348685448,0.8585798915984593,0.8380029704104446
2019-07-02,0.9833101002893806,0.9040229485812402,0.8927882165393811,0.8848391866950057,0.8647469017361289,0.8656953639902281,0.8430271637136109
2019-07-03,0.9841102611137573,0.9082426439004273,0.8965278616149183,0.8897953685444023,0.8690935269707655,0.8713524758516098,0.847970857248192
2019-07-04,0.9850726791047985,0.9133375562417814,0.9010287846036972,0.8957850843124369,0.8743293571584346,0.8781956364516766,0.8539308640299769
2019-07-05,0.9856695331111619,0.9165118419211923,0.9039404761976476,0.8995210232264085,0.8777198514242116,0.8824686473870558,0.8577941553093851
2019-07-08,0.9851605459513021,0.9137971007529071,0.9014479570633808,0.8963237267266204,0.8748155891434873,0.8788091817914284,0.8544827694799659
2019-07-09,0.9839640573884968,0.9074311075428427,0.8955822359648404,0.8888306093766182,0.8679846799800289,0.8702380333477929,0.8466986033525635
2019-07-10,0.9838608739446996,0.9068852751551564,0.8948010239615427,0.8881890366603221,0.8670761134317676,0.8695051890144776,0.8456646038829753
2019-07-11,0.9843206548883826,0.9093162724873066,0.8983452548297766,0.8910460928781953,0.8711974112542412,0.8727683037587243,0.8503540518364201
2019-07-12,0.9846853141806584,0.9112485989603494,0.9011748030867555,0.8933182949791344,0.8744902589916731,0.8753648289600181,0.8541037960880359
2019-07-15,0.9845511736673057,0.9105365428275654,0.9000934974895606,0.8924806406601785,0.8732311143171865,0.8744072061402588,0.852669039926429
2019-07-16,0.9841487281694132,0.908401625737848,0.896841109030723,0.8899695425341391,0.8694447252729048,0.8715369186559704,0.8483556043407267
2019-07-17,0.983636865244861,0.9056915233718122,0.8927219488416447,0.8867834074662333,0.8646527298174527,0.8678967490682221,0.842900549220091
2019-07-18,0.9847121108595844,0.9113704733123185,0.9014827311983556,0.8934558761147068,0.8748351178139334,0.8755155010273792,0.8544811489549934
2019-07-19,0.9841452047927459,0.9083608535221264,0.8969191615483568,0.889915323641052,0.8695207118635032,0.8714677988053514,0.8484252615329937
2019-07-22,0.9845585876071075,0.9105494540572354,0.9002476221461646,0.8924883131915866,0.8733928540397312,0.874407393611491,0.8528331616470365
2019-07-23,0.9846112197343171,0.9108286619887606,0.9006719104157811,0.8928167168578253,0.8738868119245885,0.8747827692377459,0.8533958800997549
2019-07-24,0.9855543883020218,0.915833339312458,0.9083363776707536,0.8987035666203088,0.882810652151545,0.8815120345095794,0.8635629060545744
2019-07-25,0.9855346212500659,0.9157279752247005,0.9081761450577361,0.8985794945944543,0.8826237763715086,0.8813700527861291,0.8633496377961616
2019-07-26,0.9858104262819894,0.9171979559370401,0.9104342623137305,0.9003104381427065,0.8852572760389308,0.8833508110662243,0.8663549607348257
2019-07-29,0.9866439557004797,0.9216463725900931,0.9174108877375217,0.9055502526277179,0.8933977101252935,0.8893487719275612,0.8756493469562115
2019-07-30,0.986817301401855,0.922575193084148,0.9189336067371502,0.9066453715254447,0.8951771444253864,0.8906035520106972,0.8776841114021353
2019-07-31,0.9864489744019608,0.9205999823928366,0.9156866231398761,0.9043160451210633,0.8913814941412388,0.8879340877337757,0.8733423872020579
2019-08-01,0.9859463811532696,0.917909514327637,0.911284199638932,0.9011445915210903,0.8862388105126525,0.8843010856765993,0.8674640090171204
2019-08-02,0.9870373149538506,0.9237353714083053,0.9207637975841352,0.9080079341716755,0.8973016876397973,0.8921586536889402,0.8800972732138929
2019-08-05,0.9894141438480856,0.9364946692445733,0.9412692794908062,0.9230584051551058,0.9212812622959677,0.9094110461649075,0.9075370425261615
2019-08-06,0.9908827100174777,0.9444679226864795,0.9530926468416643,0.9324890347328526,0.9351680175974646,0.9202507775471559,0.9234965577264705
2019-08-07,0.9906795514244725,0.9433571760346278,0.9514401606754617,0.9311730441544472,0.9332223277836452,0.9187356052224424,0.9212549168873243
2019-08-08,0.9914035351085407,0.9473116306168905,0.9573132351911535,0.9358571001258846,0.9401350705884766,0.9241273461693063,0.9292163616505764
2019-08-09,0.9917441654197849,0.9491786144275239,0.960074408295435,0.9380703908722849,0.9433890220549879,0.9266771545258167,0.9329685484836246
2019-08-12,0.9923014986178449,0.9522383088723964,0.9646007883411863,0.941699055134489,0.9487262799273962,0.9308591793400232,0.9391265694229959
2019-08-13,0.9933561742116823,0.9580437570495248,0.9731750944779453,0.9485884881834592,0.9588461176829615,0.9388043297773827,0.9508135826689026
2019-08-14,0.9913146559633835,0.9467497391835167,0.9566647322243058,0.9351694242784524,0.9393254001821496,0.9233102336954009,0.9282301981531368
2019-08-15,0.9921512347237604,0.9513326916812634,0.9631075783845388,0.9406016987705599,0.9469166854179313,0.9295675174032394,0.9369820856568284
2019-08-16,0.9923840004543871,0.9526129229762729,0.9649049524946907,0.9421206471781168,0.9490372753578786,0.93131883532999,0.9394301509948303
2019-08-19,0.9920651404759623,0.9508572178314614,0.9624353419528409,0.9400370062439386,0.9461224774344902,0.9289157923692078,0.936063977738571
2019-08-20,0.9924952947048888,0.9532221253898591,0.9657546219476957,0.9428426017586593,0.9500381009887855,0.9321502632363465,0.9405836390806724
2019-08-21,0.9917993271902479,0.9493879720215596,0.9603575660023169,0.9382917172908897,0.9436670307420549,0.9269011090603226,0.9332246936834825
2019-08-22,0.9925019598205573,0.9532459796757478,0.9657401823877269,0.9428672165394781,0.9500139137804474,0.9321743886365766,0.9405474524011129
2019-08-23,0.9925914820114113,0.9537391752443392,0.9664343535567208,0.9434526074369575,0.9508333543891532,0.9328495994451247,0.9414939401946296
2019-08-26,0.9895626087390534,0.9370453818146556,0.9428742821963283,0.9236361167048276,0.9230176606293368,0.9099901862159738,0.9093610487378846
2019-08-27,0.9899177619846127,0.9389744518274593,0.9452811561172493,0.9259178743700035,0.9258450837688162,0.9126129073135216,0.9126109033663663
2019-08-28,0.9896383347720167,0.9374541206138726,0.9433738604561702,0.9241188454278854,0.9236033884175323,0.9105441998628612,0.9100329758080182
2019-08-29,0.9891269427775566,0.9346754165765396,0.9398876306188733,0.9208318330265731,0.9195075865402497,0.9067656832355716,0.9053247493618108
2019-08-30,0.9891153463665391,0.9346125605037919,0.93980907632276,0.9207575229013785,0.9194153653824708,0.9066803123996261,0.9052188175412693
2019-09-02,0.9896963427701895,0.9377615627598856,0.9437451795990961,0.9244803072586125,0.9240361939186099,0.9109571580765857,0.9105265431002234
2019-09-03,0.9900880426300357,0.9398904797745955,0.9464022575627697,0.9269988261666744,0.9271580996129513,0.913852449565086,0.9141155161529441
2019-09-04,0.9897844177537335,0.9382371646435688,0.944310356550873,0.925042060498258,0.9246988624951997,0.9116019314878567,0.911286766727285
2019-09-05,0.9907784720783049,0.9436421807556913,0.9511711845553378,0.9314368622773371,0.9327608727961472,0.9189541369200173,0.9205560227682077
2019-09-06,0.9907889348181491,0.9436993406036868,0.9512431418006283,0.9315045669101536,0.9328455501757957,0.9190320670844304,0.9206535204082261
2019-09-09,0.9903487015367718,0.9412941459480347,0.9482095484740328,0.9286556301232131,0.9292756439197769,0.915752811404762,0.9165430637289145
2019-09-10,0.99012777625947,0.9400896717960819,0.9466952281953714,0.9272296677406394,0.9274947452300493,0.9141123031386387,0.9144938166507063
2019-09-11,0.9899069983229271,0.9388872729196702,0.9451756715302555,0.9258065270201971,0.9257082600593222,0.9124754607236472,0.912438799168758
2019-09-12,0.9896921644716917,0.9377184825466155,0.9436848290006711,0.9244235191290868,0.9239560965803155,0.910885185095396,0.910423910665187
2019-09-16,0.9900327925857881,0.939569743702611,0.9460447833419864,0.9266135359213398,0.9267288369711325,0.9134027860054508,0.9136113969022619
2019-09-17,0.9902153850544705,0.9405637225858088,0.947311687547803,0.927789862801294,0.9282180814744164,0.9147556012936396,0.9153242559531624
2019-09-18,0.9904264318817776,0.9417136018344012,0.9487986341999666,0.929150977993817,0.929966453150014,0.9163212601017395,0.9173356886191938
2019-09-19,0.9911704927943333,0.9457716758717155,0.9540534100623923,0.9339557043393178,0.936147025205747,0.9218493732260487,0.9244484210418192
2019-09-20,0.9918535903535683,0.9495105042204619,0.9589881979896967,0.9383862452230534,0.9419576269889721,0.9269513352756108,0.9311427419291416
2019-09-23,0.9907814156740027,0.9436229813793309,0.9512365803831333,0.9314039901415179,0.93282087805966,0.918904635435312,0.9206055867454082
2019-09-24,0.9909831273452018,0.944724943178666,0.9526706261301354,0.9327092211125363,0.9345084176355969,0.9204069694772428,0.9225486015274192
2019-09-25,0.9909732162272583,0.9446707460073055,0.9525977282768076,0.9326450116913484,0.9344226079267293,0.9203330465471362,0.9224497714227468
2019-09-26,0.9907002019235592,0.943177886956539,0.9505700184575132,0.9308763858888788,0.9320357814526946,0.918296888940171,0.9197008202492178
2019-09-27,0.9898191037145964,0.938366275708894,0.9440110238433105,0.9251777595528059,0.9243184528366977,0.9117383353726531,0.9108164270394746
2019-09-30,0.9897200683080374,0.9378277308271132,0.9432800406683006,0.9245405886398574,0.9234595714631002,0.911005767677662,0.9098290359459162
2019-10-08,0.9901209300103676,0.9400065446144391,0.9462463878295914,0.9271181218672372,0.9269443923777065,0.9139688669829878,0.9138346505315661
2019-10-09,0.9909794904003991,0.9446820476029552,0.9526371211114351,0.9326517985093831,0.9344568387616226,0.920333258668196,0.9224752150045352
2019-10-10,0.991579541624947,0.9479631831867084,0.9571980773357323,0.936539020049505,0.9398255357909145,0.9248084506084114,0.9286583844113883
2019-10-11,0.9925038399818091,0.9530318173709734,0.9642362236467629,0.9425480808773274,0.9481180258629595,0.9317312110422613,0.9382180014144889
2019-10-14,0.9914202151500541,0.9470632650233456,0.9559893327147082,0.9354646058558224,0.9383871830363728,0.9235619967852691,0.9269838931391851
2019-10-15,0.9915674639373182,0.9478701057326387,0.9570814061221188,0.9364209570783635,0.939673541768689,0.9246635434524411,0.9284664078428679
2019-10-16,0.9912761503989395,0.9462727483939583,0.9549170106381722,0.9345272812945147,0.9371235076873514,0.9224819941840173,0.925526850264811
2019-10-17,0.9921601030816806,0.9511129733697563,0.961480657545989,0.940263456994593,0.944853119050371,0.9290879421559656,0.9344331362913793
2019-10-18,0.9925004051373122,0.9529842145801779,0.9640177635190418,0.9424833317459359,0.9478449951404656,0.9316470142870416,0.9378851643920547
2019-10-21,0.9922348640962921,0.951521695562124,0.9620112927633067,0.9407476474282461,0.9454776239126448,0.9296453315330921,0.9351522533232695
2019-10-22,0.9923813066334239,0.9523272340792418,0.963120751547177,0.9417033483461664,0.9467860931117409,0.9307471573510656,0.9366621296057149
2019-10-23,0.9918333622828613,0.9493110424014597,0.9589608971627971,0.9381242956417029,0.9418789298832374,0.9266201761816462,0.9309983233961933
2019-10-24,0.990714586981156,0.9431687916130349,0.950549432002807,0.9308404515436052,0.9319649717724345,0.9182265659159804,0.9195656529106754
2019-10-25,0.9914437046624727,0.9471503523869456,0.9559345428684353,0.9355558719793856,0.9383007618242603,0.9236533409243284,0.9268590644381536
2019-10-28,0.9918755320052196,0.9495166853742744,0.9591235536368925,0.9383607107876377,0.9420569829034113,0.9268840211532575,0.9311878848402836
2019-10-29,0.9918996763314353,0.9496492645664361,0.9593021958828565,0.938517936593451,0.9422675391029087,0.9270652078046381,0.9314306995353707
2019-10-30,0.9921090810152006,0.9507992616354467,0.9608627262501639,0.9398817574269741,0.944106922498726,0.9286369156299911,0.9335519666992196
2019-10-31,0.9925255999099282,0.9530889636837705,0.9639708200174351,0.9425978502200556,0.9477715952074789,0.9317677790068658,0.9377796193677992
2019-11-01,0.9925981372347876,0.95348851090341,0.9645144179002957,0.9430720292710913,0.9484129506782775,0.9323146317514596,0.9385199789379535
2019-11-04,0.9925944523399274,0.9534682068866261,0.9644866552804632,0.9430479306268914,0.9483801916927752,0.9322868373686218,0.9384821587850811
2019-11-05,0.9918742415269355,0.9494998669792039,0.9589899099441606,0.9383379658343302,0.9418942488955098,0.9268545812648081,0.9309941999193287
2019-11-06,0.9910559751412775,0.9450067485958237,0.9523364292117854,0.9330096067129829,0.9340524038391929,0.9207142388554193,0.9219512551817062
2019-11-07,0.9914833874097937,0.9473445012793407,0.9558670373369931,0.9357792957740375,0.9382077920888188,0.9239029600578538,0.926736400315131
2019-11-08,0.992018049984363,0.9502748353630356,0.9602887589365939,0.9392527683638118,0.9434158306512748,0.9279039143699537,0.9327381539876463
2019-11-11,0.9923521360289956,0.9521105401632671,0.9630734352923761,0.9414300637120876,0.9466987278833879,0.9304133996777033,0.9365248518981687
2019-11-12,0.9916485046573817,0.9482381276670807,0.957193077031394,0.9368352961225439,0.9397622752958692,0.9251155670700748,0.9285192917542285
2019-11-13,0.9926857295533227,0.9539272783849865,0.965789143818387,0.9435801806092384,0.9498897107855534,0.932886158058319,0.9401932785924518
2019-11-14,0.9920955222636564,0.9506739873761372,0.9608561967758878,0.9397185769160493,0.9440676254955978,0.92843201327529,0.9334701826084331
2019-11-15,0.9912355415037201,0.9459470297328765,0.95321952861079,0.9341115949617909,0.9350637418274528,0.9219691012743871,0.923083568179844
2019-11-18,0.9920274890555828,0.9502821507676595,0.9601976930022673,0.9392486523616714,0.9432780450108861,0.9278844290107368,0.9325441385620995
2019-11-19,0.9898887857778904,0.9385306250652652,0.9414291237897129,0.925310554498525,0.9211526272097482,0.9118200624533014,0.9070248865681741
2019-11-20,0.9895176027771223,0.936511956700071,0.9384533917146737,0.9229222742300364,0.9176586582858717,0.9090743585072271,0.9030111077594876
2019-11-21,0.9908716362144702,0.943862747206526,0.949297549273022,0.931615222453157,0.9303832988441659,0.919063959988464,0.917619561138538
2019-11-22,0.9893047902688654,0.9353015874523208,0.9369041726161449,0.9214751378624989,0.9158075646078261,0.9073932432738644,0.9008478262903188
2019-11-25,0.9872016181274054,0.9238961687184128,0.9208835222142205,0.9079909612830468,0.8970156754176422,0.8919021118050655,0.8792820825173524
2019-11-26,0.9885002320326008,0.9308674436534993,0.930107450544396,0.9162124755752314,0.9077975058248603,0.9013239203003679,0.8916122074481414
2019-11-27,0.9897834030583671,0.9377986761203285,0.940235580732537,0.9243990095878035,0.9196597369914841,0.910719672538726,0.9052047341102158
2019-11-28,0.9900869934228663,0.9394486318288846,0.9425994947560125,0.9263506661149756,0.9224343563660108,0.9129629109066266,0.9083909107371175
2019-11-29,0.9906167517890222,0.9423319486218084,0.9467329255731561,0.9297624065864636,0.9272883609988678,0.9168857499894755,0.9139677006754532
2019-12-02,0.9894570473613093,0.936004036818073,0.9376474888737443,0.922270200236997,0.9166097594903934,0.9082658989529814,0.9016882989015332
2019-12-03,0.9920444234738748,0.9500436516839468,0.9573528081434067,0.9388705368649679,0.9397255954574585,0.9273388773608928,0.9282177552605344
2019-12-04,0.9921422390765406,0.9505809746824104,0.9580522058981157,0.9395077413527534,0.9405494196099526,0.9280731517359799,0.929167113503121
2019-12-05,0.9936388334476692,0.9588059412300473,0.9687755543472821,0.9492627269243349,0.9531823501722498,0.9393154542458466,0.9437271716397896
2019-12-06,0.9945281837864336,0.9637284884342316,0.9750633662983667,0.9551109892867434,0.960606275781538,0.9460669294401893,0.9523025021655037
2019-12-09,0.9936539163837698,0.9588689307411721,0.9688340857207655,0.9493316640787629,0.9532419716061107,0.9393882293369977,0.9437850831339948
2019-12-10,0.993322082757645,0.9570321414211926,0.9665055559637925,0.947149440161652,0.9504927054572067,0.9368689678443163,0.9406094265838006
2019-12-11,0.9926863726667259,0.9535188805986359,0.9620491363307018,0.9429770623985164,0.9452336014685263,0.9320540291840614,0.9345376038138574
2019-12-12,0.9913038594117253,0.9459015747237208,0.9524384306890382,0.9339373529222128,0.933902335864811,0.9216298655021652,0.9214673855942275
2019-12-13,0.993397383730825,0.9573601867775264,0.9665642022496834,0.9475137664886913,0.9505233674796341,0.9372602853211668,0.9406003944251513
2019-12-16,1.000431734736867,0.996246004906425,1.0126301273690097,0.9936968209008368,1.0048850806511826,0.9905574527790727,1.0033603002134341
2019-12-17,1.0007886108672543,0.9982845085352847,1.0143770610088363,0.9961367659329873,1.0069653674261103,0.9933950620974491,1.0057836187969023
2019-12-18,1.000624446608745,0.9973452061153509,1.0135724965608686,0.9950120280449491,1.0060069444891877,0.9920864794950741,1.0046667709477222
2019-12-19,0.9993759073918982,0.9902069613087143,1.0074607469971715,0.9864661732317728,0.9987275885181995,0.9821456299645461,0.9961855025552103
2019-12-20,1.0002826560661504,0.995360420999717,1.0118430478953944,0.9926269624715117,1.003940764103994,0.9893017370790006,1.0022520599768456
2019-12-23,1.0002204735081524,0.9950054923416309,1.0115419111405497,0.9922022177277943,1.0035822221767012,0.9888078615512964,1.0018344646720128
2019-12-24,0.9999200349682935,0.9932911394069734,1.0100767058893123,0.9901507901163962,1.001837811281864,0.9864227170056287,0.9998028628735326
2019-12-25,1.000732039001243,0.9979179778124475,1.0140281964158866,0.9956854425716546,1.0065409225573096,0.9928554995625314,1.005278680824063
2019-12-26,1.0004818309880843,0.9964868015935323,1.012809245044986,0.993971873290076,1.0050889813488635,0.9908620174368047,1.003586873670532
2019-12-27,1.0014576154176018,1.002061624591796,1.0175590080456138,1.0006447772361997,1.010745250162726,0.9986227148145429,1.0101759917629232
2019-12-30,1.001812331210724,1.0040975283152642,1.0192964365102837,1.003084407348179,1.0128162033606567,1.0014631983885574,1.012590743056905
2019-12-31,1.0011227537861853,1.0001330375145236,1.0159131533293206,0.9983318185290783,1.0087820748341583,0.9959274728883315,1.0078853074736343
2020-01-02,1.0034443172394003,1.0134365356824624,1.0272322850811635,1.0142672651394242,1.022269689018333,1.0144740525328304,1.0236068690737719
2020-01-03,1.004226827442988,1.0179697697412486,1.031006436605746,1.0197116051636714,1.026776791173953,1.0208270775429655,1.02887203302377
2020-01-06,1.0047117555561649,1.0207894202333692,1.0333502077106276,1.0231009753569158,1.0295777782741762,1.0247856683773613,1.032146519620949
2020-01-07,1.0043485305825182,1.0186725938884387,1.0315877697762497,1.0205550315351262,1.027470573666155,1.0218105095827832,1.0296819806553401
2020-01-08,1.0039889480203283,1.0165805843963527,1.029833900279062,1.0180399810751728,1.0253743301651659,1.0188726743870793,1.0272310995778204
2020-01-09,1.0031795058884299,1.0118793323103732,1.0258972250518659,1.0123903796665656,1.0206707766429095,1.0122760815511893,1.0217336836258843
2020-01-10,1.002864740454371,1.0100581561237019,1.0243766346107517,1.010203864505489,1.0188553641178475,1.0097254351951774,1.0196134967215378
2020-01-13,1.0034013563490698,1.0131583039598986,1.0269688816527573,1.013924578572112,1.0219492942774744,1.0140642124682808,1.0232257678083512
2020-01-14,1.0037523812118234,1.015191388122103,1.0286671673815255,1.0163661247679727,1.0239772761565782,1.0169130753108175,1.0255947019111766
2020-01-15,1.0042951622429162,1.0183403025045938,1.0312988868450905,1.0201491945760155,1.0271209412953453,1.02132903189248,1.0292681044208214
2020-01-16,1.005056322866455,1.0227674371330744,1.0349948294691942,1.0254711929073193,1.0315381050667396,1.0275452108635568,1.0344322350818709
2020-01-17,1.0044002487333101,1.0189378296584088,1.0317958379383072,1.02086351534212,1.0277121362004933,1.0221587148253621,1.0299560813745128
2020-01-20,1.004490633972937,1.0194637902957808,1.032237727343733,1.0214958609195286,1.0282403047642148,1.0228973873202827,1.0305736234590515
2020-01-21,1.0051481110668548,1.0232913448955474,1.035456991423783,1.026098081677134,1.0320884614332857,1.028274011671313,1.035073327339223
2020-01-22,1.0052292116668828,1.0237649410439988,1.0358547954845037,1.0266679558602858,1.0325642733513642,1.0289402747639045,1.0356300466685986
2020-01-23,1.005531418899712,1.0255303887628884,1.037337730606892,1.0287925005029832,1.0343381426238736,1.0314243961313974,1.0377057053877363
2020-02-03,1.0097444733061502,1.0501774310865366,1.058034051681788,1.0584630310850018,1.0591019128037908,1.0661285701208822,1.0666908331400522
2020-02-04,1.009314758398361,1.0476138534694046,1.0560343398607872,1.05536246687016,1.056699836676303,1.0624850480246906,1.0638683304323273
2020-02-05,1.0083793185555958,1.0420444930081212,1.051695946804026,1.0486298021855411,1.051490484220827,1.0545772611272497,1.0577495231877354
2020-02-06,1.008624029946769,1.0434950385655861,1.0528208541810455,1.0503814571037622,1.0528401093547763,1.0566324490966255,1.059333458490904
2020-02-07,1.0091757884237238,1.0467693874074977,1.055369853133796,1.054336606114181,1.0558989640408338,1.0612742503045107,1.0629241318821243
2020-02-10,1.0087724260791542,1.0443694804885948,1.0534936250051676,1.0514358987610941,1.0536463615074865,1.0578678236115653,1.0602786105907223
2020-02-11,1.010202291392214,1.0528607173291569,1.0601223992033628,1.06169432711142,1.0616020438004654,1.0699092026117736,1.0696186637832097
2020-02-12,1.009793563713103,1.050417222205586,1.0582278617450078,1.0587375315524399,1.0593254257352034,1.0664329165022222,1.0669425523486227
2020-02-13,1.0088211781075402,1.0446151569216007,1.0537360767414936,1.05171990372211,1.0539296932282414,1.0581861755116633,1.0606022664600174
2020-02-14,1.0081154903934266,1.0404236562203726,1.0504946461589946,1.0466558936685655,1.0500392618215484,1.0522418396534121,1.0560346938224712
2020-02-17,1.0077484858473127,1.0382510239365739,1.0488153015050086,1.0440331177971975,1.0480249218220867,1.049165603921422,1.053671212282065
2020-02-18,1.0066180676437797,1.0315705971196716,1.0436418394600238,1.0359719610899243,1.0418214457887398,1.039714687501492,1.0463948317567835
2020-02-19,1.0069408484233617,1.0334679877617658,1.045109569203006,1.0382585444918933,1.0435796493390903,1.0423920058485159,1.0484550737508889
2020-02-20,1.008191687935646,1.040831915454508,1.050810347116354,1.0471362195880347,1.0504105684975191,1.0527905273598204,1.0564617111267083
2020-02-21,1.008497220029068,1.0426412096016977,1.0522383641977262,1.0493205232074143,1.052123537051799,1.0553526421408144,1.05847168706844
2020-02-24,1.0071981392988285,1.0349373000392335,1.0461478667066548,1.04001660887326,1.0448157376245122,1.0444356769073635,1.0498944795427232
2020-02-25,1.0067539186836632,1.0323190405365945,1.044086630934179,1.0368592774650889,1.0423454043465021,1.040736472047131,1.0469984146761768
2020-02-26,1.005723028457582,1.026255617275287,1.039249267898978,1.0295511685396739,1.0365502494470822,1.0321784626721318,1.0402072195869803
2020-02-27,1.0055792075651209,1.0254138074572519,1.038564340783482,1.028537752855795,1.035730471485028,1.0309931272362993,1.0392474377392447
2020-02-28,1.0044741179687344,1.0189498986469612,1.033284087969572,1.0207574313574286,1.0294114576058662,1.0218944163412076,1.0318502216123513
2020-03-02,1.0056181351279052,1.0256066367766319,1.0387087289721328,1.0287596873154314,1.0358966296894596,1.031240780621438,1.0394341802933782
2020-03-03,1.0054858443321284,1.0248327236568069,1.0380810846155053,1.027828136456912,1.035145495529664,1.0301513501929633,1.0385548644940497
2020-03-04,1.0065083886833894,1.0308109730972437,1.0429286357828342,1.0350230038804034,1.0409461068648396,1.0385643352850418,1.0453445335174567
2020-03-05,1.0066822134549227,1.031832119838761,1.0437613583203302,1.0362533870199604,1.0419434743783178,1.0400046936633622,1.0465130456204892
2020-03-06,1.0057105963251431,1.0261196138965254,1.0389820267875503,1.0293690070703172,1.036218265339557,1.0319438414863564,1.0398043416989071
2020-03-09,1.0045735868233427,1.019465290376528,1.0334471327791337,1.0213585323049121,1.0295940603538676,1.022574910890146,1.0320493571646459
2020-03-10,1.004617400249953,1.0197203329979752,1.0336594309770755,1.0216651518161115,1.029847868360131,1.0229330596802089,1.0323461726440921
2020-03-11,1.0064084132042328,1.0301481635309238,1.04235979787645,1.0342024141063344,1.0402498100868782,1.0375780178582505,1.0445112110310102
2020-03-12,1.0052167949448432,1.023151718315831,1.036570930196505,1.0257736376008533,1.033317230549238,1.0277123488006783,1.036390068902856
2020-03-13,1.003545903808348,1.0133963580721626,1.0285508804870611,1.0140372065115604,1.0237233799251708,1.013993967045636,1.0251639583875258
2020-03-16,1.0035646143650168,1.0135047367028633,1.0286390301723924,1.0141673431117713,1.0238286630712188,1.0141457866052155,1.0252869615708229
2020-03-17,1.0037751650385207,1.0147244336377594,1.029642372389114,1.0156319363258761,1.0250270432495523,1.015854442369448,1.0266870631882736
2020-03-18,1.0033790838487568,1.0124276994035728,1.0277204204659007,1.0128733903874911,1.0227310390252338,1.0126354337042809,1.024004053514268
2020-03-19,1.0033375054759144,1.012187051923225,1.0274458142417673,1.0125844862856557,1.0224031113476226,1.0122984581038648,1.0236209950156274
2020-03-20,1.0018257638413983,1.0034391046020126,1.0174558266824014,1.002082827651545,1.0104739632935535,1.0000499838764823,1.0096870773242486
2020-03-23,1.002641751134404,1.0081272068562444,1.0226963010557726,1.007700946469153,1.0167193798756553,1.006591159307214,1.0169677225975993
2020-03-24,1.0039869335336205,1.0158854892052676,1.0314516043563813,1.017006948822327,1.0271643417278438,1.0174362051696353,1.0291564879121027
2020-03-25,1.0036992029891827,1.0142154851791119,1.0295803757352804,1.0150007317234016,1.0249282007707334,1.0150946306439015,1.0265425970667206
2020-03-26,1.0052043369088146,1.0229395052360508,1.039345120739725,1.0254776611776573,1.0365929481931884,1.027318845779219,1.0401729048172519
2020-03-27,1.005008445770607,1.0217960340076366,1.0380843608564505,1.024102091035021,1.0350840425044556,1.0257111325653285,1.0384064351995552
2020-03-30,1.0011404101885675,0.9992380743221485,1.013119650274731,0.9969714470538139,1.0052129747686187,0.994008983163495,1.0034449966711971
2020-03-31,1.0018244618985233,1.0031543907050324,1.0169869179136692,1.001660366395499,1.0098174784200986,0.9994631339527279,1.0088074694125362
2020-04-01,1.0017388007355343,1.0026623795296146,1.0164995596527395,1.0010708323032724,1.0092367713748411,0.9987768529074263,1.0081306554797864
2020-04-02,1.0043330584459356,1.0175569572547039,1.031264886309263,1.0189159545990418,1.026828567213748,1.0195484542730626,1.028631923403581
2020-04-03,1.003948886148425,1.0153243009688495,1.029137224582007,1.0162331888693312,1.0242863565302451,1.016416618017105,1.0256608020888922
2020-04-07,1.0066012392850179,1.0307107845922312,1.0442861119381357,1.0347134974404797,1.0423793356955435,1.0379808696417552,1.0467976023322734
2020-04-08,1.0066717930027318,1.031125179220446,1.0446779446831287,1.035212702130863,1.0428486764462366,1.0385651142079317,1.0473474874668154
2020-04-09,1.006522771461378,1.0302496162262453,1.0438490690079785,1.0341578615143656,1.0418557673050015,1.037330481518176,1.0461840961993987
2020-04-10,1.005364114000333,1.0234467994561076,1.0374037439708481,1.0259635136602414,1.03413614661102,1.0277410803491915,1.0371404562245836
2020-04-13,1.0046252835973761,1.019132587224413,1.0333454028577247,1.0207737283087124,1.0292814767510934,1.0216758404177175,1.0314602206468166
2020-04-14,1.0051894362168636,1.0224153390239876,1.0364365206858117,1.0247193740496934,1.0329762300997098,1.0262831619223578,1.0357798906191815
2020-04-15,1.0058806436388612,1.026448101912861,1.0402293009079806,1.0295695950181565,1.0375123710835112,1.031950388427349,1.0410864188699285
2020-04-16,1.0055112198412286,1.02428573061632,1.0381983239145653,1.0269668583741003,1.0350815642363498,1.0289068406305109,1.038240708228774
2020-04-17,1.0054202056917894,1.0237539188145037,1.0376989425059402,1.026327013753757,1.0344841055685594,1.02815894509878,1.0375415457146435
2020-04-20,1.0054385394668017,1.0238610003820787,1.037799651850695,1.0264558346003967,1.0346045823798926,1.0283095043468058,1.0376825174116573
2020-04-21,1.0055307776379983,1.02439977981721,1.03830807426345,1.0271040084769834,1.0352128109416383,1.0290670728245184,1.0383942284509986
2020-04-22,1.0041943406301437,1.0165900239855632,1.0309189098920577,1.0177075618810942,1.0263722467865206,1.0180835995516002,1.0280485399630404
2020-04-23,1.0054704443675366,1.0240002065724951,1.0378583823976226,1.0266095562060915,1.0346628875948796,1.0284730970450005,1.0377367514339984
2020-04-24,1.0052101061671013,1.0224793667070449,1.0364449420563688,1.0247798978962877,1.0329719814484593,1.0263346208737207,1.0357581668620204
2020-04-27,1.0056844107025138,1.025246753337814,1.03901626483285,1.0281082336432115,1.036047229472454,1.0302235703443672,1.0393556333942342
2020-04-28,1.006179293443624,1.0281406555193238,1.0417024479163521,1.0315906085744935,1.0392614381069638,1.0342947002642022,1.0431175180350503
2020-04-29,1.0065762394395052,1.0304672646974882,1.0441262816363002,1.0343919079863586,1.0421632228796467,1.0375714497454143,1.046515494863073
2020-04-30,1.0060271011509896,1.0272426033967679,1.0407681275114946,1.030507576670187,1.0381410143167331,1.0330258001537294,1.04180332111304
2020-05-06,1.005863040774781,1.0262816951953782,1.0397635702703834,1.0293508218641747,1.0369385884787476,1.0316729550278891,1.040395542128151
2020-05-07,1.0048051740805468,1.020090513771923,1.0332881421261875,1.0218991862560811,1.029189186774406,1.0229597681418583,1.0313244326239233
2020-05-08,1.004575490804432,1.0187529913389572,1.0318959348618875,1.0202913135419711,1.027525165361113,1.0210819697825806,1.029379046596757
2020-05-11,1.004438658910566,1.017957036346399,1.0310669538009363,1.0193347252755924,1.0265346016351118,1.0199650852992987,1.0282213038559678
2020-05-12,1.0039297532686,1.01499862779434,1.0279331544575587,1.0157798303702168,1.0227905730456595,1.015815143157562,1.0238460933723137
2020-05-13,1.0044352460069608,1.0179301413391866,1.0310362978875793,1.0193003541420962,1.0264957157389605,1.0199225636777032,1.0281732208415582
2020-05-14,1.0049796153574664,1.0210946373315846,1.0343975238617327,1.0231028609209862,1.0305114238988007,1.024361529602708,1.0328658699365154
2020-05-15,1.0046338090600428,1.0190792594178693,1.0322558307839047,1.020679650964956,1.0279510474876734,1.0215309733175995,1.0298719393768279
2020-05-18,1.0032557286370727,1.011060824825128,1.0237348648081843,1.0110424185957136,1.0177685299692822,1.010278157694446,1.0179701366547633
2020-05-19,1.0022530888304066,1.0052648641206703,1.0176062792314873,1.0040873923680076,1.0104570882111417,1.002170094062355,1.0094384315853542
2020-05-20,1.0028317025782205,1.0085938097553746,1.0211060842603277,1.0080774480768884,1.014627348797292,1.0068162702399037,1.0142988308181193
2020-05-21,1.0017635081525462,1.0024313598034966,1.0145607114837971,1.0006862940626904,1.006822736528879,0.9982040452366268,1.0051963979959333
2020-05-22,1.0022769100395157,1.0053782350599227,1.0176712872284206,1.0042163883486424,1.010526958481809,1.0023122725802809,1.0095110095300843
2020-05-25,1.0028164400102355,1.008482595802788,1.0209751443554689,1.007937316243779,1.0144637542653834,1.0066451239068932,1.0140993203724333
2020-05-26,1.003642176776573,1.0132458464942966,1.026035947973205,1.013650126525575,1.0204979875562117,1.0133015246653325,1.0211367301984426
2020-05-27,1.0042472107782083,1.0167495759531837,1.0297648470196354,1.0178562794409018,1.0249485146320314,1.0182070154511909,1.026332261701844
2020-05-28,1.0045854778688215,1.0187140575663238,1.0318497339498425,1.020216223316647,1.0274386774319866,1.0209612320356323,1.0292413738302402
2020-05-29,1.0022050692284374,1.004867820092828,1.017031018022923,1.0035762376436088,1.009732236590164,1.0015337389221302,1.0085476147952936
2020-06-01,1.002691189454681,1.0076636509207308,1.0199284955897077,1.0069269223731832,1.0131842569735738,1.0054349151614952,1.0125702469982114
2020-06-02,1.0018544181190132,1.0028400647327596,1.0149395188776984,1.0011428509236064,1.0072370722230275,0.9986968307308979,1.0056360695879827
2020-06-03,1.002820607335607,1.0083876514425993,1.0207006320256657,1.007788688444167,1.0140979422141625,1.0064313643262603,1.013627695004807
2020-06-04,1.0030102565046746,1.009481532413732,1.0218283739851073,1.0091005659162502,1.015442478425312,1.0079598266822383,1.0151955931973422
2020-06-05,1.0031762509290234,1.010439832129475,1.0228219605832625,1.010250091593846,1.016627331064108,1.0092994239092545,1.0165775851895615
2020-06-08,1.002609392033457,1.0071647436557714,1.0193966749789958,1.0063207234212979,1.0125418822612542,1.004719474934052,1.0118114614815232
2020-06-09,1.0029635666959416,1.0092055466801453,1.0215263133878636,1.0087676347796843,1.01508026379925,1.007569662431591,1.014770770301446
2020-06-10,1.0035307291225881,1.0124790800916388,1.025026745803232,1.01269417034154,1.01925427652476,1.0121451804232608,1.019638967070114
2020-06-11,1.002814815810878,1.0083359299172798,1.0205627585750452,1.007721333931279,1.013927658746666,1.0063466830631824,1.0134222342063153
2020-06-12,1.0015342542144594,1.000950091049089,1.0124628808662333,0.9988637294259249,1.0042709982748725,0.9960269077615587,1.002161746270921
2020-06-15,1.0014871275444406,1.0006799265849784,1.0121705476368097,0.9985402078198913,1.0039230367370935,0.9956505378411661,1.001756643763639
2020-06-16,1.0019990987816212,1.003614265232685,1.0153471405565249,1.0020538849251301,1.0077038874854782,0.9997379648847711,1.006158117702
2020-06-17,1.002378427365701,1.0057936299675814,1.0177038832174763,1.004665056537481,1.01051068958858,1.0027772910844863,1.009427697071369
2020-06-18,1.0017219631514234,1.0020152721833855,1.01362255299496,1.0001361147063417,1.0056477098331469,0.9975034538091513,1.0037603011130587
2020-06-19,1.0024075399937797,1.0059489441316867,1.017934121686333,1.0048476684977292,1.0107808858866467,1.0029857972912477,1.0097377668523408
2020-06-22,1.0027044095580968,1.0076578264018616,1.019810813914309,1.006896082236744,1.0130170910700482,1.005371185256231,1.0123439805262562
2020-06-23,1.0031501793704984,1.0102274272481429,1.022674637473254,1.0099772722485618,1.016430785655088,1.0089604628989806,1.0163239778966342
2020-06-24,1.0031507455404525,1.01023069775356,1.0226782791444533,1.0099811958832419,1.0164351289798357,1.0089650358642346,1.016329044576371
2020-06-29,1.0026678815082202,1.0074414051698501,1.0195095238235141,1.0066348714459092,1.012655835778022,1.005064918616537,1.0119203293558534
2020-06-30,1.0027258614218673,1.0077755656692742,1.0198884360030631,1.0070355430200422,1.0131074736931975,1.005531639748713,1.0124468575539654
2020-07-01,1.0028186423525702,1.0083104442260538,1.0205937570217156,1.0076769259662761,1.0139482315292019,1.006278802373827,1.013427102091672
2020-07-02,1.0037881886779152,1.0139022913018747,1.0280070198615299,1.0143829264494846,1.0227862218005426,1.0140916144844534,1.023732791299696
2020-07-03,1.0040713917991047,1.0155431338657475,1.0301634591133182,1.016352870925669,1.0253608069684643,1.0163892230198934,1.0267392538477034
2020-07-06,1.004323517714391,1.017005870448801,1.0322555002780704,1.0181095543901346,1.0278595525777268,1.0184387603653557,1.029658376120698
2020-07-07,1.0034641539110785,1.012014247888684,1.0251036726345155,1.0121131068556222,1.0193139074038287,1.0114406427968392,1.0196710087198133
2020-07-08,1.003901303417072,1.0145431359732717,1.0290953185743803,1.0151480689995116,1.0240768288470572,1.0149790794080256,1.0252296971245591
2020-07-09,1.0036031922569264,1.0128150211799731,1.0263740515543391,1.0130730947575417,1.0208272330710035,1.012558679111824,1.0214342340636022
2020-07-10,1.0026285259607384,1.007172945559771,1.0175056840711068,1.0063008788367056,1.010242704719701,1.004661772445591,1.0090782749593392
2020-07-13,1.002511095756498,1.0064963040055543,1.016438797127993,1.005489612020613,1.0089715789446831,1.0037168361577038,1.0075970042065734
2020-07-14,1.0019798047546804,1.0034366641369206,1.011576510844538,1.0018217164599135,1.003179700064152,0.9994451693357717,1.0008490178552993
2020-07-15,1.0023333414658504,1.0054675259296986,1.0148055882966514,1.004254828407901,1.0070224286152811,1.0022770660695597,1.005321785408353
2020-07-16,1.003448671508565,1.0118851478295896,1.0250911141148142,1.0119466863112014,1.0192703964725063,1.0112332273739506,1.019586949709852
2020-07-17,1.0032071083532763,1.0104878737350136,1.0228911802985003,1.010269855426304,1.0166454660065694,1.009278303938914,1.0165235797422112
2020-07-20,1.003827754200807,1.0140737823196133,1.0285289292331907,1.0145720173124573,1.0233694562061098,1.0142925666131948,1.0243672944743585
2020-07-21,1.0019999085241844,1.0034821051313971,1.011961753958515,1.0018557599999094,1.0035885742067794,0.9994610193646698,1.0012670968589192
2020-07-22,1.003293180245657,1.0109113827288527,1.0229526757730163,1.0107564443456551,1.0166685510061622,1.0098203298614061,1.0164917707831513
2020-07-23,1.0027351313988122,1.0076860665436664,1.0181713027616563,1.0068866581211544,1.0109661504712333,1.0053097606131538,1.009840126960443
2020-07-24,1.0039625538847985,1.0147614169340402,1.0288754254258026,1.0153703430458076,1.023720199603742,1.0151918922220955,1.0247032777732574
2020-07-27,1.0055589007985393,1.0240166756429283,1.0425994514957062,1.0264833180407948,1.040106513080129,1.028154751099897,1.0438390018956973
2020-07-28,1.0048513357579474,1.019883529744444,1.0366499109041676,1.021511595899853,1.0329841353613802,1.0223449638463966,1.0354997422639562
2020-07-29,1.0038309272968406,1.0139428290844814,1.0281396280732167,1.014371375157068,1.022807908583941,1.0140079103358501,1.0235985653868949
2020-07-30,1.0036875977809607,1.0131123984064325,1.0269655893942526,1.0133744371624958,1.021406368155338,1.0128452327633852,1.021962170888953
2020-07-31,1.0029717680038148,1.008967788247415,1.0210883716656765,1.0083996185811512,1.0143918846980557,1.007044308693206,1.0137741537333675
2020-08-03,0.9995247642635995,0.9890773110752451,0.993095933491837,0.9845444868386561,0.9810212544124898,0.9792507270809456,0.9748654602732163
2020-08-04,0.9992393425450373,0.9874572232737708,0.991098216319806,0.9826092910816303,0.97865314119405,0.9770051381915132,0.9721199977588505
2020-08-05,1.000955487410928,0.9971850889665369,1.0030866308364523,0.9942254190355063,0.9928585944960057,0.9904799949833278,0.9885823909118326
2020-08-06,1.0011939912371526,0.9985480116388459,1.0047156599814204,0.9958560720165619,0.9947934968713875,0.992375256674658,0.9908300545417592
2020-08-07,1.002709077967221,1.0072156955559506,1.0150910683295409,1.00622925254496,1.0071210309149432,1.0044350003549365,1.0051548765391707
2020-08-10,1.004125837741319,1.0153788612144714,1.0246793291494773,1.016015457563666,1.0185366046575592,1.0158318809557925,1.0184470454784247
2020-08-11,1.0044507493105737,1.0172634647676753,1.0268599825996874,1.0182783997003313,1.0211377017593681,1.0184715030944926,1.0214813919325405
2020-08-12,1.0045944074552196,1.0180980100521593,1.0278259128669727,1.0192808532037088,1.022290358787484,1.019641253967907,1.0228266110811275
2020-08-13,1.004575624936675,1.0179888239120796,1.0276972537656264,1.0191496776104911,1.0221367993678625,1.0194881616640594,1.0226473644486438
2020-08-14,1.0052386284642887,1.021842640728198,1.0322850459800825,1.0237795313850622,1.0276123627983182,1.024891451700799,1.0290387127171974
2020-08-17,1.004431490127799,1.0171363615902942,1.026683886178082,1.0181212915837516,1.0209213957082197,1.0182830023254184,1.0212217493573705
2020-08-18,1.0037139799435397,1.0129686103974194,1.0217027952664728,1.0131151472109106,1.0149776355840863,1.0124415728956546,1.0142853224589636
2020-08-19,1.0036602585693555,1.0126576192817398,1.021332605484526,1.0127419038862402,1.0145363318883283,1.012006411861525,1.0137708193277892
2020-08-20,1.0048377756384643,1.019472495508657,1.0294653155214575,1.0209204360100899,1.0242306427502814,1.0215411031815829,1.025072314749075
2020-08-21,1.0064926178562779,1.0291030436445248,1.0408953471281797,1.0324935075095587,1.037876936735363,1.0350512284026354,1.041006074043483
2020-08-24,1.0079729295520217,1.037784973919035,1.0509945356404178,1.0429461478313715,1.0499608199409287,1.0472761846025498,1.0551464420049874
2020-08-25,1.0087420818963677,1.0423273776518187,1.056192070297798,1.0484241409733743,1.0561917270280439,1.053693710311292,1.062451736201048
2020-08-26,1.0089717628584514,1.0436887090438502,1.0578345388078552,1.0500672938551334,1.058162688599536,1.0556203572541465,1.064764820153234
2020-08-27,1.0088822139959552,1.0431573759080048,1.057192494606232,1.0494257973515209,1.0573919965561227,1.0548679868416369,1.0638600694806961
2020-08-28,1.0076170605047052,1.0356538145159264,1.0480480426241259,1.040367416234286,1.0464165834069339,1.0442450706492643,1.0509770946970567
2020-08-31,1.0061803714268,1.0271835545149886,1.0378518389933111,1.0301568431004895,1.0342001855322365,1.0322883357048525,1.0366625151680198
2020-09-01,1.0059366458069594,1.0257563432834873,1.0361730214522886,1.028439232170815,1.0321926927316252,1.030280310069565,1.0343148639822959
2020-09-02,1.0062551692845907,1.0276194163386752,1.0383625433444539,1.030680767328635,1.0348100260736972,1.0329001159294748,1.0373746976082183
2020-09-03,1.0057747663575642,1.0248052829672611,1.0350444270563715,1.0272937470798953,1.0308419091288852,1.028940083552602,1.032733754168706
2020-09-04,1.0074338219667291,1.0345018145800076,1.0464512404008324,1.0389578395193428,1.044474508006043,1.0425699996928293,1.048667641840138
2020-09-07,1.009419730880213,1.0461992029468588,1.059943021116354,1.0530551681167717,1.0606340619127177,1.0590740641805079,1.067596140989751
2020-09-08,1.009512075027069,1.0467481959671812,1.0605610233938099,1.0537182769423363,1.0613761481412236,1.0598521129255678,1.0684675912156092
2020-09-09,1.010920815881874,1.0551268964778298,1.0701575810008355,1.0638396680074782,1.0729008681228418,1.0717291401452866,1.08200293221894
2020-09-10,1.0118088752833407,1.0604436242663449,1.0761714799411475,1.070272425179304,1.0801360463901353,1.0792896799896126,1.0905155839668823
2020-09-11,1.0107052810338095,1.0538090450482067,1.0686882435470353,1.0622371384060876,1.071123081236982,1.0698361967451546,1.0798994131411817
2020-09-14,1.0103260128743434,1.051540754801023,1.0661640165286352,1.059493420667966,1.0680871075509053,1.0666122932954833,1.076328422434424
2020-09-15,1.0110459227885056,1.0558386674374987,1.0709607787814959,1.064689921296395,1.073853604833695,1.072715612644451,1.083107912321275
2020-09-16,1.011739712369362,1.0599946078170404,1.075599758227704,1.0697188575974443,1.0794354168661333,1.0786269314614094,1.08967614677016
2020-09-17,1.011240854505929,1.056996642973151,1.0722596539984488,1.0660882962671065,1.075412998556531,1.074356004199247,1.0849388040644683
2020-09-18,1.0112937621695413,1.057313857040913,1.0726120410715891,1.0664722273313731,1.0758371066212882,1.0748073974717,1.0854379795874727
2020-09-21,1.010535309210759,1.0527653371322951,1.0675585550188693,1.0609667247307575,1.069754689935519,1.068334110530567,1.0782785000429016
2020-09-22,1.010421110831635,1.0520829122107325,1.0668032368241274,1.060141435247868,1.0688464435326361,1.0673645868255082,1.077210436176284
2020-09-23,1.0098256195545217,1.0485262893622245,1.062868712248623,1.0558407971051995,1.0641159712719341,1.0623129901059103,1.0716483652123447
2020-09-24,1.0100117621926274,1.0496349373122267,1.0640896281591588,1.0571804553441375,1.065582789634363,1.0638855053427398,1.0733717667334481
2020-09-25,1.0094306193755627,1.046170684524363,1.0602509527960893,1.05299346780074,1.0609699153497525,1.05896970511966,1.067950742125866
2020-09-28,1.0095218304728157,1.046712920847618,1.060849519449996,1.0536483949343383,1.061688682404422,1.0597381233012926,1.0687948211439438
2020-09-29,1.0098472726090963,1.0486484535207583,1.0629866986640588,1.0559864238480305,1.064255326146713,1.0624815888786026,1.0718092812040696
2020-09-30,1.0101754180119562,1.0506030423063102,1.065160839937574,1.0583483431907637,1.0668674093643582,1.0652541104306126,1.0748783419156884
2020-10-09,1.0099242496150664,1.0491046632081429,1.0634929916284122,1.0565370325752501,1.064862784780248,1.0631271260219983,1.0725220521038008
2020-10-12,1.009940840217989,1.0492035201202372,1.063603048050367,1.056656501290489,1.0649950225915605,1.063267375566147,1.0726774392258902
2020-10-13,1.0100153975228459,1.0496478124945918,1.064102643951395,1.057193439358461,1.0655953222791674,1.063897722499728,1.0733828408828736
2020-10-14,1.0107839344833016,1.0542291809719704,1.0692569844828155,1.0627306025553898,1.071789207266789,1.0703987130256871,1.0806618501020682
2020-10-15,1.0117491580435227,1.0600037485912168,1.0757597674868373,1.0697159638065445,1.0796110268017212,1.0786071043349765,1.089862849917349
2020-10-16,1.0125404732427197,1.0647592784342463,1.081090351778123,1.0754748862966297,1.0860306283753467,1.085381691304636,1.0974235045804217
2020-10-19,1.012643105488726,1.065378345540933,1.0817877474701807,1.076225243083925,1.0868713274866755,1.0862651715087106,1.0984146093409792
2020-10-20,1.0122878861197562,1.0632346705173867,1.079369487673516,1.073626642671632,1.0839557789515157,1.0832051887921474,1.0949770101867362
2020-10-21,1.0116426242685734,1.0593471209961394,1.0749860297535108,1.0689159873217433,1.0786732788270157,1.0776603928013682,1.0887514312878723
2020-10-22,1.0105389741621624,1.0527179772695447,1.0672934029260275,1.060889159207143,1.0694104633784876,1.0682191514112283,1.0778438459502389
2020-10-23,1.0106705484417635,1.053504198608325,1.0682033230045584,1.061839947980272,1.0705045333504197,1.0693360691358746,1.079130326739839
2020-10-26,1.009806768959291,1.0483395069448445,1.0621997754195787,1.055593279840331,1.0632847562527463,1.0619968411340985,1.0706393829481116
2020-10-27,1.0093585069507387,1.0456701265759794,1.0590906787695153,1.0523678591135015,1.0595500293395275,1.0582110227984962,1.066252063392627
2020-10-28,1.0087479653522884,1.0420420255878466,1.054785652029866,1.047986251446811,1.0543817566319222,1.0530707640267785,1.0601842721915726
2020-10-29,1.0084452704263818,1.040248438131341,1.052655773757984,1.0458216688879167,1.0518268813856797,1.0505331654909151,1.0571871809648756
2020-10-30,1.0074463539916885,1.0343378764789561,1.045567264631048,1.0386909952240762,1.0433273684761084,1.042176568027401,1.0472205483436967
2020-11-02,1.007705280877126,1.0358627453570144,1.0473749460044495,1.0405285389612484,1.0454919390561022,1.0443275630844622,1.0497553039738405
2020-11-03,1.0082439330659343,1.0390388292320836,1.051162333950411,1.044357006694786,1.0500286336746092,1.0488104163655343,1.0550696976773617
2020-11-04,1.0080875522867014,1.0381144197587315,1.0498949435673475,1.0432420375713352,1.0485094055029611,1.0475040721170743,1.053288755568656
2020-11-05,1.0073817003775114,1.0339450019258731,1.0441733018505266,1.0382140230796972,1.0416524964092333,1.041614090333555,1.0452525636725982
2020-11-06,1.0068749020730983,1.030961314057841,1.0399835021107702,1.0346188145384532,1.0366368745572236,1.0374059440141714,1.0393807812049833
2020-11-09,1.0060731328026522,1.026252287769488,1.033409204282446,1.0289479357619333,1.0287731041731782,1.030772096057297,1.0301820984197927
2020-11-10,1.005047340315822,1.0202502468042831,1.0248932477699908,1.0217265679928884,1.018599801694334,1.0223322309402296,1.0182969901014454
2020-11-11,1.0046453573784717,1.017909563466372,1.0215434130512713,1.0189136835723145,1.0146046839733958,1.0190485871118908,1.013637405050647
2020-11-12,1.004980345862516,1.0198564522583295,1.0243242150395468,1.0212522547401859,1.0179189803838593,1.0217772813706745,1.0175003978764836
2020-11-13,1.0050680870430473,1.0203671921820048,1.0250533893759537,1.021865981463178,1.0187885180393859,1.022493663984485,1.0185144413142257
2020-11-16,1.0048576961330407,1.019142003914402,1.0233039815267984,1.0203935959676695,1.0167020589551359,1.0207748257558797,1.016080893903708
2020-11-17,1.0035957184649233,1.0118003034363539,1.012767869583105,1.0115727359235862,1.0041402940447108,1.0104799775439273,1.0014344553777268
2020-11-18,1.0033959007903859,1.0106447640304486,1.0111362056884416,1.0101864005121468,1.0021989771698256,1.0088643334286305,0.9991756887936941
2020-11-19,1.0023175141257292,1.0044143691777256,1.0022855420542158,1.0027133175369478,0.9916720558807722,1.0001571469637924,0.9869313293922989
2020-11-20,1.0016461553616336,1.0005553484159917,0.9969029208854843,0.9980903352748243,0.98528130820284,0.9947774170047263,0.9795111001862613
2020-11-23,1.0039208012323189,1.013588679770835,1.0153256165234696,1.0136918014993137,1.0071308230695764,1.0129187114457874,1.0048529146123075
2020-11-24,1.0020896954944094,1.0029841704892395,1.0007623037431381,1.0009650956879101,0.9897958980582726,0.9980822116624232,0.9846745778523543
2020-11-25,1.0038567995398122,1.0131294603111878,1.0145130843173502,1.0131149356908142,1.0061160166197503,1.0122162000561883,1.0036162002625635
2020-11-26,1.0038863477502922,1.0133005166677889,1.0147380080949315,1.0133202003759387,1.006383691135111,1.012455463083156,1.0039277112826699
2020-11-27,1.0033488722353237,1.0101886050435847,1.010641756955249,1.0095858338869599,1.0015086589882305,1.0081024201094033,0.9982540536506772
2020-11-30,1.0020748438463085,1.0028308646839557,1.000989515714606,1.0007618138185341,0.9900306414438889,0.9978228563165985,0.9849065500169066
2020-12-01,1.0034660026664777,1.0108166770223066,1.0114371117577816,1.0103250169332223,1.0024304998437497,1.008947161422587,0.999298177360288
2020-12-02,1.0007989538585944,0.9954062187711773,0.9912940133623193,0.9918414617872353,0.9784740252889967,0.9874124223873136,0.9714362907530337
2020-12-03,1.0012755636048734,0.9981253569668512,0.994577665764084,0.9950927422618076,0.9823634488584665,0.991188644692088,0.9759413141797995
2020-12-04,0.9979131693278923,0.978899090204303,0.9713831178162217,0.9720913205874718,0.9548718086564676,0.9644589358167647,0.9440774128080411
2020-12-07,0.9994192733033832,0.9873736076914731,0.9806198622219797,0.9821900181687216,0.965767497504738,0.9761482446317756,0.9566453504651681
2020-12-08,1.0040308188056581,1.0135069614087953,1.0092444977810284,1.0133854063733214,0.9995968053323901,1.0123189889400106,0.9957400861520282
2020-12-09,1.0051530909325959,1.0200051561678802,1.0154856644231838,1.021182304850437,1.007014611722135,1.0214057980873614,1.0043608036818814
2020-12-10,1.0016406186640416,0.9995596478164716,0.9960311862979983,0.9966193803798542,0.9838639821207391,0.9927427811328182,0.9774229134118397
2020-12-11,1.0005454304199335,0.9932906168457796,0.9903836726747265,0.989118672112679,0.9771697516762587,0.9840259933390865,0.9696641072487606
2020-12-14,1.0020580652377131,1.0019042915631662,0.998158993659529,0.9994116675611134,0.9863756487671143,0.9959726598502318,0.980321824904096
2020-12-15,1.0030775276313597,1.0077511073833225,1.0033742017243814,1.0064103910894395,0.9925600193186206,1.0041097406615715,0.9874926416254937
2020-12-16,1.0036902692611973,1.0112822155807275,1.0064998640974558,1.0106420835649637,0.9962703887900346,1.0090354293107966,0.9917993061018544
2020-12-17,1.0033525126505425,1.0093301636439769,1.0047710911178531,1.0083011039972154,0.9942169454981415,1.006308628278241,0.9894143736603968
2020-12-18,1.0005654696965227,0.9932482314666865,0.9904760109408511,0.9890224609293482,0.9772430364258754,0.9838613233534059,0.9697071377589087
2020-12-21,0.9989168429422578,0.9838607414684204,0.9824165423870169,0.9778053997767803,0.9677008856605523,0.9708430432738818,0.9586604756130159
2020-12-22,0.9981684265588294,0.9796324741538305,0.9788200999926591,0.9727627073253242,0.9634498002928841,0.9650017923445244,0.9537472093572607
2020-12-23,0.9990993643218322,0.9848732410946169,0.9832806150786862,0.9790075259963474,0.9687183668483138,0.9722292878332606,0.959831969306384
2020-12-24,0.9995514484524034,0.9874295054955474,0.9854406831634749,0.9820567737360862,0.9712720601830006,0.9757621131960201,0.9627839479385365
2020-12-25,0.999682505389724,0.9881721411848591,0.986067246455662,0.982943087630959,0.9720131256941389,0.9767895182631225,0.963640968687272
2020-12-28,1.0052707432984316,1.0198576186294495,1.012801928494909,1.0207644587071798,1.0036374944541562,1.020638213589323,1.0002182802110315
2020-12-29,1.0055033908087812,1.021211466184477,1.0137893951641823,1.0223905203551225,1.0048117322346226,1.0225350508876994,1.0015835571326934
2020-12-30,1.008480585953895,1.038555667249044,1.026432346284202,1.0432275916243674,1.0198489212319377,1.0468484039468824,1.0190705823690844
2020-12-31,1.0074084850808225,1.0322226197992297,1.021983812974893,1.035593747761712,1.0145449201493681,1.0379113414921306,1.0128873037289832
2021-01-04,1.007743850430594,1.034193684183951,1.023366237638753,1.0379667497643033,1.0161917547497623,1.0406860395627422,1.0148054716311081
2021-01-05,1.0071898986229633,1.0309327760588562,1.0210812065526942,1.0340393838254305,1.0134689409649056,1.0360921087937056,1.0116331890707004
2021-01-06,1.0068890660892658,1.0291664997586243,1.01984349391365,1.031913465279153,1.0119947585283342,1.0336069468406033,1.009916424873479
2021-01-07,1.0061319335087862,1.024727441900516,1.016731806784683,1.0265723778131195,1.0082894710992478,1.0273654519445858,1.0056024673465527
2021-01-08,1.006817975216708,1.0287353597139182,1.0195468593993227,1.031390538293514,1.0116394848114079,1.0329909817960363,1.0095004012663362
2021-01-11,1.005957535544521,1.0236923710998296,1.016002717699585,1.025323332738057,1.0074194998443604,1.0259015915124718,1.0045874956857206
2021-01-12,1.0059789749265358,1.0238175170891046,1.01609085335961,1.0254737471864888,1.007524369149524,1.0260771740043126,1.0047094992715575
2021-01-13,1.007202207634925,1.0309584933870832,1.0211202815204057,1.0340567810970767,1.013508800267825,1.0360966059050405,1.0116718293873013
2021-01-14,1.0055570880570135,1.0212993895012357,1.0143704370181557,1.0224310228111142,1.0054693632761902,1.0225064655230895,1.0023094861619715
2021-01-15,1.0075792806079706,1.0330804314220567,1.0225666130372864,1.036583937654353,1.015218469025936,1.039019417867778,1.013647698065828
2021-01-18,1.006103059010114,1.024398400738691,1.016614617614557,1.0261301685821298,1.0081273996281999,1.0267946989891397,1.005387583824743
2021-01-19,1.0068139325593028,1.0285501740391805,1.0194498612878533,1.0311207189387184,1.011501287961672,1.0326207783139245,1.00931308935221
2021-01-20,1.006645878041944,1.0275653892984395,1.0187781094582131,1.029936023849842,1.0107014708838455,1.0312366233202532,1.008381988062899
2021-01-21,1.0070845497121037,1.0301339343697191,1.0205315553813066,1.0330253888191303,1.012788924892289,1.03484543389643,1.0108117621003117
2021-01-22,1.0069486502905016,1.0293365637611425,1.0199874569232141,1.0320658583478288,1.012140960341461,1.0337240093629503,1.0100572792373443
2021-01-25,1.0069205988163599,1.0291720809123708,1.019875168573655,1.0318679555761086,1.0120072508878555,1.0334927518459769,1.0099016060183195
2021-01-26,1.0084945027665493,1.038399619089261,1.0261949601171256,1.0429700067842766,1.0195324952273606,1.0464655399735379,1.0186627906775454
2021-01-27,1.0067027298975022,1.0278171064568469,1.0190238372894826,1.0302150984783156,1.010983017164189,1.0315349405880947,1.0086969081833552
2021-01-28,1.0094162590897249,1.0437085718988703,1.0297271221309612,1.0493293485126505,1.0237256111722606,1.053863468164316,1.0235296509560972
2021-01-29,1.0094448790284756,1.0438783151472109,1.0298383082242413,1.0495341373707563,1.023858256859279,1.0541034208661466,1.0236843746349442
2021-02-01,1.0112408821863694,1.0545317392723008,1.0368277191504007,1.0623875117193875,1.032196846748797,1.0691643095844416,1.0334110773359628
2021-02-02,1.0140512618374316,1.0713424038767299,1.0477295228351793,1.0827105872316785,1.0452205811796516,1.0930258082236328,1.048623308139392
2021-02-03,1.0126373324794657,1.0627737825332944,1.0423066884945837,1.0723191340272356,1.038728762895352,1.080786944225034,1.0410248635919148
2021-02-04,1.0103179105820677,1.0488106935589203,1.0334707242015932,1.0554129351087913,1.0281620031955154,1.060907291266323,1.0286697265923255
2021-02-05,1.0092716791266507,1.0425807848568847,1.0295720653981661,1.0478899840911613,1.023507644536401,1.0520848242099663,1.0232369600242208
2021-02-08,1.009304153054375,1.0427732053413832,1.0296923388942665,1.0481220645223785,1.0236511226048115,1.0523566686026198,1.0234043068345318
2021-02-09,1.00883496721825,1.039992675563913,1.0279544776100955,1.0447683136635342,1.0215779243253524,1.0484281512087967,1.020986158696481
2021-02-10,1.0086168233574577,1.0387027400391349,1.027147934322213,1.0432132829853884,1.0206160761083038,1.0466075935751924,1.0198646524705195
2021-02-18,1.0067786503209997,1.0278443280591778,1.0203230419419236,1.0301266057219487,1.012478286430759,1.0312901265155139,1.010377554489612
2021-02-19,1.0093043456192978,1.0426350426411373,1.0295636241876487,1.0479148736834434,1.023481729646117,1.052066546148826,1.0231882694404544
2021-02-22,1.01013202879786,1.0475394796112851,1.0325740210321113,1.0538300009191925,1.02707286604244,1.0589948685187367,1.027376727279632
2021-02-23,1.0122320919998424,1.060031695396882,1.0402316785258252,1.0689106794376233,1.0362130985902767,1.0766752230439893,1.0380434867641668
2021-02-24,1.0113732537188989,1.0548727016994748,1.0370766348762275,1.062668031997261,1.032441672331499,1.0693392301679814,1.0336357172163408
2021-02-25,1.0112323980621252,1.0540299924964571,1.0365561898434381,1.0616493079799945,1.0318199294956012,1.0681432575994034,1.0329095116696079
2021-02-26,1.009777976611281,1.0453342410154172,1.0311456800324137,1.0511389749443891,1.025356983938248,1.0558061972382204,1.025361446314187
2021-03-01,1.0098360570097487,1.0456791255528428,1.0313594882763812,1.051555134559088,1.0256121134863856,1.0562938725718327,1.0256590987490648
2021-03-02,1.007305779124467,1.0306501063557625,1.022032985541386,1.033418968022469,1.0144826778742182,1.0350396611211197,1.0126741623638873
2021-03-03,1.0072228786384543,1.0301635626508046,1.0217334829683007,1.0328335470455052,1.0141259298905358,1.0343555988581337,1.0122586983521946
2021-03-04,1.0057861909586094,1.0217349164460223,1.0165201088472642,1.0226929570979328,1.007916461805371,1.0225074761014055,1.0050276574343295
2021-03-05,1.0078461430932668,1.0337383239446474,1.0240760309613306,1.0371105522441024,1.0169068259505798,1.039324953112193,1.015486353617856
2021-03-08,1.005835805523548,1.0219106260691901,1.016737666933988,1.022871014065523,1.0081624371609588,1.0226766875336304,1.0052988171232153
2021-03-09,1.0088954169038076,1.0397412666413262,1.0280896469620695,1.0442878913597105,1.0216699212138214,1.0476582974322166,1.0210127868634242
2021-03-10,1.008377774754968,1.0366812512013512,1.0261888701679278,1.040599815673348,1.0194032319422144,1.0433416554595047,1.0183700169604908
2021-03-11,1.0081571324859497,1.0353801066463069,1.0253312021553218,1.0390325403521348,1.0183808358869841,1.041508349766486,1.0171784305191356
2021-03-12,1.0078624223599326,1.033643979603458,1.024182617842808,1.0369418386125988,1.0170118777398345,1.0390633857192868,1.015583198402711
2021-03-15,1.0079373073511313,1.0340845135339074,1.0244865067275526,1.037472165966495,1.0173739912144208,1.039683366835475,1.016005070651089
2021-03-16,1.0076327658592785,1.0322923244027165,1.0232442016070775,1.0353144935726932,1.015893574739915,1.0371607171992507,1.0142802420557158
2021-03-17,1.0075414403032208,1.0317556540595412,1.022869674138894,1.0346686037547506,1.0154473703466016,1.0364058353321508,1.0137604969795309
2021-03-18,1.0076453110411212,1.0323657835416071,1.0232967832767852,1.0354028262232216,1.0159561822062797,1.0372638664505136,1.0143531246973878
2021-03-19,1.0069385694988484,1.0282124062125624,1.0203868355446521,1.030404111201755,1.012489294276984,1.0314215500795438,1.010314804170785
2021-03-22,1.008573412700484,1.0377881126514925,1.0270937283330155,1.0419194524554316,1.0204752739970655,1.0448693803976197,1.0196117707458525
2021-03-23,1.0065608297673347,1.025909387978481,1.0186183968497724,1.0276082371046782,1.0103704128974473,1.0281256908594838,1.00783274172049
2021-03-24,1.0065021148060684,1.0255661205383784,1.0183738978444803,1.0271956340583122,1.0100793898077085,1.0276440782439866,1.0074940675466688
2021-03-25,1.0072486745223188,1.0299295542262898,1.0214905189539332,1.0324400741122088,1.0137888738255074,1.0337652628078586,1.0118107219692682
2021-03-26,1.00964967516293,1.0440119954206568,1.0315468286367069,1.0493801957786644,1.025765460602148,1.0535541054986486,1.0257561423920158
2021-03-29,1.008677405300196,1.0382451746051544,1.0275154289771589,1.0424244279335404,1.0209548940853226,1.0454067653517,1.020143865772294
2021-03-30,1.0090248336957655,1.0402964680582254,1.0289454314810746,1.0448958885749882,1.0226599406632182,1.048298385316251,1.0221315065782381
2021-03-31,1.008201928243738,1.0354299306835608,1.0251325124210393,1.039030224256575,1.0181123880404401,1.041432826506799,1.0168287699921403
2021-04-01,1.0007754545648602,0.9916806726858308,0.9909308069933274,0.9863485699971535,0.9773513981397371,0.9798287750016417,0.9693342376302846
2021-04-02,1.003838890037326,1.009093079103423,1.0025784751555982,1.0071311093486799,0.9911370606902886,1.0039148021350344,0.9852855803900318
2021-04-06,1.0040889895726657,1.010535177686172,1.003511555525626,1.0088582630182594,0.9922439791708918,1.0059233797387024,0.986569361080922
2021-04-07,1.004892284049263,1.0151725169185546,1.006511080906942,1.0144138356767634,0.9958029946902565,1.0123860257497397,0.990697799614365
2021-04-08,1.0058693029217656,1.0208341034256359,1.0101621963746696,1.0212026621143784,1.0001377209966338,1.0202904906115708,0.9957290535966448
2021-04-09,1.0059805197236185,1.0214815424493398,1.01057777764583,1.0219798694420072,1.0006314696325485,1.021196422562401,0.9963025544524816
2021-04-12,1.0090262957431482,1.0392215487650946,1.0219804651160511,1.0432782623175199,1.0141800215680572,1.0460254990814164,1.0120408159378438
2021-04-13,1.0080533879173044,1.0334738736698228,1.0183985317234594,1.0363541281986077,1.009914509172055,1.0379260706158238,1.0070748815743074
2021-04-14,1.0087610145667976,1.0376352309379586,1.020995639795724,1.0413616739840792,1.0130050758321967,1.0437770687212433,1.0106704044584967
2021-04-15,1.0100064186443292,1.044983440898619,1.0255693141674147,1.0502111933495728,1.0184505314323635,1.0541254550849315,1.0170087941691834
2021-04-16,1.0101389130082756,1.0457697576609395,1.0260574088668062,1.0511594939250504,1.0190321794584316,1.0552359292565536,1.0176864229093725
2021-04-19,1.0106695853658523,1.048921105174154,1.0280289990057874,1.054960600812572,1.0213818886801138,1.0596877515970058,1.0204241300767314
2021-04-20,1.0096449357363506,1.0428211889676782,1.0241772887833958,1.047598554724248,1.0167897220403797,1.0510602113167709,1.0150716261303352
2021-04-21,1.0086044177082318,1.0366565784999888,1.0202632552489301,1.0401671326341972,1.0121267609146236,1.0423615699876883,1.0096406971307386
2021-04-22,1.0074960246532434,1.0301219230704506,1.0161143259598535,1.0322989912166447,1.0071877505080291,1.0331627057082515,1.0038926718308894
2021-04-23,1.0078638666929283,1.0322792775223937,1.0174822548953657,1.034893287803751,1.0088148445058762,1.0361919174529512,1.0057847378301636
2021-04-26,1.0070782779857275,1.0276639192416455,1.0145574839288702,1.0293408330645415,1.0053350168977766,1.0297059248818374,1.0017371330883265
2021-04-27,1.0083526535687046,1.0351232553531096,1.0192838341451687,1.0383066427266132,1.0109550813493242,1.0401697461994708,1.0082704097403659
2021-04-28,1.0089861775834772,1.0388536738578107,1.0216307877915138,1.0427969118344331,1.0137484128650198,1.0454177935492532,1.0115206422757197
2021-04-29,1.009906625377371,1.044289720555438,1.0250663099025943,1.0493449285781073,1.0178392313435811,1.0530763465506832,1.0162827757229806
2021-04-30,1.0103001058954715,1.0466235970533746,1.0265493330085782,1.0521591377985926,1.019606312068421,1.0563712656926783,1.0183412173610202
2021-05-06,1.007835599517419,1.031978747166581,1.0170544365493326,1.034492370865235,1.0082894982912476,1.0356775242978877,1.0051546497491528
2021-05-07,1.0077846876483123,1.0316797170332437,1.016863080710701,1.0341326606764984,1.0080618502021048,1.035257381630561,1.0048898860495288
2021-05-10,1.0081632401695166,1.0339026078637974,1.0182998637835694,1.0368064719041974,1.0097710669848743,1.0383802207676047,1.006877697710769
2021-05-11,1.0064689133642157,1.023935691617217,1.0117020592578787,1.0248125801885364,1.0019200136526147,1.0243661075820003,0.997744381038678
2021-05-12,1.00606915618472,1.0216028597309184,1.0101569012210792,1.0220107845475217,1.0000837519819072,1.0210987700782834,0.9956110040934631
2021-05-13,1.0052064726935968,1.016578038598729,1.0067748863022523,1.0159785915027149,0.9960658040787363,1.0140674916507635,0.9909443629299263
2021-05-14,1.0062405120507558,1.0225764654934708,1.0108226979218953,1.0231724592547495,1.000871510049994,1.022444550054209,0.9965221923193621
2021-05-17,1.0086030630193792,1.0363482442090102,1.0200634249618017,1.0397082257295518,1.011851216515318,1.0417225530147454,1.0092761851039616
2021-05-18,1.011476369347464,1.0532831278508479,1.0311838118265133,1.0600959723264076,1.0250882486862547,1.065554339722877,1.024680088331806
2021-05-19,1.0128143010860535,1.0612748099010327,1.0362787213968474,1.0697480209308134,1.031165999561049,1.0768730438501228,1.0317679743713037
2021-05-20,1.0122259440316825,1.0577384712278601,1.0340163243263494,1.0654705335976464,1.0284645175503486,1.0718494035472053,1.0286144054402473
2021-05-21,1.0108923048671068,1.0497446573671478,1.028809363055464,1.0558078352827032,1.0222497124815564,1.060508764256459,1.021362742827079
2021-05-24,1.0117296497264925,1.0547323306264393,1.0320543437757281,1.0618276129153297,1.0261188614929297,1.067563108029153,1.0258728333638112
2021-05-25,1.012316261680853,1.0582402010647174,1.0343589704034823,1.066065374765312,1.028868508387824,1.072533868991414,1.0290799855916042
2021-05-26,1.0131267117355918,1.0630998976253483,1.0375522790034994,1.071940132760643,1.032680138295967,1.079429340179028,1.0335278011826832
2021-05-27,1.0140360040643275,1.0685729385043632,1.0411366875979648,1.078562395273764,1.0369612305990132,1.0872092913249232,1.0385265086323265
2021-05-28,1.0134226695876842,1.0648655932832727,1.0387011279043832,1.07407199167358,1.0340502802804181,1.0819284873335513,1.035125273550152
2021-05-31,1.0156003853668452,1.0779912255358923,1.047321479564341,1.0899589250831703,1.0443483844922576,1.1005988188318416,1.047152218628532
2021-06-01,1.0183369957106858,1.0946529591782341,1.0583114934437077,1.1101749767844826,1.057498963523909,1.124414446923128,1.0625357514763965
2021-06-02,1.016759676883956,1.0849272948747566,1.052055383605069,1.0983386894368297,1.0499973955514879,1.110428326207984,1.0537422378711334
2021-06-03,1.0149649601500084,1.0739424712639747,1.0449771216879855,1.0849939536278697,1.0415200967014961,1.094688098180901,1.0438167822947721
2021-06-04,1.0139425064381322,1.067736804099551,1.0409655199202754,1.0774705211925713,1.0367221001433122,1.0858323370623006,1.038206776078409
2021-06-07,1.014778563307088,1.0727869224576254,1.044269600951587,1.083585908773256,1.0406708347673994,1.0930223248171378,1.0428202305585879
2021-06-08,1.0152598962450554,1.0757057109312425,1.046226832266077,1.0871237125937454,1.0430114183224817,1.0971857064307797,1.045556551305914
2021-06-09,1.0151566103849639,1.0750779822566616,1.0458059073009227,1.0863624426066731,1.042507860740466,1.0962893377574754,1.044967633895374
2021-06-10,1.0142001681094512,1.069267923304052,1.041908410953105,1.0793171901435579,1.0378456144653878,1.0879947692691827,1.039515512701979
2021-06-11,1.01472139531901,1.0724200581936223,1.0440198200122375,1.0831353015423755,1.0403694255136455,1.0924850459117292,1.0424646965520914
2021-06-15,1.014489799824896,1.071016071244617,1.043080751259326,1.0814336834320983,1.0392464831323722,1.09048268813353,1.0411519586085267
2021-06-16,1.0156284011534658,1.0779110803433238,1.047695286620118,1.089788174409901,1.0447635704403717,1.1003111524880336,1.0476003620829641
2021-06-17,1.0143736672959542,1.0702724662336698,1.0426093181712621,1.0805208370823023,1.038677486491766,1.0893948594590956,1.040480651381532
2021-06-18,1.012560388328919,1.0592981905768595,1.035330132855622,1.067225605567138,1.0299754051553534,1.073756367570724,1.0303105983372716
2021-06-21,1.0137295235234276,1.06631398549553,1.0399551592303213,1.0757075639587053,1.0354967320399437,1.083712540769459,1.03675424269409
2021-06-22,1.0142926984723797,1.0697119684283825,1.0421991719537056,1.0798210644767052,1.0381780028479353,1.0885473375318013,1.0398861908049006
2021-06-23,1.01445549399257,1.0706967974993828,1.0428579037307901,1.0810140276748315,1.0389654310391865,1.0899503752959117,1.0408063685747702
2021-06-24,1.01396362905583,1.067719006423788,1.0408664655865776,1.0774062456042537,1.0365846249303337,1.0857065012961309,1.0380238398199073
2021-06-25,1.013812775531,1.0668078248823532,1.0402565372037613,1.076302907353967,1.0358557217657038,1.0844093566312676,1.0371722721000989
2021-06-28,1.014112150893071,1.0686148298366773,1.0414878336109232,1.0784906131138003,1.0373270266405301,1.0869809034909186,1.0388909761170413
2021-06-29,1.0136534184079085,1.065842087199532,1.0395926550359165,1.0751325722295668,1.0350618979743427,1.083032347380888,1.036244341755476
2021-06-30,1.012538837037581,1.0591195995931124,1.0349977355837732,1.066995270677445,1.029572025348403,1.073469073169744,1.0298321735239513
2021-07-01,1.0120061284665662,1.055923370842207,1.0328133340133103,1.0631312753788638,1.02696448486198,1.0689337272062973,1.0267892742829727
2021-07-02,1.0118453191754238,1.0549609273245684,1.0319750151527265,1.0619684594026573,1.0259641991354618,1.067569704294293,1.0256224733707648
2021-07-05,1.0121813208137658,1.0569703833074144,1.0338127067117349,1.0643958238508393,1.0281565844791907,1.0704165661859235,1.0281794043314134
2021-07-06,1.0126425979449922,1.059733385811423,1.0363388168390666,1.06773471966817,1.031171331824052,1.0743339788014306,1.0316966876311706
2021-07-07,1.0114164472220928,1.0523730244471095,1.0295964973585494,1.0588355982666513,1.023120891432929,1.0638875014306732,1.0222997220956094
2021-07-08,1.0122815068511506,1.05753600625383,1.0342990378555188,1.0650692231922212,1.0287284483011998,1.0711947626026685,1.0288366209659339
2021-07-09,1.0126038057740925,1.0594673855366832,1.0360514819450573,1.0674033878394542,1.0308200551069493,1.0739336166031186,1.0312770854982716
2021-07-12,1.0121930987697105,1.0570025099652038,1.033688693777202,1.064423381200439,1.0279990260691003,1.070435672369696,1.027984425748247
2021-07-13,1.0120269462195968,1.0560072546346546,1.0327291771093599,1.063220689966562,1.0268539437564348,1.0690246070993217,1.0266485153572216
2021-07-14,1.0114419980583593,1.0525061341204984,1.0293454288832606,1.0589906465621668,1.0228165462032357,1.0640626169691618,1.0219391605355175
2021-07-15,1.0113176856850468,1.0517641188123605,1.0286230499264282,1.058094742306087,1.0219551896996424,1.0630123893125074,1.0209351066449313
2021-07-16,1.01139196326718,1.052207220456197,1.0290543994242425,1.058629664741182,1.0224694537242303,1.063639365970274,1.0215344824646908
2021-07-19,1.0110192661285426,1.049983128741246,1.026885432938276,1.0559444642360594,1.0198833490681967,1.060491807164572,1.0185201192967661
2021-07-20,1.0108162384317254,1.0487736645030235,1.0256983241240925,1.0544848669925413,1.0184685320212898,1.0587816104644365,1.0168717057141399
2021-07-21,1.01138167030202,1.0521388166250558,1.029026605705011,1.05854503986825,1.022434318033975,1.063537780289578,1.0214912019189777
2021-07-22,1.0115518782149455,1.0531544864869902,1.0300389510738026,1.059771264709504,1.0236413499700008,1.0649751234944482,1.0228981068857756
2021-07-23,1.0115420708113352,1.0530959168106224,1.0299805378561961,1.0597005395187051,1.023571689476252,1.0648922056046493,1.0228168953184826
2021-07-26,1.0137363050393302,1.0661992510322376,1.0431173668292986,1.0755231556232587,1.0392377946875369,1.0834423619201408,1.0410805402933592
2021-07-27,1.0132234211787634,1.0631050590229059,1.0400798996015517,1.0717776547884845,1.035606390387028,1.0790404359444745,1.036836389661415
2021-07-28,1.015217485990866,1.0751062705085948,1.0518574435765804,1.0862965927146093,1.0496786551908492,1.0960939804731729,1.0532735313178931
2021-07-29,1.015529529740429,1.0770017655284518,1.053680995685688,1.0885948620166057,1.0518623850153586,1.098799477625951,1.055829941270329
2021-07-30,1.0110450704700864,1.0497214871831273,1.0274292391895847,1.0555061465196185,1.0204146485806351,1.0598341024736875,1.0190025268192586
2021-08-02,1.0096535949288747,1.0414345508488665,1.0201097276595634,1.0455070231215435,1.0116912019422117,1.0481206251608581,1.0088392565486164
2021-08-03,1.00892804350281,1.0371417312277427,1.0163579071734872,1.0403354953754507,1.0072261719469717,1.042072093456337,1.0036447395646588
2021-08-04,1.008402618195544,1.034043571838068,1.0136553939883153,1.0366062555776143,1.0040122938543141,1.0377140510775646,0.9999085474497934
2021-08-05,1.0086472751883044,1.0354826267367943,1.01492971980224,1.0383374011704303,1.005526937341019,1.0397358793071392,1.001668408832262
2021-08-06,1.0094921129396137,1.04045761045159,1.0193383560081068,1.0443238405693012,1.0107682883927547,1.0467294652033698,1.0077598535285863
2021-08-09,1.0077186892555763,1.0299730840028254,1.010039417525749,1.0316956575649725,0.999703378989572,1.0319626474941814,0.9948892148846021
2021-08-10,1.0074507887218673,1.028402449998616,1.0086631395854604,1.0298077446007199,0.9980687461028209,1.0297595123729208,0.9929913268635947
2021-08-11,1.0069669724204788,1.0255695280256258,1.006101185146195,1.026403592865019,0.9950266918576492,1.0257881880248496,0.9894603185284652
2021-08-12,1.006786465629029,1.0245149996188918,1.0050969041915783,1.0251371296374694,0.9938348200609898,1.024311533487438,0.9880775802561275
2021-08-13,1.0066820642066552,1.0239055999379192,1.0045087739876573,1.0244054059555479,0.9931369717962719,1.0234585433694423,0.9872681403176706
2021-08-16,1.0064313421366426,1.0224428334351519,1.003094775466436,1.0226492293160103,0.9914593826153449,1.0214115644057333,0.9853225187190832
2021-08-17,1.0077936655513078,1.0303815438025674,1.0108486540577128,1.032177604818501,1.0006561076335647,1.0325145487827707,0.9959856184763164
2021-08-18,1.0082005580837996,1.0327678217109855,1.0131597663589376,1.035046129742019,1.003401478423185,1.0358622536613955,0.9991736016107342
2021-08-19,1.008009513263798,1.031645271216177,1.0120711425424285,1.0336960975036018,1.0021077119908395,1.0342859741478991,0.9976705673392199
2021-08-20,1.0081368477916803,1.032392798068508,1.0127998718990239,1.0345949129529735,1.0029735783642613,1.0353351905639785,0.998676271899007
2021-08-23,1.0083558947036284,1.0336794985605748,1.0140623728098732,1.0361422470135098,1.0044738807533622,1.0371417053152467,1.0004191251842989
2021-08-24,1.008260961587815,1.0331212795136486,1.0135139928515553,1.0354707882043759,1.0038220470678274,1.0363575810706385,0.9996617223479147
2021-08-25,1.0080141045050988,1.031670375101336,1.0120349028735558,1.0337257433599212,1.0020641120338938,1.0343199518554667,0.9976192981648442
2021-08-26,1.0074355047324577,1.028273594756063,1.0083391770376762,1.0296414861721315,0.997672934357073,1.0295522461277746,0.9925189815988997
2021-08-27,1.0085036829092229,1.0345274811322243,1.0152466201248678,1.0371561331247023,1.005874185488402,1.0383185743869234,1.0020376792239292
2021-08-30,1.0088961988912934,1.0368370809799332,1.017828687296422,1.039934695153226,1.008944061904531,1.0415638633241628,1.0056055414190406
2021-08-31,1.0083476529989197,1.0336034395781626,1.014192502724398,1.036042732629424,1.0046187287190294,1.03701612701154,1.0005760169408624
2021-09-01,1.0095160536096626,1.0404733374970598,1.0219601914234453,1.044306065594745,1.013851964648058,1.0466657397392394,1.0113047772085941
2021-09-02,1.00890219146633,1.0368441999218063,1.0178998961570191,1.0399350583854698,1.0090182675618533,1.0415547086737647,1.0056796320728207
2021-09-03,1.0079734651221925,1.0313694150754702,1.0117921161841363,1.033345732005381,1.0017528833053215,1.0338551882341942,0.9972313967259648
2021-09-06,1.0089879884080475,1.0373238701510124,1.018432377958336,1.0405047700557142,1.0096421339983912,1.0422115170686195,1.0063939790241534
2021-09-07,1.0082784462870085,1.0331395836644053,1.0137979461128033,1.0354682291945145,1.0041288163627828,1.0363259143465011,0.9999824683838018
2021-09-08,1.0070378747952862,1.0258481123892433,1.0057513523272505,1.026698742125514,0.9945649973892452,1.0260863716381412,0.9888707534259487
2021-09-09,1.0074376914839012,1.0281843285900503,1.0083345272644568,1.0295045261854352,0.9976303300308375,1.0293578339591773,0.992426499681388
2021-09-10,1.008221793652068,1.0327746203909645,1.013455303030279,1.0350199491159133,1.0037100280823925,1.0357915771817305,0.9994824823975619
2021-09-13,1.008150489239048,1.032355652500959,1.0129783695121282,1.034516094607137,1.003143211229041,1.0352033086822798,0.9988239813533335
2021-09-14,1.0085374986311695,1.0346288665637406,1.0156041265862146,1.037249660151613,1.0062635270768214,1.038394586996887,1.0024486755217747
2021-09-15,1.008944911118344,1.0370262733547757,1.0183796409818509,1.0401338356772836,1.0095635123747464,1.0417631726232206,1.0062840626768164
2021-09-16,1.008386038011746,1.0337313116512061,1.0145702170481354,1.0361680331785021,1.0050317775459492,1.0371291553522504,1.0010142129925725
2021-09-17,1.0085227328818445,1.0345351114967714,1.0154984589457603,1.0371348666629805,1.0061351956302018,1.0382581740282932,1.0022963880887918
2021-09-22,1.008588711614957,1.0349233319118425,1.0159466395358256,1.0376019018643337,1.006668053473588,1.038803638576292,1.0029156836630464
2021-09-23,1.0079645274553242,1.0312494797805043,1.0116999769868595,1.0331818689891221,1.0016185998638432,1.0336409611280937,0.9970466133487434
2021-09-24,1.0081147941092536,1.032131332308378,1.01271721617353,1.0342420749557115,1.002827122998831,1.0348784177060595,0.9984501211798681
2021-09-27,1.007611664242546,1.0291765878483157,1.0092754191488946,1.0306891305436812,0.9987373012562495,1.030730765516679,0.9936994882864812
2021-09-28,1.008406625808945,1.0338341397031483,1.0146990733028023,1.0362864068071327,1.0051777304312972,1.037261184944819,1.0011754211757375
2021-09-29,1.0077117216447755,1.029747607293912,1.00996991107326,1.031370935950791,0.9995559865880592,1.0315210746109973,0.9946428347605527
2021-09-30,1.0062167133569049,1.0209846047872142,0.9998589955186917,1.0208387557935703,0.9875479938013648,1.019231742372785,0.9807023703580569
2021-10-08,1.0073526505732058,1.0275960567928566,1.0073567792638682,1.0287713648548036,0.9964345524005572,1.028471884096784,0.9909981541175629
2021-10-11,1.0075008999460886,1.0284635151090866,1.0083395728858915,1.0298135054158264,0.9976011176648465,1.0296873608166088,0.992351721552153
2021-10-12,1.0089241865821565,1.0367974609324273,1.0178556784068642,1.0398273676515166,1.008898832552345,1.0413687690294802,1.005463031997755
2021-10-13,1.0111899206886241,1.0501529313053546,1.0328364453274061,1.0559007676644443,1.0267175609762367,1.0601488667559733,1.0261807532904414
2021-10-14,1.0113921482573076,1.0513576205468695,1.0341311905829613,1.0573543071522575,1.0282620506544038,1.0618514853504257,1.0279817158094793
2021-10-15,1.0124196898961184,1.0574845823568442,1.0407156269565718,1.0647485973533377,1.036118530887766,1.0705148485296567,1.037145110519616
2021-10-18,1.0120173292207195,1.0550738786021205,1.0381383563722344,1.0618358814791196,1.033039467509787,1.067098276892536,1.0335493107428917
2021-10-19,1.010861588810317,1.048162414210727,1.0307600183012273,1.0534889692487797,1.024228948890343,1.0573119513570348,1.023265299316792
2021-10-20,1.0117220527099853,1.0532802270197186,1.036162546326391,1.0596615538801557,1.0306709049254832,1.0645394329039295,1.030773843596756
2021-10-21,1.0143899502973817,1.0692120959031681,1.0529077410388894,1.0788956249326658,1.0506586395318034,1.0870824780724375,1.0540951963010037
2021-10-22,1.0130128300584564,1.060885918870303,1.0445841540802596,1.0688137233070563,1.0406916710587444,1.075231005689163,1.0424290324369223
2021-10-25,1.0146564398317968,1.0707593319830755,1.054334258795025,1.0807503576724724,1.0523481979884002,1.0892406928862464,1.0560510168964596
2021-10-26,1.0147840056788477,1.0715315183389056,1.0550837505628976,1.0816856274258067,1.0532458939189822,1.0903404129508716,1.0571020139136018
2021-10-27,1.0135915836591294,1.064309207463048,1.0480738431830146,1.07293672579761,1.0448486577822205,1.0800516923642207,1.0472693706883258
2021-10-28,1.01449750560297,1.0697656609512627,1.053488069788334,1.079537547399896,1.0513257365929838,1.0878037182755818,1.054843469800937
2021-10-29,1.0147535002653374,1.071314061919114,1.055018930754788,1.0814126013982521,1.053158999156842,1.0900080317512988,1.0569894325658937
2021-11-01,1.015795417620363,1.0776236989095178,1.0614313757888292,1.0890555377070856,1.0608403675160252,1.098995664172101,1.0659836231120852
2021-11-02,1.0181313061907913,1.0918380769138984,1.0757772317012393,1.1062937410944806,1.0780458092305887,1.1192904625661377,1.0861539581288977
2021-11-03,1.0161289310454094,1.079520798883367,1.0616812468207295,1.091317314226116,1.0610949569764876,1.1016126979211784,1.0662292255274552
2021-11-04,1.0178317137318513,1.0898974276001976,1.073304679815469,1.1039053380163235,1.0750353740315002,1.1164372722647735,1.0825717403791484
2021-11-05,1.0182426970637608,1.0924217726169496,1.0760935980006952,1.1069734850199806,1.0783874723805877,1.1200574129410836,1.0865099377041654
2021-11-08,1.0197227718318982,1.1015300773610226,1.0861946322755534,1.1180490444032583,1.090534551973291,1.1331316250312373,1.1007882716683854
2021-11-09,1.0215301709145435,1.1127291781764763,1.0984499397221978,1.1316895005893202,1.1052996805995912,1.1492601700373148,1.1181762218781666
2021-11-10,1.0216125206505797,1.1132437136766873,1.0990037243276178,1.1323174640881009,1.1059683660903252,1.1500041688784386,1.1189654433598222
2021-11-11,1.0194951207493046,1.1000087794470714,1.0842753704368127,1.1161634302712753,1.088182337023558,1.1308634173137415,1.0979712227332676
2021-11-12,1.0202016868836394,1.1043817713389281,1.0889310663354153,1.1214880862795849,1.093789303130005,1.137157329967852,1.104571527748925
2021-11-15,1.019993773132539,1.1030907564209664,1.0875534495119055,1.119914871776472,1.092128787501109,1.1352962689097819,1.1026151625454554
2021-11-16,1.020350284332841,1.105302331857404,1.0899127612457156,1.122609238897478,1.0949718723326707,1.1384828704269274,1.1059639432870854
2021-11-17,1.0195869285912376,1.1005591079388624,1.0848481270707837,1.1168282464870127,1.088866100756384,1.1316430125557349,1.098769033588242
2021-11-18,1.0187871885075908,1.0956074249680128,1.0795938043498718,1.1107983883507964,1.0825375608432262,1.1245148607358963,1.0913185880043723
2021-11-19,1.0190377550421243,1.0971530687560336,1.0812382488253929,1.1126788779381114,1.0845162749532555,1.126735856246873,1.0936458132461115
2021-11-22,1.018892450517043,1.0962557000069009,1.0802830535824013,1.111586797044771,1.083366565584863,1.1254456656576075,1.0922931942546437
2021-11-23,1.0196403626388664,1.1008715208797757,1.0851973004521502,1.1172032446014268,1.089280494238352,1.1320798823213976,1.099249628265229
2021-11-24,1.0184171168506893,1.093295900536698,1.077148858842383,1.1079776365627434,1.0795860243561843,1.1211733504388133,1.087835901911919
2021-11-25,1.0187747306255632,1.0954980212555632,1.0794517955397678,1.1106556678349537,1.082355801164354,1.1243349306555874,1.091092001640524
2021-11-26,1.0203917057503842,1.1054716139059577,1.0898863141991872,1.1227895762392521,1.0949109094332503,1.138665510662809,1.1058578558048553
2021-11-29,1.0198899254228326,1.1023533766173508,1.086666921928662,1.1189890723314027,1.0910298282531459,1.134168895015777,1.1012846574247552
2021-11-30,1.019644542405024,1.1008320344858682,1.085094967272269,1.117135911350705,1.0891359090944668,1.131977544632927,1.0990543168167493
2021-12-01,1.0187399560445947,1.095230111297829,1.079281863456281,1.1103140427604696,1.0821342066073172,1.1239129612271466,1.0908112746406562
2021-12-02,1.0187633585508018,1.0953744288848748,1.0794303407092298,1.1104896089818814,1.0823128501884902,1.124120297171362,1.091021363343005
2021-12-03,1.0169653316494487,1.0842852262009917,1.0679788761997024,1.0969989405555067,1.0685343968046483,1.1081879944968083,1.074817159393587
2021-12-06,1.015541858737273,1.075579571168578,1.0591705096903132,1.0864296614212405,1.0579588588744193,1.0957313981868735,1.0624064861545326
2021-12-07,1.018145162097015,1.0913951229825938,1.0749627556523929,1.10559977405232,1.0768878751537616,1.1182880142044285,1.084583178332597
2021-12-08,1.019969234413441,1.1026108960482395,1.0857981593074029,1.1192338714449996,1.0899136453104907,1.1343770089738947,1.0998885040864639
2021-12-09,1.0210469608258739,1.1092936979660017,1.0921707686018252,1.1273741337507583,1.0975897612810543,1.1440024748834807,1.108925932913767
2021-12-10,1.0225954911866186,1.1189438778260712,1.1013753270673041,1.1391430961240951,1.108690035435166,1.1579354500085768,1.1220100067853291
2021-12-13,1.0236194653305444,1.1253708774706235,1.1075240133325621,1.1469947202339026,1.1161174622450192,1.1672467936982263,1.1307794446764086
2021-12-14,1.0236887858403623,1.1258080307481306,1.1079407075669347,1.1475293839732315,1.1166213751597385,1.1678815818204678,1.1313750660597643
2021-12-15,1.0229851335416107,1.121369192068744,1.1037031974873066,1.142100005951906,1.1114965222140332,1.1614349648880622,1.125317071711389
2021-12-16,1.0241128100868646,1.1284597220861192,1.1104385108000665,1.1507659415945002,1.1196359684059418,1.1717163827797072,1.1349311675117821
2021-12-17,1.0249024064680492,1.1334503853502975,1.1151562929177097,1.1568731178078608,1.1253441982614176,1.1789711376552026,1.1416817449464385
2021-12-20,1.0253752484957612,1.1364498995836867,1.11798688699748,1.1605469167791507,1.1287719430310428,1.1833391074008588,1.1457388377972362
2021-12-21,1.0267821764329321,1.1453943605403307,1.1264620584648117,1.1715078574305113,1.139040259279789,1.1963780127040244,1.1578986104279045
2021-12-22,1.0263102335530774,1.142374540854116,1.123622681155595,1.1678014562688135,1.1355949607447728,1.191962080166606,1.1538125469670326
2021-12-23,1.026696841110864,1.144842938085571,1.1259361831432992,1.1708294627011568,1.1384007437638994,1.1955678417717936,1.157138473660984
2021-12-24,1.0261979059390625,1.1416516746353629,1.1229293789235713,1.166913021261258,1.1347526348802839,1.1909021181513129,1.1528122920740485
2021-12-27,1.027861960184218,1.1522707041473337,1.1328974282138378,1.1799378176183088,1.1468402376190305,1.2064101010389825,1.167138932690726
2021-12-28,1.0277226197473635,1.1513746964329223,1.132062273329616,1.1788367915660387,1.145825717643594,1.2050967517932387,1.1659343766044485
2021-12-29,1.0274563564655304,1.1496636298856386,1.1304673120258042,1.1767345377593448,1.143888494516977,1.202589487179494,1.1636346194619391
2021-12-30,1.0282406056441817,1.1546972024770092,1.1351800769757678,1.182917054345182,1.1496109537650545,1.209960904221464,1.170426068402707
2021-12-31,1.0282590427183294,1.1548159652200891,1.1352935544303548,1.1830630525936319,1.1497488577971402,1.2101351296252971,1.1705898695151522
2022-01-04,1.0346758929057978,1.1961537306311507,1.174921005164793,1.2338817295854652,1.1979072739616998,1.2707802861307684,1.2277931268443167
2022-01-05,1.0348019262529728,1.1969894933478111,1.1755844166231306,1.2349162778913707,1.1987189425672442,1.2720233530207714,1.228763698342597
2022-01-06,1.0333383825431905,1.1872787234852327,1.1678466121292972,1.2228941294857583,1.1892508488877274,1.2575760612496067,1.2174407287749254
2022-01-07,1.033478441284957,1.1882017946804369,1.1685838522429803,1.2240350427254727,1.190151751545928,1.2589448764241218,1.2185166959308407
2022-01-10,1.0336915426676505,1.1896071621757092,1.1697059998099475,1.2257723426384894,1.1915231816471625,1.261029532668391,1.220154830635708
2022-01-11,1.0335849776601793,1.1889036978449534,1.1691433426029407,1.224902522266094,1.190835399480794,1.259985553568185,1.2193331365750413
2022-01-12,1.0339111949471915,1.1910560945338753,1.1708679358833445,1.2275636052163346,1.1929433087369223,1.2631790706157873,1.2218512155138657
2022-01-13,1.0341523194656541,1.1926494225980877,1.1721578683471923,1.2295342041344948,1.1945204119312038,1.2655448048088318,1.2237357557773851
2022-01-14,1.0346322671800994,1.1958243739425625,1.1747302384828022,1.2334619748948148,1.1976661472117538,1.270261413348393,1.2274955410041566
2022-01-17,1.0347921290046043,1.1968842156405735,1.17561077977699,1.2347738141204305,1.1987434272184039,1.2718375531726076,1.2287836705403077
2022-01-18,1.0343851057842837,1.1941837847740842,1.1733345959708463,1.2314307124798103,1.1959582601304262,1.267820194536565,1.2254528806595486
2022-01-19,1.0339753198427963,1.1914700911092797,1.171033210462924,1.228072711040793,1.1931433484923695,1.2637867568501322,1.2220878257861763
2022-01-20,1.034227322407407,1.1931357757737908,1.1724427756781743,1.2301329375427748,1.1948667633494192,1.266260254363941,1.2241472528488295
2022-01-21,1.0329154524795456,1.1844545811567444,1.1650104820698657,1.2193924766639896,1.1857774321251617,1.253361711969997,1.2132831742017502
2022-01-24,1.0337111991915984,1.1896886971731806,1.1694443752667676,1.2258586849532385,1.1911929478516794,1.2611157761625174,1.219747832960383
2022-01-25,1.0335968063449983,1.1889335217705144,1.1688057572765045,1.2249249230423578,1.190412354336542,1.2599950552017576,1.2188153097068941
2022-01-26,1.034153916139346,1.1926094080014835,1.1719203996595586,1.2294695182542519,1.194219018103258,1.2654488823044294,1.2233623812078112
2022-01-27,1.0333096199773129,1.1870244138891364,1.1670874764382622,1.2225603860860592,1.1883091605816225,1.257152340021918,1.2162992879749566
2022-01-28,1.0306698923595352,1.1696302663576286,1.1517031738245345,1.2010625343422172,1.169512309691737,1.231361859032241,1.1938530846097704
2022-02-07,1.0312325766271162,1.1732930278126807,1.1548457318778769,1.2055759663377097,1.173341692550968,1.2367603672941228,1.1984136812940054
2022-02-08,1.0320887355111916,1.178880547778502,1.1596358416881867,1.2124654777786334,1.1791818861600605,1.245006041915837,1.2053728327740374
2022-02-09,1.032689417958617,1.1828161623475437,1.1630288790533094,1.2173227605367187,1.1833221599144754,1.250824960123351,1.2103104389421713
2022-02-10,1.031589035223461,1.1755866975790124,1.15671822478771,1.2083943143865428,1.1756172399381586,1.2401217643300082,1.2011163499384674
2022-02-11,1.0312431046543198,1.1733254311167605,1.1547594464635493,1.2056050672384504,1.173228301801537,1.2367822028456972,1.1982688034324194
2022-02-14,1.0327354863922054,1.1830652797277301,1.1634279378876176,1.21761443193279,1.1837968608244092,1.2511554530467008,1.2108619508877883
2022-02-15,1.034322227528257,1.1934918276586741,1.1726309837079696,1.230491674249168,1.1950338645758611,1.2665927459275788,1.224271518179875
2022-02-16,1.0319990916239292,1.1781154844839319,1.1591891304392754,1.2114680377381057,1.17859547594524,1.2437473522836868,1.204624186946199
2022-02-17,1.0337587828884691,1.1896383337736935,1.1689549995459674,1.2256869123412193,1.1905107110131798,1.260778041445417,1.2188322937624005
2022-02-18,1.0333039517979317,1.1866359878043227,1.1664311078957321,1.2219749241950688,1.1874261918887905,1.2563234030322477,1.2151480793053493
2022-02-21,1.0337968841885778,1.1898830576910262,1.1691699417688044,1.2259874483586102,1.1907719494435443,1.261136267216902,1.2191425922920323
2022-02-22,1.0353978625021185,1.2004529208655756,1.1780793236055802,1.23905614733615,1.2016607432098954,1.2768202058896119,1.232148853462657
2022-02-23,1.0342208433440458,1.1926251833390358,1.1715406346419337,1.2293608003882668,1.1936572558226868,1.2651642229075288,1.2225745462597537
2022-02-24,1.0359116125344248,1.2038089956310036,1.1808119399087833,1.243194759914916,1.204992853215197,1.28177388631163,1.2361197926580116
2022-02-25,1.0361670599193058,1.2055117468435765,1.1822232069600156,1.24530491332888,1.2067210539420743,1.2843121285626145,1.2381881094713094
2022-02-28,1.0355650767329896,1.2014943856453297,1.178894231446589,1.2403249472835294,1.2026435043052952,1.2783201803171256,1.2333069186585666
2022-03-01,1.0346601752133164,1.1954721114957267,1.1738752305482196,1.232864660870501,1.1964993716078747,1.269349890870632,1.2259559997087268
2022-03-02,1.0352219241392753,1.1991951610880558,1.1769693131203565,1.2374720619756339,1.2002838295368854,1.274884268099175,1.2304798984944498
2022-03-03,1.0347085837284415,1.1957842003955377,1.1741338031536224,1.2332482605143351,1.196813815435119,1.2698075196482632,1.226329702590433
2022-03-04,1.0349143561036152,1.1971482704783523,1.1752725087668592,1.234936428385723,1.1982066569725738,1.271835434908456,1.227994759773162
2022-03-07,1.0358938954184298,1.203647775101091,1.1806987337431698,1.2429820232945719,1.204845191106927,1.2815024249458276,1.2359322603112728
2022-03-08,1.036302133909232,1.2063686774018325,1.1830132391796577,1.2463538063529622,1.2076793983422673,1.2855580798940598,1.2393241507193986
2022-03-09,1.036047887690616,1.2046709693168336,1.1815463849951,1.2442490319434953,1.2058824721334371,1.2830252693680593,1.2371728045984764
2022-03-10,1.0351562272500388,1.198723900436631,1.1762687690058553,1.2368780884554593,1.1994188904778347,1.2741578393520283,1.2294362888923676
2022-03-11,1.0353209642276966,1.1998181571350062,1.177246177122748,1.2382329914147208,1.200614863836983,1.2757862026890625,1.2308665108411947
2022-03-14,1.0354980362276165,1.2009952349343709,1.1783015461643807,1.2396907088756222,1.201906445954138,1.2775384511025303,1.2324113243298556
2022-03-15,1.0353434386846807,1.199966722737178,1.177370253554778,1.238416728452316,1.2007665069351041,1.2760067635674177,1.2310476413346962
2022-03-16,1.0338324394473557,1.1899214006463419,1.1682454211140167,1.2259760885402964,1.189599117771147,1.2610521334413134,1.2176904626665574
2022-03-17,1.0336074776937554,1.1884361776559709,1.1669166344974216,1.2241398181398924,1.187975428065297,1.2588485248101242,1.2157514256585926
2022-03-18,1.0339060496853505,1.1904053518728432,1.1686846276789926,1.226573817992521,1.1901353072490553,1.261768705924141,1.2183302014121544
2022-03-21,1.0339948619673744,1.1909918973333922,1.1692138593441839,1.2272990579829224,1.1907820418176884,1.2626390973313886,1.2191026001143925
2022-03-22,1.033794706577399,1.1896694677066717,1.168018021675019,1.2256637656131688,1.1893205654487689,1.2606763200064819,1.2173569927388044
2022-03-23,1.033736173234807,1.189283091662571,1.1676686249149286,1.225186086261036,1.1888936424959735,1.260103107698616,1.2168471745564304
2022-03-24,1.034367961563412,1.1934523805087858,1.1714736565219284,1.2303402717226437,1.1935426784884111,1.2662876968989296,1.2223985772453378
2022-03-25,1.034383891348159,1.1935578082244453,1.1715699076855257,1.2304706953237359,1.1936603557790286,1.2664443035218707,1.2225391866382154
2022-03-28,1.0331606111699652,1.1854612116076362,1.1641758844431536,1.2204542974917834,1.1846202269506285,1.2544168641890938,1.2117372051755813
2022-03-29,1.0336170333263148,1.188465219578963,1.1668986155405408,1.2241655157778715,1.187944881625524,1.2588671064336228,1.2157047572098332
2022-03-30,1.0341663209590835,1.1920879956828274,1.1702254341449239,1.2286434365496444,1.1920090672339807,1.2642394396196477,1.2205571075424186
2022-03-31,1.0333634503394629,1.186779415953668,1.1653554269523474,1.2220777954239022,1.1860562729483692,1.2563576035129311,1.2134458532430834
2022-04-01,1.0342099566060752,1.1923559189563633,1.170452753108662,1.2289686333377692,1.1922817202477618,1.264622420542932,1.2208765999505122
2022-04-06,1.0344508216543316,1.1939488091413655,1.171907611500336,1.2309387954773754,1.194060110083321,1.2669876258085306,1.2230011484098045
2022-04-07,1.034575197653233,1.1947722402948435,1.1726595664548407,1.2319575259399818,1.1949795130194663,1.2682109512173283,1.2240997832078395
2022-04-08,1.0346692067547218,1.195394981807339,1.1734378548993754,1.2327280738993267,1.1959312355207379,1.269136378349801,1.2252371839001406
2022-04-11,1.034984535190003,1.197484700822291,1.1760501096363583,1.2353140529293518,1.1991260297115518,1.2722424594760187,1.2290557792129562
2022-04-12,1.0351802454480388,1.1987835674454437,1.1777118890464453,1.2369219313679087,1.201159293018902,1.2741743944497608,1.231487127502806
2022-04-13,1.0354896845064514,1.2008390547122807,1.18034210352413,1.2394669885565883,1.2043783892259328,1.277233052443166,1.2353375644583573
2022-04-14,1.0351500909738236,1.1985800699975249,1.1774514268875784,1.2366690079573333,1.2008389389656309,1.2738692795013558,1.231102058501871
2022-04-15,1.0352293511475241,1.1991064914771612,1.1781237968024092,1.2373207883217345,1.2016618090628735,1.2746525638516215,1.2320862675777182
2022-04-18,1.0358969311331838,1.2035419583463578,1.1837952862565562,1.2428129731131705,1.2086035708329508,1.281253437885445,1.2403900383775144
2022-04-19,1.035449013896681,1.2005568691102937,1.1799895157258846,1.2391139835405145,1.203940939136534,1.276804471110826,1.2348072354443038
2022-04-20,1.0344703225868694,1.1940478641185936,1.1716980211280514,1.2310523255099766,1.1937891847421878,1.2671131206670423,1.2226598762179341
2022-04-21,1.0353194771204721,1.199670051126633,1.17877523253876,1.2380080329974392,1.202441958703967,1.275465822425765,1.2329989150998772
2022-04-22,1.0340982889278179,1.1915532504005444,1.168603626256593,1.2279566047817891,1.1899909680382548,1.2633843483026241,1.218103614596139
2022-04-25,1.0328125685057281,1.1830553226812364,1.158122859271762,1.2174475454849012,1.177183869614286,1.2507700497658525,1.2028090152935493
2022-04-26,1.0322428191663695,1.1793117848684256,1.1535872057219143,1.212824707481376,1.1716515050770069,1.2452291195647653,1.1962140889341735
2022-04-27,1.0317123606082135,1.1758355182101057,1.14931929201697,1.2085346439235276,1.166449809887115,1.240090319176102,1.190018221061817
2022-04-28,1.0313690544808238,1.1735912004290021,1.1465541830844208,1.205766567183101,1.163082222678486,1.2367765738481555,1.186009985882843
2022-04-29,1.0284536480209814,1.154562167654298,1.1231429769854187,1.182305684193676,1.134583797019829,1.208701613222858,1.1521064037630728
2022-05-05,1.0284954447736938,1.154831314934626,1.1234488376268332,1.1826364218897467,1.1349545685440314,1.2090960885187383,1.152545651138692
2022-05-06,1.0295806049944525,1.161820473587887,1.1314315742864445,1.1912253475361008,1.1446319581726838,1.2193406930705661,1.1640109314062985
2022-05-09,1.0301444183161736,1.1654699357066935,1.1358256200426864,1.195715540518192,1.1499663313465343,1.2247028922042704,1.1703397314623047
2022-05-10,1.0295816979057066,1.161818106283309,1.131425558955918,1.1912196210003216,1.1446205226064972,1.2193304940947292,1.1639924606244467
2022-05-11,1.0290407756221795,1.1583168245840991,1.1271885904206356,1.1869117568661427,1.1394768652789067,1.2141860508039566,1.157889965282436
2022-05-12,1.0304311148362502,1.167293807673246,1.1380641666538833,1.1979500702638843,1.1526698315168686,1.2273600101036346,1.1735304791874064
2022-05-13,1.0295269501528284,1.1614185947363438,1.131000038025461,1.1907146561417725,1.1440840857975798,1.2187114574367108,1.1633324967746752
2022-05-16,1.0290495784664417,1.158329561604105,1.1273151190618513,1.1869143136566074,1.1396110279705478,1.2141734759347682,1.1580261305784678
2022-05-17,1.0297475933219016,1.1628364350274554,1.1328078874698648,1.1924560241542022,1.146274243264319,1.2207872902515062,1.165925498672976
2022-05-18,1.0297085212736414,1.1625833485865265,1.132492045238292,1.1921445845308538,1.1458907270628607,1.2204153113716227,1.1654703924527683
2022-05-19,1.0292969346115188,1.1599178040780629,1.1289647978487332,1.1888645983299975,1.1416079525292149,1.216497914937795,1.160388446505915
2022-05-20,1.0290751047045195,1.1584838954207661,1.126991217079354,1.187100966561706,1.139213133304833,1.2143925195037808,1.1575485276188453
2022-05-23,1.0285581495592078,1.1551457085428496,1.1223915238992974,1.1829961897391688,1.1336336425682796,1.2094935158447915,1.150934354249669
2022-05-24,1.0287084931436883,1.156114226493308,1.1237267860420899,1.1841864323587237,1.1352520062723732,1.2109132351419793,1.1528512599417415
2022-05-25,1.028102171446679,1.152205580086963,1.118122282389128,1.1793821672397098,1.128457624475785,1.2051817562110392,1.1448015962253582
2022-05-26,1.0280844420898154,1.1520916072040086,1.1179570071246143,1.1792421739037684,1.1282574608958456,1.2050148578221935,1.1445646898105086
2022-05-27,1.0279423293309324,1.151178112253883,1.1165642005814638,1.1781201466995768,1.1265706936618145,1.2036772168110192,1.1425683518025036
2022-05-30,1.0275255682102016,1.148500943021578,1.1124741330496082,1.1748323562437342,1.1216186270839108,1.1997582518770622,1.1367088997417272
2022-05-31,1.0270782636175706,1.1456330897317701,1.1080888910324393,1.1713120315718584,1.116313080841057,1.1955640690696938,1.1304358180830267
2022-06-01,1.0257335812387416,1.1370295616806456,1.0948443180199756,1.1607563840327941,1.1003016324199557,1.1829941662480212,1.111519469593713
2022-06-02,1.0256702865450833,1.1366271048166818,1.0942372783031449,1.160263357934032,1.0995695537705488,1.1824079495008113,1.1106566701672047
2022-06-06,1.0259074751385893,1.1381348185415638,1.0965153702036732,1.162110238039377,1.1023165855643076,1.1846037670744414,1.1138938557581572
2022-06-07,1.0255256208215096,1.1357048644154717,1.0928425270893678,1.1591328671459888,1.0978858560102047,1.1810629335364728,1.108670381026198
2022-06-08,1.0258159515712113,1.1375491444342245,1.095684839512173,1.161391657068905,1.1013123712088815,1.18374804581559,1.1127072504983733
2022-06-09,1.0259086189679525,1.1381385884150734,1.0965959971271768,1.162113815219188,1.102411376087662,1.1846067818353976,1.1140026890288708
2022-06-10,1.0257192476681736,1.1369335095097606,1.0947346234413926,1.160637258119501,1.100165882361548,1.1828507896198839,1.1113554010437268
2022-06-13,1.0267718618809087,1.143626044429293,1.1051585625250937,1.1688357379573142,1.1127366682606759,1.1925987460369283,1.1261704813872777
2022-06-14,1.0258903886795887,1.1379944153023596,1.0965554019670327,1.1619288130037826,1.1023420850319863,1.1843768421945857,1.1138970609805432
2022-06-15,1.0273282774629506,1.1471435352225874,1.1103935679705,1.1731386670128972,1.1190355154646852,1.1977076704130527,1.1335768777760842
2022-06-16,1.0277446135269508,1.1498101937467844,1.1142877601084324,1.176411171417516,1.1237449151933108,1.2016055508255998,1.1391425734082592
2022-06-17,1.0291045706404243,1.1585375160066864,1.1273742505832358,1.1871262471323907,1.1395819845629194,1.2143741960330645,1.1578723221841583
2022-06-20,1.0327898605042987,1.1823353319777965,1.1620761707178284,1.2163883244394165,1.181675211007995,1.24929687616484,1.207769284050712
2022-06-21,1.0336241083846862,1.1878135418808582,1.1688676318333433,1.223151512903487,1.1899624143245602,1.2574007317016533,1.2176511882409573
2022-06-22,1.034339393788883,1.1925285219304196,1.174677117477151,1.2289778162188696,1.197059611003893,1.2643884169042023,1.2261239166033795
2022-06-23,1.0347538745132223,1.1952696220722543,1.1780416807653427,1.2323676735223035,1.2011740176891383,1.2684572012454105,1.2310406039528465
2022-06-24,1.0350713096669197,1.1973729098362795,1.180620727131119,1.2349699555185674,1.2043296447290646,1.2715821051548073,1.2348137090870883
2022-06-27,1.0353755232380055,1.199391520652103,1.1831043285387175,1.2374683488150395,1.2073698164612312,1.2745833098066095,1.2384503546191787
2022-06-28,1.0364401976157782,1.206466004140921,1.1918046094645847,1.246227239553437,1.218024285046533,1.2851085017853106,1.251200550889468
2022-06-29,1.0369808535047826,1.2100759994091506,1.1962748781822785,1.2507020024617845,1.2235066224856683,1.2904919355766953,1.257770825658418
2022-06-30,1.0363776829942422,1.2060386450953349,1.1912753993620255,1.2456945214830006,1.2173706794273127,1.2844640146363375,1.2504117494079556
2022-07-01,1.0352593199857671,1.1985734558832561,1.182054941538518,1.2364417380756312,1.2060637574397566,1.2733331327843287,1.2368623079227608
2022-07-04,1.0358267225350295,1.2023415491480876,1.1866723242848563,1.2411063110438347,1.2117171575878118,1.2789375061910415,1.243626370295252
2022-07-05,1.0368989770431272,1.2094808137686293,1.1954612776390932,1.2499496415098355,1.222486491657841,1.2895692128095348,1.2565214581041766
2022-07-06,1.0372567558772638,1.2118746367741653,1.1983819237812834,1.2529183449470909,1.22607049778755,1.2931424820827613,1.2608192103316802
2022-07-07,1.0379293699912093,1.2163823082297887,1.203879120452165,1.2585107493972196,1.2328195488454339,1.2998764179113684,1.2689162613963771
2022-07-08,1.037356037008261,1.212528198503275,1.1991928133186547,1.253725636867361,1.227060793553874,1.2941102925441224,1.262000995804325
2022-07-11,1.0370038044330947,1.210166587405799,1.1963321599795214,1.2507954164757487,1.2235482352555782,1.290581583418179,1.2577863221909094
2022-07-12,1.0372749453085472,1.2119815791613806,1.1985270475933016,1.2530465280755385,1.2262420197641926,1.293291419354373,1.2610170131280891
2022-07-13,1.0384316361000565,1.2197339450818372,1.207907049013605,1.2626645704960058,1.2377583074375869,1.30487286241903,1.274833704171556
2022-07-14,1.0385213826928001,1.2203386173116917,1.2086319974482116,1.26341571614164,1.2386497445210587,1.3057784931438352,1.2759048662105297
2022-07-15,1.0388176743846749,1.2223357146830771,1.211026576445602,1.2658968283541492,1.241594605821718,1.3087701820595068,1.2794438731228446
2022-07-18,1.0385427264016072,1.220479977097708,1.2087938574918227,1.263590582406797,1.238847714683327,1.3059884359454097,1.2761414732433276
2022-07-19,1.0375067463035483,1.213496486427815,1.2003828310392142,1.2549143830015894,1.2285035381297738,1.2955265672380334,1.2637099709891804
2022-07-20,1.0370707999434536,1.210571690939121,1.1968684427446619,1.2512848368425513,1.2241874766108183,1.2911550586078822,1.2585302613324938
2022-07-21,1.0355051481910373,1.200088532966101,1.1842259503939931,1.2382819721180123,1.2086702014389419,1.2755016813087896,1.2399189068283247
2022-07-22,1.0375233620974913,1.2135051515139266,1.2002244283938706,1.2548943033767688,1.2282646549674041,1.29546528121263,1.2633701253093041
2022-07-25,1.0393354748137633,1.2256626381864941,1.2144746015516854,1.2699808754442221,1.2457643661242563,1.3136353257485391,1.2843699813954057
2022-07-26,1.039776326122913,1.2286447380715146,1.2178993099590454,1.2736887895517233,1.2499798973765073,1.31810992445503,1.2894405112648288
2022-07-27,1.0406783868129525,1.23475890106256,1.2249445548715288,1.2812947709566425,1.258656885144563,1.3272930464234154,1.2998832414468022
2022-07-28,1.0403726643436266,1.2326782088407882,1.2225520066335933,1.278703839177395,1.2557068113956,1.324161776309501,1.2963287567274182
2022-07-29,1.0414032263999542,1.2396822677281765,1.2313666417098463,1.2874225301624984,1.2665712300004452,1.3346951902918827,1.3094139513157588
2022-08-01,1.0416085803652106,1.2410844659691558,1.233122138611281,1.2891699665702154,1.2687380535550847,1.3368087239089286,1.3120274222990664
2022-08-02,1.041978436163051,1.243612273925793,1.2363138753287144,1.2923208632464467,1.272678760841288,1.3406206111334007,1.316781780649851
2022-08-03,1.0419098538341582,1.2431427547312572,1.235720038183563,1.2917353726106446,1.2719451957454515,1.3399120092871493,1.3158962971746446
2022-08-04,1.0430834252984449,1.2511745985181146,1.2459335367851434,1.3017503286764196,1.2845606847655657,1.3520318961368916,1.3311229394609376
2022-08-05,1.0449313185974407,1.2638888447871164,1.2620764293449316,1.3176241556666561,1.3045327213230256,1.3712666960728441,1.355268243801525
2022-08-08,1.043635566098298,1.2548988788893296,1.2507742140682614,1.3063775373194184,1.2905138147252633,1.3576114626720313,1.3382767634679276
2022-08-09,1.044433456783709,1.2604021145399324,1.2576092693125154,1.3132523256142836,1.2989764770838963,1.3659466028952172,1.348515281108065
2022-08-10,1.045417404702743,1.2672131840705592,1.2660975836700166,1.3217683248794365,1.3094975070567576,1.37628059079651,1.3612579275418621
2022-08-11,1.0448040033996946,1.2629481794587656,1.2607923572067734,1.3164299826915264,1.3029130090677312,1.3697956675042673,1.353272370707147
2022-08-12,1.0452896611735714,1.2663155887235922,1.2649498669490515,1.320641992582964,1.3080686940598654,1.3749088841630142,1.3595198231494272
2022-08-15,1.0445175934021205,1.2609505164500416,1.2582948410165748,1.3139277044853166,1.2998104400614594,1.3667536661128885,1.3495062282384789
2022-08-16,1.044763067745918,1.2626503376703166,1.2603839716056204,1.3160531888701719,1.302400110140468,1.3693330945646274,1.3526430229780488
2022-08-17,1.044788023597943,1.2628233402358517,1.2605979739712756,1.3162695723656772,1.302665473754299,1.369595762212122,1.3529645570015338
2022-08-18,1.0446018120892537,1.2615323118602857,1.259001669679585,1.314654770376825,1.300685984150799,1.3676355024433748,1.350565980736287
2022-08-19,1.045210354490796,1.265747852711721,1.2642428522722569,1.3199264364336876,1.307183639780182,1.3740336363529932,1.3584372872726858
2022-08-22,1.0446500143073114,1.2618555185469071,1.259400304059985,1.3150557082684544,1.3011752057646273,1.3681181791180541,1.351152597259846
2022-08-23,1.0448653742184686,1.26334768933844,1.2612456104051928,1.316921805635332,1.3034630249963843,1.3703831392016257,1.3539242391549937
2022-08-24,1.0447287001119967,1.2623997868775345,1.2600672194068845,1.3157360860451512,1.3020016229513471,1.36894364207396,1.3521532653084176
2022-08-25,1.0450515653417654,1.2646376293834078,1.2628591813100105,1.318534955471908,1.3054634753412215,1.3723410383846306,1.3563476642135712
2022-08-26,1.045379828609353,1.2669162158976148,1.265787468941207,1.3213857920102896,1.3090959682788947,1.3758027390286902,1.3607507572951274
2022-08-29,1.0461633793727516,1.2723631957845234,1.2728027421496466,1.3282031916851311,1.3178023264303702,1.3840839163120253,1.3713089702584786
2022-08-30,1.04714460571161,1.2792085454396107,1.2816119732893136,1.336778116162869,1.3287471412760488,1.3945088906799887,1.3845963778009116
2022-08-31,1.0509965174497988,1.3061999741840105,1.3164580337656435,1.3706254991230098,1.3721002973398022,1.435702879327555,1.4373009577911087
2022-09-01,1.0509904730267183,1.3061568840243203,1.3164080649685035,1.3705712405352286,1.3720378003671787,1.4356365720740067,1.4372245799063559
2022-09-02,1.051280488323407,1.3082243212127334,1.318803974383138,1.3731745142951048,1.3750343893768757,1.438817907994857,1.4408866995719884
2022-09-05,1.050882731327955,1.3053851191903687,1.3155026825063196,1.3695983204009887,1.370903928794557,1.4344462321995555,1.4358370464705772
2022-09-06,1.0519304353198176,1.3128502574425511,1.3241628296852044,1.3789971474549618,1.381733762849037,1.445930716735021,1.4490703028050274
2022-09-07,1.0519784843297948,1.3131942329112867,1.3245668959942587,1.3794307151257532,1.382239723640989,1.4464610975385592,1.4496893570980225
2022-09-08,1.0522007107831732,1.3147854620350998,1.3264516751215096,1.3814365024859285,1.3845999365569428,1.4489148940555214,1.452577306320766
2022-09-09,1.052311090620812,1.3155766158158535,1.3273886763615392,1.3824340146215934,1.3857736289410665,1.4501355040647828,1.45401384069884
2022-09-13,1.0518220047734719,1.3120693236266985,1.3232014802735201,1.3780113759429655,1.3805279859537654,1.4447230724270737,1.4475925583391447
2022-09-14,1.0514282248326787,1.309251700046124,1.319456036167428,1.374460297708997,1.3758387314581761,1.4403795823292893,1.4418559959674437
2022-09-15,1.051206897399855,1.307670839297515,1.317360772263346,1.3724687811792788,1.3732169735644593,1.4379447141044777,1.4386505111035346
2022-09-16,1.051292546977928,1.308281992820663,1.3181698312280719,1.3732385061949217,1.3742290093193124,1.4388855678211705,1.4398874800225063
2022-09-19,1.0523262397220092,1.315660764980343,1.3279374673078288,1.38253266214636,1.3864486507056766,1.4502471032989146,1.4548248691164272
2022-09-20,1.0525184969961519,1.3170395328647628,1.3297546808869418,1.384271278985412,1.38872539042588,1.4523748370257343,1.4576120624907123
2022-09-21,1.0523518153138238,1.315843145538215,1.3281774939976285,1.3827623269091625,1.3867488338383067,1.4505277823800098,1.4551916932791638
2022-09-22,1.0519359062122855,1.312860123604259,1.324226867430489,1.3790006533103558,1.3817990193958813,1.4459240887806217,1.4491318958608046
2022-09-23,1.0520991485474729,1.314028753066934,1.325767213217091,1.3804736578721053,1.3837277961181846,1.4477259938311173,1.4514917859754732
2022-09-26,1.0516471511227221,1.3107905877704813,1.3214628590296988,1.3763913710443734,1.3783367550901182,1.4427313036574996,1.4448942260430055
2022-09-27,1.0516614916109988,1.3108931156694514,1.3216012733508455,1.3765205619464904,1.3785100008638882,1.44288929097829,1.4451061061370118
2022-09-28,1.0518842771937718,1.3124860330395178,1.3237524664099165,1.3785277585551248,1.3812025901089329,1.4453439264799128,1.4483992197280462
2022-09-29,1.051829749494869,1.3120957688055186,1.3232210300205098,1.378035876676434,1.3805371895877758,1.4447422496341504,1.447585151463928
2022-09-30,1.051782959083683,1.3117609639088637,1.3227655766766317,1.3776139198312893,1.3799669716739904,1.4442261367805658,1.446887588112111
2022-10-10,1.0520070962500274,1.313364420858047,1.3249495518306635,1.3796346641654975,1.3827010738907348,1.4466976665016802,1.4502320606614154
2022-10-11,1.0519869674668412,1.313220276066613,1.32475158664809,1.3794529624402825,1.3824531610519468,1.4464753767075207,1.4499287029705714
2022-10-12,1.0521481375351254,1.314374330953434,1.3263420089152989,1.3809076744590874,1.3844447956915613,1.448254999525269,1.4523656869950754
2022-10-13,1.052234157513034,1.3149907220533812,1.3271916655779574,1.381684785679543,1.3855090485646537,1.4492058459162813,1.4536682296605334
2022-10-14,1.0520424183624486,1.3136162498969834,1.3252774571654349,1.3799517660604816,1.3831110650825313,1.4470851843245502,1.450732953892184
2022-10-17,1.0522296874629509,1.3149575199873775,1.3271411219533948,1.3816425685579221,1.3854450566939287,1.4491537526043616,1.4535890742250221
2022-10-18,1.0527076265221367,1.3183835293942134,1.331903543577067,1.3859622704781573,1.3914110297654558,1.4544396573108425,1.4608917231252134
2022-10-19,1.0525691900768575,1.317389041976,1.3305164361070305,1.3847077141132953,1.389672132101955,1.452903692494462,1.4587617045029437
2022-10-20,1.0518595833638313,1.3122946077097137,1.3232775274367152,1.3782820018571902,1.380599225336156,1.4450378222244484,1.4476503950521817
2022-10-21,1.0521983836818616,1.314719163824016,1.3266983103983339,1.3813377687880635,1.3848819825437106,1.448775554112825,1.4528896111533685
2022-10-24,1.053048986857918,1.3208156166486253,1.3356980301060792,1.389024210827387,1.3961552761691087,1.4581808696258116,1.466687653127093
2022-10-25,1.0526380891662372,1.3178593597164008,1.3311460075976773,1.3852935046783739,1.390445605181416,1.4536116775675825,1.4596898489205394
2022-10-26,1.0525589222336889,1.3172908359075668,1.3302429973180918,1.384576366843755,1.3893137203235415,1.4527337553690074,1.4583035540261537
2022-10-27,1.0523929206406422,1.31609914846278,1.3283517596635137,1.3830732980655567,1.386943456459996,1.4508938530926223,1.4554009279358562
2022-10-28,1.0517802418879096,1.3117041536769705,1.3213404786719627,1.3775309193408318,1.3781588101746503,1.4441106716756489,1.4446463106429261
2022-10-31,1.0514616799398175,1.3094252832184496,1.317734748411576,1.3746590389623317,1.3736458759182566,1.4405982046341992,1.439127213178882
2022-11-01,1.050663319294379,1.3037223111085379,1.3086496127735612,1.3674745354153364,1.3622811373472865,1.4318142227735513,1.4252363050678312
2022-11-02,1.0502458763921918,1.3007511003227628,1.3039958574745216,1.3637347312675243,1.3564677648449786,1.427245833818361,1.418140607855
2022-11-03,1.050312098181309,1.301221556289785,1.3047287804164103,1.3643266143494772,1.357382663160726,1.4279685230755643,1.4192565185325599
2022-11-04,1.050973274354564,1.305920117946654,1.312054440195493,1.3702383264817966,1.3665282177583649,1.4351872456399344,1.4304126965598243
2022-11-07,1.0506334945175855,1.3034983228359147,1.3082223129184298,1.3671890406021927,1.3617387426594187,1.431461120918055,1.4245637525818757
2022-11-08,1.0503817234093327,1.3017065622433934,1.3052535124788065,1.3649338704319862,1.3580304458007535,1.4287064032373678,1.4200378064682502
2022-11-09,1.0511702339383917,1.3073117257928428,1.314846042415482,1.3719867757178923,1.3700069217098854,1.4373192401095163,1.434648345382981
2022-11-10,1.0497997866008721,1.2975352279673955,1.298057917892936,1.3596745853216374,1.349016010783618,1.4222710099074696,1.4090034592077518
2022-11-11,1.0503636631909237,1.3015329408231384,1.3047229289542555,1.3647015827723803,1.357328003501199,1.428405844144988,1.4191320004047594
2022-11-14,1.0494601392797576,1.295110945574554,1.2939448827695479,1.3566211660833423,1.3438728765145749,1.4185386319070195,1.4027195822090082
2022-11-15,1.049709481111823,1.2968759712469833,1.2968556948207839,1.3588397910072503,1.34750063044726,1.4212451644675586,1.4071372930143733
2022-11-16,1.0502017970594513,1.300364867717455,1.3026858555127503,1.3632265031887305,1.3547700392853368,1.4265980341999707,1.4159936146493666
2022-11-17,1.050178533546241,1.3001996401053102,1.302409929070833,1.363018645226222,1.3544256889955346,1.4263442602404102,1.4155737174734666
2022-11-18,1.0507351818225963,1.3041527840440699,1.3090100175406345,1.3679916128194352,1.362662109041429,1.4324156062016322,1.4256166971738153
2022-11-21,1.0510177019087636,1.3061641883859936,1.3123672132955864,1.3705234489387046,1.366855864676549,1.4355085212396594,1.430735454069279
2022-11-22,1.051555339486781,1.30999677706165,1.3187965999070226,1.3753491693467474,1.3748914614580745,1.4414054821667186,1.440548448322405
2022-11-23,1.0517718701366279,1.311544069232151,1.3214095646354753,1.3772985484951834,1.3781603897169075,1.4437889884764874,1.444544320922852
2022-11-24,1.0516260582235821,1.3105011055184193,1.3196468671650154,1.375984245048349,1.37595430927264,1.442181610283998,1.441846586197718
2022-11-25,1.051638537176298,1.3105903063793964,1.3197975315192367,1.3760966347095247,1.3761428208564002,1.4423190396818775,1.4420770484875027
2022-11-28,1.0516046198230464,1.310347847960861,1.3193877337475666,1.375791142249665,1.3756300692428969,1.4419454802649068,1.441450176618366
2022-11-29,1.051018878475334,1.306161311759063,1.3123088576456208,1.370516390725842,1.3667733113029494,1.4354956969123724,1.4306228923220379
2022-11-30,1.0506916252319134,1.303828470901581,1.3083712919950474,1.367579053718521,1.3618521286609038,1.4319063269201,1.424613300801203
2022-12-01,1.0514329890858396,1.309105523848938,1.3173781136667155,1.3742211425244315,1.373102108853294,1.4400199277042758,1.4383431443416954
2022-12-02,1.051774511444468,1.3115446095035737,1.3234176862859528,1.3772936310417883,1.3806561586563215,1.4437761296587346,1.4475749426341666
2022-12-05,1.0510645918795003,1.3064667062235187,1.3108625930627051,1.3708946747613946,1.3649384299656964,1.4359503205418582,1.4283488026505156
2022-12-06,1.0510414429273098,1.3063016563737937,1.31046329518609,1.3706868476879788,1.3644395062618575,1.43569634947862,1.4277396836583531
2022-12-07,1.0510417559373548,1.3063038878731523,1.3104687244709035,1.370689657470978,1.3644462897535135,1.4356997830329252,1.4277479648880333
2022-12-08,1.0513580227969341,1.3085586087702947,1.3161977235493094,1.3735286807422584,1.3716042582488135,1.4391690701306898,1.436486359991418
2022-12-09,1.0525627548693102,1.317159587478139,1.3380168251067428,1.384362302584031,1.3988893739166657,1.4524123191718163,1.4698247997252298
2022-12-12,1.052693207344204,1.3180959792228195,1.3402901166120182,1.3855433033776572,1.4017414307257043,1.4538578825537056,1.473320926407844
2022-12-13,1.052535226569275,1.316961322974934,1.3375332323396407,1.3841120430834073,1.3982814882642234,1.4521057487649889,1.4690781991536699
2022-12-14,1.054579059789605,1.3316301939655202,1.3734193323263166,1.402612231942995,1.4433006636394123,1.4747495820578962,1.5242598426566125
2022-12-15,1.0562830695470333,1.3439723610697394,1.4004746469722826,1.4182123058621754,1.4774189720083681,1.49388571174733,1.566297303572214
2022-12-16,1.0562790451088293,1.3439429892985586,1.4004139283978012,1.418175112769335,1.4773421065478591,1.4938400044851918,1.5662022324650222
2022-12-19,1.0565455190149848,1.3458877748734879,1.4044334100466356,1.4206377587511947,1.4824304445307124,1.4968663812892316,1.5724956928525111
2022-12-20,1.0569350757199414,1.3487342420095216,1.410459018980104,1.424243229074639,1.4900627432777322,1.5012984695043754,1.5819410262073546
2022-12-21,1.0581974260053626,1.357974259852821,1.4300178518028948,1.4359520141917785,1.514857980316788,1.5156977736074124,1.6126525091437873
2022-12-22,1.057770427847551,1.3548311056133937,1.4235351164610182,1.4319636452268083,1.5066171684797536,1.5107862662003062,1.602417560564078
2022-12-23,1.0579854444204992,1.3564108271092739,1.4267853213143211,1.4339672340806318,1.510745045096021,1.5132524556335958,1.6075396396620885
2022-12-26,1.0572819197638774,1.3512370736206667,1.4161310687037199,1.427403742107613,1.4972075977167556,1.505171664017218,1.5907340373017889
2022-12-27,1.0572956134883773,1.351337460554008,1.416335389287525,1.4275309967726373,1.4974668197652259,1.5053282164080852,1.5910553547279147
2022-12-28,1.0572992218871669,1.3513639148841152,1.4163892362113608,1.4275645318834405,1.4975351374665842,1.505369472889909,1.5911400400446931
2022-12-29,1.0565284428087418,1.345712994642076,1.4048841991060808,1.4204010551430726,1.482938135273233,1.4965565899755657,1.5730457375568205
2022-12-30,1.0566913166240897,1.346902968381164,1.4072575812343,1.4219082769307698,1.4859444290615051,1.4984092942799074,1.5767661965810373
2023-01-03,1.0571859371534447,1.3505193575825487,1.4144777741570778,1.4264896080515101,1.4950931213209055,1.5040417443120293,1.5880920396955736
2023-01-04,1.0576339798761014,1.3538024546119982,1.4210262305008297,1.4306509438532728,1.5033991284257378,1.509160575772884,1.5983851473106472
2023-01-05,1.0568452847282532,1.348011583149951,1.4094808010161208,1.4233074360662805,1.4887415057144433,1.5001229965956826,1.5802041597565697
2023-01-06,1.0571138751555713,1.3499766964478432,1.4133179928604858,1.425797290371301,1.4936050725767749,1.503184599596952,1.5862269201331778
2023-01-09,1.0578718814857755,1.355529242706994,1.424165463751138,1.4328345722133857,1.507361499052984,1.511840380742044,1.603271329530531
2023-01-10,1.0584856759648347,1.3600406667482101,1.4329400201304892,1.43855702286883,1.5185060707709355,1.518884695210064,1.6171006162550052
2023-01-11,1.0588128279727735,1.3624518563039842,1.437617323634781,1.4416174904743053,1.524453993502935,1.5226546166574724,1.624490415117569
2023-01-12,1.0588331775875852,1.3626020573710962,1.4379096966827085,1.4418082047232688,1.524826033477561,1.5228896239247676,1.6249529443933812
2023-01-13,1.0597457026213417,1.3693380428336617,1.451037389789921,1.4503612513483954,1.5415314899514097,1.5334293315652336,1.6457224246073472
2023-01-16,1.059208932281743,1.3653596068517784,1.443241195071797,1.4453046451267617,1.5315926036806533,1.5271920765321012,1.633343335281116
2023-01-17,1.0595736199832753,1.3680561128337811,1.4484686976226917,1.4487299164781418,1.538249623397118,1.531414638536366,1.6416258240800463
2023-01-18,1.0593250429992473,1.3662151350711687,1.4448564852237566,1.4463904689640394,1.5336462921372198,1.5285295080392967,1.6358943494322056
2023-01-19,1.0602044381259803,1.3727207561162242,1.4576466931693282,1.454655347341722,1.5499377274668835,1.5387194458260418,1.65616819722836
2023-01-20,1.061595553791788,1.383052429738708,1.4778088203021085,1.4677933647119463,1.5756641603443595,1.5549329152123068,1.6882394964417897
2023-01-30,1.0602763452540296,1.3731939973837675,1.459023155888091,1.4552384032780314,1.5516286577228182,1.539415874148591,1.658194621710411
2023-01-31,1.0608189943584805,1.377225312703737,1.4664350385329346,1.460365013106376,1.5610874434642283,1.5457428892190883,1.6699877734807311
2023-02-01,1.0608725751890749,1.3776243265853312,1.467171149513073,1.4608727347467336,1.5620277921966808,1.5463698614438057,1.671161378056615
2023-02-02,1.0611964959905664,1.3800371263029543,1.4717027866799808,1.463943057986989,1.5678173361373813,1.5501615432326956,1.6783877577610564
2023-02-03,1.0604632451397777,1.374567440335079,1.4613480721101058,1.4569803680858924,1.5545801788849765,1.5415599952372847,1.661855264341137
2023-02-06,1.0587107946110228,1.361537841249276,1.437143211392667,1.4404074132653562,1.5236812596565121,1.5211024524777526,1.6233189523131808
2023-02-07,1.0588984536679455,1.3629221620955498,1.4395473447951015,1.4421648254640338,1.5267399385538953,1.5232676301751213,1.6271207623201258
2023-02-08,1.0578204036553154,1.3549629422108151,1.4256627073377648,1.4320584461489454,1.5090691917471835,1.5108137782320947,1.605149428933887
2023-02-09,1.057800747613779,1.3548185225257512,1.425417193275789,1.4318752817921858,1.508757338707756,1.5105883346125362,1.6047624359543513
2023-02-10,1.0573839805746519,1.3517566614985785,1.4201745506330241,1.427992072596388,1.5020983404028603,1.505808878130261,1.5964992590927969
2023-02-13,1.0580037198168,1.3563011984928393,1.428210872621195,1.4337530764689912,1.5122982240011071,1.5128963119021859,1.609146982523637
2023-02-14,1.057892309147182,1.3554819595474648,1.4267601041984193,1.4327138503505459,1.5104548033539804,1.5116169552131546,1.6068585953222485
2023-02-15,1.058063129329123,1.3567374294809762,1.4290242954595207,1.4343062544247758,1.5133312156304208,1.5135770738815328,1.6104285923035966
2023-02-16,1.0576470192671508,1.3536768243794512,1.4234998142700486,1.4304235473269513,1.506310730511374,1.5087968958909372,1.60171250854574
2023-02-17,1.0571786473573501,1.350238237996239,1.4173222383691697,1.4260633028341911,1.4984663890301098,1.503431228314357,1.5919811543922426
2023-02-20,1.0573699049547394,1.3516394232892135,1.419820080257241,1.4278391484921373,1.5016354062201818,1.5056154502787227,1.5959090713801614
2023-02-21,1.0573902538549589,1.351788630462142,1.4200871960154813,1.4280282911043514,1.5019744157769928,1.5058481366515648,1.5963294129816479
2023-02-22,1.0570222967623926,1.349090359750818,1.4152542638070524,1.4246077502067598,1.4958404764944373,1.5016400377196957,1.5887235894803367
2023-02-23,1.056943096719663,1.3485105344514545,1.4142176276223977,1.4238730119209788,1.4945256803585958,1.5007364922830542,1.5870944124742374
2023-02-24,1.0566108240679728,1.3460788221673372,1.4098723623427003,1.4207918795999595,1.4890152606707323,1.4969477913583045,1.580267397624473
2023-02-27,1.0557787873569449,1.339998693368908,1.3990453049300287,1.4130907576613607,1.4752934621764309,1.4874815629944564,1.56327755881507
2023-02-28,1.054619072546903,1.3315556795382177,1.384277380639883,1.4024064981587245,1.4566061283966931,1.4743603872351287,1.540175440268661
2023-03-01,1.0560702008665648,1.3420652358686462,1.4021203474909432,1.4156890100209423,1.4791364465778827,1.4906517247216116,1.567968872129809
2023-03-02,1.0557435750433126,1.3396843081544703,1.398156010701386,1.4126751596281053,1.4741179372531135,1.4869493804001843,1.5617623154857214
2023-03-03,1.0551838979338612,1.3356105389332436,1.391379987789633,1.4075202921269885,1.4655449395266789,1.4806191696068387,1.5511658212375659
2023-03-06,1.0553627497384463,1.336909092480451,1.3935376989553476,1.409162453893308,1.468272208316764,1.4826345240130783,1.5545335245094425
2023-03-07,1.0555414102035459,1.3382072979378123,1.3956983456960068,1.4108044943864808,1.4710040332802465,1.4846501209879521,1.5579078981727401
2023-03-08,1.0551118742902361,1.3350836473088132,1.3904459524966393,1.4068527655148095,1.4643610864534031,1.4797984514387128,1.549699933446858
2023-03-09,1.0550917719271318,1.334937741717977,1.3902019316419858,1.4066682667972474,1.464052695054345,1.4795720422433525,1.5493191759336646
2023-03-10,1.0558982501660878,1.340790738472875,1.3999896629278281,1.4140692634521357,1.4764219090869397,1.4886540406974835,1.5645903730129138
2023-03-13,1.0560150656776666,1.3416415910153332,1.4014052729604356,1.4151460886957745,1.4782133831718218,1.489976599881876,1.5668052391956093
2023-03-14,1.0575546400052023,1.352861308305725,1.4204813960555098,1.4293473828232957,1.5023593580748014,1.5074208732740353,1.596663837746526
2023-03-15,1.0575483273563386,1.3528149874100706,1.4204049353033799,1.4292886551616493,1.502262316443585,1.50734861522484,1.5965435158855141
2023-03-16,1.0577787951702105,1.3545060641656608,1.423198484647466,1.43143266170587,1.5058077650444237,1.5099865658103233,1.6009394681756375
2023-03-17,1.0579859226310893,1.3560274474237748,1.4258821249908415,1.4333620065003312,1.5092150591172324,1.5123609926798423,1.6051657824294976
2023-03-20,1.0592735501305333,1.3654940400524618,1.4434731504624287,1.4453697760162845,1.5315579780009694,1.5271421592656538,1.632889755076273
2023-03-21,1.0585853803653857,1.3604055125856052,1.4342446377753157,1.4389063537623954,1.5198079827400224,1.5191748841012107,1.6182744493858476
2023-03-22,1.0586084226902586,1.3605753696606044,1.4345491662418028,1.4391219439718028,1.520195217761565,1.5194404370115555,1.618755493464958
2023-03-23,1.059466252760368,1.3668995373914368,1.445915047582784,1.4471490614061595,1.5346485600660078,1.5293280734872134,1.6367109714704822
2023-03-24,1.0594514048073669,1.3667896542903393,1.4457138073158693,1.4470094603113304,1.534392251990622,1.5291559567885105,1.6363920585339053
2023-03-27,1.0601519117647544,1.371973450849721,1.4552432426710211,1.4535951139017351,1.5465290041202326,1.5372753968996837,1.651492868363624
2023-03-28,1.0596428384838326,1.3681944867654101,1.4483307308330193,1.4487905745207472,1.5377136530624895,1.5313474163599925,1.640510271684611
2023-03-29,1.0593691642436251,1.366167564449348,1.4446129782146273,1.4462149881035802,1.5329770230884319,1.528171339278376,1.6346147840590979
2023-03-30,1.0593654535146517,1.36614011518357,1.4445627764398683,1.4461801189932775,1.5329130960698731,1.5281283532968075,1.6345352577152104
2023-03-31,1.0592075971151682,1.3649724280761897,1.4424272531571531,1.4446967989199149,1.5301937362798301,1.5262997516333114,1.631152349461807
2023-04-03,1.057355174473609,1.3512794558633023,1.4171045205063644,1.4273055086197532,1.4979575010288004,1.504863851888471,1.5910620581318233
2023-04-04,1.057043509996109,1.348994770291163,1.4131687030945697,1.4244096360109344,1.4929650501860883,1.5013017485783562,1.5848755125909446
2023-04-06,1.0584638400906357,1.359392093522847,1.4311033949423266,1.437583932362047,1.5157019263050608,1.5175014610226445,1.61303489329502
2023-04-07,1.0594337147575215,1.3665370433561392,1.443124458799782,1.4466510426918608,1.5309799416121648,1.5286678203149062,1.6320038606912146
2023-04-10,1.0592899667923714,1.3654734780075821,1.4413356540563478,1.4452999417366912,1.5287026958777785,1.527002169622549,1.629171762100335
2023-04-11,1.0597237020370733,1.368680544604657,1.446728721462886,1.449373406281161,1.535566659863036,1.53202319480028,1.6377060173566673
2023-04-12,1.0602427197485729,1.3725256343323196,1.4532417636546524,1.4542595464265804,1.5438622389544732,1.5380487595976498,1.648027944005884
2023-04-13,1.0603361569317276,1.3732194590332354,1.45442093950194,1.4551417167872185,1.5453654864739799,1.5391372570883337,1.6499000624063873
2023-04-14,1.060459894260543,1.3741386631672956,1.45598579394571,1.456310566185251,1.5473607317153624,1.5405796294989582,1.6523853090939409
2023-04-17,1.0599198894155761,1.370124927003014,1.449151066573179,1.4512060626506946,1.5386443372624405,1.5342797760168705,1.641525969388436
2023-04-18,1.060327622689812,1.3731482053597461,1.4543319667954482,1.4550486902481363,1.5452453573819782,1.539019472848903,1.649742100500071
2023-04-19,1.0607486097219383,1.3762754431885311,1.459710962022159,1.459025201994595,1.5521036545998572,1.5439264682149687,1.6582845358732177
2023-04-20,1.0603726668423779,1.3734775598138198,1.454894964124241,1.4554658717374296,1.5459586616808079,1.539532277570934,1.6506249285500028
2023-04-21,1.059471797899545,1.3667842717995227,1.4434043223356774,1.4469544674950428,1.5313068351454173,1.5290287596834773,1.6323738270282364
2023-04-24,1.0606214032545067,1.3752912281488516,1.4579529760208387,1.4577615966800224,1.5498284253766565,1.5423522472721354,1.6554085218655192
2023-04-25,1.0602317224883497,1.3723928295507817,1.452925887302553,1.4540749527910843,1.5434157699997293,1.5378015804027354,1.647417427572484
2023-04-26,1.060488825907523,1.3743018050422016,1.456322807517582,1.4565020655428824,1.5477459511398344,1.5407962592222562,1.65280972173952
2023-04-27,1.0610162827182672,1.3782226329342384,1.4633348488955724,1.4614884758662374,1.556688632195974,1.5469504210648122,1.6639510690689303
2023-04-28,1.060997115593609,1.378079819471119,1.4630801908928475,1.4613067459550664,1.556363547433668,1.5467260048650793,1.6635456705105065
2023-05-04,1.0612593905933088,1.3800338525858584,1.4665707250441695,1.4637931985381836,1.5608192486164236,1.5497964332294774,1.669101981241718
2023-05-05,1.0607738109448555,1.3764118936302583,1.460038960641341,1.459183051729401,1.552477418168072,1.5441019216896013,1.6586946732221124
2023-05-08,1.0602907835055142,1.37281678279057,1.4532013337825185,1.4546094863622558,1.5437527786933676,1.5384555707573584,1.647819518671087
2023-05-09,1.0604362934540814,1.3738974578661014,1.4552427411489526,1.4559835606622633,1.5463551118080847,1.5401510619950534,1.6510602391109028
2023-05-10,1.0619949153805723,1.3854805729922641,1.4776917494474588,1.4707137649654103,1.5749805536721764,1.5583297446506503,1.6867178854578067
2023-05-11,1.059921580078803,1.3699651935953088,1.4487444309916204,1.4509499234572059,1.5379567586898073,1.5338982883320416,1.6404590200948057
2023-05-12,1.0608536215488098,1.3768753183691986,1.4605908653846462,1.4597322590014623,1.5530478707877433,1.5447300963643458,1.6592387480001465
2023-05-15,1.0631263888618765,1.3937956542858798,1.4894737457397733,1.4812585307048216,1.5899013088592742,1.5713064264759709,1.7051742892422466
2023-05-16,1.062805379352565,1.3913816004005486,1.4856130539899675,1.4781798832142237,1.5849561108251295,1.5674963229496017,1.6989865915664715
2023-05-17,1.0643093138540614,1.4026753014880657,1.5036199557798868,1.4925777637811048,1.6080093404280673,1.5853088115515142,1.7278170319428436
2023-05-18,1.0641501297580132,1.4014719186398263,1.5017380152604434,1.4910411494453204,1.6055942264851357,1.5834047167097898,1.7247894660887608
2023-05-19,1.0636278053879202,1.3975261043479963,1.4955477314680583,1.4860035559846696,1.597652161637852,1.5771634576242626,1.7148358585778691
2023-05-22,1.063042637205399,1.3931158279799176,1.488673813734337,1.4803761665466186,1.5888403028424765,1.570195417896229,1.7038013081459815
2023-05-23,1.0604351328410047,1.3735149086571024,1.4583520902132603,1.4553817763673256,1.5500059718258654,1.539266056299201,1.6552164076705718
2023-05-24,1.0603083768577017,1.3725731652400128,1.4570209475742801,1.4541843263518006,1.548308209766661,1.5377885105272948,1.6531012389040671
2023-05-25,1.060012159951774,1.3703736447752877,1.4539131803043488,1.4513879655314426,1.5443452345580289,1.5343385259734839,1.64816484076526
2023-05-26,1.062418559146814,1.3882184034200413,1.4791208694586528,1.4740676205673262,1.5764759354667477,1.5623103576645165,1.6881706668086789
2023-05-29,1.0633098127701897,1.3948984318637765,1.4881528497621552,1.4825793765928506,1.5880276888565505,1.5728352063785243,1.7026025731774976
2023-05-30,1.0645009278997708,1.403861389831611,1.500422820080435,1.4940110017201007,1.6037398269826768,1.5869840201790897,1.7222559550569698
2023-05-31,1.0650614813904393,1.408101821813043,1.5062770094510352,1.4994262816714055,1.6112485877314584,1.5936950081574646,1.731663554914062
2023-06-01,1.0664540976374037,1.4186628376516204,1.5208789127468345,1.512921440442627,1.6299919895752846,1.610429205320762,1.7551650868736468
2023-06-02,1.0664317225771793,1.41849210519375,1.520644619291408,1.5127029489539636,1.6296906666081337,1.6101578698485028,1.7547865470928388
2023-06-05,1.0649872122787247,1.4074708929866655,1.5055276288186281,1.4985991099725597,1.6102494233605116,1.5926433217535614,1.7303640570194274
2023-06-06,1.0655438707581433,1.4116907594939336,1.5111561422162207,1.5039908135368805,1.6174734505621609,1.5993283900863942,1.7394207677218436
2023-06-07,1.0658727839469007,1.414190324174136,1.5144992678151488,1.5071864048871106,1.621767447784894,1.6032929089589787,1.744808128237938
2023-06-08,1.065245433038545,1.4094158244341146,1.5081096155099365,1.5010802442308355,1.6135567893859317,1.5957147986971492,1.7345022769761114
2023-06-09,1.0655527203148432,1.411747933701565,1.5112214860680455,1.504060783902437,1.6175521328132956,1.5994113186936099,1.7395128976355503
2023-06-12,1.0668531695420775,1.4216309719005287,1.524411783702504,1.5166959206653257,1.6344941847370595,1.6150868227220672,1.760768928137
2023-06-13,1.0666331108191573,1.4199489344256977,1.5221489950487874,1.514542501590834,1.6315827549499144,1.61241152142344,1.7571098465207329
2023-06-14,1.0669253168187174,1.4221802533463905,1.5251464804721522,1.5173984583859508,1.6354383398164818,1.615958780023983,1.761954100031434
2023-06-15,1.065803711498676,1.413604435679778,1.5136228745734026,1.5064184725709902,1.6206100091811848,1.6023167434746108,1.7433160931982623
2023-06-16,1.065621444224397,1.4122177621532306,1.5117904966629836,1.5046452093612055,1.6182557345210073,1.600116236589846,1.7403614738309139
2023-06-19,1.0654209227996891,1.4106934484492726,1.5097516217813478,1.5026963161745963,1.6156367835673182,1.5976982591066162,1.7370754821392673
2023-06-20,1.065497739277679,1.4112768675904463,1.5105359369262346,1.5034420785896907,1.6166439704818063,1.598623321065393,1.7383388558123378
2023-06-21,1.0653429466330206,1.4101008200847043,1.5089546509664464,1.501938657668829,1.6146131338628238,1.5967582867708838,1.7357911937128176
2023-06-26,1.0650826935993372,1.408124890856725,1.5062852733708196,1.4994131152820303,1.6111855858269348,1.5936258058493262,1.731492273948528
2023-06-27,1.0647117785172993,1.405312036831755,1.5024909523907666,1.4958188628882552,1.606315308957761,1.5891690339337525,1.7253860120012163
2023-06-28,1.0642525295929914,1.4018350446852221,1.497795137165276,1.4913777563132706,1.6002909453186405,1.5836643920122746,1.717836594516235
2023-06-29,1.0640169271077269,1.400054934260958,1.4953912060455143,1.4891051775810489,1.5972088235181343,1.580848984803828,1.7139766639796372
2023-06-30,1.0640328330959579,1.4001749869938038,1.4955533175847195,1.4892584039795467,1.5974166027104415,1.5810387625980253,1.71423679494179
2023-07-03,1.0631915854423937,1.3938250998584338,1.4869784006365727,1.4811537403180641,1.5864258493574648,1.5710005995760048,1.7004765276463707
2023-07-04,1.062886005823183,1.3915271741175692,1.4839027686554853,1.478223460494806,1.5824882571967565,1.5673745637097654,1.6955524103996171
2023-07-05,1.0624311556041226,1.3881114069062328,1.4791622858682787,1.4738691648794824,1.5764217478518123,1.5619881785646843,1.6879691427755368
2023-07-06,1.0624743318621073,1.3884349881796063,1.4796103912575151,1.4742814514946212,1.5769948314851667,1.5624979374859205,1.6886850502237976
2023-07-07,1.0632031873337064,1.393898392921893,1.4873256972816942,1.4812428977348562,1.5868625624462471,1.5711056016544336,1.7010127621843791
2023-07-10,1.0634107971404567,1.3954596613089838,1.4895426377602803,1.483233818497729,1.589700929204842,1.573569256487196,1.7045623960510963
2023-07-11,1.0637255495838804,1.397828852918602,1.492908943966816,1.4862556744914084,1.5940121210852423,1.5773094734609896,1.7099555350985527
2023-07-12,1.0633805133998984,1.395228071184546,1.489208486022346,1.482937305491698,1.5892708474737025,1.5732008640825579,1.7040217063823648
2023-07-13,1.0643355254543914,1.4024156102100782,1.4994342336550126,1.4921045548976735,1.6023662463453225,1.5845469801583274,1.7204027937392001
2023-07-14,1.0643262955651398,1.4023458497199288,1.4993356824045334,1.4920154886228723,1.6022398665198452,1.5844366317833707,1.7202444893734707
2023-07-17,1.063849503004642,1.3987423485594215,1.4942451921005364,1.4874147865528475,1.5957120262762652,1.5787366634485045,1.7120677727148887
2023-07-18,1.0643422823623498,1.4024587694307948,1.4994951153255711,1.492157211943337,1.6024397298725712,1.5846091887563136,1.7204890908321941
2023-07-19,1.064788220503651,1.4058292999256876,1.504257172480617,1.4964605353598854,1.6085465130183205,1.5899407986356553,1.728138528447572
2023-07-20,1.0644322271145614,1.4031332611134526,1.500445843161866,1.4930167183748322,1.603655832942228,1.585672030767817,1.7220085214081082
2023-07-21,1.0646010458101591,1.4044097478290611,1.5022496327951906,1.494646627145443,1.605969271535215,1.5876916001659318,1.724906725023384
2023-07-24,1.0644165855658527,1.4030139433723978,1.500255938685194,1.492864041036341,1.6034116581471887,1.585482451574759,1.7217018575872018
2023-07-25,1.063860441246601,1.398809072011702,1.4941775721545294,1.487495055548019,1.5956160892660811,1.578830023279939,1.711936064599535
2023-07-26,1.0627522634284585,1.3904511543716356,1.4821326647990989,1.476829673334222,1.5801809375184896,1.565623057302399,1.6926156328428839
2023-07-27,1.0627209041816572,1.3902158098051918,1.481799066514187,1.4765297155789947,1.579754137141066,1.5652520660382563,1.6920822695618774
2023-07-28,1.0621600799559803,1.3860075298887597,1.4758183347383775,1.4711662458463723,1.5721028278810123,1.5586186884704816,1.6825210229692997
2023-07-31,1.0626534370168834,1.3897002961341867,1.4810414839640103,1.4758698333264566,1.5787795257981856,1.5644324088878823,1.6908576057586084
2023-08-01,1.0632402978075204,1.3941025942376637,1.4872624138410064,1.4814801528921695,1.5867372853836423,1.5713705501433408,1.700800736586355
2023-08-02,1.0623259980767366,1.3872261052271897,1.4775392351401084,1.4727111724460762,1.5742890744692135,1.5605193277801166,1.685233836569542
2023-08-03,1.061763408389302,1.3830120903513423,1.4716311081295685,1.4673427381885638,1.5667350823325075,1.5538827223333571,1.6757997684670085
2023-08-04,1.0613725591587437,1.380091824847149,1.467555513277584,1.4636247399922597,1.561528306748025,1.54928923381612,1.6693023295230855
2023-08-07,1.0615733641351346,1.3815895407940475,1.469696878566741,1.465530781958942,1.5642624881678242,1.551643101298048,1.6727123678122628
2023-08-08,1.061501057156452,1.3810497517156732,1.4688844883422203,1.464843679904303,1.5632248933501407,1.5507943803394428,1.6714179150076007
2023-08-09,1.0609655732873522,1.3770535248031162,1.462808041782256,1.4597572467219642,1.5554648392946704,1.5445120167075763,1.6617379201484255
2023-08-10,1.0607824184058359,1.3756899377098766,1.4605926223644057,1.458022668271636,1.5526379417849534,1.5423708455339344,1.6582145425823125
2023-08-11,1.062384959228367,1.3876110891064612,1.4799676167665514,1.473184202996869,1.5773531301023735,1.5610825989584418,1.689009615611856
2023-08-14,1.0620413661633366,1.3850368724721032,1.4757843973666431,1.4699046426267335,1.5720029474581616,1.557028155494022,1.68232589037702
2023-08-15,1.061762560709836,1.3829512484446214,1.472402394335667,1.4672485385171314,1.5676799430335369,1.5537456974194759,1.6769284327411378
2023-08-16,1.0630257620620365,1.392388964340471,1.4877337932416288,1.4792641246376392,1.5872681153885813,1.568590280463448,1.7013738712796869
2023-08-17,1.06333247574146,1.3946934010414436,1.4914211419406629,1.4822019852152932,1.5919889688478903,1.572224756134491,1.7072774692641286
2023-08-18,1.0631015299208613,1.3929558617680258,1.4883276209368765,1.4799861139777644,1.5880264250637632,1.5694825597766846,1.7023197158927217
2023-08-21,1.0633115814957306,1.3945345755799972,1.4911337617270952,1.4819989339820079,1.591619364412301,1.5719728535525923,1.7068131676138245
2023-08-22,1.0639349214929652,1.3992238817737384,1.4994889911816482,1.487979033925259,1.6023212976676289,1.5793732056375793,1.7202024036599104
2023-08-23,1.0634218734069976,1.3953535778413284,1.4918440679063003,1.4830400692480314,1.592518259335106,1.573257160756268,1.7079241264201688
2023-08-24,1.0637616796304759,1.3979111321486022,1.4969375504219795,1.4863019999103653,1.5990429068510144,1.577294249970482,1.716087844471165
2023-08-25,1.0631989017753845,1.393668971839715,1.4882257201109095,1.4808895259359875,1.587875635008034,1.570593116491899,1.7021057164031026
2023-08-28,1.0646247899056878,1.4043902217646445,1.51020447823604,1.4945601926778709,1.6160161521699294,1.58750833118171,1.7372981183849827
2023-08-29,1.064312360320554,1.4020261632114108,1.5053355320811723,1.4915411789433124,1.6097640486353124,1.5837671005559926,1.7294565740369292
2023-08-30,1.065308014685128,1.4095494993889686,1.5207790454242498,1.5011455923327097,1.6295818862146347,1.595665093398012,1.7542965111482798
2023-08-31,1.0658727495820244,1.4138356222594182,1.5298309373385681,1.5066231675080073,1.6412212883833548,1.602457975318582,1.7689150603933543
2023-09-01,1.06564804254746,1.4121259018991548,1.526210441126946,1.5044368559474457,1.6365603533908675,1.5997450311988923,1.7630542229858117
2023-09-04,1.0662592008942389,1.416771356599567,1.5360494404878076,1.5103758107569585,1.6492208220946207,1.607112759735356,1.7789664225540696
2023-09-05,1.0672230742237716,1.424117709621205,1.5516714444032251,1.519773872497389,1.6693484040286775,1.6187794162308011,1.8042959644037087
2023-09-06,1.0673749274017694,1.4252800395495349,1.5541091823263182,1.5212623550667974,1.672495539790723,1.6206291074818775,1.8082644340161935
2023-09-07,1.0674312770299477,1.425711647181132,1.555050856482106,1.5218151630123706,1.673711628732274,1.6213161768436275,1.8097983765893348
2023-09-08,1.0678383316840148,1.4288302448690768,1.5618656881811135,1.5258097401134836,1.6825134474110164,1.6262812243318354,1.820902103397918
2023-09-11,1.0679202512249126,1.4294589941368412,1.5632400420393817,1.5266154496177073,1.6842900679223978,1.6272831154842027,1.823145311242472
2023-09-12,1.0685462919260522,1.4342657305009003,1.574109490709169,1.532775574273855,1.6983434216845739,1.6349438384157877,1.840892565268262
2023-09-13,1.068874756112851,1.4367946741887594,1.5798052454725005,1.536018741587441,1.7057177607817666,1.6389797385541887,1.8502180802486448
2023-09-14,1.0692044329856503,1.4393366488993633,1.5855393277729193,1.5392797677030898,1.713147076046776,1.6430392908131286,1.859619887140211
2023-09-15,1.0687064115748728,1.4354910454237062,1.5768647226135173,1.5343446112509442,1.7018997679256482,1.636893495347479,1.845376118361394
2023-09-18,1.068982997188636,1.4376220604613787,1.5816258619937593,1.5370779294001349,1.7080661677874185,1.6402954967258114,1.8531767431680015
2023-09-19,1.0694802551031337,1.441457988837845,1.5902217569733472,1.541999490643568,1.7192058622620496,1.6464228918880177,1.867277168726249
2023-09-20,1.0694530303733134,1.4412475103808136,1.5897485857506104,1.54172929948208,1.718592001658207,1.6460863221276607,1.8664993158613032
2023-09-21,1.0696436724509313,1.442721215090415,1.5930853862273318,1.543621038725933,1.7229206850702812,1.64844274127635,1.8719840762868871
2023-09-22,1.0695249310183619,1.4418025431950676,1.5909978117444152,1.5424415332881438,1.7202114327306364,1.6469732063431117,1.8685498167591716
2023-09-25,1.06964954351183,1.4427661310451496,1.5931837649209468,1.5436785497669563,1.7230476163768427,1.6485141973268955,1.8721440312377968
2023-09-26,1.069526834911524,1.4418167418489387,1.590976694848727,1.5424595981661091,1.7201832486290551,1.6469955075343563,1.8685131040249467
2023-09-27,1.0689404847267927,1.4372826501505218,1.5804092800321439,1.536638897332615,1.7064725085477024,1.6397444611164524,1.8511379316706702
2023-09-28,1.0678201022886233,1.4286415347612702,1.5604293186488052,1.5255527488798473,1.6805840843882451,1.6259427850617991,1.8183743110059232
2023-10-09,1.0675695956849272,1.4267190663471794,1.5561819578440885,1.5230892951142465,1.6750947897047213,1.6228796282097258,1.8114450586787618
2023-10-10,1.0669701458921508,1.422123807950225,1.5459622843805236,1.5172025113420737,1.661894080094888,1.6155617392289479,1.7947906259082236
2023-10-11,1.0677131886283617,1.427804664025686,1.558419507775371,1.5244753035330871,1.6779637495998816,1.6245967354355955,1.8150377892444405
2023-10-12,1.0680317067118692,1.4302478871906092,1.5637457609367003,1.5276056757497827,1.684845536960457,1.628488691715579,1.8237224155600937
2023-10-13,1.067520474968154,1.4263208968232555,1.5551460259597307,1.5225725123429266,1.6737266770099923,1.6222288795192594,1.809681168081109
2023-10-16,1.0680633546215987,1.4304815302224452,1.5643386866311646,1.527902196058549,1.6855990037047033,1.6288538259399472,1.8246573172488
2023-10-17,1.067900761334333,1.4292324144098334,1.5615866305518895,1.526301174232347,1.6820405443825557,1.6268625538833708,1.8201632885402987
2023-10-18,1.0686753493170817,1.435178861656813,1.5747567252696228,1.533921546670645,1.699063717753929,1.6363387406533496,1.841654515104324
2023-10-19,1.068532205369094,1.4340761852487363,1.5723235339982182,1.5325072958229964,1.6959134048646352,1.634578616502691,1.837670701816301
2023-10-20,1.0691563857043818,1.4388813639582338,1.5829449992694773,1.5386692876383148,1.7096610222805195,1.6422464234343839,1.855050240546225
2023-10-23,1.0688187937711575,1.4362752664044545,1.577182571660652,1.5353250878728313,1.7021925647805547,1.6380822190102897,1.8455960713757606
2023-10-24,1.069280974037504,1.4398378072549878,1.5850141144840766,1.5398949570105944,1.7123353047811043,1.6437705636762192,1.8584261716434212
2023-10-25,1.0694091771062708,1.4408280348140572,1.5871919902642602,1.541165805504907,1.715158689295166,1.6453532347705833,1.8620011492010933
2023-10-26,1.0694582100809935,1.4412069755896333,1.5880346235798568,1.541652201286931,1.7162513736297649,1.6459590586316835,1.863385088822934
2023-10-27,1.0693743792560328,1.4405589664503389,1.586536837846465,1.5408203945585695,1.7143089146046273,1.6449229582357316,1.8609246057927926
2023-10-30,1.0690151280755347,1.437782999293844,1.5801268026603683,1.5372573886068799,1.7059973921486815,1.6404852690479093,1.8503985160833376
2023-10-31,1.0692342137234832,1.4394731999880819,1.5840464568147505,1.53942595521816,1.71107565783286,1.6431851542731422,1.85682464030708
2023-11-01,1.0692045380739534,1.439244036288691,1.583512328054686,1.5391318638406981,1.7103833033512883,1.6428189218596194,1.8559480897400655
2023-11-02,1.0691072871920546,1.4384931363861866,1.5817518689777939,1.5381682463270379,1.70810149492479,1.641618965804903,1.8530594169813432
2023-11-03,1.068818949243209,1.4362677615986486,1.5763839267365074,1.535312757553862,1.7011454176688015,1.6380635060597186,1.844255278632489
2023-11-06,1.0689691198418994,1.4374252883433019,1.5791961136434662,1.536797577272685,1.7047871235674186,1.6399117291527663,1.8488613562786596
2023-11-07,1.0694071169667538,1.4408036507485358,1.58747835773514,1.54113187627378,1.715516225261433,1.6453076983555066,1.8624364969954432
2023-11-08,1.0691155746236936,1.438550562385818,1.5819540457378998,1.5382399016783168,1.7083523756365278,1.6417056578714608,1.8533628914700235
2023-11-09,1.0693291447919977,1.4401989370062143,1.585971290668459,1.5403550270109732,1.7135582436116121,1.6443392839781104,1.859951943649147
2023-11-10,1.0688435400842973,1.4364474035395447,1.5766896849895822,1.535540114332537,1.701524301747541,1.6383426739444178,1.8447129056704266
2023-11-13,1.0687485829420125,1.4357153917386807,1.5749002483274572,1.5346011031456699,1.6992069630884272,1.63717381761489,1.8417818307034886
2023-11-14,1.0689151518005786,1.4369989082756123,1.5782684961591094,1.5362474065048017,1.7035678870326805,1.6392228835740374,1.8472964712211497
2023-11-15,1.0685662042380637,1.4343080660855092,1.57114667610706,1.5327953793846252,1.6943432178709334,1.6349255621939154,1.835626366726271
2023-11-16,1.0687563213072422,1.43577185000302,1.5750025386689874,1.5346725336263647,1.6993330673969103,1.6372614960990475,1.8419332840433467
2023-11-17,1.0691716038925323,1.4389719629858602,1.5838827584709652,1.538777190364903,1.7108305354591569,1.642370379155881,1.856472613872865
2023-11-20,1.0687811631926247,1.435957743636289,1.5755085977516714,1.5349092523359347,1.699976118521448,1.6375539889935329,1.8427310916933033
2023-11-21,1.067575413573345,1.4266654086646926,1.549904084891983,1.5229900512422396,1.6668233496060938,1.62271832939691,1.8008048687566867
2023-11-22,1.0683338326691683,1.4324790425931924,1.5648408577613988,1.5304374372215124,1.6860996096243956,1.6319758934973911,1.8251015326577202
2023-11-23,1.068459836382973,1.4334481669188766,1.5673305222642506,1.531679913325035,1.6893187144877695,1.633521621208868,1.8291667682172281
2023-11-24,1.06866863756637,1.435055003099996,1.5715124723029177,1.5337402532182434,1.694727641089799,1.636085175570891,1.8359995820365065
2023-11-27,1.0688093478041316,1.4361388452442883,1.5743426670418559,1.535130303624321,1.6983901580636922,1.6378151171310031,1.8406287090902809
2023-11-28,1.0689319759519786,1.4370839962680364,1.5768507715402396,1.5363426627074515,1.7016370293462606,1.6393241464951969,1.844733968344492
2023-11-29,1.0691801373941219,1.4389977288150158,1.5823047167299875,1.5387977584133987,1.7086996901319744,1.6423804182060238,1.853666652012754
2023-11-30,1.0695428067488375,1.4417975799462002,1.5903420842314848,1.5423905963101805,1.7191149639138796,1.6468542188323463,1.8668487148164352
2023-12-01,1.0696364365363318,1.4425215740230435,1.5924977825346602,1.5433200041589152,1.7219112628340307,1.6480119664961097,1.8703914165441984
2023-12-04,1.0688725861824384,1.4366126382807578,1.574688950221658,1.5357338060192844,1.6988039937823598,1.6385610190835596,1.8411083101894392
2023-12-05,1.0694582913861945,1.4411281573540171,1.5878474096339728,1.5415262946340256,1.7158387053539503,1.6457714073762002,1.862646918533551
2023-12-06,1.0693610778726181,1.4403767416861988,1.5856435095112082,1.540561777769181,1.7129808460076958,1.6445700417788554,1.8590274757290834
2023-12-07,1.0702444844745813,1.4472021277633094,1.6064096288615235,1.5493219266424028,1.7399013722013537,1.6554802121513579,1.8931125022100785
2023-12-08,1.0698100280880565,1.4438323036456118,1.5963937477512848,1.5449927933767853,1.7268835379146954,1.6500834898459114,1.87658765999444
2023-12-11,1.069766032676116,1.443491713300477,1.5953953903832345,1.5445554492663383,1.725587581771341,1.6495385487849277,1.8749446398011438
2023-12-12,1.0699140471454425,1.4446373436701927,1.598771494601367,1.5460264570573095,1.7299695150892067,1.6513713726356845,1.8804993831353005
2023-12-13,1.070539533650927,1.449481774357381,1.6130598434722474,1.5522477704225683,1.748522566392198,1.6591241390057563,1.9040280261338904
2023-12-14,1.0705481418908112,1.4495486301842364,1.6132581456218604,1.5523336853833594,1.7487805127678138,1.6592312745112754,1.9043557275473546
2023-12-15,1.0706736585156085,1.4505234911800544,1.616161137939334,1.553586469482516,1.7525567439238425,1.6607935041229163,1.909153262329084
2023-12-18,1.071684367868374,1.458377814729898,1.6396617603722063,1.5636813387085622,1.7831374874135562,1.673383561060462,1.9480186975284257
2023-12-19,1.0729479333199876,1.468240967285753,1.668607535224574,1.5763717354795381,1.820911836359602,1.6892277216426486,1.99616379475853
2023-12-20,1.0732139029246281,1.470328655080895,1.6744669013278104,1.5790614618441565,1.8285848611055997,1.692590393197776,2.0059772205761943
2023-12-21,1.0731321420675608,1.4696861324618973,1.6726497523840766,1.5782334161939409,1.8262035818724893,1.6915548841284276,2.0029295502170568
2023-12-22,1.073615644718631,1.4734843961143347,1.6833797164395339,1.5831279687006725,1.8402615868530365,1.6976752113240143,2.020917719508526
2023-12-25,1.0729589906678874,1.4683149002548144,1.6688075511641325,1.576462972314525,1.8211453322860771,1.6893367620004582,1.996426034465217
2023-12-26,1.0727219968680741,1.46645457911409,1.6636818118260739,1.5740661616076743,1.8144329588214372,1.6863402709560305,1.9878412079916417
2023-12-27,1.072928960722499,1.4680774754815444,1.668132551748485,1.5761565471883991,1.8202578004340295,1.6889530062937677,1.9952863275002546
2023-12-28,1.0721661924556256,1.462090803284738,1.6516838525718198,1.5684436578594987,1.7987193156521566,1.6793106737583916,1.9677418674672973
2023-12-29,1.0737562426295861,1.4745284414882383,1.6853532601360268,1.5844544840395456,1.8427193683048506,1.6993103358603503,2.0238989727990764
2024-01-02,1.0740502615015661,1.4768444359343973,1.6915154820110743,1.5874408661386445,1.8508044950515306,1.703047008863859,2.0342590561983784
2024-01-03,1.0746061368694542,1.4812287578080943,1.7032403130186997,1.593096046773733,1.8661992367468292,1.7101252010550632,2.053999863467739
2024-01-04,1.074289663622561,1.4787265425040337,1.6964477851624677,1.5898666177299912,1.8572683464638848,1.7060807602498624,2.04253196216472
2024-01-05,1.073698909500877,1.4740622252098612,1.683725743096381,1.583848756701043,1.840554660675227,1.6985467216881835,2.0210875953650094
2024-01-08,1.0733203563217872,1.4710811354198572,1.675748198303819,1.5800050150108254,1.8300899345933936,1.693737610997617,2.0076812293680795
2024-01-09,1.0732514942051772,1.470539755077962,1.6742962304755948,1.5793072558175676,1.8281870961761595,1.6928649611384199,2.0052458253018535
2024-01-10,1.0729083090043467,1.4678425207768762,1.6670214727877932,1.5758311756740948,1.8186550065323555,1.688517934956822,1.9930480146007183
2024-01-11,1.073135687028473,1.4696268714058889,1.671802086412727,1.5781299252822287,1.8249135607587095,1.6913915887687057,2.001049824840714
2024-01-12,1.072902886557029,1.4677981348070215,1.6668147638722401,1.5757734218663346,1.818380658848861,1.688445022081466,1.9926924759846232
2024-01-15,1.0733409476619147,1.4712357358022061,1.676158166171336,1.5802019983753832,1.8306122726287026,1.6939811242271323,2.0083306494704116
2024-01-16,1.0733359823798163,1.4711966963828769,1.6760510581711,1.5801516813525394,1.8304718993223983,1.6939181942336792,2.008150981705384
2024-01-17,1.0735820145162043,1.4731310761650973,1.68138894553623,1.5826448463843248,1.8374675235494649,1.697036304519003,2.0171047645751625
2024-01-18,1.0734445809048507,1.4720493583631202,1.6783851690371863,1.5812502860775817,1.833528393263414,1.6952917210428537,2.012059825588478
2024-01-19,1.0731498297582995,1.4697308263222841,1.6719628463921286,1.578261653041313,1.825109221451618,1.6915535152469274,2.0012810504495744
2024-01-22,1.0731586498680004,1.4698001156397558,1.6721534622598309,1.578350940144044,1.8253589122473075,1.6916651610129512,2.001600475187199
2024-01-23,1.0733405227040438,1.4712289340593112,1.676087038392126,1.5801921512353785,1.830511684462641,1.6939674572520647,2.0081924700289435
2024-01-24,1.073326661498842,1.4711199511044497,1.6757847449393077,1.5800516858006088,1.8301155105040012,1.6937917816624137,2.0076854028000364
2024-01-25,1.0730525501858408,1.4689648979708512,1.6698044590945627,1.5772741322768387,1.8222782648805878,1.6903180365081913,1.9976547913603182
2024-01-26,1.073505639796039,1.4725227623143669,1.6796189208358308,1.5818583622223703,1.8351310371068492,1.6960496174271373,2.014092805393277
2024-01-29,1.0742055701512017,1.4780299181981036,1.694797699141925,1.5889576403942545,1.8550320135695453,1.7049300054362573,2.039574809032561
2024-01-30,1.0747310919825441,1.4821775619001645,1.7061911149057347,1.5943083549384287,1.869996738383469,1.7116281236254833,2.0587705002406933
2024-01-31,1.0752512037053803,1.4862920131228454,1.7174654074434443,1.5996192198136712,1.8848247773450455,1.7182800760297532,2.0778162290332762
2024-02-01,1.0751742064277412,1.485681514861654,1.7157896729872644,1.5988307625708345,1.8826179445485978,1.7172919728944664,2.07497796776355
2024-02-02,1.0757935937481398,1.4905908654564517,1.7293147468815036,1.6051706576371918,1.9004261040559172,1.7252365448622333,2.097876999677924
2024-02-05,1.0752746510034168,1.4864664367525788,1.7179987521357218,1.5998408957916868,1.8855032832007614,1.7185533822264623,2.078658178345459
2024-02-06,1.0745264977665459,1.4805338907625403,1.7018039960605265,1.5921788622955815,1.8641747933779675,1.708951042466854,2.05122584932413
2024-02-07,1.0745542035723559,1.4807528618947585,1.7023851606539417,1.5924614424191539,1.8649387302743594,1.7093048981440613,2.0522065379200427
2024-02-08,1.074315983049084,1.4788698707312633,1.6973865100930488,1.5900313887067914,1.858367589562675,1.706261818814315,2.0437703925408957
2024-02-19,1.0744337899554006,1.479800086141391,1.6998588243315946,1.591231552477493,1.8616157374357551,1.707764363085843,2.047937964073044
2024-02-20,1.0753286835885412,1.486869927405584,1.7186697982697943,1.6003542072976524,1.8863369469516917,1.719186900702531,2.079666005228536
2024-02-21,1.0758798544739683,1.491241451439913,1.730175858697622,1.6060004202595475,1.901491206545282,1.7262632786723604,2.0991579796903705
2024-02-22,1.0764119809717407,1.4954721680109164,1.7413741048470508,1.6114679715413094,1.9162596705541817,1.733119755812745,2.118178961114263
2024-02-23,1.076410093125819,1.4954571233912755,1.741331868464375,1.6114485176806113,1.9162038967535768,1.7330953462788823,2.118107035211782
2024-02-26,1.0770894730875602,1.5008711924629523,1.7567320437948173,1.618449315050493,1.9365399692828678,1.7418795079055212,2.1443323104865852
2024-02-27,1.0761005187409358,1.4929665407618475,1.7343647298859737,1.6082206333123577,1.906951941301272,1.7290359466204477,2.1061089879735566
2024-02-28,1.0761122920677308,1.4930602346555144,1.734616884089717,1.6083417455668358,1.9072846366842322,1.7291878590364251,2.1065376693898643
2024-02-29,1.0762814097568436,1.4944061682297354,1.7382380066654983,1.6100815718141102,1.912062529614725,1.7313701693801262,2.1126942124593215
2024-03-01,1.076867392015178,1.4990732147958752,1.750808304371036,1.616115534331683,1.9286553288539738,1.7389400921532714,2.1340837305537144
2024-03-04,1.0772066084360223,1.5017818613574376,1.7580873583856202,1.6196196880250047,1.938277480825171,1.7433389725260502,2.1465052817827033
2024-03-05,1.0780293641886918,1.508361372511411,1.775816863629764,1.6281346177175953,1.961733448878398,1.7540319006496679,2.176810412557805
2024-03-06,1.078126968160327,1.5091447248709202,1.7779082621584161,1.6291492841902042,1.9645058742557802,1.7553072150897595,2.180399526650652
2024-03-07,1.0780588277070735,1.5085976070601792,1.7764068861464806,1.6284405357911564,1.9625151335245345,1.7544163106226005,2.177821756210188
2024-03-08,1.0766601006706913,1.4973702178469086,1.745462175813851,1.613897384758359,1.9214911117394868,1.7361367372380205,2.124709550049188
2024-03-11,1.0759388702998351,1.4916166209332815,1.730835477392785,1.606455766191743,1.9021689598879394,1.7267972678165446,2.099782925598553
2024-03-12,1.0744950475081274,1.480135127966576,1.7018467338010599,1.591617226324055,1.8639389913208115,1.7081888033022918,2.0505476877767532
2024-03-13,1.0727199581490388,1.46610918648092,1.6686735910281003,1.5735183949439884,1.820339731962548,1.685526994898163,1.994589443240577
2024-03-14,1.0735228382947757,1.4724034587785093,1.6822763588950702,1.5816248743257728,1.8381466839843532,1.6956577766681133,2.0173528598039274
2024-03-15,1.0721541343510568,1.461635338104074,1.6591937605450333,1.5677446074136938,1.807881120500315,1.6782965932003728,1.978600580033895
2024-03-18,1.0735737120148805,1.472736177556324,1.6820387621186283,1.58203267016259,1.837751806872088,1.696141469256775,2.016740541872565
2024-03-19,1.075570368316535,1.4884474461894313,1.7133918520227522,1.6022853731078133,1.878858491631066,1.721473873347268,2.069369214008616
2024-03-20,1.0748515860089067,1.4827417727775474,1.70263694078954,1.5949149143858776,1.8647062429623893,1.712235364572922,2.0511840947956457
2024-03-21,1.0764325051343242,1.4952513182234992,1.726266911787739,1.6110620231841104,1.895761334076009,1.7324593854380208,2.091038268821329
2024-03-22,1.075903229826517,1.491034121328699,1.718368625135899,1.6056094288179075,1.8853527931920269,1.7256186817033177,2.0776441248751762
2024-03-25,1.0765301432540926,1.4960176481179763,1.7276427007946271,1.6120491990314822,1.897563144934971,1.7336933015443148,2.0933424563820573
2024-03-26,1.07640547300493,1.495023872804994,1.7257986914696835,1.6107641756634818,1.895132695074717,1.732080979492008,2.090214378909018
2024-03-27,1.0774083785027082,1.5030138786463298,1.7406550687743167,1.621094457666339,1.9147095830393728,1.7450406869279698,2.115405161043565
2024-03-28,1.0741889382379355,1.4772519799511636,1.692876646978518,1.5877514751799964,1.851642428346171,1.7031662991741467,2.034114496044482
2024-03-29,1.0737918784092966,1.4741198143892755,1.6878910529056583,1.5837117306606676,1.8450986290452864,1.6981106698968278,2.025727720274176
2024-04-01,1.0755076041700913,1.4876304380050434,1.7093437802438094,1.6011297990428748,1.873239590678632,1.7198996367453336,2.061772901103467
2024-04-02,1.0758278323303545,1.4901711529673802,1.7132923313760828,1.6044112708384053,1.8784321674269364,1.724012005301949,2.0684406189400595
2024-04-03,1.0737647010799927,1.4737790343430166,1.6871164440822268,1.5832327372278372,1.8439934710270787,1.6974618382676143,2.0241979788876807
2024-04-08,1.076102762879035,1.492186503936094,1.715029661830877,1.6069621901160942,1.8806039550024403,1.7271436067168102,2.07108426869237
2024-04-09,1.0770953542491446,1.500081550771185,1.7264410860122408,1.6171649697710941,1.8956196972431478,1.7399370688490468,2.090377013467545
2024-04-10,1.0774786760226913,1.5031437896098798,1.7308400016523258,1.6211264706986648,1.901415669918787,1.7449096945125817,2.0978337110043483
2024-04-11,1.07787769299725,1.5063367833618027,1.7354426319989147,1.6252588072544596,1.9074831378225747,1.7500988720929722,2.1056436612756664
2024-04-12,1.0777974197855795,1.5056932988611653,1.7345137381138453,1.6244256638058943,1.906257963755791,1.749052209676108,2.104065800227976
2024-04-15,1.0780555616975172,1.5077618809253173,1.7374993953958304,1.6271037054457727,1.910195505105231,1.7524162953409061,2.109136285941788
2024-04-16,1.076834812616124,1.4979684948535132,1.7233391382893628,1.6144214470855753,1.8915142719162572,1.7364808048776732,2.085071657761243
2024-04-17,1.0797452118667132,1.521191638926065,1.7563461225932924,1.6444556770349723,1.934987907833866,1.7741699563312714,2.1409809656459644
2024-04-18,1.0791188225115371,1.516129642129114,1.7495994823251355,1.6378890650524696,1.9260684809604571,1.765904607397622,2.129467176026411
2024-04-19,1.080145870738623,1.5244066384601158,1.760588017968875,1.648619125125424,1.9405847213017202,1.7794014349579117,2.148191242124544
2024-04-22,1.0798212054579166,1.5217783736260448,1.7571189893050372,1.645208218170266,1.9359962924671983,1.7751063647719887,2.1422653857143055
2024-04-23,1.0784813884156976,1.5109475892913242,1.7428460580482965,1.631157108727105,1.9171251684302648,1.7574190902268032,2.117903364998495
2024-04-24,1.0807812988427314,1.5294301661952583,1.7668040248024752,1.655100748004696,1.948749593894636,1.7875156251462645,2.1586625137724407
2024-04-25,1.0801576084224962,1.5243675412068873,1.760453241910474,1.6485264136490725,1.9403438496867003,1.7792319322654877,2.1477994664409494
2024-04-26,1.0800250848276831,1.5232947613114545,1.7591130485315096,1.6471342249970478,1.9385712816331855,1.7774789338103845,2.145510366578461
2024-04-29,1.0802596689381296,1.5251926186005873,1.761482905941562,1.6495968021222254,1.9417052274728994,1.780579293642956,2.1495569371514858
2024-04-30,1.0774318874271733,1.5022914714343287,1.7328829071888665,1.6198738737500284,1.9038738523991958,1.7431491152335863,2.100695687508006
2024-05-06,1.0786931916349203,1.5123793321221453,1.744780989618108,1.6329267830802978,1.919560392744247,1.7595364169481391,2.1208885986868555
2024-05-07,1.0788101378833046,1.5133198432640296,1.7458817358641,1.6341453550092437,1.9210136058928367,1.7610683137397438,2.12276183334948
2024-05-08,1.079113335995073,1.5157594906180534,1.7487438969640927,1.6373066735441326,1.9247927281339816,1.7650429790686832,2.1276338477057894
2024-05-09,1.079015429947196,1.5149706530039557,1.7478175349972835,1.6362841611221561,1.9235691837736464,1.7637569800553774,2.1260559478709853
2024-05-10,1.0789300556714845,1.5142830805780298,1.7470092000115964,1.635393004160453,1.9225016433210536,1.7626363016261535,2.1246793787968725
2024-05-13,1.0794535873903854,1.518497828761134,1.7519640946039006,1.6408552085115564,1.9290447980997172,1.7695046973330395,2.1331158468532716
2024-05-14,1.0797634754338936,1.5209983461314014,1.7549057236506087,1.644097613108993,1.9329315450219642,1.7735840894850095,2.138130087599525
2024-05-15,1.079567247897343,1.5194128144831882,1.7530370405407196,1.6420409885466067,1.9304616437739994,1.7709957216563939,2.1349426328327903
2024-05-16,1.0794789130401004,1.5186996773506807,1.7521932976661614,1.6411161572768926,1.9293466782241284,1.769832016889644,2.1335040553074216
2024-05-17,1.0794621216033011,1.5185641707498445,1.752033002900254,1.640940442163207,1.9291348768153096,1.7696109373082554,2.133230806147646
2024-05-20,1.0782709628678626,1.5089522487963638,1.740655970273079,1.6284766226440663,1.914102399413742,1.753929606507037,2.1138374665132185
2024-05-21,1.0783336956467233,1.509455815454081,1.7412459401498215,1.6291287677578883,1.9148809078215652,1.7547490550076341,2.1148405025129904
2024-05-22,1.0787797514456188,1.5130373675523376,1.745460641190333,1.6337673741987704,1.9204428910212206,1.7605780532027089,2.1220070884416655
2024-05-23,1.0786466752146686,1.5119667552876803,1.7441999450111778,1.6323801264604727,1.9187783940114143,1.7588339752996152,2.119861357606165
2024-05-24,1.0784225633681235,1.510164805432062,1.742075299804632,1.6300455774054203,1.9159736307188202,1.7558993453790368,2.116246213253703
2024-05-27,1.0780627053927814,1.5072742495787785,1.738668613027416,1.6263015586589047,1.9114775297518898,1.7511940740356526,2.1104524664564397
2024-05-28,1.078678601152628,1.5122136055483077,1.7445000187489272,1.632696850542325,1.9191707273537901,1.7592282318991823,2.12036215614309
2024-05-29,1.0785616024124303,1.5112727626356488,1.743384234146372,1.6314778868286932,1.9176977222812244,1.7576958952169026,2.11846349498612
2024-05-30,1.0778793988614952,1.5057896555188923,1.7368827206282025,1.624374813260557,1.9091158360250744,1.7487678650461682,2.1074031066374763
2024-05-31,1.0783711650538135,1.5097303036818748,1.7415401160490662,1.6294759955674556,1.9152589156333875,1.7551749952781148,2.115314414204233
2024-06-03,1.0785872561537153,1.5114656367404795,1.7435924844773347,1.6317235627439892,1.9179674264928377,1.7579994325035717,2.118804409221512
2024-06-04,1.0784962576872776,1.5107341744845555,1.7427270189934339,1.6307759705506346,1.9168250027063254,1.7568083539375916,2.1173320164809484
2024-06-05,1.0785586651801584,1.5112356168244656,1.7433227494757895,1.6314255144338825,1.9176112952726365,1.7576247208069657,2.1183453151178737
2024-06-06,1.0787233227944149,1.512558998391468,1.7448950382610815,1.633139871954076,1.9196866691424581,1.759779521411094,2.1210200411929345
2024-06-07,1.0796252205174834,1.5198129457556266,1.753512574462033,1.6425385485137833,1.9310636074703742,1.7715949198505478,2.1356851948107676
2024-06-11,1.0793989494534888,1.517985851333927,1.7513235937901237,1.6401689887377882,1.9281708577008823,1.768613224184345,2.13195270771422
2024-06-12,1.0795337221454437,1.519073033926603,1.7526305246142275,1.6415786170333635,1.9298975420922786,1.7703865791285616,2.134180074836306
2024-06-13,1.0798756695220895,1.521833081525317,1.755999822742567,1.6451577748635817,1.9343496385850445,1.7748899121246346,2.139923991972848
2024-06-14,1.0791606269257163,1.5160529192265115,1.7487701863657505,1.6376594921192045,1.924792932942042,1.7654520751957423,2.127589582259436
2024-06-17,1.0795611026985827,1.519280070859147,1.7528000170283435,1.6418427040137258,1.9301154776474263,1.7707133256866554,2.1344534664473
2024-06-18,1.0796751562121778,1.520200762364359,1.7539675620925426,1.6430366621201793,1.93165826412212,1.7722156115704455,2.136443938160801
2024-06-19,1.0792854224820851,1.5170530815546572,1.7499243665045063,1.6389542368781749,1.9263149004203823,1.7670783185937433,2.129549121376177
2024-06-20,1.0792330206159673,1.5166305821771846,1.7493670922126967,1.6384064982500097,1.925578764075876,1.7663893346036112,2.1285996859596032
2024-06-21,1.0794942103720355,1.5187359868312054,1.752157423597003,1.641135844768903,1.9292644418611318,1.7698223064277505,2.1333530038588115
2024-06-24,1.0797125573660986,1.520498060405856,1.754536928382194,1.6434207465263277,1.9324084702979487,1.7726970522710268,2.1374090624400477
2024-06-25,1.0795990671782418,1.5195813104717237,1.7532954109746417,1.6422317104595059,1.930767614264268,1.7712007216097034,2.135291647456519
2024-06-26,1.0797648237848665,1.5209195909550877,1.7551120846919115,1.6439672674570478,1.9331682877095078,1.7733845525624283,2.1383891172077676
2024-06-27,1.0796646690077867,1.5201103765557553,1.7540132509891317,1.6429176482718375,1.9317159151895706,1.772063596705439,2.1365148052062746
2024-06-28,1.079569505318255,1.5193418261437057,1.7529618296734426,1.641920879835795,1.9303263836421156,1.7708092875974935,2.1347218152794896
2024-07-01,1.079336565621457,1.5174613698427246,1.750115871121743,1.6394822761632801,1.9265656887180593,1.7677409186527573,2.1298697634070556
2024-07-02,1.0794275863956013,1.518195403769118,1.7512279220326843,1.6404339463432327,1.9280346925693896,1.7689380591970991,2.131764456843948
2024-07-03,1.080020040854054,1.522975140606185,1.7586832996352901,1.6466314430891558,1.9378843939017059,1.7767348696315535,2.144470028917053
2024-07-04,1.0806952579377427,1.5284367328916146,1.76719188830028,1.653717491453366,1.9491350798152633,1.785655121629048,2.1589950879415705
2024-07-05,1.0798791779070998,1.5218162170965468,1.756334654712217,1.6451216791148073,1.9347650173474484,1.7748265797888554,2.1404249486167846
2024-07-08,1.0801467956557653,1.5239795173834343,1.7600760563262037,1.647927977662881,1.9397108171282595,1.778358725082445,2.146808393292457
2024-07-09,1.080629663500618,1.5278873818109406,1.7669173812606014,1.65299881677814,1.9487582843199482,1.7847429439059614,2.1584907403323266
2024-07-10,1.0806554302906992,1.5280963545490465,1.7672833228810947,1.6532701182048863,1.9492426069750382,1.7850846887714142,2.159116595423685
2024-07-11,1.0816041015374245,1.535791097061597,1.7807816647862147,1.6632601855134634,1.9671083625045471,1.7976690220847045,2.1822041734577207
2024-07-12,1.0823478881755788,1.5418490660637298,1.7913230539172695,1.6711331145848198,1.9810815890637519,1.8075963569454205,2.2002888434287744
2024-07-15,1.0830927939805337,1.5479358964648222,1.8018756751362217,1.6790497679616088,1.9950861675684586,1.81758666389617,2.2184353974859565
2024-07-16,1.0837556676770819,1.553370063026585,1.81148272909147,1.686123112116568,2.0078507999268487,1.8265197832665852,2.234994630953369
2024-07-17,1.0841879704885782,1.5569243006826137,1.8185825396538138,1.6907526970947475,2.017294131682431,1.8323707004219771,2.247258205717792
2024-07-18,1.0841766153044663,1.5568307661570773,1.8183941679844307,1.690630807737954,2.017043386244199,1.832216585097556,2.246932321311271
2024-07-19,1.082899824986401,1.5463141552787727,1.796866117686659,1.676926268955431,1.9883875454569502,1.8148889519310207,2.2096901754483125
2024-07-22,1.0827836928171688,1.5453629443295425,1.7949846451576543,1.6756884009923367,1.9858891312410207,1.813325958323578,2.2064509469657265
2024-07-23,1.083474885469497,1.551021463022948,1.8065699924126832,1.6830512648498896,2.0012701309108385,1.8226215315208554,2.2263884437499155
2024-07-24,1.0842287943095077,1.557212061674099,1.8205524403874915,1.6911123485718573,2.0198573911486513,1.8328060235662724,2.250512892292771
2024-07-25,1.0838660059434542,1.5542232742432194,1.813779830851779,1.6872174067413788,2.0108405421145235,1.8278811871629241,2.238791953839672
2024-07-26,1.083930962108118,1.5547575593166356,1.8149844409575242,1.6879134110472997,2.0124431261526987,1.8287608892692104,2.2408735846489556
2024-07-29,1.0848721303334286,1.5625011638628967,1.8324605392233622,1.6980015695914976,2.035695989174599,1.8415125118433118,2.271081236304845
2024-07-30,1.084449398139772,1.559008779985509,1.8226262144131957,1.6934472766853013,2.0225859471450245,1.835750099464266,2.254017637881827
2024-07-31,1.0843299660189292,1.5580239182418718,1.8197548324958834,1.6921635291202444,2.018762266786046,1.8341265396140125,2.249046238035962
2024-08-01,1.0848710884103039,1.5624837966681833,1.83272366819288,1.6979761564071199,2.0360267877083524,1.8414768593396122,2.271485807840233
2024-08-02,1.0846612044688748,1.5607498671002484,1.8276890435143875,1.6957150095821576,2.0293150520183283,1.8386159095783157,2.2627498973563664
2024-08-05,1.0862607407861473,1.5739521233922988,1.8658825278015128,1.7129277081394536,2.0802033228615047,1.8603896931688861,2.328948917446718
2024-08-06,1.0864830300191253,1.575799650059935,1.8709077321994638,1.7153404978858404,2.0869262199770007,1.8634469446106159,2.337730189491151
2024-08-07,1.0872714073495198,1.5823584900280465,1.8888621469170808,1.723908067106478,2.1109591777933563,1.8743054762885638,2.3691382633564206
2024-08-08,1.0868888879970604,1.5791652234123288,1.8801848794895109,1.7197333634999699,2.0993221036886363,1.8690100770475386,2.3539012039211307
2024-08-09,1.0873354168823819,1.5828866275409361,1.8902239267947927,1.7245965578592304,2.1127730323528486,1.8751762960090645,2.371496971291814
2024-08-12,1.087663860911354,1.5856292277279853,1.897631991062095,1.7281823197905324,2.122709352500335,1.8797249492600205,2.3845089125827945
2024-08-13,1.0879626401664537,1.5881276867932648,1.9043923048405134,1.731450013933272,2.1317839347275798,1.883871556840543,2.3964016504505103
2024-08-14,1.087989129286764,1.5883494828522955,1.9050294679476485,1.731740188678811,2.1326398260723245,1.8842398958643523,2.3975241388184427
2024-08-15,1.0874955328126459,1.584216073544967,1.8931564193649788,1.7263323176093495,2.116689876725931,1.8773751165889836,2.3766046257714475
2024-08-16,1.0872716393675166,1.5823452054568619,1.88786142733476,1.7238858785688063,2.109585642181085,1.8742712157037729,2.3672986099593327
2024-08-19,1.0849103475874375,1.5626333418601193,1.8322702430036557,1.698115772391586,2.0350413800236837,1.8415833232086447,2.2697060091028542
2024-08-20,1.0844830321293235,1.5591029192704842,1.8240088017918399,1.6935119543707593,2.024030531734983,1.8357584159401894,2.2553787230665994
2024-08-21,1.0860538336544447,1.572056450962862,1.8542055481163258,1.7103962489233937,2.0642402959377266,1.8571113210865544,2.3076521214947503
2024-08-22,1.0850678998572405,1.56387030672087,1.8357643922851508,1.6997084263103521,2.0396042072307004,1.8435726128588978,2.275520796363186
2024-08-23,1.085272023779261,1.56555784089602,1.8394559203199168,1.7019093628290873,2.0445259212431046,1.846357708582808,2.2819269606772323
2024-08-26,1.0855703528593352,1.568026385353651,1.8449337158196768,1.7051296122368744,2.0518321000540087,1.8504335353309302,2.2914405895372956
2024-08-27,1.0858088535338541,1.5700024441302338,1.849334933941582,1.7077082191023798,2.057705846440297,1.853698270954629,2.2990935375353994
2024-08-28,1.0848087526156083,1.5617076496413218,1.8308411928805643,1.6968814165499844,2.0330128532531506,1.8399871682978726,2.266905546226187
2024-08-29,1.0845613831084588,1.559664935595058,1.8264201015294714,1.6942179909041715,2.0271217018564287,1.836617783068642,2.2592418148439166
2024-08-30,1.0866138199070718,1.5765951250720567,1.862931917893453,1.7162869091288953,2.075750532822739,1.8645289073725548,2.3224718631087513
2024-09-02,1.0854772242613238,1.5671356769991867,1.8437516327669483,1.7039298036398296,2.0501048374399122,1.8488670676656804,2.288995630860654
2024-09-03,1.0838286255120713,1.553483066419767,1.8166307714567773,1.6861165992783744,2.0139173544973783,1.8263172607524705,2.2418573153103134
2024-09-04,1.0838030220017973,1.553272562458601,1.8162342960470443,1.6858424275947754,2.013389915204262,1.8259707968376315,2.241172323160966
2024-09-05,1.0830902665451243,1.547413168237189,1.805200278692312,1.6782110441913438,1.9987117785907917,1.8163274694579656,2.2221104718857556
2024-09-06,1.0826379512878057,1.5437063804179618,1.798291841295046,1.6733869113344773,1.989532979743558,1.8102361184543692,2.2102049588119743
2024-09-09,1.0826292780805506,1.5436354428931047,1.7981591323596327,1.673294635295103,1.9893567933442327,1.8101196590422748,2.2099766090432933
2024-09-10,1.0829192362209625,1.5460068992373703,1.8026034945293115,1.6763794143058202,1.9952571090049918,1.8140128500652657,2.217623713665177
2024-09-11,1.0828377850588773,1.5453398966805418,1.8013533094666663,1.6755115144100758,1.9935965503909305,1.8129171682196061,2.215470485809063
2024-09-12,1.0834731375397908,1.5505409367516245,1.8111267305064613,1.6822784936705426,2.0065762973632038,1.8214594163041895,2.23229884260246
2024-09-13,1.0836041972103874,1.551616780040153,1.8131427849274877,1.6836791929882735,2.009256640122627,1.8232287645223986,2.2357776772001863
2024-09-18,1.0815710188874499,1.5349172551938643,1.7818199029045996,1.6619341516521573,1.967603632395638,1.7957568550771092,2.181703943243702
2024-09-19,1.0826360782644628,1.5435872452919597,1.7969974717983501,1.6731990866886908,1.9877157254108286,1.8099575370612302,2.2077212453237376
2024-09-20,1.0823802259740283,1.5414948060833746,1.7933743783737204,1.6704773222661604,1.9829065835698698,1.8065226054892307,2.201489576868979
2024-09-23,1.0823810137179506,1.5415012412846034,1.793385502175605,1.6704856906558616,1.982921342870721,1.8065331637285593,2.2015086941865225
2024-09-24,1.0834328428488145,1.5500938248055234,1.8082423218083075,1.6816595677307842,2.002633716836806,1.8206310452921184,2.227041623146609
2024-09-25,1.0845814390534094,1.5595200588988318,1.8243783053786728,1.6939311217466873,2.0240784962422715,1.8361309923393043,2.2548640611304447
2024-09-26,1.0842758828596286,1.5569998604310387,1.820109585332391,1.6906462321988702,2.0183953167657225,1.8319769064190758,2.247477689155173
2024-09-27,1.0868857493587203,1.5784970617077279,1.8564260627720406,1.7186571498089929,2.066722741823855,1.8673881663744158,2.3102588880636876
2024-09-30,1.0909515760980433,1.6123677175007838,1.9100760230361893,1.7629109247392882,2.138395680616987,1.9234855318301438,2.4037306508459935
2024-10-08,1.0918351349063535,1.6198581851964804,1.920455305981876,1.7727387280539952,2.1523396369106282,1.9359956611983407,2.422017148529457
2024-10-09,1.0914534101205144,1.6166096681980167,1.9159308305725846,1.768472597639953,2.1462547000338494,1.9305601478796062,2.41402857426096
2024-10-10,1.0923384702524557,1.6241291446259918,1.9263723665280434,1.7783436171740352,2.160290819874321,1.9431318419220718,2.4324471058983286
2024-10-11,1.0923780242248338,1.6244664849759014,1.9268396890094746,1.7787868630033918,2.1609197029401903,1.9436968804159012,2.433273234912699
2024-10-14,1.0929341378418136,1.6292101737152378,1.9334116529817207,1.7850200562072518,2.169764125140321,1.951643126352904,2.4448922283224603
2024-10-15,1.0932347988494875,1.6317810139319284,1.9369881473783028,1.7884000999281666,2.174580574378227,1.9559546067293003,2.451223937701526
2024-10-16,1.0921859685609536,1.6228011758996999,1.9244611593935232,1.7765900275492907,2.157704305043874,1.9408852943745147,2.4290301860257544
2024-10-17,1.0915817011184508,1.6176511101838742,1.9173491657296342,1.769824277910082,2.148135551148615,1.9322619573040858,2.4164628520001634
2024-10-18,1.091493169208374,1.616898546421761,1.9163127705124934,1.7688362485815239,2.146742179017483,1.931003459444843,2.414634194590358
2024-10-21,1.09146035785207,1.6166197412754968,1.91592869341294,1.7684702436889392,2.1462258659047433,1.9305373057802278,2.4139566601100295
2024-10-22,1.0913693641436026,1.6158466582621134,1.9148637900368786,1.7674554044387458,2.144794378494016,1.9292448238294173,2.4120782588687946
2024-10-23,1.0911711547574356,1.614163335264202,1.9125081558684456,1.7652458890878713,2.1416281892651856,1.9264310920749048,2.407924039863597
2024-10-24,1.0912190400509323,1.614569658454331,1.9130764283838029,1.765779114189951,2.1423918116953478,1.927109991820496,2.4089257087272897
2024-10-25,1.09147406399455,1.616734074093888,1.91611133516021,1.7686196580419258,2.1464702432711484,1.93072674119829,2.4142758404775595
2024-10-28,1.092192138572068,1.6228351942350643,1.9246956509092925,1.776628812688196,2.1580098514198833,1.9409272029781341,2.4294184201573725
2024-10-29,1.0919095888301706,1.6204270353310597,1.9213077636329148,1.7734651609437049,2.153451565574865,1.9368949478240232,2.4234315857968
2024-10-30,1.0920768858385916,1.6218511528532955,1.9233078809690334,1.7753354996302662,2.1561417056286296,1.9392780927378621,2.4269635584808005
2024-10-31,1.0923009513576012,1.6237598967528812,1.9260040936413148,1.7778427537382717,2.1597688419685617,1.9424733423830853,2.431726734440721
2024-11-01,1.0918775357953552,1.6201494481268912,1.9208903493310956,1.7730990894019643,2.1528875446773656,1.9364265861393355,2.4226876465641
2024-11-04,1.0909386158232879,1.6121580166878104,1.909599425744192,1.7626040577313729,2.1377020310847046,1.923054518244629,2.402750988783221
2024-11-05,1.0914066341545492,1.6161252250501519,1.9151564753073744,1.767808970017846,2.145167041376122,1.9296796883841973,2.4125399993022367
2024-11-06,1.090053740728051,1.6046339859639043,1.8990567405848986,1.7527252510942772,2.123527063183106,1.9104706726213412,2.384146624507181
2024-11-07,1.0891305144098828,1.5968383579535914,1.8881277396427703,1.7425071496346312,2.1088620800186653,1.8974766525855569,2.364937679240838
2024-11-08,1.089478203026201,1.5997624184697026,1.8921922576569965,1.7463361130333943,2.11430970375754,1.9023410592710586,2.3720649854273685
2024-11-11,1.0885551806884965,1.5919880698749946,1.8813406445566137,1.7361521315500168,2.099759171197193,1.8893983577060818,2.353019867832513
2024-11-12,1.0890706597371602,1.5963123640692236,1.8873348044315195,1.7418111934926221,2.107787249817004,1.8965833613532745,2.363515642876973
2024-11-13,1.0908826881356413,1.611547336532616,1.908452153774598,1.7617595039861726,2.136088034346019,1.9219243624688236,2.4005391002666103
2024-11-14,1.090305966462159,1.6066602937146028,1.901829683195128,1.7553484276727358,2.1271931735754395,1.9137647899789412,2.388877031951763
2024-11-15,1.0913176631849937,1.6152117655522482,1.9133837646273404,1.7665598674798104,2.1427010374183753,1.92802524570637,2.4091952507721137
2024-11-18,1.0930801621946475,1.630174880805833,1.9334727411911368,1.7861980891395595,2.169696983586427,1.9530306167728977,2.4446076834242305
2024-11-19,1.0923522047000032,1.6239475338885312,1.9252574943641747,1.7780100533931653,2.158634238787307,1.9425856767437382,2.4300658297320683
2024-11-20,1.0927219876390408,1.6271008755510978,1.9293985363094674,1.7821530491938253,2.1642058539838387,1.9478665683413123,2.4373833996593537
2024-11-21,1.093637813910869,1.6349231445895553,1.940156955601962,1.7924342659232648,2.178687113448438,1.9609766534064383,2.456410754005938
2024-11-22,1.0933891846875947,1.6327911266657753,1.9372286818370814,1.789629361977932,2.1747411694064733,1.95739656320965,2.4512203180443835
2024-11-25,1.0931859419175416,1.63105017859283,1.9348006676511418,1.7873395515510093,2.171470330526434,1.9544746854466715,2.446919206427966
2024-11-26,1.092953964032463,1.6290648393680653,1.932006138320996,1.7847288591029853,2.1677066947392514,1.9511440623727423,2.44197131559494
2024-11-27,1.092538208104375,1.6255102469885312,1.9270091691803224,1.78005576068569,2.1609787885003673,1.945183752931994,2.43312898477095
2024-11-28,1.0924673739134716,1.6249057267158313,1.9261615029346661,1.7792613665838766,2.159838084778213,1.9441709852666205,2.4316305623022942
2024-11-29,1.0914274772533847,1.6160336613828241,1.9137237195190366,1.7676035409050417,2.143102043732618,1.9293096081401095,2.4096481210955067
2024-12-02,1.0912867826463586,1.6148387166348768,1.9120512531547569,1.7660351167182458,2.140854530543454,1.9273123813410005,2.40669990158626
2024-12-03,1.0916701850971045,1.618093034700999,1.9166079358396215,1.7703059382633612,2.146976873605574,1.9327500280928822,2.4147295999803697
2024-12-04,1.0908356640936157,1.6109978424900675,1.9063438896361482,1.760990779763996,2.1331795792817423,1.920885119394013,2.39662529496969
2024-12-05,1.0905897233914863,1.6089144029918552,1.9033152179489683,1.7582578764790031,2.1291127156079437,1.9174072332335181,2.3912946577739764
2024-12-06,1.090542267573979,1.6085128194995526,1.9027155178470003,1.7577312451028961,2.1283077018505097,1.9167372170238062,2.3902398227728106
2024-12-09,1.0911783401710307,1.613894322219146,1.910750904955522,1.7647881254916609,2.1390934085586375,1.9257150112878993,2.4043717846500567
2024-12-10,1.0932325173429347,1.6313217025832856,1.9369054733562445,1.7876562651225902,2.174229583383676,1.9548273481476646,2.4504476120093566
2024-12-11,1.0942024425332766,1.6396236535907496,1.9490349336092185,1.7985733280472596,2.190568366050315,1.9687549708755072,2.4719311847747867
2024-12-12,1.0943823406939848,1.6411699333555005,1.9512852227437063,1.800608744555059,2.1936033525089806,1.9713543139340022,2.4759267949644923
2024-12-13,1.0936157353419818,1.6345755957622976,1.9416856829527238,1.7919267756545496,2.1806533752800648,1.9602648552272819,2.4588740030327405
2024-12-16,1.0931194665343522,1.630320864898622,1.9355426058651202,1.7863296044909105,2.172374431739429,1.9531213745813014,2.4479829130099153
2024-12-17,1.095069595222261,1.6470042273044034,1.9595700357488957,1.8082653974820049,2.204735325794724,1.9811026667199516,2.4905271756208798
2024-12-18,1.0960972893007404,1.6558703084451956,1.972032230311733,1.819946407747098,2.221560960044095,1.9960330860718047,2.5127016358976535
2024-12-19,1.0960711723555414,1.655643992867968,1.9717013710418223,1.8196479189924952,2.221113691063799,1.9956511559599897,2.512111437186715
2024-12-20,1.0951849094766704,1.647964976101463,1.9604111297446478,1.8095203019884014,2.2058515971855654,1.9826927577452669,2.491972848964939
2024-12-23,1.0953219167252939,1.649147524504121,1.9621326928028877,1.811078474915903,2.208176117321606,1.9846845975371852,2.4950365551780656
2024-12-24,1.0951863242992816,1.6479764945205562,1.9604270239389627,1.8095352578305648,2.2058726539952818,1.9827115931867907,2.49200006908567
2024-12-25,1.095102203049161,1.647250416026583,1.9593638481656686,1.8085785466353512,2.20443711143069,1.9814886109699381,2.4901080283744346
2024-12-26,1.0944441472329112,1.6415725837448503,1.950985465981742,1.8010978584124355,2.193125511512816,1.971926747243265,2.4752009923664353
2024-12-27,1.094685582399114,1.6436498007487237,1.954035513949195,1.8038327513809325,2.19723982489468,1.9754200851160206,2.4806183953365846
2024-12-30,1.0941339227611961,1.6388985718078637,1.946637049827635,1.7975756357576935,2.187256669586663,1.9674257165441527,2.467469262430539
2024-12-31,1.0938428922785068,1.6363980253508104,1.941939931589024,1.7942844585259108,2.180923406878353,1.9632232019495914,2.4591338653273542
2025-01-02,1.094104074358197,1.63863928528596,1.9461836735677838,1.797233465655122,2.186642601008105,1.9669876472821868,2.466657425260537
2025-01-03,1.0945950902154726,1.6428575623297832,1.954192716610096,1.8027853125358644,2.197440912563677,1.974076588989814,2.4808687209676212
2025-01-06,1.0943879536004228,1.641074288054182,1.9507752717492701,1.8004370670791725,2.1928295148710464,1.971076664886894,2.474794844637867
2025-01-07,1.0935359382895127,1.6337457188915214,1.9367528111208403,1.7907887816857655,2.1739146561587566,1.9587534931230366,2.449889977693475
2025-01-08,1.093891757736741,1.6367949892863998,1.9425295303964991,1.794799637832348,2.1816955735535384,1.9638717171867517,2.460120120232353
2025-01-09,1.0943273549492272,1.6405336829608335,1.9496165119238174,1.7997191587962518,2.191247018297763,1.9701518199120809,2.4726855694592262
2025-01-10,1.0943431537135047,1.6406695380368943,1.9498782642765229,1.7998980037556056,2.191600050225154,1.9703802316657537,2.473150339718345
2025-01-13,1.0945290998025154,1.642268615461935,1.9529793999162084,1.8020031269617995,2.19578274151304,1.9730688332785815,2.4786570447890357
2025-01-14,1.0944416518267541,1.641515985512429,1.9515189054015383,1.8010121259698648,2.193812257656718,1.9718029094489877,2.4760619887301005
2025-01-15,1.0947817356474416,1.6444418440796555,1.957193882235008,1.8048643017427148,2.201467730758039,1.976723301989161,2.4861424609917524
2025-01-16,1.0947449959282922,1.6441252945574751,1.9565798004973523,1.804447385376077,2.2006388617481156,1.9761905843703698,2.485050401296028
2025-01-17,1.0949693162574834,1.6460577319402265,1.9603314676792818,1.806992433440906,2.2057024311020266,1.9794424109815458,2.4917213864748895
2025-01-20,1.0952141800223398,1.648169190152719,1.9644320403129174,1.8097739074605346,2.211239031320536,1.9829971550195056,2.4990183556737597
2025-01-21,1.0950047890748733,1.6463617018732386,1.9609187316308325,1.8073922501798707,2.206493375500954,1.9799526000112593,2.4927612025690937
2025-01-22,1.0946123097118896,1.6429768402678575,1.9543053976303466,1.8029331284985026,2.1975635137417706,1.9742536021907449,2.4809913892616016
2025-01-23,1.095165881971803,1.6477429088483453,1.963592765668787,1.8092092264148114,2.210095586465747,1.9822714871455291,2.497497833046846
2025-01-24,1.0946798815667442,1.6435485939667103,1.9554353163979694,1.803682835270955,2.199077776900262,1.975207290992926,2.4829721650333134
2025-01-27,1.094743317612939,1.6440949130535143,1.956491999630336,1.8044022929345007,2.200503788956422,1.9761264794041447,2.48485062199055
2025-02-05,1.0934730789749654,1.6331524583870203,1.9352506451666087,1.7899910152396752,2.171835122186205,1.957713221177849,2.447081885902939
2025-02-06,1.093252459651349,1.6312623920947766,1.9316395942204831,1.7875051223907015,2.1669721196852816,1.9545412632566421,2.440689353579558
2025-02-07,1.092249210073637,1.6226756740848423,1.9152156528366526,1.7762141351148366,2.144862266575669,1.9401374906650732,2.4116362969954137
2025-02-10,1.0919664401013693,1.6202660009822132,1.9105602591277417,1.773048921885168,2.1386059403259283,1.936103945279602,2.4034294076041225
2025-02-11,1.0915340286706219,1.616585651606537,1.9033617838633157,1.7682160565491698,2.1289367125348178,1.9299470830614802,2.3907517451850033
2025-02-12,1.0906165002555557,1.6087910159891037,1.8881708354493607,1.7579851604577694,2.10854716722554,1.9169192994968913,2.364038536253621
2025-02-13,1.0902849136914259,1.6059853281648826,1.8827189775523296,1.7543061064271315,2.1012413667275682,1.9122390222456982,2.3544823230714753
2025-02-14,1.089893038665256,1.6026742913304315,1.876281040978762,1.7499659132494616,2.0926191609882907,1.9067196123114674,2.3432107465609344
2025-02-17,1.0913510811936957,1.6149726297031346,1.9014771507865795,1.7660802339632276,2.126340673500318,1.9272036721989279,2.3872636957605775
2025-02-18,1.090585304610431,1.6084725658989663,1.8884986436411222,1.7575503302413409,2.1089247013252423,1.9163442153613761,2.364451764263539
2025-02-19,1.0903056722666944,1.6061068843981756,1.8837537689088562,1.754448402816944,2.102566264016581,1.91239833265392,2.3561347668129087
2025-02-20,1.0893017321674803,1.5976238968855705,1.865753961466582,1.74332862190783,2.0784575157216216,1.8982573113646972,2.3246158061425106
2025-02-21,1.0896951821989975,1.6009339182171978,1.872686624694467,1.74766289978472,2.0877251338240455,1.9037633513582757,2.336708552770127
2025-02-24,1.089717161768708,1.6011191444165875,1.8730750498650248,1.7479055428717762,2.0882447669418283,1.904071719857772,2.337387091810594
2025-02-25,1.08938474643076,1.5983175467402095,1.8670919690460839,1.7442354139189016,2.080240301422151,1.8994073448832685,2.3269343946658405
2025-02-26,1.091459176636716,1.615775585739785,1.9042934769502127,1.7670976517334651,2.1299784464940608,1.928452823736301,2.3918437068984293
2025-02-27,1.0926602350800227,1.6259744671065304,1.924508697903897,1.7804824951282108,2.1571116497173928,1.9454943525487969,2.427390910861285
2025-02-28,1.0931001488661318,1.6297294763461283,1.931810405799264,1.7854166893769408,2.16693271159012,1.9517844199416563,2.44028445566968
2025-03-03,1.0952691704903108,1.6482790658510644,1.9679244868333943,1.80980263599978,2.21554417986275,1.982885728744456,2.5041520497355116
2025-03-04,1.095196513411767,1.647651870738666,1.9667751337710495,1.808976247271399,2.213991411448155,1.9818294035331547,2.5021045033054143
2025-03-05,1.0941823580446852,1.63890016410882,1.9504710064274167,1.797445926068742,2.191967217249148,1.9670919788541847,2.473065859462562
2025-03-06,1.0941937054059079,1.6389976569046643,1.9506492959825321,1.7975742350646524,2.192207654471974,1.9672558010449823,2.4733823422682852
2025-03-07,1.0936830519345122,1.6346100747278176,1.9426125928317801,1.791799726742128,2.181369341998225,1.9598829442046806,2.4591158231222314
2025-03-10,1.093973470054409,1.637099856327961,1.9471964465022449,1.7950747756799204,2.1875460204992416,1.9640622606029479,2.4672394798857646
2025-03-11,1.0941146471673755,1.6383117026000893,1.949430426288941,1.7966693183707823,2.1905576941910514,1.9660976881471837,2.4712023406395764
2025-03-12,1.0934162924996595,1.63231345213871,1.9383677653091602,1.7887756757502038,2.1756404772640843,1.9560199936004983,2.451569271065214
2025-03-13,1.092840016967327,1.6273787260208457,1.9293118538737681,1.782286394147169,2.1634431587799634,1.9477413188695059,2.4355342995642633
2025-03-14,1.091676657199686,1.617441596739758,1.9100428439830026,1.7692267590188155,2.137514282093115,1.9310906525094589,2.4014794275233733
2025-03-17,1.0913101649696924,1.614326911176689,1.9040559681195137,1.7651383875646234,2.1294744419165625,1.9258845070363477,2.3909412854218837
2025-03-18,1.09096631990782,1.61140934354462,1.8984592725513307,1.7613102331133588,2.1219633054555453,1.9210116045488141,2.381102331626439
2025-03-19,1.0911872007230385,1.6132807468193924,1.9020691632998152,1.7637648211431547,2.126805161680163,1.9241349464798025,2.387441012241491
2025-03-20,1.0906702760354838,1.608896925786171,1.893587540734646,1.7580135374915071,2.115424655230189,1.916815024902563,2.372536652539748
2025-03-21,1.0909709991728478,1.611441507737385,1.8988269656191934,1.761350041735473,2.1224485345121775,1.9210592309627614,2.38172715376199
2025-03-24,1.090348063232049,1.6061636268709016,1.8877295874964344,1.754427398395468,2.1075633779223164,1.9122504902211868,2.3622397027173454
2025-03-25,1.0914267868751504,1.6152784801482607,1.9067454673256252,1.7663748847321925,2.1330398056007907,1.9274431115076198,2.395553845408655
2025-03-26,1.0902903789556306,1.6056312663186365,1.8867874042275876,1.7537153243462518,2.106247759933248,1.9113268575628382,2.360449600049751
2025-03-27,1.0901358214785204,1.6043256712194018,1.88415005835889,1.7520041154173158,2.1027148316453017,1.9091510238936376,2.355830398765167
2025-03-28,1.0903498498924018,1.606132421827815,1.8877974669440085,1.7543717901793112,2.107599449042928,1.9121610758863177,2.3622151059580925
2025-03-31,1.090793462948202,1.6098807245169298,1.8953590257977013,1.7592848967770993,2.1177298179323922,1.9184085694102027,2.3754616752570645
2025-04-01,1.0900709285439476,1.6037639205873757,1.882981713774675,1.7512635317609746,2.1011344590287244,1.9082038750772536,2.3537441209918866
2025-04-02,1.0902517505271405,1.6052899108562073,1.8860433935448562,1.7532631361216824,2.1052341276472215,1.9107458082818285,2.3591020992395713
2025-04-03,1.0940218638205448,1.6371315883334363,1.9501564569378307,1.7949952909945621,2.19111105468603,1.9638065619186327,2.4713736239242055
2025-04-07,1.0957010707388355,1.6515453274153429,1.9741878172819465,1.8139596263933928,2.223511765380894,1.988012382531687,2.5140095149299
2025-04-08,1.0968839823479237,1.6617727349076412,1.9907896256323312,1.8274394411819364,2.2459499442839546,2.005247814922022,2.5436074819062755
2025-04-09,1.0977720223177112,1.6694899090835145,2.0031962072221847,1.8376232658413858,2.2627460301415767,2.0182849678731225,2.565799913839174
2025-04-10,1.098031843369945,1.6717564357438297,2.006821408178392,1.8406170105302158,2.2676599226754477,2.0221210469821194,2.5723006032746727
2025-04-11,1.098378625589838,1.6747849508590873,2.0117087668512443,1.844618313341036,2.2742870399734803,2.027249565487937,2.5810709192858083
2025-04-14,1.097286324502172,1.6652314136953554,1.9962809107305282,1.831991524737259,2.253357147650245,2.0110598059156652,2.5533588826278346
2025-04-15,1.097266697562946,1.6650605609111029,1.9960089434155146,1.8317659698863327,2.2529887589190287,2.0107709372154723,2.552871875905395
2025-04-16,1.097208799853846,1.6645566032287242,1.9952067892634167,1.8311006733407187,2.25190224417556,2.0099189076382045,2.5514355519377583
2025-04-17,1.0971796065639283,1.6643025602592336,1.994802431958192,1.8307653204293746,2.2513545877854653,2.009489455090038,2.5507116328664607
2025-04-18,1.0968301705753933,1.6612621160404295,1.9899626278708087,1.8267518628040116,2.2447998844454955,2.0043499828334226,2.542047655850897
2025-04-21,1.0974248861936415,1.6664289317536516,1.9981770679386397,1.8335696841251097,2.255919555050434,2.013077413405967,2.5567384329321032
2025-04-22,1.0983829179212468,1.6747735551096987,2.011416111778655,1.844587578584003,2.2738556339103546,2.027190059600404,2.5804541895794073
2025-04-23,1.0986124804659785,1.676781344751299,2.0145811633489625,1.8472412224670267,2.2781492479284284,2.030592453713402,2.58613883073934
2025-04-24,1.0993935475473222,1.6836194391852273,2.025365301321963,1.8562811202170926,2.2927832827896935,2.0421858175102323,2.6055200251362587
2025-04-25,1.0976234890355008,1.6680707699475465,2.0009196347025595,1.8357092257768326,2.2595752788458907,2.0157816435722062,2.5614928348766437
2025-04-28,1.0981747648486595,1.6728763395608726,2.008228280936177,1.8420554518242362,2.2694793865760943,2.0239118565482763,2.574591543335256
2025-04-29,1.0984667236072663,1.675427446956605,2.01211130880285,1.8454263749525281,2.274745193327988,2.028232859205095,2.5815609178451973
2025-04-30,1.098655204809811,1.6770764506147011,2.01462796708431,1.8476059607163198,2.278159372039049,2.031027601988213,2.5860813781638634
2025-05-06,1.0990975673737962,1.6809497820828623,2.0205400473262056,1.8527265790202365,2.2861818920663954,2.037594732764417,2.596706053894274
2025-05-07,1.0988736836771693,1.678985717265673,2.0174910848313883,1.8501288511438811,2.282042117937514,2.034261643676,2.5912203110452707
2025-05-08,1.0980870971479597,1.6720918869756891,2.006793073308617,1.8410130087517302,2.267521124180448,2.0225680383345144,2.5719839104804154
2025-05-09,1.0990468182890751,1.6804745743027147,2.01984184584141,1.852088454930898,2.2852140499272675,2.036763656310464,2.5953972493209476
2025-05-12,1.0994269301713904,1.683808393575682,2.0250102318605756,1.8564975866945377,2.2922309567434693,2.0424205599316254,2.6046948192466646
2025-05-13,1.0983758576050857,1.6745747340925132,2.010652431105381,1.8442808048239172,2.2727280061841095,2.026740258977372,2.578839757323417
2025-05-14,1.0994117061758537,1.6836334091493959,2.024676733781704,1.8562528525452269,2.2917507422671393,2.0420894777848675,2.6040221310899163
2025-05-15,1.1000846423203678,1.6895446123436595,2.033792003285174,1.864073572470382,2.304131933971668,2.052127107170123,2.620435076608863
2025-05-16,1.100127426491365,1.6899215257089952,2.0343740654935636,1.8645725904222965,2.3049232527219092,2.0527680276760236,2.6214850161873624
2025-05-19,1.099919886752683,1.6880928374943476,2.031502579635179,1.8621513736713968,2.301019218766435,2.04965816624192,2.616304759423633
2025-05-20,1.1005196013203604,1.693372360975654,2.039849924018388,1.8691400451600844,2.312364948795411,2.0586326168454443,2.6313551343924706
2025-05-21,1.1014889276058806,1.701927745406223,2.0533911268508738,1.8804721386861902,2.330785246735381,2.0731937088899506,2.6558100702440677
2025-05-22,1.1018678989155888,1.7052865301319609,2.0587606613430145,1.884925513006206,2.338099137369736,2.07892178749634,2.6655328400692544
2025-05-23,1.1015057701142164,1.7020717908843117,2.0536177524803536,1.880661447875694,2.3310902814102397,2.073435045014678,2.6562107125320256
2025-05-26,1.1011650115515965,1.6990514724759262,2.048802783517561,1.876656777975366,2.3245316349391123,2.06828402394963,2.647491757422855
2025-05-27,1.1013476355521152,1.7006677905852672,2.051377901487312,1.878799108129147,2.3280376492217223,2.071038623776802,2.65215040251833
2025-05-28,1.1020909561781544,1.707251734174746,2.062282992143104,1.887527378808957,2.3428886203254584,2.082263533288518,2.671888704647744
2025-05-29,1.1019582000174941,1.7060720937076777,2.0603097779669604,1.8859623346148253,2.3401985795950457,2.080249271894654,2.6683096167316607
2025-05-30,1.1028954278620549,1.714395331366461,2.074228931605258,1.897003354124663,2.3591706296751958,2.0944574479739004,2.693547013879326
2025-06-03,1.1033613152012367,1.718549387892027,2.081481014202398,1.902519182837944,2.3690686115265494,2.1015623976072373,2.7067313616515563
2025-06-04,1.10250377733266,1.7108879122323477,2.068102515966742,1.8923412237889359,2.350796287144133,2.088445813947782,2.6823752418028355
2025-06-05,1.1030041517610032,1.715341924749721,2.075897916714111,1.8982528990805567,2.36142945391932,2.0960575044758065,2.6965303746961675
2025-06-06,1.1035894401206099,1.7205629800893159,2.0850342707923315,1.9051862456920845,2.3739010819977735,2.1049893010436618,2.7131453722461707
2025-06-09,1.1031889712073788,1.7169816306194026,2.0787383835021425,1.900427474640943,2.3652993162466696,2.098855155786216,2.7016758627101494
2025-06-10,1.1034812416974888,1.7195908798232826,2.0833046059710694,1.9038931067386724,2.3715341457774852,2.103320556268833,2.7099842839989274
2025-06-11,1.1041650176140085,1.7257029570496238,2.094005675964445,1.9120136953058422,2.3861520482078307,2.113786953219125,2.7294723722934875
2025-06-12,1.104790616981117,1.731311411729047,2.103899897212408,1.919470442444916,2.399681591074256,2.1234045467875426,2.7475279131128465
2025-06-13,1.1038974587141037,1.7232828363113555,2.0896444851402998,1.9087890966594285,2.380170140001166,2.109618997404039,2.721464886214032
2025-06-16,1.1031617323130927,1.716694753886824,2.0778701426581825,1.9000323728287036,2.364076528713674,2.09832794235204,2.6999967160101113
2025-06-17,1.1033114611843151,1.7180312703008673,2.0802381421942022,1.9018074754421999,2.3673095308199255,2.1006150289892593,2.7043045055948935
2025-06-18,1.102418601952076,1.7100562686308312,2.0660503558331844,1.8912137792354369,2.347934701837174,2.08696372233644,2.6784827829165145
2025-06-19,1.101827878505136,1.704800176952768,2.0568553237335756,1.8842382943776648,2.335395219501582,2.0779833267807755,2.66179382413258
2025-06-20,1.1026994987281626,1.7125359171835237,2.0703529036072252,1.8944982496558496,2.353785730383724,2.0911840732447806,2.686248088886837
2025-06-23,1.102381858150905,1.7097062631323274,2.065432373713385,1.8907418732131722,2.3470727455414577,2.0863466515034954,2.6773100621374586
2025-06-24,1.1031129002033508,1.716209755870333,2.076790371864753,1.8993724266412375,2.3625608621668746,2.0974573064887667,2.697921938068509
2025-06-25,1.1027837854690459,1.7132726974618522,2.071620212169914,1.895471807101635,2.355502961410982,2.0924319904186692,2.6885188888083666
2025-06-26,1.102705611658938,1.7125760512881847,2.0703710617224043,1.8945469293396757,2.3537985693253645,2.0912408440012182,2.686249307552734
2025-06-27,1.1023450863205178,1.7093643072291005,2.064609491305491,1.8902833173333864,2.3459381950445635,2.085750201706824,2.675783637528365
2025-06-30,1.1022903565799362,1.7088775019213691,2.063740544664554,1.889637322832552,2.3447533733397243,2.084918608365195,2.6742069914367463
2025-07-01,1.1026032461194262,1.7116599099810497,2.0687064458860345,1.8933293900130332,2.3515238835208656,2.089671162054058,2.68321577256451
2025-07-02,1.1021808059539568,1.7078982609671767,2.061913802594045,1.8883363135790883,2.342258346809198,2.08324181637136,2.670881215036253
2025-07-03,1.1022190504845504,1.7082381939788025,2.0625238823647645,1.8887873295661932,2.343089980663177,2.0838223121497537,2.671987580800007
2025-07-04,1.1021884279475864,1.7079659636317137,2.061922991451828,1.8884261256787376,2.34227082419787,2.0833573936491425,2.6708977498900643
2025-07-07,1.1020598438206168,1.7068230179797932,2.0592725406290002,1.8869096773593144,2.338657843310213,2.081405580758699,2.6660912093764155
2025-07-08,1.1023475351430676,1.70937880658749,2.065345520349762,1.8903002167694445,2.346934137803152,2.0857689421976806,2.677098768861775
2025-07-09,1.102165180199701,1.7077568016380635,2.061431413808251,1.8881478023632148,2.341596832153849,2.0829981236123594,2.6699959235604336
2025-07-10,1.1011939727921154,1.6991249060641898,2.0406355581456674,1.876695379178083,2.313250212761953,2.0682581377004947,2.6322867913216546
2025-07-11,1.1015506769338372,1.702281978065201,2.0480384714211253,1.880879788986839,2.323320481688407,2.0736382576479637,2.6456557768106617
2025-07-14,1.1020256942387623,1.7064926490276984,2.0582129192458667,1.8864627177942768,2.3371709068738418,2.0808191900169812,2.6640564669610716
2025-07-15,1.101640111992959,1.7030677751395773,2.049945661794694,1.8819194364106022,2.325905603806015,2.0749726013197543,2.6490754041860605
2025-07-16,1.1012232608397443,1.6993712977634754,2.041080861518803,1.8770178304579432,2.3138358076025796,2.068667435345574,2.633037450236269
2025-07-17,1.1003674503655463,1.691795901517607,2.0230471584111025,1.8669770673745654,2.2893034950729008,2.055757151547084,2.600468048816691
2025-07-18,1.100367015792227,1.6917920689648047,2.0230382110345233,1.8669719920898804,2.2892913451274746,2.0557506316607586,2.6004519472080134
2025-07-21,1.1004872818970157,1.6928527077899274,2.0255304496274986,1.8683765497892948,2.292675637253904,2.0575549742656163,2.6049369467168337
2025-07-22,1.1016360501777902,1.702989053977698,2.0498228632126634,1.8818013526187163,2.325671216149523,2.074803093486488,2.648674767571802
2025-07-23,1.1025620806524952,1.7112003904924151,2.0690936757754477,1.8926895758571052,2.3519081607519485,2.088808861114671,2.683535809597607
2025-07-24,1.1020421758231453,1.7065719303888816,2.058236507503877,1.886546352721649,2.3370987417529787,2.0808991177884013,2.6638219415092834
2025-07-25,1.1054009208800897,1.7364063969632297,2.1331741903007324,1.92612331031645,2.4392075695009487,2.131829008111947,2.7996026936887795
2025-07-28,1.103917372597799,1.7230389615454575,2.105464821112182,1.9083297829470391,2.401185975177451,2.108852865376864,2.7486901545427638
2025-07-29,1.10500077373839,1.7327387591587757,2.1246950245370035,1.9212212472172039,2.427503372248431,2.1254732814125554,2.783837271897133
2025-07-30,1.104908711736431,1.7319106915875138,2.1230711523360792,1.9201194762754754,2.425277007411132,2.1240512264812708,2.7808585694161954
2025-07-31,1.1028653909272488,1.7135389424007328,2.0870112372767684,1.8956776015773398,2.375845626204912,2.0925071340432093,2.7147333558675713
2025-08-01,1.1012252661420723,1.6989217751401935,2.0602019511912224,1.876272542803134,2.339222119469338,2.0675172511631272,2.665911343490795
2025-08-04,1.1008578768333666,1.6956706133370656,2.0544267676498498,1.871963881359614,2.331353315883653,2.0619781106931496,2.6554489816690823
2025-08-05,1.1015716532218278,1.701977096948166,2.0657152172140165,1.8803184587961832,2.346725407838653,2.072714490437515,2.6758762187556164
2025-08-06,1.1019554922075465,1.7053788665609186,2.071788814338228,1.8848283269067945,2.3550051927206677,2.078514366390591,2.686890840500263
2025-08-07,1.101527053916238,1.7015755720551355,2.0648962904103114,1.8797841289090615,2.3456035030143463,2.0720247332686816,2.6743764167354693
2025-08-08,1.103832762513937,1.722005900453017,2.1022458829433677,1.906868161638342,2.396515891489384,2.10685422014085,2.7420997294619074
2025-08-11,1.102590299749617,1.7108878256491604,2.0829554905172154,1.8920942032982853,2.3701271237182535,2.0878102505819434,2.706873283119452
2025-08-12,1.101318183312792,1.6995651494657558,2.0637355219632525,1.8770679206972165,2.3438833932146617,2.068466235934421,2.671905456171081
2025-08-13,1.102995426436893,1.7144120528348126,2.088419669395048,1.8967449394060372,2.3775253570953865,2.093763557235355,2.716647231705227
2025-08-14,1.1045138706712012,1.7279500743792264,2.1104371868651923,1.914718336509594,2.407603912772305,2.116910607875746,2.7567442295764746
2025-08-15,1.1044825129527935,1.727668677467819,2.109984407962216,1.9143441619307575,2.406984072144849,2.1164279730115445,2.7559162144665477
2025-08-18,1.1046753984486246,1.729399354545564,2.1127719034186527,1.9166453750764338,2.4107999053649434,2.1193961316627394,2.761013382699649
2025-08-19,1.1036446758804364,1.7201434844654442,2.0978370303475318,1.9043357459316734,2.390349998475381,2.103515706318538,2.7336893075866717
2025-08-20,1.104660182890379,1.729222383414595,2.1123147659435104,1.9163970224184608,2.410145733659277,2.119058973139779,2.7601015991965365
2025-08-21,1.104181611810774,1.7249252043326646,2.1055123975420957,1.9106822447636755,2.4008319517670453,2.1116866615318983,2.747657753474256
2025-08-22,1.1041467804485046,1.7246130890227271,2.105017656074755,1.9102673723880952,2.40015499097173,2.111151724927529,2.746753872631566
2025-08-25,1.1028205301082188,1.7127306599617629,2.086179235833672,1.894473487938751,2.3743793620216307,2.090787821234998,2.7123397644919116
2025-08-26,1.1032950904202026,1.7169582269614974,2.092806233361285,1.9000848876433565,2.383430361604863,2.0980128474019124,2.7244022642265575
2025-08-27,1.103086982936975,1.7151005482897657,2.089892367357774,1.8976179105569064,2.37944815058597,2.094834897512503,2.7190917102844394
2025-08-28,1.1013824455902317,1.699898531716884,2.065893936303928,1.8774341710409586,2.3466600376975157,2.06883991966373,2.675378689298013
2025-08-29,1.1028583483505585,1.7129649768150788,2.0859635474593885,1.8947514803252523,2.374016652851674,2.0911032111555534,2.711765520520061
2025-09-01,1.1049533012193544,1.7316295412623102,2.11420465891756,1.919525865040418,2.4125858036760386,2.1230019035690963,2.763164588049018
2025-09-02,1.104429150751878,1.726917795004315,2.1073093981181152,1.913258252762238,2.403143723460833,2.1149145705390806,2.750548100548418
2025-09-03,1.10312461690862,1.7152173061168057,2.090227948101428,1.897702637788458,2.3797684111700783,2.0948535414020295,2.7193345113545595
2025-09-04,1.1009327941256049,1.695668741910021,2.062012606598965,1.8717485886580794,2.3412199006237944,2.0614280796039157,2.667944071975069
2025-09-05,1.1016961381270682,1.7024127076833484,2.071412288135273,1.8806817073312219,2.3540268377309124,2.0729061944604243,2.684970618939034
2025-09-08,1.100700066868506,1.6935837733114643,2.059095300346996,1.868977554541367,2.3372298804203755,2.0578556877681806,2.662619177499447
2025-09-09,1.0993786845516886,1.681921558512732,2.042891419465034,1.8535335584153632,2.315158714756672,2.0380168007835304,2.6332846102404472
2025-09-10,1.0994051696586484,1.6821539793228215,2.0432102671192443,1.8538409209809914,2.315592325423372,2.0384110810748934,2.633860002186383
2025-09-11,1.09934794283854,1.6816517264363826,2.0425177048485446,1.8531767033421738,2.3146504594364683,2.0375590086686066,2.6326101274522724
2025-09-12,1.0998779407798054,1.6863021223300734,2.0489441822609686,1.859326375260105,2.32338970249512,2.0454474663423023,2.6442064887819594
2025-09-15,1.100769505339139,1.6941428892806683,2.059825053282787,1.8697007046999792,2.338195671679722,2.0587624158719633,2.663865285742861
2025-09-16,1.1011266377471947,1.6972956990245411,2.064177453903913,1.8738761333280147,2.3441243873893476,2.064126332188946,2.67174551443903
2025-09-17,1.1010844394155008,1.6969225946184898,2.063660606434523,1.8733818283400454,2.343420055643877,2.0634910931545924,2.670808948221076
2025-09-18,1.1013772418609742,1.69951099205595,2.0672485042380457,1.8768108993460444,2.348309203584673,2.067897651888947,2.6773098356929315
2025-09-19,1.101485780711246,1.7004716924103216,2.0685794777087816,1.8780840087789472,2.350123520873368,2.069534170877506,2.6797230916221144
2025-09-22,1.1024461511898949,1.708976101980784,2.080371559696047,1.889355231244817,2.3661999730688823,2.0840244048536842,2.7011094200838115
2025-09-23,1.1019254121451671,1.704345754318586,2.0739912260222924,1.883212344939093,2.357491637119963,2.0761192852164285,2.689511698016911
2025-09-24,1.1019567080905053,1.7046234111948444,2.074373211138385,1.8835805004186028,2.3580126769616325,2.0765927973025864,2.6902051892889243
2025-09-25,1.1017098209982417,1.7024327402159318,2.071355524934098,1.8806757144500796,2.353896305450512,2.072856614774134,2.684726197822992
2025-09-26,1.1009914523472708,1.6960652986496878,2.0625894149273436,1.8722347869933182,2.3419420965029807,2.0620025526539805,2.6688194899368933
2025-09-29,1.1016140484477757,1.7015667828746455,2.0701319225613197,1.8795222918936976,2.352218954910203,2.0713664045846762,2.6824826202347705
2025-09-30,1.1019956191227014,1.7049475042371427,2.0747554870551532,1.8840034380191009,2.3585232696776535,2.077128034285975,2.6908703387991295
2025-10-09,1.1017837092075597,1.7030669005836891,2.0721840951494395,1.8815097093337172,2.355015567097995,2.073920453768472,2.686201357248119
2025-10-10,1.1012730049983948,1.6985387625891344,2.0659940276224886,1.875506608270074,2.3465736306379203,2.0662006177469716,2.6749673771380578
2025-10-13,1.1002115043807192,1.689147681850257,2.053096198524338,1.8630631826344666,2.328994273534536,2.0502072238063103,2.6515879383511884
2025-10-14,1.1026405833600552,1.7105395114177644,2.082246535606574,1.89137639444275,2.368675396037179,2.0865573651073808,2.7042949450498313
2025-10-15,1.102984848291619,1.7136029330693616,2.086263695824076,1.8954411354389427,2.374159097456636,2.0917889350031156,2.711599085187625
2025-10-16,1.1038975257602408,1.7217363462254331,2.0969347030998056,1.906236919388676,2.3887313698228243,2.105688734449938,2.7310164249394235
2025-10-17,1.1033561195880355,1.7168926606363897,2.09060156405738,1.8998016398064188,2.38007406568585,2.097395355570764,2.719468965016608
2025-10-20,1.1044710299894789,1.7268440165139112,2.1036513999850484,1.913015466842575,2.3979021836325063,2.1144148811991004,2.743234408504064
2025-10-21,1.1042211166775469,1.7246027008537153,2.1007325238871544,1.9100359239425597,2.3939095947260314,2.1105727856791296,2.7379055665275165
2025-10-22,1.1040789359425909,1.723328937872549,2.0990749012492924,1.9083430588776416,2.3916428432807577,2.108390417951784,2.7348810120570555
2025-10-23,1.1043019639305234,1.7253257733180924,2.101693660673136,1.9109965142767678,2.395223356142256,2.111810631050933,2.739657779949813
2025-10-24,1.1036744800296174,1.7197023509033833,2.094280315631084,1.9035222106068135,2.3850848944677736,2.1021742801711754,2.726128672297289
2025-10-27,1.1030323464735736,1.7139631357728031,2.086722916774676,1.8958989912978874,2.374756742470535,2.092352369651979,2.712356199634802
2025-10-28,1.1028594233693438,1.7124218573232182,2.084525172584165,1.8938531305461206,2.371755419510393,2.089718207592968,2.7083568708090175
2025-10-29,1.1026016803946241,1.710126278048259,2.0811968344168994,1.8908065751817122,2.367211072899473,2.085796300556874,2.702302706183353
2025-10-30,1.1020481443437444,1.7052016855873031,2.073988434399928,1.8842727055431086,2.3573722316774153,2.0773873452556617,2.689199192872465
2025-10-31,1.1029642464984784,1.7133324980601397,2.0858574158593997,1.8950543050308046,2.373561101497578,2.0912550219725423,2.710744769870039
2025-11-03,1.1046138902903215,1.7280314120722866,2.107927665940829,1.91456382135145,2.403698398531577,2.116372650274316,2.750899739395907
2025-11-04,1.1046244546424557,1.728126210002665,2.108070491418942,1.914689858426869,2.403893837518535,2.1165351929480516,2.7511606866796385
2025-11-05,1.1031790891325162,1.7151558107383988,2.0884974379274728,1.8974450818910165,2.3771101737685285,2.0942953652718597,2.715399045072072
2025-11-06,1.104007096654581,1.7225400658863892,2.0994509793381937,1.9072479594089142,2.3920708479374513,2.106918554214716,2.7353370777865784
2025-11-07,1.1059553866978828,1.739976831618166,2.125227773819631,1.9304157706099914,2.427314301148304,2.1367773565512644,2.782354851166217
2025-11-10,1.1057311278737223,1.7379530192185533,2.122311362951782,1.9277213903387311,2.423317150784606,2.1332978785472214,2.7770094072394245
2025-11-11,1.1051698619323085,1.7328927684411695,2.1147080597000913,1.920986050391445,2.412899142101764,2.1246019984051743,2.763081091614077
2025-11-12,1.1039196603839547,1.721648335906638,2.097631952051359,1.9060281267829347,2.3895183683971,2.105301368858775,2.731844752430228
2025-11-13,1.1042720719716002,1.7248009587172848,2.102414741150121,1.9102164300211102,2.3960563479845014,2.1106985858005016,2.740565144110054
2025-11-14,1.1043825346611305,1.7257906354585635,2.1039532343282663,1.9115317099752722,2.398160395073028,2.112394128119586,2.7433728094932595
2025-11-17,1.1036869199796595,1.719555409848943,2.094045641803576,1.9032441474679191,2.3846087653415884,2.1017093120286305,2.725286709814417
2025-11-18,1.1023545249522075,1.7076479771159219,2.0752328049551205,1.8874288373960109,2.358900869723155,2.0813340761045023,2.6910092697725743
2025-11-19,1.1017654858449617,1.702413949104759,2.067110468657879,1.8804867587921814,2.347821754487507,2.072402923196369,2.6762638421259726
2025-11-20,1.1021769463256095,1.7060608082462085,2.0728016031702032,1.8853207443198137,2.35557853553139,2.078618136698867,2.6865793858986553
2025-11-21,1.103851564249438,1.720929534755733,2.0962220636298,1.9050379678053053,2.387517183513818,2.1039800500727033,2.7290770840169336
2025-11-24,1.1048385452338687,1.7297557812200721,2.1098113408274655,1.9167625626511902,2.4060903872123487,2.119087202657473,2.7538457666315983
2025-11-25,1.1054800114155696,1.7355164723855883,2.118614702970585,1.9244227495614614,2.4181379203454685,2.1289674238330742,2.7699326752291342
2025-11-26,1.1049975507072893,1.7311718238432972,2.111880212471946,1.918641687409646,2.4089140099329915,2.121505978490203,2.7576058848222416
2025-11-27,1.1050156263803086,1.7313342620516117,2.112131652477385,1.9188577219225516,2.4092581756758307,2.121784667800796,2.758065532774061
2025-11-28,1.1086647314757547,1.764129722273468,2.1629242508739193,1.9624748258891598,2.478783661631482,2.178052754603195,2.8509219798191507
2025-12-01,1.1095535699318917,1.7722424700816042,2.174560974149345,1.97330468481024,2.4947869513546777,2.1920755271254997,2.8723954762690664
2025-12-02,1.1099844889375983,1.7761905448456436,2.180285896810949,1.9785798689180902,2.5026685214868403,2.1989122153901475,2.882982412671832
2025-12-03,1.1099514036951168,1.7758868609091722,2.1798308893212104,1.9781739240097853,2.502041778219854,2.1983858731870276,2.8821400965198736
2025-12-04,1.1108216438567993,1.7838735229214373,2.1918339361727885,1.9888496085122007,2.5185745055074817,2.2122273354217175,2.9043584474447743
2025-12-05,1.110493850103836,1.7808540213957225,2.1872342113547347,1.984809859494018,2.5122320087692502,2.2069849495573695,2.8958254335265807
2025-12-08,1.1109124961647627,1.784705025905628,2.193391268915171,1.9899603176191993,2.5207183191988496,2.213666436332085,2.907237869058767
2025-12-09,1.1103538382370841,1.7795569206802153,2.1851305062101822,1.9830721036269958,2.5093260667487964,2.204726772569225,2.891908910881058
2025-12-10,1.1100475040715292,1.776740738301981,2.180578421676328,1.9793062048362782,2.5030531245992744,2.1998421422103935,2.8834746780950655
2025-12-11,1.1112977847076972,1.788219759425974,2.199507833457541,1.9946514922468972,2.5291276685834525,2.2197397262673806,2.918518348434865
2025-12-12,1.1119197443584035,1.793960494512088,2.208889847165946,2.002335625528001,2.542073279467497,2.22971619181421,2.935946888688931
2025-12-15,1.1121712103889143,1.7962876940057741,2.2126931784807535,2.005452640290482,2.5473256990505226,2.233765663456389,2.9430241679188414
2025-12-16,1.11157150083546,1.790731721760315,2.203599635284778,1.9980091293788045,2.534763153188052,2.2240929166583046,2.926091172092189
2025-12-17,1.112214895215074,1.7966771787353886,2.2133081670501564,2.0059695025626882,2.548164223798008,2.2344308963888375,2.9441394908942438
2025-12-18,1.1121340721016333,1.7959282650357888,2.212086119251326,2.0049661182758087,2.5464759030153306,2.2331269591537635,2.9418636980638544
2025-12-19,1.1134134350839726,1.8077788687154042,2.2314172057292603,2.020842070108397,2.573179824964894,2.253756660408638,2.9778556015806776
2025-12-22,1.11472030022979,1.819950098957659,2.2510858731474306,2.0371689347780797,2.6003971564730137,2.2750000704174504,3.014602934986112
2025-12-23,1.115330877269744,1.8256681614005117,2.2602402895019624,2.044849579988543,2.613087095248674,2.2850069543724714,3.0317660752445597
2025-12-24,1.115931469423672,1.831307298131752,2.2693122640069108,2.052428955005433,2.625672939125935,2.294888078274375,3.048802204780993
2025-12-25,1.1156172072863049,1.828349077132783,2.26452935835059,2.0484504604470706,2.6190321539939574,2.289698178930608,3.0398060930699047
2025-12-26,1.1168083650571783,1.8395467572126825,2.2825802636149626,2.0635052833159593,2.6440841946513727,2.3093306611578863,3.0737291474335047
2025-12-29,1.1157508098449251,1.8295548112339437,2.266544413616809,2.0500551658431254,2.6217935589858725,2.291769492912499,3.0434976570187096
2025-12-30,1.1148791148370907,1.8213558727593155,2.253499509279405,2.0390306634421256,2.6036861461521745,2.2773910726885953,3.018974426956345
2025-12-31,1.1149764800216884,1.8222682733895326,2.254935099535047,2.040256396132929,2.605676557835749,2.2789882620756168,3.021666956664976
2026-01-05,1.1147811505302179,1.8204371007884879,2.252053177636578,2.0377961250523673,2.601680333021703,2.2757820880482362,3.0162603747000563
2026-01-06,1.114188281037444,1.8148836871942007,2.2433142472967518,2.0303363399062504,2.589565572985371,2.2660626075718717,2.9998742407542665
2026-01-07,1.1154528977272318,1.826699510131532,2.2618723551524273,2.0461985760582433,2.615272593173408,2.2867171280873544,3.0346178285920624
2026-01-08,1.1156944187708644,1.8289682552469224,2.2654636429273767,2.049248209344158,2.620255471966172,2.290693244356174,3.041363328725391
2026-01-09,1.11491282249084,1.8216187476145216,2.253254570229283,2.039366595284175,2.603310125006567,2.277806386200806,3.018416539649032
2026-01-12,1.1144589740166404,1.8173652880243256,2.246266453882051,2.0336523172022245,2.5936216143792272,2.2703602724610588,3.005310934654802
2026-01-13,1.1142927367968511,1.8158103207102378,2.2437105226828886,2.0315642859832024,2.590080208118243,2.267640692389071,3.0005234727065946
2026-01-14,1.114129891532997,1.8142881576891523,2.2411989361811497,2.0295206548864,2.586601037116441,2.2649793977181614,2.9958212155096793
2026-01-15,1.1142220311669073,1.815148818000635,2.2426301759645852,2.0306759694079166,2.5885832152703383,2.2664836400359833,2.998499618490275
2026-01-16,1.1143584374765607,1.8164234646535131,2.2447538811823704,2.03238716419381,2.5915247904296455,2.268711860697395,3.0024749065671896
2026-01-19,1.1142457232204024,1.8153695974206174,2.242995830023024,2.0309721640386713,2.589089227297055,2.2668690693041125,2.999182827935093
2026-01-20,1.113877563044501,1.811928985059219,2.2372619306886614,2.026353079565839,2.5811468619310785,2.2608542143381367,2.98844905078457
2026-01-21,1.113878587466262,1.8119385437269673,2.2372779084822683,2.0263659073770754,2.5811689823799697,2.2608709120432984,2.988478930321729
2026-01-22,1.1139152237536865,1.8122803908427296,2.2378532142775933,2.026824669519962,2.581965465357062,2.261468074173491,2.9895547935114664
2026-01-23,1.1138868035996594,1.8120151657965808,2.2374063252867593,2.0264687215093393,2.5813467374080687,2.2610047258040473,2.9887189930386437
2026-01-26,1.1132662032620162,1.8062242449159163,2.2276336030128725,2.0186971838832224,2.567816722154862,2.2508885746729073,2.970442880881019
2026-01-27,1.112988913492308,1.8036436410464831,2.223288106604034,2.0152361798941953,2.5618058027669046,2.2463863028788373,2.9623305645666584
2026-01-28,1.1126425588231676,1.8004240864236283,2.2178493121423175,2.010919475987857,2.5542855168422713,2.240772495063266,2.9521851813260995
2026-01-29,1.1122156468283124,1.796461558293715,2.211009396691526,2.005608510609858,2.5448325227853363,2.2338681363869237,2.939438699545431
2026-01-30,1.1121907357648617,1.7962307581631314,2.210612663854926,2.0052993063049764,2.5442845638520377,2.2334663421613326,2.9387002854088657
2026-02-02,1.1120249112978235,1.7946945632586733,2.2078953375347004,2.003241309761542,2.5405315853997514,2.2307921559868,2.933643058121287
2026-02-03,1.1120643970600963,1.7950601003163968,2.2085446115727256,2.003730925509606,2.5414280959397986,2.2314282598146606,2.9348508298570786
2026-02-04,1.1115469460205327,1.7902690230481906,2.1996695440178025,1.9973132932394981,2.5291727785225695,2.2230901973213295,2.9183395948387925
2026-02-05,1.111327151178881,1.7882384302686019,2.1959263792806856,1.9945947767039733,2.524008124376557,2.2195600757681357,2.9113870249635325
2026-02-06,1.112111819566488,1.795480863660798,2.2093276996260176,2.004288597999961,2.5424923732556497,2.2321450991248026,2.936261721471794
2026-02-09,1.11166559333295,1.7913484643781599,2.201517235556796,1.9987530196940886,2.5317064430393517,2.2249527302222543,2.921729249286624
2026-02-10,1.1127270157276712,1.8011593680688318,2.219967738469692,2.0118892064947724,2.557167751094066,2.2420126805006158,2.956010299834671
2026-02-11,1.113692015014293,1.8101193133132554,2.2366755484491336,2.0238990824319814,2.580262504480142,2.2576268652834863,2.9871566271183894
2026-02-12,1.1134884408109105,1.808221385480247,2.2331241153108303,2.0213525888136905,2.575346120552959,2.2543128638440693,2.9805163426752173
2026-02-13,1.1138593445204301,1.8116763366969135,2.2397759044423506,2.025987203563043,2.5845515162855897,2.2603430753258693,2.9929455992982748
2026-02-24,1.113892643251448,1.8119870020325204,2.2403796131782885,2.0264041018677443,2.5853874836655946,2.2608857187971134,2.9940750044147677
2026-02-25,1.11391528223271,1.8121982455920156,2.240790267544004,2.0266875905340367,2.585956155501915,2.2612547261712503,2.994843330438828
2026-02-26,1.1137329922331574,1.8104971401196346,2.2373735644693284,2.024404655302563,2.5812245510449765,2.2582830392060456,2.9884502793849714
2026-02-27,1.11445603936327,1.8172392871501397,2.251027061037554,2.0334511211816886,2.6001267537575776,2.2700565716404264,3.0139819629601288
2026-03-02,1.1134705296150678,1.8080215365350487,2.232339229047016,2.0210737669462375,2.574223520818604,2.2539361070926436,2.9789514183124393
2026-03-03,1.1132123560940255,1.8056168890187045,2.2275435201918214,2.0178481615543795,2.5675873108519083,2.249739314934278,2.9699919121074023
2026-03-04,1.1132621399662068,1.8060800704255884,2.2284645561099703,2.018469309765407,2.5688612739138237,2.250547267273609,2.971711140882963
2026-03-05,1.113305001754888,1.8064789343021106,2.22946812163473,2.0190042325565174,2.570249505432421,2.251243098444568,2.973584731189482
2026-03-06,1.11344598304664,1.8077911193394454,2.2328243400860974,2.020764102828329,2.5748925781353895,2.2535324506392302,2.979851696741736
2026-03-09,1.1128869607792258,1.8025848928490753,2.219454831220996,2.0137806263699796,2.556391320226993,2.2444465776629325,2.9548722059034036
2026-03-10,1.1131478017158631,1.805008349626523,2.225603682172917,2.0170295010232375,2.5648900933392422,2.248671092696077,2.9663329916462295
2026-03-11,1.1131660143984174,1.805177750308579,2.2260408890612164,2.017256659755177,2.5654947226138187,2.248966546721906,2.967148798035416
2026-03-12,1.11263567596709,1.800244558661051,2.2132640564666075,2.010641346418998,2.547824482994628,2.2403621773323836,2.943305988531366
2026-03-13,1.1117207900487804,1.7917535296791336,2.1914342440776946,1.9992612832853207,2.517668914181509,2.225568536034772,2.9026635065450415
2026-03-16,1.1119376705607098,1.7937585460613512,2.1964946663095644,2.001945950495797,2.5246454234408175,2.2290551885351384,2.9120473993868163
2026-03-17,1.1120704083621722,1.7949868137129028,2.199604051877571,2.0035909380822576,2.5289341273458468,2.23119205748144,2.917818662852302
2026-03-18,1.1120437374367342,1.7947398791294038,2.198954341834752,2.003260179623186,2.5280377438905997,2.2307623374032226,2.916612068182926
2026-03-19,1.11126110864597,1.787494680120194,2.179703560787388,1.993555808195967,2.501479647529306,2.218154803481144,2.880865130213774
2026-03-20,1.1108251091413146,1.7834718703813788,2.169214598746248,1.988171940500511,2.4870347887650395,2.2111659711322496,2.861456895187651
2026-03-23,1.111963653404885,1.7939572787611693,2.1966012273252624,2.0021986005706336,2.5247137706762044,2.2293658485864443,2.912033689258704
2026-03-24,1.1114222588585152,1.788947134443863,2.183725379913291,1.9954885384797272,2.506954791650386,2.220649240516888,2.8881363785566148
2026-03-25,1.1106193008694285,1.7815335866034372,2.1648629692210872,1.9855651710686675,2.4809695402253507,2.207765659616051,2.853210695587528
2026-03-26,1.1099958682403797,1.7757972691086716,2.1499177266543783,1.977893242357283,2.4604165396300517,2.1978134348463563,2.825634494615899
2026-03-27,1.109648302549906,1.7726077605266868,2.141280271556798,1.9736302506878016,2.448554650896959,2.192286946599312,2.8097414178373943
2026-03-30,1.1093699300286852,1.770057006913674,2.1343051037711924,1.9702222246564607,2.438983323080177,2.18787041545009,2.796927688912004
2026-03-31,1.1093031662826194,1.7694459714530013,2.132614461436715,1.9694060640650433,2.436664939386038,2.1868130410475906,2.79382595519615
2026-04-01,1.109483598087799,1.7710968495377684,2.137185737356694,1.9716109910514277,2.4429325520073846,2.1896694302770263,2.8022099783575594
2026-04-02,1.1096108582502895,1.7722621254043507,2.140584053281559,1.9731676336755237,2.4475939287607926,2.1916863705256553,2.8084480476460363
2026-04-03,1.110244734896678,1.778069460205295,2.1580219238612783,1.980926426172109,2.4715205721996276,2.201740751810347,2.8404779485104727
2026-04-07,1.109750815581121,1.773532124997584,2.1442919771249866,1.9748604355557569,2.45265115547754,2.193874889155913,2.8151772531327213
2026-04-08,1.110803765454537,1.7831845433736526,2.1732475313202633,1.987758208687454,2.4923945528574567,2.2105910665484587,2.868398095139677
2026-04-09,1.1108953368555035,1.7840277493204177,2.1756913016712556,1.9888861387484393,2.495757726075492,2.2120545028238285,2.872913728341239
2026-04-10,1.1114760412999618,1.7893770679334446,2.1913353737115826,1.9960424303331978,2.51729229596522,2.2213403326329724,2.9018340522016173
2026-04-13,1.111100335905833,1.7859075906639497,2.1806697264361983,1.9913982059502489,2.5025897258119354,2.2153104991775248,2.882060760375417
2026-04-14,1.1125312141495465,1.7990999732944635,2.221112484546942,2.0090505999979262,2.5582854396769696,2.2382205945624443,2.956891844922981
2026-04-15,1.112487016826212,1.7986900015599823,2.2199127093019304,2.0085012226616796,2.5566271530868656,2.2375065430533034,2.954655736699127
2026-04-16,1.1123942762142591,1.7978299070393016,2.2173823909763835,2.007348716630139,2.5531302152965063,2.236008645159616,2.949940818254408
2026-04-17,1.1122082861774276,1.7961056802438788,2.212310904000799,2.0050385151379384,2.5461229440094937,2.233006392049931,2.9404950766903166
2026-04-20,1.1127976129290165,1.801564726448276,2.228342852698284,2.012351401912561,2.568264124442333,2.2425081264323765,2.9703275078288316
2026-04-21,1.1132298928573845,1.8055790614295286,2.24004382617892,2.017732226154072,2.5844471944981713,2.249503739834288,2.9921634711314056
2026-04-22,1.1133242014202,1.8064564614317218,2.242594490249697,2.0189088181720924,2.587978584299453,2.25103410783633,2.9969333802192173
2026-04-23,1.1127566691225008,1.801174304677882,2.227230413183904,2.0118247662215625,2.5667022086087035,2.241819138432102,2.9681884770006906
2026-04-24,1.1127551817249948,1.801160494558264,2.2271906245390993,2.011806255937066,2.566647184789762,2.241795074294313,2.968114241180788
2026-04-27,1.1127395052801627,1.801014943549268,2.2267712773551223,2.01161116809364,2.56606727056562,2.2415414523930908,2.96733184812064
2026-04-28,1.1123790446217638,1.7976683995803178,2.2171296660618443,2.007125733757916,2.5527344114111323,2.235710304862785,2.9493444576921024
2026-04-29,1.1123726314988478,1.7976089510388975,2.216959413979787,2.007046083452656,2.552499183843633,2.235606796560936,2.9490273878972064
2026-04-30,1.1132908619776638,1.8061205565190928,2.241607315300085,2.018450021622666,2.5865532567906397,2.2504265070826497,2.99492911700652
2026-05-06,1.1113966197204266,1.7884931481242077,2.191444720934599,1.9948103751589459,2.5170951206008514,2.2196772518661185,2.901100559794867
2026-05-07,1.1117164921862244,1.7914457842000255,2.1990005674477655,1.9987622711453215,2.527509502059047,2.2248075252431057,2.9151042800235993
2026-05-08,1.1116852381786704,1.7911568957437736,2.1982589014600533,1.9983754867824217,2.526486545798437,2.2243052439550355,2.9137278150885804
2026-05-11,1.111566872619267,1.790062959528829,2.1954509409988816,1.9969108946043208,2.5226138767575486,2.222403374112517,2.908517197953569
2026-05-12,1.1107056783815392,1.7821078038949205,2.175038484148726,1.986261613112363,2.494468726648848,2.208576267931928,2.8706580169673557
2026-05-13,1.1106471441384822,1.7815690879365278,2.173686695708543,1.9855410972202125,2.4926083490893762,2.2076415807095464,2.868160253690122
2026-05-14,1.1108691071815007,1.783611399935978,2.1788404760929962,1.988272461006694,2.4997002760212697,2.2111846204321237,2.877680767993204
2026-05-15,1.1107644986782752,1.782647972094339,2.176406934792913,1.9869836889933952,2.4963499854830093,2.2095124829043153,2.873181064089275
2026-05-18,1.110601357452944,1.7811461372610502,2.172556018080306,1.9849749101223984,2.491049559872744,2.206906442896024,2.8660637676307705
2026-05-19,1.110797095648693,1.7829467975572426,2.177187624022213,1.9873829767721738,2.4974222710095293,2.2100299621943016,2.874617871189804
2026-05-20,1.1102142497098388,1.777580530550942,2.1629561795501773,1.9802050883157727,2.4778326356574216,2.200717595028085,2.848311479482868
2026-05-21,1.1100029917534984,1.7756403130560496,2.1577257198348105,1.9776114312702822,2.4706423630639622,2.197354698670858,2.8386685796277766
2026-05-22,1.1101423312091125,1.776918869221974,2.161167648592812,1.979320214701698,2.475371662022767,2.1995697970380617,2.845007982685532
2026-05-25,1.1097339977115208,1.7731698402283982,2.1510250725946163,1.9743089365835902,2.4614310617798227,2.1930727354561,2.8263153127401384
2026-05-26,1.1105633130991632,1.7807707577960357,2.171473124376811,1.9844646875824379,2.489509657673936,2.206233973925982,2.863929796943808
2026-05-27,1.1102359176344188,1.7777594704008421,2.1635042868222025,1.9804378064308272,2.478546502111055,2.2010109286022512,2.8492157912815568
2026-05-28,1.1096823789076808,1.772675294210062,2.150097288721365,1.9736412324890178,2.4601153660422015,2.1921984550571927,2.8244970036603063
2026-05-29,1.1103777552911809,1.779047140544465,2.16702037413273,1.98215428980554,2.483351194121089,2.2032301947277735,2.855620658391167
2026-06-01,1.1099487661687324,1.7751045848425797,2.1564289071619918,1.976883094780389,2.468786126364509,2.1963945687365567,2.8360807882803574
2026-06-02,1.1099478701563612,1.7750963652579106,2.1564069453854176,1.97687211008138,2.4687559548550455,2.1963803302337723,2.8360403512776
2026-06-03,1.1092610505326235,1.7687958378916606,2.1395690526332873,1.9684520578028089,2.445623782281783,2.185466164384839,2.8050377982906514
2026-06-04,1.1094401075960503,1.7704335978766483,2.143882097534059,1.970639208141072,2.4515397877523575,2.188299151967836,2.8129541380509866
2026-06-05,1.1095517106454416,1.7714551645024712,2.1465740514136407,1.9720037140444775,2.455233702851614,2.1900669057752125,2.8178990368116086
2026-06-08,1.1086489574880345,1.763187811380144,2.1246451639144817,1.960959742022442,2.425135205973659,2.175757495315303,2.777597260457725
2026-06-09,1.109435218785837,1.7703605709792334,2.1432635624456684,1.9705325120170414,2.4506371398628777,2.188149062170927,2.8116736225184265
2026-06-10,1.1091829082531621,1.768051113263484,2.1373531087711775,1.9674478105690223,2.4425274266897845,2.1841528068629685,2.8008184137709735
2026-06-11,1.10865890551078,1.7632599600229828,2.1250517516983765,1.9610500245214963,2.4256581118839993,2.1758665899047664,2.7782505871598837
2026-06-12,1.109035040083975,1.7666914007742025,2.1339540997126596,1.965629651205178,2.4378521034844773,2.1817947572976264,2.7945448421158976
2026-06-15,1.1103105940265166,1.778346852529582,2.16417174150402,1.981191147610397,2.4792772540704213,2.201946394947388,2.8499454606336307
2026-06-16,1.1104103694852263,1.779263517371276,2.166465801011239,1.98241661491478,2.482430946236338,2.2035354131847136,2.8541748487617054
2026-06-17,1.1104158845953729,1.779314207781994,2.166592678666091,1.9824843886951846,2.4826054045730315,2.2036233019991855,2.8544088628022917
2026-06-18,1.110050863960879,1.7759591558188292,2.1580752812621724,1.9779986122463855,2.4708937411656486,2.1978061287791,2.838698947030855
2026-06-22,1.1100849981128957,1.776272407973579,2.1588699749692464,1.9784172788527756,2.4719856050449134,2.198348852132072,2.84016240601799
2026-06-23,1.109539827593263,1.7712686009353864,2.1457274655031426,1.9717293733761383,2.453927216392857,2.189678921341586,2.815956406381698
2026-06-24,1.109572783312872,1.7715703786612853,2.146517384653778,1.9721324905585271,2.4550112706170726,2.1902012107645312,2.817407722590268
2026-06-25,1.1097460823347292,1.7731575126074848,2.1507408043592005,1.9742526694415363,2.460807753637328,2.192948264917996,2.8251685418272396
2026-06-26,1.1097440064445039,1.7731384868071707,2.1506896393504897,1.974227249204389,2.4607375040285078,2.192915322760468,2.825074448814329
2026-06-29,1.109518355188948,1.7710703824143204,2.145109270952609,1.9714640754916015,2.453075689017147,2.1893345257814105,2.814812187704065
2026-06-30,1.1089962202203885,1.7662896001640516,2.132217963398629,1.9650780116381905,2.4353852038254433,2.1810607584356525,2.7911298260856388
2026-07-01,1.1089653482101074,1.766007559576646,2.1314656328649395,1.9647014719654334,2.4343540439637867,2.180573178867508,2.7897510772340754
2026-07-02,1.1093110838634757,1.7691657157646477,2.1398963463084892,1.9689176492366682,2.445908539264123,2.186032513906727,2.805199334136596
2026-07-03,1.1088555921135026,1.7649988401927763,2.128781755872955,1.9633528331546986,2.430663723297073,2.1788243165284453,2.784801103895283
2026-07-06,1.1094628900154022,1.7705436425244596,2.143622497039005,1.9707543587212566,2.4509980865053116,2.188407104814592,2.8119809297158267
2026-07-07,1.1089677083520166,1.766010772515766,2.1314969744379475,1.9646998296291103,2.434361034374656,2.1805633722052593,2.7897123475798606
2026-07-08,1.1096856457682143,1.7725688401349333,2.149450437103639,1.9734549071413858,2.4589663950969625,2.1918998799839753,2.8226089436873454
2026-07-09,1.109496877095838,1.7708392312078798,2.144766803048533,1.9711441555492932,2.452536715091525,2.18890559207859,2.813998326758211
2026-07-10,1.1093660104054155,1.7696411202935667,2.14149437322375,1.9695437961593532,2.4480462944370647,2.1868322404791485,2.8079873903461037
2026-07-13,1.1082526754092226,1.759454008763492,2.113605737968546,1.955938351246423,2.4097892692230505,2.169208042473013,2.756791687030871
2026-07-14,1.1086666415172002,1.7632238127673572,2.124182027767368,1.9609673005848767,2.424259307342775,2.175714881965379,2.7761043138763415
2026-07-15,1.1096429121033768,1.7721299938555521,2.1490612076630273,1.9728532992384178,2.4583318581690334,2.191100469905297,2.821624931612334
2026-07-16,1.1097350539666155,1.7729740749580265,2.151360930490228,1.9739809240923158,2.4614886683357655,2.192561566500556,2.825852143633399
2026-07-17,1.1098944109656752,1.7744344657224171,2.155342380661669,1.9759320751337293,2.466955139911957,2.1950899708298808,2.833173734854655
2026-07-20,1.1100534169252683,1.7758926303421834,2.1593635934376514,1.9778805726175281,2.4724782447042517,2.197615352089262,2.84057391049726
2026-07-21,1.111095083761633,1.785451719650596,2.1858995473134026,1.9906561672984178,2.5089387475262828,2.2141760841291025,2.889443991431368
2026-07-22,1.1105424582324483,1.7803579103366658,2.1721293706618816,1.9838410698208104,2.489972534845332,2.205332368619889,2.8639609284380008
2026-07-23,1.1106477679580982,1.7813263119118172,2.17473926030376,1.985135970001753,2.4935626820704617,2.207011753567121,2.8687785377793054
2026-07-24,1.111277324848167,1.7871181574408836,2.190350693981823,1.9928813903543687,2.5150428231487805,2.217058054180783,2.897609600599531
2026-07-27,1.1114054028180649,1.788299620383155,2.193509827887281,1.9944623818526035,2.5193957464015466,2.219110028578426,2.903460495373076
2026-07-28,1.1107333260444052,1.7820966240851746,2.1768683805582123,1.9861606570431276,2.496459140739632,2.2083337673807706,2.8726218376164114
2026-07-29,1.1106464070470659,1.7812966958852194,2.174755371653527,1.9850908255439346,2.4935512715592933,2.2069460133139076,2.868718144674917
2026-07-30,1.1095936906240587,1.7716119841386466,2.148547487788352,1.9721395642651804,2.4574916560336004,2.19014752576268,2.8203190253346326
2026-07-31,1.109356855725666,1.7694429560168803,2.1422805875951245,1.9692421175015073,2.448890018869003,2.1863934936927807,2.8088021651658877
2026-08-03,1.1086857614404884,1.7633030222038086,2.124522173217087,1.961042237721993,2.4245299584886015,2.1757720516095884,2.7762052111248137
2026-08-04,1.10994651318088,1.77480474542873,2.1572121253618817,1.9763920883829202,2.469297352860351,2.1956411147667523,2.836009539503144
2026-08-05,1.1098838373324809,1.7742298834229575,2.1556455290919043,1.9756239006328842,2.46714546878165,2.194645474586153,2.833126172272096
2026-08-06,1.1107303084541256,1.781991628295487,2.177228804403843,1.9859952434835866,2.4967880491606693,2.2080867934287465,2.872839287384076
