date,v5_univ_core,v5_univ_meta,v5_full_is025,v5_full_is025_act,v5_full_is040,v5_full_is025_dualma,v4_legacy_core,v5_cal_all_tv,v5_pair_all_tv
2018-01-02,1.0,1.0,1.0,1.0,1.0,1.0,1.0,1.0,1.0
2018-01-03,1.0,1.0,1.0,1.0,1.0,1.0,1.0,1.0,1.0
2018-01-04,1.0,1.0,1.0,1.0,1.0,1.0,1.0,1.0,1.0
2018-01-05,1.0,1.0,1.0,1.0,1.0,1.0,1.0,1.0,1.0
2018-01-08,1.0,1.0,1.0,1.0,1.0,1.0,1.0,1.0,1.0
2018-01-09,1.0,1.0,1.0,1.0,1.0,1.0,1.0,1.0,1.0
2018-01-10,1.0,1.0,1.0,1.0,1.0,1.0,1.0,1.0,1.0
2018-01-11,1.0,1.0,1.0,1.0,1.0,1.0,1.0,1.0,1.0
2018-01-12,1.0,1.0,1.0,1.0,1.0,1.0,1.0,1.0,1.0
2018-01-15,1.0,1.0,1.0,1.0,1.0,1.0,1.0,1.0,1.0
2018-01-16,1.0,1.0,1.0,1.0,1.0,1.0,1.0,1.0,1.0
2018-01-17,1.0,1.0,1.0,1.0,1.0,1.0,1.0,1.0,1.0
2018-01-18,1.0,1.0,1.0,1.0,1.0,1.0,1.0,1.0,1.0
2018-01-19,1.0,1.0,1.0,1.0,1.0,1.0,1.0,1.0,1.0
2018-01-22,1.0,1.0,1.0,1.0,1.0,1.0,1.0,1.0,1.0
2018-01-23,1.0,1.0,1.0,1.0,1.0,1.0,1.0,1.0,1.0
2018-01-24,1.0,1.0,1.0,1.0,1.0,1.0,1.0,1.0,1.0
2018-01-25,1.0,1.0,1.0,1.0,1.0,1.0,1.0,1.0,1.0
2018-01-26,1.0,1.0,1.0,1.0,1.0,1.0,1.0,1.0,1.0
2018-01-29,1.0,1.0,1.0,1.0,1.0,1.0,1.0,1.0,1.0
2018-01-30,1.0,1.0,1.0,1.0,1.0,1.0,1.0,1.0,1.0
2018-01-31,1.0,1.0,1.0,1.0,1.0,1.0,1.0,1.0,1.0
2018-02-01,1.0,1.0,1.0,1.0,1.0,1.0,1.0,1.0,1.0
2018-02-02,1.0,1.0,1.0,1.0,1.0,1.0,1.0,1.0,1.0
2018-02-05,1.0,1.0,1.0,1.0,1.0,1.0,1.0,1.0,1.0
2018-02-06,1.0,1.0,1.0,1.0,1.0,1.0,1.0,1.0,1.0
2018-02-07,1.0,1.0,1.0,1.0,1.0,1.0,1.0,1.0,1.0
2018-02-08,1.0,1.0,1.0,1.0,1.0,1.0,1.0,1.0,1.0
2018-02-09,1.0,1.0,1.0,1.0,1.0,1.0,1.0,1.0,1.0
2018-02-12,1.0,1.0,1.0,1.0,1.0,1.0,1.0,1.0,1.0
2018-02-13,1.0,1.0,1.0,1.0,1.0,1.0,1.0,1.0,1.0
2018-02-14,1.0,1.0,1.0,1.0,1.0,1.0,1.0,1.0,1.0
2018-02-22,1.0,1.0,1.0,1.0,1.0,1.0,1.0,1.0,1.0
2018-02-23,1.0,1.0,1.0,1.0,1.0,1.0,1.0,1.0,1.0
2018-02-26,1.0,1.0,1.0,1.0,1.0,1.0,1.0,1.0,1.0
2018-02-27,1.0,1.0,1.0,1.0,1.0,1.0,1.0,1.0,1.0
2018-02-28,1.0,1.0,1.0,1.0,1.0,1.0,1.0,1.0,1.0
2018-03-01,1.0,1.0,1.0,1.0,1.0,1.0,1.0,1.0,1.0
2018-03-02,1.0,1.0,1.0,1.0,1.0,1.0,1.0,1.0,1.0
2018-03-05,1.0,1.0,1.0,1.0,1.0,1.0,1.0,1.0,1.0
2018-03-06,1.0,1.0,1.0,1.0,1.0,1.0,1.0,1.0,1.0
2018-03-07,1.0,1.0,1.0,1.0,1.0,1.0,1.0,1.0,1.0
2018-03-08,1.0,1.0,1.0,1.0,1.0,1.0,1.0,1.0,1.0
2018-03-09,1.0,1.0,1.0,1.0,1.0,1.0,1.0,1.0,1.0
2018-03-12,1.0,1.0,1.0,1.0,1.0,1.0,1.0,1.0,1.0
2018-03-13,1.0,1.0,1.0,1.0,1.0,1.0,1.0,1.0,1.0
2018-03-14,1.0,1.0,1.0,1.0,1.0,1.0,1.0,1.0,1.0
2018-03-15,1.0,1.0,1.0,1.0,1.0,1.0,1.0,1.0,1.0
2018-03-16,1.0,1.0,1.0,1.0,1.0,1.0,1.0,1.0,1.0
2018-03-19,1.0,1.0,1.0,1.0,1.0,1.0,1.0,1.0,1.0
2018-03-20,1.0,1.0,1.0,1.0,1.0,1.0,1.0,1.0,1.0
2018-03-21,1.0,1.0,1.0,1.0,1.0,1.0,1.0,1.0,1.0
2018-03-22,1.0,1.0,1.0,1.0,1.0,1.0,1.0,1.0,1.0
2018-03-23,1.0,1.0,1.0,1.0,1.0,1.0,1.0,1.0,1.0
2018-03-26,1.0,1.0,1.0,1.0,1.0,1.0,1.0,1.0,1.0
2018-03-27,1.0,1.0,1.0,1.0,1.0,1.0,1.0,1.0,1.0
2018-03-28,1.0,1.0,1.0,1.0,1.0,1.0,1.0,1.0,1.0
2018-03-29,1.0,1.0,1.0,1.0,1.0,1.0,1.0,1.0,1.0
2018-03-30,1.0,1.0,1.0,1.0,1.0,1.0,1.0,1.0,1.0
2018-04-02,1.0,1.0,1.0,1.0,1.0,1.0,1.0,1.0,1.0
2018-04-03,1.001126105911143,1.0047296448268004,1.0,1.0,1.0,1.0021498385576366,1.0,1.0,1.0
2018-04-04,1.0073723783287754,1.0338573088474763,1.0,1.0,1.0,1.0147700184015942,1.0,1.0,1.0
2018-04-09,1.0024684064462586,1.0236062555682794,0.9995693222135676,0.9956932221356759,1.0,1.0098559248853713,0.9991386444271352,1.0,0.9993847460193823
2018-04-10,0.9866530361949619,0.9905281651920742,0.9982717412016953,0.9827677292260678,1.0,0.9940008970454898,0.996544600563593,1.0,0.9975314011535041
2018-04-11,0.9890386688154623,0.9896353734673232,1.0071402749729383,1.0774464659369785,1.0,1.001055550315229,1.0142509806600772,1.0,1.0112601229027351
2018-04-12,0.9903707366053505,1.004419119858577,1.0048206828090651,1.0221073086538992,1.0156444786799073,1.0011750784220608,1.0095790423305273,1.0,0.9988925003990787
2018-04-13,0.98734534252563,0.9806390383957638,0.9993270829414774,1.009589520694267,0.9903805729369235,0.9938979456760326,0.9985398123700903,1.0,1.0052892042838046
2018-04-16,1.0048331134136121,1.0324494792116117,1.010345843208805,1.03400231082374,1.0243690908377039,1.0156745134176595,1.020559971730732,1.0,1.001409825609103
2018-04-17,1.00005641461942,1.0257680483220648,1.0062981855874258,1.0256186001003165,1.0272321198501093,1.007780532732365,1.0123828166003046,1.0,0.994079251401622
2018-04-18,0.9824200179680559,0.9958892987398801,0.9982385236771544,1.0091562701338472,1.0175350348645253,0.9871947268514328,0.9961660265028373,1.0,0.9880676096687399
2018-04-19,0.9557247787822862,0.9400463953567759,0.9918819231949257,0.9967361723664284,0.9749689566792158,0.958731664157826,0.9834792201048591,1.0,1.0026983502113838
2018-04-20,0.9740739849373613,0.9700086074906009,0.9969098863650485,1.006301247490556,1.0106724645676448,0.9785913953880979,0.9934499579147396,1.0,0.9874472142465246
2018-04-23,0.9594728252381747,0.9510124198997831,0.9871822895451988,0.9879799515748048,0.9909262855126794,0.9587418913968044,0.974062286504382,1.0,0.987676068082553
2018-04-24,0.9556714578293932,0.941511468152246,0.9865178293035344,0.9867934402909969,0.9747978931831377,0.9542397532538026,0.9727510278459937,1.0,0.9990302906143433
2018-04-25,0.9585648899764952,0.942324571304796,0.9858544783054849,0.9856095464975585,0.9680407853373549,0.9575205326617167,0.9714428399024856,1.0,1.0035686266115456
2018-04-26,0.9651921030098851,0.9513685251129828,0.9869072348766629,0.9874874238486169,0.9754429754678152,0.9653479653589433,0.9735175737617647,1.0,0.9989694368496205
2018-04-27,0.9628377555852994,0.9464794413288924,0.9838053759222216,0.9819546034652721,0.9646520368598518,0.9620803127590548,0.9673980235208423,1.0,1.0033970886576875
2018-05-02,0.9466849094541322,0.9216452390227107,0.9721928783341947,0.9613669228558155,0.9249717395193918,0.9423371440205246,0.9445603617439545,1.0,1.0203148049164081
2018-05-03,0.9438769542219443,0.9201928911008326,0.9763882726630261,0.9683300963791275,0.9277927955090773,0.9421149902219554,0.9527126600650233,1.0,1.0235011191596781
2018-05-04,0.9400690389492447,0.9177792736405029,0.9797645209682703,0.9738962880926615,0.9323774596574702,0.9391757470143223,0.9593014211019747,1.0,1.0235011191596781
2018-05-07,0.9352444337881507,0.9171907173938102,0.9846893771348554,0.981983864392334,0.9390418594687451,0.9384595844152058,0.9689454149764598,1.0,1.0235011191596781
2018-05-08,0.9314853009444837,0.9147858727398976,0.9891451866853921,0.9892395678117362,0.9450288218202154,0.9355336690682474,0.9777145483382174,1.0,1.0235011191596781
2018-05-09,0.9443014280146282,0.9272786352997017,0.99775881884802,1.003177557878162,0.9565394796827271,0.9507215817531748,0.9947427330633657,1.0,1.0235011191596781
2018-05-10,0.9333518060264789,0.9175402714017089,0.9923233964937944,0.9860148349531276,0.9494193945572098,0.9389843813381424,0.9839047494026677,1.0,1.0235011191596781
2018-05-11,0.9188887315057902,0.9008031430735048,0.9841708194322343,0.9615708886170574,0.9388367670665838,0.9189639641191912,0.9677379245165826,1.0,1.0235011191596781
2018-05-14,0.9119444431745863,0.8976563321489615,0.9877426787135971,0.9712972415167773,0.9433859472583696,0.9152691867324522,0.9746283827980177,1.0,1.0235011191596781
2018-05-15,0.9114463123971551,0.8981180768900041,0.9902554579871831,0.9780671348561182,0.9465759596677389,0.9158108441639352,0.9794517302542425,1.0,1.0235011191596781
2018-05-16,0.9106112636712107,0.8980910734852149,0.9957804313652213,0.992893872697392,0.9535797408390072,0.9157791663152276,0.9900384184170644,1.0,1.0235011191596781
2018-05-17,0.9148699224143833,0.9049481525096124,1.0056652538033473,1.018761566822493,0.9660184691611258,0.9238232229434925,1.0087425285980491,1.0,1.0235011191596781
2018-05-18,0.9152451128844482,0.9064521882319401,1.0097326291773814,1.0286249750299905,0.9710213939062287,0.9255840954221514,1.0161266882179305,1.0,1.0235011191596781
2018-05-21,0.9139663524077171,0.9053601912808253,1.0097326291773814,1.0286249750299905,0.9710213939062287,0.9243055710465052,1.0161266882179305,1.0,1.0235011191596781
2018-05-22,0.9126370847829308,0.903004556646614,1.0097326291773814,1.0286249750299905,0.9710213939062287,0.9215480918123276,1.0161266882179305,1.0,1.0235011191596781
2018-05-23,0.9165384213315135,0.9045825884287482,1.0097326291773814,1.0286249750299905,0.9710213939062287,0.9233942533928264,1.0161266882179305,1.0,1.0235011191596781
2018-05-24,0.9075918090592032,0.8955858718292843,1.0097326291773814,1.0286249750299905,0.9710213939062287,0.9128685438968035,1.0161266882179305,1.0,1.0235011191596781
2018-05-25,0.9085645217511024,0.8982958241052011,1.0097326291773814,1.0286249750299905,0.9710213939062287,0.9160218737396183,1.0161266882179305,1.0,1.0235011191596781
2018-05-28,0.9041525457025795,0.8968805148259297,1.0097326291773814,1.0286249750299905,0.9710213939062287,0.9143752470141536,1.0161266882179305,1.0,1.0235011191596781
2018-05-29,0.905712743785293,0.9015153414288078,1.0097326291773814,1.0286249750299905,0.9710213939062287,0.9197662401435741,1.0161266882179305,1.0,1.0235011191596781
2018-05-30,0.909905006004735,0.9018653493425625,1.0097326291773814,1.0286249750299905,0.9710213939062287,0.92017306162323,1.0161266882179305,1.0,1.0235011191596781
2018-05-31,0.9101298120635475,0.9080877236337259,1.0097326291773814,1.0286249750299905,0.9710213939062287,0.9274056735149387,1.0161266882179305,1.0,1.0235011191596781
2018-06-01,0.9130964425942045,0.9113126110494152,1.0097326291773814,1.0286249750299905,0.9710213939062287,0.9311489980185864,1.0161266882179305,1.0,1.0235011191596781
2018-06-04,0.9100162127434647,0.9102979450896319,1.0097326291773814,1.0286249750299905,0.9710213939062287,0.9299714069962531,1.0161266882179305,1.0,1.0235011191596781
2018-06-05,0.9067176164947591,0.9109711915924702,1.0097326291773814,1.0286249750299905,0.9710213939062287,0.9307526208772499,1.0161266882179305,1.0,1.0235011191596781
2018-06-06,0.9060955901912177,0.9146918595793072,1.0097326291773814,1.0286249750299905,0.9710213939062287,0.9350702086149943,1.0161266882179305,1.0,1.0235011191596781
2018-06-07,0.9117425886951304,0.9232342190300745,1.0097326291773814,1.0286249750299905,0.9710213939062287,0.9449804855869703,1.0161266882179305,1.0,1.0235011191596781
2018-06-08,0.9106022821359036,0.9184669434822876,1.0097326291773814,1.0286249750299905,0.9710213939062287,0.9394635238111041,1.0161266882179305,1.0,1.0235011191596781
2018-06-11,0.911283716692516,0.919067932159086,1.0097326291773814,1.0286249750299905,0.9710213939062287,0.940157824585554,1.0161266882179305,1.0,1.0235011191596781
2018-06-12,0.9137166207834598,0.9213194557119844,1.0097326291773814,1.0286249750299905,0.9710213939062287,0.9427590836949201,1.0161266882179305,1.0,1.0235011191596781
2018-06-13,0.9062358549745047,0.9136945753693736,1.0097326291773814,1.0286249750299905,0.9710213939062287,0.9339493890433367,1.0161266882179305,1.0,1.0235011191596781
2018-06-14,0.9081483401406261,0.9164658228205849,1.0097326291773814,1.0286249750299905,0.9710213939062287,0.9371394054848031,1.0161266882179305,1.0,1.0235011191596781
2018-06-15,0.9094888387626159,0.9170965468693346,1.0097326291773814,1.0286249750299905,0.9710213939062287,0.9378654177911715,1.0161266882179305,1.0,1.0235011191596781
2018-06-19,0.8937128462073293,0.9028016022408072,1.0097326291773814,1.0286249750299905,0.9710213939062287,0.9214098601611901,1.0161266882179305,1.0,1.0235011191596781
2018-06-20,0.8976368593730347,0.9083480767690406,1.0097326291773814,1.0286249750299905,0.9710213939062287,0.9277271123539342,1.0161266882179305,1.0,1.0235011191596781
2018-06-21,0.8954441345786077,0.9068615542060614,1.0097326291773814,1.0286249750299905,0.9710213939062287,0.9260353299373778,1.0161266882179305,1.0,1.0235011191596781
2018-06-22,0.8920555572226136,0.9062334439142311,1.0097326291773814,1.0286249750299905,0.9710213939062287,0.9253206706461996,1.0161266882179305,1.0,1.0235011191596781
2018-06-25,0.8938887596696754,0.9083557490909637,1.0097326291773814,1.0286249750299905,0.9710213939062287,0.9277352145939702,1.0161266882179305,1.0,1.0235011191596781
2018-06-26,0.8908968990769377,0.9067685553874537,1.0097326291773814,1.0286249750299905,0.9710213939062287,0.9259294178878567,1.0161266882179305,1.0,1.0235011191596781
2018-06-27,0.9015378866482864,0.9142217357324537,1.0097326291773814,1.0286249750299905,0.9710213939062287,0.9344067757682921,1.0161266882179305,1.0,1.0235011191596781
2018-06-28,0.9106274403242807,0.9210693613327097,1.0097326291773814,1.0286249750299905,0.9710213939062287,0.9421834063423478,1.0161266882179305,1.0,1.0235011191596781
2018-06-29,0.9157519783001477,0.924254857411658,1.0097326291773814,1.0286249750299905,0.9710213939062287,0.945797049348513,1.0161266882179305,1.0,1.0235011191596781
2018-07-02,0.9117736086507167,0.9193615864242223,1.0097326291773814,1.0286249750299905,0.9710213939062287,0.9402462034523963,1.0161266882179305,1.0,1.0235011191596781
2018-07-03,0.914737090703225,0.9215281215600327,1.0097326291773814,1.0286249750299905,0.9710213939062287,0.9427001321695346,1.0161266882179305,1.0,1.0235011191596781
2018-07-04,0.9142278821730924,0.9205365216924913,1.0089753297054984,1.0277135614471282,0.9700927994680842,0.9415768482412784,1.0147575313476003,1.0,1.0235011191596781
2018-07-05,0.9149024069955121,0.9248185308981082,1.0230950896473845,1.0447014477416894,0.9874011345056946,0.9464327755582002,1.0402700383755266,1.0,1.0235011191596781
2018-07-06,0.9139699193867348,0.9229215564801477,1.020746010576539,1.0392387844256885,0.9846382374200848,0.9442810589671825,1.0363191189843128,1.0,1.0235011191596781
2018-07-09,0.9313142814952611,0.9365384583381502,1.0218148727809235,1.0417093353953948,0.9858931860952257,0.9598059127163742,1.0381109629102119,1.0,1.0235011191596781
2018-07-10,0.9389740702637223,0.9419888942747684,1.0190088723563304,1.0347228577941465,0.9825980759320656,0.9660127339585368,1.0332586196398004,1.0,1.0235011191596781
2018-07-11,0.9445506493274043,0.9454564198214113,1.0199096681867785,1.0371031661098644,0.9836625561430975,0.9699473238744593,1.0348116929047264,1.0,1.0235011191596781
2018-07-12,0.9461593416129119,0.9479433623587176,1.0280199926795004,1.058745271645621,0.9934675249233379,0.9727616426882917,1.0490049412034432,1.0,1.0235011191596781
2018-07-13,0.9429516147090868,0.9438117687458405,1.0219775306943855,1.0429162683921673,0.985926343206595,0.9680857736618755,1.038095324703505,1.0,1.0235011191596781
2018-07-16,0.9420752369380425,0.9398222403790978,1.0115956826020238,1.0167716489924727,0.9730961220509874,0.9635596685085964,1.0196033926406425,1.0,1.0235011191596781
2018-07-17,0.9355892432422755,0.9357485780519141,1.0094982403702724,1.0119440287832597,0.9705647048952432,0.958874704851722,1.015962377355307,1.0,1.0235011191596781
2018-07-18,0.942632249224363,0.9411202461093935,1.0126818678320038,1.0192871485129165,0.9746768903816795,0.9649016129634079,1.021576653892698,1.0,1.0235011191596781
2018-07-19,0.9497926158168499,0.9511072516411138,1.0250566491281734,1.0478717659525272,0.9918078010360349,0.9757736535993432,1.043598416974894,1.0,1.0235011191596781
2018-07-20,0.9542881654537064,0.9515893753035165,1.0185559786610856,1.0338345962064852,0.9828951512864816,0.9763012815363421,1.0321031581683127,1.0,1.0235011191596781
2018-07-23,0.9511728331309688,0.9498224211470613,1.0207840180779906,1.0384760824996757,0.9859758348218275,0.9743852597990063,1.0359454724391344,1.0,1.0235011191596781
2018-07-24,0.9559301245814387,0.9546205338601568,1.021109283486049,1.0391540235235175,0.9864279012760374,0.979590842779056,1.036506997067601,1.0,1.0235011191596781
2018-07-25,0.9508929580344109,0.9491473569786356,1.016024975428936,1.028553270259048,0.97932644041054,0.9736761459816559,1.0277270822164717,1.0,1.0235011191596781
2018-07-26,0.939194019374735,0.9418122730469197,1.018185683061006,1.0329673737025573,0.9823517415671467,0.9657748212449796,1.0314184362803995,1.0,1.0235011191596781
2018-07-27,0.9511271831884827,0.9494918505458282,1.0211993717381898,1.0392779773960634,0.9876435135122076,0.9736552879386652,1.0369453831708648,1.0,1.0235011191596781
2018-07-30,0.9648141377165074,0.966255323989217,1.0305753430037476,1.0589309298495948,1.0041226163124923,0.9908453718272126,1.0542471011832537,1.0,1.0235011191596781
2018-07-31,0.9657365452299836,0.9673891620606907,1.0316909311985185,1.061189785237386,1.006039555068761,0.9920080647279699,1.0562597310096424,1.0,1.0235011191596781
2018-08-01,0.9610208269726916,0.9635395519308515,1.031312274320269,1.0604207237091934,1.0053830017894045,0.988060486602612,1.0555704034511457,1.0,1.0235011191596781
2018-08-02,0.9776160832694232,0.9775191554700774,1.0333972418106225,1.0646590396902262,1.009019409938259,1.0023958544116445,1.0593883363284347,1.0,1.0235011191596781
2018-08-03,0.9937819345361235,0.9913520659368418,1.0331131127212738,1.0656662860818493,1.0099038754950407,1.0160852938182576,1.0603169532465135,1.0,1.0235011191596781
2018-08-06,1.0197575886466965,1.011107192245808,1.0478193084917398,1.0778516521276418,1.0205773470248571,1.0421435284338687,1.0715232304850386,1.0,1.0360978855477008
2018-08-07,1.054994672592552,1.0133058458099273,1.1445622383477692,1.1827140217835608,1.0205773470248571,1.1069473474944884,1.0715232304850386,1.0,1.1727560509573767
2018-08-08,1.026941152122214,0.9854115921338419,1.1445622383477692,1.1827140217835608,1.0205773470248571,1.086405602352577,1.0715232304850386,1.0,1.1727560509573767
2018-08-09,1.0230119988471869,0.9819314490225003,1.1445622383477692,1.1827140217835608,1.0205773470248571,1.0836709454489017,1.0715232304850386,1.0,1.1727560509573767
2018-08-10,1.0187019855117376,0.9784102709915342,1.1445622383477692,1.1827140217835608,1.0205773470248571,1.0808979339318183,1.0715232304850386,1.0,1.1727560509573767
2018-08-13,1.0273383007269121,0.9862161661308216,1.1445622383477692,1.1827140217835608,1.0205773470248571,1.0870335189174007,1.0715232304850386,1.0,1.1727560509573767
2018-08-14,1.035211250922158,0.993030876319312,1.1445622383477692,1.1827140217835608,1.0205773470248571,1.0923994229995433,1.0715232304850386,1.0,1.1727560509573767
2018-08-15,1.0424144894312144,0.9997160057600311,1.1445622383477692,1.1827140217835608,1.0205773470248571,1.0976674662773862,1.0715232304850386,1.0,1.1727560509573767
2018-08-16,1.0433188478559594,1.000422619445106,1.1445622383477692,1.1827140217835608,1.0205773470248571,1.098224284901505,1.0715232304850386,1.0,1.1727560509573767
2018-08-17,1.0423736267415806,0.9979275695499648,1.144042436214508,1.1827140217835608,1.0205773470248571,1.0959063571409915,1.069915945639311,1.0,1.1721998740816866
2018-08-20,1.039923644263512,0.9965891189777878,1.1372006232337617,1.1783204308243744,1.0205773470248571,1.0901787068106779,1.0487780847577222,1.0,1.1648792468183273
2018-08-21,1.0284581056377426,0.9872980408497849,1.1366881137570684,1.1773334168581813,1.0205773470248571,1.0826446875424334,1.047231816142672,1.0,1.164331071765066
2018-08-22,1.0319028091776996,0.991895498006312,1.1329786756089275,1.1701939321504669,1.0205773470248571,1.0837310522814438,1.0360561725825879,1.0,1.1603634687444166
2018-08-23,1.0229737642557488,0.9835003281124732,1.132469538817669,1.1692214309731457,1.0205773470248571,1.0768641695904448,1.0345570419815326,1.0,1.1598189390699714
2018-08-24,1.0274080153234697,0.98594452552586,1.137422313859578,1.1786762849295704,1.0205773470248571,1.0820888623222822,1.0491213107930564,1.0,1.1651160447162472
2018-08-27,1.0108842949170287,0.9686248873826543,1.1417899729217746,1.1869986932688683,1.0205773470248571,1.071490547045366,1.0617659869166587,1.0,1.1697857447191304
2018-08-28,1.0222621493247814,0.9767280493605505,1.1499308934185324,1.202499897954525,1.0205773470248571,1.0833529613902564,1.0851064360434894,1.0,1.1784872986788517
2018-08-29,1.017298554650149,0.9713617365035037,1.1482387992799432,1.199306032547019,1.0205773470248571,1.0779161933218453,1.0804546640595538,1.0,1.176680091440281
2018-08-30,1.0225947642216702,0.9766868714772577,1.1491038668146816,1.2009348034964904,1.0205773470248571,1.082782741281687,1.0828187054607947,1.0,1.1776040081112162
2018-08-31,1.0178893388423293,0.9753952826352343,1.1388495299291186,1.1816139913915766,1.0205773470248571,1.0751460992643518,1.0547628761248926,1.0,1.166652313051499
2018-09-03,1.0275159362771216,0.9836890547278473,1.1476729027979693,1.1976630423878711,1.0205773470248571,1.0874476570127052,1.076640595988147,1.0,1.176067910174659
2018-09-04,1.028300667872099,0.98517438601013,1.147643650558171,1.1976103616111073,1.0205773470248571,1.088598490254425,1.0765707148190717,1.0,1.176036722527903
2018-09-05,1.0271225398410286,0.9854143068490743,1.1436275359319605,1.1903778758584704,1.0205773470248571,1.0861777247447613,1.066976997582622,1.0,1.1717548888076172
2018-09-06,1.0317971536646329,0.9905863129346103,1.141800865099839,1.1871116317035375,1.0205773470248571,1.0890409619709558,1.0626825665515325,1.0,1.1698075126533367
2018-09-07,1.023490928307333,0.9869654285100421,1.1290221321580949,1.1643147085525793,1.0205773470248571,1.0777825083320443,1.0327799253790053,1.0,1.1561843333195825
2018-09-10,1.0327733496797955,0.9994976269090353,1.120008718045617,1.1489203440626639,1.0205773470248571,1.0813468064218101,1.0137639831477963,1.0,1.146587210048522
2018-09-11,1.0167531846265654,0.9825984942460706,1.122277669373664,1.1527122993280527,1.0205773470248571,1.0699151075069697,1.018331646029637,1.0,1.149001783104124
2018-09-12,1.0215811403419177,0.9852420223840785,1.1285157887332453,1.163141311065481,1.0205773470248571,1.076155495841106,1.0308820713872442,1.0,1.1556395614898947
2018-09-13,1.0133554014177846,0.9782771963034756,1.1304923603124364,1.167222140553519,1.0189711783321485,1.0720761521781417,1.035750795546724,1.0,1.1577416874756077
2018-09-14,1.0055470069968737,0.9727406281560669,1.1216742696838402,1.1541828830539496,1.015604242965514,1.0618621447996868,1.020207965096267,1.0,1.1483642295195424
2018-09-17,1.0045531053428807,0.9730279591657494,1.1131642094644127,1.1471806098419877,1.0082490991008912,1.0564552599888344,1.007925035549186,1.0,1.139318757822221
2018-09-18,0.9986441182903133,0.967567413391205,1.1101984752431309,1.1447273813942174,1.005903748514386,1.0503085991821832,1.0035848650478265,1.0,1.1361678041400407
2018-09-19,0.9915458285678944,0.9631994071872491,1.102485027357571,1.1383396493351092,0.9909379269458056,1.0418769579438447,0.9972271799740662,1.0,1.127972609416121
2018-09-20,0.9980617008654055,0.9672561135214174,1.1090243645558098,1.1437790785161526,1.0031555915742465,1.049244187199636,1.0026631502988814,1.0,1.1349180951519742
2018-09-21,0.9954879710365747,0.959235638194348,1.119142988088495,1.1521976075261793,1.0296609934148881,1.0499585869500818,1.0065570032735716,1.0,1.1456587828802203
2018-09-25,0.9947717625741935,0.9558007115655742,1.1184210294668113,1.1515959342953563,1.0129992478739482,1.046862654123112,1.0154630814453756,1.0,1.144893350250721
2018-09-26,0.9870418200431307,0.9531894210691166,1.1044893729242702,1.1399830453936406,0.9871626189896564,1.0356320999743824,1.0057970517488204,1.0,1.13012254842901
2018-09-27,0.9852484649168136,0.9523337011974387,1.1015347067656625,1.137492896391039,0.973706682332634,1.0330216701644181,1.009735493401479,1.0,1.1269937563579369
2018-09-28,0.9933662411502854,0.9571460496080031,1.1102992847645032,1.1448868746761545,0.974907009751277,1.0424430208714237,1.0258626955924628,1.0,1.1362742221160758
2018-10-08,0.9972760349501438,0.9638141068166816,1.109925328946778,1.1445717074881276,0.9761908653936827,1.0470963824271118,1.0242280392940821,1.0,1.1358811720694173
2018-10-09,1.0114495339411975,0.9784431415960818,1.102408673578365,1.1382336403071556,0.9607280462929159,1.0528508831942867,1.0203810550433468,1.0,1.12798393630352
2018-10-10,1.004701461195117,0.9762854971028302,1.0879153011818887,1.1259648795841224,0.9331748783992364,1.041295763162041,1.0119938799737056,1.0,1.1127602679444
2018-10-11,0.992800777966346,0.967301278920667,1.0825441166620597,1.1213656656555446,0.9331748783992364,1.0311476338408798,1.001160541954609,1.0,1.107126989787521
2018-10-12,0.9902715923233684,0.9649160706559167,1.0780079258991244,1.1174730698693747,0.9331748783992364,1.026342068007867,0.9921662962415828,1.0,1.1023697975913542
2018-10-15,0.9833212865370922,0.9575585072068616,1.076724941473415,1.1163657041152135,0.9321460695515792,1.0202550459790083,0.99042787576271,1.0,1.10102742061735
2018-10-16,0.9755045287068806,0.9500061204337429,1.07627462696851,1.1159760597963047,0.9263958099784116,1.0145832475663128,0.99398381117439,1.0,1.1005568741955887
2018-10-17,0.9666359988144279,0.9482354391699407,1.0506171870747687,1.0936176836757188,0.882304235079725,0.9961741167184364,0.9763875163720963,1.0,1.0738528748441925
2018-10-18,0.9613930474813576,0.9450929651090241,1.0506171870747687,1.0936176836757188,0.882304235079725,0.9940864966569543,0.9763875163720963,1.0,1.0738528748441925
2018-10-19,0.9579504002475676,0.9433417789452903,1.0502504343261279,1.0932896211891585,0.882304235079725,0.9927179429517489,0.9756163663633985,0.9984780486363637,1.0734719480459722
2018-10-22,0.9488529878133467,0.9339041576258549,1.0417772953586812,1.0856347804324467,0.882304235079725,0.9806592929404938,0.9573838541822399,0.995868390100155,1.0647181977998403
2018-10-23,0.9471159944528396,0.9317805048267777,1.0391837652126754,1.0832784778275732,0.882304235079725,0.9773042030476166,0.9520342930926331,1.0005534982081261,1.06204113096805
2018-10-24,0.9477642187049347,0.9294632651458978,1.0399805550817043,1.0847275545332036,0.882304235079725,0.9762579647864182,0.9536716145707462,1.0021225480121343,1.0628634059212663
2018-10-25,0.9436061801398266,0.9262134880429479,1.0435377989122459,1.0911991318247583,0.882304235079725,0.9766165888938709,0.9609826109875698,1.0000272008662907,1.0665342278449559
2018-10-26,0.940534999748732,0.9257141716080161,1.0347692738273597,1.0752422683626117,0.882304235079725,0.9703148778651702,0.9430197828765114,1.0000653191758409,1.0574916981625557
2018-10-29,0.9359431810694994,0.9186975873874967,1.0347692738273597,1.0752422683626117,0.882304235079725,0.9657368783308665,0.9430197828765114,1.0000653191758409,1.0574916981625557
2018-10-30,0.9349962270416617,0.9155345402578351,1.0347692738273597,1.0752422683626117,0.882304235079725,0.9636638393848307,0.9430197828765114,1.0000653191758409,1.0574916981625557
2018-10-31,0.9313737964067962,0.9126609854450375,1.0347692738273597,1.0752422683626117,0.882304235079725,0.9618115632377076,0.9430197828765114,1.0000653191758409,1.0574916981625557
2018-11-01,0.9279274726155362,0.9122342254767283,1.0347692738273597,1.0752422683626117,0.882304235079725,0.961536008504302,0.9430197828765114,1.0000653191758409,1.0574916981625557
2018-11-02,0.9240418538592319,0.9164665218183874,1.0344114218707534,1.0750498982903078,0.8814459170102394,0.9642863876343434,0.9423066177414512,0.9995621899503647,1.0574916981625557
2018-11-05,0.9278815560997461,0.9208416276396801,1.036975394312979,1.0764647905322882,0.8884666268396838,0.9664508983874913,0.9474220565938307,1.0090673103267875,1.0571241766118216
2018-11-06,0.9411805221594854,0.9404988873094736,1.0541842496999114,1.0941210447273193,0.912078203641869,0.9840211770819383,0.9821977487988104,1.005108621849634,1.0649016185186704
2018-11-07,0.9508704737057941,0.950671896106235,1.062443360133978,1.10129474012532,0.9217661565880938,0.9932119117226752,0.9964417055084134,1.0054986186146733,1.0688633467627386
2018-11-08,0.9433631119488481,0.9402963928565127,1.0403478299162328,1.089603686182103,0.9036644843084544,0.9788565845219062,0.9699035811750697,1.0044923896384257,1.0574666445844396
2018-11-09,0.9399751196088811,0.9346608056287691,1.025645473872536,1.081428654707173,0.8954640539663925,0.9685157250214186,0.9552400079760864,1.0013195187039476,1.0488443984885112
2018-11-12,0.9515101098827304,0.9478274644332463,1.0471459793719875,1.0936657534938619,0.9146696279197989,0.9841664765813883,0.9805562343707713,1.0020894514876886,1.0607488245072163
2018-11-13,0.9446632864010465,0.93742903476313,1.045058885442349,1.0924322228394765,0.9099682811622388,0.9777339347536207,0.974434606070452,1.003092723404729,1.057645183786525
2018-11-14,0.9494359321143504,0.9375493128510827,1.021024678818865,1.0782150497963683,0.8893493756583153,0.9703202599388683,0.9472231732993043,1.0029908885195467,1.043469472722539
2018-11-15,0.9600574093957072,0.9508212276775806,1.0393219301202514,1.0896401594988208,0.9045971323345937,0.9859619900372961,0.9669456248415516,1.0049056893067203,1.0549983363417295
2018-11-16,0.9594220521494969,0.9527219698608973,1.0416726937535512,1.0911453469346963,0.9065336044786375,0.9879331086741383,0.9694547980515311,1.0093820873772685,1.0565383340712167
2018-11-19,0.9744370503848894,0.9687360095193943,1.054246729072591,1.0991960741713418,0.9173662433706568,1.0032678196428986,0.9828819930891279,1.010810175836411,1.0643836358254408
2018-11-20,0.9941192422339139,0.9899836607811241,1.0710953431188794,1.1100928840991864,0.9322160107304491,1.0235500669274034,1.001116124182008,1.0098073602501472,1.0750929747455509
2018-11-21,1.0010215988471927,0.9977859452457295,1.0750773681314578,1.1204939724000178,0.9322160107304491,1.0318632772877931,1.012298014508122,0.9887391860961433,1.0895112010623158
2018-11-22,1.0016328394341185,1.000227480650885,1.0700678856325598,1.1172252066597061,0.9322160107304491,1.0299423323272723,1.0070318418232154,0.9899076960433478,1.0827966850980435
2018-11-23,1.011314131089123,1.0112758705204428,1.0680665917353618,1.1159125529073972,0.9322160107304491,1.0361853805059438,1.004931435407248,0.9875494096917908,1.0801211298829005
2018-11-26,1.0156710296578304,1.0167289477544599,1.0647186119446912,1.1137147110736412,0.9322160107304491,1.0374653357226702,1.001697987638944,0.9882670708255358,1.0760014720300506
2018-11-27,1.0177728777744037,1.0284266937850215,1.05690987591263,1.1059737926120545,0.9322160107304491,1.0397737535599605,0.9965380460224288,0.9822700865548445,1.0694074229676236
2018-11-28,1.030122042834632,1.0353140457112149,1.0697814454874726,1.1188014080503796,0.9322160107304491,1.0537521653581414,1.0110755141161152,0.9822924108749935,1.0880288604760244
2018-11-29,1.036386585385101,1.0432747253925536,1.0678948356349567,1.1168952784341968,0.9322160107304491,1.0576010973985772,1.0110755141161152,0.9781176681287749,1.0880288604760244
2018-11-30,1.0387881396694683,1.0453353421038918,1.070719426591445,1.1197498976100764,0.9322160107304491,1.0613713103650022,1.0110755141161152,0.9792513954259241,1.0880288604760244
2018-12-03,1.025043584662954,1.0320179102862115,1.0674139793426474,1.1164087480933758,0.9322160107304491,1.0497171043038331,1.0110755141161152,0.977796722374276,1.0880288604760244
2018-12-04,1.0104941414342798,1.0153089935439905,1.0688587136810668,1.1178932804885962,0.9322160107304491,1.0395120634621318,1.0110755141161152,0.9816739543836824,1.0880288604760244
2018-12-05,1.0035564534321422,1.0108559314641943,1.0673663087648153,1.1152567974785443,0.931834713228972,1.035294631129341,1.0108320558097879,0.9776923575578179,1.0880288604760244
2018-12-06,1.0139563930192643,1.0214195730912834,1.069349046615318,1.1152567974785443,0.9351129401227827,1.044196860488069,1.0129254632986864,0.9824972475360998,1.0880288604760244
2018-12-07,1.0153552730899562,1.0210466360358896,1.0690767386693258,1.1149722102982602,0.9346627624099733,1.0436094072987474,1.0126375239532917,0.9849738216491193,1.0880288604760244
2018-12-10,1.0236637211738635,1.0299238813223908,1.070063837465067,1.1160040729669194,0.9362943185479077,1.0506262957684231,1.01368157040731,0.9863504564317706,1.0880288604760244
2018-12-11,1.025792400020688,1.0324598594845344,1.067424635261383,1.1131554580449918,0.9319702481318073,1.0504687041889156,1.0108749718503538,0.9807910265864278,1.0880288604760244
2018-12-12,1.0188108661488602,1.0264234859161916,1.0661025292018398,1.1102481482244388,0.9298236427659178,1.0452808211487186,1.0094660705340703,0.9777149092757704,1.0880288604760244
2018-12-13,1.0073172579365237,1.0169274176959957,1.0621271403579495,1.1015083656977136,0.9233829868418486,1.035852353711708,1.0052335565221697,0.9684943995013996,1.0880288604760244
2018-12-14,1.0073009134195254,1.0188995455788132,1.0611193575216238,1.0992896965577,0.9217690804095073,1.036465928622781,1.0041632275810128,0.966645455647806,1.0880288604760244
2018-12-17,1.0051048038677577,1.0154500466668408,1.0591043105026094,1.0948473945141848,0.9185474830315191,1.0325969852425745,1.0020242152724108,0.9630930335983003,1.0880288604760244
2018-12-18,1.0075843363361732,1.0177030465388532,1.0585992765610006,1.0937227666241007,0.9177457933752305,1.0336893690359334,1.0014877332659482,0.9642093459781529,1.0880288604760244
2018-12-19,1.0106017454251088,1.0256605150844784,1.0563171676469179,1.0886413621222653,0.9141387709122337,1.0373760777040024,0.9990644070421761,0.9625877211690078,1.0880288604760244
2018-12-20,1.0111451417682562,1.0235058531662566,1.0565701964080647,1.0892023374918574,0.9145373587606811,1.0356801936935731,0.9993329176138156,0.972773897503577,1.0880288604760244
2018-12-21,1.0203801152889476,1.0311037005166235,1.05555378188853,1.0869479654270857,0.9129358743702988,1.0399902710568552,0.9982570607144746,0.9755153512147234,1.0880288604760244
2018-12-24,1.030676609368308,1.0400716461222033,1.05555378188853,1.0869479654270857,0.9129358743702988,1.0461099367664162,0.9982570607144746,0.9783975556614942,1.0880288604760244
2018-12-25,1.0490953984032354,1.0578875634777039,1.0578736479975364,1.0921040760651237,0.9166314760292266,1.06022748324084,1.0006770399008769,0.9796916878898079,1.0880288604760244
2018-12-26,1.0446501506314947,1.0551213868608886,1.0560676242375395,1.0880941555053887,0.9137353183623418,1.0571091334688523,0.9987875814567774,0.9734127547992414,1.0880288604760244
2018-12-27,1.040565159792484,1.0505167950652459,1.0565794891933218,1.0892293345278368,0.9145595862207632,1.0542120148648024,0.9993160448779405,0.975516460375467,1.0880288604760244
2018-12-28,1.0428502486847373,1.0515197725855177,1.0579395400286113,1.0922460907002824,0.916765681986895,1.055810722012537,1.0007202586046897,0.9803120567266818,1.0880288604760244
2019-01-02,1.047585906024262,1.05600705205311,1.0587214417773914,1.0939839414777852,0.91802333117714,1.0595886080130656,1.0015270209485132,0.9810718346639524,1.0880288604760244
2019-01-03,1.037227250764531,1.046996229526049,1.0562157827241412,1.0884133625661192,0.9139906884141414,1.0514825675097503,0.9989407619413835,0.9741393848658499,1.0880288604760244
2019-01-04,1.020173712595405,1.0305902724317295,1.056745843694177,1.0895863869179974,0.9148447616553814,1.0405108537499832,0.9994851351700839,0.9719517458799566,1.0880288604760244
2019-01-07,1.0155238572977816,1.0258893311008837,1.0575580586864939,1.0913886472641308,0.9161772579676868,1.037648130607756,1.0003040962598473,0.9733434040615575,1.0880288604760244
2019-01-08,1.0132781568765732,1.0251307041099735,1.0559277206181574,1.08776907984946,0.9135092890575214,1.035977426158012,0.9986579246603171,0.9699588235883435,1.0880288604760244
2019-01-09,1.0079845008476376,1.020551608572655,1.060025045442534,1.0968416158533345,0.9201839430085154,1.0356465810307656,1.0027975683141042,0.9728615461718942,1.0880288604760244
2019-01-10,1.0108158777101717,1.0218841319769758,1.060025045442534,1.0968416158533345,0.9201839430085154,1.0365079619508806,1.0027975683141042,0.9758243517897814,1.0880288604760244
2019-01-11,1.0090840852909952,1.0212090501110962,1.060025045442534,1.0968416158533345,0.9201839430085154,1.0362296436080773,1.0027975683141042,0.9705460291596458,1.0880288604760244
2019-01-14,1.0132306688741661,1.0252625437744767,1.059743566336919,1.096213724727968,0.9196988877514916,1.0392901835757455,1.0025337196852508,0.9670633976676626,1.0880288604760244
2019-01-15,1.0083996635900407,1.022109767612486,1.0564748523878378,1.0889247847417747,0.9140682174434949,1.034819053742914,0.9994697868305553,0.9581281143028297,1.0880288604760244
2019-01-16,1.0076244294371153,1.0211032500309265,1.054108744758351,1.0836939448632128,0.9100251305997553,1.0324601893589418,0.9968561791761017,0.9613509088691211,1.0880288604760244
2019-01-17,1.0063431244553942,1.0164064377155793,1.0567983258246036,1.0896166180707165,0.9145373434545719,1.0337881750109026,0.995678210621616,0.9622030153565279,1.0880288604760244
2019-01-18,0.9934148318878452,1.004657151923409,1.0576842323921145,1.0915663868316283,0.9160214679044478,1.030084885814261,0.9902460020268937,0.9671708424081832,1.0880288604760244
2019-01-21,0.981516976271554,1.000453867946943,1.0553974015862815,1.0865283357328572,0.9121878863102834,1.024523242668783,0.9892958304407108,0.956403624846383,1.0880288604760244
2019-01-22,0.9907194494348648,1.000734378478354,1.0599652864361233,1.0966282722044072,0.9197979982179734,1.0277029805725773,0.9928199338686656,0.9788128738625053,1.0880288604760244
2019-01-23,0.9916694155328905,1.0020245916745691,1.0622991597210918,1.1020551322959793,0.9236149187471001,1.0305418382078222,0.9949068543129287,0.9783611014458292,1.0880288604760244
2019-01-24,0.9892690153842392,0.9997283930596067,1.0622991597210918,1.1020551322959793,0.9236149187471001,1.0301227457672757,0.9930779234395876,0.9790281658331786,1.0880288604760244
2019-01-25,0.9838260017723754,0.9929766975373222,1.0622991597210918,1.1020551322959793,0.9236149187471001,1.024866841387392,0.992733259686749,0.9804605427814826,1.0880288604760244
2019-01-28,0.997202845346048,1.0121538211939116,1.0622991597210918,1.1020551322959793,0.9236149187471001,1.0346304894588965,0.9999763183817855,0.9820452758636884,1.0880288604760244
2019-01-29,0.9985312383187719,1.012621077356765,1.0622991597210918,1.1020551322959793,0.9236149187471001,1.0350834829516775,0.9999586901251446,0.9809293153229343,1.0880288604760244
2019-01-30,0.9971722027481512,1.0119028956700582,1.0622991597210918,1.1020551322959793,0.9236149187471001,1.035108541292914,0.9992976043688856,0.9786800270136973,1.0880288604760244
2019-01-31,0.9819854125961407,0.997846472701975,1.0622991597210918,1.1020551322959793,0.9236149187471001,1.0302191999513828,0.9913396755559793,0.9669358666895329,1.0880288604760244
2019-02-01,0.9832162668583634,1.001009023613094,1.0622991597210918,1.1020551322959793,0.9236149187471001,1.0344761570785488,0.9895213460349616,0.9664084471258841,1.0880288604760244
2019-02-11,0.9803139977287004,0.998332458073298,1.0619977542415946,1.1018333931187254,0.9231141769369785,1.037407870631923,0.9822633268163063,0.968095096506995,1.0880288604760244
2019-02-12,0.9877621527512276,1.0031401615221422,1.068342381384869,1.1063825970838914,0.9336363889114397,1.0401599941437574,0.9946886674347976,0.980152280890764,1.0880288604760244
2019-02-13,0.9965490891330387,1.0105015613883541,1.0729579872462298,1.1172050963381372,0.9410809554171888,1.0414051961696311,1.0086647415417425,0.9936690000821096,1.0880288604760244
2019-02-14,0.9984893478590239,1.0133216444910182,1.0729579872462298,1.1172050963381372,0.9410809554171888,1.045309378519321,1.0068661765761273,0.9966048403096248,1.0880288604760244
2019-02-15,0.9989643322253611,1.0137641226783276,1.0729579872462298,1.1172050963381372,0.9410809554171888,1.0390472230418277,1.0154598395865748,0.994249228868893,1.0880288604760244
2019-02-18,1.00127176964151,1.0191003395558327,1.072467526442228,1.1172050963381372,0.9410809554171888,1.0474385733892766,1.010007756748331,0.9961023498996964,1.0880288604760244
2019-02-19,1.0090184487873326,1.0334057446043796,1.0746586952408061,1.1172050963381372,0.9410809554171888,1.054150418560326,1.0222451733419289,0.9927518238136701,1.0880288604760244
2019-02-20,1.0133159382259287,1.0360971130104097,1.0784924324918532,1.1244713462154787,0.9410809554171888,1.0582929551735945,1.0225254281272096,0.9967208595940529,1.0880288604760244
2019-02-21,1.006428531078759,1.029163609059237,1.0784924324918532,1.1244713462154787,0.9410809554171888,1.0572480152768997,1.0141598673038077,0.9937760025088886,1.0880288604760244
2019-02-22,1.0081158561130832,1.0293863635242535,1.0784924324918532,1.1244713462154787,0.9410809554171888,1.060669091950434,1.0089469397678554,0.9984738527025669,1.0880288604760244
2019-02-25,1.0175779778170686,1.0334966050916785,1.0784924324918532,1.1244713462154787,0.9410809554171888,1.0636829709991382,1.0106494778691737,1.0020138963621488,1.0880288604760244
2019-02-26,1.006382630436046,1.0218534285274115,1.0784924324918532,1.1244713462154787,0.9410809554171888,1.0587309996030818,0.9997105267157135,0.9966850042769501,1.0880288604760244
2019-02-27,1.009176218649009,1.024137743144701,1.0779721057291043,1.1241025603731352,0.9400330662328863,1.057478766882922,1.004318214113464,0.9980147111886675,1.0880288604760244
2019-02-28,1.0074434662888359,1.0222082467964921,1.0702915544757843,1.1186401040706448,0.9245783617993409,1.0535465651083735,0.9942097287183098,0.9944989775469801,1.0880288604760244
2019-03-01,1.0178554354029885,1.0304821304038319,1.0636021493127152,1.1050691697188342,0.9128762965139618,1.065968301106912,0.9779572340579469,0.9889654889503259,1.0880288604760244
2019-03-04,1.010879330495177,1.0177803642513263,1.0719248361310871,1.13139439207699,0.9326506630574112,1.0631958171069988,0.9776309786447611,0.9960006298149043,1.0880288604760244
2019-03-05,1.0066401792312591,1.01432085028109,1.0691420710198731,1.1285795578715163,0.9263476745551495,1.0578916611890272,0.974274054209573,0.9932514349219224,1.0880288604760244
2019-03-06,1.0101345375772566,1.0181655575962807,1.0797265775229699,1.1400660582867577,0.9414512705417686,1.061517089970437,0.9919468752112984,1.0027550452424254,1.0880288604760244
2019-03-07,1.0001697650978372,1.0008395103707082,1.083942423931237,1.1433457222287016,0.9336266975392243,1.0568185918664463,0.9693557776414456,1.0092464397373073,1.0880288604760244
2019-03-08,0.9909945242451945,1.002381527228629,1.0781162334026066,1.1388158940076156,0.9336266975392243,1.0462237298577286,0.9825945948792825,0.9828246711776649,1.0880288604760244
2019-03-11,0.9900955649482643,1.007816380910188,1.074744134330315,1.136182866982491,0.9096861360136184,1.0423254449185368,0.9823714353288767,0.9741778069716915,1.0880288604760244
2019-03-12,0.9916960838164823,1.0052921342525276,1.0682682323813277,1.131126586222946,0.8999377574273165,1.0474129985053784,0.9621969114956425,0.9736902495772422,1.0880288604760244
2019-03-13,0.9921909970585902,1.0029921222556504,1.0733425064851392,1.1350831082509178,0.907426971282715,1.0446402957945893,0.9684912422094525,0.9886115542996402,1.0880288604760244
2019-03-14,0.9848956108425719,0.9959957901511429,1.069773642651076,1.1309184633249385,0.9021885871579651,1.039097399111814,0.9606097155351658,0.9804873063192056,1.0880288604760244
2019-03-15,0.9767150783946025,0.9891701375849676,1.0765164863629164,1.1398102757067932,0.9133998546001162,1.0344624071045416,0.9669756788299609,0.9760578827133887,1.0880288604760244
2019-03-18,0.9888316587323431,0.9993370207200574,1.0982440667442293,1.1372298878037237,0.9117950139788171,1.0546183890846157,0.9887331156667051,0.9983370520774884,1.0880288604760244
2019-03-19,0.9855235762745481,0.9978729244455498,1.0877283798051534,1.128770902133623,0.9064409081062489,1.0495652377542761,0.9788303826233293,0.9865187982453338,1.0880288604760244
2019-03-20,0.9882808875612765,1.0008641143779877,1.0952720594723448,1.1348214080015757,0.9064010985522956,1.0547433964101398,0.9873194059593634,0.991075756887077,1.0880288604760244
2019-03-21,0.9813150877988405,1.0001187950071715,1.0661104408888937,1.1111595590912264,0.9104236879693219,1.0378839347398863,0.9674170691506738,0.963008861569855,1.0880288604760244
2019-03-22,0.9800394676436223,0.9970968808573397,1.0676828263890072,1.1123643925511137,0.907964107649007,1.0386694981029567,0.9650900068240116,0.9609800421099634,1.0880288604760244
2019-03-25,0.9647008863228135,0.9814110963392889,1.0706459035437978,1.1146758995563244,0.910238371724569,1.0222900002679134,0.967240467982823,0.9578796216955123,1.0880288604760244
2019-03-26,0.9607989970991595,0.9819128780232116,1.0573966604874434,1.1043498129365226,0.8980344593468811,1.0098256853710181,0.9654712269940857,0.9496090594297758,1.0880288604760244
2019-03-27,0.9608043261663834,0.9814110711725433,1.052374026350128,1.100463022592455,0.8886364422215083,1.0082934818057927,0.9593877191452763,0.9486899162793436,1.0880288604760244
2019-03-28,0.9566557343036639,0.9773340180523296,1.0597406445345787,1.1061566800356513,0.8794858991318355,1.0142507916386305,0.9583449990430156,0.9463178519605773,1.0880288604760244
2019-03-29,0.9537655300951646,0.9735140311636907,1.0518544176191231,1.10000150221722,0.8764442609735277,1.025596029628871,0.9349822062548784,0.9354676548474432,1.0880288604760244
2019-04-01,0.9602022167781116,0.9828422942516721,1.0354717850647053,1.08711443930192,0.8714486179599066,1.016918635043988,0.933330301305414,0.9341395651149758,1.0880288604760244
2019-04-02,0.9585273270999018,0.9833701506192314,1.027084463605681,1.0806278958499955,0.8884181232020906,1.0006696045047896,0.9386923996398734,0.9394731821532782,1.0880288604760244
2019-04-03,0.954095940146963,0.9873824807345426,0.9880038997654849,1.0509546627707524,0.8829410588921991,0.9846307822096282,0.9132835934784628,0.9143088461235733,1.0880288604760244
2019-04-04,0.9554713508863815,0.9947235586942093,0.9782291654700622,1.0464143441685332,0.8822634285231895,0.9791382092915085,0.913846143065438,0.9150017458488741,1.0811534806309946
2019-04-08,0.9583118264048686,0.9864284965443265,0.986847899374592,1.0558447590618447,0.8842749201831123,0.9871968860909771,0.9082542605858508,0.910047633385222,1.1050157477079718
2019-04-09,0.9872921655284562,1.0040494919422014,1.0750321169981703,1.118744672583232,0.8939605584528149,1.0429127356777252,0.9774550757347303,0.9132504941275981,1.2496981744958757
2019-04-10,0.9866814379615579,1.0065809728658532,1.0839236016411735,1.1252312434710583,0.8939605584528149,1.0485628168537022,0.9865243352613566,0.9144091903407645,1.2496981744958757
2019-04-11,0.9807152692509523,1.0032304523314088,1.0813281674985573,1.1233168313264417,0.8939605584528149,1.0463354626298726,0.9833781092734104,0.905002843769217,1.2496981744958757
2019-04-12,0.9776072045557761,0.9987601054780643,1.0745932312590525,1.1184726697759135,0.8939605584528149,1.0380026625938716,0.9781191886210105,0.8951127805109479,1.2496981744958757
2019-04-15,0.9789945290178844,1.0014025626650784,1.0745932312590525,1.1184726697759135,0.8939605584528149,1.0439890565567254,0.9754942136160076,0.8935723897547369,1.2496981744958757
2019-04-16,0.9779379795707103,1.0046255901512477,1.0715798569918942,1.1137997040900927,0.8939605584528149,1.0425855263629191,0.9741039278351761,0.8924545670527841,1.2496981744958757
2019-04-17,0.9836296303910083,1.0116603373998907,1.0664854022719432,1.1059226823267791,0.8939605584528149,1.0394170122974036,0.9733559552377681,0.8969451129685073,1.2496981744958757
2019-04-18,0.9898818196654493,1.0216585909013736,1.0715436260619327,1.1137644377577856,0.8939605584528149,1.0498385212196912,0.9778956356524924,0.9068670770624097,1.2496981744958757
2019-04-19,0.9887810486249701,1.0249776287294499,1.0623892418092353,1.099947363874806,0.8939605584528149,1.041938256901345,0.9739264576130726,0.8964068108104795,1.2496981744958757
2019-04-22,0.9859651752637757,1.0220348015870633,,,,1.039616543565341,,,
2019-04-23,0.9939668423774597,1.0228041352508779,1.0637845253622782,1.102554651808872,0.8939605584528149,1.0398604901783548,0.9754087193773179,0.9148597217675426,1.2496981744958757
2019-04-24,0.9897308741621131,1.019134391238759,1.0642513967661469,1.1004638874978552,0.8939605584528149,1.0397376046592344,0.9725798860543742,0.9142453801526259,1.2496981744958757
2019-04-25,0.9878089761815986,1.0214416060501776,1.0594013150681807,1.0997400916250364,0.8932264370804298,1.0337233790523401,0.9715609972741086,0.9103083110196516,1.2496981744958757
2019-04-26,0.986444088496529,1.0139760408254592,1.0611694115324817,1.1012859579539327,0.8953534190672354,1.0363088370104765,0.966724237359754,0.9129600552716924,1.2496981744958757
2019-04-29,0.9974697613846443,1.013277476766167,1.0739121259507987,1.102382293731417,0.916054567802531,1.0472314014920225,0.9767578710351379,0.9377585973120296,1.2496981744958757
2019-04-30,0.9857194560230719,1.0120326811148466,1.0487340434525367,1.096011660175325,0.916054567802531,1.021213320820791,0.96426187144166,0.9168658376154792,1.2496981744958757
2019-05-06,0.9755800733169432,1.0090973820279407,1.0553910694485704,1.1002284960520412,0.916054567802531,1.020259712190751,0.9718342627243055,0.9144584946029883,1.2496981744958757
2019-05-07,0.9756572926400102,1.0055623741924768,1.0560596561380255,1.1002284960520412,0.916054567802531,1.0185156328306797,0.9718342627243055,0.9152079075629636,1.2496981744958757
2019-05-08,0.9690479415387753,0.9978187168267644,1.0561290950745719,1.1003026083108898,0.916054567802531,1.0137873960755284,0.9715966094313079,0.9152857300727112,1.2496981744958757
2019-05-09,0.9756736805727931,1.0092431832032738,1.0561290950745719,1.1003026083108898,0.916054567802531,1.0178356167316145,0.9740154540295473,0.9152857300727112,1.2496981744958757
2019-05-10,0.9762719527704,1.005872467930899,1.0561290950745719,1.1003026083108898,0.916054567802531,1.0189464603891751,0.9715561827636341,0.9152857300727112,1.2496981744958757
2019-05-13,0.983454869311354,1.0218360831255795,1.0561290950745719,1.1003026083108898,0.916054567802531,1.0199633702957738,0.9784942996735367,0.9152857300727112,1.2496981744958757
2019-05-14,0.9866611900244774,1.0294129881276932,1.0561290950745719,1.1003026083108898,0.916054567802531,1.0249367431508927,0.9784942996735367,0.9152857300727112,1.2496981744958757
2019-05-15,0.9885400478236466,1.032264901292855,1.0561290950745719,1.1003026083108898,0.916054567802531,1.0267903847391722,0.9784942996735367,0.9152857300727112,1.2496981744958757
2019-05-16,0.9874856377215429,1.031382296550111,1.0561290950745719,1.1003026083108898,0.916054567802531,1.0265376532871509,0.9782519381831708,0.9152857300727112,1.2496981744958757
2019-05-17,0.9930094305367311,1.0371490561953451,1.0561290950745719,1.1003026083108898,0.916054567802531,1.0302401474609533,0.9782986645530998,0.9152857300727112,1.2496981744958757
2019-05-20,0.9924103658379563,1.0383596613894248,1.0558591249584222,1.100011224828682,0.916054567802531,1.032898131094264,0.9767249553652482,0.9149749703525449,1.2496981744958757
2019-05-21,0.9895484709299152,1.0253683599291772,1.0550199748639926,1.099105694251017,0.916054567802531,1.0299825833768188,0.9722574585081835,0.9140085238344532,1.2496981744958757
2019-05-22,0.9936624190241518,1.029944733656437,1.0561939654003487,1.1032660027485484,0.916054567802531,1.0364630567971906,0.9704279030303787,0.915360365384308,1.2496981744958757
2019-05-23,1.0001813139018247,1.0459245801890786,1.0556901598295945,1.1014721468642796,0.916054567802531,1.0425247823562016,0.9732189059095429,0.9147796395213905,1.2496981744958757
2019-05-24,0.9978015232258998,1.0463187307320678,1.056762882895696,1.1052862343347158,0.916054567802531,1.0425201216685995,0.9741177328955687,0.9160160775497272,1.2496981744958757
2019-05-27,1.0029021183790328,1.0555536959138228,1.056762882895696,1.1052862343347158,0.916054567802531,1.0452355646649532,0.9765875580016773,0.9160160775497272,1.2496981744958757
2019-05-28,1.0022594385042973,1.0545526677265455,1.056762882895696,1.1052862343347158,0.916054567802531,1.0449596876681968,0.9763165878848797,0.9160160775497272,1.2496981744958757
2019-05-29,1.0053533015171272,1.0644510281916468,1.056762882895696,1.1052862343347158,0.916054567802531,1.0426398788092137,0.9827487215930827,0.9160160775497272,1.2496981744958757
2019-05-30,1.0020971184323266,1.0571867040113645,1.056762882895696,1.1052862343347158,0.916054567802531,1.041473240847268,0.9801536105192689,0.9160160775497272,1.2496981744958757
2019-05-31,1.0090166469238344,1.0727339615525728,1.0565177958802352,1.1051134475625015,0.916054567802531,1.0419969867531966,0.9870344136354426,0.91573268024168,1.2496981744958757
2019-06-03,1.0203180398667722,1.0852457628559313,1.056630013330731,1.105431429915135,0.916054567802531,1.0472334031127561,0.9891799307546288,0.915973391129536,1.249107395876553
2019-06-04,1.0203083269667852,1.0915312580709837,1.0490268289771612,1.0970985715911976,0.9151890898231803,1.0406465661649307,0.9919411498088055,0.9143163744974124,1.2405046191176312
2019-06-05,1.0223285821401615,1.0934704812528124,1.0508063387522233,1.099766270530911,0.9134279694898666,1.043515173131509,0.9915266092348521,0.9179698721467332,1.2399235508409485
2019-06-06,1.0217025539045173,1.0933568680684016,1.049653487332513,1.0984824723864082,0.9125147762751976,1.0412827717486342,0.992262178376442,0.918231968713757,1.237530805615202
2019-06-10,1.0211224808932968,1.0907747663465348,1.0574981421866698,1.1086066564061565,0.9069868727816397,1.047720135780984,0.9901149295841848,0.9134957487734399,1.258093475668613
2019-06-11,1.001877234604134,1.0698631347007712,1.052101352606129,1.1046215013681633,0.9087641400462524,1.0395173605853227,0.9837661523042125,0.9140239790762652,1.2481502936007065
2019-06-12,1.0096001632249727,1.0811708638690134,1.0462492714672584,1.1008629454718453,0.905788752603937,1.039577929594623,0.9849210598446766,0.9137719869094738,1.238623757192907
2019-06-13,1.0060059295444803,1.0831482850167606,1.0385738064644552,1.0912807314361859,0.9120929709088459,1.0325244072727595,0.9872801287787245,0.9142811154884315,1.225113239979856
2019-06-14,1.0078606389650837,1.0853449149559669,1.0381372361926426,1.0907379060875513,0.9099541068057136,1.0322120300939719,0.9879359316222374,0.9137199375454346,1.225113239979856
2019-06-17,1.002182532903028,1.0801310854571153,1.0371565062278019,1.089518020974116,0.9056496608752088,1.0283322778854427,0.9871503885538431,0.912567842877366,1.2245823527016488
2019-06-18,1.0068825890661972,1.0847145601042014,1.040806729706837,1.0940733667057276,0.8922769479861458,1.0332539982251678,0.98579770835222,0.9100979157277059,1.2352124009367758
2019-06-19,0.998282493457931,1.0577894185903263,1.0578742658044316,1.1151238880126622,0.9114091607873064,1.042755279760011,0.9802627711618703,0.9128178481517635,1.2572445273577013
2019-06-20,0.9949162357838475,1.0582834032824862,1.0560783548089654,1.1129302066985198,0.9280300834048467,1.0428186165446076,0.9820277989022751,0.9167250654978006,1.2505544715426995
2019-06-21,0.9945463027452043,1.0623082693774977,1.0529405520660235,1.109098146808271,0.9280300834048467,1.041718500917551,0.9830161426273945,0.9136194663961539,1.245906267766105
2019-06-24,0.9981534324085417,1.0534413845412869,1.0631911556966227,1.1216857865303838,0.9280300834048467,1.0513840466798277,0.9778495272444897,0.9127517434259709,1.2613146209201567
2019-06-25,1.0073752261511655,1.0557132035725914,1.0686567589782776,1.1283789103804391,0.9270625748434818,1.0601454800137777,0.9759560394627872,0.9112054437335474,1.2708982445116095
2019-06-26,1.0028854800193883,1.0382138818667153,1.0879696122203129,1.1520245334313057,0.926156502943408,1.07444537154903,0.9695334809196698,0.9050388235769224,1.299404570781654
2019-06-27,0.9897399493118536,1.0386672675689825,1.0874116569183112,1.1513477476451637,0.9223761384948957,1.0748038749353743,0.9698846620008169,0.8764129829428968,1.299404570781654
2019-06-28,0.9964224496709387,1.0385297364711965,1.0852841315881663,1.1487665912757175,0.9126992792355763,1.0772811972208054,0.9647931335388558,0.8765098905093631,1.299404570781654
2019-07-01,0.9893613324681086,1.0113150571188987,1.0904940892976938,1.1550837757697283,0.9185239941507665,1.0719767035175691,0.9578934584760549,0.8981218407747333,1.299404570781654
2019-07-02,0.9866653490954757,1.0128574729500868,1.0937207060847378,1.15899915355605,0.9351418957764989,1.0743891804492187,0.9624800064115352,0.8923674251298372,1.299404570781654
2019-07-03,0.9875647603001877,1.0188324825195587,1.093337794811299,1.158300265394443,0.9332078235428,1.080352231623095,0.9620055011967363,0.8789242099251554,1.299404570781654
2019-07-04,0.9704551478801197,1.0172679491847116,1.0971604575636873,1.1652806531639337,0.9541341341034127,1.0812226386751203,0.9678067541834144,0.8574012020820584,1.299404570781654
2019-07-05,0.9757978412771329,1.0199583834089034,1.0971604575636873,1.1652806531639337,0.9541341341034127,1.078142535420091,0.9710898377543562,0.8662827290182683,1.299404570781654
2019-07-08,0.9803117406353531,1.018940365984373,1.0971604575636873,1.1652806531639337,0.9541341341034127,1.0787963357070616,0.969596211088838,0.8717557340143075,1.299404570781654
2019-07-09,0.988155321755577,1.0169667071602786,1.0968258368425248,1.1652806531639337,0.9523993529666321,1.0879525157797636,0.9626760223237047,0.8764596328967408,1.299404570781654
2019-07-10,0.9851156745320027,1.0179351793498632,1.0971588930346092,1.1652806531639337,0.9536819454630274,1.0889675276434971,0.9630512846847308,0.8759529151307037,1.299404570781654
2019-07-11,0.9802423569666824,1.0141194413702652,1.0966891387340685,1.1635167256784795,0.9518937918152843,1.0853217570362603,0.9623263115137844,0.8751158575573303,1.299404570781654
2019-07-12,0.9780387152705836,1.0123666428871483,1.09336469157892,1.151055667121266,0.9392761649351875,1.082310277592635,0.9607100538199528,0.8713584319144964,1.299404570781654
2019-07-15,0.9850475772221651,1.0166394981870015,1.094639224494532,1.1557025527217755,0.9438931989042636,1.0859578499078322,0.9627083204104864,0.8723864389550661,1.299404570781654
2019-07-16,0.9872911478034019,1.0180544268914897,1.0960454377741498,1.1608369852973222,0.9489957954183929,1.0913012982381094,0.960599244625994,0.8708684224871273,1.299404570781654
2019-07-17,0.9914585115062134,1.0160369726305072,1.0945166221884457,1.1552215560573071,0.9434522663268854,1.0927454061877935,0.9551442757976354,0.8757759450454033,1.299404570781654
2019-07-18,0.988358922599714,1.0133003141029864,1.0894597028396031,1.1365685897267743,0.9254235840937907,1.0831883646199951,0.9564484039021054,0.8757759450454033,1.299404570781654
2019-07-19,0.978848980924596,1.0009919882049327,1.0876056323779832,1.1300058626498526,0.919263849828516,1.082885536030579,0.942536752939202,0.8757759450454033,1.299404570781654
2019-07-22,0.9742685038497345,0.9979859966822833,1.0849408347468839,1.1203660045478712,0.9106763057183925,1.0680487416004143,0.9504161740676141,0.8757759450454033,1.299404570781654
2019-07-23,0.9683630247577755,0.9930916667188893,1.0828825213350843,1.113042286287434,0.9041731376746761,1.0605785494273259,0.9506424999092673,0.8755175561512938,1.299404570781654
2019-07-24,0.965556585375963,0.996192214272919,1.0820509751563725,1.1101119522111143,0.9015787795704877,1.0545633177676816,0.9588522902399024,0.874849418651662,1.299404570781654
2019-07-25,0.9730766929444227,1.0030908688060767,1.0826410986063604,1.1121733079723841,0.9034033503340919,1.0597621347616166,0.9610520705002038,0.8781925742955978,1.299404570781654
2019-07-26,0.9756083882049982,1.0064717767965077,1.0867139702899242,1.126415101510055,0.9160185757298723,1.0651396935687951,0.9629512860127438,0.8789349026460961,1.299404570781654
2019-07-29,0.9784497039474096,1.010105766172798,1.0834925165079052,1.115631870571752,0.905200649263319,1.0596956574776688,0.9692601603312382,0.8789349026460961,1.299404570781654
2019-07-30,0.977414356449056,1.011184875255743,1.0889162201128906,1.1306562584822675,0.9200081891705664,1.065435929769078,0.9699953554653339,0.8789349026460961,1.299404570781654
2019-07-31,0.9760856072715549,1.0083209617724755,1.084660902393354,1.1191504740748517,0.9088402710041723,1.058474443221457,0.9692685897354865,0.8789349026460961,1.299404570781654
2019-08-01,0.9655216183061329,0.9991073744779088,1.0795338953650901,1.1055646227171285,0.8957310073439813,1.0466901572400726,0.9645715040096924,0.8789349026460961,1.299404570781654
2019-08-02,0.9714661769611143,1.0020871029936536,1.0809403155433064,1.1091947468679761,0.899206245180854,1.0508066998791896,0.9655492140427766,0.8789349026460961,1.299404570781654
2019-08-05,1.0021662964101523,1.0340056779396927,1.0793052081096186,1.1049710838067952,0.8951663451073185,1.065469173406944,0.9892229333108821,0.8789349026460961,1.299404570781654
2019-08-06,0.994471109992543,1.0366467458674646,1.0793052081096186,1.1049710838067952,0.8951663451073185,1.0448786554800162,1.0115929240083081,0.8789349026460961,1.299404570781654
2019-08-07,0.9935121948488581,1.0399531922880392,1.0789270230543575,1.1049710838067952,0.8942364471177964,1.0296113268153144,1.0299983483729311,0.8786642181999222,1.299404570781654
2019-08-08,0.9930966214050243,1.0456192566423101,1.0804316700234904,1.1049710838067952,0.8979338111335711,1.039604703633104,1.0291810671198407,0.8794370933013351,1.299404570781654
2019-08-09,0.9961551944274574,1.0537929068962544,1.075619044863321,1.1001060320546896,0.8886313091322706,1.03229345643811,1.0390296594810753,0.8772621589809658,1.2986243562952269
2019-08-12,0.996773458723996,1.0430411340149843,1.0943391398288673,1.1536988374557096,0.9390006912023907,1.0504628645304444,1.0379777530580003,0.8946786514942462,1.2979626712715238
2019-08-13,1.0082204477492862,1.0475133432298447,1.1011264338560722,1.1585052346171836,0.9390006912023907,1.0552829285999146,1.0490894479224886,0.8928859628259829,1.307121025693889
2019-08-14,0.984011614769798,1.0283862170278948,1.0969314614346377,1.155534032191304,0.9390006912023907,1.0471366279380299,1.0229348958327522,0.8935406944264567,1.2922056524106345
2019-08-15,0.9957075722739422,1.0346348886032786,1.1016803134741033,1.1589062366807013,0.9390006912023907,1.0563942585644426,1.0277030000369862,0.8973175242647798,1.298436915186175
2019-08-16,1.000744424981164,1.0395758100761217,1.0992432219211938,1.1571745977619554,0.938307541313651,1.0587300425211406,1.0276282519670723,0.898964125363916,1.2957263297647579
2019-08-19,0.9862124846645228,1.0275493438871242,1.1014585598212208,1.161872784347406,0.9342160134816877,1.0540437766350923,1.0221093741615075,0.8897843766643972,1.3014984740165387
2019-08-20,0.9921669671794447,1.0337384767810611,1.1005778859841477,1.161244863668331,0.9382767521861256,1.0567601923621344,1.0253600893604697,0.8939115911500107,1.297468389388344
2019-08-21,0.9967164835050011,1.0373381767130387,1.0899922654160554,1.1499187649473162,0.9301397278515646,1.054088098627293,1.0167404895360903,0.8942883144064618,1.2893446858977466
2019-08-22,0.9986261222199229,1.0362051643435848,1.1002686985377976,1.1609127988228232,0.9327973697339256,1.0613641317797873,1.0237028121411846,0.8910956600867256,1.301067986060304
2019-08-23,0.9950688470986331,1.031319677054477,1.0991743154766367,1.1597427247157028,0.9354598358033621,1.0530400061722875,1.0240817002223188,0.8943288684351864,1.2977407339429465
2019-08-26,0.9946497453963867,1.0633095371764842,1.0257300044156692,1.0812168779075968,0.9300901309823413,1.0217976619470936,0.9853540373241358,0.8870448343116615,1.2045393950889818
2019-08-27,0.9948384922822128,1.0644000535257772,1.028229466303876,1.083870084200083,0.9377271192504827,1.0252161743884924,0.988328011992843,0.8902836983427526,1.2045393950889818
2019-08-28,0.9882294381306805,1.0581560182532617,1.0291397690766464,1.0848363156184546,0.940501038335145,1.0212148839621937,0.9873891074620955,0.8911195744446405,1.2045393950889818
2019-08-29,0.9919400979051375,1.0620482192338723,1.0256941075770623,1.0811997610021302,0.9300768972526499,1.0243924875515158,0.9816762236391946,0.8883217773697323,1.2045393950889818
2019-08-30,0.9859885431454408,1.05702264914066,1.0235267609876952,1.0791485685104676,0.9253538241724446,1.0162788447996103,0.9800920318043345,0.8816475709801603,1.2041080895539424
2019-09-02,0.9872766758358875,1.052175459840694,1.031655710111553,1.0931124508819867,0.9447447302361547,1.019565249797377,0.9870960172739797,0.8937980302137881,1.2051565998930855
2019-09-03,0.9912759177254412,1.0594791338414957,1.0311205351811092,1.0927413761087637,0.941518746179656,1.0212856722722858,0.9915409685244381,0.894756863206047,1.2055697209210887
2019-09-04,0.9922691938200867,1.056107853787506,1.031289217323042,1.0928579139343129,0.9376690460810926,1.0183746395917066,0.9905900629055656,0.8971853052269211,1.207567913746011
2019-09-05,0.9894274047617155,1.050550010527516,1.0359951145811894,1.0960928141636241,0.9325681452098918,1.0172574183374699,0.9947032989543577,0.8960164742337019,1.2160221123876824
2019-09-06,0.9846063529860333,1.0458032309715888,1.0324867935245639,1.0936958900047267,0.9249799986317646,1.0054174267914144,0.9934712501713304,0.8929625058830162,1.215132434205354
2019-09-09,0.9701692946556091,1.0304964486933956,1.037043364813648,1.0968165589834922,0.9479704034889775,1.0003769617509888,0.9913338637934408,0.9023377813686336,1.2098348721653571
2019-09-10,0.9679830270997751,1.0282398823238827,1.035025874886082,1.0947449310223978,0.9479704034889775,0.9982660704479686,0.9870434608341754,0.9023377813686336,1.2072473715476946
2019-09-11,0.9696925288959455,1.028359470327825,1.0365241647024162,1.096282371311783,0.9479704034889775,1.0001968444866567,0.9882378067910741,0.9023377813686336,1.2091810865417036
2019-09-12,0.9680700754733612,1.0290080652919293,1.039020413602051,1.0987736914170363,0.9473840555367893,1.0046513521780496,0.9894373803604549,0.902092534875289,1.21267782652067
2019-09-16,0.9618226307525416,1.0158957409673102,1.0420762708402171,1.1018217512455355,0.9468031948448339,0.9977089664905815,0.9874890028281994,0.9018524551394035,1.2168950733201533
2019-09-17,0.9588483816429878,1.0102789204580795,1.0455855583002094,1.1053170183099306,0.9537684596915027,1.0006902235408226,0.9852267336827691,0.9047360976212105,1.2177832500571943
2019-09-18,0.9580703179294605,1.01327655963268,1.0394491791056928,1.0992730875029635,0.9479630900757041,0.9930280966812546,0.9842920956738991,0.9023290506215181,1.2129797872050097
2019-09-19,0.9631846640971199,1.0180962595911875,1.0382828596406395,1.09812669780373,0.951374561468254,0.9950278180180521,0.9857349535448913,0.9037559396054223,1.2096351076742116
2019-09-20,0.9731935280640844,1.0209388007001023,1.0490368949186486,1.1082027677882424,0.9671145256950486,1.010753359584114,0.9937398022340994,0.9103634751411747,1.2145005165125637
2019-09-23,0.9701202224631195,1.0184472556377917,1.0516878439931747,1.110692830084045,0.9671145256950486,1.009935588909306,0.9962155531520529,0.9103634751411747,1.217985809894957
2019-09-24,0.967635245466003,1.0172688432377799,1.0468981232888424,1.1061963535109565,0.9671145256950486,1.005529267577326,0.9907050175871474,0.9103634751411747,1.21169646873655
2019-09-25,0.9670974256895122,1.016564056778115,1.0490372457094428,1.1081981926812374,0.9671145256950486,1.0074987142277612,0.9918850009206653,0.9103634751411747,1.2144854587138056
2019-09-26,0.9636218357364694,1.0116322325764258,1.0486151186801813,1.1078038508242716,0.9671145256950486,1.0057992417193027,0.9875601168379177,0.9103634751411747,1.2139367046816845
2019-09-27,0.9517307948509738,0.9988912075507884,1.0500967945559592,1.1110685134583869,0.9665190140167336,1.0032029649479512,0.9791623974475645,0.9100282551642812,1.216208150564853
2019-09-30,0.9554252555932704,0.9940438222491738,1.0578150913004256,1.1158670781246471,0.9782016949441046,1.0105569512473518,0.9808194590870278,0.9178875900952453,1.2195358933969027
2019-10-08,0.955536614720412,0.9987971335942705,1.0506132423710088,1.1091239719341275,0.9702717136524699,1.0037643827198126,0.9795407253555036,0.912466679499065,1.2147504619312348
2019-10-09,0.9655984266628684,1.0087243088160653,1.0500329403081863,1.1085795917100247,0.9702717136524699,1.0077974849007572,0.9856328421703432,0.912466679499065,1.2139913051285844
2019-10-10,0.9688621853292271,1.009504603497307,1.05607063513627,1.1142439437443532,0.9702717136524699,1.0131512497334125,0.99220835939647,0.912466679499065,1.2218899902336067
2019-10-11,0.9783291372242172,1.015170815145126,1.059810024503456,1.1177541815822114,0.9702717136524699,1.021722335558766,0.9973231642900925,0.912466679499065,1.2267751766274861
2019-10-14,0.9740157218206399,1.012587996143844,1.0545688966136402,1.1128333491962825,0.9702717136524699,1.0174906193961353,0.9892119667711947,0.9120671472535372,1.2199313516591772
2019-10-15,0.9716095424589031,1.011403375578741,1.0559609930897198,1.1154562809602562,0.9702717136524699,1.0169000846033025,0.9910176788375415,0.9085847090549328,1.2217458511534867
2019-10-16,0.9696804541602204,1.0186804732410006,1.0538159361700556,1.1114113726830015,0.9702717136524699,1.0153516326022276,0.9974850626357127,0.8907866249061976,1.2189508307628698
2019-10-17,0.9754078820816771,1.0215620035938044,1.0554215278590058,1.1144313797113936,0.9702717136524699,1.0160748932610253,1.0022515671926193,0.8992305982291223,1.2210419909991375
2019-10-18,0.9798779748542565,1.0269138057325506,1.0550308265421684,1.1136958271837716,0.9702717136524699,1.0159488153110017,1.0074782046413766,0.8992305982291223,1.220533236551906
2019-10-21,0.9866564049504506,1.0339197531802957,1.0540355670385837,1.111812690334782,0.9702717136524699,1.0236758027841744,1.0067504513171945,0.8970662123078443,1.2192399220461
2019-10-22,0.9846307071168264,1.031855855569139,1.0536283315323183,1.1117964111598242,0.9693454884587606,1.0196625704372273,1.0074817547633912,0.9015329618660678,1.218710848085762
2019-10-23,0.9840735623139943,1.029711593455758,1.0522583896724529,1.1087588914714972,0.9698884831055855,1.0188163143484255,1.0032931170893455,0.9002421305797595,1.2169319374654914
2019-10-24,0.9742524209388991,1.0249076529200698,1.0473188709511387,1.1040846315770803,0.9747362020784783,1.014461487073604,0.991132667974593,0.9011103208168829,1.2105196751581468
2019-10-25,0.9767024790314582,1.0236351125433167,1.0423218664977854,1.0993514293493702,0.9524988284115218,1.008942078995938,0.9946429336003823,0.8991442619351007,1.2040364772251364
2019-10-28,0.9741123760560271,1.0222759423773964,1.022877249309671,1.0809185093584552,0.9104791889897804,0.9870460668367983,0.9967224962405573,0.8898871630565416,1.1788242865948417
2019-10-29,0.9750518528027532,1.0229087919957132,1.0273058461465914,1.0851704621188147,0.9182750859631195,0.9909667640559524,0.9969623247689751,0.9011118761360049,1.184492692148101
2019-10-30,0.9765380015477171,1.0224021180512708,1.0301570298183171,1.087914044424147,0.9232912584910673,0.9932049937741222,0.9965509573361829,0.9056946083935474,1.1881371801992282
2019-10-31,0.977295355592049,1.025395570220795,1.0354140322161547,1.0929925131388631,0.932575926610534,0.9976245454106147,1.000202550184502,0.9056882395042097,1.194839418539242
2019-11-01,0.9750647552406174,1.0229658191691118,1.042219829891808,1.0995852774503376,0.944576548398775,1.0010448407741657,1.0001747407432153,0.9078320092367007,1.2035011737971162
2019-11-04,0.9770480576957539,1.020799802237031,1.0327830261888493,1.0812228356952536,0.9280093117226477,0.9922024732405031,0.9977597612585016,0.9088754810403276,1.1915254091339678
2019-11-05,0.9779113369213117,1.0197174020193394,1.0238656648520832,1.0644749154498896,0.9130152153227551,0.984230692891252,0.9961017343303205,0.9103094868246369,1.1802310241219147
2019-11-06,0.9705750612145972,1.0143099199423582,1.0171953586620222,1.0527357748113866,0.9021878916502946,0.9796838305694978,0.9889619417654515,0.9034860214360636,1.1720887252595213
2019-11-07,0.9746139185935755,1.0201660925005998,1.0179235834364266,1.0540435035809237,0.9033460707013775,0.9838190702829935,0.9922230191142476,0.8962080384674215,1.1730097316210937
2019-11-08,0.9806882931153283,1.0221602257383187,1.0205360817356666,1.0563899305283144,0.9075031368382559,0.991399052867083,0.9946018675584253,0.9058907252867076,1.1709858849810275
2019-11-11,0.9899158377781887,1.0250708797362167,1.0142181578390073,1.0510941675085386,0.8981148304449726,0.9880748219440171,0.9939085043601975,0.9122789211780608,1.1635484249277814
2019-11-12,0.9807857670734735,1.010770705017053,1.0191277117894466,1.04676079952119,0.8905536616022307,0.9903816603904368,0.993861422121245,0.9211979792702955,1.1574774879076295
2019-11-13,0.9844591687286084,1.012380066868315,1.0323660205358836,1.0521352875117924,0.903132023298087,1.0013282979450089,1.0055170266191311,0.9374654981315004,1.1669321949651372
2019-11-14,0.9770299036156539,1.0005605798547028,1.0347566553082121,1.054649062052796,0.8971902567621614,0.997517945355195,1.0056184466374516,0.9509948297522622,1.162389306657844
2019-11-15,0.9643020486437478,0.9892379456012903,1.0388862033961748,1.05743052103125,0.9048310640346949,0.994177815934837,0.9983578394836472,0.9601726189111636,1.1685807629762062
2019-11-18,0.9711651827033232,0.995735625898112,1.0424994770835592,1.061703184565668,0.9026527982222861,1.000034909265125,1.0067433141131599,0.9631887728606966,1.170696740176562
2019-11-19,0.9536730566229661,0.9886493608699239,1.0424820475856635,1.0614654372122099,0.9028123656562456,0.9982061282626988,1.000041860053204,0.9419374565500294,1.1720624540244358
2019-11-20,0.9577962053302288,0.9983221255177923,1.0511960408443972,1.063812787871978,0.916608500953148,1.0104562954164473,1.008371843404915,0.9351228879495278,1.1834407722941902
2019-11-21,0.9684544389163586,0.9988420397784284,1.0492197542547816,1.0637607884513802,0.9131614901841437,1.006128418229075,1.0128578333943632,0.9507168614200664,1.1783861619593203
2019-11-22,0.9558072904023883,0.9894022652714966,1.0372915374112448,1.0597386814163348,0.895598034470053,0.9892814158276283,1.0022074058905965,0.9433388630547638,1.1679860343079445
2019-11-25,0.9354402275019972,0.9794714114484985,1.0313309493089675,1.0558228966941434,0.8869515864818628,0.9816950192351999,0.9878111578625608,0.9196425846823427,1.1656154718565495
2019-11-26,0.9462018577585343,0.9808434263581173,1.0302383340295371,1.0551014917203512,0.885520879351383,0.9768974610664337,0.9934814577854592,0.9353619549674778,1.162964779067073
2019-11-27,0.9701955313168513,0.9942571757855571,1.0265634079018542,1.0527976849564074,0.8817907143903423,0.9848862441468914,1.0011759104285538,0.9504851767456062,1.1523226834046547
2019-11-28,0.9812064736878069,0.9893339245134037,1.0307111752108202,1.055406986232302,0.8856500812907757,0.9916709345274972,0.9942314797593096,0.9753849409240247,1.1512214454010306
2019-11-29,0.9750477747892615,0.987381929804991,1.0369840050247452,1.059676727290417,0.8908749869487702,0.9942992229016316,0.9957973658183045,0.9715190485762272,1.1580416405647205
2019-12-02,0.9704282139252487,0.9878996006202655,1.0524216182621664,1.0655949560591254,0.9061355715347437,1.0086656144308115,0.9851154191023153,0.9660416461974073,1.1815278041419035
2019-12-03,0.9748058442376183,1.0038178004514269,1.0557024087784725,1.0667332365807631,0.909612175256836,1.001396963711121,1.017489049166795,0.9654152932454332,1.184830253711411
2019-12-04,0.9734028500994695,1.0048610531013205,1.0552747316560087,1.0659067622907616,0.9084884557835688,0.9977621567409753,1.0202851798390267,0.9625783507711602,1.1859657392873226
2019-12-05,0.9820077687188172,1.0269875655970682,1.0497179075080125,1.0647234560164711,0.9039037988851528,0.9985773273877451,1.0344929434999037,0.9532880724069369,1.1873562814330805
2019-12-06,0.9965001999805897,1.0312673686762708,1.0464487587229898,1.0662841950902697,0.897942206100661,0.9940395446123789,1.0431577763727589,0.9701641547993505,1.1764744802384617
2019-12-09,0.999551910591701,1.0140205557362618,1.035481069066326,1.0635506195019695,0.8932023492901247,0.9839786076283453,1.0319258860706235,0.984970292512162,1.1589375416283099
2019-12-10,1.0015463087813339,1.010846772285415,1.0248864294148943,1.0563481092771851,0.8788545385920828,0.975205709767383,1.028329451775052,0.9851380504555497,1.1413553572221597
2019-12-11,0.9953084766452817,1.0136912249597247,1.0385570912130844,1.0660874736533008,0.8965170208635609,0.9878089490414426,1.0234278633794842,0.9748780566558324,1.1697683955319456
2019-12-12,0.9773242661900826,1.0139949515792432,1.0270073271591933,1.0676069839035962,0.8946309917825321,0.9751550589180271,1.0018579255971056,0.9579395766407125,1.1663207632091552
2019-12-13,0.9877283291878798,1.0104512309293687,1.0463137676937828,1.0801030779723892,0.9063830974232574,0.9918041140965871,1.0193560506186041,0.9713724703936255,1.1769864564270425
2019-12-16,1.0078348165194586,1.0238235719532547,1.0831220862519622,1.0990144763736034,0.9055759876116041,1.0098796300869035,1.079424142781431,0.9773631964472754,1.219300644828419
2019-12-17,1.017503449942212,1.02462889228637,1.0874448552957978,1.1024059979401075,0.9038697086445321,1.015836704785243,1.0802554620798315,0.9861766411637267,1.219300644828419
2019-12-18,1.012440135527549,1.0199404672297827,1.0897999747482807,1.1031969287096153,0.9081374101928978,1.0173143239091518,1.0784964676743494,0.9837788032093451,1.219300644828419
2019-12-19,1.0005579821848554,1.0114949022107218,1.0859657428526148,1.10098603029033,0.9061421294880515,1.0161037228595673,1.0679886424099767,0.9763649830413621,1.219300644828419
2019-12-20,1.0061660875979888,1.0159200458506474,1.0867255423438058,1.1018985306856506,0.9038661479403376,1.0160084446048256,1.0727465707263164,0.9800062789757985,1.219300644828419
2019-12-23,1.0056016818850475,1.0104114730630083,1.0999089111000604,1.112569286836934,0.9084571666217248,1.0277086924492387,1.0739178817321524,0.9872210894916744,1.219300644828419
2019-12-24,1.0017647697249457,1.011841859836788,1.0950367700589094,1.1086124868369815,0.9084571666217248,1.0241178161349886,1.0708607058919255,0.9774998663257434,1.219300644828419
2019-12-25,0.9917715434100333,1.0122973775113915,1.096807932685624,1.110055339973361,0.9084571666217248,1.0242839301857878,1.075255579839022,0.9604557104682084,1.219300644828419
2019-12-26,0.9900554762332445,1.0121420674980164,1.0987862564891568,1.111667396707162,0.9084571666217248,1.0314686771812724,1.0730235476753822,0.9534443375790274,1.219300644828419
2019-12-27,0.9839313800623609,1.0122774741198186,1.101236856910486,1.1140025270720137,0.9084571666217248,1.0379449754993961,1.0743281002014098,0.9434571398570268,1.2188045051347691
2019-12-30,0.9786014519658179,1.014850860440584,1.099876990777581,1.1118535767332345,0.9084571666217248,1.0355284306148165,1.0780003113518488,0.9338002822881432,1.2192745892313868
2019-12-31,0.9879688237853871,1.0022654146091743,1.0928026804051012,1.1060896139092442,0.9084571666217248,1.0249844642722779,1.0684868362749078,0.9589135575644748,1.2188431589142346
2020-01-02,1.0066857696049605,1.0073507436059261,1.1140221424017527,1.1237049441090436,0.9084571666217248,1.0489186134122674,1.0803546340375756,0.9824511381743645,1.2185795133049315
2020-01-03,1.012967412612046,1.0142688192842608,1.1163562901227306,1.1247955001527168,0.9084571666217248,1.0587030703336782,1.080527758036622,0.9832368947314063,1.2201988045874002
2020-01-06,1.0227509929758607,1.032721261150643,1.116020771851161,1.1245751392772518,0.9084571666217248,1.0686194464031282,1.0857149613976225,0.9834081316505187,1.219513190831487
2020-01-07,1.0240581237528035,1.02932489613426,1.117175880410976,1.1247880449409982,0.9084571666217248,1.070042743053612,1.083766545177998,0.9834081316505187,1.2209351566993403
2020-01-08,1.0278060209177748,1.034845489414698,1.1149226892368238,1.1243684543298822,0.9084571666217248,1.0735533147877108,1.0819818162565324,0.9834081316505187,1.2181631252193386
2020-01-09,1.0113528324585674,1.0151261846334996,1.113009440749666,1.1236179608339831,0.9079994017972042,1.0602264195572642,1.0754026284470504,0.9832044518335082,1.2161337820664557
2020-01-10,1.0118188192686897,1.0171891849564447,1.112311243426309,1.1238884174824577,0.9130430160079887,1.0633529296447937,1.0741537292374568,0.9804796870592962,1.2195612206456679
2020-01-13,1.0031284465171306,1.023504843514082,1.0887667752432295,1.1036582381894269,0.9174756087751306,1.0425385883979683,1.079089925059787,0.983450872254668,1.1857939985718469
2020-01-14,0.9985023171207779,1.0253017777778044,1.0892288463122863,1.1010402864616708,0.9296797918330573,1.042805904422494,1.0818235047119604,0.9830253449166086,1.186931795859913
2020-01-15,0.9940581793699809,1.02431571667344,1.0902452721210314,1.1014797208569098,0.9318440478943172,1.0380542038565588,1.0840482248853323,0.9841742030201083,1.1865406485673005
2020-01-16,1.0000467781762745,1.0319972804302915,1.0942362093634013,1.1035599276682129,0.9346148467574635,1.0450121989933447,1.0888315235701214,0.9837906951221645,1.1917937884973213
2020-01-17,0.9990471526641574,1.0304238115163822,1.0911420584159415,1.1014479847913752,0.9346148467574635,1.0444085425125824,1.0837899052695146,0.9832006291575981,1.188957574614608
2020-01-20,1.0002608463117229,1.0290571635347228,1.0930522632670003,1.102722502293701,0.9346148467574635,1.0479616605260464,1.082720129821543,0.9832006291575981,1.1912159342827127
2020-01-21,0.9845399943356272,1.0149294078978623,1.0936638043239062,1.103572476846673,0.9346148467574635,1.0333860939379982,1.0852814663144195,0.9832006291575981,1.191938175752159
2020-01-22,0.9897417974720629,1.013623424474418,1.1070893739565215,1.1055077061372023,0.9346148467574635,1.046040148674645,1.0846562916601552,0.9832006291575981,1.2078486591635331
2020-01-23,0.9681988290013699,0.9997911864741585,1.0971648217042604,1.096650568755751,0.9346148467574635,1.0218279330751285,1.0853861876851054,0.9832006291575981,1.1961377896287868
2020-02-03,0.9252948192181766,0.9750843051687373,1.0980446137550395,1.0978372460350416,0.9346148467574635,0.9757109756398467,1.1091978992657896,0.9832006291575981,1.1967212663993103
2020-02-04,0.9224692492656675,0.962528267191468,1.099241721921918,1.09945933321582,0.9346148467574635,0.9724342133685174,1.1057273703226322,0.9832006291575981,1.1867748472762243
2020-02-05,0.9139919589856396,0.9532658756831717,1.0907989560461033,1.088466187211119,0.9340866480797807,0.9650276533489874,1.1003668992587987,0.9832006291575981,1.1558029929849905
2020-02-06,0.9157223490686279,0.9688553307662975,1.1064526948909261,1.087050547966489,0.957466818646562,0.9823767043088389,1.1047302470366958,0.9832006291575981,1.187285124107903
2020-02-07,0.9158687026023997,0.9684043593610778,1.1024512463974254,1.0826848812237844,0.957466818646562,0.9802473210552173,1.1069513072007768,0.9832006291575981,1.1701932027991306
2020-02-10,0.9152596548759192,0.9647947105045,1.103016091173057,1.0833426176088434,0.9569261386273102,0.9783208768871252,1.1049427383398964,0.9829894311923598,1.1671063982391083
2020-02-11,0.9181994040632512,0.9647536944389381,1.1050885846915237,1.085757591546855,0.9469123865515472,0.9772518457408134,1.1101700847271931,0.9897849318219138,1.1690541823668679
2020-02-12,0.9169049736407907,0.9604111936191262,1.120859882959885,1.1041744411235197,0.9609828798932794,0.9854396161837453,1.1046793852634615,0.9913042568082249,1.1835001797114928
2020-02-13,0.91205080225555,0.9551987860633765,1.1236682076698417,1.1074523421090265,0.9654943589087644,0.9851416259773171,1.1012119130107056,0.9871485053673431,1.1894666037324426
2020-02-14,0.9103318611618866,0.9535905450165293,1.1221195797937422,1.1056223025769558,0.964898874421987,0.9835818831198679,1.0990127352841945,0.9851797762523046,1.188541782620368
2020-02-17,0.9072240710878664,0.9518156969859131,1.1224039203566707,1.1059552612518408,0.9645219948554865,0.9817121159264112,1.1018026711564906,0.9791954408236099,1.1874319229468258
2020-02-18,0.9060131863231733,0.950258482239977,1.118759811735117,1.1016800553228936,0.9620373998421037,0.9814598492909524,1.095235373465879,0.9771631249268113,1.1844538207599902
2020-02-19,0.9068438458097112,0.947891489310801,1.1236769128177435,1.1074495889769462,0.9756183809474812,0.9853230879254994,1.0925562293764906,0.9847723232670873,1.1912413252998426
2020-02-20,0.9085406438215217,0.9433956690538929,1.1350425954216579,1.120869001991902,0.9800865114294248,0.985428063685474,1.0965644559014436,0.9917541454099911,1.2093639792245696
2020-02-21,0.9148582064353793,0.9436950226538132,1.129516245179508,1.1143730949083541,0.965389587543398,0.9840411532812104,1.0945716357670316,0.9954174720625487,1.1996288169995797
2020-02-24,0.918853720974453,0.942723129801337,1.1140429356167727,1.0963458321750386,0.9451657350489725,0.9816050897549901,1.0843194272260004,0.9947073128887528,1.1856370711472761
2020-02-25,0.912310149670574,0.9429129822827744,1.100104741682227,1.0803237187085342,0.9455064391371086,0.9710857874260692,1.0896330866169044,0.9925811108172662,1.1728650972590875
2020-02-26,0.915745090961421,0.9488769269031732,1.0825550245292956,1.0606066765651083,0.9247830882616018,0.9679201988295494,1.0851565399009517,0.9897376543062761,1.1568484544727402
2020-02-27,0.9174741246401398,0.9552489133636897,1.0627684897890017,1.0386151517460638,0.9087548515235658,0.9598342345461649,1.0860673492845634,0.9863048606012795,1.1386125640233398
2020-02-28,0.9260970047391616,0.9666480391692865,1.0585031189639214,1.0339377129414047,0.9087548515235658,0.9709432408252532,1.0756744798331155,0.9854858279501775,1.134610737864692
2020-03-02,0.9084780448721033,0.9485883844173529,1.0547582651070573,1.02983396453803,0.9087548515235658,0.9528288191481191,1.0785228474985875,0.9861970420038008,1.1310866745945805
2020-03-03,0.9081610893514386,0.9485419767430635,1.06155367052396,1.0372812885743237,0.9087548515235658,0.9552098704654219,1.082519466703419,0.9816068770553269,1.137485617991773
2020-03-04,0.913700126578303,0.9492679958777204,1.0700604332909038,1.0466030331704383,0.9087548515235658,0.9598022786821684,1.0867066845365956,0.9856176443795168,1.1454890559636413
2020-03-05,0.9127520168142773,0.9494000614381111,1.0662272966446116,1.0403542398891552,0.9087548515235658,0.9573905823946045,1.0869700463608223,0.9864356989361669,1.1418743432300935
2020-03-06,0.9152370884058354,0.9509963031817665,1.0605558888496793,1.0311588765377693,0.9087548515235658,0.9596362672455115,1.0797510599777878,0.9892479042205915,1.1365184469537983
2020-03-09,0.9216246732840112,0.9533569893984585,1.0635879275039255,1.0360267075013396,0.9087548515235658,0.9746222734793616,1.063270546501998,0.9892782223270131,1.1393890387517107
2020-03-10,0.91544978483733,0.9523722813668691,1.049518995594093,1.0134924035036843,0.9087548515235658,0.967092757680575,1.0650774294982803,0.9877550259310447,1.126096318148087
2020-03-11,0.938594983394089,0.9803466803261998,1.057762347674904,1.026100630270352,0.9087548515235658,0.9833443920006947,1.073787445080046,0.9909519899876199,1.1339698126920332
2020-03-12,0.9396525694011494,0.9790130546642959,1.0560163205005069,1.0234732600710252,0.9087548515235658,0.9857760057080506,1.0678272445436197,0.9906946456834107,1.1323017548126662
2020-03-13,0.928899775852166,0.9709228241696987,1.0538296865778702,1.0205013445393516,0.908440431601724,0.978812567742041,1.0684985853190119,0.9817866195125722,1.1304079764983046
2020-03-16,0.9317432691872898,0.9818614944025607,1.051890809789809,1.0159673901097177,0.9101462603400423,0.9852213036747967,1.0699935822755897,0.9753683378875188,1.1274727388490584
2020-03-17,0.9313246293945919,0.9823164166745492,1.043120629370606,1.0033993954383509,0.9111723427870729,0.9782909264274129,1.072788438509082,0.9858676357519758,1.1183731421996006
2020-03-18,0.9409208742353723,0.9990667520048687,1.0300583563046506,0.990419407581489,0.9051666061702448,0.9814981070848563,1.0665693681282908,0.979796089887013,1.109451740708193
2020-03-19,0.9514203221900014,1.016540418836887,1.0325122298893135,0.9927144743587193,0.9107297621174163,0.9918157417777158,1.0782175984268572,0.9737378847077411,1.1079431552986496
2020-03-20,0.9397250313214134,1.0208508514995953,1.0154419508841293,0.9767486714220858,0.8931277892845082,0.977565595865973,1.0748565667068128,0.9552864557462979,1.1089248901243514
2020-03-23,0.949529067111033,1.0460189116575878,1.0019585202751202,0.9640760143280501,0.8903716301956495,0.98248662977812,1.0818562921609916,0.9530643669427117,1.0999634635284885
2020-03-24,0.9454495753413961,1.0280990385411648,1.0035065004793804,0.9655354338946973,0.8975114887720171,0.9798059794124409,1.0823935728527108,0.9684339512478649,1.0647028830674707
2020-03-25,0.9407966339399741,1.0279397701198356,0.9999078135671391,0.9624455829530777,0.902824178935117,0.9781163253045964,1.0787162904026029,0.9687664179313771,1.056460121160156
2020-03-26,0.9510095912000586,1.0390611464270736,1.010134884686582,0.9728969552905975,0.8919625028159262,0.9887855631593134,1.0981993883169658,0.9568082933378621,1.0697329069521984
2020-03-27,0.9641551923921182,1.0445713429490857,1.0298301568058426,0.9835685945883219,0.8977283317650657,1.0066506400998647,1.0969380225414784,0.9562757934868584,1.0861566269717868
2020-03-30,0.9513064514051999,1.0563831551202856,0.9639574713612432,0.9327080682488279,0.8438777579280201,0.9760035463266955,1.0635550819729396,0.9340625456572089,1.0273381906501469
2020-03-31,0.9506116733422124,1.0665242191132547,0.9794831171338817,0.9304172679974966,0.8645658151178334,0.9863933477032782,1.0793238328374546,0.9307420708170581,1.0417640883983375
2020-04-01,0.9787115153641412,1.0759252355972888,1.020268930290607,0.9601855991430884,0.9074779893631337,1.018369172281765,1.082004210066592,0.9264426267859982,1.096505090525816
2020-04-02,0.9721950775604492,1.0686303490586466,1.0425940194480503,0.9776206214200969,0.9380274010826823,1.0283528310330672,1.1012106553112955,0.9479521926236633,1.127746325861848
2020-04-03,0.9725723741479948,1.069233609558023,1.03301076259673,0.9711917008499477,0.9246410250911222,1.0191467729662942,1.099768667794907,0.9393110477208194,1.119915990664235
2020-04-07,0.9678024304995487,1.063148674572796,1.0423883851860052,0.976287013914177,0.9395651705165264,1.0218688652557124,1.1101818638097634,0.95610380427028,1.129183393333556
2020-04-08,0.9654805560344828,1.0556343712929395,1.0397371313684147,0.9758926820900011,0.9361042162266204,1.0178768197179202,1.1097365403885475,0.960099990905871,1.1181644710170764
2020-04-09,0.9508459363871478,1.0475141697806067,1.0321914351374075,0.971872224927529,0.9371895014696945,1.0041508123605658,1.1119407684761318,0.9563763305540737,1.112290590439273
2020-04-10,0.9415974812352506,1.0335689751598596,1.023783631263794,0.9691935431039973,0.9278166209426703,0.9951706983056579,1.1058194530157335,0.9396459609852423,1.0944681150690485
2020-04-13,0.938177008860664,1.0298138753812551,1.022744357198721,0.9693138874541158,0.9299147071540147,0.9961802590991302,1.0967978331439965,0.9357556136834639,1.0916112766100088
2020-04-14,0.944099966369197,1.0318771580077244,1.016458373421744,0.9666695648732062,0.9218191728335057,0.989485208073849,1.1007599917536652,0.9495848255226699,1.0819026849111657
2020-04-15,0.9433662864038493,1.0300577586125854,1.0091765741106506,0.9637704271637355,0.9156979486958017,0.9841351742369879,1.1004910247345818,0.9460220528361902,1.070165608952172
2020-04-16,0.944264081219298,1.0180150553884786,1.0036491509113208,0.9626326092259953,0.9024052362143817,0.9793710327769629,1.0914593007100386,0.9467629449637934,1.0603428168156528
2020-04-17,0.9365255039819704,1.0097030534402107,0.9957133983623588,0.9563519372235861,0.8979980868993599,0.969231372061006,1.0908171844066736,0.9442248256694737,1.0507840298284437
2020-04-20,0.9365506015056089,1.0094032854654034,0.9849245488453965,0.9484421407719046,0.8886218861245213,0.9597518344972994,1.0933424686530366,0.9444791533276368,1.0389725180984601
2020-04-21,0.9460304360615112,1.018107169532619,0.9851465904942991,0.9486115454636185,0.8886218861245213,0.9657890705325988,1.0888180843984558,0.947726524305069,1.0395762362024814
2020-04-22,0.9400357649770411,1.0041284095832386,0.9765261554436524,0.9402552805924221,0.8886218861245213,0.9594183494346412,1.0679240962055838,0.9561405245630538,1.0252252940477329
2020-04-23,0.9437673149719676,1.0110209598479691,0.9810128871807112,0.9442297529226469,0.8886218861245213,0.9609081312225437,1.083633184710671,0.9543482670617663,1.0288852139784554
2020-04-24,0.9502659032642231,1.0145802790251426,0.9870467339215322,0.949683502394021,0.8886218861245213,0.9679126641537945,1.083702772414044,0.9553502245559993,1.0344811625618426
2020-04-27,0.9526189170053125,1.0147406998192796,0.9884158794754553,0.9515000431058813,0.8886218861245213,0.9717776928887771,1.0806863832545641,0.9537823492347567,1.0324324101333107
2020-04-28,0.9489890216754193,1.0159558103407482,0.9844172990789931,0.946192490992704,0.8886218861245213,0.9668030782088961,1.0847559730607457,0.9512187614416275,1.0328045007815208
2020-04-29,0.9515225651229672,1.0171386114713616,0.988647418244581,0.9517944568867772,0.8886218861245213,0.9694431491495852,1.0869060870974425,0.9541449283318169,1.0402700200154233
2020-04-30,0.939419918589548,1.003944768187488,0.9805993115125795,0.9414493476671113,0.8883408059199315,0.9557556587021866,1.0820634419849056,0.9620811411772382,1.033327885895698
2020-05-06,0.9411489603110383,1.0094134528426704,0.9949092157218382,0.9477140713090123,0.9005695464257801,0.9689140530187123,1.085909915961235,0.9490463943183192,1.0451668370110583
2020-05-07,0.9390511028376579,1.0003608480661095,1.0006249213434761,0.9504829435039645,0.9016559280754158,0.9709177078896827,1.0820240814929825,0.9490463943183192,1.0518781577386092
2020-05-08,0.935693959639597,0.9937137846505091,1.001121382954324,0.9508792222449166,0.902780307650048,0.9696404132932199,1.078215841160398,0.9490463943183192,1.0530085873340533
2020-05-11,0.9352053583346829,0.9914052607087968,0.9979370089503147,0.9498175024559251,0.898004826026588,0.9664013250742405,1.0777949724037879,0.9490463943183192,1.0474338591300811
2020-05-12,0.937453496358605,0.9901630926072932,0.9962791479564435,0.9491139295422268,0.8944158212004037,0.9654729079791141,1.0736767269564984,0.9490463943183192,1.0456597519293502
2020-05-13,0.9338320140736502,0.9948638334761135,1.0055108153307988,0.9615211449796749,0.911003781751166,0.9734359428495021,1.078719887276523,0.9490463943183192,1.0585494224093166
2020-05-14,0.9375180239977302,0.9941781510787808,1.0018198475095477,0.9566129225096403,0.9020823913448553,0.9714136291653337,1.0793327131039723,0.9490463943183192,1.0548590055629048
2020-05-15,0.9387061263436699,0.9974812199347708,1.0131268892020602,0.9717391519291242,0.9098718074564177,0.9810880682535654,1.0801889339756816,0.9487910655600498,1.0741564067754212
2020-05-18,0.9422351922248844,0.991134377879834,1.026315354695183,0.9888103694872409,0.9159601758414306,0.9931230129625432,1.0671629878246394,0.9488623851524112,1.0950193503286254
2020-05-19,0.9393978865899013,0.9880656112203309,1.025714989785318,0.9883827245256135,0.9153169425394644,0.9919802400347899,1.0640316193283412,0.9482981189118501,1.0940472843004008
2020-05-20,0.938657108764775,0.9878538061748332,1.0204677277458905,0.9853933362917501,0.9079317670136859,0.9850177496729189,1.069916424052783,0.9483157860842641,1.0911674442877068
2020-05-21,0.9362341867978131,0.9882745085971724,1.028022649070157,0.9897765871628907,0.9183122563178856,0.9916932350370081,1.0663804960884067,0.9483157860842641,1.100885319981299
2020-05-22,0.939031182936685,0.9874429122782469,1.0252637047841093,0.9882702456373915,0.9145728148252098,0.9891176704238014,1.067824764413795,0.9431102169355583,1.0965217832624217
2020-05-25,0.9364800045331121,0.9901380832714521,1.0253385870299485,0.991093904323237,0.9148348525378871,0.9886011392584392,1.071124226541874,0.939871483824364,1.1002281664670905
2020-05-26,0.9422437005415686,0.994714905231608,1.0346270464930754,0.9986567581196166,0.9257362211365154,0.9976721875657742,1.0776590941288793,0.9375039113063461,1.1060549977451961
2020-05-27,0.9432110516432195,0.9933322525526008,1.0341867165731002,0.9978107766645739,0.9240970710862211,0.9961605979167696,1.0800462742962043,0.9428885481072111,1.105443053947336
2020-05-28,0.9447325474503514,0.9948979440359003,1.0336421810432914,0.9980209163100662,0.9222517410150847,0.9970018647613726,1.0817704964743837,0.9422475726634374,1.1065815879967653
2020-05-29,0.9357370991678804,0.9896389541717074,1.0317332244448283,0.9957300814878401,0.919916285271479,0.9985213520195332,1.066903208159847,0.9354401997961082,1.1045913081776377
2020-06-01,0.9356037258461097,0.9953007734271467,1.0281012460963876,0.9932544951651848,0.9154804036008812,0.9963888315664909,1.070710249096799,0.9354401997961082,1.1040528722133844
2020-06-02,0.9359908862099708,0.9940532751594432,1.0292272187326492,0.9940727161061146,0.9168500343762714,0.9986507269923401,1.06597665499503,0.9354401997961082,1.104866713223192
2020-06-03,0.9318100701384707,0.9990717184168774,1.0334354936287724,0.996647248484628,0.9219635146600669,1.0011931978074597,1.0761569474291466,0.9317957814202031,1.1079050451250954
2020-06-04,0.9311236919889061,0.9919341182620736,1.0362214602858526,1.0021952436118604,0.9253468947699346,1.0004256238988785,1.074595675917236,0.9307847895407408,1.109916208903665
2020-06-05,0.930107892242244,0.9996135904996738,1.0353271256356464,1.0004115736037782,0.924261262000407,1.0025489493160948,1.078718640572178,0.9224593063002379,1.1092710574615694
2020-06-08,0.9240356996575463,0.998407200115748,1.026371116463295,0.9825618359378423,0.9133962478588972,0.9952189065471148,1.0739437371468805,0.9323009370201522,1.1028086731659696
2020-06-09,0.9268889115597551,0.9987226605063537,1.0301754188150118,0.9899123133262908,0.917932082937434,1.0006896203459792,1.0700894082675305,0.9246732604499895,1.1055719989458699
2020-06-10,0.9272103120708575,0.996701158396559,1.031191333818969,0.9938465087798354,0.9191415870295794,1.001062335969136,1.0687576784962103,0.9249105574677524,1.1063092509584964
2020-06-11,0.9287143360302845,0.9927264487407007,1.0326519126193456,0.9995083316437297,0.9208808223614375,1.0026501905402305,1.0622461831671794,0.9303971300976274,1.1073688894494014
2020-06-12,0.9232180396293559,0.9809758091245743,1.030326222302322,0.9904910267891955,0.9181108400794179,0.9989461488313666,1.0496552039350806,0.9363148584884755,1.1056822866020857
2020-06-15,0.9204481156127591,0.9774544605523927,1.0313186666159846,0.9942721435421975,0.9192909118703889,0.996939639506407,1.051785579725874,0.9387568986857724,1.1064028693961134
2020-06-16,0.925037105807041,0.9858298449954541,1.0281036492944144,0.981956346373868,0.9154743554712995,0.9978851746091207,1.0536428056755291,0.9380601499079013,1.1040710403477796
2020-06-17,0.9312527458114668,0.9931535450594091,1.0312558738067341,0.9936978303905539,0.91919526549977,1.0012700546305642,1.0622771720112554,0.9374525477706599,1.1063547750771283
2020-06-18,0.9363738676581286,0.993081260212144,1.0357231397279545,1.0101744933137662,0.9244699559522559,1.0076310252183116,1.0568596081396409,0.9378476154325023,1.1095902772142838
2020-06-19,0.942046655418977,0.998831134296776,1.0371858469982815,1.0154674149042302,0.9261943999233462,1.0125540602440313,1.0559643196640498,0.9357510371701419,1.11064298004989
2020-06-22,0.941336029041562,0.9973507222936382,1.0395971212894295,1.0242254758726337,0.9290256320903745,1.0133165632930317,1.057835871887396,0.9350972205876285,1.1123714304979742
2020-06-23,0.9402001894452644,0.9988505043087338,1.0369384088882674,1.0145865786280097,0.9259016211155638,1.0104032892490298,1.0605129686641928,0.9353236485385759,1.110440039427964
2020-06-24,0.9375231396766547,0.9971310693726119,1.0329371576990856,1.0007178584965482,0.9213208948646604,1.0072055215021603,1.0569713881530398,0.9380995191443126,1.1075958363010183
2020-06-29,0.9400060609992406,0.9877510692503545,1.0447852272385498,1.0249664250550174,0.9296091318271528,1.016037813621581,1.0528968716587481,0.9503560802051235,1.1127655727944703
2020-06-30,0.9419711476341959,0.9915434867059758,1.0433987359741872,1.0227086868382447,0.9279895966177771,1.0162681121779844,1.0535501869216648,0.949886942188502,1.1117488469585528
2020-07-01,0.9448783676125458,0.9981491210316128,1.043466830826159,1.022816500582427,0.9280642651861901,1.0200019572832215,1.0529159722330614,0.9469570850827889,1.1117959387069323
2020-07-02,0.9529421792182875,1.0094183975904307,1.0442585880361817,1.024184863458405,0.9290266436125851,1.023548888403342,1.0597571222829538,0.9475552007155883,1.1123962694199911
2020-07-03,0.9601819369050124,1.0141758689578795,1.0471330432548427,1.024683853405714,0.9293927307156854,1.0296764393348032,1.0646602837448966,0.95037131023812,1.1126284305110536
2020-07-06,0.9682516036624216,1.0258279910016932,1.0446034920538327,1.021225459245654,0.9275454955454427,1.032758290912109,1.0662852492715655,0.943237967458741,1.1114813945303341
2020-07-07,0.9593950883041383,1.0114113678157775,1.043763329270201,1.0200935651570309,0.9223926746572664,1.0302901688393766,1.0599213365880809,0.9571092683513288,1.108344553290827
2020-07-08,0.9664445278713826,1.0135969016754542,1.044965194260749,1.0218475608520239,0.9191704964764469,1.0367123977563824,1.0602889213082627,0.9672558408844589,1.106509648421819
2020-07-09,0.9760130354407581,1.0167891637944908,1.0461959464221813,1.0237946449205626,0.9205254418304776,1.042331277649386,1.052828943405111,0.975398524736391,1.1074848258395964
2020-07-10,0.9574045161574583,1.0005014443462963,1.0431900018633415,1.0211635916090196,0.9172575980208992,1.0335708957335696,1.0424298187825132,0.9714427188942281,1.105904696242944
2020-07-13,0.9567264576581544,1.0008184750664553,1.0334665884020058,1.0127837263475916,0.9066969564373804,1.0316441777320016,1.0330868266877455,0.9768156367114532,1.0979973816719473
2020-07-14,0.9502385279343367,0.9996443799885588,1.0300069379248415,1.0097937957302867,0.9030788087719452,1.028129511742789,1.0305967540203087,0.9673389718027202,1.0962799896908402
2020-07-15,0.9569475736606163,1.0047557453431881,1.0320803754574346,1.0105074910980416,0.9036792880625416,1.0322389375747465,1.032925934076171,0.9681439348062766,1.097656347462573
2020-07-16,0.9504918170781125,0.9979590503350648,1.0362508162069757,1.0140328666457434,0.9064996334773975,1.0317556869732325,1.0408676678152837,0.9727160333383713,1.098209686019679
2020-07-17,0.95448090588525,0.9959158259309774,1.0418055846651577,1.0186870716467646,0.9089072298144186,1.0396671171253062,1.0411703569383335,0.9790627757988495,1.0993873293723095
2020-07-20,0.9547249652936812,0.9907872431983521,1.046520935912138,1.022584959048644,0.910861549617163,1.045109612900847,1.0375028240179416,0.9843847889122966,1.100998387583361
2020-07-21,0.9518659242485247,0.9940465813913151,1.0357422209396046,1.013934757754876,0.9040266061032319,1.0389386326578203,1.0235069666641192,0.9674141492703643,1.097121605262929
2020-07-22,0.9586632309601122,0.9991673418575582,1.0393987496519046,1.0168937470804316,0.9059626765530581,1.0476058839378133,1.0261833771617812,0.9638372961023116,1.0979317002241793
2020-07-23,0.9649741519885062,1.0030864478506005,1.0390447111776908,1.0166123410798433,0.90676565785404,1.0527505793960967,1.015095079271727,0.9568463595729534,1.099271228809732
2020-07-24,0.958469544522743,0.9982240061753269,1.041042585166924,1.0181960977708906,0.9079961999353313,1.0498099155405485,1.021995335142281,0.9572605140785212,1.0998551988359373
2020-07-27,0.9755284757270977,1.0073401553472086,1.0459319547326607,1.0220465492747588,0.9125366804253535,1.0609939952873706,1.022406347465359,0.970105623728296,1.1025356813336902
2020-07-28,0.9639127351676422,1.0012726856665994,1.0405124491497992,1.017780220540008,0.9098142176191427,1.0504952891952195,1.017955646035168,0.9626283269098279,1.1009242848645238
2020-07-29,0.9730718361495031,1.0095974471093283,1.0325678940908412,1.0115232219533394,0.9038513761479877,1.0498310080687372,1.008300384968585,0.9710564131249491,1.0968371984795808
2020-07-30,0.9772978030312056,1.0085341177890264,1.0372823022718616,1.0152525668363015,0.9070554924711063,1.054655126122805,1.0086979998345238,0.9760223415800031,1.099421411782021
2020-07-31,0.9738130733755809,1.0028970369859898,1.0337540640619072,1.0124912029845654,0.904036410878042,1.0513959292109845,0.9951298915505618,0.9752473004354308,1.0984369373438316
2020-08-03,0.9569641301424665,0.9937481903860099,1.021840642008282,1.0037312701722951,0.9003137346233829,1.044058674255991,0.9599819609008433,0.9379679060822795,1.0953402576526445
2020-08-04,0.9499520007134443,0.9912752674861082,1.0148706498339735,0.9985950114229585,0.8941377578154395,1.0364638023509354,0.957849157204167,0.931578797794334,1.0906041915247005
2020-08-05,0.9529447488922159,0.9947214605481474,1.0169645753618883,1.0001457652818713,0.8947862604638239,1.0371399827137944,0.9679371170926698,0.9339052233226434,1.0905908706573437
2020-08-06,0.9772405815767318,1.0376166598223249,1.0104582204526424,0.9953520802180497,0.8875829367095935,1.0437359469121794,0.9988392386318753,0.9289386129986245,1.0836554856685592
2020-08-07,0.9828206662558578,1.0431064540701178,1.0180107619797225,1.0009337951285069,0.8926831692101058,1.0482959102452536,1.0136287078797646,0.9313157539532402,1.0874447701288006
2020-08-10,0.9902070464721259,1.0460311736513208,1.0253573252140653,1.0062934075197985,0.8925495416652782,1.0542341135314703,1.0300986328071515,0.9557423540677882,1.0873495512977998
2020-08-11,1.0083968367872547,1.0521587228376101,1.048385494368893,1.0230642485024655,0.9181651744418741,1.074351370756862,1.038982875024243,0.9648522576660986,1.1052470963563703
2020-08-12,1.0106646614101484,1.0504547366383266,1.0526159931541872,1.0261562259092512,0.9225952396174016,1.0710001957926627,1.0480271292344394,0.9683308377212384,1.1082426550248285
2020-08-13,1.0168606143082595,1.0504144925746963,1.057416249488962,1.0295451521869734,0.9273358034497964,1.080859679380637,1.0419185190324174,0.9719253449729782,1.1130128978960476
2020-08-14,1.0224631851277115,1.0552109761909725,1.0590332231279815,1.030686326410884,0.9289309387902038,1.0872037972940518,1.0437993789323357,0.9708196366135646,1.1130128978960476
2020-08-17,1.0241627225460306,1.0547341028804285,1.056802061079411,1.0285004889556149,0.9268499299551503,1.0897448111511947,1.0343169261139653,0.9680566876728928,1.1130128978960476
2020-08-18,1.0332541200259262,1.0628507633252442,1.0463152476691961,1.02600575699065,0.9243680401138249,1.0753226422437132,1.032407600989278,0.9574964127479462,1.1130128978960476
2020-08-19,1.035619554222338,1.0658481164655642,1.0480137024748843,1.027180133267818,0.9225008338063615,1.0746743734076178,1.0407416561089002,0.9595466869046737,1.1130128978960476
2020-08-20,1.0332855354913217,1.0646394668909376,1.0522246177206827,1.0315487955488627,0.9217249828541335,1.075737102807537,1.0492241568149663,0.9638580055603924,1.1130128978960476
2020-08-21,1.0416235214470386,1.0647594901141317,1.058765477489121,1.0380910156397956,0.9205734939827646,1.082184485386629,1.057120129189569,0.9875116403247836,1.1130128978960476
2020-08-24,1.0481308441425992,1.0689097522835767,1.0666233682728028,1.0459527463080478,0.9222182966593804,1.0886114284857962,1.0735020118450018,0.9989190218646157,1.1130128978960476
2020-08-25,1.0522598554708291,1.069995325051553,1.0675691146549122,1.0468987741064193,0.9232081790456841,1.0883294374846137,1.0768387790370995,1.0052787928374691,1.1130128978960476
2020-08-26,1.052755252817153,1.0726698331055562,1.0677273373698957,1.0470568224699848,0.9233738020749855,1.0897626126947226,1.0788073648641676,0.9998633495819376,1.1130128978960476
2020-08-27,1.0524299971508493,1.0724719560149856,1.0678870425780504,1.0472151519891066,0.9235413185674669,1.0889089331845403,1.079925091588075,1.0006885917654544,1.1130128978960476
2020-08-28,1.0554787066565743,1.0715157220144158,1.0670882650419773,1.046423459832168,0.9227028287318986,1.094242427376803,1.0707263764953263,1.0007190367828735,1.1130128978960476
2020-08-31,1.0549525344185562,1.0723997026458532,1.065479362129515,1.0432591902175798,0.9210028603586022,1.098556762164061,1.0637960788940684,0.9855018184712254,1.1130128978960476
2020-09-01,1.0590499588202331,1.0744629651547697,1.0651472106541156,1.0426080291558697,0.9206507471692476,1.1020481161584537,1.0609027751697981,0.9884791264196551,1.1130128978960476
2020-09-02,1.0596181989197704,1.0787810761990095,1.0651472106541156,1.0426080291558697,0.9206507471692476,1.1024811427132715,1.064930239652636,0.9854459819568998,1.1130128978960476
2020-09-03,1.0491066640518414,1.0711084730771299,1.062617573679748,1.038201815098406,0.9182164785919942,1.0944385824836307,1.0598448635513527,0.9861296447737594,1.1126461832960879
2020-09-04,1.0517097784949188,1.074505273987119,1.0651975851205069,1.0447835401881285,0.9218962114260616,1.0966826959513762,1.0669976724053143,0.9892777795763354,1.1117905211621963
2020-09-07,1.0603619662080066,1.0782609708133795,1.0711793935514582,1.049837135664379,0.923928584644045,1.1081281836856516,1.0707002481936667,0.995559641121332,1.1161093087876948
2020-09-08,1.0608184075743448,1.0777118417477036,1.071723732027182,1.050193154026628,0.923928584644045,1.1101449767677232,1.0691892000858885,0.995559641121332,1.1168204480050679
2020-09-09,1.0445000158675104,1.0593978204726602,1.0750860786723642,1.0524197257121557,0.923928584644045,1.1008388777816582,1.0688378339939302,0.995559641121332,1.1212176514090741
2020-09-10,1.0507891450122993,1.0688945054060746,1.0752827757336418,1.052550085396553,0.923928584644045,1.105471255809853,1.0740594823467358,0.995559641121332,1.1214749213202078
2020-09-11,1.0556078690390878,1.0716771740204503,1.072508790704439,1.0506646580176697,0.923928584644045,1.1104741084016996,1.065271156104837,0.995559641121332,1.1178368236811205
2020-09-14,1.0631806723434722,1.081433751999803,1.0714788794922054,1.0485195861962764,0.923928584644045,1.114680442380863,1.0682857072188925,0.995559641121332,1.1164800181771615
2020-09-15,1.059960229796072,1.0832026104176702,1.06910081317124,1.0433370010932694,0.923928584644045,1.1079131343991495,1.0720585903826674,0.995559641121332,1.113314532925786
2020-09-16,1.0579445557343168,1.0840272583584865,1.0719704112439778,1.0499865974135925,0.9237200080769721,1.1048429048051993,1.0824912108986713,0.995299164126292,1.1173856926080274
2020-09-17,1.0566736884090016,1.080073103727111,1.0730405334075312,1.0511793531040323,0.9243173338519481,1.10519207535491,1.0805174030444031,0.9960399986952951,1.118108090914997
2020-09-18,1.0695715506638148,1.0911429035746014,1.0739418880974445,1.0521956772040513,0.9267264880174961,1.1175511014330783,1.0806170512202429,0.999005806136547,1.1164582062577433
2020-09-21,1.0651209569477353,1.0895049786422757,1.0677831071960666,1.044883142976058,0.9203670782705398,1.108152864104692,1.0753562518082829,0.9913067078903194,1.115712773003761
2020-09-22,1.049921573458658,1.0747138565251424,1.0673621153095945,1.0443071260625334,0.918773227280048,1.093159191266624,1.0753238512903467,0.9894697837299941,1.1170665482502353
2020-09-23,1.0415575918986122,1.06185388520785,1.0708378680094737,1.049071091304874,0.9240112436053983,1.0882768945020656,1.0743045301911995,0.995489569875986,1.115330515558978
2020-09-24,1.0394819750346656,1.0636202072631622,1.0701439924722334,1.0481198595426782,0.922872078406572,1.0862199663993108,1.0770310638246288,0.9941756872473178,1.1157895667506668
2020-09-25,1.0408296513682962,1.0692136714841192,1.064242145330562,1.0400297806120418,0.9192280393093535,1.082124425826437,1.0757647455538841,0.9899797509698365,1.1124659233887937
2020-09-28,1.0428598722203906,1.065120669836924,1.067977456350983,1.0450961694066783,0.9217191360506303,1.084790342598507,1.0759945004947133,0.9928432421317663,1.1143597767481084
2020-09-29,1.0403977317154898,1.0607735583599358,1.067442758303615,1.0443685965254224,0.9226276765247396,1.0792628417758388,1.076469039619498,0.9938944141440865,1.1125743928816354
2020-09-30,1.0360722233028483,1.0491247672931767,1.0713929553012422,1.0497446692362489,0.9258430450505158,1.0777372678723751,1.07415421318592,0.9976324594151038,1.1139434506974677
2020-10-09,1.0492180602845647,1.0554414112967634,1.0757005207829784,1.05561023945273,0.9313315769101259,1.0886915542108622,1.0775528094473303,1.0040404399808638,1.1130951108959795
2020-10-12,1.0482442949408728,1.0569291597139736,1.0729403508413715,1.0518495315253982,0.9313315769101259,1.0861928384276982,1.076478529045937,1.0034079854338782,1.1094481346475933
2020-10-13,1.0431767790721258,1.0581566976934107,1.0729300191799098,1.0521679356899694,0.9313315769101259,1.0861309987940182,1.0781103411266215,1.001822506263143,1.1097572217026141
2020-10-14,1.046172206636586,1.06739830913209,1.0725955691940863,1.055577828279132,0.9313315769101259,1.089268757677168,1.0861376783624164,1.0012161048446722,1.1132658953437646
2020-10-15,1.0529289469499208,1.0719056072995312,1.0769283605254654,1.059495877852052,0.9313315769101259,1.0923750189346877,1.0951471046415495,1.0045889635525145,1.118806453272464
2020-10-16,1.057441640435109,1.080582587714349,1.082484357963156,1.0670261445477316,0.9313315769101259,1.100260510654236,1.1024153519790783,1.0003876703787278,1.120031870770299
2020-10-19,1.0527012657346757,1.085074687730639,1.0798977650997672,1.0635272806822973,0.9313315769101259,1.0999764132015648,1.1022549737778677,0.9926599468802515,1.115334484461845
2020-10-20,1.0549332791673531,1.0792356567477552,1.0799259376661012,1.0635652018417607,0.9313315769101259,1.1019546592221396,1.0942031526093319,0.9942961341217126,1.115373051318324
2020-10-21,1.0503183440158217,1.0707775825914192,1.078690360288216,1.0619055175414112,0.9313315769101259,1.098039950276149,1.0873641587052958,0.995553192182247,1.1136887828367137
2020-10-22,1.0436036733227005,1.066297312528945,1.0737024790846172,1.0552580652040153,0.9313315769101259,1.0950063239578405,1.0774672255662892,0.9898591421308994,1.1070773808803067
2020-10-23,1.040952668061979,1.07159550173801,1.0733442763617818,1.0547838622031716,0.9313315769101259,1.09819913564018,1.0791140334411462,0.9891027793973614,1.106605769776793
2020-10-26,1.04081556200438,1.070747088901115,1.0711905322319522,1.0490824286435696,0.9313315769101259,1.1028470633621066,1.0701171781148004,0.9859935852921358,1.1037659462724012
2020-10-27,1.0341586462933658,1.0685707276334513,1.0689314973589081,1.0431544475704573,0.9313315769101259,1.1012573374272436,1.0662188140536535,0.9771289194516389,1.1007914583258347
2020-10-28,1.0288580814362143,1.0557000219240826,1.0710235400606718,1.048584681410337,0.9313315769101259,1.1011112404416714,1.057258129341761,0.9770712965604256,1.1035442966221256
2020-10-29,1.0233637309836443,1.050278307378561,1.0729908219453206,1.0536826292066281,0.9313315769101259,1.1044911352800884,1.0527427351254661,0.9689281738454116,1.106106453835057
2020-10-30,1.0131753107748747,1.039029248986201,1.0753033695432797,1.0596470076994864,0.9313315769101259,1.1080207042876171,1.0428927273682593,0.9585417147537297,1.109093432283026
2020-11-02,1.0076687957368293,1.0345620727546478,1.076453902409291,1.0626089378633632,0.9313315769101259,1.1013355726993406,1.0457746856653238,0.9585162364232899,1.1105788962958734
2020-11-03,1.0071320651204896,1.0399339402089627,1.0767178756003146,1.0632888052235203,0.9313315769101259,1.1014929414010217,1.0520635151845938,0.951260007761745,1.110917798743608
2020-11-04,1.008112125169739,1.0379535023132593,1.0807458114459934,1.0735177037090904,0.9313315769101259,1.1032063622962411,1.054614625972199,0.952754022452216,1.1158149819970808
2020-11-05,1.0145084195967708,1.0392553934781035,1.0767391838861191,1.0634306199902899,0.9313315769101259,1.1050570981401966,1.0473493315123181,0.9639288964384506,1.1109445962436362
2020-11-06,1.011668986269916,1.0319793194387008,1.080181550972033,1.0719187413843259,0.9313315769101259,1.1067495717222102,1.0429163276461775,0.9664759790555911,1.115124838237491
2020-11-09,1.0004099448151909,1.0130360839282153,1.0827170323650552,1.0787214964383658,0.9313315769101259,1.0940300918319217,1.0402737858876248,0.9775301060360057,1.1186421750567097
2020-11-10,0.9981482017086944,1.012427123568942,1.080239817739306,1.0787214964383658,0.9313315769101259,1.0914033937007812,1.0380417751422801,0.9756544744564819,1.1186421750567097
2020-11-11,0.9984289498436275,1.0143379652507507,1.0745618867186997,1.0718751282700376,0.9313315769101259,1.0874081319787081,1.034730815021571,0.9656773136156066,1.1186421750567097
2020-11-12,1.0019829249861423,1.0186456799500216,1.0766608169349408,1.0746441784913532,0.9302355085236197,1.0880945966891313,1.0419187538265993,0.9688094840347402,1.1174436298691488
2020-11-13,1.00378695390107,1.015950926654114,1.066730564680732,1.0765064219862333,0.9107464096219445,1.0867129403451308,1.0359885352573346,0.9701793033906715,1.0976031842734453
2020-11-16,1.0075085819164113,1.0263079200379754,1.1189388378772527,1.1281168578167007,0.9988081316882375,1.1294505306725016,1.0354674586609394,0.9581456374466777,1.1852845671495376
2020-11-17,1.0074947714439064,1.0183646256357999,1.116630578529417,1.1258045190194355,0.9988081316882375,1.1310909870993782,1.0204664617519006,0.9611361220673407,1.1852845671495376
2020-11-18,1.005835636660752,1.0181719125433764,1.1131819924506534,1.122717668945215,0.9983794195746846,1.127790513630774,1.018614162485373,0.9594194773588604,1.1852845671495376
2020-11-19,1.0074805440976295,1.0164982751328855,1.1089058606162185,1.1180832788651316,0.9991498542252737,1.1315420918092285,1.0072358935320231,0.9520938349159483,1.1852845671495376
2020-11-20,1.0056244207032818,1.0154715001235513,1.1021865966861584,1.1139245268389206,0.9999247261647236,1.1291874396583124,0.9991623734166751,0.9478995142521289,1.1852845671495376
2020-11-23,1.0214456592673085,1.0276144675112728,1.1153246360848432,1.126167401508723,0.9999247261647236,1.132518265847865,1.0264096439180057,0.9735055644134599,1.1852845671495376
2020-11-24,1.0154640816711964,1.0269648257332396,1.103042933487103,1.1147481557770256,0.995645019049965,1.1257864968752682,1.0168498286004353,0.9581293431532942,1.1852845671495376
2020-11-25,1.030189307632048,1.0334185483687466,1.1095079198771907,1.120728100128026,0.9998954682299641,1.1301192298759168,1.0266818554685748,0.9841344806367188,1.1852845671495376
2020-11-26,1.030161253132082,1.0292078355748602,1.1132575433810141,1.124614728335823,1.0026082642591436,1.135504532517905,1.0219106834004368,0.9863628839711123,1.1852845671495376
2020-11-27,1.0380416110159656,1.0358328091631295,1.1079905800345546,1.1216184361665698,0.9991124285054748,1.1415197040425507,1.0177360336817396,0.9826311402825921,1.1852845671495376
2020-11-30,1.0478554885444173,1.04186402828714,1.1020524424339957,1.1183269947929415,0.9979544937247385,1.1513554106372512,1.0079811712656612,0.979173746643487,1.1844881533715945
2020-12-01,1.0591895517480234,1.0570797701108248,1.1052296308989191,1.1230915043718455,0.9979544937247385,1.157323411467097,1.019767068117132,0.9818871060196428,1.1787818900771703
2020-12-02,1.0501642155991642,1.0510320892027631,1.082533767090233,1.113642738407204,0.9975403803036018,1.1464944725397384,0.994332606253115,0.9763773558834702,1.1570933053315529
2020-12-03,1.0389955152872576,1.0481111337708757,1.0915994500095916,1.118234118559281,1.006582307460344,1.14211796553875,1.0079775292097242,0.9706858232410975,1.156357450022429
2020-12-04,1.0360692170566492,1.0472267201255787,1.0778897278838073,1.1114875797070383,1.0061479398213335,1.1424583711301204,0.9892394736729854,0.9661652021082577,1.1504618160864422
2020-12-07,1.032657254733357,1.0362491306603516,1.0844776297963483,1.115119148280376,1.0061479398213335,1.1427236144370057,0.986728953479937,0.9750557987073656,1.149733307424599
2020-12-08,1.014698434957218,1.026388469688238,1.0796945815160661,1.1121448321852905,0.9984478528087475,1.1191761936978093,0.9914795767733722,0.9819702263885243,1.1350366898599902
2020-12-09,1.0207483206962789,1.0427446123361717,1.1002884915416102,1.107522959049784,1.0239549984452905,1.1397541009605914,0.9995054657320755,0.9686579824192549,1.1343294984232972
2020-12-10,1.0287885116064872,1.0355660890511962,1.10549437384889,1.1113927710470732,1.0350127136256213,1.1494952166422985,0.9898437937659053,0.9867505799044332,1.129274221927842
2020-12-11,1.044489659416056,1.0513611914372991,1.1079910390882848,1.1125472801731289,1.0386094802159347,1.1641009123485182,0.99329168010681,0.9899316626945704,1.1334700349773956
2020-12-14,1.0500576327073812,1.0633288648416372,1.0900527546034577,1.1032596792631204,1.023153399159165,1.1475766595053525,1.0031989676912836,0.9927896615266404,1.1224747202238254
2020-12-15,1.0610628206243506,1.0635482721812564,1.1239060279144977,1.1219884028758451,1.0424921079849947,1.1771365323841236,1.0138785196944322,1.0060990729417962,1.1318836041331275
2020-12-16,1.0660507504262757,1.06738756177663,1.1312987423925178,1.1252129577128247,1.0434124576317223,1.186513245645815,1.01280700424287,0.9965384808928659,1.141557213780015
2020-12-17,1.0793524635467149,1.0831700995699889,1.1348092705354664,1.1273925802419102,1.047604045294133,1.1999444960874974,1.0197403565586696,0.9890020846392523,1.1417560055651357
2020-12-18,1.0706816448419756,1.07296507567808,1.1346597052551746,1.1271624495876724,1.050299905985984,1.210404846354043,0.9985078269566703,0.9683429262672685,1.1383849730721742
2020-12-21,1.0812852868253422,1.0674988685567308,1.150265218909435,1.1369962645699505,1.0656583774770578,1.227262322432628,0.9941176546417738,0.9764179676561389,1.1429251997851413
2020-12-22,1.0527729603500053,1.0327895000876164,1.1487557709601859,1.1233929682040018,1.0744232210643274,1.2004842912438698,0.9800260973859494,0.9833013666452145,1.150957066331501
2020-12-23,1.071452580244548,1.0430244711420875,1.1958240965701206,1.1547157856395265,1.131058743604678,1.2295030363273456,0.9905672642045242,0.9758620984751162,1.2183083495170928
2020-12-24,1.0815072651750952,1.0555890627322035,1.1972271051647685,1.154933801223457,1.1253424982096476,1.237226388807691,1.004226915050444,0.9738909425295529,1.2122844645588546
2020-12-25,1.0840885140841916,1.061167245176132,1.1994036271656296,1.1593615016922079,1.1136291182526876,1.242794541887687,1.0144324881356586,0.9762432203018877,1.1993894657119823
2020-12-28,1.0977377549139715,1.0733936882638664,1.234980375161548,1.1749577111408904,1.1360916672984596,1.2610344443396821,1.0548225088165382,0.9930417763669904,1.2101420447518378
2020-12-29,1.0940748604933552,1.0703308406535221,1.2402486495191947,1.175644523296568,1.1449900724315165,1.2624671236989353,1.0525857549242095,0.9903715391613281,1.2192156550277407
2020-12-30,1.1197863485415949,1.0784205998629155,1.2642731374071072,1.1816655389824526,1.1698649444768583,1.2869694153676479,1.0557339304947728,0.9983482527547493,1.248014065194276
2020-12-31,1.1190106510724287,1.0787520627679048,1.27354132640812,1.1829379931314685,1.1877024831242973,1.298020168303701,1.0499714237526996,0.9730246420930648,1.2596054750922308
2021-01-04,1.1247827756848385,1.092941753133014,1.2562756791346845,1.1804604335418287,1.168701367848513,1.2873797851008428,1.0597671489290048,0.9797750967905201,1.2296737347833586
2021-01-05,1.1210126828809646,1.0911563758199947,1.2520555123362267,1.175655819145603,1.157959102414976,1.2844010852035679,1.0620525390459614,0.9828239613209162,1.216181079697238
2021-01-06,1.1337637604005404,1.097041066144861,1.2532078490695877,1.1740378494488013,1.1585068746650908,1.2957832675431498,1.0586611853797787,0.9834706930391214,1.2236410313007213
2021-01-07,1.1523112800620336,1.1082416706548355,1.2506969487152872,1.1712583718167944,1.1549585807211433,1.3052950390559945,1.0579110314571423,0.9841658136949,1.2262227639794627
2021-01-08,1.1569677010538661,1.115300051231149,1.247046870040867,1.1703667244013747,1.1496137952264531,1.3053153403885571,1.0622711403377765,0.9853605119798915,1.2205771930748328
2021-01-11,1.1425061229352813,1.1113710321685524,1.2356718188224438,1.1661361904121708,1.136198018003705,1.289676293551887,1.0651326392586817,0.9862331703615019,1.2063632574238279
2021-01-12,1.1549303146378418,1.124573816357273,1.2345127103754971,1.1656577410202809,1.134944443664618,1.2967159514390973,1.0694114923712346,0.9862331703615019,1.2050299701502876
2021-01-13,1.1689741008680954,1.1376867970712745,1.2394793463669673,1.1677122820839474,1.1403058333803309,1.3057495487284352,1.076033412877654,0.9862331703615019,1.2107455801645588
2021-01-14,1.1529520653250962,1.129480683105489,1.2265871981440308,1.15436351876159,1.1263863370392702,1.2854321611682271,1.0778179367451028,0.9862331703615019,1.1959285603421272
2021-01-15,1.1590387187550542,1.1338076228697327,1.2354319107311498,1.1680518311223869,1.1358500322721732,1.2944912087324703,1.079381677803209,0.9862331703615019,1.20604100638573
2021-01-18,1.1521940914252289,1.12754056948673,1.2247146152354593,1.1355914300543113,1.124650225069708,1.2876219845754615,1.072735902837084,0.9860214566036614,1.1940627027235178
2021-01-19,1.1477269110569477,1.1237339539785496,1.2303463308379932,1.1371428703898956,1.1252483212550113,1.2851930770755124,1.0798235910688296,0.9914957130343955,1.194703912433868
2021-01-20,1.1456871943471625,1.1294955738645305,1.2243440535175023,1.1288786320272053,1.1217768761822853,1.27650320331381,1.0863071847862342,0.9885700841483833,1.190980008415474
2021-01-21,1.1503457539071122,1.1331269385215261,1.22443576030021,1.129004560096297,1.1229428744567636,1.2825859300898201,1.08299455035586,0.9874682039620424,1.192232712236056
2021-01-22,1.1393630917115427,1.1223970832394312,1.2245010016846314,1.1290943482007998,1.1219419565341935,1.2746013142525523,1.0822031992973788,0.9885685977191292,1.1911573468350307
2021-01-25,1.1436385597384755,1.1248111497880544,1.23144266082211,1.1386665733390045,1.130369687138617,1.2814437315427878,1.0818396319381922,0.9874585995794737,1.2002160261040447
2021-01-26,1.1435236852556787,1.1182438070451322,1.2462884255432647,1.1594590874639668,1.1431401226992568,1.2896097762249883,1.0815249373682412,0.9905566970197135,1.2139176719990543
2021-01-27,1.1488400217810248,1.1196418642889292,1.2433712791060316,1.1563653694356986,1.1460508782797758,1.2950206652575413,1.071156171542162,0.9842283707144823,1.2170303664096676
2021-01-28,1.14852777625337,1.1152107428799745,1.263366675510533,1.1743631558048737,1.165147038753914,1.2999518113639061,1.0790654136894855,0.9865949138362132,1.237436480632489
2021-01-29,1.151972925585735,1.1251043997394348,1.2574193733883507,1.1689849434088047,1.1580979957033772,1.2978642405719827,1.085795321955768,0.9873422319377189,1.2299354241440428
2021-02-01,1.1631699896591736,1.144103680090229,1.2560533563385214,1.1677390667604781,1.159075521547833,1.301049577078897,1.0961813095683557,0.9846957923201805,1.230979144872514
2021-02-02,1.175497479235105,1.1538073256298862,1.2738287297753066,1.1840163246872015,1.1800976791166278,1.3126408879725715,1.1049382680647444,0.982404115573471,1.2534263441756623
2021-02-03,1.1676893471695642,1.1461371531784508,1.2666595766930655,1.1774500421619016,1.1800976791166278,1.3038850455042799,1.0948581138855422,0.9739842050306302,1.2534263441756623
2021-02-04,1.1762880981696298,1.1520923303133992,1.2588041571217443,1.166654249808324,1.1800976791166278,1.3051046814571161,1.0861518583028866,0.9648215799656671,1.2534263441756623
2021-02-05,1.177737349076445,1.1481635353508082,1.2563614024660978,1.1636416464432757,1.1800976791166278,1.3071843715083031,1.0774063434908605,0.9619789032284003,1.2534263441756623
2021-02-08,1.1785229489350955,1.156555764129318,1.2461095860944809,1.1580712521581866,1.1800976791166278,1.2991388695617077,1.0801600129516635,0.950043690653949,1.2534263441756623
2021-02-09,1.1902999760631108,1.1639433659466265,1.245450890772792,1.157165774595263,1.1800976791166278,1.3060508820796684,1.07848915541699,0.9490352808688584,1.2534263441756623
2021-02-10,1.186923418581092,1.1648722745086508,1.2376104390650657,1.1455981843400014,1.1800976791166278,1.3037873440700658,1.0713705209278561,0.9424842501639784,1.2534263441756623
2021-02-18,1.2176770370746162,1.1846898864563407,1.243309315898456,1.154376324391114,1.1797335790833292,1.3310883372087237,1.0628064571184879,0.9411666343141903,1.2530374813336191
2021-02-19,1.22330140974522,1.187689038866555,1.2669299101927476,1.1685412286205852,1.1955666361283939,1.3533719046436923,1.0762607834692008,0.9486381106967445,1.2699470437292841
2021-02-22,1.2333598845504696,1.2066826057916478,1.266235351866287,1.167855821508453,1.2081977452655492,1.3601144591107397,1.078076599649461,0.9355011558155862,1.2833852611064125
2021-02-23,1.25064858566873,1.2238106904483363,1.2600021888044484,1.161707331449998,1.1948862918464953,1.357853354383856,1.0929998322932233,0.9414065251106558,1.2692633860326688
2021-02-24,1.2512272258588808,1.2296749734169257,1.283083384170398,1.184651482823785,1.2245576192764012,1.3846152163198888,1.087548017466574,0.9334220919462628,1.3008384954559729
2021-02-25,1.2673454953757786,1.2468463497971385,1.2820351789097464,1.1836155131404549,1.227447664493298,1.3978138523063315,1.0857851339563693,0.9230735743552602,1.3038903301705378
2021-02-26,1.2413409042053773,1.22271424417493,1.2842083177292873,1.185767018034988,1.232599309304976,1.3846439448296175,1.077107911247126,0.9200249531498772,1.3093304705814683
2021-03-01,1.240005184119783,1.2199577646426816,1.276319926145623,1.1779540086246205,1.2257448373146889,1.3766904428256541,1.0798012619976514,0.9160567924892213,1.302096260271799
2021-03-02,1.2247384556932182,1.201264215895651,1.2807639723393087,1.1823541405000924,1.233082736078065,1.376525274699277,1.0635168358653235,0.9148684847362223,1.3098435741567949
2021-03-03,1.232802410732006,1.2050208386383123,1.2718459873848085,1.173537658663708,1.2229492017838808,1.374576650115927,1.0625141740793238,0.9160565584004056,1.2991635953563132
2021-03-04,1.224741002393161,1.1969638702851537,1.2687205861633901,1.1704438994502069,1.2216875048010685,1.3700180494583447,1.0558083646456313,0.91006671068216,1.2978291033684384
2021-03-05,1.2375266776802258,1.2125779397199692,1.2540766342172849,1.156061361151744,1.1998517699758957,1.3576121529958403,1.0753551363242857,0.913216402977348,1.2744800346005924
2021-03-08,1.2340289156158761,1.2091142467264933,1.2346294542151357,1.136957466602848,1.1846413652694943,1.3461913829866359,1.064951773508171,0.8946895744454625,1.2578468217898071
2021-03-09,1.2185354017931076,1.2006694064152341,1.2447226024606024,1.1517602883351796,1.185883572110297,1.336808598860123,1.0805075226247596,0.8991547295817088,1.2750643271609814
2021-03-10,1.2081414607274474,1.1917405014980342,1.2427224367370384,1.148859635186178,1.1837728066000428,1.3243068782316503,1.0794767666387317,0.9042789868745025,1.2983680233347075
2021-03-11,1.218718222057103,1.1969951043995624,1.247327262390834,1.1555259658141956,1.1886351623673885,1.3359384424458698,1.0769467351490793,0.9175059414451421,1.2953612365634404
2021-03-12,1.2229068042932494,1.1965657307434734,1.2456585347479776,1.15312664770341,1.1868689314474439,1.3356565766295119,1.075846403019608,0.923016780881991,1.2882921506940792
2021-03-15,1.2204317920538272,1.1922531199504653,1.2351912775615845,1.1380834170297902,1.1757809203135454,1.3258079234841196,1.0740506769793265,0.9198146172600422,1.2723459098760332
2021-03-16,1.2176995038518357,1.1907816164674747,1.2376803107147947,1.1455421180969865,1.1785672189434078,1.3227590543655123,1.075592350140973,0.9248320314173188,1.2869905995232676
2021-03-17,1.2200494052469308,1.1936544852037614,1.2402498854100477,1.1604611375596632,1.1841626587026453,1.3266200135893769,1.0747196820702913,0.9213054284337684,1.2860924940431564
2021-03-18,1.213909892446156,1.1910590993216155,1.2469279197694731,1.1696135488376316,1.196306954024121,1.328195904681421,1.0719747378473337,0.9148486766873414,1.2928613192835765
2021-03-19,1.191974490011454,1.168270154280793,1.2535661098538649,1.1789462586461203,1.2068178406174241,1.3208872243907082,1.0601756489610343,0.9103218257029057,1.304555053424043
2021-03-22,1.2002070476543378,1.1700549857325353,1.253895978444188,1.179731515038487,1.1983723036429328,1.3221090392539483,1.068298185238349,0.9210437679552824,1.2963793870320766
2021-03-23,1.2040403789526302,1.169952048800965,1.2588220100356928,1.1723303108796121,1.2111831300218494,1.3311468262120978,1.0566177222607929,0.9113570588373117,1.3072660116280086
2021-03-24,1.2022481708572614,1.1647259942894905,1.276501518325659,1.1778090200540203,1.2238653447735874,1.3488521733869219,1.05314763005678,0.9086032971223352,1.3250101175619946
2021-03-25,1.2023331174510128,1.1598957402879373,1.2734636135010495,1.1785976474800193,1.21499785360638,1.3424906478019516,1.0567273725240691,0.9149870979094457,1.31224154372015
2021-03-26,1.2094811803860148,1.164067151563393,1.2987300361564877,1.1909490733417656,1.22798453456276,1.3673936643784959,1.0681246491937433,0.9194777520922196,1.318576048626974
2021-03-29,1.2123366653421868,1.1663771677111534,1.2869201393320782,1.1835952423489036,1.2197717145474576,1.3642532396275469,1.0607637228916624,0.9318231721449269,1.3065678820784037
2021-03-30,1.2143121591928618,1.164757291079707,1.2783722044265495,1.1802632551285943,1.2064269793144529,1.3578408663680084,1.0634118329296929,0.940970113850362,1.2839342861119105
2021-03-31,1.2056651924887403,1.1568619116192715,1.2706083735741194,1.1754474863133504,1.2026311847854827,1.348169490190009,1.0574114925978182,0.9297913404360909,1.2689191881571942
2021-04-01,1.1948552503612209,1.150693948434944,1.2770944584952981,1.1815255058859233,1.2099726261496422,1.3422968662293067,1.0602152646334433,0.9321600664151329,1.2805395927665477
2021-04-02,1.2128305942478872,1.166731597971626,1.2867106844109089,1.189234613627816,1.21222301548286,1.3615081955803043,1.073709488328502,0.9317065859133662,1.2785210158472073
2021-04-06,1.2128037582142084,1.165768591291175,1.3182908577900507,1.2014432622464841,1.2424530725193799,1.389762498017681,1.069443187992722,0.9362004093725251,1.3069761168129246
2021-04-07,1.212720266140721,1.1641313301205034,1.3179846991373299,1.2011636614544134,1.2446688654114972,1.3857543032860618,1.071692063949365,0.9440715496536554,1.30060864517397
2021-04-08,1.2057415773172007,1.1585056644471616,1.3228939117317913,1.2058435509454244,1.2467230861068883,1.3854943949476484,1.0746464752933338,0.944397971311004,1.3075713192926026
2021-04-09,1.206232416861708,1.1604955495895146,1.3212620002403306,1.2048731574299147,1.2474947248121964,1.3847812496513574,1.075550579235373,0.9427153567800521,1.3033649778680487
2021-04-12,1.2104163477331216,1.159653261821411,1.3359952208725587,1.2171436517726986,1.2519388467858308,1.3893292230444314,1.0955463457713626,0.9567957002883017,1.3047393792626913
2021-04-13,1.2153029799971977,1.1598946132508274,1.3374471020425793,1.2184701392285733,1.2519388467858308,1.3985565647680547,1.088991698813975,0.9548955761410707,1.300777381474212
2021-04-14,1.217124533954609,1.1650543465283765,1.3332062427482012,1.2146267726428592,1.2519388467858308,1.3961877227274524,1.0922608946256323,0.9503334297924682,1.2942564657318714
2021-04-15,1.2210239077711342,1.1684347654979694,1.3363218240749017,1.217450828654463,1.2519388467858308,1.4018901549286915,1.0939143944804388,0.9500174492616753,1.2954844527755196
2021-04-16,1.214609945535173,1.1666499648459423,1.3322159499148047,1.2137317424039793,1.2519388467858308,1.3975093629459014,1.0927226757519166,0.937763507503094,1.2946460845973038
2021-04-19,1.2144567279969525,1.1637757463011318,1.3354452830764032,1.2181164137490503,1.2519388467858308,1.3961528404408123,1.0941796240919364,0.9458813918298945,1.2952102299131216
2021-04-20,1.2146213893102478,1.161424688069209,1.3395039588088318,1.2236613463159414,1.2519388467858308,1.4004405674913243,1.0937997824101644,0.9453651463827709,1.297279081229912
2021-04-21,1.2050976108794567,1.1531616022184392,1.3383849292725185,1.2220334271393698,1.2519388467858308,1.3947171913362866,1.0876601789031206,0.9448238168697397,1.2995566719545668
2021-04-22,1.1986455790544908,1.1464561634202601,1.336113765081136,1.218734894737813,1.2519388467858308,1.3923047368671269,1.0784414234383004,0.9466838698475847,1.2952623670191623
2021-04-23,1.2027674619148787,1.145706000194785,1.341490800245053,1.2265637578112574,1.2519388467858308,1.3970569836000322,1.0831399074620032,0.9485212584235152,1.29153090450996
2021-04-26,1.2100085272189232,1.1500532759959843,1.335040194434669,1.2171754120011873,1.2519388467858308,1.4006989821327054,1.0725393901356188,0.9533940421527415,1.2916779480482616
2021-04-27,1.2203899448244797,1.1587551443208448,1.3374681310126433,1.2206769903905448,1.2519388467858308,1.407480378658293,1.078498395612542,0.9542609694953793,1.2914186204711882
2021-04-28,1.2214868863567547,1.1643181525686435,1.3375740698687073,1.2212687487249385,1.2519388467858308,1.4052102097747086,1.0871928369019501,0.9542609694953793,1.2813976367514581
2021-04-29,1.2289643597760287,1.1700745832909292,1.341257291432929,1.2222901121808407,1.2519388467858308,1.4127126127125758,1.0893029728068253,0.953981320439389,1.280703057859698
2021-04-30,1.2292799484406058,1.1701163049620633,1.3427593736897938,1.2324024503807638,1.2519388467858308,1.414293088812213,1.0922728347644801,0.9472814887912925,1.2791109507815648
2021-05-06,1.242135153411361,1.1776396390059092,1.343558663867234,1.252886974305041,1.2519388467858308,1.4223672732569883,1.0774342389654707,0.9296942524404684,1.2994784601360414
2021-05-07,1.2530086855906628,1.1846815367029127,1.3507846930898426,1.259221949820565,1.2519388467858308,1.4328567566774972,1.0782841024972623,0.9296942524404684,1.3149956027690215
2021-05-10,1.2665321693921585,1.1992263898382831,1.3495927466803053,1.2581766317887746,1.2519388467858308,1.4435985381959102,1.0799193893233563,0.9296942524404684,1.3189255129574937
2021-05-11,1.2649707914371886,1.1903460291347803,1.3608932930566098,1.268103332076517,1.2519388467858308,1.4521864140511602,1.071951414991235,0.9296942524404684,1.334283969026743
2021-05-12,1.287094807122662,1.200916134784146,1.3797141473420325,1.2846613119826789,1.2519388467858308,1.478313464378411,1.0703067164900524,0.9296942524404684,1.3608171800283715
2021-05-13,1.26965949220165,1.1812687312898438,1.3794826991086107,1.2846613119826789,1.2519388467858308,1.4645462034294876,1.0649471833322803,0.929433648954692,1.3613618470059388
2021-05-14,1.2546388854245243,1.1674437390110992,1.3802214245814737,1.2846613119826789,1.2519388467858308,1.4548534644915232,1.061439690215377,0.9302650320904753,1.3613618470059388
2021-05-17,1.259168872613484,1.1753126358682358,1.3795167250188836,1.2836219096226502,1.2519388467858308,1.4574657315651072,1.0659425654657604,0.9294635203082622,1.3613618470059388
2021-05-18,1.2684948245339076,1.1834502853267752,1.3795607462541448,1.283686819709739,1.2519388467858308,1.4641485540222738,1.067621377986539,0.9295135745108061,1.3613618470059388
2021-05-19,1.2576278208427816,1.1771436451671415,1.3799158244085357,1.2847446741540955,1.2519388467858308,1.452215426461543,1.0725257285043994,0.9299170804081731,1.3613618470059388
2021-05-20,1.251895591557638,1.176035926241916,1.379826980539775,1.284478942635091,1.2519388467858308,1.4459627237746768,1.0769642800320092,0.9298161397526818,1.3611081407772299
2021-05-21,1.2448275845794499,1.1765209163142052,1.3789020736350468,1.2817839235134891,1.2519388467858308,1.4407736904998065,1.0788876370318536,0.9287948310028016,1.3775206924256125
2021-05-24,1.2506892641305523,1.1861894733226617,1.3777005851179382,1.2782926477762604,1.2519388467858308,1.4367366015660918,1.091150456910046,0.9274213882923109,1.3733210062804824
2021-05-25,1.2503690647410397,1.1830940529032095,1.3807426494586137,1.2871045409813753,1.2519388467858308,1.4354622686357197,1.0927441152815949,0.9309063259044023,1.3662848705941668
2021-05-26,1.255405990529243,1.1877237404304193,1.3807426494586137,1.2871045409813753,1.2519388467858308,1.4278420455242626,1.103437729183231,0.9309063259044023,1.3678439154997046
2021-05-27,1.2515742070267803,1.1824219873622135,1.3807426494586137,1.2871045409813753,1.2519388467858308,1.4281097435067103,1.097993394067086,0.9309063259044023,1.3710984817691738
2021-05-28,1.2525658644850524,1.1850168528762446,1.3807426494586137,1.2871045409813753,1.2519388467858308,1.4332180092132694,1.0964746543990849,0.9309063259044023,1.3667928482661773
2021-05-31,1.2584950551386678,1.1906740077404596,1.3804725681036536,1.2863185247191953,1.2519388467858308,1.438780661894407,1.098398149043276,0.930601261256314,1.3533637718343123
2021-06-01,1.2630575590851734,1.200089550793327,1.3786745959488824,1.2847501568975916,1.2519388467858308,1.4484337216801795,1.0965630187176882,0.9285708340200982,1.3533637718343123
2021-06-02,1.2480541746912162,1.1822820805551013,1.3786745959488824,1.2847501568975916,1.2519388467858308,1.4430481525637153,1.0863117843646044,0.9285708340200982,1.353106149398503
2021-06-03,1.2470611743891558,1.1799953190276165,1.3786745959488824,1.2847501568975916,1.2519388467858308,1.4483843276883401,1.078677217978599,0.9285708340200982,1.3595972728294812
2021-06-04,1.2361417026691188,1.1646173739239258,1.3786745959488824,1.2847501568975916,1.2519388467858308,1.4364146760534675,1.0750068340087375,0.9285708340200982,1.365536963456242
2021-06-07,1.2370301439178535,1.1632935538449605,1.3786745959488824,1.2847501568975916,1.2519388467858308,1.4334101221455715,1.0768790764470317,0.9285708340200982,1.363386842842982
2021-06-08,1.2410721173721004,1.165797867717457,1.3786745959488824,1.2847501568975916,1.2519388467858308,1.4320952681806838,1.0803220379175857,0.9285708340200982,1.3646762515407802
2021-06-09,1.2450977649805042,1.1683100984863137,1.3786745959488824,1.2847501568975916,1.2519388467858308,1.4384512479447806,1.0779928854300296,0.9285708340200982,1.357102527726434
2021-06-10,1.241958295833434,1.1622908454751275,1.3786745959488824,1.2847501568975916,1.2519388467858308,1.4421452023814587,1.0692258084609618,0.9285708340200982,1.3553144842575164
2021-06-11,1.2495968868206482,1.165185199816073,1.378441380481689,1.2847128379193913,1.2519388467858308,1.4472266594814907,1.0690566872966323,0.9282960453482345,1.3425889287478228
2021-06-15,1.2316893986141966,1.1470552875668514,1.3816948213755844,1.2852564254516539,1.2519388467858308,1.4345713885195674,1.0681242265354467,0.9320356382655138,1.3410247950790213
2021-06-16,1.2368362699001803,1.1584840906649758,1.3827818859630137,1.2887310296442425,1.2519388467858308,1.4432924701384826,1.0748482888719644,0.9332948624784744,1.3288353406344307
2021-06-17,1.232886102534832,1.153439717077715,1.3802443636969204,1.2801741504940096,1.2519388467858308,1.4371871496032407,1.072069804167862,0.9303394387993533,1.3276489064672263
2021-06-18,1.2194461328460928,1.1448534382011912,1.3755347947207759,1.264314920149508,1.2519388467858308,1.4246572041878485,1.065749313815748,0.9247939138047111,1.3443525071737554
2021-06-21,1.2226950599734765,1.1506646842545862,1.3790998707898898,1.2760785730115944,1.2519388467858308,1.4301975984465816,1.0710705829765652,0.9289926701641217,1.3443525071737554
2021-06-22,1.2341728925733984,1.1663099536289812,1.3747573368593184,1.2617683313325554,1.2519388467858308,1.4356978277665533,1.0745469458198682,0.9236708442000311,1.3443525071737554
2021-06-23,1.236531799294853,1.1728359458304343,1.3734170402598227,1.2573857732565363,1.2519388467858308,1.4362950307884934,1.0785326652582607,0.9216255249274649,1.3443525071737554
2021-06-24,1.2359237574608661,1.174638744257346,1.3670139864588422,1.2374338255086283,1.2519388467858308,1.4313459543611347,1.0757315914929795,0.9155785920729642,1.3443525071737554
2021-06-25,1.240346378487113,1.1786266706062731,1.366265673773787,1.2352235471085595,1.2519388467858308,1.4322307719316687,1.0777869627600216,0.9146673048304074,1.3443525071737554
2021-06-28,1.238602896015909,1.1728298503383985,1.3696059995420438,1.244336261356429,1.2519388467858308,1.431619911166105,1.0768751127662133,0.9183371705880699,1.3443525071737554
2021-06-29,1.2293182537484102,1.161767620953156,1.3700419665625927,1.2455006051773538,1.2519388467858308,1.4271623182284736,1.0700157261342957,0.9184739648198368,1.3440540573695041
2021-06-30,1.2263699825862446,1.1526721086561529,1.3691465443486621,1.2431559141921398,1.2519388467858308,1.422616584344708,1.0640942011630536,0.9200117071764465,1.3387886200137311
2021-07-01,1.2218062881776408,1.1454866975187228,1.363659215598803,1.2289902037543765,1.2519388467858308,1.4136719378356593,1.0578589608367934,0.9121706983084654,1.3387886200137311
2021-07-02,1.2223050009118048,1.1464043600435667,1.3618352308110397,1.2244043835541492,1.2519388467858308,1.4100564550711767,1.0598152598576418,0.9116524195026083,1.3387886200137311
2021-07-05,1.2289238980811565,1.1577756823664318,1.3558189221523562,1.2094183203385345,1.2519388467858308,1.403534471910908,1.0705302057427748,0.9012927329173515,1.3387886200137311
2021-07-06,1.2273825507210134,1.1555680622719693,1.3577440758745762,1.212877711931409,1.2519388467858308,1.398966967025146,1.0735853953358503,0.9038532236358667,1.3384258230924795
2021-07-07,1.2161005233351965,1.1424025799654733,1.3686753236773603,1.2325285557119567,1.2519388467858308,1.395262365617687,1.067795336072743,0.9116364261756228,1.3702403122048743
2021-07-08,1.2071032975801668,1.1335157021206335,1.386454611320515,1.263729076315898,1.2519388467858308,1.397450567273709,1.0725863784696643,0.9173044013413116,1.3702403122048743
2021-07-09,1.2078829485762343,1.1318800129788977,1.386454611320515,1.263729076315898,1.2519388467858308,1.3949713808218944,1.072813601221042,0.916262009976151,1.3702403122048743
2021-07-12,1.2099530152764497,1.1312009397379632,1.386454611320515,1.263729076315898,1.2519388467858308,1.3958813437248594,1.0707466480496397,0.9231547991875625,1.3702403122048743
2021-07-13,1.215324747875731,1.1290741288641875,1.386454611320515,1.263729076315898,1.2519388467858308,1.3934329791374898,1.0701588425997495,0.9246654161316876,1.3702403122048743
2021-07-14,1.2162062750596478,1.1221974863055162,1.386454611320515,1.263729076315898,1.2519388467858308,1.39056982236118,1.0639143367702741,0.9271662157798619,1.3702403122048743
2021-07-15,1.2053891122192606,1.1133378321155931,1.386454611320515,1.263729076315898,1.2519388467858308,1.3790022540916207,1.062909182489605,0.9281565978739905,1.3702403122048743
2021-07-16,1.2023597772056147,1.118683725686783,1.3859518950876355,1.2636497969675968,1.2519388467858308,1.3830009279293287,1.0662358889685941,0.9191152029621845,1.3702403122048743
2021-07-19,1.1941509600316218,1.1191552743990834,1.388989373387911,1.2641185284837,1.2519388467858308,1.391592565896849,1.0618692731688184,0.9193559501495335,1.3702403122048743
2021-07-20,1.1962356216187124,1.1169705395854685,1.4020365314984247,1.2834888738833838,1.2519388467858308,1.3979732231833162,1.064543929420262,0.9263973809495425,1.3702403122048743
2021-07-21,1.199571822657279,1.1255672484075572,1.3857310926207658,1.260987075335477,1.2519388467858308,1.3886549179402592,1.0701582266948781,0.9192290039180575,1.369884920893923
2021-07-22,1.204391325469348,1.1294480827392177,1.389789817991334,1.2557061064607955,1.2723636127129088,1.393302193184348,1.0706458315311567,0.9178292688439096,1.3729885805671294
2021-07-23,1.2060897006317282,1.1326675635549375,1.4081815174350463,1.2685176291382643,1.3465897967331573,1.4010864799206333,1.0705079234729358,0.904948602240808,1.3841493741716917
2021-07-26,1.2210704094485274,1.1385504248802167,1.4573771279285417,1.3024297411183867,1.3967895474077667,1.4243027194231084,1.0911726250228246,0.9230887083129986,1.391514158294427
2021-07-27,1.2195772110509584,1.1428461941929224,1.471338175360167,1.312481503255888,1.4282229449250892,1.4343125662596545,1.0942865829618207,0.9252076164843535,1.3967536747105014
2021-07-28,1.229713494617383,1.1498041514987754,1.49758172677536,1.3313823345330216,1.4399322935946637,1.446447512464132,1.1150690872328326,0.9493867442096947,1.398827294193017
2021-07-29,1.2334625839246822,1.1500099964592294,1.4756320630507906,1.3154979794074573,1.3849379155958785,1.4429368126359172,1.1089263374930876,0.9483510495796478,1.3890921412096242
2021-07-30,1.234802785666922,1.1550602685029987,1.4720673110611642,1.3136306293420215,1.3780086386802468,1.439678860983623,1.1170244678623873,0.9450311225748916,1.3875715622275258
2021-08-02,1.2491129261187155,1.1535996891559137,1.5867703638265094,1.3092701890351544,1.6107179884045097,1.4833423813284616,1.129024577081978,0.9514131668902086,1.4419839474167135
2021-08-03,1.2502764246673477,1.1430109086470175,1.613496375251383,1.3143017619596102,1.6432724762374702,1.4971237709871739,1.1200827343295159,0.9514131668902086,1.4596457392914195
2021-08-04,1.248128877718424,1.1453702700658592,1.6053050780837486,1.3079921190405872,1.6338935161924657,1.5001046554130595,1.1138164189621809,0.9504691271753618,1.4544248735723957
2021-08-05,1.2516262968355611,1.152040574999157,1.607725368104975,1.3165699339304895,1.6464408833527757,1.5076365609278628,1.1164802397352085,0.9362120902677313,1.4616077944089614
2021-08-06,1.261494887431675,1.1602590297691049,1.597508588765786,1.3101212607066157,1.6287944755756876,1.5005923966189616,1.1264575903779934,0.9460423172155424,1.4506043942766784
2021-08-09,1.2663707324337128,1.1625302600669476,1.5943452498929633,1.3075614005041276,1.6287944755756876,1.5107666584682784,1.1171681553840307,0.9405709158754652,1.4506043942766784
2021-08-10,1.2833180973124005,1.202266292828664,1.5953833808945277,1.3088225969731122,1.6287944755756876,1.531953313415011,1.14597197694873,0.9401280668711435,1.4506043942766784
2021-08-11,1.2827324161259248,1.202203501646769,1.5953883337926018,1.308828614104668,1.6282069485417592,1.5354896843291148,1.1427132141250134,0.9421425583362522,1.4502330339334415
2021-08-12,1.2683591919573034,1.1880428133378609,1.5849083799847528,1.296096676756148,1.6241403186075811,1.5119744751667685,1.1375988736465468,0.9385881114116199,1.4476621604598718
2021-08-13,1.2711187851725463,1.1921048607781133,1.5891354225133199,1.301187108328978,1.6218968692812272,1.5213090965041989,1.1378112360432056,0.9455848591512337,1.4462415624980043
2021-08-16,1.2776036819753156,1.1923537308451566,1.6056370224913263,1.3210452220067983,1.6322707268779348,1.5426972275282913,1.131172750413415,0.9600200475793438,1.4528161616100397
2021-08-17,1.2870069549241192,1.2021550413398054,1.5987543950613505,1.31288150550856,1.6225953861695892,1.5384528688089554,1.142306108211716,0.962161581754389,1.4464532391807836
2021-08-18,1.2844527129651289,1.202835265861386,1.6123676121897472,1.32898678848773,1.637866783307786,1.5404649551379639,1.1515927419938927,0.962161581754389,1.4565866891049886
2021-08-19,1.2738023193367898,1.1918506748065503,1.5991775348100075,1.3133974459555902,1.6230907672438664,1.5198582943337815,1.1463592067095691,0.962161581754389,1.4466704469915568
2021-08-20,1.2794954477720961,1.1958175143792271,1.6003000198432928,1.314708353602212,1.624344448643563,1.5277772442007675,1.1449159654898486,0.962161581754389,1.4475192393808358
2021-08-23,1.2835313112626991,1.2011604539632168,1.6017011627820856,1.3163447794572247,1.6263233450745627,1.5327369759550284,1.1483843172976844,0.9616800382512602,1.4488596995733636
2021-08-24,1.2712989244663184,1.1965036491239571,1.6259512915310361,1.377871465374505,1.6557524002258286,1.5500123567605055,1.1445221269516435,0.9589698490525521,1.4688635627149704
2021-08-25,1.2710502811112343,1.2006463020803537,1.6309890292579055,1.3827576647345667,1.669319799878323,1.5603926248235631,1.1437371442461588,0.9495109191778064,1.4784956544615337
2021-08-26,1.259099191196153,1.1921274533034707,1.6384059343908959,1.3899439388553592,1.68208398864711,1.5599521072460922,1.1385384374389245,0.9441591303606224,1.4875659014022184
2021-08-27,1.2624800397996512,1.1965717013837986,1.6413885050640937,1.392831041318718,1.6830776336538442,1.5629956842645736,1.1440758222438,0.9464313565986455,1.4882724676815065
2021-08-30,1.267219000413927,1.1967611290991225,1.6635862909708268,1.4143151225764512,1.6943116285159552,1.5814639988511991,1.1449011607449429,0.9639188268921614,1.4962883125993511
2021-08-31,1.2730097563362854,1.1965628708959233,1.6974756068400165,1.4468673677083865,1.7087592178437554,1.614932356217276,1.141489679359202,0.9898827634594761,1.5066226817224175
2021-09-01,1.2801858281623963,1.207924568687926,1.6974756068400165,1.4468673677083865,1.7087592178437554,1.617571117406691,1.1542303670997531,0.9860506041077032,1.5066226817224175
2021-09-02,1.2732142427370625,1.2004188214486968,1.6974756068400165,1.4468673677083865,1.7087592178437554,1.6139767060443795,1.1477513190373698,0.9873423529167598,1.5066226817224175
2021-09-03,1.2738042157572007,1.1915956553372622,1.6974756068400165,1.4468673677083865,1.7087592178437554,1.608918505166205,1.1413558207660506,0.9826104632174071,1.5066226817224175
2021-09-06,1.2872529636138512,1.203777975516699,1.6974756068400165,1.4468673677083865,1.7087592178437554,1.6125985863869878,1.1540098479604342,0.9860556152423909,1.5066226817224175
2021-09-07,1.284172769369266,1.1980098415582512,1.6974756068400165,1.4468673677083865,1.7087592178437554,1.6118553245329283,1.1468765624917034,0.9860556152423909,1.5066226817224175
2021-09-08,1.2794857489484217,1.192670297219695,1.6974756068400165,1.4468673677083865,1.7087592178437554,1.6210305442697142,1.1309835794366991,0.9860556152423909,1.5066226817224175
2021-09-09,1.2793917029459674,1.188320747535609,1.6974756068400165,1.4468673677083865,1.7087592178437554,1.6126886057938246,1.1333122687114692,0.9860556152423909,1.5066226817224175
2021-09-10,1.2839223979799057,1.1953459717239838,1.6974756068400165,1.4468673677083865,1.7087592178437554,1.6102157532506047,1.1444550897323869,0.9860556152423909,1.5066226817224175
2021-09-13,1.2819381014139253,1.190682359303574,1.6974756068400165,1.4468673677083865,1.7087592178437554,1.60212313876275,1.146122312002526,0.9860556152423909,1.5066226817224175
2021-09-14,1.28963133259902,1.1995265995868072,1.6974756068400165,1.4468673677083865,1.7087592178437554,1.607952235531782,1.1518108168678487,0.9860556152423909,1.5066226817224175
2021-09-15,1.2991138507637578,1.2055601207159372,1.6974756068400165,1.4468673677083865,1.7087592178437554,1.6131892036520308,1.154311495788165,0.9860556152423909,1.5066226817224175
2021-09-16,1.300416917194386,1.201918522893756,1.6974756068400165,1.4468673677083865,1.7087592178437554,1.614771709772861,1.1483648976293035,0.9856598079766132,1.5066226817224175
2021-09-17,1.2901894057719596,1.1992503965114982,1.6974756068400165,1.4468673677083865,1.7087592178437554,1.6085257995305333,1.1513071293657922,0.9798652863452885,1.5066226817224175
2021-09-22,1.2797172923745899,1.183363489764129,1.6974756068400165,1.4468673677083865,1.7087592178437554,1.6002444128179363,1.138734916408812,0.991525257263655,1.5066226817224175
2021-09-23,1.276376023843891,1.1812683773423553,1.6974756068400165,1.4468673677083865,1.7087592178437554,1.6019464831524866,1.1349027756286831,0.9867189575466159,1.5066226817224175
2021-09-24,1.2699190733235861,1.1733119311193563,1.6969810746718736,1.4468673677083865,1.7087592178437554,1.599582854824059,1.1256284362250677,0.9989910464810733,1.5061763642294959
2021-09-27,1.2699193525160986,1.1726102146285193,1.6946251019661653,1.4453797229423127,1.7087592178437554,1.5932433353241857,1.1269067249162699,0.9926476482102702,1.504036163281625
2021-09-28,1.288954030435457,1.178133638434909,1.695900350205592,1.4479025265094123,1.7087592178437554,1.606818653424366,1.122477112283621,1.0058676955189378,1.5051908167319843
2021-09-29,1.2835374711178584,1.1783511794611323,1.6963154554123274,1.4487258717442535,1.7087592178437554,1.6066341411350122,1.123626684625451,1.0058676955189378,1.5055663560220913
2021-09-30,1.2865528456500572,1.1792518085244341,1.6914587499614269,1.4389968897652354,1.7087592178437554,1.6051399660472763,1.1175273625585596,1.0058676955189378,1.5011890294815822
2021-10-08,1.2984710510422062,1.1836375978514952,1.6995310883744603,1.4549738658663294,1.7087592178437554,1.615531892358018,1.12753169205078,1.0058676955189378,1.508469731250076
2021-10-11,1.2972681766282375,1.1868379808836969,1.6940283574925301,1.4440484992921876,1.7087592178437554,1.6038255804227146,1.1321833583812408,1.0058676955189378,1.5030306014719421
2021-10-12,1.3071154314719764,1.2002572046912086,1.6994038163628644,1.454837089940869,1.7087592178437554,1.6160933344002675,1.1458977630055371,1.0054544653163733,1.5083296573509695
2021-10-13,1.3180453307112194,1.2026952750207316,1.7192675344648307,1.495423198836029,1.7087592178437554,1.632396124399195,1.1687616251111734,1.0096508842105842,1.5282699738572003
2021-10-14,1.3067034093331336,1.1862695757403214,1.722035189920237,1.4958100561241952,1.7087592178437554,1.619453576419035,1.1646477030496543,1.0093483292405234,1.528471186136805
2021-10-15,1.3151550878469085,1.1905268013680417,1.7206523446662307,1.4945073875018844,1.7087592178437554,1.613844710006971,1.1763314058620247,1.0035402028054219,1.5316465571548907
2021-10-18,1.3411299663329153,1.2020530060558177,1.7266940345294897,1.5001983335028344,1.7087592178437554,1.6397662086108085,1.17535189791837,1.004814296548556,1.5365815178010362
2021-10-19,1.3313126130638175,1.2031057166331127,1.7141176200840602,1.4883525928432322,1.7087592178437554,1.626508468936456,1.1689890077980172,1.0019245382245303,1.5262395868069567
2021-10-20,1.3300612361931312,1.2013033481337991,1.7197109712709846,1.4936104887544952,1.7087592178437554,1.6222399513646866,1.1839111015600812,0.9932602476374522,1.535238200261578
2021-10-21,1.364006764229976,1.2229991799684008,1.733823054882592,1.5073421485341139,1.7081999997403223,1.6349101076842907,1.2155455959166905,1.0040965903605164,1.5436493470653687
2021-10-22,1.328842133515395,1.1916311495804555,1.7150695381992411,1.5073421485341139,1.6868992957955966,1.5976128223880888,1.1978669282587031,1.0044220701346647,1.5436493470653687
2021-10-25,1.3341986049079821,1.1974632041310411,1.7214625753646315,1.511581187306711,1.6946328216193949,1.603076653087734,1.2055249715122325,0.9958777890509752,1.5436493470653687
2021-10-26,1.3403628621627108,1.2009085978688672,1.731653036104437,1.5183588077493169,1.7022884969514247,1.6128973076531743,1.2086280277487182,1.0042849201485429,1.5436493470653687
2021-10-27,1.327707418249479,1.1857844752799478,1.7216424526522331,1.511697240107487,1.688653596483312,1.591074909588534,1.2029265009562875,0.9999736176748784,1.5436493470653687
2021-10-28,1.3244552700332517,1.1891131653220963,1.7265273108687447,1.516632515662737,1.6940310546875665,1.5893930714593922,1.213160802593753,0.9934546189002674,1.5436493470653687
2021-10-29,1.3378345266691947,1.198304977874326,1.72459005826956,1.5149660374722065,1.6922159450172267,1.5991662781597447,1.2133606984985912,0.988686714846872,1.5436493470653687
2021-11-01,1.350117677773985,1.2119585571436846,1.7234807727287396,1.5196451207093684,1.6972666064167659,1.6029745704343161,1.221036054268491,0.9829792960838923,1.5436493470653687
2021-11-02,1.377975472479551,1.237351825669661,1.7267643137933197,1.5218835848248211,1.6972666064167659,1.6172049676997968,1.244975859682784,0.9827653551081873,1.5436493470653687
2021-11-03,1.3638161289944057,1.2237125334657546,1.727677688180564,1.5228170866202821,1.6972666064167659,1.6187806843234207,1.2278597333086319,0.9768464274012858,1.5436493470653687
2021-11-04,1.3718899812332028,1.2250375686008999,1.7297665878821096,1.5246904710117284,1.6972666064167659,1.6143063135862916,1.2350207913383717,0.9948354895025618,1.5436493470653687
2021-11-05,1.3754739234638786,1.2310616973774873,1.71984587149465,1.5200019252186743,1.6972666064167659,1.605812279754765,1.2409083961905498,0.9873813353436974,1.5436493470653687
2021-11-08,1.3775893446394067,1.2383520253529798,1.7166427913349138,1.5181312089031378,1.6972666064167659,1.600025201389313,1.2519625662210836,0.985594105167844,1.5436493470653687
2021-11-09,1.391267479665426,1.2499661143875842,1.7261106171479312,1.5237311147710833,1.6972666064167659,1.6092878237971027,1.267935646109404,0.9995108005146339,1.5436493470653687
2021-11-10,1.3993009654882598,1.2586147590396743,1.7255838829916148,1.523714078702583,1.6965968001319942,1.6156194114205282,1.2731786177335938,0.9941751685750891,1.5436493470653687
2021-11-11,1.365165012761664,1.229963294234797,1.7232275395517909,1.5230108439972352,1.6954686109537136,1.5953064895105353,1.2517404443092999,0.9867582033490225,1.5436493470653687
2021-11-12,1.3765040230870507,1.2439570252414696,1.7263230046234888,1.5244363738057851,1.7015610178723035,1.6068625833400665,1.2631937176467498,0.9828623274256884,1.5436493470653687
2021-11-15,1.3790496482037033,1.2492077784727327,1.7205461991369417,1.5217783168876817,1.7086504805467584,1.607366456969872,1.2633268837810447,0.9774862904901391,1.5436493470653687
2021-11-16,1.3834563729263059,1.2570543015756768,1.7083928020707968,1.513398489496916,1.716735971702715,1.6026266164367649,1.263834685908135,0.9746312595046626,1.5436493470653687
2021-11-17,1.3787589619376286,1.2467951612776456,1.7178223554807464,1.5199253451834456,1.716735971702715,1.6039260841727123,1.2599569749963258,0.9845830059081607,1.5436493470653687
2021-11-18,1.3770379680635119,1.2408712875636942,1.7147968197319818,1.51785330202723,1.716735971702715,1.5915467712236273,1.2590502135224684,0.9874807989203315,1.5436493470653687
2021-11-19,1.378545653042256,1.245524107008705,1.7201179765213013,1.522011975009203,1.7156702438163771,1.60483572347862,1.2599349147366927,0.9927869857983203,1.5427020479868652
2021-11-22,1.3966554788467758,1.2527062572014636,1.7843635385834478,1.5188352574239274,1.8137870652717785,1.638430731853072,1.268217137122414,0.9887651669043471,1.6294824464403446
2021-11-23,1.3860611796058067,1.238559989318106,1.805786027240057,1.5351120858813654,1.8137870652717785,1.6399731591993774,1.2735906118124196,1.0089510873785257,1.6294824464403446
2021-11-24,1.3726184166635933,1.2253319027415592,1.80533783836516,1.5351120858813654,1.813231405998468,1.6331721436380287,1.26125915654402,1.0085424350855494,1.6294824464403446
2021-11-25,1.3813214912383827,1.23296494004154,1.807782130552131,1.5351120858813654,1.8162617431271337,1.640858070514945,1.2677341581893018,1.010772456635926,1.6294824464403446
2021-11-26,1.3944213453873677,1.2448208795142617,1.8165297964073985,1.5403577514740268,1.827615438956517,1.6573230745307994,1.2794655946007032,1.018009508240704,1.6294824464403446
2021-11-29,1.3945647361559563,1.246512489841805,1.8114050657964678,1.5357501849436728,1.820845753022654,1.648928083166118,1.2827693137848375,1.0197003891049963,1.6294824464403446
2021-11-30,1.3875966366496588,1.2400212637586931,1.818194383980445,1.5488560172307075,1.8306130225710808,1.6509852993341094,1.2802342706129735,1.0240022643743327,1.6294824464403446
2021-12-01,1.3846411945438883,1.2337501224875995,1.8159361431095633,1.5403155819277001,1.8242455483087354,1.6436299018888243,1.2732300004750354,1.0322297039489507,1.6294824464403446
2021-12-02,1.3864435400000594,1.233663336151577,1.8161737964236575,1.5371481026261171,1.8202997757242683,1.64580908952427,1.2717521147431539,1.0340884506532975,1.6294824464403446
2021-12-03,1.364538327635999,1.2172957840993524,1.7931121546447515,1.5233201955831799,1.8182828919296274,1.6154407546077507,1.2523417403999169,1.0069559034535578,1.6294824464403446
2021-12-06,1.3670931192487035,1.221215760216521,1.7719294501343734,1.5104118493185401,1.8208000265399278,1.614113089278578,1.2387328504371569,0.9950797292761934,1.6294824464403446
2021-12-07,1.3702763076471818,1.2222049361272906,1.788460791821018,1.5206233866947252,1.816721717830428,1.617483477330268,1.2534395371872566,0.9965153639975166,1.6294824464403446
2021-12-08,1.385535305138978,1.2310769270175492,1.7989679622568564,1.5276242091039933,1.818017291786563,1.6266676085486111,1.2677398795306059,1.0074998833198352,1.6285810494076773
2021-12-09,1.3926433775884781,1.2265553543761223,1.8319974191196224,1.551551287147842,1.8333111451454591,1.6423625288945303,1.2768235668690813,1.0311380902409246,1.6368752268083817
2021-12-10,1.4008785370825791,1.2448708224968856,1.8353158546287207,1.553628846266254,1.8376181748259626,1.6556019657416972,1.290171119458385,1.0238258815201988,1.6439091928140195
2021-12-13,1.3840675876997774,1.2443955346969608,1.8010927843006903,1.5322113992803277,1.7931939991073798,1.6252674302551688,1.2979334696314861,1.0104002750998842,1.6066538523010474
2021-12-14,1.399847050819373,1.2528723527267638,1.8334530444343433,1.553024933038086,1.8337551899485762,1.6538949104617708,1.297996664522163,1.0068557556532687,1.6479174556528775
2021-12-15,1.4006578826888527,1.2490586302946878,1.8545436850496053,1.5667847957972503,1.8600939235164435,1.6677642340774879,1.2934781560768116,1.0024922164669319,1.667647363234039
2021-12-16,1.3851262244545315,1.235446582158815,1.8609413824706698,1.5492265061163917,1.8383741146755308,1.6569229982552969,1.3010629744441025,1.018178651366331,1.6507656064139078
2021-12-17,1.3713526711896435,1.231953335345641,1.8380089724049524,1.5347547841919076,1.8090532261955508,1.634446265588787,1.3006078807245498,1.013184030613451,1.6339391842211053
2021-12-20,1.3720558601021662,1.2315714125031578,1.8450422989902242,1.5395673233664364,1.8060023949185038,1.6439666297640745,1.3048423263588744,1.0212284255670399,1.6253196233192961
2021-12-21,1.3573835076898848,1.2230480228473128,1.8132440770708949,1.5179690671244146,1.7397179391348405,1.6173728828387317,1.3142676363588066,1.042609287427261,1.5675494804860683
2021-12-22,1.3493838540764964,1.21694628175517,1.8129238562862617,1.5167588171702315,1.7430874470523856,1.6133613754043843,1.3094438222821982,1.0384520013008038,1.570679724335353
2021-12-23,1.3513267379789666,1.2167567251387628,1.8192215063359982,1.5182160647917784,1.7506383519828188,1.613421809419558,1.312370296232112,1.0394265864906143,1.577696839735835
2021-12-24,1.3275888680892638,1.2036541988199752,1.791880933705808,1.5094915799553879,1.7259331268703215,1.5872285814309053,1.305098731821584,1.0314866408550214,1.554722777446613
2021-12-27,1.34418115157726,1.221870231778549,1.7930636365821848,1.510616661701156,1.7246853752576705,1.5990881782678399,1.3199794590890306,1.0287327948411888,1.5535674987765524
2021-12-28,1.3438755043186652,1.2174929517927602,1.8136581151087487,1.531485151468565,1.7458974742133826,1.6018170880135458,1.3230124794326947,1.0218038248006553,1.5732170961642125
2021-12-29,1.3464527226201357,1.217214056342218,1.832699588268145,1.5506866841808886,1.764246972922397,1.611959810783739,1.3234117776557603,1.0193838300933917,1.5902327499723181
2021-12-30,1.3431207414949582,1.2208735946486595,1.8102271757697446,1.5281084057261223,1.7443416696124465,1.6015120655971784,1.326443892935764,1.0166011556003123,1.5717565217727634
2021-12-31,1.3377146986391184,1.2173995978591219,1.792998329303132,1.5111878116151378,1.729217024123981,1.5866500897672169,1.325998493342489,1.0172061124828469,1.5577311889548888
2022-01-04,1.359321020928125,1.2157305005492844,1.8838813178955685,1.5135983364707801,1.735592269208172,1.6471382714898029,1.382421187654545,1.0977713165826777,1.5636525332417694
2022-01-05,1.356689113477507,1.2098026892334457,1.8956158834594448,1.5236065806377472,1.7432754654250044,1.647872323908704,1.3821121139898807,1.1020463757347163,1.5708105959147751
2022-01-06,1.3455480104950437,1.2008951525281966,1.8820324576146683,1.5119380513200433,1.726307889533868,1.6403052834795613,1.3696376385927191,1.1020463757347163,1.554969009307091
2022-01-07,1.3388432573752918,1.1973052540687898,1.8862873958089474,1.5161933847374458,1.7315354410525463,1.6350098848803252,1.3733664976528903,1.1020463757347163,1.559972588386258
2022-01-10,1.3483213365412605,1.2010224962530152,1.899564980718143,1.5294703628404884,1.7478398652043179,1.6445543860107457,1.376923903994618,1.1020463757347163,1.5755818686506529
2022-01-11,1.339839729125003,1.196368225376958,1.887756174467496,1.5118158317215504,1.7334255626328066,1.6345911317916935,1.373573581069998,1.1020463757347163,1.5617802421968272
2022-01-12,1.3326595301246855,1.196382563579481,1.878326621657526,1.4840426005031406,1.7219683662830383,1.626598980198939,1.375599028786751,1.1020463757347163,1.5508169938820051
2022-01-13,1.3334701725805334,1.1936383453219825,1.8877859581783751,1.5115123419105168,1.7337281931104613,1.6293988712675966,1.3755195844203874,1.1018008055865856,1.5621358735886877
2022-01-14,1.3349721557998822,1.1962499372234119,1.8973840490846647,1.5370602729593719,1.7449493900528978,1.6339916283034785,1.3805825444849966,1.101988564199182,1.5729963474947315
2022-01-17,1.3344227384724732,1.1924817512530628,1.898702107708113,1.5388404629713126,1.7459601380281944,1.632748429481591,1.3779200863030079,1.1023536369152855,1.573979069701288
2022-01-18,1.3253235042870712,1.185673155732217,1.8950495108070435,1.5339823342027723,1.741588058212778,1.6269794237014472,1.3728160240675025,1.1023536369152855,1.5698187332303044
2022-01-19,1.3226474325348563,1.1848944461878308,1.8908630368052761,1.5284184858408294,1.7365669905219314,1.6256006546000084,1.3703459305490675,1.1023536369152855,1.5650551288884365
2022-01-20,1.3208775625870455,1.1876012069273967,1.8835730462088958,1.5187316788026517,1.7278228415956982,1.622278037226391,1.3722448153929294,1.1023536369152855,1.5567856186041993
2022-01-21,1.303960234060662,1.1725702458951448,1.870784082752148,1.5018377218466368,1.7124441255608018,1.6072229290990714,1.3601439859623208,1.1023536369152855,1.5423852354561474
2022-01-24,1.3072324947894205,1.1738745358452354,1.878574240991683,1.5221800501918696,1.7217783760840664,1.6101808253038354,1.3641654903071618,1.1023536369152855,1.5511040840575274
2022-01-25,1.3035085935760728,1.17526481994899,1.86277432850721,1.48156984029093,1.7028860819416582,1.603552703640003,1.3618351667548314,1.1023536369152855,1.5334651838297122
2022-01-26,1.3012950775859866,1.180306087599118,1.847662424089326,1.446408971123322,1.684922306332347,1.5946622391709726,1.3667722008413645,1.1023536369152855,1.5167394454076306
2022-01-27,1.3005693265817169,1.1744207259447863,1.8526924749209395,1.4572349564997609,1.6908644373994346,1.5984813912137872,1.359197838139757,1.1023536369152855,1.5222653425092687
2022-01-28,1.284928976085453,1.1653463637751995,1.8183053586185447,1.383529508408077,1.6502764208379348,1.5852171013414795,1.336633325760786,1.1023536369152855,1.484524054548971
2022-02-07,1.3085878019347397,1.1959184484968055,1.8178990142207438,1.3828546943192086,1.6498108036769779,1.606240217298201,1.3495247218279196,1.1023536369152855,1.4840933005593724
2022-02-08,1.3232358186145192,1.206405800750838,1.8256096263955874,1.3956370189952225,1.658631490302566,1.619383739534928,1.3543828002094314,1.1020864665965922,1.49225353034174
2022-02-09,1.325653599227514,1.2022069291655295,1.8475581271375188,1.4321973483776644,1.6840154195017358,1.6267038301204348,1.3576530590891585,1.106863760460539,1.5157312870928998
2022-02-10,1.3224493790154532,1.2045908379072499,1.820440185574966,1.3967835258150412,1.6581830120052543,1.6160531711400945,1.3507802497366634,1.1027139981586638,1.491880636480804
2022-02-11,1.315007800247426,1.1951030335885442,1.827709413952357,1.402082292614093,1.6675974586846596,1.612950392622414,1.3483347239609398,1.101684754207623,1.5005575699307048
2022-02-14,1.331329701306395,1.2147326668376828,1.834464598948674,1.406998986082738,1.6781413242371526,1.6237003686396942,1.3657711949755618,1.098038053991967,1.5102735301100922
2022-02-15,1.3542067245414313,1.2254885175220536,1.8856833242668325,1.444238713380367,1.7380116949012103,1.6671635826713638,1.373277830679718,1.094832611208619,1.565397541082056
2022-02-16,1.3374570515472757,1.2047674428193627,1.876379054446249,1.43747567526764,1.7314754068965463,1.6528026372605034,1.3565395450129325,1.091875725085291,1.5594159986871572
2022-02-17,1.3467213029095788,1.210231220955195,1.8914726578916066,1.4484583647764653,1.747896024963034,1.6623741477625207,1.3651037231305083,1.0932139134106136,1.574434644698169
2022-02-18,1.360177622900944,1.2154211645250939,1.9022853378868096,1.4564640024692186,1.758091796156209,1.6777110677399896,1.362230832848746,1.0995994930503872,1.5837583852188808
2022-02-21,1.3662171081654415,1.212236131142345,1.9150227812808536,1.4574740110123752,1.758091796156209,1.6908156948030137,1.366342680012414,1.11243355677623,1.5837583852188808
2022-02-22,1.3771166710883804,1.2276537056388497,1.9074560602619095,1.453993774253212,1.7577110315221793,1.6912552541672892,1.3761199986769541,1.105217890531988,1.5834101854262268
2022-02-23,1.3714678296693321,1.2262249914455396,1.8943646629042339,1.4478377474781585,1.7577327726946461,1.6826656773412245,1.3656590109484168,1.0925901845921622,1.583430100214919
2022-02-24,1.3901285061227089,1.2452704974986462,1.8918731177389607,1.4472877962687645,1.7601218963807008,1.694322747548666,1.3695751589653578,1.0881521616016236,1.585618524454347
2022-02-25,1.3812255275276673,1.2384663235403104,1.8941798376802572,1.4483825714868668,1.7593475030541994,1.6867421727816578,1.373865826843735,1.0910007027630753,1.584909167454729
2022-02-28,1.3843469248054394,1.2376616721200282,1.872500246734097,1.4380989570341716,1.7406157284650572,1.675657113114513,1.3679009979872927,1.0865397271331885,1.5677525045511973
2022-03-01,1.395930068774823,1.2433333001150504,1.8830020050102272,1.4431719619615253,1.748472368756657,1.697173555836886,1.3600477761438439,1.0896315941366144,1.5749332277676733
2022-03-02,1.4131778941485615,1.2557341524210364,1.8746948303062085,1.439161552228505,1.7366277500312772,1.7011647259706435,1.3655207590423297,1.0919335367218348,1.5641098318139133
2022-03-03,1.4307725109741538,1.2650626729874193,1.8532507999232186,1.4287446550498248,1.7129408485496287,1.6972394843700034,1.3622073612367356,1.092740907341814,1.5424940792410307
2022-03-04,1.4271278477295768,1.2622492460314125,1.8496088980101937,1.4269437351157583,1.7129408485496287,1.690087378991619,1.3593344578122777,1.0938365605418339,1.5424940792410307
2022-03-07,1.4710753302742845,1.2955958565790453,1.8509436799496573,1.4276046493387675,1.7129408485496287,1.7223397389444879,1.3635506025796549,1.1000090951654913,1.5421529506578386
2022-03-08,1.4667227455732352,1.291527653231523,1.8489479719918338,1.4261271431689846,1.7129408485496287,1.7193125319541291,1.3624504298701363,1.0932643575675465,1.5157551690828952
2022-03-09,1.4666131058185958,1.2977970480280345,1.8485221213206768,1.4258126555296422,1.7129408485496287,1.719804478845432,1.369948532710064,1.0855467212703658,1.5157551690828952
2022-03-10,1.4389663177649359,1.2676914191227664,1.8508123097486826,1.4291930440297502,1.7129408485496287,1.6974057442546016,1.362514318489909,1.0958451244261773,1.515432772981964
2022-03-11,1.441958267373128,1.2725675987833274,1.8486065347444747,1.4264451068523907,1.7125664978455395,1.699601598195754,1.3597977865290793,1.0939560187302335,1.5302762080535088
2022-03-14,1.4345851813962502,1.2677634734135503,1.8245908080895512,1.4133234578507086,1.6962332600403116,1.6725091017646028,1.3592204557670446,1.0861517474908393,1.4915023315564635
2022-03-15,1.4313544540654444,1.2682307821657453,1.8543790810881025,1.4356154256031162,1.7241004934805286,1.6923556569460105,1.3617417193301269,1.0937601385502544,1.5411792264522997
2022-03-16,1.433306849150763,1.2640747166268,1.8557176513794065,1.436610337163877,1.7260553855745073,1.6987054761814517,1.3470340641779104,1.094541507587389,1.5437113452505304
2022-03-17,1.429108558479398,1.2643014596320146,1.8580325149520716,1.438322719217967,1.7325401839439767,1.6983523194486827,1.344465421239935,1.090761990252242,1.5546742342909583
2022-03-18,1.4474115173705797,1.2746722904978176,1.8393781300191947,1.4245534974084195,1.7113931167901428,1.6963061687264749,1.3496662065160365,1.0912049588780341,1.513493704837791
2022-03-21,1.4465101095543316,1.2755749791655104,1.8365470458138873,1.422453756689846,1.7091097261691528,1.6926688713494842,1.3507416300328416,1.0903735689931373,1.5174979616981497
2022-03-22,1.4512826959541585,1.2743496890728736,1.8154383970639998,1.407025588507024,1.6890011036604946,1.6802082319304517,1.3453094197008726,1.087170498969363,1.4860420343585314
2022-03-23,1.4529005959112462,1.2772728321332814,1.8274214835736302,1.4156370273948602,1.7013944436851483,1.6921532969942983,1.3451546261676863,1.0880444613353972,1.4978983024434818
2022-03-24,1.4558929073822493,1.2755273537510674,1.811484833259524,1.4078004129688257,1.6816299964085606,1.6784087023246546,1.3499020370538002,1.0895354439781484,1.4707935372714154
2022-03-25,1.4608892828599758,1.2813825034555062,1.8269421680331215,1.4154809419096188,1.6966570383775197,1.6960176559738411,1.3510193243086566,1.0920894429034975,1.4879739435893715
2022-03-28,1.45148610787208,1.2709462232563582,1.8212009241453948,1.4126217522762896,1.6897355215791685,1.6865697462145,1.3418840264722505,1.0925158940031097,1.4905998581340445
2022-03-29,1.4489688086331496,1.2730358196463902,1.840306655518872,1.4220861594231127,1.709294214248717,1.700117247347192,1.3466009307703373,1.094658383058515,1.5105106106889246
2022-03-30,1.447443210111261,1.2673541306047118,1.8389540463533491,1.421413032570754,1.7017698442866445,1.6950348685195666,1.3539062624895872,1.1006582777983702,1.4967681913137618
2022-03-31,1.4398696622881189,1.260949237871002,1.8499451690185593,1.4296257808223032,1.714145167893792,1.7005876383989467,1.3504472598234496,1.099732297306104,1.4991594276814046
2022-04-01,1.4429641447594774,1.270326217546118,1.8605262215251437,1.4377667592713432,1.7264193142304656,1.7091490016853155,1.3599836427189762,1.099732297306104,1.51571527592149
2022-04-06,1.4572998499660206,1.2790961413452473,1.8568855169102922,1.4342491834355378,1.7211104940377946,1.7174965083626694,1.360098602416771,1.1009674605311814,1.506944835396066
2022-04-07,1.4519575505583857,1.2840919471636942,1.8850275429437713,1.4482087356543498,1.754340559728132,1.7386921015954453,1.3604028809283746,1.1007459334509235,1.5454487116302593
2022-04-08,1.450820350520298,1.2796383388867125,1.8881346611996066,1.4467268098552937,1.7543338828195167,1.7404586464791014,1.3605498557573672,1.1114731528002386,1.538546742239628
2022-04-11,1.4474597500830546,1.2817814752977141,1.8723301901370986,1.4396862109857902,1.7437456249798498,1.7193684532994185,1.3741620258951712,1.1020010348802147,1.5261327889067124
2022-04-12,1.4590857892991336,1.2844409248470823,1.8925902204406098,1.4489359585722195,1.754022298125661,1.7484549575932529,1.372380703796289,1.1135100460785268,1.5322746432960304
2022-04-13,1.4652158476747557,1.2877227544998913,1.877535896475949,1.4375521539644238,1.7341007982799899,1.7353930369111126,1.3753357181561907,1.1012452105149124,1.5221858165672482
2022-04-14,1.4716240658733617,1.289109380333525,1.863933871111373,1.4359083636441605,1.7207142123842083,1.7287243791808127,1.37404094207015,1.1025220470018107,1.5089698744157178
2022-04-15,1.4804009668107534,1.2914260926621728,1.84920747151016,1.4340183608137942,1.7065992815261652,1.7234450416710994,1.3718785355376517,1.1024632226402786,1.4916585259515671
2022-04-18,1.4971875052587813,1.3015437110355288,1.8690562847041496,1.442488216037437,1.706525131089905,1.7441065177728667,1.3825407603435453,1.1085671180351586,1.509134444896596
2022-04-19,1.4956469622534116,1.303160916196981,1.86707537474589,1.4416693576479513,1.7100907615059224,1.7428199824444286,1.3766072863350818,1.0971475692552215,1.5092889467210744
2022-04-20,1.4913298947877363,1.299243395946182,1.8793003081557504,1.4466147739790354,1.7219745092406293,1.7538268411005498,1.36072293807156,1.0976327675722781,1.5215651471598608
2022-04-21,1.4994287356195908,1.3056870811961223,1.879929154399569,1.4470199687266716,1.7215320893141146,1.7586046501312351,1.3683171873312425,1.099773068295793,1.5169041339117226
2022-04-22,1.4887399605656806,1.3007661706019074,1.8702446345660702,1.4423995496607105,1.7230021353621323,1.7466353422527108,1.350025156703035,1.0775237951811365,1.51489114210209
2022-04-25,1.4626759260545452,1.289317148787726,1.8649895407028143,1.4398937951453,1.7334430270212777,1.7264027342647938,1.3321782353452434,1.048317581764159,1.520948069036913
2022-04-26,1.4628582498452738,1.2891183130579513,1.8683965221379248,1.4416779763579897,1.741213826415932,1.7328293755724338,1.3227230785862023,1.0417238876045074,1.5225206014708357
2022-04-27,1.458287397264513,1.2829560692752673,1.8405746242093903,1.4346430180138565,1.7258836651710767,1.7114290006968857,1.3203306972211593,1.042494551102632,1.4935065201803068
2022-04-28,1.4580340072420115,1.287080680345848,1.8464479830375573,1.4339040035924324,1.738291894147749,1.7194563844097628,1.309573167249802,1.0317571194045236,1.5057029475383727
2022-04-29,1.4462095829082318,1.2917543738378467,1.8103514502128653,1.4174453982239215,1.740055157879909,1.692429572687223,1.2766449670963067,0.9942119440299014,1.4923999906076162
2022-05-05,1.4484510585016357,1.2889256708818926,1.8095745681582371,1.420128580337635,1.7273652819980911,1.688717877312041,1.2776671606921315,0.9942119440299014,1.4915879635347844
2022-05-06,1.440965693824443,1.2871062922813818,1.8041527253318301,1.4176880582007896,1.7266414279959503,1.678836865260029,1.2857670745383079,0.9942119440299014,1.4859238610206402
2022-05-09,1.4357666170111354,1.2858263251253281,1.7839971330826236,1.4093248362963329,1.7178779565280808,1.663220747561462,1.2892811959040735,0.9942119440299014,1.4653699513060687
2022-05-10,1.424447095188632,1.2792224548799784,1.7990798276336621,1.4128175123818796,1.7353516362616657,1.6654158623449957,1.289825727114348,0.9942119440299014,1.486596641430167
2022-05-11,1.4164254006011976,1.2741845577564226,1.79423911343003,1.4084330827822702,1.7353516362616657,1.660290570548918,1.2831189906563927,0.9942119440299014,1.4870073414606384
2022-05-12,1.417178253932519,1.280568204614114,1.7806110860004163,1.395406591017902,1.7353516362616657,1.6504936483728567,1.2944611366956298,0.9942119440299014,1.4760661089558236
2022-05-13,1.4161478855104228,1.274525096799213,1.7806110860004163,1.395406591017902,1.7353516362616657,1.649515895240232,1.2871284516233341,0.9942119440299014,1.4750972795255803
2022-05-16,1.4147269691048738,1.2710561616310112,1.7806110860004163,1.395406591017902,1.7353516362616657,1.6479819557268633,1.2863261805240123,0.9942119440299014,1.4713330540990979
2022-05-17,1.4190555032115797,1.2754912015403896,1.7806110860004163,1.395406591017902,1.7353516362616657,1.6502733937382539,1.2936985813671795,0.9942119440299014,1.4619215417160625
2022-05-18,1.417358199687137,1.2744938465881592,1.7806110860004163,1.395406591017902,1.7353516362616657,1.6492225434641512,1.2944049483020124,0.9942119440299014,1.4612131072288406
2022-05-19,1.4154429774732487,1.2750374874490586,1.780370850126348,1.39524853121817,1.7353516362616657,1.6473995667305268,1.2940350063017187,0.9938882260283837,1.4697350362652462
2022-05-20,1.4143783813178723,1.270783154880813,1.7809409316923712,1.3956238809863581,1.7353516362616657,1.6473211664390888,1.2886107167193313,0.9946486814221723,1.468754304055355
2022-05-23,1.4133473774546623,1.2664599817420634,1.7806981610211663,1.395817147770649,1.7353516362616657,1.6458188575496473,1.2813706571396195,0.9947671399623512,1.4738573747284858
2022-05-24,1.413658077907872,1.2738560996635402,1.7721007834975568,1.395720462134156,1.7353516362616657,1.642734439827337,1.2876326503439606,0.9947051219351359,1.4694440171392926
2022-05-25,1.4061714290769949,1.2652263725583492,1.7623703641961217,1.3850871135779474,1.7353516362616657,1.6331394296482364,1.2824229732725698,0.9946688533074518,1.457530141639376
2022-05-26,1.4059389982949726,1.268946171185868,1.7620396222279795,1.3847279752444048,1.7353516362616657,1.6346850192768894,1.2831636026739413,0.9946688533074518,1.4608511275099723
2022-05-27,1.4077053779914268,1.2615274821509472,1.7654197776154703,1.3883984474772024,1.7353516362616657,1.6344873743836767,1.2791046820455272,0.9946688533074518,1.4577767382532167
2022-05-30,1.3970833474606197,1.2514070635291856,1.7566755299320558,1.3789029665766832,1.7353516362616657,1.6239254617178034,1.272742804475604,0.9946688533074518,1.4505657786625805
2022-05-31,1.3967074903521022,1.2464293264290565,1.7574416587815354,1.3797291439642174,1.7353516362616657,1.624190036739435,1.2671259558154164,0.994303284771125,1.447352003108836
2022-06-01,1.3920776969118263,1.23475630003813,1.7795921502458234,1.4282767014661493,1.7353516362616657,1.6357713798621845,1.250677385885868,0.9937386808104417,1.4686631163777084
2022-06-02,1.3871436738078065,1.2316318192787574,1.7745466924302402,1.423651273759312,1.7353516362616657,1.6264656473650088,1.2534437473914621,0.9930217462880362,1.4716324811654404
2022-06-06,1.377916670962059,1.2312749986016123,1.7427998065960826,1.3910064051877593,1.7349225948473368,1.6046835184071737,1.2563794218416118,0.9997763729383299,1.4454128102793022
2022-06-07,1.3809054080376058,1.232757716630706,1.7434683167601859,1.3910427033565946,1.7357513636179616,1.608802673387157,1.251098867903782,1.000687542468345,1.4461913641406412
2022-06-08,1.3801737922678743,1.2336773120578997,1.7451639180283682,1.3920494403657657,1.7380461805875291,1.6086038647794798,1.2537285216252523,1.0011057890998527,1.4494981612282205
2022-06-09,1.3766207134437287,1.2272046104398453,1.7441743064029076,1.391433354150501,1.7367058359379162,1.6037451838262153,1.2570870390510616,0.9994161814108511,1.4418725430833974
2022-06-10,1.3769597019053377,1.2257248616679979,1.7435954831189018,1.3910748211041435,1.7359221950868833,1.6034514973780614,1.2544946326923327,1.0002718989322812,1.4418725430833974
2022-06-13,1.3823035049428416,1.2336329438247464,1.7439053385831442,1.3915269972208633,1.736583516291096,1.605859840875261,1.2589599282019313,1.0009728072357842,1.4418725430833974
2022-06-14,1.3849814887297518,1.2362864057380902,1.7415569717431914,1.3944157288169874,1.73841271942914,1.6066796690280132,1.2497140258170807,0.9943719498977553,1.4418725430833974
2022-06-15,1.395619611513948,1.2414928194148107,1.7485960499776216,1.3995748059118573,1.7367052256090119,1.6139904025356544,1.2700044131460457,1.0102745812769498,1.4418725430833974
2022-06-16,1.3941451334323054,1.246986797123283,1.7481282931129494,1.3992941733403528,1.7382240112442728,1.612280870324001,1.2768627745931675,1.00379089125325,1.4418725430833974
2022-06-17,1.4104960122994274,1.268487619825278,1.749825453300799,1.4003513537265273,1.7389536776999672,1.6200242433397392,1.2899832442405905,1.0051555566169081,1.4418725430833974
2022-06-20,1.4359339682035952,1.3013679459956393,1.7683712731696606,1.411928160100941,1.7460107934382343,1.643780440946494,1.3376272080942753,1.018691339062347,1.4418725430833974
2022-06-21,1.4334718767167591,1.2996773351713984,1.7693836396562332,1.4125688150259088,1.7474407829171894,1.642610665638869,1.339957088888526,1.0222606071425164,1.4418725430833974
2022-06-22,1.43346254592172,1.3033202016301353,1.7693760939599052,1.4125640381787052,1.747709912853405,1.6415811590354095,1.345224050997513,1.0160390151206273,1.4418725430833974
2022-06-23,1.4351703335306922,1.3070467382548276,1.7767626690208205,1.4172920391041468,1.752347726487493,1.6482944394120873,1.3568666097446214,1.016663577477034,1.4418725430833974
2022-06-24,1.456378886073326,1.32584832030452,1.7730343441984429,1.4148994034095876,1.7483478607113496,1.6527984518418588,1.3608862276314893,1.0120263463072705,1.4418725430833974
2022-06-27,1.451793924214517,1.3133308825388104,1.7783657771269663,1.4185369227709728,1.7465074554768492,1.6538886356872076,1.3613890366311874,1.031190973919012,1.4417131377050023
2022-06-28,1.4528282639054866,1.3101130685065538,1.7914869819892059,1.4275928634117083,1.7504514803997098,1.6658419211975208,1.3738878368963792,1.0537316588119303,1.4412098561121107
2022-06-29,1.4662380818763396,1.3166874658049494,1.8197136488670458,1.4380046669850213,1.7585586900017152,1.6911975870303533,1.3814209574340917,1.0461848991987297,1.4509624464208573
2022-06-30,1.4690340767225385,1.3176520039381157,1.816541623961103,1.4355626886786867,1.755664407824293,1.6913526951119757,1.3749657950490641,1.0456495413257405,1.4518976107812023
2022-07-01,1.4748844549288636,1.3302658392449107,1.8086609686425787,1.4351595146268745,1.7542105248319697,1.6917917648313336,1.3700688898342561,1.0294299779318652,1.4518618897883162
2022-07-04,1.4804073910268922,1.3433727573642256,1.791402894021334,1.434448299276722,1.7618992888778193,1.6840513416611282,1.3725686783411797,1.0371809098112368,1.443045120146656
2022-07-05,1.4750961019963231,1.3441487863669217,1.8059587760879758,1.435418071215606,1.7595899570798683,1.7007131232121122,1.3777484362421313,1.0456841554884098,1.4339783186130988
2022-07-06,1.4901798419309227,1.3549896002857855,1.816870938577801,1.436606312054066,1.766331313724523,1.718575310864929,1.3869895279570148,1.0587426453887034,1.4316361608435884
2022-07-07,1.5077716311995772,1.372160478720834,1.8419903158756168,1.438791176374811,1.766331313724523,1.737156690326573,1.3973525769744735,1.0623185453010193,1.4633493079935707
2022-07-08,1.5047595517329024,1.361841120086131,1.8444768079061375,1.4402990522828714,1.766331313724523,1.7402275108945953,1.3892713264721186,1.0608923210693355,1.464507293118166
2022-07-11,1.5040269270943736,1.3621912506663059,1.8428072492317726,1.4394353476295159,1.7658643513593923,1.7417342198272463,1.3836686935618538,1.0558268117622107,1.4638446290769025
2022-07-12,1.5236770331280423,1.378734686291289,1.8458471749759093,1.4400136596950694,1.770442980617839,1.7525418566782796,1.392850226064195,1.0627392838419343,1.464273937738282
2022-07-13,1.5516159693016551,1.397494300692641,1.8482117220930459,1.4407497542532108,1.7723997473514288,1.771448025740325,1.3890332493949384,1.0779459481947904,1.464348295544092
2022-07-14,1.5638566693589282,1.406446039262887,1.84055260598341,1.4358933378979344,1.773038924225236,1.7720732742168275,1.3782152630139923,1.0883741198705568,1.4605789899702766
2022-07-15,1.5985828388350598,1.42734124646577,1.8204211714919036,1.4387906821755547,1.7148328534763244,1.7776712918417676,1.3749629869157485,1.0880800246932967,1.4513827499179661
2022-07-18,1.5525353235752841,1.3789915281713978,1.8234416239235605,1.44085637773793,1.7140545047004172,1.7482461325842997,1.373341210526576,1.0856969167542594,1.4526042593686794
2022-07-19,1.5739616345803977,1.3934147095572336,1.8184799486187835,1.4381943115164113,1.7128897629565951,1.7569558516746417,1.3654187960581892,1.0904546213639839,1.454428632654229
2022-07-20,1.577557811591254,1.390164393237303,1.8281228183646607,1.4473331166024872,1.7371226724602253,1.7609232432094364,1.3600704050241101,1.0888091684026018,1.469515494454793
2022-07-21,1.570383428465865,1.3895134236271314,1.8173635570047548,1.440114638465385,1.7387723379419668,1.755042463182549,1.3407650164305343,1.0713114398719084,1.4689331430382946
2022-07-22,1.5784834374483836,1.390987525605684,1.8503422371230582,1.4624271230609867,1.7732795537032957,1.7844857559990943,1.3603114280364728,1.0956610431182048,1.4752871590559984
2022-07-25,1.5822087402640608,1.3992065695870766,1.879811964975392,1.481206130076571,1.808974830330058,1.8045771173148595,1.3955656558778822,1.1010724646370817,1.4858886236883182
2022-07-26,1.5597803178451264,1.3642440495442862,1.8842683389115944,1.482539573431048,1.794271966794098,1.7905971213956486,1.395645339771198,1.1145746234888523,1.4814023678225685
2022-07-27,1.5623459605152301,1.3726269783914995,1.8916800686794504,1.4837822272364904,1.8058488607551266,1.7994280062687171,1.402759480930214,1.1238709521467385,1.478553204888254
2022-07-28,1.5527355877486244,1.3433253309109259,1.8867722485496783,1.483341642491477,1.793515452791741,1.7691057287893517,1.404582377034712,1.1340697943638673,1.48666369187973
2022-07-29,1.5549303360727176,1.3396395655116726,1.8817622369521336,1.4821463004923316,1.7797244199420152,1.7517400083782602,1.417319096879723,1.1424586788196418,1.4883085213014702
2022-08-01,1.5447184606096065,1.3328590520734944,1.872312348156585,1.4778297571405647,1.7690133539415274,1.7379431902667994,1.4125284111210972,1.146259739118869,1.4786141412586717
2022-08-02,1.5360957011276037,1.330010734610073,1.882222637870861,1.4808060777443095,1.7890371908090232,1.7396700238632352,1.414430234571526,1.1396373786729308,1.4840361473861992
2022-08-03,1.5356662766820228,1.3298303048906421,1.8870554096392633,1.4838262840606333,1.795938536847497,1.7440504023933479,1.4145309611009553,1.1273024169938628,1.490475196205747
2022-08-04,1.5472142742235035,1.349561788346671,1.8957599314964133,1.4891706114409895,1.806984118338673,1.7685520641260297,1.4273913093444062,1.1360677785076043,1.4789385343421204
2022-08-05,1.5426415073768405,1.3540934371821138,1.8756973720367047,1.476842803564111,1.767025080697269,1.7465043750322236,1.4464307885661964,1.1352172600706385,1.4609372748303744
2022-08-08,1.5156324106180097,1.3379305967235233,1.8983016407369662,1.4909709955959705,1.813542699446095,1.753981603357202,1.4347592731272634,1.1265826637828937,1.4719389754394185
2022-08-09,1.5217518378408843,1.343283036634998,1.890053839617538,1.485792970981065,1.7993339506862096,1.7489899671811378,1.4402088965168944,1.1303608382887238,1.4679086779627395
2022-08-10,1.528934656407269,1.3516055985246027,1.8423778535520134,1.4560018932420262,1.7114014029287927,1.7079133063697343,1.4605748730298111,1.1320484389304317,1.4447502421690208
2022-08-11,1.5313443460773373,1.3453174405597659,1.8305361739789159,1.4470310218546127,1.6940618696577898,1.6963145025746709,1.4500364522622449,1.1375910831520182,1.438273909702514
2022-08-12,1.518992154849499,1.3388329613222132,1.8268650374341122,1.4450402043458495,1.6933529728089955,1.6843950527066645,1.4520709522066275,1.1356149751897184,1.4371189983626813
2022-08-15,1.524460218170588,1.3458520180537972,1.8348188011838515,1.4454096741482239,1.708319007924843,1.7001216711459182,1.4424056582320794,1.1335802104074917,1.4402637438036987
2022-08-16,1.523280627846685,1.3462800287111367,1.8306241772297602,1.4466952277761578,1.6953919135731883,1.695615316951519,1.446027587821529,1.1334535726259294,1.4355327065727426
2022-08-17,1.5452673385757927,1.3655765380984082,1.8417979443060355,1.4478697871583028,1.7139621437166825,1.718193157516511,1.4521190828662645,1.1310120986549332,1.4424375942642778
2022-08-18,1.549471578782832,1.3672008089536933,1.8338583592768054,1.4427023095336775,1.7013973973302121,1.7176027837529586,1.4468259123409626,1.1300480459470648,1.437720504963585
2022-08-19,1.5541932414905346,1.367937739721139,1.803035118467143,1.422536633160456,1.6564188541552312,1.6955651947157477,1.4474519138839446,1.1306790837919463,1.420312721122423
2022-08-22,1.5385840148468155,1.3550444495012555,1.79747056838378,1.4169906902868172,1.6575436275855862,1.6813856570145376,1.4436171390499832,1.1283811136216944,1.4207885268859282
2022-08-23,1.5248267926780685,1.3444813984272301,1.8150714082161408,1.434507555221857,1.6731708642690495,1.6852186111134666,1.4431386160235333,1.134806274312267,1.427404116282253
2022-08-24,1.507485138661133,1.3326883754135905,1.8022892703005011,1.422183204122921,1.6612880801515106,1.6694288866805895,1.4350871558407392,1.1286955537624563,1.4220985905940937
2022-08-25,1.504770344665433,1.3304593507615325,1.7880944712257083,1.4044066166836504,1.6474349126579027,1.65946772932174,1.4362865002512228,1.1132100576196062,1.4183158100190578
2022-08-26,1.495563186740513,1.324787053169762,1.7926978167008922,1.4079229906213602,1.6469580913592892,1.6573560964455853,1.4411692179628315,1.108786396063287,1.4196522961730822
2022-08-29,1.5085769436692917,1.3327222634841553,1.8112260510708562,1.4220831009866797,1.6436528253184766,1.6766834495490905,1.4530432811740128,1.1114468367120967,1.4209509947616707
2022-08-30,1.5180963786013024,1.3403722392210133,1.8130252079638034,1.4239804137409757,1.6433432106125048,1.6831989910461544,1.4589297353322466,1.1083250133775224,1.4224791397091783
2022-08-31,1.5415005468860141,1.3445750977130413,1.8447493923746314,1.45696275419151,1.6348534694301162,1.7104290358144447,1.4996006547626155,1.1031533825780813,1.4490381045859488
2022-09-01,1.5516147805517504,1.3518348391727535,1.858841028068168,1.4589821327245782,1.6587045395625224,1.7267664074288436,1.4937134515912938,1.0965346667801898,1.4618736214344297
2022-09-02,1.5513580274740122,1.3509626759246987,1.8374995878031426,1.4546829593885673,1.6330259462833148,1.7102177487187602,1.496054383816961,1.083314274080486,1.447625874788035
2022-09-05,1.5257860193608348,1.3441894985298466,1.872603090846562,1.4616359966510026,1.67521762276605,1.732398355299762,1.4925427272780636,1.0652853834322262,1.4715901642324114
2022-09-06,1.5253896488036267,1.3489864398308755,1.8670485445007348,1.4606600441495616,1.6686704684791838,1.7278161832902652,1.5004209723914343,1.0653932328097226,1.4676963235246772
2022-09-07,1.5307086842853772,1.3452500157385745,1.862508579005022,1.456698170109548,1.6630318586890604,1.718975663401449,1.5040523068946545,1.06577246166551,1.46433715785272
2022-09-08,1.530064393207632,1.350909283262358,1.877195573693619,1.475954921465759,1.6801664936125174,1.7301948352925416,1.5114152986259766,1.0656072059296506,1.4745597195300812
2022-09-09,1.5218218357356301,1.3515711649942679,1.8932893617193778,1.4968407919667457,1.69841226543732,1.7420771495931864,1.5119288162417903,1.0658284734080725,1.4855143053992426
2022-09-13,1.5109807628446084,1.3464222219771025,1.8739294691302728,1.4720013227059974,1.6766571803038894,1.7249691477783657,1.5095329245138482,1.065526901235573,1.4723622862012489
2022-09-14,1.5184237411905417,1.3535310251109218,1.915651657534328,1.5240084431401486,1.7236505038888474,1.7573426896797826,1.5172196032435452,1.065223471456783,1.5011339967070805
2022-09-15,1.5226868150538444,1.355424477666415,1.9157409244326569,1.5241116269506787,1.7236505038888474,1.7604430508402986,1.5143703630113035,1.0653354838695854,1.5011339967070805
2022-09-16,1.5319291750703965,1.3626841788780815,1.9157681026101991,1.5241430430453204,1.7236505038888474,1.7643256432841739,1.5184927465652678,1.0653697320340225,1.5011339967070805
2022-09-19,1.5365309567869376,1.3713387816407214,1.9157681026101991,1.5241430430453204,1.7236505038888474,1.7648687215551966,1.5313375453541909,1.0653697320340225,1.5011339967070805
2022-09-20,1.5415681960352812,1.3788516868397533,1.9157681026101991,1.5241430430453204,1.7236505038888474,1.7677620227658641,1.5376283694984316,1.0653697320340225,1.5011339967070805
2022-09-21,1.5433574874220033,1.3815222141351498,1.9157681026101991,1.5241430430453204,1.7236505038888474,1.7711475343796013,1.5352362740423562,1.0653697320340225,1.5011339967070805
2022-09-22,1.5390091014310203,1.375295860055921,1.9157681026101991,1.5241430430453204,1.7236505038888474,1.767972627902259,1.531582861111154,1.0653697320340225,1.5011339967070805
2022-09-23,1.5339198894805162,1.3712862780213748,1.9157681026101991,1.5241430430453204,1.7236505038888474,1.7649873874457656,1.5309215280529043,1.0653697320340225,1.5011339967070805
2022-09-26,1.535880591927401,1.366834571057918,1.9157681026101991,1.5241430430453204,1.7236505038888474,1.761507177824448,1.5304852776526785,1.0653697320340225,1.5011339967070805
2022-09-27,1.5378412134006147,1.3708594196606518,1.9157681026101991,1.5241430430453204,1.7236505038888474,1.76241822848124,1.5351928750557104,1.0653697320340225,1.5011339967070805
2022-09-28,1.541687071137063,1.3739286366178793,1.9157681026101991,1.5241430430453204,1.7236505038888474,1.7648242156843417,1.5354433403357897,1.0653697320340225,1.5011339967070805
2022-09-29,1.542145598145384,1.375949456837387,1.9157681026101991,1.5241430430453204,1.7236505038888474,1.766623675708587,1.5352581781937198,1.0650161062490655,1.5011339967070805
2022-09-30,1.5318819619349118,1.375383120597893,1.9157681026101991,1.5241430430453204,1.7236505038888474,1.7684363853697709,1.533531795086281,1.0400363835050046,1.5011339967070805
2022-10-10,1.5007440645606158,1.3658371361216008,1.9157681026101991,1.5241430430453204,1.7236505038888474,1.7628487772648704,1.5348228863144762,0.9894436953701193,1.5011339967070805
2022-10-11,1.5121607129383026,1.3736209397179868,1.9157681026101991,1.5241430430453204,1.7236505038888474,1.7674039928597314,1.5375324743730439,0.9966223323646524,1.5011339967070805
2022-10-12,1.5039175548316517,1.3736443752824932,1.9157681026101991,1.5241430430453204,1.7236505038888474,1.7677022048794904,1.5394792487728075,0.9812090207131706,1.5011339967070805
2022-10-13,1.5097590408389183,1.3761937897040815,1.9157681026101991,1.5241430430453204,1.7236505038888474,1.7682527292487586,1.5417391023011326,0.9859341215555955,1.5011339967070805
2022-10-14,1.5193257816059969,1.3753312103621538,1.9157681026101991,1.5241430430453204,1.7236505038888474,1.7678232218368382,1.5385749822213073,1.0016442588239052,1.5011339967070805
2022-10-17,1.5369460216047504,1.3808170971085296,1.9155643301271188,1.5240871170284938,1.7236505038888474,1.767540504884981,1.5425568557769898,1.029373088699321,1.5011339967070805
2022-10-18,1.5440502301298997,1.375962140304775,1.9188844898034834,1.5249809485457113,1.7236505038888474,1.7667934688718632,1.5443105256622278,1.044844799770116,1.5011339967070805
2022-10-19,1.5445110711456898,1.376940843753574,1.9199930704119486,1.5273441864191388,1.7236505038888474,1.7696792841539588,1.543423740934586,1.047208568464844,1.5011339967070805
2022-10-20,1.5277615710229613,1.3697253815065829,1.9160818944229963,1.5190052320215852,1.7236505038888474,1.767279979222246,1.5278119675922568,1.0316470955025414,1.5011339967070805
2022-10-21,1.537796275545409,1.3722685655129865,1.9172922648477633,1.5215707236626734,1.7236505038888474,1.7674310238754518,1.5328916170575193,1.0423596748859485,1.5011339967070805
2022-10-24,1.5522882422316968,1.3883969668046476,1.9189673886234697,1.5251196109236658,1.7236505038888474,1.777192733503271,1.5430101644246714,1.0427158170240187,1.5011339967070805
2022-10-25,1.558407011785713,1.3895232158256043,1.9166481124704644,1.520235002907815,1.7236505038888474,1.7747360523331792,1.5401014279330023,1.05103472039999,1.5011339967070805
2022-10-26,1.557675544773399,1.389216364119161,1.9160249896238444,1.5189411624988651,1.7236505038888474,1.7757964855068586,1.5350151251084347,1.0508909527928227,1.5011339967070805
2022-10-27,1.5581381216714554,1.392012780418671,1.9100326319308367,1.5065133712581231,1.7236505038888474,1.7723249247757336,1.5255379112066685,1.0486714898307987,1.5011339967070805
2022-10-28,1.5661807695381842,1.404719222077614,1.9014029459126423,1.4888887263159907,1.7236505038888474,1.7722732391516305,1.5139203228873768,1.048215140482195,1.5011339967070805
2022-10-31,1.5740196639152009,1.4146837339216969,1.8987653870177237,1.483634553993538,1.7236505038888474,1.7771989275502493,1.5083693240021836,1.0462309734983548,1.5011339967070805
2022-11-01,1.5558742082369543,1.3966560236465948,1.8994243038673577,1.4849412992115245,1.7236505038888474,1.769219054116434,1.5024772852791235,1.0467279580456939,1.5011339967070805
2022-11-02,1.548004422885812,1.3865335691043206,1.8994243038673577,1.4849412992115245,1.7236505038888474,1.7648841518081935,1.4972002605018777,1.0467279580456939,1.5011339967070805
2022-11-03,1.5442108864748463,1.3767848730385526,1.904732736944023,1.4954203141083735,1.7236505038888474,1.766344773718015,1.4986054752204763,1.0507141849379706,1.5011339967070805
2022-11-04,1.5387704252247385,1.365937806126484,1.91005419701478,1.5059006671337651,1.7236505038888474,1.7646291947223882,1.5045437239589625,1.0547274022673994,1.5011339967070805
2022-11-07,1.5478335196904018,1.3845481198448235,1.9013726447516082,1.4888459886574366,1.7236505038888474,1.7652346307447935,1.49957998995171,1.0481694988572032,1.5011339967070805
2022-11-08,1.549561340489925,1.38907290085566,1.8993328375838336,1.484946171189525,1.7236505038888474,1.7633523985677322,1.5027448453837946,1.046653999618208,1.5011339967070805
2022-11-09,1.5589571425314563,1.412306693254697,1.895652040930081,1.4779573563597195,1.7236505038888474,1.76388140521648,1.5214021037159164,1.043764672388002,1.5011339967070805
2022-11-10,1.5565722969392515,1.4185506759288695,1.88522378668118,1.4582814668782507,1.7236505038888474,1.761374022600537,1.4988638664659417,1.035738496638197,1.5011339967070805
2022-11-11,1.5467092442564154,1.3994752458627366,1.8938423380601528,1.4735023506165017,1.7236505038888474,1.7540631359001526,1.514086397465022,1.0398646205713225,1.5011339967070805
2022-11-14,1.5284924114154452,1.3857054902428612,1.885799072296955,1.4594534047847987,1.7236505038888474,1.7403110423697055,1.4955011050049172,1.026410055010911,1.5011339967070805
2022-11-15,1.5247093864313919,1.3752699324251665,1.8891283264819927,1.4651756974409857,1.7236505038888474,1.736522835220083,1.4976232151302298,1.029618963360778,1.5011339967070805
2022-11-16,1.527956938098127,1.3670797434085216,1.8957843976893822,1.4765876089690975,1.7236505038888474,1.7373543807121063,1.5036054935234884,1.0405962568529126,1.5011339967070805
2022-11-17,1.529380535754521,1.3671176871338724,1.8951877638151415,1.4755695000162081,1.7236505038888474,1.7363887597884697,1.5029568516075715,1.0426375204225433,1.5011339967070805
2022-11-18,1.5301858013779372,1.352585576062106,1.9063366937713389,1.4944836109998434,1.7236505038888474,1.7400571401896312,1.5107738738072798,1.051791612221109,1.5011339967070805
2022-11-21,1.5398530703897735,1.374630749134232,1.9063366937713389,1.4944836109998434,1.7236505038888474,1.756746331988053,1.5156126068837457,1.0421424504475651,1.5011339967070805
2022-11-22,1.5395890043622398,1.3785031565140995,1.9059734061365892,1.4944836109998434,1.7236505038888474,1.757317343663495,1.520035592411615,1.0416149546035354,1.5011339967070805
2022-11-23,1.5445119462230261,1.3827036375933686,1.9067457333009674,1.4944836109998434,1.7236505038888474,1.7594774610517099,1.5233291775941584,1.043364587189938,1.5011339967070805
2022-11-24,1.5485163976209873,1.3814083302926625,1.9063523007326058,1.4941641083064334,1.7236505038888474,1.764287837039432,1.5125148094495886,1.0438261737784194,1.5011339967070805
2022-11-25,1.540229787632291,1.377742434663227,1.90595293660751,1.4935163665782467,1.7236505038888474,1.76171566984559,1.5139316054921919,1.0321925051690704,1.5011339967070805
2022-11-28,1.5408960471069002,1.3740995141067547,1.9064281894659973,1.4942954312047845,1.7236505038888474,1.7661958474025325,1.5017140125648887,1.0343312325147669,1.5011339967070805
2022-11-29,1.5288231044331373,1.3589956110426906,1.9067678679870297,1.4948523643454052,1.7236505038888474,1.752348030692801,1.5034169676133695,1.0350685512114701,1.5011339967070805
2022-11-30,1.5142235321189432,1.3549162802825643,1.9078321543892038,1.4965777427695874,1.7236505038888474,1.7544808779162986,1.4994959726831072,1.0204132345730486,1.5011339967070805
2022-12-01,1.5383229380093812,1.365644616108453,1.9078321543892038,1.4965777427695874,1.7236505038888474,1.7538304396122826,1.5098323606016448,1.042513324132304,1.5011339967070805
2022-12-02,1.5440587004566757,1.3726067590384616,1.9072709458413633,1.4965777427695874,1.7231201018827274,1.7579523456394825,1.5139490933003628,1.0423611863163638,1.5011339967070805
2022-12-05,1.536817188203539,1.3612717777693284,1.9009069649103076,1.4965777427695874,1.7170034545708555,1.7484372335201728,1.4987549089439338,1.043200089102128,1.5011339967070805
2022-12-06,1.5326446264672655,1.3578462308461239,1.9070100722224135,1.5011697716192818,1.7228982159094053,1.753857010028688,1.4933354750029106,1.0419316825203015,1.5011339967070805
2022-12-07,1.53436289266209,1.3554511256066009,1.9039840644227108,1.4978919292094703,1.7204155509467522,1.7538243033199208,1.4838081778461736,1.0436708744239476,1.5011339967070805
2022-12-08,1.5540994445088945,1.372574332928906,1.9180963600074605,1.503645627391098,1.724809953040828,1.785231609756847,1.4834405104040382,1.046626795553457,1.5011339967070805
2022-12-09,1.574343876016005,1.392254793423227,1.9305286850429468,1.5116796811182467,1.7309512564324026,1.8127433313525876,1.4916577940766713,1.0498029321121156,1.5011339967070805
2022-12-12,1.563290965341891,1.3846969461588952,1.924686770518128,1.5079391122530068,1.7264482744030012,1.7984335241601486,1.4931699304496178,1.0489144417243346,1.5011339967070805
2022-12-13,1.5626948465948842,1.3814045846598253,1.9258079522199794,1.5091199768814296,1.7275811681867475,1.7903672604961047,1.5012753323430166,1.0511571496617087,1.500472110404088
2022-12-14,1.576898896161016,1.408112873846478,1.9177326734203504,1.5037537952094069,1.7324036382908494,1.7942329153356096,1.5391318058134187,1.0453796036367067,1.501061933884443
2022-12-15,1.5859983044297443,1.4298107392835127,1.919687722685955,1.5043557275869515,1.755009161412061,1.799385790561789,1.5775951865658375,1.041598324557225,1.501061933884443
2022-12-16,1.5903914129514813,1.4278327197517953,1.9537837860825233,1.5148464012761758,1.7684404883719491,1.8155189580931244,1.5761430291616083,1.0503536895720842,1.501061933884443
2022-12-19,1.5596421170600356,1.4019300566316064,1.936155797365224,1.5095215253327474,1.774972723111631,1.749548475142164,1.588260788783724,1.04760842204385,1.501061933884443
2022-12-20,1.555360649235198,1.3993995167957543,1.9314634879669654,1.5080897935182476,1.770365386527437,1.7382382316154548,1.5973730209001271,1.041293955795614,1.501061933884443
2022-12-21,1.567747928890475,1.418994723378775,1.9468452802896028,1.515146112264688,1.7996624789970828,1.7585262170238918,1.6202539960448266,1.0390577114008148,1.501061933884443
2022-12-22,1.5643088820109055,1.413774881235686,1.9289851882474354,1.5075947061489596,1.7577170373354571,1.745294652736819,1.6157166642023115,1.039357247989071,1.4994536532409954
2022-12-23,1.5716415800340529,1.4200930316008982,1.9418852866393974,1.5131774345934423,1.7910325666464015,1.7538431875264187,1.624878723519797,1.0409219273756352,1.500505241798787
2022-12-26,1.5698378338595065,1.4161386477994564,2.0270664094911006,1.5396731848464251,1.9154064531235944,1.7928270966188757,1.6149797742012622,1.0466567416801813,1.5614466510174858
2022-12-27,1.5675810310793992,1.4169930464172553,2.0335003073578837,1.5422369558603526,1.9316140047014643,1.798392847743569,1.612966154507026,1.0478170651293175,1.5634859416702849
2022-12-28,1.5534856801497772,1.4090161466934155,1.9712329760391587,1.5192059836187417,1.887023377856976,1.7581969260563377,1.6100784664495869,1.0387069685270145,1.5324918039652076
2022-12-29,1.5502289458925342,1.4029460567237046,1.9414518100213043,1.5090484215394167,1.8254902463633762,1.7393220207412723,1.5969428136703372,1.036971779687188,1.4961725592989876
2022-12-30,1.5459178114145524,1.4026535447428246,1.9395646483423699,1.5083821719247297,1.8244612377555132,1.736164412621436,1.6037371191076881,1.0311677900701854,1.4945695172711673
2023-01-03,1.5492927794358906,1.4024079710860884,1.981299232002986,1.5205758930679738,1.8544443960088624,1.7610930555501676,1.6215854006503587,1.0399622111724747,1.5181768399097952
2023-01-04,1.5434403317052092,1.3975627834920936,1.9760049248858669,1.5182572597537447,1.8429980241533046,1.7550037911319238,1.6175716343854507,1.0359598799136163,1.5181768399097952
2023-01-05,1.5434282660238783,1.3902962749136503,1.9751015788768325,1.5179398219728744,1.8411512675401054,1.7558897268257723,1.6014063985410507,1.0355706367911066,1.5181768399097952
2023-01-06,1.5539361588315395,1.4024382670461208,1.9722157118314119,1.516918630459433,1.8356135617992628,1.761026662631659,1.6137421786119905,1.0355706367911066,1.5181768399097952
2023-01-09,1.5635911834404657,1.4129534923661173,1.9747596814808588,1.5178162176462802,1.8404808022215353,1.7681426579572346,1.625412855161422,1.0355706367911066,1.5181768399097952
2023-01-10,1.573798596968855,1.4261480887414384,1.9783140987975227,1.5201484918575077,1.8472873815945423,1.7819333694973543,1.633090642129381,1.0355706367911066,1.5181768399097952
2023-01-11,1.583492989183974,1.434624828017862,1.9813433097846636,1.522135443376218,1.8530930187728145,1.7944232857906357,1.633220267677852,1.0355706367911066,1.5181768399097952
2023-01-12,1.5831863325799618,1.4390057128081157,1.976600659497459,1.5159289094605075,1.8440156409465271,1.7914937722793973,1.6412953361555702,1.0355706367911066,1.5181768399097952
2023-01-13,1.596561551451001,1.4580618066923687,1.982248906993466,1.5233043535619692,1.8547595142681466,1.8069445392541654,1.6594497947626958,1.0355706367911066,1.5181768399097952
2023-01-16,1.5857533308808487,1.446092344784222,1.9799625564960646,1.5203024864675123,1.850426944751261,1.7956366752610353,1.6515277330595108,1.0353177279725734,1.5181768399097952
2023-01-17,1.5953280847068707,1.452775050836069,1.9835611386911958,1.5250260493435976,1.857229834132767,1.8056889986323963,1.6514436564403543,1.0398972473008048,1.5181768399097952
2023-01-18,1.5959108127892176,1.4548184964196598,1.9809010393936122,1.5224736701977195,1.853558313343959,1.8082666504311242,1.6498195951679022,1.0350287051197018,1.5181768399097952
2023-01-19,1.6109106316323547,1.4680731284916373,1.9825584298765861,1.5230384889943755,1.854367423576065,1.8165338190913476,1.6635203765594118,1.0391634261100484,1.5181768399097952
2023-01-20,1.6291389695818528,1.4904746806106166,1.985454423592065,1.5249445177769494,1.8593642233244245,1.829055317555871,1.691098932756399,1.0382866892741764,1.5181768399097952
2023-01-30,1.619778289020201,1.4778055852925767,1.9845500607366786,1.5243410874512062,1.8569740279613545,1.8288200945368365,1.665688445392907,1.0369563659785581,1.5181768399097952
2023-01-31,1.6101898032499247,1.469446741712989,1.9901207931110823,1.5281843771479349,1.869302091576724,1.815256394148476,1.675403509111893,1.0362570298987006,1.5181768399097952
2023-02-01,1.6124319581977244,1.47214113488705,1.9920239011270942,1.5295020465398406,1.8736889188524848,1.8160365323139689,1.6811559427216591,1.03704177749719,1.5181768399097952
2023-02-02,1.608715031954785,1.471600166393526,1.9902550625681212,1.528277337740142,1.8704422876277746,1.8068343746582567,1.6922596818088373,1.0382403715345754,1.5181768399097952
2023-02-03,1.5964783262080504,1.459296286665092,1.9842764229130296,1.5241372740913324,1.8594842344371265,1.7955059432262825,1.6801596253008957,1.0382403715345754,1.5181768399097952
2023-02-06,1.578116711043386,1.4343077692926962,1.9776030464519818,1.51945150568632,1.8474019910402026,1.7816734144134458,1.646873834669555,1.0382403715345754,1.5181768399097952
2023-02-07,1.5750091590053552,1.4342759307613828,1.9763186572598275,1.5185359121818727,1.845108301511508,1.7760352229083125,1.6538640799247792,1.0382403715345754,1.5181768399097952
2023-02-08,1.569463888922964,1.4266968316076785,1.9655983541641655,1.5036348511993078,1.8275564007943992,1.7681859779513465,1.6419560036953837,1.0379685674096029,1.5181768399097952
2023-02-09,1.5796607141396433,1.4332143139613152,1.96917149097941,1.5036348511993078,1.8275564007943992,1.7764261583357388,1.6448334318672835,1.039354023139536,1.5181768399097952
2023-02-10,1.5665636846565179,1.4223133349101336,1.9664137044386405,1.5023056188036488,1.8259033059936356,1.764721998348909,1.6400397607930592,1.0386594512765357,1.5165502218670346
2023-02-13,1.5527051472171298,1.416346227391204,1.9815273356489174,1.4964289007535887,1.8635551185729362,1.7607824752583086,1.6459508365968238,1.0356062992030801,1.5536011275003818
2023-02-14,1.5606951935068059,1.4291695231574237,2.0019750008344186,1.507763182752948,1.8858251070899235,1.7836927557949092,1.651257412016491,1.035068717789591,1.57665200689682
2023-02-15,1.567961735167703,1.4312272196646312,1.991339598961794,1.4984005493172443,1.866347224092182,1.7809087664186933,1.6511902577655344,1.037548032207186,1.5566464412769407
2023-02-16,1.5652649934732168,1.42991855778345,2.008561372032685,1.5136370075174272,1.8943307509878582,1.7939926533764916,1.6416152334887544,1.0344274177208441,1.5850915254101197
2023-02-17,1.5609878297913933,1.4199573458639838,2.0030559574586575,1.5085995901761193,1.887392392667598,1.7861797826360377,1.6297438180486108,1.0378241368920893,1.5781188126755172
2023-02-20,1.573333447422411,1.4282976767613904,1.9707780091087836,1.479084583153965,1.8401720938312964,1.7755163064940989,1.6375477420866673,1.0390069547136165,1.5307468067164456
2023-02-21,1.5889760014002934,1.43618231961833,1.9068206967017542,1.4147802915796945,1.754714516170776,1.750458879866092,1.6413991420565919,1.0384494578145735,1.4482264620373382
2023-02-22,1.5828317571585464,1.4337179843037544,1.9004191684705576,1.4089205504742435,1.745042355736632,1.743264437732301,1.6436689007037608,1.034140265739659,1.4395153951634923
2023-02-23,1.5849690834802999,1.4346483967285593,1.8833579773333322,1.3933192014800717,1.7196998282159264,1.7332179829966357,1.646857096842491,1.0315240407966233,1.4167135844440983
2023-02-24,1.5784962377191587,1.4342164299848126,1.9175252974253207,1.4243606577101768,1.7518462411346816,1.756079483712593,1.6428283900596063,1.0283943866960674,1.4454679722852277
2023-02-27,1.5621312952969044,1.4204807178337093,1.930096685813034,1.435544421274189,1.766828963008712,1.7577560557576803,1.6278383371192502,1.0235887431725554,1.458764380134449
2023-02-28,1.558225687337688,1.4264014107172078,1.9131671959480645,1.4205190923019768,1.7467138482912599,1.7523664239511696,1.634750444313215,1.0042258227832552,1.4409393542928806
2023-03-01,1.579726875341241,1.4422476500697348,1.9060634547268736,1.4142459238564067,1.7383523360575173,1.7592081717815808,1.6443030324368693,1.0123512485080683,1.4335525101513091
2023-03-02,1.576300014123212,1.4394149602303128,1.9140076490461586,1.4212553694464884,1.7476842901303173,1.7630481447471356,1.640710889757123,1.0123512485080683,1.4417920372591138
2023-03-03,1.5754006237451037,1.437943590749144,1.9265565731339738,1.4433953944515432,1.7624095987709814,1.7752490117514252,1.6304778496761472,1.0117159864334087,1.4547864673650204
2023-03-06,1.5721823351070359,1.4303404141417937,1.9285870523026793,1.4469030838077455,1.76478552355274,1.7713198358866395,1.624299937105884,1.01592426175903,1.456880337420598
2023-03-07,1.5749029822625258,1.4361551459204442,1.9506671074426807,1.485064498687608,1.7906244140274246,1.7915211913412765,1.6239120478824736,1.0174555562185807,1.4796512157536112
2023-03-08,1.5662143658220908,1.4218664273257218,1.9096414977014253,1.4185232412980784,1.7429849972401625,1.7579341903753902,1.6114544567988702,1.0155380444344655,1.4380187341147879
2023-03-09,1.5691845747914703,1.4207205268576821,1.91140084856047,1.4208724605859908,1.7449538538085694,1.7622473806696375,1.6030138908434675,1.0193306089278424,1.439716051732131
2023-03-10,1.5672118890309352,1.4185173580861965,1.8859415647614681,1.3868622868256164,1.7164636607916663,1.7451524671349705,1.6018725861919456,1.01333342190952,1.4151619449620547
2023-03-13,1.5818702860763147,1.427339698780093,1.885416310764727,1.3862053540670893,1.7158881606729368,1.7531387039233273,1.6036463088705581,1.0137554782353524,1.4146683089210514
2023-03-14,1.5856763656762431,1.4312024564047796,1.8759542124852127,1.374385975774348,1.7055631136178986,1.7406593133420847,1.6212007691786592,1.0145097487668535,1.4058372123090137
2023-03-15,1.57973751207429,1.4276601058250746,1.859764323442974,1.3543531215953755,1.6879404949440766,1.7268269281925934,1.6207609261797213,1.0100131579065421,1.3907792473018912
2023-03-16,1.5556747264540638,1.408231896411107,1.8179353872527606,1.3037388775291638,1.6426600152616695,1.6832222913504573,1.6139585727873738,1.0034486294722618,1.3521437238157528
2023-03-17,1.5642661008171634,1.4086069419651701,1.7935793010221444,1.2774005202644583,1.6170297871664019,1.6694803081788452,1.611010184487148,0.9990487193908757,1.3304466557901935
2023-03-20,1.5823835888956148,1.4198587576272985,1.7345694362544064,1.2156560674784065,1.5553778476924474,1.6268420682581182,1.6416293077446806,0.9944020143270337,1.2784711268956022
2023-03-21,1.5760019710975557,1.4183399774128105,1.7345694362544064,1.2156560674784065,1.5553778476924474,1.6183179415320637,1.6586561788992626,0.9972303478855755,1.2784711268956022
2023-03-22,1.5797427404756905,1.4203515808816651,1.7345694362544064,1.2156560674784065,1.5553778476924474,1.6193376456672728,1.6594081210589076,1.0014771746448508,1.2784711268956022
2023-03-23,1.5785274769681537,1.4230101187756599,1.734067897459668,1.2156560674784065,1.5553778476924474,1.6147457565315824,1.6738057306728158,0.9962591404559881,1.278054845585096
2023-03-24,1.6004203738850236,1.438559417692705,1.7353333090075462,1.2156560674784065,1.5553778476924474,1.6276605302511795,1.6755934023175616,1.0029260183311886,1.2791021522475483
2023-03-27,1.6044774872541459,1.4478430208512059,1.7404461233214288,1.2203004296209958,1.5553778476924474,1.6340065943770208,1.69675609927217,1.0027986442541486,1.2833317997827667
2023-03-28,1.5869098070250938,1.4325294907198438,1.7408254683028375,1.2206443727092469,1.5553778476924474,1.6303159804355114,1.6797581522595542,0.9970727983217836,1.2836448308472148
2023-03-29,1.5892924219215059,1.4329317101546497,1.7407064808559898,1.2205411592121318,1.5553778476924474,1.632456400378065,1.67527204756239,0.997564744733397,1.2835493080347673
2023-03-30,1.593932033901001,1.43122794126036,1.7435178163048508,1.2229778348200224,1.5553778476924474,1.6358998935584375,1.6738423364685853,1.0000318194787383,1.2858037286829265
2023-03-31,1.5930217560258473,1.4368955934370744,1.7383147836703852,1.2185966517738152,1.5553778476924474,1.63061291265149,1.678642937589881,0.9965317081105628,1.2817521411722366
2023-04-03,1.5531907149319741,1.397127732739894,1.7362257997225885,1.2168541351725046,1.5553778476924474,1.6097001941235043,1.6431327992922526,1.002517689722817,1.280132743487879
2023-04-04,1.542995325061837,1.391024293926581,1.7404552241644529,1.220382429930133,1.5553778476924474,1.612259433762996,1.6409964794569678,0.9876166313346642,1.2834117692493376
2023-04-06,1.5422205556851507,1.3907495176947888,1.748625100870633,1.2274427776512715,1.554851450505192,1.6146965965183846,1.6616184209256193,0.9811522315659282,1.2899873012655827
2023-04-07,1.5448403102957873,1.3920538645310205,1.7486534952418722,1.2264799488196911,1.5559697626858906,1.611332371716954,1.6693918332580058,0.9802601340626387,1.2890893283215756
2023-04-10,1.5432894487066278,1.389818507231589,1.7486536361144802,1.2264800055836573,1.5591360582728304,1.6060652525547514,1.6708646274143013,0.980572035014386,1.2864876351327605
2023-04-11,1.5306985983270025,1.3890733469971588,1.748299867122578,1.226504734758763,1.558154962544848,1.6019698562649685,1.6799863746734225,0.9717543336981478,1.2873388264329493
2023-04-12,1.5372264309549692,1.395973915967631,1.75088909659542,1.2264666383401068,1.55934473344651,1.606333699697466,1.6870013316276569,0.9700316782884102,1.2862915960068844
2023-04-13,1.5402055679169357,1.392378418173917,1.7518928986301103,1.2267360467311268,1.5536455616655267,1.6095766516205485,1.6836405186234518,0.971178079362751,1.290906676491242
2023-04-14,1.5417200291290902,1.3967509254246537,1.7486220377864816,1.2258585893123821,1.5572799477096568,1.6076481305187575,1.6850018255355024,0.9642032549746004,1.2874877987841933
2023-04-17,1.5405995842068412,1.3900809823260327,1.7481924038383898,1.2257432272982123,1.5572799477096568,1.5971651294241849,1.6924832196601407,0.9745297907546501,1.287980734862543
2023-04-18,1.5386342002060467,1.3894141626121488,1.7446503391593091,1.2247915826536238,1.5572799477096568,1.58799683367084,1.704093915096774,0.9799118530081359,1.2882474190095161
2023-04-19,1.5445109763730005,1.4039985420877232,1.7401385243831442,1.2237327941589498,1.5567540439013163,1.5891969610620877,1.724879608006991,0.9686651374224743,1.2886155262488466
2023-04-20,1.5391473751806568,1.414199260133268,1.7338871758673169,1.2250406962464298,1.5465782892424174,1.588007808878191,1.7484968688592193,0.9490230785316469,1.2839301278735307
2023-04-21,1.5406163824898877,1.4252616160689822,1.7172206147430493,1.220532404396669,1.5308827257607742,1.5887826395431115,1.745518531700365,0.9357808828484849,1.2710205832808377
2023-04-24,1.5749474595293662,1.434032832627702,1.732227385740767,1.224648184902691,1.544541399240297,1.607349547526869,1.7434605509699845,0.9538584680853306,1.2822481243142518
2023-04-25,1.57688023638757,1.4389111103850638,1.7200797766469156,1.221293539754398,1.536932493783654,1.5975198591370217,1.753454852080168,0.9560696854431648,1.2759925238311118
2023-04-26,1.5725600442161278,1.4359218794169286,1.7209382088738285,1.221532523792579,1.5391816601571455,1.5909959135513059,1.7648307442303226,0.9465939658006839,1.277841547058375
2023-04-27,1.5930514129536584,1.4472156357704622,1.7268034587397,1.2239796165573407,1.5425860036716856,1.6060227986968691,1.7615433057716958,0.9520900717292613,1.2806340996155954
2023-04-28,1.5962552197860669,1.4472062621695476,1.7331979112984603,1.226648419815004,1.5474684751420882,1.6151558222373505,1.7502874202498848,0.9593317850396847,1.2846374645838385
2023-05-04,1.6067327707319419,1.4612953698993802,1.725890269173421,1.223596229509497,1.5423018551293848,1.6135124764473259,1.7715986887157935,0.937060774567368,1.2803983357448339
2023-05-05,1.6081147234464959,1.4581772122682561,1.728079488859718,1.2245129579002942,1.5381130718925657,1.6164817145963455,1.7632673092865825,0.9440606700388324,1.276960055341482
2023-05-08,1.5637477511976763,1.43073328417408,1.725704343880172,1.223518455134455,1.535942431270083,1.5971564442663488,1.7555405757285807,0.9371919288564454,1.2751774460025966
2023-05-09,1.5799433376357648,1.446495425220778,1.7253133803576153,1.2233546678223046,1.5355851182956135,1.605275969660286,1.7669910741086712,0.9337963506079493,1.274883959475698
2023-05-10,1.6080003221806187,1.4653173345326063,1.7415492357025988,1.2301574042955872,1.550419065935234,1.6218994118896946,1.7904186589818145,0.944367020455784,1.2870732587488007
2023-05-11,1.6300162295117515,1.49165930302078,1.735397531550556,1.2275656133261628,1.5448098812754127,1.6358257611613733,1.7992917846177938,0.9380953157679663,1.282460753002972
2023-05-12,1.6276792320397597,1.4866929861064904,1.7361800743968816,1.2282264205786517,1.5455236045010248,1.6413982818943114,1.778230191839043,0.9260930751681148,1.2830475879072105
2023-05-15,1.6162121186639609,1.4819395807218054,1.7502732592417978,1.2400509338909087,1.558460667541721,1.6402760641039045,1.7981125114695289,0.9132289594742464,1.2936786560746805
2023-05-16,1.617065659114168,1.4793150770267816,1.754263835672221,1.243364926887331,1.5621060788747732,1.6453783161413074,1.7876951451686574,0.9116754335541115,1.2966751318030907
2023-05-17,1.6201374953895982,1.4827514608302963,1.768084766835016,1.2548387571037896,1.5747306795381226,1.65222001424934,1.8025118014907833,0.9070000372026057,1.3070555874841419
2023-05-18,1.612335445189556,1.4756907807211985,1.7702581535521953,1.256631671846396,1.5767167994538853,1.6498026771258205,1.798637059189367,0.9031254914768497,1.3086888781154764
2023-05-19,1.6300848074665688,1.4837927554473824,1.7668697529821134,1.2538359218364008,1.5736209022067729,1.6523904754360426,1.7989337675583563,0.9237138201993953,1.3061426054035585
2023-05-22,1.6503261484970597,1.5056790650394474,1.7603734113185596,1.2485202576432861,1.567689427504679,1.6648924215540206,1.801928829373771,0.9215032394225275,1.301263146513558
2023-05-23,1.6338813223583342,1.487059828121431,1.7470152299943498,1.238055431915285,1.5555377063965754,1.6505358670756767,1.77645678245595,0.9222501322511782,1.2912680192593977
2023-05-24,1.6518784991950684,1.5052896834111307,1.7400086333917084,1.2325803055450981,1.5491627948822215,1.6576705011854747,1.7855006145910124,0.9222341213766836,1.286024749839658
2023-05-25,1.6505698201035728,1.4968716896526895,1.7430488749022341,1.2349451532432805,1.5519367081465392,1.6605403989763314,1.7662503660651245,0.9246026003520905,1.2883065754476877
2023-05-26,1.6415978350064047,1.4732326980979,1.7639835708357754,1.2508287570606258,1.570811447265077,1.6613083996334812,1.746032303027898,0.9378818782735592,1.3038179155268883
2023-05-29,1.6482660732246708,1.475505763524314,1.7742660285974539,1.2585788087181928,1.580076744056765,1.6675192842559539,1.7515456852501394,0.9420842199255163,1.311436607022157
2023-05-30,1.6651450350109958,1.4826015045469039,1.770718720777852,1.2559176096628677,1.5768819695152625,1.671686081290117,1.7488225469205778,0.959372248885334,1.3088078873155047
2023-05-31,1.640880001946076,1.4931352143619243,1.7731384467144204,1.257731613063303,1.579061094191044,1.683709407684432,1.7609024320633289,0.8845563091670492,1.3106010337849991
2023-06-01,1.6377165753009049,1.468756101133626,1.7943801255998018,1.2736249715673034,1.5981936769160408,1.6804450801003636,1.7452377500225278,0.9004277412553251,1.3263421425251765
2023-06-02,1.6293700979643364,1.4653546491836231,1.7943801255998018,1.2736249715673034,1.5981936769160408,1.6745718560930927,1.7505069523621808,0.9004277412553251,1.3263421425251765
2023-06-05,1.609143529632059,1.4414733191470253,1.7943801255998018,1.2736249715673034,1.5981936769160408,1.6649997942336585,1.7209991687060509,0.9004277412553251,1.3263421425251765
2023-06-06,1.6162463917481094,1.4467245658996102,1.7943801255998018,1.2736249715673034,1.5981936769160408,1.6681310047453504,1.7256823683450544,0.9004277412553251,1.3263421425251765
2023-06-07,1.6253222625408363,1.4606148713171234,1.7943801255998018,1.2736249715673034,1.5981936769160408,1.6759571183967776,1.7394617940922652,0.9002258667598261,1.3263421425251765
2023-06-08,1.6147675322015016,1.451962639454003,1.7943801255998018,1.2736249715673034,1.5981936769160408,1.667285989449265,1.7379365430192377,0.9006391508172125,1.3263421425251765
2023-06-09,1.600319806200529,1.438961258778667,1.7943801255998018,1.2736249715673034,1.5981936769160408,1.6581478604167605,1.7286961663668317,0.8983637000297479,1.3263421425251765
2023-06-12,1.626197193386298,1.4627230092498298,1.7943801255998018,1.2736249715673034,1.5981936769160408,1.6738300143313343,1.7488571302183231,0.8998077086648283,1.3263421425251765
2023-06-13,1.6051764563125768,1.4433676230319175,1.7943801255998018,1.2736249715673034,1.5981936769160408,1.6604459899653479,1.732717057284074,0.8981558627015065,1.3263421425251765
2023-06-14,1.600907139116251,1.4423675120483708,1.7943801255998018,1.2736249715673034,1.5981936769160408,1.6539109255897,1.7422106996867661,0.8999920934970574,1.3263421425251765
2023-06-15,1.580190699714059,1.4212249984577825,1.7943801255998018,1.2736249715673034,1.5981936769160408,1.6397829480649688,1.720508762935352,0.8992410013901511,1.3263421425251765
2023-06-16,1.5684332007137907,1.4085342795002318,1.7943801255998018,1.2736249715673034,1.5981936769160408,1.623385358529092,1.7197884559599934,0.8990533135100937,1.3263421425251765
2023-06-19,1.5762513013086192,1.417010193181529,1.7943801255998018,1.2736249715673034,1.5981936769160408,1.6368946283578254,1.7193663540456847,0.8990340713605742,1.3263421425251765
2023-06-20,1.572110315177594,1.413350877169996,1.7943801255998018,1.2736249715673034,1.5981936769160408,1.6309652213162162,1.7202798729315552,0.896910938694942,1.3263421425251765
2023-06-21,1.5826440558275336,1.4145073271776196,1.7935776968744683,1.2734113397424587,1.5981936769160408,1.6309773676292982,1.7207621036514575,0.9017677323389954,1.3263421425251765
2023-06-26,1.5790857522876736,1.4128966920135737,1.7840935029772076,1.2708858175601898,1.5981936769160408,1.6295832474873617,1.7115115349011845,0.89894426782091,1.3263421425251765
2023-06-27,1.569827071294121,1.4039193052443601,1.774686493860529,1.2625280137050836,1.5981936769160408,1.6149860990025415,1.7026062122085472,0.9022888384548038,1.3263421425251765
2023-06-28,1.5632429272756247,1.4018932577135086,1.7706886302063136,1.2589891376736273,1.5981936769160408,1.6162637854629824,1.6941652317466884,0.8963282562656378,1.3263421425251765
2023-06-29,1.5712412563274387,1.4044170697053717,1.7736763444210588,1.2616294917579607,1.5981936769160408,1.6182813350670229,1.6978703544599842,0.9024026061892747,1.3263421425251765
2023-06-30,1.570286315320828,1.4076078398880487,1.7746739052359806,1.2625116445615319,1.5981936769160408,1.6193616015501506,1.705779803340103,0.8989687189951052,1.3263421425251765
2023-07-03,1.5639569623964256,1.3972840068936823,1.793654924591613,1.27930105487457,1.5981936769160408,1.6281818684642582,1.6843688247823818,0.9028861059751305,1.3255226520663907
2023-07-04,1.54993652106574,1.3949828050929216,1.8089074511573666,1.2927986601053016,1.5981936769160408,1.6400830451966495,1.6812296653185916,0.895062205552721,1.3039340017520518
2023-07-05,1.5597851136109648,1.3995992968584106,1.8089074511573666,1.2927986601053016,1.5981936769160408,1.6472315758417488,1.680471067007487,0.8983352779350426,1.3028930708055702
2023-07-06,1.5620992038202826,1.4077229403221518,1.8089074511573666,1.2927986601053016,1.5981936769160408,1.6519942289784273,1.6934727042689992,0.8939922561757442,1.3032453971070461
2023-07-07,1.5524066205480918,1.3991937134668022,1.8089074511573666,1.2927986601053016,1.5981936769160408,1.6348573745573927,1.7024279981274455,0.888988290959311,1.294272797872239
2023-07-10,1.5484138178434208,1.3963952673647386,1.8089074511573666,1.2927986601053016,1.5981936769160408,1.6300020302056464,1.703138189068044,0.8894373404211163,1.2939237440792206
2023-07-11,1.540941048111662,1.3980959763595247,1.8089074511573666,1.2927986601053016,1.5981936769160408,1.631364454876914,1.7073206989631888,0.8864435453771373,1.2877240011220943
2023-07-12,1.5362461997066905,1.3990639849556337,1.8089074511573666,1.2927986601053016,1.5981936769160408,1.6388852889879093,1.7008899031035358,0.8849115261691267,1.2757818739037947
2023-07-13,1.5380691785696339,1.4090584219230375,1.8089074511573666,1.2927986601053016,1.5981936769160408,1.6430924413443515,1.7204921348713809,0.8827027511146781,1.2682621552771358
2023-07-14,1.5451075242678265,1.4146442054566624,1.8089074511573666,1.2927986601053016,1.5981936769160408,1.6515343661688673,1.716863745406325,0.8857528502266947,1.28334866631307
2023-07-17,1.5355694323958484,1.395121313653468,1.8089074511573666,1.2927986601053016,1.5981936769160408,1.6363808488910612,1.6956353035659355,0.8918635651604927,1.2632589512092147
2023-07-18,1.5351218216980231,1.3981148419466405,1.8089074511573666,1.2927986601053016,1.5981936769160408,1.6356156269092996,1.704614616977866,0.8865870356471801,1.268289074282252
2023-07-19,1.5434358655277771,1.411154221262603,1.8089074511573666,1.2927986601053016,1.5981936769160408,1.6509886540755083,1.714302276432826,0.8875997071785005,1.260611957895993
2023-07-20,1.5463536546394177,1.4128547023676021,1.8089074511573666,1.2927986601053016,1.5981936769160408,1.6592578516953937,1.70557037603717,0.8875892625806366,1.2624838699442928
2023-07-21,1.5367291328977475,1.4071854367643746,1.8089074511573666,1.2927986601053016,1.5981936769160408,1.6538035164215579,1.7020620568071527,0.8869303360844304,1.2537846244478503
2023-07-24,1.523414255496805,1.3985675080096849,1.8089074511573666,1.2927986601053016,1.5981936769160408,1.6467212350813292,1.696444906012104,0.8836655666624518,1.2368110783240434
2023-07-25,1.5169571973896068,1.3983739315270347,1.8076884601026924,1.2927986601053016,1.5981936769160408,1.6587866919261605,1.6806974404953299,0.8765559786432002,1.2251400043433294
2023-07-26,1.526335924828966,1.4036746127074207,1.7852604569958976,1.2869474956834177,1.5981936769160408,1.657576973474521,1.6579825803029635,0.8801092847158268,1.2229353769861293
2023-07-27,1.5217757249470156,1.4012072173178456,1.7852604569958976,1.2869474956834177,1.5981936769160408,1.6560360411858672,1.6564612214815648,0.8807570820832592,1.2112006295439672
2023-07-28,1.519572722105924,1.3970430660829327,1.7852604569958976,1.2869474956834177,1.5981936769160408,1.6569522730752066,1.6444745465597905,0.8802702344940141,1.2166880057723823
2023-07-31,1.5075066089324882,1.39950816008763,1.7852604569958976,1.2869474956834177,1.5981936769160408,1.654711444071807,1.6597252926730506,0.8724340949319968,1.1975024952557105
2023-08-01,1.516489496592038,1.409752961527246,1.7852604569958976,1.2869474956834177,1.5981936769160408,1.671391628990922,1.661226251799493,0.87225144610431,1.1964618447290505
2023-08-02,1.507175835270978,1.3989555332068984,1.7852604569958976,1.2869474956834177,1.5981936769160408,1.6667141349783288,1.6422477078371693,0.8686790070413564,1.2016202379787377
2023-08-03,1.479428143597774,1.3805887660584986,1.7840068007226488,1.2869474956834177,1.5969764467973155,1.639021049763443,1.6390762167595903,0.8691639628474332,1.1801051180006497
2023-08-04,1.4883256373796845,1.381865561661562,1.7368429919644988,1.2755324713623262,1.5511868770334927,1.6269597301892071,1.624232175083551,0.8651208890158759,1.1709042773331495
2023-08-07,1.4708952862627744,1.3678724450433257,1.6999379997115178,1.2453119720406471,1.5157678890910842,1.5847572185549663,1.6237581714009934,0.8685156917453792,1.1301519922221466
2023-08-08,1.4722335569850018,1.3932558240569533,1.7320100840511223,1.2655965630552024,1.5462393792379572,1.6207777779629817,1.6589071939903617,0.8663912967404436,1.1352491378606855
2023-08-09,1.4791602456559056,1.396372685140257,1.7419425749870259,1.26973793560879,1.5556322484647294,1.6397151622276724,1.6457693849214872,0.8597011260322999,1.150068721061061
2023-08-10,1.468429457440986,1.3913936030741159,1.7403075415463922,1.2690495916424038,1.5540798649456815,1.6388445888826466,1.6381936561388333,0.85809252474199,1.1360355076472106
2023-08-11,1.4815750252510418,1.4015159141674125,1.7939231386075067,1.2919730041903978,1.605752887380055,1.6642074123340072,1.6669210485967312,0.8546837667526916,1.1610599127840218
2023-08-14,1.503880161421142,1.382116683512179,1.7864259716284345,1.2867565396096976,1.5950391797764678,1.6208322224059137,1.6510229059684274,0.8488442185676757,1.2803791366000732
2023-08-15,1.519064175161411,1.3877444145410944,1.805088174645573,1.295281363044803,1.6133323272511453,1.6415644905971185,1.642950795551276,0.8547465839709398,1.285910330745961
2023-08-16,1.518433613182643,1.386857122664532,1.8379891363642138,1.310881954116303,1.6093762209711797,1.6416958905416552,1.6677214111514944,0.865280154575826,1.2844228885611018
2023-08-17,1.548011693046581,1.3971547363501686,1.9123779275190915,1.3428432883593118,1.6738103121194523,1.6919399168306444,1.6747401891145108,0.8678315312585294,1.305824757768691
2023-08-18,1.550171787921956,1.3976084099624804,1.9210981454613536,1.345938491291962,1.685087301427131,1.6946080615859334,1.6763737728122774,0.8659157678387904,1.3086268035193078
2023-08-21,1.5603966329436763,1.4070120853645434,1.9165045639830867,1.344611044249704,1.685087301427131,1.701422994801447,1.6771921663664722,0.8643232394883406,1.3071619494179738
2023-08-22,1.571854214359584,1.4140264767605095,1.9280348558371656,1.3476220988359946,1.685087301427131,1.710546209698487,1.695202601225186,0.8676632311032538,1.3108508640170715
2023-08-23,1.5742621093963136,1.41817276571172,1.9094703211081698,1.3406215252172449,1.685087301427131,1.7043556032295273,1.6898304225391871,0.8687907260812577,1.305059428349962
2023-08-24,1.5753802126149667,1.4204638052841903,1.9161582208027992,1.3432177705488402,1.685087301427131,1.7085928224099804,1.7001482788929776,0.8678219371561967,1.3071761776384967
2023-08-25,1.5785401628402005,1.4215843076357586,1.9280264144264816,1.3501432937505349,1.685087301427131,1.7236162000344128,1.6873890701130863,0.8612494528103883,1.3109199976502937
2023-08-28,1.5787813021696764,1.422566006072416,1.9452489930796644,1.3607237732073743,1.6842047667563005,1.7311917131996366,1.7134164366434117,0.8622473060919214,1.3166309240062308
2023-08-29,1.5851273072579655,1.4282167139953021,1.9313139936912684,1.3467296391673726,1.6924345416764743,1.7269345077265257,1.7083284548032085,0.875760955850936,1.3098117029191987
2023-08-30,1.6016439329070475,1.4423830337875465,1.9316403140708651,1.3468652247322281,1.6924345416764743,1.7372825611466896,1.7251217723397236,0.875760955850936,1.3099127848029017
2023-08-31,1.6088225783187124,1.4454136645232918,1.9425260572532674,1.3513878226684635,1.6915074134111532,1.7437387622249156,1.7371183755282174,0.875760955850936,1.313566361127604
2023-09-01,1.61794335347177,1.4568938282869375,1.9325443819795793,1.3474888953416104,1.6953323050907716,1.746265991342331,1.7406569745993423,0.8754609750998028,1.3094955824472603
2023-09-04,1.6098283157581763,1.4508561689663857,1.9298707570208375,1.3468957323332995,1.6912308506354818,1.7361337910235544,1.7474167404628185,0.8748230044076254,1.3102959864649126
2023-09-05,1.6154235972200592,1.452587702348151,1.9426067726723062,1.3460699565709424,1.6912308506354818,1.743808703184067,1.7658363285578078,0.8808105134353575,1.310604806190901
2023-09-06,1.6300922154519726,1.4586681091310711,1.9683150169856933,1.3513841441446468,1.6912308506354818,1.7648939931228154,1.7643026669967228,0.8808105134353575,1.318610961898222
2023-09-07,1.632629298462846,1.4617466205829939,1.9806987785241135,1.3534799600171197,1.6912308506354818,1.773373975066402,1.766732658989708,0.8808105134353575,1.3224999124325993
2023-09-08,1.6268192517852427,1.4643184972842926,1.974079620639416,1.3524005184796661,1.6912308506354818,1.7694490584396352,1.7722004069831594,0.8808105134353575,1.3204236226718638
2023-09-11,1.6326012681828963,1.4632218732987055,1.9798090038453,1.354085852582734,1.6912308506354818,1.7688321499972652,1.7768568391651456,0.8808105134353575,1.3222286210711278
2023-09-12,1.6557198586961983,1.478855305115336,2.0199376562969253,1.4049116080632766,1.6912308506354818,1.8015008003778261,1.78564614215919,0.8808105134353575,1.3348498172549295
2023-09-13,1.6630670914096464,1.4836530038654347,2.035803379986521,1.4231475070238988,1.6912308506354818,1.8145030740717705,1.7865802063734522,0.8808105134353575,1.339971189496351
2023-09-14,1.6744346169772193,1.4959763652382068,2.0307613803014553,1.4178391764247578,1.6912308506354818,1.822572648469831,1.7884487841201784,0.8806071848106376,1.338468993868553
2023-09-15,1.674610454258767,1.4869352268773905,2.0378027852353124,1.4253807093463748,1.6912308506354818,1.824412267479475,1.7763206454589962,0.8808228314543657,1.34061638509301
2023-09-18,1.654694019801835,1.482819914371071,1.987734425139336,1.396921606380454,1.6912308506354818,1.792348221969611,1.7758682793500054,0.8808853656646617,1.3244107456518883
2023-09-19,1.6497009242590122,1.4881530212584444,1.9839778555002934,1.3947186884483107,1.6912308506354818,1.7817226201556544,1.80176458350973,0.8807599362586228,1.3231705581800608
2023-09-20,1.6570121538666545,1.4900611858509105,1.999802719301197,1.4040426208098582,1.6912308506354818,1.791938732315475,1.8034075529554068,0.8812788865407548,1.3283963454770547
2023-09-21,1.6446875561707586,1.4819867181779305,2.0045422772559953,1.4068405862470965,1.6912308506354818,1.7866059910044914,1.8050055689131355,0.8812788865407548,1.3300491357650457
2023-09-22,1.650389162526139,1.4820734742161945,2.0163652215434533,1.4138176642920992,1.6912308506354818,1.7940030159175866,1.804181318498652,0.8812788865407548,1.3341675572362084
2023-09-25,1.6533053526599468,1.4815302663421186,2.0407997375517115,1.4282368442768776,1.6912308506354818,1.8072147539680459,1.805246010500603,0.8812788865407548,1.3426682167436472
2023-09-26,1.638986396054466,1.4719656947963338,2.0306802414791396,1.4221819869496868,1.6912308506354818,1.7948896850855036,1.8008229723072078,0.881058027836833,1.3392627553419467
2023-09-27,1.6302104287972816,1.4608480750610455,2.0265498016448276,1.4182605018321812,1.6912308506354818,1.791592616102378,1.7823135518718032,0.8804676820863081,1.3381189510277463
2023-09-28,1.6253572138596593,1.4483303858340577,2.0410636775525384,1.4270122824626974,1.6912308506354818,1.80116721125556,1.757641749113774,0.8813246465252718,1.3427973917323444
2023-10-09,1.5936110608861418,1.440997848664848,1.977152774344462,1.388468389134821,1.6912308506354818,1.749631071238859,1.771934792431972,0.8813246465252718,1.320238393697216
2023-10-10,1.588459458523825,1.436418675367429,1.976679410435486,1.388468389134821,1.6912308506354818,1.7514089656645413,1.7593241456078612,0.8809355436937207,1.320238393697216
2023-10-11,1.606900060405511,1.4581494275312263,1.9839088316245586,1.388468389134821,1.6912308506354818,1.7629613984390633,1.7822937145063797,0.8868796942686488,1.320238393697216
2023-10-12,1.6066383315730373,1.4655983877265437,1.9812725110923413,1.3873723960671251,1.6912308506354818,1.7597010326253195,1.7986778491763966,0.8847077265440331,1.320238393697216
2023-10-13,1.606927263515743,1.464419602852802,1.9812725110923413,1.3873723960671251,1.6912308506354818,1.762375534677882,1.790919495579763,0.8847077265440331,1.320238393697216
2023-10-16,1.614023524965136,1.4767687960917855,1.9759948706870687,1.380784207155218,1.6912308506354818,1.7646458195891386,1.8003893977627707,0.8803437570971191,1.320238393697216
2023-10-17,1.613664517679403,1.477019467627846,1.9719353207252022,1.375741029756384,1.6912308506354818,1.7640284624521074,1.7965551439812588,0.8769712209377423,1.320238393697216
2023-10-18,1.6152892136648827,1.4848775729206434,1.963842946605881,1.3657205120144429,1.6912308506354818,1.7598247826502584,1.807549969292957,0.8700358949155024,1.320238393697216
2023-10-19,1.6126303988861892,1.4853332123597525,1.9517982563885838,1.3509389780184626,1.6912308506354818,1.753689024017455,1.8045516701082804,0.8595792848583622,1.320238393697216
2023-10-20,1.6228169187299826,1.4970105356240766,1.95840158986781,1.3589097402983323,1.6912308506354818,1.7631713899548656,1.8126896130456258,0.865224694338673,1.320238393697216
2023-10-23,1.6264983555091994,1.4939675716739027,1.9603875980690404,1.3613050271209333,1.6912308506354818,1.7682217394285518,1.799363475295626,0.8669156368688465,1.320238393697216
2023-10-24,1.6204763262840434,1.4971818457478976,1.9603875980690404,1.3613050271209333,1.6912308506354818,1.7652735130374486,1.8109982868737828,0.8669156368688465,1.320238393697216
2023-10-25,1.6177458056884575,1.498626905609525,1.9610503459227182,1.3621047494756349,1.6912308506354818,1.7615836313978064,1.8223612527355146,0.8671249832897547,1.320238393697216
2023-10-26,1.618558296871517,1.495149497475721,1.9617134337371822,1.3629049882936533,1.6912308506354818,1.7607278223956357,1.8183111748545866,0.8749669290980414,1.320238393697216
2023-10-27,1.605384316005459,1.4796909056169583,1.9583744901233526,1.358891815431098,1.6912308506354818,1.7494425301229695,1.8128061473780428,0.8719886174766004,1.320238393697216
2023-10-30,1.57929627801942,1.4566566550736453,1.937061440541392,1.3333310544199426,1.6912308506354818,1.723639309788401,1.8004235265926931,0.8530052449741251,1.320238393697216
2023-10-31,1.5829642327726163,1.4632368102863034,1.935769985769172,1.3318435548610725,1.6912308506354818,1.7248320018166976,1.8075211627228376,0.8519144103508044,1.320238393697216
2023-11-01,1.5893509255202969,1.4636365537222102,1.9538343433365042,1.352639342594059,1.6912308506354818,1.736019426662006,1.8090236293230602,0.8678862371733839,1.320238393697216
2023-11-02,1.5779249412845027,1.4608845467517544,1.933398619733899,1.3294957577950286,1.6912308506354818,1.7217135190626713,1.8070146198731658,0.84998871216192,1.320238393697216
2023-11-03,1.567481180044175,1.4441121779591743,1.933398619733899,1.3294957577950286,1.6912308506354818,1.7119436998621926,1.8003696237883362,0.8529387205487429,1.320238393697216
2023-11-06,1.5648795881232764,1.4387779059299177,1.9330018125220692,1.3294957577950286,1.6906250755078307,1.705604001494323,1.804025361786312,0.8588946741309198,1.320238393697216
2023-11-07,1.5704108051055816,1.449161761002294,1.9382138871200176,1.3294957577950286,1.698999748137667,1.7135815449378131,1.8202319422270479,0.8634278549609496,1.320238393697216
2023-11-08,1.563583536871048,1.4394870994305302,1.9382138871200176,1.3294957577950286,1.698999748137667,1.708258134221699,1.816936722916916,0.859462344897032,1.320238393697216
2023-11-09,1.5674246770698457,1.4420037748837629,1.9404823431632858,1.3320046150300717,1.7029512974522498,1.7122472157330664,1.8185586174440473,0.8633788304739041,1.320238393697216
2023-11-10,1.5844563133499296,1.458398928495128,1.9404823431632858,1.3320046150300717,1.7029512974522498,1.722129928570928,1.8210113286199672,0.8692844245874697,1.320238393697216
2023-11-13,1.5826286934438447,1.4561716944133298,1.9404823431632858,1.3320046150300717,1.7029512974522498,1.7224014271272214,1.8163627741510482,0.8692844245874697,1.320238393697216
2023-11-14,1.5797684894191026,1.4547858504417768,1.9404823431632858,1.3320046150300717,1.7029512974522498,1.7172961338665689,1.8276961179110291,0.8673754636251264,1.320238393697216
2023-11-15,1.5743481990303296,1.4370018334266756,1.9404823431632858,1.3320046150300717,1.7029512974522498,1.7128134611607373,1.808308589055685,0.8677021478202103,1.320238393697216
2023-11-16,1.5785622820235712,1.4346794500413158,1.9404823431632858,1.3320046150300717,1.7029512974522498,1.714544154016158,1.7998518203579816,0.8680381318864957,1.320238393697216
2023-11-17,1.5693009431686846,1.4233830500468556,1.9404823431632858,1.3320046150300717,1.7029512974522498,1.7096495502466962,1.7918330006459562,0.8687483449034937,1.320238393697216
2023-11-20,1.5634784217116608,1.4196667701410564,1.9404823431632858,1.3320046150300717,1.7029512974522498,1.7071050543955657,1.790900550658771,0.8694371442702045,1.320238393697216
2023-11-21,1.548985979743562,1.4103286657708873,1.9404823431632858,1.3320046150300717,1.7029512974522498,1.7101171357133351,1.7679447728072935,0.8650701986137564,1.320238393697216
2023-11-22,1.5641300572960946,1.4204896781733365,1.9404823431632858,1.3320046150300717,1.7029512974522498,1.7177375186501667,1.7670365596100077,0.8737227345487151,1.320238393697216
2023-11-23,1.5574052659528104,1.412860656516873,1.9404823431632858,1.3320046150300717,1.7029512974522498,1.7114105605673424,1.7678951156371487,0.8737227345487151,1.320238393697216
2023-11-24,1.5618643415351146,1.4181760063582682,1.9404823431632858,1.3320046150300717,1.7029512974522498,1.71412990557281,1.7711421270456187,0.8737227345487151,1.320238393697216
2023-11-27,1.5659508856516582,1.417507048930999,1.9404823431632858,1.3320046150300717,1.7029512974522498,1.7180125512679336,1.7611282647019355,0.8737227345487151,1.320238393697216
2023-11-28,1.565309702417869,1.4185431626911058,1.9397007657009229,1.331893260300326,1.699758263769527,1.7156505220467553,1.7670354615526787,0.8737227345487151,1.320238393697216
2023-11-29,1.5652841860388218,1.4188775754238587,1.942994320659706,1.3323413493797758,1.713070765878715,1.7213557261411638,1.7596618164602753,0.8737227345487151,1.320238393697216
2023-11-30,1.5601864743322507,1.4191831460767368,1.9475701161523022,1.3378368114078083,1.7330139819770727,1.7197482991842756,1.7709684109939654,0.8730790804846277,1.320238393697216
2023-12-01,1.5653416887536356,1.4189474873369023,1.9455557919741868,1.3352509232526955,1.7207183771776968,1.7232024749995174,1.757886493980293,0.8734858361226017,1.320238393697216
2023-12-04,1.5606273412962746,1.406697614293033,1.9436040450820793,1.3350610639328484,1.7184292493820443,1.7280689450486448,1.7261957909320111,0.8751495503012598,1.320238393697216
2023-12-05,1.5670571116276673,1.4183388184309065,1.9408981966988015,1.3355663071281936,1.7456619571066132,1.7252520920989451,1.753444537500155,0.8701124679464008,1.320238393697216
2023-12-06,1.558878908220606,1.4069678008732,1.9370050317599734,1.3345960064066227,1.722768645292084,1.7183013097242832,1.7393549691184094,0.8693472475364654,1.320238393697216
2023-12-07,1.572010439026517,1.422730593411999,1.9299100141149217,1.3342537520404527,1.7208701304649963,1.726557321234736,1.7334126573830804,0.8620824144893928,1.320238393697216
2023-12-08,1.5718273739148647,1.4258314001668821,1.937751676156194,1.3348279982248539,1.7211085490067526,1.7359464322893152,1.7314981753327183,0.8687107377225618,1.320238393697216
2023-12-11,1.5652903995166643,1.3953038910460742,1.941216849939066,1.336280643584485,1.7415204456508522,1.714881181190864,1.7324061789411656,0.8688155299039848,1.320238393697216
2023-12-12,1.572426249709079,1.4020988568518113,1.943230633353287,1.3369395680557299,1.7390917349170774,1.720160442449793,1.7341552006161567,0.8697040912413866,1.320238393697216
2023-12-13,1.582330463822663,1.4008190314166977,1.9352612868409038,1.3343359585005155,1.7178990213948047,1.7110483353079002,1.7440833907718567,0.8694322241143848,1.320238393697216
2023-12-14,1.5864501190684528,1.4137003557110717,1.9347121513557852,1.3341432622889635,1.7124232182641086,1.7160999948853604,1.7554067113927825,0.8619432510930359,1.320238393697216
2023-12-15,1.580833927475034,1.4163547984038252,1.9361375026172722,1.3346512856843393,1.7176385251854862,1.7142826724530056,1.769040546710523,0.8576086391739325,1.320238393697216
2023-12-18,1.5913198299901448,1.4307400701670325,1.9314344749122305,1.3329745500378443,1.7176385251854862,1.7139987604867863,1.788283482317332,0.8593887310374348,1.320238393697216
2023-12-19,1.6157136750760506,1.443571678043525,1.954945985802886,1.3413962450438695,1.7176385251854862,1.731771327363572,1.8037752026627192,0.8828039071107311,1.320238393697216
2023-12-20,1.6121974130471406,1.4443595087134382,1.9539866711133442,1.3413962450438695,1.7144179529507635,1.7301282437148988,1.807519326329623,0.8820816130049132,1.3194214865728089
2023-12-21,1.6140561661872566,1.4478891866261412,1.9443657507877485,1.3413962450438695,1.6821816443773856,1.7258932447974202,1.8117354925981761,0.8809767316095798,1.3112258971677344
2023-12-22,1.6160668798715163,1.447176013322722,1.9440191794986432,1.3412156634665053,1.6810521755274501,1.7240051297877335,1.8127850701607202,0.8864227695868028,1.310930082813993
2023-12-25,1.6107361826557545,1.4392185620784241,1.9132267762997934,1.3251790413959719,1.5809511352702283,1.7024775870556415,1.807120976945938,0.8809430651929935,1.2846301694913318
2023-12-26,1.6165057327455854,1.4475331052271174,1.9298605387178822,1.3434263879282895,1.6237225114945077,1.7200849901489703,1.8059158903921897,0.8757923934497731,1.299060574079819
2023-12-27,1.613648182978364,1.4519771103418393,1.9527172346812927,1.368589135492926,1.6764315232937372,1.7297219625520492,1.8185599225156541,0.8751201729039425,1.3198624286241867
2023-12-28,1.5881949007154128,1.4260434375586115,1.9198196206663374,1.352131692890436,1.6074628456500828,1.6947026158589185,1.8070449364762364,0.8687393833659145,1.2912950510726309
2023-12-29,1.617120127172044,1.438681023180975,1.8750855334631942,1.3292349144054623,1.5301023685726818,1.6708671868706746,1.8269145877374209,0.8852437551072286,1.2543575971331644
2024-01-02,1.6325182432494019,1.452178231772404,1.8774717425774643,1.3304956276174147,1.533387260108011,1.6807946626943022,1.8380162554104673,0.88684604150427,1.2543575971331644
2024-01-03,1.6404738790620332,1.46112973469307,1.8780757825220762,1.3307787745035484,1.5340448420578496,1.6863599525625872,1.8467308127747901,0.8871669433214266,1.2543575971331644
2024-01-04,1.6336427736663663,1.4577765109453977,1.8768676051945317,1.3302123970087776,1.5327292892546296,1.6857114860715858,1.8379087195144799,0.8861070756399597,1.2543575971331644
2024-01-05,1.6295947185172377,1.450004897204866,1.8761632741139131,1.3298848293390635,1.531968750210078,1.6835092316493399,1.8234839880755571,0.8894158381088734,1.2543575971331644
2024-01-08,1.6283042561556273,1.445807347310356,1.8761632741139131,1.3298848293390635,1.531968750210078,1.6856218592431564,1.8099539497995865,0.8894158381088734,1.2543575971331644
2024-01-09,1.6249365604611035,1.442707877232679,1.8761632741139131,1.3298848293390635,1.531968750210078,1.6835104421247211,1.8079223310209023,0.8894158381088734,1.2543575971331644
2024-01-10,1.6186081538482162,1.4388761770634237,1.8761632741139131,1.3298848293390635,1.531968750210078,1.6785256630163268,1.8106576950906283,0.8894158381088734,1.2543575971331644
2024-01-11,1.617319784590364,1.4384172434058626,1.8761632741139131,1.3298848293390635,1.531968750210078,1.6720098242208747,1.8238784194584883,0.8894158381088734,1.2543575971331644
2024-01-12,1.6184197640684304,1.4417918515719292,1.8761632741139131,1.3298848293390635,1.531968750210078,1.6753717250877165,1.8236082523547585,0.8894158381088734,1.2543575971331644
2024-01-15,1.6226764307180632,1.4492015341488673,1.8761632741139131,1.3298848293390635,1.531968750210078,1.6742971439483902,1.841715616327347,0.8894158381088734,1.2543575971331644
2024-01-16,1.6221783024669743,1.4495393005985275,1.8761632741139131,1.3298848293390635,1.531968750210078,1.6749404665950867,1.8410190240981805,0.8894158381088734,1.2543575971331644
2024-01-17,1.6277995100654206,1.4561822791938797,1.8761632741139131,1.3298848293390635,1.531968750210078,1.6766853594159234,1.851335074268748,0.8894158381088734,1.2543575971331644
2024-01-18,1.6319599955412485,1.4598270426044067,1.8761632741139131,1.3298848293390635,1.531968750210078,1.6796189870366036,1.8526257781703916,0.8894158381088734,1.2543575971331644
2024-01-19,1.6303021770134751,1.4561462168541148,1.8761632741139131,1.3298848293390635,1.531968750210078,1.6805206703143973,1.8425164757079675,0.8894158381088734,1.2543575971331644
2024-01-22,1.6327488229681206,1.4544778680936592,1.8761632741139131,1.3298848293390635,1.531968750210078,1.6854679999472466,1.8277243223796,0.8894158381088734,1.2543575971331644
2024-01-23,1.6354253247206796,1.4570163320064584,1.8761632741139131,1.3298848293390635,1.531968750210078,1.6871438664376763,1.8293774405863577,0.8894158381088734,1.2543575971331644
2024-01-24,1.633255959556703,1.4549206034297453,1.8761632741139131,1.3298848293390635,1.531968750210078,1.6858591883464942,1.827788200660254,0.8894158381088734,1.2543575971331644
2024-01-25,1.6325111885293582,1.4538363882927618,1.8761632741139131,1.3298848293390635,1.531968750210078,1.6858761785442786,1.825578242201787,0.8894158381088734,1.2543575971331644
2024-01-26,1.639171344016351,1.4621768811097442,1.8761632741139131,1.3298848293390635,1.531968750210078,1.6908383050140774,1.832409315693531,0.8894158381088734,1.2543575971331644
2024-01-29,1.6540003227447437,1.4772728978505232,1.8761632741139131,1.3298848293390635,1.531968750210078,1.6990490058662626,1.8468780213996234,0.8894158381088734,1.2543575971331644
2024-01-30,1.6648135158597703,1.490624263765347,1.8761632741139131,1.3298848293390635,1.531968750210078,1.7028231432995489,1.8657415135211033,0.8894158381088734,1.2543575971331644
2024-01-31,1.6573227981374496,1.487982698639728,1.8761632741139131,1.3298848293390635,1.531968750210078,1.6971579319396135,1.871255296246659,0.8894158381088734,1.2543575971331644
2024-02-01,1.6511880402540704,1.4818425265615485,1.8751867418253145,1.3298114567727024,1.531968750210078,1.6940641357113522,1.8639500230000554,0.8889715882389756,1.2543575971331644
2024-02-02,1.6588900025060056,1.495186641324405,1.8751867418253145,1.3298114567727024,1.531968750210078,1.7040697162831027,1.8711010342395882,0.8885239793260354,1.2543575971331644
2024-02-05,1.6494976898183547,1.481841831805177,1.8737188391892388,1.3280391027047318,1.531968750210078,1.6931787069483983,1.8634713471136204,0.8897457890538812,1.2543575971331644
2024-02-06,1.6253993461200797,1.4743797448172664,1.8649174444576266,1.3174216594798043,1.531968750210078,1.6786106673844527,1.8682245815643523,0.8777071038765829,1.2543575971331644
2024-02-07,1.6279646985589782,1.4754526397926329,1.866374443484533,1.3191612717494483,1.531968750210078,1.682375381348651,1.8648225307865964,0.8783653842044904,1.2543575971331644
2024-02-08,1.6194483054137654,1.471606305283045,1.866374443484533,1.3191612717494483,1.531968750210078,1.6758313875725273,1.869747732983998,0.8783653842044904,1.2543575971331644
2024-02-19,1.620902072215565,1.4795899682840017,1.8649167404654754,1.3174199490805567,1.531968750210078,1.6799361601116711,1.8756517122021068,0.877706610166337,1.2543575971331644
2024-02-20,1.6402835125787036,1.5055552038597007,1.8620032709315728,1.3139425270451415,1.531968750210078,1.6832257787527016,1.9172952603361753,0.8760093350349891,1.2543575971331644
2024-02-21,1.6399807115201148,1.5089018988719751,1.8576396239914692,1.308744583018128,1.531968750210078,1.6784850162670581,1.9276395078721498,0.8745360466078848,1.2543575971331644
2024-02-22,1.636006979331123,1.5207248949805487,1.8423751824257097,1.291485252043391,1.531968750210078,1.6669856513911958,1.9536944396055695,0.8681324782207412,1.2543575971331644
2024-02-23,1.6397516662489222,1.519915529403756,1.8539749681830218,1.2979244746453507,1.531968750210078,1.6728355102555539,1.9632752792171988,0.871940422954755,1.2543575971331644
2024-02-26,1.657524794842727,1.540709984299657,1.8514880716886426,1.2969680907301617,1.5312062477222486,1.6795654765053745,1.982523028339928,0.8704238752085914,1.2543575971331644
2024-02-27,1.6499276037923463,1.5125474627180822,1.8807743196955997,1.3109011311628413,1.5360603849255412,1.6857986656241821,1.9849669052722787,0.8926487981224474,1.2543575971331644
2024-02-28,1.6559268948936383,1.5171788395647088,1.8809007591793065,1.3109510667380602,1.5360603849255412,1.6893898438176351,1.9897301349671441,0.8932168473576161,1.2543575971331644
2024-02-29,1.6618393737005759,1.5187083939806314,1.8934189233896663,1.3158948608353374,1.5360603849255412,1.6955013722463386,2.0027917957673473,0.90099688587036,1.2543575971331644
2024-03-01,1.6654972963322237,1.524891808501185,1.8850073362102395,1.3125641985097776,1.5360603849255412,1.6917236683213945,1.999109649292202,0.9005911686108287,1.2543575971331644
2024-03-04,1.6659869507738552,1.529244448090895,1.883541052456021,1.3119826550359126,1.5360603849255412,1.6955282813436992,1.9985058690580244,0.8932237106249665,1.2543575971331644
2024-03-05,1.675023368717432,1.5473986555875254,1.870313416009026,1.3040573474710313,1.5360603849255412,1.692432035799589,2.0074209812261063,0.8868290408784468,1.2543575971331644
2024-03-06,1.6655777343274163,1.5536466735603993,1.831127166045152,1.2804977290787702,1.5360603849255412,1.670431225518181,1.9545886730733877,0.8677823717050347,1.2543575971331644
2024-03-07,1.6660802123691107,1.5561721529578578,1.8245987324983903,1.2772159552183386,1.5348808088946397,1.6698038028920168,1.9438197697124355,0.8650212459768823,1.2533938023800304
2024-03-08,1.6569042346462293,1.547726208643595,1.788500971030419,1.2510342977976943,1.5196626758050682,1.6311704834636593,1.9221895538072027,0.8540118846644493,1.241063693570406
2024-03-11,1.6663683521767076,1.5696131741212305,1.7749051903248607,1.244079800647136,1.5360666977953057,1.634364238564984,1.8903519179289652,0.8386135651499239,1.253382471257495
2024-03-12,1.633291165477386,1.5516026893515869,1.6913824479476096,1.2047639201163003,1.4771884183061454,1.5675717770717166,1.8315518911576205,0.8281825710893003,1.2033408684498508
2024-03-13,1.6085199718133851,1.5586924809591132,1.634050850697547,1.1824813870832285,1.448199522386845,1.5299617507245995,1.778935194618782,0.8118810898565224,1.1727175155973357
2024-03-14,1.6368275437401067,1.582331404542402,1.641571951174568,1.1857522145732065,1.4588251119379732,1.5500241169243831,1.7802323147153165,0.807807792350725,1.1801873755371102
2024-03-15,1.6384458621404563,1.6038517176063543,1.603096557042912,1.1709292698352327,1.4131587958332688,1.532308401229105,1.7818752103312476,0.8010646079331676,1.142056749127533
2024-03-18,1.6668990509300212,1.619443942780543,1.6495193504178993,1.1884371145610184,1.4614958774569378,1.5734992231737788,1.8069806234719001,0.8086644051813527,1.178886782547713
2024-03-19,1.6930728564355642,1.603163516891366,1.6786553863684925,1.2020790803711328,1.474462906882794,1.5932920746563166,1.8324304512072362,0.8395275345851433,1.1888893718146467
2024-03-20,1.6838204845344502,1.5960712352772586,1.6735163248876601,1.199496691805548,1.4688970496859357,1.5896977984485197,1.820009121683814,0.8398144865664673,1.1840828319248478
2024-03-21,1.6955353899713763,1.5836960157738267,1.706859598630192,1.2155148051927676,1.4932351629032936,1.6255475472599836,1.8153976020399698,0.845812363618974,1.2057331349097709
2024-03-22,1.66572285506178,1.5563062294087149,1.7006571372457102,1.2125991835949126,1.4876862399407444,1.6064626922378227,1.8077255588816985,0.845624182587913,1.201156723256812
2024-03-25,1.665344924073083,1.5510379295100083,1.7043693977419732,1.2143134063501815,1.4896269121536079,1.6066659938210572,1.811486455779247,0.8499201477923625,1.2026422882878316
2024-03-26,1.6703386985214486,1.5598045068544515,1.6955485330792586,1.2089201442421038,1.4746240552202707,1.6033470154504021,1.8231937862938141,0.8551129364807409,1.1911626014697299
2024-03-27,1.6663304482346397,1.5601691825667738,1.6974921665561247,1.2101107504833932,1.4681014685463056,1.5985704579338975,1.8577921758088807,0.8616274345631788,1.1861608191407305
2024-03-28,1.6530179222324923,1.5918215675251226,1.6506854689057744,1.1812085776747492,1.4117490855990018,1.566783827859289,1.8888990052034331,0.8616274345631788,1.143052614608579
2024-03-29,1.6819608333958846,1.6142260117669094,1.6504515496172503,1.1812085776747492,1.4117490855990018,1.5826994618475028,1.8803899999732219,0.8613975853315835,1.143052614608579
2024-04-01,1.6870361060720023,1.615987166693876,1.6523160693175807,1.1807079771678193,1.4112197036151122,1.5863764900708772,1.8779041121686968,0.8636764988377266,1.1426395510819756
2024-04-02,1.6939138658161834,1.6231286380296253,1.6566569404788247,1.1837780935751843,1.4160746726412485,1.592300471786279,1.8821724973432779,0.8636764988377266,1.146425805886045
2024-04-03,1.689054592225897,1.622589895511993,1.6417059152291493,1.1684782406436571,1.3995393343741138,1.5840361097111961,1.869392425113092,0.8633208816970235,1.1335734005574953
2024-04-08,1.7103978797678396,1.613306990019741,1.6731048084489009,1.2018138315122977,1.4266758231635497,1.609158658671267,1.87832808985258,0.8602496741185325,1.167268078423496
2024-04-09,1.721920071785733,1.609233497302113,1.6893845932750027,1.2039579707536727,1.4456699883157218,1.6258000959422094,1.86648523252335,0.8599027014013939,1.1799875517236667
2024-04-10,1.7376869604644547,1.6197598995548288,1.691584641122567,1.205708060554662,1.4453968531872323,1.6324192835198488,1.8750132938193298,0.8579444569699571,1.1850154787720377
2024-04-11,1.7270955720511356,1.5948043293966792,1.6992492104036578,1.2127053867705135,1.4541418148476615,1.6314769665789393,1.8662431035593858,0.8569808720728168,1.1934746208480558
2024-04-12,1.7300180732406225,1.5747434576302135,1.712528711644512,1.2146807980049754,1.4684554992821792,1.644812647021367,1.832844617993777,0.860573956351303,1.203688871695801
2024-04-15,1.7419815681543853,1.5862243478193758,1.7113892931944286,1.2130942927060047,1.4702846521511592,1.6477353126867007,1.832627205831939,0.8615375341549513,1.2027415580846477
2024-04-16,1.7282186676706721,1.5836806055720634,1.6954627568065188,1.211726307184089,1.4509280850152846,1.630202204951325,1.8338910947003866,0.8685989296865312,1.187445437655462
2024-04-17,1.7496580023089094,1.578973657980298,1.7317100998858772,1.2372168635076157,1.4831150422973551,1.6582333327307859,1.848044767860022,0.8675698777891363,1.2149372712530007
2024-04-18,1.7478242849682275,1.5800855799959443,1.7301193865616558,1.2360997377574061,1.4840784126377506,1.6568483039193447,1.8434442385587637,0.8666088733825966,1.213643459584769
2024-04-19,1.763118438144051,1.5865689884555503,1.7304004872306724,1.2362971796433113,1.4836209552519728,1.6548250429302855,1.859631226584888,0.8659689970659693,1.213872030621585
2024-04-22,1.7538400807185652,1.5781347606536025,1.7321583773524045,1.2375318687976906,1.483243155872014,1.650423535432248,1.8686003435288887,0.8662543461718268,1.215563428655993
2024-04-23,1.7143622091434163,1.5579712162369221,1.716923439769722,1.2268330330248687,1.4712967079546115,1.629205811701735,1.8543750974200608,0.8636053462831264,1.2051323992110157
2024-04-24,1.7448884333433134,1.556431088442474,1.74740255234506,1.2482756087192766,1.4990254350734071,1.6623641213325262,1.8392473276532244,0.8651974493219579,1.2262097294612502
2024-04-25,1.7287125651149118,1.5389154411642871,1.747022593149447,1.248008655913082,1.4990254350734071,1.6580394950382271,1.8231822898818908,0.8657120014096961,1.2255452686599022
2024-04-26,1.7386170779648404,1.5516986921089102,1.7413639594095316,1.2442214980455946,1.4987311084851722,1.661142479657481,1.8238203438652054,0.8594219811541959,1.2271251725561554
2024-04-29,1.7480608144957908,1.5628066050854679,1.740895307610281,1.2444164801096909,1.4979096319861396,1.6639368759626163,1.8321649437361809,0.8581652988149987,1.2281000505117463
2024-04-30,1.7262063319443397,1.555478149699145,1.733199504279059,1.2393381092929596,1.4839532281238852,1.6568153344599326,1.7887449086016445,0.8390613451987431,1.226952156153132
2024-05-06,1.7429871463588216,1.5752402135636698,1.7388188174272932,1.2432963615473314,1.480190957339572,1.653636083435049,1.826987832046063,0.8476405437389628,1.2279813092701906
2024-05-07,1.7521422483972193,1.5880072402535026,1.7388188174272932,1.2432963615473314,1.480190957339572,1.6588405580414858,1.832409911136448,0.8420461367728594,1.2279813092701906
2024-05-08,1.754988430389384,1.591043430938753,1.7388188174272932,1.2432963615473314,1.480190957339572,1.6575788759989962,1.8390215334645443,0.841425677398455,1.2279813092701906
2024-05-09,1.7580598113645656,1.589470142521404,1.7388188174272932,1.2432963615473314,1.480190957339572,1.6583344164199687,1.8348722241379913,0.8442158202602186,1.2279813092701906
2024-05-10,1.7565282499903798,1.5845783779740366,1.7388188174272932,1.2432963615473314,1.480190957339572,1.6586567201176283,1.8280622521335608,0.8448365522761029,1.2279813092701906
2024-05-13,1.7802063886322648,1.6159035276081768,1.7388188174272932,1.2432963615473314,1.480190957339572,1.667285241987053,1.8476008140028455,0.8435944642263095,1.2279813092701906
2024-05-14,1.7828413155527139,1.6115434499438988,1.7388188174272932,1.2432963615473314,1.480190957339572,1.6639951708062184,1.8492707180770471,0.8439044899282047,1.2279813092701906
2024-05-15,1.7859220413226915,1.6150641354130932,1.7388188174272932,1.2432963615473314,1.480190957339572,1.665603036766828,1.8503091679854125,0.8429738525143422,1.2279813092701906
2024-05-16,1.794666566244062,1.6336255810301044,1.7388188174272932,1.2432963615473314,1.480190957339572,1.673571068382171,1.8558579947311646,0.8429738525143422,1.2279813092701906
2024-05-17,1.8141724641862096,1.6499055471467712,1.7388188174272932,1.2432963615473314,1.480190957339572,1.6840490308565668,1.8529463824936718,0.8445443350489485,1.2279813092701906
2024-05-20,1.8167902715665603,1.6453330720249135,1.7388188174272932,1.2432963615473314,1.480190957339572,1.6886500448412012,1.8372297171372063,0.8451732362870082,1.2279813092701906
2024-05-21,1.8082725628093994,1.646743439586095,1.7388188174272932,1.2432963615473314,1.480190957339572,1.689019468347209,1.838521359849422,0.8432854669738267,1.2279813092701906
2024-05-22,1.8221591955597345,1.6698212001817447,1.7388188174272932,1.2432963615473314,1.480190957339572,1.696428268451769,1.8506781787933884,0.8426607264766739,1.2279813092701906
2024-05-23,1.8031341530798959,1.6527900069343628,1.7388188174272932,1.2432963615473314,1.480190957339572,1.6869663848706995,1.8502629583853156,0.842346315673638,1.2279813092701906
2024-05-24,1.7956615294127127,1.6469430645523637,1.7388188174272932,1.2432963615473314,1.480190957339572,1.6826017489911493,1.8523592693344655,0.8426602426015338,1.2279813092701906
2024-05-27,1.7880708403927403,1.6337001545819028,1.7388188174272932,1.2432963615473314,1.480190957339572,1.679611965324067,1.8419645748100018,0.8426602426015338,1.2279813092701906
2024-05-28,1.7945351497981865,1.6405687987482096,1.7388188174272932,1.2432963615473314,1.480190957339572,1.6777273760382048,1.8549844186806699,0.8426602426015338,1.2279813092701906
2024-05-29,1.8025278211712024,1.6411252901600297,1.7388188174272932,1.2432963615473314,1.480190957339572,1.6779010991838155,1.8552919718479783,0.8426602426015338,1.2279813092701906
2024-05-30,1.7906873702423016,1.6263145141204125,1.7388188174272932,1.2432963615473314,1.480190957339572,1.671011751440178,1.852116217650191,0.8426602426015338,1.2279813092701906
2024-05-31,1.7857168659105003,1.623594517541214,1.7386038549118894,1.2431582435466064,1.480190957339572,1.667108767378104,1.8569063935907617,0.8424215121421692,1.2279813092701906
2024-06-03,1.7684727511453213,1.6092674219687737,1.740021918731368,1.2440692604981471,1.480190957339572,1.6591826486883001,1.8591964857642513,0.8439955948521352,1.2279813092701906
2024-06-04,1.7871749233122265,1.6296088486773201,1.7397573419252925,1.2440692604981471,1.4799078572713904,1.6668831115152454,1.867289445500484,0.8437003651459338,1.2279813092701906
2024-06-05,1.7851541295098368,1.6266665349909712,1.7402562765126182,1.2440692604981471,1.4804412301202432,1.6648879503264602,1.8700736279449623,0.8442587024118405,1.2279813092701906
2024-06-06,1.7996082570192082,1.64916815078197,1.7400046080402432,1.2437970099885072,1.4801744537130346,1.673411567315654,1.879645971164602,0.8436414573702382,1.2279813092701906
2024-06-07,1.8092769036999732,1.671897274727016,1.7387460620464217,1.2424355727208565,1.4788408020920276,1.6759320159718223,1.8993719323830889,0.842181193162247,1.2279813092701906
2024-06-11,1.7780409639422912,1.6244366434671258,1.7407761835193727,1.2469108217738225,1.4809771426168779,1.6587852211955916,1.8815495347972917,0.8459313875604602,1.2279813092701906
2024-06-12,1.7845793885990815,1.6311043560357046,1.7405217329097955,1.2463489756442383,1.4807090841427033,1.6614862404138075,1.884491930380548,0.8460975937705283,1.2279813092701906
2024-06-13,1.7724743266721834,1.624700124130652,1.7405217329097955,1.2463489756442383,1.4807090841427033,1.6563258457380974,1.8859382896590569,0.8453636774912912,1.2279813092701906
2024-06-14,1.7663410708779366,1.619841061503314,1.7396618124370005,1.2444240745143378,1.4798622878059904,1.6585138382850688,1.868436089828186,0.8464030544246898,1.2279813092701906
2024-06-17,1.7435264565657809,1.607177247117228,1.7399483978951868,1.2450644492618912,1.480144858647156,1.6486339325097086,1.8709786320581092,0.8440999188742282,1.2279813092701906
2024-06-18,1.73329193705841,1.6016149198473724,1.7399483978951868,1.2450644492618912,1.480144858647156,1.6463870695504719,1.868010512283099,0.8358526237994571,1.2279813092701906
2024-06-19,1.7314424002216338,1.5988607818160907,1.740566690780604,1.246378473146843,1.4807582891243358,1.6481241847213741,1.8616400322417899,0.8380333992071323,1.2279813092701906
2024-06-20,1.7359654450792779,1.5997270143963616,1.740566690780604,1.246378473146843,1.4807582891243358,1.649232728339527,1.8602027496428795,0.8413052408239828,1.2279813092701906
2024-06-21,1.733021559993971,1.5937140095870035,1.740566690780604,1.246378473146843,1.4807582891243358,1.6432279348212664,1.8628422905960071,0.8404800656990943,1.2279813092701906
2024-06-24,1.7370075276626422,1.5974748531915341,1.740566690780604,1.246378473146843,1.4807582891243358,1.644367299760904,1.867357357747008,0.8387491993895404,1.2279813092701906
2024-06-25,1.7415765672011945,1.6046232345182805,1.7401459315978316,1.246378473146843,1.4807582891243358,1.649426475088513,1.8688251612672648,0.8379212471798447,1.2279813092701906
2024-06-26,1.7301909890853155,1.5952591561523934,1.741353119234238,1.2465935465156641,1.4807582891243358,1.6415139188898178,1.8701563671509998,0.8421489407451612,1.2279813092701906
2024-06-27,1.7284317012967985,1.5962623354546936,1.7358860769944175,1.235403374435793,1.4807582891243358,1.6395647197834082,1.8664823843888922,0.8375745408170228,1.2279813092701906
2024-06-28,1.7303369423305304,1.5881525699140404,1.7383034179026369,1.2402675457757697,1.4807582891243358,1.6377206459087394,1.8598790224925892,0.8410392558504391,1.2279813092701906
2024-07-01,1.719905599219543,1.5816279101332777,1.736865584633938,1.237433942704179,1.4807582891243358,1.6329779465690222,1.8565469998942712,0.8336394350357832,1.2279813092701906
2024-07-02,1.7269688210236611,1.5797176784721902,1.731961538276996,1.227794906572677,1.4807582891243358,1.6265612088753134,1.856825691030322,0.8372537470132437,1.2279813092701906
2024-07-03,1.7353731395449397,1.5777875657540104,1.731961538276996,1.227794906572677,1.4807582891243358,1.6195249829027711,1.8672395109375792,0.8380148867832559,1.2279813092701906
2024-07-04,1.7433466918530638,1.5859245929249608,1.7312773821484984,1.227794906572677,1.4800775736872644,1.6196760999439959,1.8796128851369964,0.8417181736060741,1.2279813092701906
2024-07-05,1.7273834416283123,1.5744216504170445,1.726538480013493,1.227794906572677,1.475335277930044,1.6184169044665826,1.8536624900103424,0.840838195515486,1.2279813092701906
2024-07-08,1.736252737658133,1.5933105304498454,1.7292548280132194,1.2308156013970932,1.4779909599064032,1.631489109435133,1.8666484583407172,0.8412777245722327,1.2279813092701906
2024-07-09,1.7292126372784202,1.590392920572613,1.7315625904737082,1.2357878908394997,1.4802821814083038,1.6228233620681884,1.8802793520608612,0.8417174833828046,1.2279813092701906
2024-07-10,1.7374253418282877,1.601104467977798,1.7302091894965779,1.2328680178231841,1.4789385745994486,1.627935043413836,1.8880528026665517,0.8421398549203729,1.2279813092701906
2024-07-11,1.7268697991582693,1.5939940967230595,1.733992889700673,1.2419805864187932,1.4831308946104054,1.6171268067881064,1.9009544663348,0.8404594651310802,1.2279813092701906
2024-07-12,1.731230881256668,1.6009974351773573,1.7348295582464528,1.2437473155835117,1.4839707506091493,1.6166115576420825,1.9157348613734355,0.8418741601211676,1.2279813092701906
2024-07-15,1.7325020901749912,1.5991467503725858,1.7347534824083952,1.2436668487000995,1.4840053573490253,1.6079354291638903,1.9288145677708104,0.8417976261066109,1.2279813092701906
2024-07-16,1.7405114914941193,1.6076093698400344,1.7323481165242938,1.2418109708786917,1.4820001943529795,1.6033218017686361,1.948900622836506,0.8411118748022672,1.2279813092701906
2024-07-17,1.7594266650767778,1.628758301913962,1.7437179471168252,1.2485272643584273,1.4928756394124723,1.6248921019246527,1.9666618891400554,0.8435808516601474,1.2279813092701906
2024-07-18,1.7526335232052477,1.6270513353846572,1.7440329119160485,1.2487305139371787,1.4926396913386666,1.6274177690573894,1.9593719051765806,0.8438492637493117,1.2279813092701906
2024-07-19,1.7433349346143012,1.6123860048893668,1.7421194134796762,1.247935686660277,1.4903760341097971,1.6234121360842184,1.9363259272196067,0.8440094815733412,1.2279813092701906
2024-07-22,1.7501998916296209,1.6125001364833127,1.7436380934704458,1.249927484518475,1.4934884850534533,1.6282911358819678,1.928471821255383,0.8428228134496253,1.2279813092701906
2024-07-23,1.7779604330057872,1.6306205299151721,1.7548127150247979,1.2564290216246992,1.49432287678279,1.6523765373366646,1.9422407508779043,0.8460408641918874,1.2279813092701906
2024-07-24,1.7995627877560636,1.6461023148115272,1.7640168936726839,1.2658762901700065,1.4998046772378666,1.6643566543471555,1.9682103982656118,0.8506402499808579,1.2279813092701906
2024-07-25,1.8165754300681727,1.6553758423390121,1.7626239743474537,1.2644552073839543,1.4972029120963437,1.687810347373659,1.9527617203371015,0.8497122787990605,1.2279813092701906
2024-07-26,1.8010942096481117,1.6439353910363157,1.7624771765663412,1.2642239395226698,1.4969290109851137,1.6721428198924484,1.952795442615129,0.8506392376486595,1.2279813092701906
2024-07-29,1.8285383614167015,1.6701402938419494,1.7772479483285677,1.2888643636683652,1.5245055023335272,1.6978589517681086,1.978226497199339,0.8493290444294131,1.2279813092701906
2024-07-30,1.8563175401809329,1.6861618613997698,1.7772479483285677,1.2888643636683652,1.5245055023335272,1.7241074531323173,1.970963216279669,0.8497752490943706,1.2279813092701906
2024-07-31,1.8306762697659362,1.6671006790449356,1.7759150123673213,1.2888643636683652,1.5216470545166518,1.699041349895263,1.9690546277484577,0.8533713106117217,1.2266656150102582
2024-08-01,1.8298682212740331,1.671426980323298,1.814377638536795,1.2873980044880782,1.6040363318922308,1.7234643523416484,1.9713897465538217,0.850269367185224,1.2654946995661587
2024-08-02,1.8323642317365911,1.6821264107556586,1.783545982398125,1.2550691210584133,1.543589249709746,1.70746135901177,2.000835833844944,0.8361679233625988,1.2337474415121596
2024-08-05,1.9199596355002935,1.7297200948248068,1.6932078941511595,1.1226944542573967,1.3957219171033088,1.6660610308794919,2.093538440937207,0.8570911252631038,1.1462380312607188
2024-08-06,1.9458144012617336,1.743190471566213,1.7259570096443027,1.1379713341358288,1.419299350065015,1.7074718277404837,2.084240532912941,0.8664432033924272,1.1652337264687906
2024-08-07,1.956440492552244,1.7555633031653757,1.7168181462160506,1.1336257592586036,1.408829980566005,1.705978832162988,2.105442427685808,0.8657392387692375,1.157423017711327
2024-08-08,1.9552127375544943,1.7558413817631222,1.7522571837311094,1.1505423406544093,1.4355057183804996,1.7307019632293084,2.0944496798283274,0.8614765906089527,1.183111605305464
2024-08-09,1.9490506982731886,1.754009386813483,1.797708641268149,1.1726790355834527,1.4743379174888736,1.750661364973541,2.101309396997785,0.863042911682787,1.2131855859140313
2024-08-12,1.9629986401610993,1.7694044887388074,1.8066012409692183,1.1771383620263334,1.481884073153599,1.7660375053393111,2.113391953092111,0.8626320534357125,1.2191177337854913
2024-08-13,1.9783549027920562,1.785716455352726,1.8373001564801736,1.1925257216263132,1.5079298295314563,1.797513443696967,2.124062655116465,0.8627520898622645,1.2385643504972241
2024-08-14,1.9975303232320596,1.8017435974515068,1.827440460562496,1.1875358366425612,1.4995853015274556,1.8091867850077352,2.124365621679988,0.8600069695763392,1.2314431154780674
2024-08-15,1.9863424316547962,1.7940938766850307,1.820690120616896,1.1823917069934364,1.4938742829788139,1.7995347679799276,2.121749723160443,0.8517978121394741,1.226570262973093
2024-08-16,2.000657024066292,1.8100444491554533,1.8279207657350014,1.1886681132857468,1.5008467616961267,1.8135335249701314,2.13372154788,0.8502490888446751,1.2317886593815706
2024-08-19,1.9744965367920957,1.7966526100239808,1.8088492179029199,1.2018855503801265,1.5155438450440217,1.8004544344932716,2.0665392989453513,0.8487447199431707,1.2184660776505305
2024-08-20,1.9708253352555263,1.7903957486634892,1.8063835513786517,1.2011183648140435,1.5155438450440217,1.7943974712499628,2.059680125398674,0.8540518261576769,1.217754998002739
2024-08-21,1.9585927526929054,1.769538017555086,1.8339935000272478,1.2154520174061108,1.5155438450440217,1.793101291512163,2.0815343408369125,0.8659683115192734,1.2292066946180606
2024-08-22,1.9802591788052322,1.77353527208748,1.8327505436909166,1.2148014029899412,1.5155438450440217,1.8041545953730682,2.064738355920492,0.8866164280557602,1.228298017949377
2024-08-23,1.9862502398462984,1.7832620739264111,1.8289376953568357,1.2128051315505273,1.5155438450440217,1.8054510931490002,2.072218753836268,0.8835737236926972,1.2255577965799103
2024-08-26,1.9637518109891323,1.7531113616643081,1.8339660195420933,1.2167575840747333,1.5155438450440217,1.775405949324821,2.0749199570149277,0.9126802787706454,1.2243640118707502
2024-08-27,1.9518920043305517,1.745088952588819,1.8418621269236104,1.2229638437613315,1.5155438450440217,1.7752098572629922,2.0782770162059068,0.9014571602716772,1.2301160860066533
2024-08-28,1.9524568145484134,1.7506082682310606,1.8305109137939082,1.214045898250038,1.5155438450440217,1.7743474698379107,2.0677205471451825,0.8968386918309955,1.2218529268399807
2024-08-29,1.956343368562571,1.7531065262363252,1.827529109206412,1.212197231453914,1.514988443333258,1.7747726549265088,2.0649530963495892,0.8994223235510385,1.2201359855772553
2024-08-30,1.9585845670718574,1.7495393190893338,1.8610735446083628,1.2369018292017129,1.516786020462172,1.7882205041957298,2.1047239312365633,0.8977977686905807,1.2430868418876848
2024-09-02,2.001870422387877,1.7721576866541227,1.8590947392899806,1.2353657592913716,1.5185601110876348,1.819991778257086,2.08681995209999,0.9141375853206514,1.2402551854562724
2024-09-03,1.9871031593513275,1.7608383526485698,1.8390388573844243,1.2197990370012581,1.517930170547283,1.8074820419105708,2.0482598107021905,0.9114510562785447,1.226250256710381
2024-09-04,2.004311093265847,1.779649282303857,1.8373583266356952,1.2185003930987388,1.5173003351958367,1.822202481432819,2.0513531669578766,0.9064497938165361,1.2255149166894426
2024-09-05,2.0174374771191204,1.7898212079976128,1.8305544932210869,1.2132429898067973,1.5191642142924413,1.8273331814864275,2.0447361196706657,0.9132334272419469,1.2191843905030768
2024-09-06,2.0244987254519016,1.797092324964845,1.827600864652728,1.2109633293118187,1.5152099629257014,1.8284350506521485,2.047198510665187,0.9139350108095223,1.2200263439532835
2024-09-09,2.04678976185747,1.8149118940523037,1.8383369897681692,1.2192518838636424,1.517835970751217,1.8479537129295394,2.06536839360874,0.9166880688944751,1.2257994107871428
2024-09-10,2.0632497736945172,1.830356084061571,1.836151011854593,1.2175660697725224,1.518493562824735,1.8579848305596018,2.0686045723055115,0.9171265740950502,1.22372470110226
2024-09-11,2.0502588514464164,1.8224092315352967,1.8305111584039926,1.21321760005455,1.5158365816429749,1.843952253937068,2.0664833391175197,0.9153253424522468,1.221653393527987
2024-09-12,2.0499026047775692,1.8246505158627502,1.8345230781262452,1.2163087192733368,1.5164641778452521,1.8415870206539624,2.0812513886675026,0.9157504755440588,1.2240848369090873
2024-09-13,2.057455565778667,1.8315555135626087,1.8340232258744873,1.2159235926279626,1.517784586750705,1.847105302431833,2.0820412925957186,0.9166454521354892,1.222728195248942
2024-09-18,2.0570993723845294,1.829778221452094,1.8302184159941897,1.2129921613903523,1.517784586750705,1.8463424573224465,2.073069556586794,0.9166454521354892,1.2199780937539306
2024-09-19,2.0477823339290047,1.8252192002114611,1.8284492233408587,1.2116297016435233,1.517784586750705,1.837203051331785,2.076586653885517,0.9166454521354892,1.2186993804528423
2024-09-20,2.063567992733401,1.835590844566363,1.837317339642582,1.2188333544678773,1.517784586750705,1.85442831936215,2.0837511741141115,0.9163250406492589,1.2254613557887546
2024-09-23,2.0842558561179785,1.850656230966276,1.8461944783653252,1.2253887269466193,1.516927514671081,1.8729932370955635,2.0947810530235613,0.9171411305261612,1.230972132685441
2024-09-24,2.0545007522774146,1.8187432182936165,1.8746545039433113,1.2246943711221592,1.5449998936293892,1.8577489507196296,2.097894464889117,0.9166714685586322,1.2519437324963183
2024-09-25,2.058539649721236,1.8244172904255151,1.8754673400348245,1.225123926310682,1.5449998936293892,1.8610864597676766,2.102578576255232,0.9169845215277191,1.252187882126616
2024-09-26,2.035388993402949,1.8017503433046862,1.8695782226566886,1.2220094076293697,1.5449998936293892,1.8392333951613289,2.0892701676793397,0.9169089953209715,1.2476114786252708
2024-09-27,2.0248103674465945,1.7997228214542274,1.8770462658203002,1.2260011303207654,1.5449998936293892,1.8267772539922997,2.1197159652295796,0.9209848556040068,1.2528083649724755
2024-09-30,2.0022429950312652,1.7929072959672574,1.8759327266195434,1.22540619654259,1.5449998936293892,1.7978137714641809,2.1524076933634664,0.9204867496627757,1.2520176795038864
2024-10-08,1.9961714216275346,1.7708888995491185,1.8859023801715333,1.2333960392659942,1.5449998936293892,1.7995820499138195,2.1352944462872676,0.9184776416519409,1.2590956823215904
2024-10-09,1.9967093307832335,1.7728236821985617,1.8820642640745715,1.230331381603913,1.5449998936293892,1.8017454948343337,2.127047351100644,0.9210591650440967,1.25638062652992
2024-10-10,1.9942983988083585,1.7629430115645621,1.8951637415951588,1.2407865733687995,1.5449998936293892,1.8067377402995932,2.1286018375654394,0.9226122308632742,1.265650035123937
2024-10-11,1.9871930110592333,1.7566841675703635,1.8926746944817516,1.2368184418630217,1.5449998936293892,1.8010136880808036,2.1236075032533672,0.9189817855000431,1.2638908474735493
2024-10-14,1.9942081015059472,1.7656156346425569,1.8925581648779979,1.236633195536007,1.5449998936293892,1.8018129623529975,2.135500426470588,0.9242121684605453,1.2638085143933615
2024-10-15,2.0102041228174103,1.78031000045149,1.8947168849354552,1.2400774905307415,1.5449998936293892,1.8084136137909155,2.152285493849579,0.9242121684605453,1.2653339308271099
2024-10-16,2.0155495440363134,1.7778239165801655,1.8966777235579722,1.2432092420787877,1.5449998936293892,1.8214041418131337,2.131273900712614,0.9242121684605453,1.2667195768271702
2024-10-17,2.020106284343335,1.7655859187324068,1.8959541967671532,1.2430894477451604,1.5449998936293892,1.814435879198493,2.1224587202093184,0.9237762411029202,1.2666666312470427
2024-10-18,2.026677227241419,1.779942741750445,1.8965177521176895,1.2430894477451604,1.5449998936293892,1.8261051362437306,2.1267479993513074,0.9241548299726007,1.2666666312470427
2024-10-21,2.039875247725041,1.792418765411884,1.9002508214890015,1.2439414089519512,1.5449998936293892,1.841648217108293,2.1292991617992487,0.9272558240873234,1.265413064682873
2024-10-22,2.0349254465508224,1.7868222272124068,1.8905688974527273,1.242786736273652,1.5449998936293892,1.830932439421294,2.1345049697340577,0.9257976616954939,1.2527664315168512
2024-10-23,2.033108269594287,1.7833083042730653,1.8932530125279687,1.2441037253601899,1.5449998936293892,1.8277894848867984,2.1312490719461814,0.9236378010664434,1.2799333298179039
2024-10-24,2.0215647700847708,1.7781955663302131,1.8728890754804377,1.2331775876842708,1.5449998936293892,1.812794272526552,2.131417607688896,0.9236378010664434,1.2555797846615726
2024-10-25,2.019917353729104,1.779472058952719,1.8683555353007748,1.2307245679306478,1.5449998936293892,1.811292930468738,2.134805632723836,0.9225064445365004,1.2404083857794412
2024-10-28,2.0100648853338225,1.7806133871684937,1.8364773906057312,1.21346156842321,1.5449998936293892,1.7942993382155998,2.1433417246718145,0.9238421927670757,1.1855423428043068
2024-10-29,2.0098761292667997,1.7767922249984713,1.8355243328279292,1.212673780003903,1.5449998936293892,1.79133329125917,2.1418331654429683,0.9190018281310607,1.1855423428043068
2024-10-30,2.0182346997874663,1.781463624011142,1.8374330503097407,1.2142512860935344,1.5449998936293892,1.7951077702543603,2.1440395973454094,0.926611929877138,1.1855423428043068
2024-10-31,2.0158110868960444,1.7828689989423876,1.8374330503097407,1.2142512860935344,1.5449998936293892,1.7961428286780887,2.1445023704741364,0.926611929877138,1.1855423428043068
2024-11-01,2.010125644382548,1.7729427278748329,1.8385068340152788,1.2151413692944197,1.5449998936293892,1.7948177025698635,2.132519406378059,0.9279896457437561,1.1851428935803061
2024-11-04,2.016964322667629,1.7698241944255755,1.8505841644611225,1.22976001934389,1.5449998936293892,1.8106275643603573,2.115027637630459,0.9336031384547159,1.1867579285483283
2024-11-05,2.0181459981856547,1.7805078497156108,1.8411562795466494,1.2221840649119091,1.5449998936293892,1.8094137194046906,2.1246537736718247,0.92800519978529,1.1821165791229495
2024-11-06,2.0003747217560828,1.7624141982968549,1.8189662937387108,1.2045154658630635,1.5449998936293892,1.7895095016699072,2.106823332994666,0.9317297163238538,1.1712369644071985
2024-11-07,1.9889696171209916,1.7466067106327643,1.8180252599147477,1.2037109200449898,1.5449998936293892,1.7853025780282117,2.0877350754505306,0.9378595534221432,1.170805021376798
2024-11-08,2.0066132729839947,1.751015723916743,1.8260746395334702,1.2105358131662842,1.5449998936293892,1.7863605143508643,2.097576055728522,0.9552164988623371,1.174441587584352
2024-11-11,1.9993257968309324,1.7343662619243883,1.824553212679061,1.2088898590166057,1.5449998936293892,1.777779237922908,2.0828638942335025,0.9614084423283011,1.1740041580900173
2024-11-12,1.9780798016111618,1.7235455095094554,1.8078458527345989,1.1831802028096838,1.5449998936293892,1.7561695933672306,2.0842229687834286,0.9600661282311607,1.1671928846648183
2024-11-13,1.976423852029507,1.7293024208089072,1.8120963653353335,1.1864140020802723,1.5449998936293892,1.747231263892956,2.1148228786095,0.967004787976104,1.1671928846648183
2024-11-14,1.9582722421448961,1.7111362969471744,1.807123519557003,1.1831679254454661,1.5437979376932074,1.732322547418968,2.1008580453931947,0.9694736303183805,1.1671928846648183
2024-11-15,1.958651412520185,1.7347329404062761,1.8026626797026641,1.1831679254454661,1.5348312408150744,1.7392955720565346,2.1193141103491633,0.962863582838937,1.1671928846648183
2024-11-18,1.9653036055278768,1.7368385873386627,1.8228996418646477,1.1932288210721267,1.5592546163128627,1.7518458367994303,2.1390135828470136,0.9668809298123106,1.1671928846648183
2024-11-19,1.975842806953685,1.7397242106517683,1.81670778325985,1.1894143325535698,1.5500616661615074,1.7603974101225817,2.1203340209034534,0.9694028013924068,1.1667261927235633
2024-11-20,1.9943722922913394,1.7521142341081766,1.8257083177785765,1.1949728495701188,1.5562062260314764,1.770547231548237,2.136213870405018,0.9821372291016071,1.167405568648747
2024-11-21,1.9946645882614178,1.7565049432744417,1.8333589390105698,1.1988185528573936,1.554510400130124,1.7753230852632707,2.1509956227270197,0.9774225239759061,1.1669350903630282
2024-11-22,1.9733910892489903,1.7422086273740824,1.829577757100749,1.19691894704226,1.5460448896126822,1.762317899956136,2.1419516756831896,0.9687543216301684,1.1696109471185558
2024-11-25,1.9658837600318182,1.7402012691635773,1.835129705287021,1.1996589946417622,1.5578072236951064,1.7659448949983207,2.140938798059939,0.9594699757239007,1.1800077032049419
2024-11-26,1.9698173213386447,1.7354952612677192,1.835129705287021,1.1996589946417622,1.5578072236951064,1.7682624998221506,2.1360273310182083,0.9614325279469722,1.1593301845088064
2024-11-27,1.971120516852712,1.7395741891411272,1.833245975435513,1.1991445382949668,1.5578072236951064,1.7725466227532614,2.131414290325131,0.9531825278664334,1.1682669407644237
2024-11-28,1.9782714474272334,1.750496924153285,1.8264956018370202,1.1991445382949668,1.5578072236951064,1.7735418040166726,2.14404565907728,0.9561038581419002,1.1648117521734296
2024-11-29,1.9829818197429412,1.7527699502626128,1.8338893800881095,1.2025461499005563,1.5578072236951064,1.7876074553989019,2.126791064927493,0.9447175303767555,1.1692922221818187
2024-12-02,1.9908549951746581,1.7581800114553614,1.8274717668100524,1.1993480281332791,1.5578072236951064,1.7902998507844021,2.122127436277106,0.9472510910264024,1.168218312754682
2024-12-03,2.0181117231051764,1.7806897424743422,1.8486038141833834,1.209894935090823,1.5578072236951064,1.8106131787684578,2.1420985913944866,0.9537526780602655,1.182170446271695
2024-12-04,2.005498265834982,1.767642386601125,1.86601173934333,1.2187759031263408,1.5578072236951064,1.8150708218528335,2.115031502524268,0.94378162733509,1.2103677859765354
2024-12-05,1.9863067168939283,1.7631462750233085,1.8213901369865364,1.1959553018891975,1.5578072236951064,1.7863471086821094,2.1192625667553777,0.9431962021656037,1.1954049338135655
2024-12-06,1.9938286937845724,1.7748639836190248,1.810276976637359,1.1904071842017605,1.5561770432073587,1.7835583713807714,2.1296761379543683,0.9383643194905514,1.1929045675996839
2024-12-09,1.9912538764233705,1.776287014225393,1.7883959995286174,1.1756687984277783,1.5679258343808475,1.7756717694849047,2.138332543512923,0.9450989900685817,1.181074952804331
2024-12-10,2.012404371484445,1.7881338792841248,1.8134890383818014,1.1847659865646671,1.579700079396529,1.7871943080247032,2.1783574363600327,0.9524020277191116,1.1842971107104414
2024-12-11,2.022242904591134,1.7871114404921784,1.8359616508944128,1.1946912039763073,1.5831065092696075,1.7976688992763525,2.2013960901897134,0.9562892453395868,1.185610185053406
2024-12-12,2.02078848593385,1.7863306969864976,1.808023227491596,1.1792295974732014,1.5796862866871795,1.7850577592393235,2.1927746542190727,0.9601144023209451,1.176043312805074
2024-12-13,1.997887221403892,1.7650355290197126,1.823207814562885,1.1877371535582406,1.5694653381986827,1.7855602541037177,2.1695496816405657,0.9578886825701103,1.1833105618319741
2024-12-16,2.00980185307444,1.7542625126757154,1.8609519763437132,1.2089241308122778,1.5677779400697325,1.8056485316680106,2.156168010578268,0.9590207328313295,1.1976680643530517
2024-12-17,2.0256615544114456,1.7697973268717788,1.9036227269856953,1.2331491612402612,1.5644092817982176,1.8237314300162373,2.190465594684464,0.9554026091574659,1.214573741434486
2024-12-18,2.021198565017778,1.7923081484011012,1.895585666093634,1.2262274139871099,1.5560165688895649,1.8271307650575452,2.207105816055913,0.9504489004789496,1.2126864044383232
2024-12-19,2.004530053005506,1.7911008547343434,1.8764202505475205,1.209766007645359,1.5593361253466371,1.8196161812206122,2.1998570802385435,0.9491528337964783,1.2045361185147718
2024-12-20,1.9836530054047337,1.7710891165448988,1.8840737784434405,1.2162522177102282,1.5609202644716726,1.8140957639667956,2.1872694810456483,0.9469751501694547,1.2073801422896961
2024-12-23,1.98253981874929,1.7698772210231395,1.86562933748218,1.2011723549437383,1.5713316186080104,1.8061995175344374,2.1838477378909706,0.9483396363326957,1.1986344984222541
2024-12-24,1.9758024250725397,1.7633287572140763,1.853081259039088,1.1915765915903767,1.5797628655265066,1.7913624718197756,2.186493773786291,0.9518517000993513,1.192745002179819
2024-12-25,1.971122906009587,1.7620544529978739,1.8467223384366476,1.188144945344488,1.5797628655265066,1.786340627951971,2.1854847923182548,0.9485507679639984,1.1921569726936767
2024-12-26,1.9505468839268518,1.7500498509120928,1.8223660984161827,1.1749853007861282,1.5797628655265066,1.7665059933750522,2.1735205950947587,0.9465243185960753,1.1833349705699319
2024-12-27,1.9476096990141758,1.7517853006122033,1.818802417732143,1.173042102496133,1.5797628655265066,1.7618900430374294,2.1785604158165763,0.9515581070176998,1.1809412679232418
2024-12-30,1.9449678377841897,1.7474806719552165,1.8089132024827723,1.1676509952957512,1.5797628655265066,1.7538921890577046,2.1740609136555857,0.9523582808804193,1.1764287803442945
2024-12-31,1.9419091095809429,1.748476637229237,1.8038636760412499,1.1639488490750782,1.5797628655265066,1.763017761903908,2.1562374013532812,0.9435494775926261,1.1764287803442945
2025-01-02,1.9480623417407446,1.7422755245032555,1.8130965445669887,1.1704670641001678,1.5777889518260313,1.7657671542173003,2.1559302367209017,0.9500169088209468,1.1764287803442945
2025-01-03,1.9554871658079511,1.7335843989194921,1.8171082579520366,1.1673638405679994,1.6089510725190714,1.7702494152250574,2.154248381976081,0.9523713754540575,1.1764287803442945
2025-01-06,1.9392697147538436,1.717554610380937,1.8166475058318716,1.167600119736507,1.6059342892580983,1.7610606894100307,2.1445496008433103,0.9515306635618304,1.1760498707774927
2025-01-07,1.9318603900924936,1.6982359383467278,1.7812153933956532,1.167600119736507,1.4910518827924766,1.7311233871514975,2.1218517360981224,0.9515306635618304,1.1615990190631391
2025-01-08,1.9457188760018167,1.7071172566713066,1.7626647333915402,1.1624098982125202,1.4481100637811348,1.7233900438142042,2.125172784147972,0.9515306635618304,1.1537430518505218
2025-01-09,1.9523592390591504,1.733332130640632,1.8286134665975664,1.2019641991707009,1.584458472959383,1.7869486430397599,2.1429519389658616,0.9515306635618304,1.1819931769019336
2025-01-10,1.9525295955240687,1.7315246125278982,1.8286134665975664,1.2019641991707009,1.584458472959383,1.7877581925223534,2.138790846472095,0.9515306635618304,1.1819931769019336
2025-01-13,1.9406115156223815,1.7177059401528842,1.8286134665975664,1.2019641991707009,1.584458472959383,1.7848067154320677,2.1236073973575262,0.9515306635618304,1.1819931769019336
2025-01-14,1.917002384395112,1.6998258653812117,1.8286134665975664,1.2019641991707009,1.584458472959383,1.7654650076057858,2.1316262744136765,0.9515306635618304,1.1819931769019336
2025-01-15,1.9289442917423933,1.7088334272913244,1.8286134665975664,1.2019641991707009,1.584458472959383,1.7735093095659975,2.1305168656449167,0.9515306635618304,1.1819931769019336
2025-01-16,1.9258399248386948,1.7036643580229343,1.8286134665975664,1.2019641991707009,1.584458472959383,1.7702233474546258,2.12876164395922,0.9515306635618304,1.1819931769019336
2025-01-17,1.9177246866736275,1.6997864085503642,1.8286134665975664,1.2019641991707009,1.584458472959383,1.7644955981648616,2.1332128198365927,0.9515306635618304,1.1819931769019336
2025-01-20,1.9141312661277572,1.7016893348019086,1.8286134665975664,1.2019641991707009,1.584458472959383,1.7612868562482429,2.1416524083486523,0.9515306635618304,1.1819931769019336
2025-01-21,1.9039727625556275,1.692390519727031,1.8286134665975664,1.2019641991707009,1.584458472959383,1.756037159071989,2.1372219986655536,0.9515306635618304,1.1819931769019336
2025-01-22,1.9081350531956698,1.6937931735119693,1.8286134665975664,1.2019641991707009,1.584458472959383,1.7612191569918136,2.1302814384273576,0.9515306635618304,1.1819931769019336
2025-01-23,1.9146800807764357,1.7029838958182009,1.8286134665975664,1.2019641991707009,1.584458472959383,1.7610427916002234,2.1441740535431366,0.9515306635618304,1.1819931769019336
2025-01-24,1.8956946990651888,1.6854161055992665,1.8281462902684167,1.2019559765628398,1.584458472959383,1.749870171724682,2.136925525242184,0.9511384322419756,1.1819931769019336
2025-01-27,1.8980544486055946,1.6859975149318736,1.8305118582531736,1.201995651849784,1.584458472959383,1.7505523231048314,2.1399265625783266,0.9531242086847549,1.1819931769019336
2025-02-05,1.9066862384533456,1.6812801457752984,1.8305118582531736,1.201995651849784,1.584458472959383,1.7670333623743941,2.103915638254439,0.9531242086847549,1.1819931769019336
2025-02-06,1.8957504024137335,1.674681320325678,1.8305118582531736,1.201995651849784,1.584458472959383,1.759800630753668,2.10638195616334,0.9531242086847549,1.1819931769019336
2025-02-07,1.8795158425446223,1.6585305635810983,1.8305118582531736,1.201995651849784,1.584458472959383,1.7573704228498173,2.087145507945706,0.9531242086847549,1.1819931769019336
2025-02-10,1.89615898938492,1.6688006428343622,1.8305118582531736,1.201995651849784,1.584458472959383,1.7701166877144674,2.081084057829972,0.952688159558141,1.1819931769019336
2025-02-11,1.909742919607303,1.6669364484370006,1.8305118582531736,1.201995651849784,1.584458472959383,1.7792041220664059,2.0617627346866962,0.9628212972552593,1.1819931769019336
2025-02-12,1.912333649687573,1.6695344177322389,1.8305118582531736,1.201995651849784,1.584458472959383,1.7702329396474146,2.078946226090336,0.9691234002918393,1.1819931769019336
2025-02-13,1.9086320883152126,1.6685453526601133,1.8297140226435222,1.201995651849784,1.5834506738998637,1.7600373837192647,2.0924499709445574,0.974625459195635,1.1815523562333465
2025-02-14,1.906631095843285,1.6745779910896634,1.8216126031030861,1.2017278146138926,1.5733024336130708,1.755143499896575,2.0982890201255464,0.9768405170574432,1.177089274706659
2025-02-17,1.914583727399286,1.6698710783432573,1.8396029021287792,1.2382084723301114,1.595701140327455,1.75903763151031,2.1072347955194366,0.9834537895205006,1.1870104100250432
2025-02-18,1.9120694857438632,1.6729641182034614,1.8294580172145474,1.2203585910917991,1.5839110475454339,1.7561339318468425,2.1030746129501083,0.9829645592572923,1.181727016070727
2025-02-19,1.9097098857457988,1.6770718639288056,1.8263641380848392,1.2131401464312694,1.5789910954046815,1.7601175908365612,2.097710434093471,0.9837464628839742,1.17950541784351
2025-02-20,1.9024323993543533,1.6713150425293382,1.808875136487585,1.1975939897602745,1.5644433511461395,1.7446742228602783,2.092080852036751,0.9790513093111188,1.172957109343215
2025-02-21,1.890620727465963,1.6670772636442792,1.8036837414567293,1.1930429942931773,1.5625267418681277,1.7321666799394055,2.1006799375177443,0.9759361460542199,1.1720848120632406
2025-02-24,1.876937286242445,1.6652875231363178,1.7911897942426804,1.1821092171638345,1.556095023572656,1.7168279717759283,2.1073882274229665,0.9697256433066022,1.1691564105881929
2025-02-25,1.8667900468895955,1.6499029544146946,1.7997222745343397,1.1895172159336027,1.5676613185560608,1.7243108256487345,2.084303014882475,0.96895427063579,1.1744400575534883
2025-02-26,1.8821788806396742,1.6517299548485007,1.8313968790165451,1.2169915828518112,1.5955449169642593,1.7439275115705608,2.097728639765694,0.9766618614249384,1.1872012485652357
2025-02-27,1.891201253122858,1.6697598154066207,1.8242069094066364,1.2109006673383163,1.6038132818698692,1.739665901090677,2.1183498515047496,0.9642316195522573,1.1910913828186345
2025-02-28,1.8836596796711809,1.6613428543127353,1.8323618573688822,1.2177901191086693,1.6160540202373734,1.7410920748317806,2.1161710481941594,0.9622605092251942,1.1970859897419248
2025-03-03,1.9778587939256804,1.6965259803766664,1.8564688406271521,1.2381486255221723,1.6476110763008547,1.7678896118501553,2.1410322836855107,1.021203961734236,1.2126809935844856
2025-03-04,1.9776233463847837,1.6850013939613178,1.8562052212318645,1.2381486255221723,1.6476110763008547,1.7553104104089834,2.144468316116907,1.0354335774964043,1.2126809935844856
2025-03-05,1.9674325864685995,1.6626482635381743,1.856676450075221,1.2381486255221723,1.6476110763008547,1.7541181205795473,2.114430554798798,1.0369159137253365,1.2126809935844856
2025-03-06,1.980987096193532,1.6809969343894124,1.856676450075221,1.2381486255221723,1.6476110763008547,1.7628152927077374,2.1236662089852056,1.0457234246197815,1.2126809935844856
2025-03-07,1.977189631675328,1.6686930347618198,1.856676450075221,1.2381486255221723,1.6476110763008547,1.7630267882203319,2.1057830758900504,1.0449479169856568,1.2126809935844856
2025-03-10,1.9782917522677632,1.6652933629457547,1.856676450075221,1.2381486255221723,1.6476110763008547,1.7628472445720695,2.1013198133563966,1.044161914146715,1.2126809935844856
2025-03-11,1.9682146894735142,1.6615162102691285,1.856676450075221,1.2381486255221723,1.6476110763008547,1.7562458621865278,2.107676007597754,1.042983975121314,1.2126809935844856
2025-03-12,1.9624460426109118,1.6584475181591263,1.856676450075221,1.2381486255221723,1.6476110763008547,1.7609195412643586,2.0948399618417364,1.0433777109497562,1.2126809935844856
2025-03-13,1.947432223118024,1.6393667490774761,1.8558996438935027,1.2369075802978007,1.6476110763008547,1.7558062875367568,2.0742679181626844,1.042192804221985,1.212148268631176
2025-03-14,1.9442955749021273,1.64415552971033,1.8480309082930295,1.2330049900039333,1.6476110763008547,1.7599913819942015,2.048905985053887,1.042192804221985,1.2068066344317374
2025-03-17,1.9437517295996143,1.6285222321724004,1.8472433778846504,1.23172467605203,1.6476110763008547,1.7569686466028716,2.027812511682632,1.0437759207486843,1.2062775825388667
2025-03-18,1.944071106839546,1.6320924695587462,1.8427608820416708,1.224482065932751,1.6476110763008547,1.757745131304804,2.018295495260873,1.0433792929902153,1.2032672422766788
2025-03-19,1.9525996178378489,1.6395015342100505,1.839336765369332,1.2190078501127988,1.6476110763008547,1.7618203138901005,2.011862847080561,1.0417915976088996,1.200960054177675
2025-03-20,1.9330111753353905,1.6169534230019367,1.8417430148372953,1.2227804607978394,1.6476110763008547,1.7540581719132287,1.9993056471643977,1.04020812775443,1.2025861098903197
2025-03-21,1.921610285332658,1.6109887148181514,1.8351370185385412,1.2126524060119697,1.6476110763008547,1.740373433908137,1.9953339498964922,1.0398121710761943,1.1980888518137518
2025-03-24,1.8974324045801536,1.5832758357592394,1.8371525375952507,1.2165897433440007,1.6470152110764058,1.7253802646194119,1.986508649555883,1.0401678307519708,1.199855566498156
2025-03-25,1.906225490948986,1.590690463659177,1.8488949809638038,1.234482134016654,1.6470152110764058,1.7362330866734006,2.0137270477984517,1.0377800103402888,1.2078670696124596
2025-03-26,1.8890288799602535,1.5696238904808153,1.8400930948039047,1.2278799655427752,1.6432617832811163,1.7257153024909646,1.9737957531068977,1.0356764030552474,1.204412274330382
2025-03-27,1.8891548351774283,1.569485033112601,1.8387005013077549,1.226834007940784,1.6401448453108092,1.723606998419973,1.9730508307872647,1.0348055356161723,1.205609099053423
2025-03-28,1.9054518105412124,1.5839860070160106,1.835408264220898,1.2243589426922987,1.6389016164458592,1.7353599365235732,1.9655296645103808,1.0311666355712004,1.2041984274193638
2025-03-31,1.9281100918793697,1.6086954577575772,1.8368592216778203,1.2259078089380446,1.6444904408799725,1.7538575865245918,1.9762284271498578,1.0322785441770839,1.2017076607331778
2025-04-01,1.8966111814690376,1.579656376560275,1.8324653467375325,1.2216775191799114,1.6413777708415944,1.7389809589845022,1.9450354163402988,1.0208790188026862,1.2000105210951615
2025-04-02,1.9083754314616825,1.6032556606645,1.818237788078081,1.2146342588369334,1.6407570306725936,1.7334116293109534,1.9572550658748173,1.019641993542313,1.1914323554876456
2025-04-03,1.9398573227505747,1.6359277164477486,1.8588039119686655,1.2352456905912104,1.640491129308619,1.779062079495803,2.0411267475136783,1.0086151199602669,1.2197770926102607
2025-04-07,1.9520635122473535,1.6475010032593704,1.8610409741512677,1.2375570899518837,1.6381131569635736,1.7713892234543689,2.0765914345127996,1.011588336773308,1.2229244918504012
2025-04-08,2.011945050872314,1.7047825656486084,1.8595528910865198,1.2358343012592927,1.6323542741733315,1.8214519013826387,2.082304060571525,1.0069114487984345,1.2252048996869138
2025-04-09,2.042462258964115,1.7299181985862706,1.8546036475391754,1.2385454693438427,1.6273386361943245,1.8363969056903822,2.0895680570908444,1.0150927087093156,1.2178639555427262
2025-04-10,2.016402452615504,1.7054238417247243,1.8665022984920037,1.2413539464237677,1.640264350997885,1.823728078127477,2.0792839998737436,1.0099261847157475,1.2286136759939998
2025-04-11,2.080155612485242,1.7250323197056119,1.9685097181556996,1.2449737310311468,1.6522310778951492,1.904505025350804,2.0830029586302294,1.0147209533847052,1.2968050373089517
2025-04-14,2.084739082356198,1.7289473856798918,1.9515942732366987,1.245001007786625,1.6497925053326516,1.897702063909997,2.0589113102667986,1.015460914550637,1.294478865993842
2025-04-15,2.0793093650629046,1.725021122552248,1.9600165920850257,1.243796038343018,1.6750571232056513,1.9067198820682703,2.037845295884519,1.001685467582382,1.3055079971640795
2025-04-16,2.0752669732348044,1.731855508934462,1.9589109657924408,1.2426920044533514,1.67706830319438,1.916207337638558,2.028701049952344,0.9772719032241277,1.3079180988841406
2025-04-17,2.0744620524512825,1.7263492588942435,1.9669664544342644,1.2468370581681645,1.68773831070839,1.9205806308280189,2.0276413793326626,0.9758402218480918,1.3106991780341528
2025-04-18,2.080159874527974,1.7313483883913572,1.9609278907482603,1.2430055327303784,1.6628558269953921,1.9208461105099535,2.033042066182894,0.9877802902372078,1.3029820620892028
2025-04-21,2.1093246998955584,1.730524249658387,1.9721186291956492,1.2501087096265089,1.6980480946244612,1.9223594584747667,2.023595853933541,1.0170026444788394,1.3167541662949507
2025-04-22,2.129333654488408,1.7432170270095135,1.9804380796632592,1.2557541843006848,1.7097951176918342,1.9358336728445151,2.031656461170045,1.0160473328708743,1.321915220525508
2025-04-23,2.1009722771559516,1.7094680954800954,1.9918413375670974,1.2635569002546974,1.7182162313481362,1.91606155950199,2.0344880604984352,1.0228280430815417,1.3253244931856976
2025-04-24,2.1026559961633056,1.719530063252222,1.9966268114910544,1.2664723135213511,1.7156908892607758,1.9246620344766652,2.0513383694874974,1.0085698394210758,1.324714472132909
2025-04-25,2.1133776751335662,1.7143201483623147,1.9697246198386722,1.258849702002136,1.6737957667655523,1.9004263719375492,2.038265589917152,1.035352173982228,1.3097918563993916
2025-04-28,2.115304147788789,1.7174778263632469,1.9635532317276039,1.2592047035437537,1.6669164947332895,1.890555505899973,2.056289434363729,1.0458784910227967,1.3024047675465744
2025-04-29,2.134121347453937,1.7287089441958772,1.9671022681028594,1.2583313924479027,1.6742437259908152,1.902675116074987,2.049233605950004,1.0510152942098534,1.3079563725650596
2025-04-30,2.1464820721538236,1.7389233946353402,1.9635329493881142,1.2590604585809082,1.6685938322295608,1.9060276868408537,2.0603831199756337,1.0559308645454666,1.3026912009042808
2025-05-06,2.1532022420062265,1.747999629049618,1.9634771526534527,1.257224382596694,1.6765656989437345,1.9103650095748779,2.060336592182539,1.0533395000342116,1.3061663719538221
2025-05-07,2.141496251144446,1.736632994161378,1.9608696780900206,1.256787023083964,1.673295727170357,1.901373257359894,2.0548304096701706,1.0530469209299043,1.3047410523073697
2025-05-08,2.139103500785979,1.7361352316180936,1.9464646411229742,1.2464509824953,1.646857912521687,1.894882467053621,2.049549820636394,1.054114521448481,1.2926685837865768
2025-05-09,2.1490108162077806,1.7350362298565483,1.9570083462596182,1.2493987044472352,1.6648993674247852,1.904608772218923,2.045648246113081,1.053514884048888,1.288636002763742
2025-05-12,2.121869803890695,1.704025643186375,1.9654253294103026,1.2481364573341822,1.677346736872137,1.886475467251284,2.0373570426132055,1.0536711976525814,1.29402413700175
2025-05-13,2.1107213508590825,1.6897707181219288,1.9434329265914267,1.2337837270901904,1.6448185183969843,1.867229962229143,2.0249490055922656,1.0532791933803092,1.2703381926900417
2025-05-14,2.0929353868528437,1.6649133789407784,1.952938739678888,1.2399854072372178,1.65781487968711,1.852440353017528,2.0224543453101473,1.0536189944746064,1.268099754501838
2025-05-15,2.108260262632135,1.6813834000395613,1.9543306604754898,1.240892946739999,1.6604181071580706,1.8610850691857705,2.0368902824554524,1.0534097072946382,1.2741433688280337
2025-05-16,2.118493374583482,1.6866417118773904,1.9534127198385456,1.2402963118081791,1.6584226367034194,1.8675117217098967,2.0351033790747843,1.0536450574066243,1.2673937742925678
2025-05-19,2.118479772758321,1.6885044994843108,1.951534574584787,1.2389473487701184,1.6553509140172262,1.866378315989511,2.037060570102747,1.0537364013722252,1.2711143352074588
2025-05-20,2.1176533504214436,1.68644417775935,1.956992569169238,1.2429992932658047,1.6635737514685234,1.8689242719856387,2.0335204636745763,1.0537364013722252,1.278646782262364
2025-05-21,2.121962568852788,1.6840500811607015,1.9573411387094835,1.2458006239246298,1.6641000500893957,1.8659558198950041,2.039986247743308,1.0537364013722252,1.2627259188745203
2025-05-22,2.135103002319414,1.698507540737479,1.933899848195144,1.2278297720935343,1.6284949096813774,1.857658530700698,2.0517696642996213,1.0537364013722252,1.261635501557605
2025-05-23,2.139848109909877,1.699361498871579,1.9208042009189465,1.2178794775865127,1.6096800408591778,1.854573524638714,2.0489233374438904,1.0537364013722252,1.2357295242572703
2025-05-26,2.1478809244257544,1.705416084059268,1.9370617488525887,1.2365705022725562,1.632541513291258,1.8717830283696553,2.047117590337515,1.0537364013722252,1.2455161511442756
2025-05-27,2.15481598003742,1.7137134059508652,1.9260374501988506,1.22402696700886,1.6171438323095357,1.8671845825511213,2.0583159796919843,1.0537364013722252,1.2388767071549525
2025-05-28,2.167297980317265,1.7204445221417177,1.933806045153546,1.2335062745336252,1.628033928485854,1.8829364098022978,2.0498679568258815,1.0537364013722252,1.243478089837221
2025-05-29,2.154217973849803,1.703679259976523,1.94502412054263,1.247230153948596,1.6437566160188388,1.8801929167112383,2.0368473154708084,1.0537364013722252,1.2501095454600697
2025-05-30,2.1769038233523395,1.7218889833964195,1.9234040994898676,1.2208036881677835,1.6133685808779266,1.875290923338113,2.0557134904448113,1.0537364013722252,1.237320564307291
2025-06-03,2.1762569008612362,1.728797901938008,1.9822320129535802,1.2930154477255198,1.6971274448034284,1.9188001120229925,2.0562930755563107,1.0537364013722252,1.2722904307184402
2025-06-04,2.1596703174754954,1.7149028348810815,1.9856394909167177,1.296656536472692,1.7015839879093204,1.9133395266970978,2.0452488367480375,1.0535553582505521,1.2744872857293439
2025-06-05,2.1665369548087408,1.7222644446158841,1.9802742309551666,1.292115381218728,1.696026826685095,1.9121349337541198,2.0548696066798753,1.0526380063139824,1.2717489005067049
2025-06-06,2.161893266268828,1.7165063617635437,1.98414680487761,1.2959704139422374,1.7007474543650298,1.906248900839825,2.061301376923992,1.0514489652143804,1.2740799127881564
2025-06-09,2.1604484765022995,1.7191960169417566,2.015989022318264,1.3276776317853718,1.7395669568872347,1.9281262494525064,2.064349405012354,1.0511172265179198,1.2932419730563653
2025-06-10,2.169094934642,1.7280738771766475,2.0264007066049747,1.3376777224853307,1.7518969523967671,1.9379183522332746,2.0756947023300367,1.0508684805327966,1.2995189731603538
2025-06-11,2.1715636746212588,1.7282264987129714,2.0205525682473318,1.3320696492482802,1.744981933622405,1.9309369477588847,2.0814661854546475,1.0561913998022001,1.2959946097652169
2025-06-12,2.170917257007344,1.731536477207304,2.0611375690818887,1.4096780126829824,1.792867632191771,1.963474859932218,2.0759223049893962,1.0557939106461707,1.320468212718181
2025-06-13,2.1473646748740154,1.7148268620338403,2.0968005728170653,1.4628425864244867,1.8334137887223116,1.9821871056184963,2.054477086853708,1.0551595186500433,1.3420405440874938
2025-06-16,2.1278926381049774,1.7006328506661557,2.096338173057656,1.4628425864244867,1.8334137887223116,1.9744761194937566,2.041994530450466,1.0551438324394204,1.3420405440874938
2025-06-17,2.141928885030063,1.7138504342958796,2.0942525244762797,1.4628425864244867,1.8334137887223116,1.9769812599530494,2.0602905756911007,1.052069156957816,1.3420405440874938
2025-06-18,2.126888921657239,1.6998836646561688,2.0949474735504885,1.4633092373595127,1.8334137887223116,1.9719306207028127,2.0444234867327475,1.0509785032716814,1.3420405440874938
2025-06-19,2.1144522787982907,1.692374869385801,2.092859794625499,1.461905449401711,1.8334137887223116,1.9672825205351356,2.0375124418171424,1.0414689581749186,1.3420405440874938
2025-06-20,2.1161059360789967,1.6873187961987333,2.092859794625499,1.461905449401711,1.8334137887223116,1.9652691194817673,2.0298180862215025,1.0505805588060768,1.3420405440874938
2025-06-23,2.1107964508660784,1.6823578163688693,2.093555640217259,1.462844244878481,1.8334137887223116,1.9660751036570905,2.0193010661580697,1.0505482968060402,1.3420405440874938
2025-06-24,2.1058947543039217,1.6827156206503462,2.0977315793926596,1.468479359947281,1.8334137887223116,1.9584865061285555,2.0421836900382164,1.0532742878814068,1.3420405440874938
2025-06-25,2.102845090180897,1.6778454672321783,2.0993614515335026,1.4706911012600234,1.8334137887223116,1.9590539410976904,2.0325480682293713,1.0606966145881387,1.3420405440874938
2025-06-26,2.0973601644964277,1.6745795175026428,2.0993614515335026,1.4706911012600234,1.8334137887223116,1.9573510598941832,2.029591397596946,1.0607796718025537,1.3420405440874938
2025-06-27,2.086268605907889,1.6671522934591412,2.0993614515335026,1.4706911012600234,1.8334137887223116,1.953193701962475,2.0234968083634266,1.0607796718025537,1.3420405440874938
2025-06-30,2.0852654304791653,1.665684914007558,2.0993614515335026,1.4706911012600234,1.8334137887223116,1.952786190263602,2.0215480278502893,1.0607796718025537,1.3416558775139027
2025-07-01,2.0895520109311847,1.6737996972567708,2.0993614515335026,1.4706911012600234,1.8334137887223116,1.9556350071839006,2.0298503057595036,1.0607796718025537,1.3464325015497123
2025-07-02,2.0695128860126957,1.6574566492055556,2.0993614515335026,1.4706911012600234,1.8334137887223116,1.9437153409503387,2.0221830626506154,1.060097284734662,1.348606693163098
2025-07-03,2.0701623021918625,1.6550870006056033,2.0993614515335026,1.4706911012600234,1.8334137887223116,1.942794460533192,2.017891699129704,1.0645938349793955,1.3500469955605208
2025-07-04,2.058013196799904,1.647074609253427,2.0987058110605696,1.4706102730438906,1.8327106264331146,1.9348572701735087,2.0174459698530773,1.0572499058736868,1.3545908196143377
2025-07-07,2.0509514568317835,1.6396466077297647,2.098184567129325,1.4705495292693613,1.8321511496439438,1.929458828771953,2.012860317424772,1.0568499429757945,1.3529337448367715
2025-07-08,2.058173600209825,1.6451100534237015,2.0988926462098965,1.471496349125579,1.8329124307190388,1.9322825767081246,2.0190102846163804,1.0591267469927108,1.3536441245583364
2025-07-09,2.049039038091959,1.6377839302846655,2.099235720563325,1.4719544824541748,1.8332814538611257,1.9281292967339683,2.013302824512949,1.0587902592996763,1.3549673066621564
2025-07-10,2.0410555079457775,1.6245154079418123,2.0957797337257746,1.4673434518733006,1.8295580510432248,1.9202477454206826,1.9954307642632338,1.0617970857286976,1.3549673066621564
2025-07-11,2.0394225206292065,1.626774220506171,2.0947813270556157,1.4671305549163685,1.8286790606675776,1.9170334992817895,2.006335580211406,1.0614242872699726,1.3544950902486
2025-07-14,2.045724294463748,1.6328355475980676,2.0925179857575458,1.4681285808475992,1.8267164444961959,1.915481199431575,2.0204244387673946,1.0635357504310101,1.3526403594352017
2025-07-15,2.0350609396331825,1.6268015980924835,2.0807641221376265,1.462071783747402,1.81688061486811,1.9040207860315717,2.0109794699260872,1.0647679098639593,1.3480269427609035
2025-07-16,2.023721869474471,1.6234986551251456,2.0668261188658246,1.4545815389997072,1.8047559056195632,1.8937434276742462,2.0037208986136723,1.064360494673223,1.3404405858203337
2025-07-17,2.0319352027922415,1.6347233129514271,2.0537655431048116,1.4498898636403006,1.7961558689638026,1.8934775213852575,2.0005652337173294,1.0650405169699222,1.337195025784866
2025-07-18,2.0421442127074068,1.6428050541392138,2.05735133554025,1.4511866688205228,1.8020560891830582,1.9062605667657397,1.9882830173928245,1.0628985713114416,1.341935053578971
2025-07-21,2.071817812364445,1.666990969278659,2.0530630067504547,1.4496412583973888,1.7954692588704384,1.9211625515894202,2.0110789983414774,1.0627400644834415,1.337853078261323
2025-07-22,2.1101856075884884,1.6920040191859238,2.061581292700985,1.452710839165098,1.8057584632359354,1.940277873535767,2.034486812960897,1.0657143994139548,1.3434483747351476
2025-07-23,2.101387495151816,1.6897743817747337,2.0690014407915536,1.4553758925548201,1.8095083340837903,1.9392061967978915,2.0525903897724445,1.0637985287374492,1.3451346617096454
2025-07-24,2.1237516977978124,1.6966226228978942,2.0798846306727703,1.4592811171340228,1.8181497481344269,1.964775897238693,2.027658544656798,1.0721192523276601,1.3502155790755268
2025-07-25,2.17096705341701,1.7284227165943518,2.121281551146999,1.4737554170035483,1.8534397546450398,2.0112083392617572,2.0692226501233426,1.068902894570677,1.3703910012511613
2025-07-28,2.113476443538563,1.6845396772624712,2.1084217705146853,1.4691384690205918,1.8397740496472055,1.9714749056038765,2.041944416053068,1.0703343887616843,1.3618271548928222
2025-07-29,2.145094528606463,1.6966139763390893,2.1283462732358367,1.4763510757525447,1.8571633722936245,2.002416056302754,2.028857829096952,1.0714533747135715,1.3742942870298747
2025-07-30,2.140105932397854,1.6900748732998097,2.1299996020915484,1.4771563244929622,1.8591002741403087,2.005130412100338,2.007514118336611,1.064749634787117,1.37866061583435
2025-07-31,2.099648621622114,1.6608408511245136,2.101415810692998,1.46710634731034,1.8349284577310931,1.9657210811343764,1.9803864893143177,1.0661047706859368,1.3671607422177319
2025-08-01,2.0850884303858104,1.6467192422204167,2.093404644206725,1.4669013728713303,1.8328558375035942,1.9560826792307862,1.9446205346723808,1.0685692773308424,1.3622642868404764
2025-08-04,2.097951803727703,1.6759463300608946,2.0872810756249685,1.4664055635733861,1.8274554069525242,1.963701818407416,1.9886354621066482,1.068091979491737,1.3584940679405082
2025-08-05,2.123118160677012,1.693948012830102,2.0892670502899904,1.4665693977873695,1.829207855137429,1.9772126649824324,2.002639289976211,1.075568623348179,1.3597173215144382
2025-08-06,2.1263122084537946,1.696564908640264,2.0933754316906756,1.4669162322427767,1.832832698463342,1.9814324874123632,2.005371766322122,1.074619756708661,1.3622469291931394
2025-08-07,2.119692608951543,1.6927423526889032,2.091706929531122,1.4663519233010178,1.831361833324109,1.9775194185461027,2.003636227812825,1.0693931969828507,1.3611961877371603
2025-08-08,2.1379746748701622,1.7056170062356886,2.1175447287970277,1.495414888065145,1.8541310244738023,1.9938669442166232,2.0331871198614206,1.0678762607885792,1.3777719153245214
2025-08-11,2.140203223712394,1.7066250844949697,2.1216333155689417,1.495414888065145,1.8577337425894502,2.0026285945441002,2.0296059511669955,1.069526615009798,1.3777719153245214
2025-08-12,2.1502768509777823,1.7149095919496387,2.1236825990367696,1.496520500929623,1.8595398117473418,2.0152600385139086,2.0280465318069063,1.0640331373963385,1.3777719153245214
2025-08-13,2.1820299826137557,1.745860898515132,2.122656121559173,1.495966918390517,1.8586350705885313,2.025463854213737,2.0703773097108487,1.0675154276641812,1.3777719153245214
2025-08-14,2.1704518383230975,1.7373215007335896,2.1200416811172107,1.4948610063383558,1.8568271948761446,2.0118870087345004,2.072670134415186,1.0674191887222058,1.3777719153245214
2025-08-15,2.1768664249962537,1.7444252193875074,2.12579887581779,1.498173245640102,1.8595346338847423,2.0214837502793004,2.082244834835041,1.0672008529790582,1.3777719153245214
2025-08-18,2.174863441224427,1.7503212705280422,2.1108262928472286,1.490228075091523,1.8544521915869376,2.011235429670471,2.0856772010338935,1.0577588128359778,1.3777719153245214
2025-08-19,2.177347381746681,1.7483886956707357,2.1231095187988096,1.4967395332205962,1.8540045037906716,2.017884200282429,2.084519971534215,1.066768533156017,1.3777719153245214
2025-08-20,2.187989881359733,1.7546235785456894,2.134661025248553,1.502840705552359,1.8516612054702168,2.0247610787854553,2.095817960981633,1.0791425923395261,1.3777719153245214
2025-08-21,2.1894224623986047,1.7555695117753107,2.1374286795166872,1.5045385863044591,1.8545094840731031,2.025834307914889,2.104242271186302,1.0799719526632878,1.3777719153245214
2025-08-22,2.193436480742691,1.7506327852950645,2.141702322768828,1.5045385863044591,1.8545094840731031,2.0308979755804253,2.0943640176318823,1.090742509020028,1.3777719153245214
2025-08-25,2.2128748835068865,1.7601941405658392,2.138483502790566,1.5034133568476733,1.8545094840731031,2.0345441071695163,2.0975038136350013,1.089970353557795,1.3777719153245214
2025-08-26,2.1988145560028958,1.7463461797223745,2.141772188358716,1.50455432628905,1.8545094840731031,2.025514466073015,2.096498646304002,1.0934035144327314,1.3777719153245214
2025-08-27,2.1907468709743916,1.7443616069332355,2.1424962490661708,1.5049033974887291,1.8545094840731031,2.0220032997043837,2.100246809281439,1.0988611983148946,1.3777719153245214
2025-08-28,2.190133396293096,1.7410238475235207,2.1419441645336654,1.5043712431027738,1.8545094840731031,2.0269312703805973,2.0812557486080716,1.0993250376163506,1.3777719153245214
2025-08-29,2.198661070725885,1.7459832143540588,2.1435332617492038,1.5068171670052197,1.8545094840731031,2.02748741663592,2.0940791496188105,1.1080696685973899,1.377106111169081
2025-09-01,2.1985024644544837,1.756989950245303,2.143868256113907,1.5092670393224847,1.8545094840731031,2.024354189383119,2.125455169927388,1.1090993534176306,1.3755664720947804
2025-09-02,2.1987986633370262,1.7534874399497178,2.1509877669061033,1.5125791803072421,1.8545094840731031,2.0274954024647935,2.128747224149666,1.111698154691673,1.3781222417941663
2025-09-03,2.201057110577907,1.7554374902498346,2.1444660774781648,1.5095589640267668,1.8545094840731031,2.0275966812511244,2.1176006888090666,1.111698154691673,1.3735423367152557
2025-09-04,2.1905986221137974,1.7489923605759752,2.1432727185423004,1.5090061649570659,1.8545094840731031,2.029854609529265,2.0968337041483194,1.111698154691673,1.3727042103416458
2025-09-05,2.2073582716629647,1.757984804919672,2.1436441772203745,1.509201426902401,1.8545094840731031,2.039766600652981,2.0993402418357,1.111698154691673,1.3729729897604124
2025-09-08,2.196702686143947,1.752900918395318,2.127707401661462,1.498163821300797,1.8545094840731031,2.0274982737556813,2.0818943538015064,1.111698154691673,1.3608784918491406
2025-09-09,2.20156985748948,1.7582978742487427,2.1233352604240214,1.492112423179339,1.8545094840731031,2.0296940629039906,2.0816217042943364,1.111698154691673,1.3575791802144055
2025-09-10,2.1980690560272693,1.7608206628709087,2.1180588843766084,1.4848499159173651,1.8545094840731031,2.0223075432462028,2.090229254560844,1.111698154691673,1.3536045431393495
2025-09-11,2.2008682074428285,1.7645962230569903,2.1099869861005693,1.4738057649456648,1.8545094840731031,2.0241839875482186,2.080074522659169,1.111698154691673,1.347530286110501
2025-09-12,2.208461525340516,1.7650079688836722,2.108676161338014,1.4720313420356252,1.8545094840731031,2.0311359610883075,2.0663859286489332,1.111698154691673,1.3465465573183133
2025-09-15,2.206656134186492,1.7632724913650781,2.1110656697141432,1.4752629590359403,1.8545094840731031,2.0292184897533536,2.070489365611126,1.111698154691673,1.3483394767366221
2025-09-16,2.216857391288147,1.7695018471179218,2.1112203462640813,1.4754723262560776,1.8545094840731031,2.0345055971711843,2.074217861126745,1.111698154691673,1.3484555621180419
2025-09-17,2.207359424784925,1.7607566156573893,2.1203287965829527,1.4878743226060358,1.8545094840731031,2.030120333641888,2.0807107848978896,1.111698154691673,1.3552776828449276
2025-09-18,2.194864340872373,1.751243604528204,2.129087950180622,1.4997790920237342,1.8545094840731031,2.0235962496122153,2.0886721717792573,1.111698154691673,1.3618381350872493
2025-09-19,2.2060943359422276,1.7549903149691646,2.1324241841474856,1.5056906788352782,1.8545094840731031,2.0323485239681043,2.0880617226153237,1.1111116621600106,1.3651026501413344
2025-09-22,2.228600267319384,1.7728479620260433,2.1355961400694454,1.5126320428692788,1.8545094840731031,2.0462749903548,2.1087606331988145,1.1100005504978505,1.3689338263647892
2025-09-23,2.21397228663943,1.7638947906739546,2.1408350301524544,1.5161947735555046,1.8545094840731031,2.0377803454873704,2.114821204777381,1.1099500959273731,1.3729323522500907
2025-09-24,2.2098484783675003,1.7623367563553676,2.1339460809714943,1.511508661165964,1.8545094840731031,2.027650324876394,2.1188981535973026,1.1088401458314459,1.3691825272167621
2025-09-25,2.2063207710142696,1.7679573729593772,2.1396845392628427,1.5154116199564802,1.8545094840731031,2.0352112425749107,2.123743413223388,1.1113098352471613,1.3702694878766102
2025-09-26,2.196489511385942,1.7675977203149889,2.130136815625171,1.5089158755794192,1.8545094840731031,2.0322911799176837,2.1123714973549848,1.1100469831616535,1.3646882118955552
2025-09-29,2.2088509666767155,1.7823299502354226,2.1364855093129753,1.5132341309303263,1.8545094840731031,2.042551208023867,2.1343829328550474,1.1114597702311317,1.367682287586437
2025-09-30,2.22443547335905,1.7984351012681494,2.14067607110572,1.5160851753171438,1.8545094840731031,2.059341950329286,2.1477291986325318,1.110247268663607,1.3725191230312166
2025-10-09,2.2640313969784502,1.8266827793710017,2.1266772855317146,1.506560077384267,1.8545094840731031,2.0827628700931786,2.1467647018404,1.1051392329367822,1.3685845173641422
2025-10-10,2.259732499380785,1.8189141215233888,2.1322280566668175,1.5103367146417934,1.8545094840731031,2.0825201004976255,2.141487319924609,1.1051392329367822,1.3728956427244872
2025-10-13,2.2691105874415443,1.8323473628113318,2.1318493004149306,1.5107240198741518,1.8545094840731031,2.0907233174340667,2.1552834681477333,1.1045930520297522,1.3733344550319369
2025-10-14,2.277175074953358,1.8451227212047818,2.125419132316458,1.5107240198741518,1.8545094840731031,2.096447054113179,2.1659288630795825,1.1008776026729248,1.3733344550319369
2025-10-15,2.2840518670895,1.8530837865201268,2.1126120103100487,1.5048558484605357,1.8545094840731031,2.095404027333805,2.172474953255788,1.0934716988003979,1.3733344550319369
2025-10-16,2.278336364742759,1.8496508606293391,2.1142138680013836,1.505961923548502,1.8545094840731031,2.089462520398128,2.1774188205419662,1.094391209092571,1.3733344550319369
2025-10-17,2.3033500684883443,1.862157817216224,2.1403648183031243,1.5240287242017039,1.8545094840731031,2.1254446246996457,2.1638738201024887,1.1091157453603617,1.3733344550319369
2025-10-20,2.292217042045593,1.8571038607036863,2.125478751941426,1.5035985508093799,1.8545094840731031,2.1074645268417793,2.1721031019618637,1.1007217557420663,1.3733344550319369
2025-10-21,2.292509029514504,1.8573032975336266,2.1157118370585466,1.4905797733558848,1.8545094840731031,2.1012667371513865,2.1748499894378495,1.0951681141562768,1.3733344550319369
2025-10-22,2.2789548493035476,1.8494403186803108,2.123799168297806,1.5011995803968188,1.8545094840731031,2.0946140452965114,2.178646672237704,1.0992317160295098,1.3733344550319369
2025-10-23,2.26856449690762,1.845215620103048,2.117280129150079,1.4926764537279171,1.8545094840731031,2.0803697377266195,2.1896237172038138,1.100256000128537,1.3733344550319369
2025-10-24,2.2762904097501333,1.8437513517014268,2.117280129150079,1.4926764537279171,1.8545094840731031,2.0870653305017424,2.1728636871738356,1.1044293351519192,1.3733344550319369
2025-10-27,2.2641971720558622,1.8303542643605681,2.1320599637853603,1.5116805761512828,1.8545094840731031,2.079803876250634,2.1723095884670767,1.1127878571656826,1.3733344550319369
2025-10-28,2.2601339753953553,1.8338230853605415,2.1311386418751335,1.5116805761512828,1.8545094840731031,2.0715844873022866,2.1930958516160017,1.111800344942226,1.3733344550319369
2025-10-29,2.2485404088552214,1.8273429057650383,2.133429615915149,1.5094578915605086,1.8545094840731031,2.067452694781461,2.193590567611536,1.1109159583042036,1.3733344550319369
2025-10-30,2.2546196792780986,1.831312389712492,2.1472435726781995,1.5173188157331903,1.8545094840731031,2.085331019797669,2.1862438878952535,1.1089213591972482,1.3733344550319369
2025-10-31,2.243177475859766,1.835376549049827,2.1113309239251565,1.4969656505069562,1.8545094840731031,2.0643565795056396,2.1948018990335916,1.095337072547082,1.3733344550319369
2025-11-03,2.2606997516487715,1.8484201901032906,2.143053671057132,1.515060741368874,1.8545094840731031,2.093927862450988,2.2113120826442607,1.108460840736912,1.3733344550319369
2025-11-04,2.2685971943996366,1.8579493523281438,2.1468960805671906,1.5172077453478752,1.8545094840731031,2.109065607534146,2.2202404435094225,1.1102675915996465,1.3733344550319369
2025-11-05,2.2558311435510046,1.8386096436642654,2.137769577023538,1.5121077791760376,1.8545094840731031,2.0954907349241823,2.1957253048328695,1.105976889315182,1.3733344550319369
2025-11-06,2.2538103073539637,1.8425666101117386,2.137769577023538,1.5121077791760376,1.8545094840731031,2.086034044305313,2.2188009207441617,1.105976889315182,1.3733344550319369
2025-11-07,2.269437123679565,1.858138752232316,2.137769577023538,1.5121077791760376,1.8545094840731031,2.096753459631155,2.2307997169700036,1.105976889315182,1.3733344550319369
2025-11-10,2.258265705151475,1.8497342295433892,2.137769577023538,1.5121077791760376,1.8545094840731031,2.08816152423922,2.229087668695363,1.1054629931318276,1.3733344550319369
2025-11-11,2.2665742476186597,1.852166911868252,2.136871713801188,1.5121077791760376,1.8545094840731031,2.093926582775118,2.2212775621350938,1.1091110210091628,1.3733344550319369
2025-11-12,2.239499970737357,1.8314362297548072,2.134734842087387,1.5113133016753417,1.8545094840731031,2.0732082055388585,2.2109182496893367,1.1053803748475866,1.3733344550319369
2025-11-13,2.238644556811277,1.8265475129835187,2.1309990561137337,1.5080448089488778,1.851032278790466,2.075605621738377,2.190798666500408,1.1048276846601628,1.3718630252586883
2025-11-14,2.237685745228611,1.8352109222993296,2.161293214477352,1.4950077870939293,1.935328019020216,2.0965781130414776,2.1919150518259536,1.0994542045574973,1.4075627065455831
2025-11-17,2.2172969041199924,1.8280166413139973,2.1511601103568374,1.4875164169008255,1.9416737424173802,2.0748352382707664,2.1890834947487305,1.0912082980233162,1.410199986638118
2025-11-18,2.207101423324879,1.8204850130062615,2.150670054344042,1.4871536667282166,1.964838831944832,2.0725391206998283,2.16354573913665,1.088480277278258,1.4198139039591644
2025-11-19,2.210147289299047,1.8224025547997917,2.1512887430276364,1.4876288556054933,1.985900295631137,2.0698838009481944,2.1600834103485727,1.0907561905852945,1.4285106140530321
2025-11-20,2.239862250735737,1.8403459919218441,2.112619093844103,1.4571815799232226,1.8867288595284202,2.061124613506835,2.1734306786174464,1.0980244662763834,1.3877468213158688
2025-11-21,2.2514698911972095,1.837769495075862,2.1078809097635416,1.453595140593922,1.8309114293479547,2.046294136976469,2.221329992497799,1.1100029149993986,1.3595105331369761
2025-11-24,2.2338831733386337,1.8200757315599034,2.1134592572854873,1.4578224857316338,1.8229042679927019,2.0340925046479126,2.2279828411940334,1.1150483827948505,1.35493951772776
2025-11-25,2.2411790201519395,1.8144107076313911,2.1407835326444298,1.4785013584244158,1.851163103885393,2.0535543975033064,2.223960230701101,1.1196757119418075,1.3711287560323617
2025-11-26,2.240799432570062,1.8127250794954493,2.1032162275932356,1.450861474395246,1.793025866713952,2.0278345711626877,2.226936292916074,1.1196757119418075,1.3367557523054077
2025-11-27,2.2545407354997096,1.8302348542032194,2.1461857742380093,1.4809857285640133,1.85080445639876,2.067602455583794,2.233258195873977,1.1196757119418075,1.3757706856508058
2025-11-28,2.2770799575024214,1.8570468689332398,2.1461857742380093,1.4809857285640133,1.85080445639876,2.046609584288423,2.3203993732686787,1.1196757119418075,1.3757706856508058
2025-12-01,2.278998637146222,1.858167641939978,2.1461857742380093,1.4809857285640133,1.85080445639876,2.052186141958165,2.3130121053024797,1.1196757119418075,1.3757706856508058
2025-12-02,2.258818805584461,1.8355176577589771,2.144576134907331,1.4809857285640133,1.85080445639876,2.043432369706205,2.2872354859834596,1.1192377965919968,1.3744530206230972
2025-12-03,2.2560093512364308,1.8265382502836922,2.144581622233383,1.4788526894294667,1.8488929304053197,2.0508996505665413,2.261985077929169,1.1156316933017454,1.3744575143012305
2025-12-04,2.278945961242743,1.8548363050966905,2.174670899409079,1.4806825509724866,1.8829753909336073,2.0873588500798896,2.277685099453773,1.1153841036955776,1.3991425639405786
2025-12-05,2.286392678348205,1.8633578631480658,2.19353941447248,1.5050733807309027,1.8980425460639125,2.108184664773321,2.2790225820819745,1.117412074793206,1.4140777926451378
2025-12-08,2.291934271973128,1.882758440911471,2.1927618104861355,1.5047427587544848,1.890878348504253,2.1122813928832262,2.3103348840840834,1.1179199893726575,1.4134702645219066
2025-12-09,2.283124185129667,1.87230046267934,2.220566698474431,1.5165663524238093,1.9151533654330464,2.1286592636974597,2.2959655167491917,1.1153792621240832,1.4351894234164277
2025-12-10,2.269732535236904,1.856462783453308,2.228449290507626,1.5199084776058065,1.9332740974067395,2.128709004993171,2.265790486428062,1.1199421772873182,1.441288265805871
2025-12-11,2.290260276629271,1.8874909512934908,2.2278775292430386,1.5196656037490157,1.9265988801105491,2.1373445566587552,2.3092687178268076,1.1184149834091992,1.4408452577474444
2025-12-12,2.315524904742174,1.8992903879469938,2.2472491059045057,1.53207720443046,1.9443377747896828,2.151846058648368,2.3248891565630316,1.1184034220484935,1.455898040854679
2025-12-15,2.3071251655189395,1.9091082969712065,2.2352663313623586,1.5243688402540079,1.9443377747896828,2.1507401291096424,2.3238682151372876,1.1091511755570014,1.4466243865447632
2025-12-16,2.2889358106171382,1.8921386972716276,2.2384623984016194,1.5264166565932549,1.9443377747896828,2.149985197392136,2.3027789122693774,1.1050674825924505,1.4490756771060829
2025-12-17,2.2968116158969263,1.8970202449152653,2.236783551602818,1.525340587007389,1.9443377747896828,2.1467904530691744,2.3114732790376395,1.1134559493921294,1.4477877211940129
2025-12-18,2.3012950118107978,1.9136704075945412,2.227184680986443,1.51918942684589,1.9443377747896828,2.1499544488189897,2.3165359621233073,1.1209915834074007,1.4404283735762278
2025-12-19,2.325166404540741,1.9449439029482805,2.2257335107908855,1.5173115821676126,1.9443377747896828,2.1654052573449327,2.343054462316201,1.11742479200565,1.439318926418736
2025-12-22,2.352047654963024,1.9769806733221478,2.226298075039814,1.5180504572811275,1.9443377747896828,2.16951830329749,2.390617359609383,1.1214881548856706,1.4397518366545683
2025-12-23,2.359840453534768,1.9859773906309486,2.227914460273986,1.5201726805194944,1.9443377747896828,2.170849025810391,2.406273635570167,1.1214350473238632,1.4409920194143948
2025-12-24,2.378701232529997,2.0091661863586445,2.2241871475431174,1.515255605261369,1.9443377747896828,2.184948825907827,2.4155127995045826,1.1276247468983829,1.4381290434454146
2025-12-25,2.374160356016027,2.003624816765086,2.227934424530695,1.5201884894212152,1.9443377747896828,2.183091282723293,2.4158687736293043,1.1271740352870476,1.4410063785236271
2025-12-26,2.4036998546677273,2.021266292321839,2.2384970397068202,1.5341262402498856,1.9443377747896828,2.202775737239714,2.4336919660222645,1.1281987389554904,1.4491383263718582
2025-12-29,2.3790367400377557,1.9953632161465258,2.2299207937151913,1.524473380426183,1.9443377747896828,2.197567813633705,2.3849685455889893,1.1296926043415398,1.4434860096215323
2025-12-30,2.340269870217643,1.9674997543339268,2.214501472399682,1.5142855293087445,1.9443377747896828,2.167750960089902,2.363666328703941,1.1246440435240055,1.4374842643019674
2025-12-31,2.3554866179777445,1.9706174469249522,2.241002468624217,1.5322161330514203,1.943134671781537,2.1855072388164545,2.363293269280367,1.139788903041148,1.43785172757063
2026-01-05,2.3648309608368403,1.961498921511509,2.2434580004869207,1.5172160964491295,1.9710932077861654,2.18977294551774,2.3646248471504894,1.1421706437532109,1.435799731866355
2026-01-06,2.351773104139074,1.941763748739699,2.2500848163599816,1.5199832221543241,1.9710932077861654,2.1875953711397846,2.3478831952455548,1.1421706437532109,1.440841377987554
2026-01-07,2.3773989621820024,1.9698141424973443,2.2408503011600858,1.516128690581881,1.9710932077861654,2.181542455928551,2.3847164963115786,1.1421706437532109,1.4338101111398378
2026-01-08,2.3736539463279205,1.965481118004623,2.2449396254156997,1.5178364235733315,1.9710932077861654,2.1770538171697336,2.39033464788089,1.1421706437532109,1.436906846190345
2026-01-09,2.351429215994477,1.950851543501778,2.246740575168185,1.5185878888794684,1.9710932077861654,2.173409145883678,2.3757679840370054,1.1421706437532109,1.4382708054276638
2026-01-12,2.376217537687494,1.9663806141990352,2.2407909513743722,1.513233100686797,1.9693067706254914,2.186171602545228,2.3749347605576214,1.1421706437532109,1.433763808816773
2026-01-13,2.37114323320958,1.965143898241573,2.2436668100748096,1.512515951760815,1.9729678439190226,2.1850927349137668,2.376020706265694,1.1421706437532109,1.4359366418987887
2026-01-14,2.372009437523211,1.964722069095756,2.240075601466814,1.5102071337923402,1.9702206532017679,2.1914582148624913,2.3642942833477782,1.1421706437532109,1.4332227480164859
2026-01-15,2.3860018782873555,1.9682719342375545,2.2708253603900914,1.5307598777796407,2.0000888419908454,2.210417600201448,2.371123783030653,1.1421706437532109,1.4564321346046472
2026-01-16,2.3707930401462805,1.9582869803013783,2.28535542710838,1.5404069048360793,2.0107967960672406,2.2061440546008466,2.374653366948442,1.1421706437532109,1.4670614094891652
2026-01-19,2.381089577799273,1.951879173754676,2.3418779039209827,1.5781555094092627,2.0618418746577496,2.2347590550350898,2.3762457132578283,1.1421706437532109,1.5082112961915148
2026-01-20,2.3652410501064036,1.9383406465248578,2.3445946199940746,1.5799069887426482,2.0581990498288416,2.2271121365132593,2.3717574219234785,1.1421706437532109,1.5100749163938785
2026-01-21,2.390074555791133,1.9457151583889882,2.37619099796036,1.6002716755391833,2.086095392081466,2.2590000129980568,2.370606457544258,1.1421706437532109,1.5317490230564925
2026-01-22,2.3870546194864435,1.9537832203282952,2.3625193409481113,1.591249173124244,2.078116292337667,2.252207411442546,2.376706097234348,1.1421706437532109,1.5224485753825225
2026-01-23,2.412586184893279,1.9788919583342315,2.346816987441215,1.5808720875423232,2.063485792194247,2.2748369820578596,2.3762581283015005,1.1421706437532109,1.5117770947617746
2026-01-26,2.4074971771086946,1.9636989249799157,2.377264544803112,1.6010543479495531,2.096646265950195,2.2828385722567064,2.362912286239643,1.1421706437532109,1.5324571825019004
2026-01-27,2.3857234668083933,1.9546126021655417,2.3566346955380486,1.5873938482469587,2.07270773813947,2.2573251052029843,2.366800508238264,1.1421706437532109,1.5185095788644518
2026-01-28,2.393556435167852,1.9545147726381997,2.351668898007971,1.5841128809571567,2.07270773813947,2.2555308164307672,2.361077755991478,1.1421706437532109,1.5152989731241882
2026-01-29,2.4220337050766743,1.9735685788257014,2.344967457213631,1.5796736185936746,2.07270773813947,2.284972394616751,2.3469781107852405,1.1421706437532109,1.511067089827281
2026-01-30,2.356467448297458,1.9236632461568046,2.3530489125480383,1.5855772754297466,2.07270773813947,2.243033228440421,2.3305981816318395,1.1413210998242296,1.5166922289714617
2026-02-02,2.290721849986995,1.9017289650320162,2.345038004131842,1.588185611634017,2.071724158062538,2.208724441199623,2.330792383908935,1.1358441846776657,1.519170577441816
2026-02-03,2.3378039698159663,1.9190049221989498,2.3745617022020817,1.5999385706359086,2.0824950467473773,2.2555088225780975,2.3327407731149217,1.1643440099389166,1.5207978999225338
2026-02-04,2.347801994810642,1.927863867973084,2.3710223428937756,1.5991126897360468,2.0831127708238477,2.27110435093452,2.3253233418927266,1.1655877410404425,1.518286423257484
2026-02-05,2.3382738431122143,1.918224214232976,2.399971610844528,1.5960798562030745,2.108179595994374,2.2644739203524304,2.329232572445925,1.1635574085226377,1.5402377703759762
2026-02-06,2.338530543682751,1.9166180118193363,2.417227918032887,1.60286326231184,2.1135238026059238,2.2642139664736978,2.3529823906346135,1.1680553956679118,1.5474706404500647
2026-02-09,2.3381335265744068,1.9121166547562634,2.4233605342158686,1.6053473766375332,2.119291949628792,2.2728849140226592,2.3437504711677852,1.169648648712448,1.5473521876377336
2026-02-10,2.357444505135283,1.9250476934291814,2.4233605342158686,1.6053473766375332,2.119291949628792,2.274768145749638,2.3627922308820133,1.1766208371154327,1.5473521876377336
2026-02-11,2.3721233891467977,1.9411070222250182,2.4233605342158686,1.6053473766375332,2.119291949628792,2.2803846495019506,2.3834266544483946,1.1776993769788768,1.5473521876377336
2026-02-12,2.3671959574929655,1.9436799590081422,2.4233605342158686,1.6053473766375332,2.119291949628792,2.2763945291965832,2.39432423547567,1.1685454409123592,1.5473521876377336
2026-02-13,2.3589797275525797,1.9386994742986785,2.4233605342158686,1.6053473766375332,2.119291949628792,2.2605037246240713,2.405226445480816,1.1719979615332365,1.5473521876377336
2026-02-24,2.4070141695113105,1.9837873781127155,2.421618455310071,1.6053473766375332,2.119291949628792,2.3155722781559263,2.4146783211224188,1.1579606223121452,1.5462384955873991
2026-02-25,2.380515154824351,1.966881684381654,2.3965514294854375,1.5952062680727839,2.119291949628792,2.282733182904144,2.4100166891656936,1.1659347602339767,1.529823643412727
2026-02-26,2.3702364584093467,1.9648553163557392,2.374059097630052,1.564798715519904,2.119291949628792,2.267081665250611,2.4138205376249466,1.1623574604014406,1.5147553339273159
2026-02-27,2.37849513985542,1.964941370815377,2.3389584096942784,1.5196264966245827,2.119291949628792,2.2525385464700847,2.406510364605378,1.1851585586324505,1.4912017787300176
2026-03-02,2.4395333652625997,1.9912554979706456,2.4149234312093477,1.6087344709229676,2.119291949628792,2.3343031228946614,2.3920918618500777,1.1845984354589707,1.5415428494688646
2026-03-03,2.444723573692037,1.9914970224336974,2.4133297190136136,1.6087344709229676,2.117283209092863,2.3405552087263843,2.3807720507243495,1.1875060861641882,1.5404959957886757
2026-03-04,2.4658579322452003,1.994878734370983,2.122321669101975,1.6087344709229676,1.7332938355654897,2.191463677939095,2.407190077886369,1.187991884108528,1.3485439049961248
2026-03-05,2.467517910411237,1.998222736219952,2.122321669101975,1.6087344709229676,1.7332938355654897,2.1945251384713154,2.4057063902438585,1.1875058874286655,1.3485439049961248
2026-03-06,2.4820217052122713,2.0180859384024767,2.122321669101975,1.6087344709229676,1.7332938355654897,2.2037581268953805,2.420444463824508,1.1917824869266882,1.3485439049961248
2026-03-09,2.494983103420753,2.034341556740673,2.122321669101975,1.6087344709229676,1.7332938355654897,2.2212507800584524,2.4083750262691614,1.173116525257418,1.3485439049961248
2026-03-10,2.4722357431668422,2.0179189213297044,2.122321669101975,1.6087344709229676,1.7332938355654897,2.2077810845862977,2.412938599583994,1.1696504991600667,1.3485439049961248
2026-03-11,2.464013910815976,2.0247026938016788,2.122321669101975,1.6087344709229676,1.7332938355654897,2.214795233813319,2.4156702626517035,1.125514539316513,1.3481396742714833
2026-03-12,2.4771310343953528,2.014312203878552,2.122321669101975,1.6087344709229676,1.7332938355654897,2.217169508328982,2.410385733248881,1.1366886940087289,1.3035223757135812
2026-03-13,2.4168339643846433,1.9920900054463402,2.122321669101975,1.6087344709229676,1.7332938355654897,2.208259640701357,2.401945267265395,1.0683107555172495,1.3035223757135812
2026-03-16,2.4462762552285287,1.9958226964235195,2.122321669101975,1.6087344709229676,1.7332938355654897,2.204975544618539,2.4089907491657967,1.1033090592300914,1.3035223757135812
2026-03-17,2.433036903863513,1.9885810003524862,2.122321669101975,1.6087344709229676,1.7332938355654897,2.197919051972455,2.4169948631549847,1.0940630505803652,1.3035223757135812
2026-03-18,2.4277945916731767,1.9819924746342306,2.122321669101975,1.6087344709229676,1.7332938355654897,2.189736353731341,2.4250642344501645,1.1009577809180495,1.3031790551213756
2026-03-19,2.401803485086271,1.9498135747017065,2.122321669101975,1.6087344709229676,1.7332938355654897,2.1886693768449614,2.358459407209684,1.100842828312375,1.294014233222993
2026-03-20,2.4134476350309395,1.939541486484361,2.122321669101975,1.6087344709229676,1.7332938355654897,2.183570153251981,2.3426832616791473,1.1237368642214272,1.2936744417346602
2026-03-23,2.434522173958455,1.9558286058415697,2.122321669101975,1.6087344709229676,1.7332938355654897,2.1931229275161774,2.3528549347074255,1.1303737374677194,1.2886179381047194
2026-03-24,2.4215800150527005,1.9487447303723242,2.1216848842831815,1.6087028435700472,1.732744667273276,2.174768295183467,2.3664581929395165,1.1355578987826633,1.3171082902205284
2026-03-25,2.4030053081962297,1.9426667599617522,2.127339470496512,1.6089803923214803,1.7376198691483022,2.181484239601911,2.34457058864444,1.1335999705071869,1.322444236301942
2026-03-26,2.411369693747499,1.9528581222880939,2.1438194328884723,1.6497521976891607,1.751827841462214,2.2040362882426536,2.3283788608593556,1.1335999705071869,1.3435488186840279
2026-03-27,2.407224379207364,1.9510807421302647,2.1480161910853615,1.6595852754274327,1.7554432079035434,2.207266808515543,2.316535854895204,1.1335999705071869,1.3555003396555783
2026-03-30,2.4078418964152197,1.9381519767385365,2.0981328802868235,1.5440648268551052,1.7130206169420432,2.166303910778413,2.3083890410254444,1.1347171968283214,1.3186213566896152
2026-03-31,2.4071793309304703,1.9336081316221245,2.129301473037532,1.5700561238493456,1.7275522909316774,2.1861280802840053,2.310862142155787,1.1330381569441026,1.334838968595336
2026-04-01,2.4048370394869227,1.945520864074225,2.213317385920647,1.63409624659782,1.784911192145247,2.2512478993363443,2.3187966485436067,1.131083098703648,1.3983474843461363
2026-04-02,2.42877885704707,1.954587452778675,2.191882653497179,1.6178375907109996,1.7655159306828139,2.240807802410995,2.3229414178358883,1.1324762432346698,1.3789199102838767
2026-04-03,2.417097022037392,1.9680485922095774,2.1928253439508483,1.6185515639393124,1.7786369903394883,2.2388394906764897,2.350890789847679,1.1316394042587479,1.3918762521865424
2026-04-07,2.362929890482408,1.9653073230966656,2.1384531311012567,1.577356218912038,1.7802938882609487,2.1857052910652905,2.3407494523472323,1.1304703325467058,1.3932966901303803
2026-04-08,2.460906893038421,1.99048531469189,2.2098893478077555,1.631077728702923,1.8175409317164148,2.2401636113498236,2.3951087561761404,1.2133483592486707,1.4285666502506473
2026-04-09,2.4389296278898196,1.9811203813199392,2.201749496925418,1.6249571004195174,1.811770180129734,2.2303793092991473,2.395301877653722,1.194622509017258,1.4243380826808183
2026-04-10,2.4512986460566273,1.9775993004937624,2.179524651490042,1.6082559428785017,1.7914716647126363,2.205392057225461,2.4015202723081313,1.2083817906947067,1.412779942421137
2026-04-13,2.420213016605874,1.957528747155649,2.1412086717221785,1.5795150423890232,1.7666135223349257,2.166366763207941,2.383751474036413,1.198414210489246,1.392725712625867
2026-04-14,2.4861876672577026,1.9886361798276333,2.2071126386094164,1.6287807858788772,1.77098473383311,2.2305969259433587,2.4279157811702707,1.2025872861942506,1.4277904383155056
2026-04-15,2.478577919307423,2.0012448278954835,2.239270230690139,1.6528167800135851,1.8026223059815145,2.2651706743349824,2.4337612439982688,1.1918161836521384,1.4455044880556027
2026-04-16,2.474933109953252,2.0181542494207303,2.2294978250089166,1.6455064373932955,1.802899969681848,2.2625681485701667,2.437828201873452,1.195053837057226,1.4400834566180738
2026-04-17,2.4757316301743257,2.009876924924093,2.2255104248690984,1.6426969799456632,1.7993361794268783,2.25724983272836,2.4244870772286307,1.1997238077010017,1.4379968112986938
2026-04-20,2.49649707804052,2.0536083040426947,2.2373901705167105,1.651836124947018,1.8089544294986837,2.2772458798960535,2.4777969643080855,1.1985678716691555,1.444787488894573
2026-04-21,2.520245414426012,2.069226189654827,2.250420791783262,1.6583325990107942,1.8128725243203867,2.2941021601869784,2.4846018649532065,1.2072536096401636,1.4503115124494312
2026-04-22,2.5296705101720174,2.084680283216239,2.2482891335915594,1.6572689868048291,1.8098872883297996,2.2961332013566733,2.501280179664925,1.2063106983463683,1.4489401266349604
2026-04-23,2.528621469538565,2.0756797883058096,2.252752043070026,1.6594959581885982,1.8081306922867448,2.300209894938511,2.479601695167542,1.2033993050226195,1.4525348287123203
2026-04-24,2.516453414531852,2.0665057900281876,2.2296785136761836,1.647985998081835,1.7920018625293168,2.2758951652059007,2.4778478048353936,1.203879791756093,1.4389703666649003
2026-04-27,2.525740064501051,2.079495352364559,2.242266106173439,1.6543352111246863,1.8024512306560407,2.2909561783895187,2.4883410690595147,1.202278113924421,1.4465488840922827
2026-04-28,2.5259946863381257,2.086236918301782,2.241789513084388,1.65409456571871,1.803992983220532,2.2938971848552043,2.4870483916455433,1.199092276612445,1.4470127733999105
2026-04-29,2.5301770979641187,2.0992312990775193,2.237013185790999,1.651682387839404,1.8010193866179,2.292310009794916,2.5039662998419243,1.1976926941495871,1.4441660830914596
2026-04-30,2.5380126088180552,2.0928095486532903,2.2220868090813353,1.644237122314713,1.7800662931749922,2.2774667617561692,2.493470246971226,1.2045593757435211,1.4344367230707389
2026-05-06,2.537041241027515,2.0962803373265526,2.2493478653996526,1.6558884461053693,1.8130340634159667,2.3101355900653924,2.48703760792536,1.2023542162085683,1.4470400378647406
2026-05-07,2.534306608350125,2.089822494720716,2.2636776110007943,1.6594695404754376,1.8209028064085735,2.319590969541999,2.4994158196534917,1.2023542162085683,1.4550842979531187
2026-05-08,2.5190825155458194,2.081168369314232,2.2563782388296754,1.6596393172807808,1.8209028064085735,2.310166937375971,2.5021334722479946,1.2023542162085683,1.4509828563362712
2026-05-11,2.5389731784208025,2.0976010647991794,2.263355537031617,1.6600027449812476,1.8209028064085735,2.32339054647612,2.4998436695739508,1.2023542162085683,1.4549055965297784
2026-05-12,2.5239689677665065,2.0832689439695686,2.2548090223395847,1.6572833245213363,1.8209028064085735,2.3131400576562045,2.477084942716676,1.2023542162085683,1.4501011408540863
2026-05-13,2.5319829299515137,2.103785588150284,2.2477026862368317,1.6536088551640176,1.8209028064085735,2.311845063190524,2.4863885170047877,1.2023542162085683,1.4461051086455647
2026-05-14,2.514383119135898,2.0764422772128865,2.249741016793199,1.6551923298910396,1.8209028064085735,2.3057315331269885,2.47226387067918,1.2023542162085683,1.4472519734823905
2026-05-15,2.5083530869562725,2.068784148189743,2.2510040531630775,1.6561732084217866,1.8209028064085735,2.3010833583603176,2.493216551349993,1.2023542162085683,1.4479624980772616
2026-05-18,2.505286583727268,2.0719582338819573,2.2449578043294203,1.651478181843989,1.8209028064085735,2.2933781174060597,2.504115089287974,1.2023542162085683,1.4445618921128236
2026-05-19,2.5071468890777937,2.0777548605050864,2.2410726350511156,1.6484629902034258,1.8209028064085735,2.2907566063352873,2.5114240411611193,1.2023542162085683,1.4423758076499393
2026-05-20,2.4970155113266013,2.0673264319535014,2.236621134259021,1.6450093703337014,1.8209028064085735,2.28541447428955,2.4900211283950315,1.2023542162085683,1.4398705470376791
2026-05-21,2.4801147698450396,2.042703627304484,2.2391950358698254,1.6470055542917355,1.8209028064085735,2.2803487396992943,2.4838332416845903,1.2023542162085683,1.441319475630431
2026-05-22,2.4660961971246707,2.039918989968237,2.226625917191116,1.6372561200436815,1.8209028064085735,2.2660553176525453,2.4961752964185413,1.2023542162085683,1.434244057913776
2026-05-25,2.470532976237782,2.0449947528796706,2.2292846450629784,1.6393156089200782,1.8209028064085735,2.271364460088357,2.496684762705733,1.2023542162085683,1.4357427997171122
2026-05-26,2.464733470297285,2.0468216113843045,2.2296025188244952,1.6395618739114668,1.8209028064085735,2.266434087768423,2.521864175360002,1.2023542162085683,1.4359219869617816
2026-05-27,2.4734513879804996,2.044391552949435,2.239592724399017,1.647299948387495,1.8209028064085735,2.2761108099110823,2.5131675995660507,1.2023542162085683,1.4415535884499
2026-05-28,2.487953954540098,2.0494054745733026,2.2462842020509823,1.6524941089982879,1.8209028064085735,2.2845661753760598,2.5092596429454055,1.2023542162085683,1.445327391966916
2026-05-29,2.489947387081556,2.0641982693507863,2.245513972323116,1.6518933619313143,1.8209028064085735,2.283921984209272,2.5386959134829783,1.2023542162085683,1.44489298446132
2026-06-01,2.4841970744476765,2.0484512691222037,2.2417477256095713,1.6489062482715349,1.8209028064085735,2.2773262327221504,2.525005020628066,1.2023542162085683,1.4427721418275006
2026-06-02,2.484618416442771,2.0473322073754896,2.2402772171634164,1.6477403731598785,1.8209028064085735,2.2778980673445095,2.5155201705453507,1.2021685780995048,1.4419439023868763
2026-06-03,2.4852072888217696,2.036024669964948,2.2425606703456227,1.6493962621622964,1.8209028064085735,2.27935576706873,2.495463822037585,1.2013160225116348,1.4432044947594596
2026-06-04,2.471657874695191,2.0304756308850953,2.2380794127976316,1.6461468093247815,1.8209028064085735,2.272000353937398,2.4968137221173357,1.2018580874803089,1.4407307630551465
2026-06-05,2.47064796032942,2.02289567733395,2.242331602332374,1.6494019285196222,1.8209028064085735,2.2728962853830907,2.4991746620348723,1.2025198386476674,1.4432093427147548
2026-06-08,2.44978718187402,1.9941793050035383,2.2316172959892113,1.641109816990206,1.8209028064085735,2.2554437636014604,2.477672282546535,1.2024017104412326,1.436894978430163
2026-06-09,2.4555473370532805,2.004400723876978,2.2281761002951272,1.6394783938258914,1.8209028064085735,2.2540448209309956,2.499352688288529,1.2024536300985147,1.435959396684111
2026-06-10,2.454377769385519,1.990884699051378,2.2337297700200454,1.6421554219371368,1.8209028064085735,2.2590223357722,2.4762155644562953,1.2026132124862194,1.4384533375687942
2026-06-11,2.440940054044691,1.9810729996181038,2.227069278647534,1.6389462623313107,1.8209028064085735,2.2459444716234334,2.488118121905454,1.2017878726428024,1.4350487026079806
2026-06-12,2.4484373391005168,1.9819638658712346,2.229183413557005,1.6399649877523823,1.8209028064085735,2.2517864019572866,2.4708073591013897,1.2017878726428024,1.4368537211182932
2026-06-15,2.478232700733535,2.028484494327036,2.2345445164125466,1.642553903632065,1.8209028064085735,2.2682937268544054,2.502233494682524,1.2027319473007416,1.4399234729844272
2026-06-16,2.485581747479532,2.0373435095114,2.239225897177485,1.6448196460906883,1.8209028064085735,2.2736898565628887,2.5115922226967036,1.200359558888812,1.4440405385384198
2026-06-17,2.49776902204219,2.0409796347499047,2.2484706075535303,1.6492914774565897,1.8209028064085735,2.285839213791299,2.496835122260982,1.200359558888812,1.4493328649393573
2026-06-18,2.495097348961823,2.037634400506246,2.2480500063178535,1.649188603756934,1.820620933921413,2.2862935463760485,2.480143548858683,1.2003108224888677,1.4490032035700966
2026-06-22,2.5064153468605106,2.0509563199958505,2.2475865938451234,1.6491801364994862,1.820016162952881,2.291456134670041,2.482199478850232,1.2006365968149177,1.4496152539365934
2026-06-23,2.49506990997717,2.047681162006313,2.2421671877387768,1.64666083187514,1.8191308014466703,2.2849297785372764,2.4756736504202115,1.193277098574687,1.4491565033608524
2026-06-24,2.4922841345544655,2.0414098785655375,2.243181695480153,1.6471317199417392,1.818851804092635,2.2849186582014984,2.4665275447839425,1.1939506729612626,1.449243063526897
2026-06-25,2.4892400568670223,2.0452040381296546,2.2384622271768952,1.64484554415703,1.819758025093032,2.2835739367560306,2.462073026527321,1.187226060942239,1.4491598628177775
2026-06-26,2.479320466590233,2.021476790376303,2.2431253390768635,1.647120087952942,1.8212999009503827,2.280455340813067,2.4476132679570988,1.193690294197948,1.4482802001061408
2026-06-29,2.4785500463091874,2.0149819567271887,2.248017288949352,1.6495057575411447,1.8212999009503827,2.2851220170554862,2.432839966992298,1.1961629689965412,1.4481996388776628
2026-06-30,2.4839560636218305,2.0246212414237315,2.2489973574353357,1.6500124167145216,1.8212999009503827,2.2906223955169636,2.4284713700279865,1.1964171108013957,1.4478561169640518
2026-07-01,2.4912945896404146,2.035297587330975,2.25022401326899,1.6506482621878174,1.8212999009503827,2.2965538497760885,2.435147902165186,1.1951752906901507,1.4485919737745736
2026-07-02,2.492050844234354,2.0360966097122186,2.250580205378893,1.6508347540977886,1.8212999009503827,2.29574124529484,2.444367373073668,1.1955770477065368,1.4488264455171316
2026-07-03,2.4887015375387738,2.0329237244182004,2.2503372916113022,1.6506438197937854,1.8212999009503827,2.2967134760372754,2.4313226169388584,1.192703220362254,1.4486623934341483
2026-07-06,2.4868665197015427,2.02850086369451,2.2504647435835694,1.6507439993215234,1.8212999009503827,2.2904406945908606,2.454550538273445,1.1922155554119869,1.4487495479468995
2026-07-07,2.4790489701797087,2.015520676324826,2.2507896652851427,1.651258716688037,1.8212999009503827,2.28765837495467,2.4405248471693892,1.1926145511887138,1.4489601154538394
2026-07-08,2.4709088869438047,2.0063598580393887,2.253563501659798,1.655764323697986,1.8212999009503827,2.2808737258538945,2.4743521368086285,1.1948794152504554,1.4507620540314177
2026-07-09,2.470108072042482,2.004333346921296,2.2528517737491986,1.6546068194838905,1.8212999009503827,2.2789465239758058,2.4727685501178778,1.1939834605821973,1.4502997162273652
2026-07-10,2.4682680124708485,2.0096463574089545,2.2534477738384044,1.6555796284665887,1.8212999009503827,2.2815353581793962,2.4793368614912947,1.1908406477695697,1.4506869417487458
2026-07-13,2.466009725732394,2.012640788316859,2.2496645733389005,1.6493023733687435,1.8212999009503827,2.2809668892174875,2.459431192093923,1.1890273222377388,1.4482267412858396
2026-07-14,2.439618739000254,1.9843460076133956,2.2523032421414473,1.654182794950582,1.8212999009503827,2.262786099690238,2.477733523581903,1.1856223803604216,1.4499578039123928
2026-07-15,2.4425755456616103,1.991792525816051,2.2528926876295094,1.655375115160325,1.8212999009503827,2.2594774092147993,2.5113781307661407,1.1859187859555118,1.450346849090827
2026-07-16,2.442934534032048,1.9963111523103092,2.2539306365248315,1.657500307641137,1.8212999009503827,2.265359849626277,2.508019680083861,1.183385232185516,1.4510322110486282
2026-07-17,2.44963143818008,2.0121500784818154,2.254210068555046,1.658073740793223,1.8212999009503827,2.274045380566661,2.517905987575805,1.1829549102829031,1.4512166709871048
2026-07-20,2.4482746416541237,2.008104907853551,2.254210068555046,1.658073740793223,1.8212999009503827,2.265912562573279,2.537467037600562,1.186611316369232,1.4507489614916085
2026-07-21,2.439094437500808,2.0053923295461358,2.254210068555046,1.658073740793223,1.8212999009503827,2.2666093518728716,2.53593793428473,1.1847235256386446,1.4402212880743006
2026-07-22,2.426371395559249,1.996841262357828,2.254210068555046,1.658073740793223,1.8212999009503827,2.262032003677155,2.533428792304584,1.1806577699029301,1.439752978348582
2026-07-23,2.4213434240569973,1.9958315786867338,2.254210068555046,1.658073740793223,1.8212999009503827,2.2603346096738015,2.5352442493839837,1.1821210234766855,1.4420968207549743
2026-07-24,2.436812594107204,2.018311637539242,2.254210068555046,1.658073740793223,1.8212999009503827,2.2755359536611532,2.5410151821766296,1.181907355101692,1.4359964317644798
2026-07-27,2.4695641793205585,2.032124407623174,2.254210068555046,1.658073740793223,1.8212999009503827,2.2763170113763884,2.5639704667594647,1.2101735935356086,1.4374697306028468
2026-07-28,2.5008123277191774,2.033045405481043,2.254210068555046,1.658073740793223,1.8212999009503827,2.281023746428159,2.537205518714557,1.2317160586978078,1.4499363473041897
2026-07-29,2.492835681762924,2.02116585598059,2.254210068555046,1.658073740793223,1.8212999009503827,2.2809252403137075,2.510490106749739,1.2345459263426661,1.4468377058707589
2026-07-30,2.510456976662209,2.0173430570273947,2.253337569927761,1.658073740793223,1.8201689117330158,2.291413769031936,2.460005133875659,1.236566092403954,1.4572510986676424
2026-07-31,2.519545987230915,2.020009222730635,2.258367452537811,1.6612596142958396,1.838483876618111,2.297534386808341,2.4592790991126523,1.238982713518339,1.458226333941588
2026-08-03,2.5374123967633584,2.024508032296153,2.2565347986405326,1.6557013406740477,1.8291333602841295,2.3098162839919274,2.4357896145393707,1.2423593215551,1.457190715692194
2026-08-04,2.5447367902154485,2.041944360212812,2.2726278987112685,1.669228143343054,1.8346139788523415,2.3186587547635114,2.48272445973553,1.260349987879088,1.4370336243257278
2026-08-05,2.5444515335992,2.0417671028277877,2.2734559194625947,1.6699065688718184,1.8328938477023453,2.3144109745546153,2.4917326299461577,1.26135253900581,1.4394272215455306
2026-08-06,2.5362794567619202,2.0579224809255083,2.2749604671185457,1.6711032549718527,1.8328938477023453,2.2959009705772004,2.5679082444156216,1.2597185141257343,1.437501012291192
