entry_time,exit_time,contract,signal,score,regime,entry_price,exit_price,stop,position,qty,volume_ratio,ER,volume_z,PnL,exit_reason,bars_held,entry_reason
2026-07-07 06:45:00+00:00,2026-07-07 06:50:00+00:00,SI=F,1.0,8.161308438249982,range,61.64499938964844,61.599999542236326,61.35714287894113,1.2158835634462222,1.2158835634462222,1.1649721220072153,0.10695190438403054,,-279.6522919471213,signal_change,1,SCORE
2026-07-07 11:05:00+00:00,2026-07-07 11:15:00+00:00,SI=F,-1.0,-34.9586913433363,range,61.1299983215332,61.16499984741211,61.31642748151506,-3.7537273861219735,3.7537273861219735,2.1761658031088085,0.17482513751580564,1.0945578260450037,-675.6995681692428,signal_change,2,SCORE
2026-07-07 11:20:00+00:00,2026-07-07 11:25:00+00:00,SI=F,-1.0,3.7666359294369354,range,61.33500015258789,61.424998168945315,61.538571472167966,-1.7176566304636671,1.7176566304636671,1.156412157153447,0.07255648055220615,0.13416405475392026,-781.5167307768786,signal_change,1,SCORE
2026-07-07 11:45:00+00:00,2026-07-07 12:40:00+00:00,SI=F,1.0,55.624739813538326,range,61.560000305175784,61.919999237060544,61.739287512642996,1.538211429472794,1.538211429472794,1.788053949903661,0.2802808907192545,1.5058255260906355,2761.081300968319,signal_change,11,SCORE
2026-07-07 13:00:00+00:00,2026-07-07 13:05:00+00:00,SI=F,1.0,41.25397508975085,range,62.104998474121096,61.72428349086216,61.729283490862166,0.9325113185786167,0.9325113185786167,3.2609776304888154,0.2680832413479644,4.854043050532271,-1779.7677118000117,stop,2,SCORE
2026-07-07 13:35:00+00:00,2026-07-07 13:40:00+00:00,SI=F,1.0,27.46662502516353,range,61.82499969482422,61.91000091552734,61.46428544180734,0.9273306794429206,0.9273306794429206,1.6014828544949027,0.1827510253445753,2.0543247093554324,389.4845453432944,signal_change,1,SCORE
2026-07-07 13:45:00+00:00,2026-07-07 13:50:00+00:00,SI=F,1.0,15.857031029105862,range,62.26999938964844,62.08500015258789,61.837856859479636,1.6192429622865292,1.6192429622865292,1.2462311557788945,0.163302274534398,1.354300694364088,-1505.889778004813,signal_change,1,SCORE
2026-07-07 14:00:00+00:00,2026-07-07 14:05:00+00:00,SI=F,-1.0,-14.619507591252415,range,61.76500045776367,61.639998321533206,62.25857160295759,-0.7077901885466014,0.7077901885466014,1.181440965673331,0.08492289953800547,1.253208610029648,438.83747691370604,signal_change,1,SCORE
2026-07-07 14:25:00+00:00,2026-07-07 14:30:00+00:00,SI=F,-1.0,-5.761172567693143,range,61.39000045776367,61.53499877929688,61.85214285714285,-0.7562569621492858,0.7562569621492858,0.8188501413760604,0.21768668645809547,0.39998151769576396,-552.0612356079937,signal_change,1,SCORE
2026-07-07 14:35:00+00:00,2026-07-07 14:45:00+00:00,SI=F,-1.0,-61.55098828233142,range,61.2549983215332,61.365000610351565,61.75142613002232,-0.7036374264881227,0.7036374264881227,1.744695652173913,0.22165765598293907,2.3611263701625584,-390.52682419222657,signal_change,2,SCORE
2026-07-07 15:55:00+00:00,2026-07-07 16:00:00+00:00,SI=F,-1.0,-9.355673034316698,range,60.919999237060544,61.08500183105469,61.19142802647182,-1.2864092345226141,1.2864092345226141,0.8793982043193399,0.34474068574690303,-0.24956462422316156,-1067.7363493438866,signal_change,1,SCORE
2026-07-07 17:25:00+00:00,2026-07-07 17:30:00+00:00,SI=F,1.0,29.314191682710245,range,61.34500015258789,61.43499862670898,61.15964453560965,1.8018976036744758,1.8018976036744758,1.8412322274881519,0.16774380909721845,0.6892204111333798,801.8306862473723,signal_change,1,SCORE
2026-07-07 17:35:00+00:00,2026-07-07 17:40:00+00:00,SI=F,1.0,-0.7508585306212336,range,61.48499954223633,61.44500076293945,61.306428658621655,1.95482839736131,1.95482839736131,0.6389124893797791,0.1575559387978893,-0.7471032366898646,-400.72789013345107,signal_change,1,SCORE
2026-07-07 18:55:00+00:00,2026-07-07 19:00:00+00:00,SI=F,-1.0,3.3700808112410394,range,60.8799983215332,60.8700016784668,61.11571337018694,-1.480326273028514,1.480326273028514,0.6392045454545455,0.34020413139287037,-0.5599541745844607,66.58983550126706,signal_change,1,SCORE
2026-07-07 19:05:00+00:00,2026-07-07 19:30:00+00:00,SI=F,-1.0,-74.31803802369119,range,60.73000061035156,60.19999969482422,60.411428451538086,-2.220640289769984,2.220640289769984,2.3147581139007958,0.4947347287055162,1.5437801150568096,5873.60373172608,signal_change,5,SCORE
2026-07-07 19:35:00+00:00,2026-07-07 19:40:00+00:00,SI=F,-1.0,-13.890563915058447,range,60.419999237060544,60.4950016784668,60.87928497314453,-0.7642611551835078,0.7642611551835078,0.8476357267950964,0.4285700342265197,-0.17037463492393604,-290.42856832955704,signal_change,1,SCORE
2026-07-07 22:35:00+00:00,2026-07-07 22:40:00+00:00,SI=F,-1.0,1.9687662910583974,range,60.075001831054685,60.104998474121096,60.30857301984514,-1.502379634393823,1.502379634393823,0.4116424116424116,0.22695409622288776,-0.7102407781860135,-232.84362638775468,signal_change,1,SCORE
2026-07-08 00:40:00+00:00,2026-07-08 00:50:00+00:00,SI=F,1.0,49.185523548266396,range,60.63500106811524,60.58500015258789,60.30785862513951,1.0724108396315146,1.0724108396315146,1.6754306436990027,0.33333173388354403,-0.19591068090191469,-273.4696732133008,signal_change,2,SCORE
2026-07-08 01:05:00+00:00,2026-07-08 01:10:00+00:00,SI=F,1.0,-9.064690026954178,range,60.37499893188477,60.3799983215332,59.98214287894113,0.892783463401025,0.892783463401025,3.2321608040201,0.0,1.5397758623206854,17.85294470908832,signal_change,1,SCORE
2026-07-08 03:05:00+00:00,2026-07-08 03:10:00+00:00,SI=F,1.0,29.504649067907504,range,60.90500152587891,60.98000061035156,60.55285973685129,1.992047788842313,1.992047788842313,1.8579743888242144,0.2696627929238234,0.764563887256204,737.0485630005011,signal_change,1,SCORE
2026-07-08 03:30:00+00:00,2026-07-08 03:35:00+00:00,SI=F,1.0,3.1861906267844122,range,61.13,61.044999237060544,60.807144186837334,1.0871713897743227,1.0871713897743227,0.6594827586206897,0.2965249531548146,-0.2993176748999494,-467.4878448327145,signal_change,1,SCORE
2026-07-08 04:00:00+00:00,2026-07-08 04:05:00+00:00,SI=F,1.0,25.16882500768929,range,60.775000457763674,60.71500122070312,60.477857883998325,1.1806991435166765,1.1806991435166765,1.8639455782312926,0.1674881753487262,0.7178145391417845,-360.1087347628223,signal_change,1,SCORE
2026-07-08 05:35:00+00:00,2026-07-08 05:45:00+00:00,SI=F,1.0,30.512125723699537,range,61.295000915527346,61.21999847412109,60.970716770717075,2.1629792877793097,2.1629792877793097,2.799431009957326,0.13930378473579727,0.8642739044904344,-821.958532911952,signal_change,2,SCORE
2026-07-08 06:05:00+00:00,2026-07-08 06:10:00+00:00,SI=F,1.0,29.292840908601008,range,61.06500137329102,61.02999984741211,60.66428758893694,0.8744951446286232,0.8744951446286232,2.6513089005235604,0.09259134980484962,1.753065186776476,-157.41579790164857,signal_change,1,SCORE
2026-07-08 06:30:00+00:00,2026-07-08 06:35:00+00:00,SI=F,1.0,11.694590020365961,range,61.38,61.2549983215332,60.977143990652905,0.8697081715175781,0.8697081715175781,1.1433224755700326,0.22004255177686913,0.470465011782888,-547.9234469375407,signal_change,1,SCORE
2026-07-08 06:40:00+00:00,2026-07-08 06:45:00+00:00,SI=F,1.0,14.676864694612995,range,61.310000305175784,61.23999893188476,60.988571733747214,1.0894345468773041,1.0894345468773041,1.2138728323699421,0.23809359045999423,0.7147103930479035,-386.7567446948475,signal_change,1,SCORE
2026-07-08 08:20:00+00:00,2026-07-08 09:15:00+00:00,SI=F,-1.0,-78.67340220288696,trend,60.37500106811523,58.90500152587891,59.57428741455078,-1.6555952258924203,1.6555952258924203,2.864253393665158,0.5010279957779026,2.2379438230324196,12160.343144823037,signal_change,11,SCORE
2026-07-08 11:40:00+00:00,2026-07-08 11:40:00+00:00,SI=F,-1.0,62.63382033133702,range,58.55500137329101,58.98428617204939,58.979286172049385,-1.670086443561325,1.670086443561325,4.623553437712729,0.10367959541163728,2.947618425657817,-3593.0640463843674,stop,1,SCORE
2026-07-08 11:45:00+00:00,2026-07-08 11:55:00+00:00,SI=F,1.0,30.039953234342008,range,59.19499862670899,59.169999237060544,58.77535765511649,1.5816147372360407,1.5816147372360407,3.3010971149939046,0.0630048783854738,2.0243379163262745,-205.60508913559494,signal_change,2,SCORE
2026-07-08 13:00:00+00:00,2026-07-08 13:10:00+00:00,SI=F,1.0,38.375152147237245,range,58.955000762939456,58.98000061035156,58.60285895211356,0.7331661298768453,0.7331661298768453,2.926754442029912,0.11206868202336609,2.8839813963978744,87.97937622383667,signal_change,2,SCORE
2026-07-08 14:20:00+00:00,2026-07-08 14:25:00+00:00,SI=F,-1.0,3.0438095482124328,range,58.564999694824216,58.74999893188477,59.00714163643973,-1.5967605452773925,1.5967605452773925,0.699768207880932,0.11070258217812863,-0.12254793119154009,-1484.9812159499302,signal_change,1,SCORE
2026-07-08 14:40:00+00:00,2026-07-08 14:50:00+00:00,SI=F,-1.0,-49.63721716842084,range,58.21999847412109,58.05499923706055,58.69356916155134,-1.488595767525547,1.488595767525547,1.3651475743525954,0.25076527517242025,1.0963395682934587,1220.6428508287063,signal_change,2,SCORE
2026-07-08 15:15:00+00:00,2026-07-08 15:30:00+00:00,SI=F,-1.0,-36.893296506184186,range,57.96500122070312,57.82499969482422,58.447857971191404,-0.7308686998935692,0.7308686998935692,1.7253512213643845,0.40944937470244486,1.3062023533731297,507.9593225116739,signal_change,3,SCORE
2026-07-08 15:35:00+00:00,2026-07-08 15:40:00+00:00,SI=F,-1.0,-17.86691839456362,trend,57.735001678466794,57.755,58.19928739275251,-0.7604857534121782,0.7604857534121782,0.9022773828172068,0.5603473365221294,-0.0041067670302852395,-79.84462185786516,signal_change,1,SCORE
2026-07-08 16:55:00+00:00,2026-07-08 17:00:00+00:00,SI=F,1.0,-6.051675733918653,range,58.365000610351565,58.30500137329101,58.062144165039065,1.16574942047258,1.16574942047258,0.7101592222065662,0.05347762670719393,-0.5879936769993684,-355.5491262630401,signal_change,1,SCORE
2026-07-08 17:25:00+00:00,2026-07-08 17:40:00+00:00,SI=F,1.0,51.3138236463218,trend,58.56999862670899,58.65499984741211,58.43214416503906,2.3197367081003777,2.3197367081003777,1.2331180270111568,0.5611324103062062,0.1344790545371868,974.303575951343,signal_change,3,SCORE
2026-07-08 18:50:00+00:00,2026-07-08 18:55:00+00:00,SI=F,1.0,0.8931428666698435,range,59.03499877929688,58.91000091552734,58.72571293422154,1.1422161579388637,1.1422161579388637,0.555812876331635,0.33698848897705114,-0.9374485885566592,-719.5839793167208,signal_change,1,SCORE
2026-07-08 20:40:00+00:00,2026-07-08 20:45:00+00:00,SI=F,-1.0,3.3296828996154417,range,58.53500091552734,58.56500137329102,58.72285840715681,-1.87918742133728,1.87918742133728,0.4354322305229456,0.26890675488536697,-0.8803329811770819,-291.2783514259971,signal_change,1,SCORE
2026-07-09 00:15:00+00:00,2026-07-09 00:20:00+00:00,SI=F,1.0,16.10690228792476,range,58.955000762939456,58.849999542236326,58.76357162475586,1.8435933588782671,1.8435933588782671,1.824,0.027271087930532244,-0.2260503589521303,-977.1157326064007,signal_change,1,SCORE
2026-07-09 00:55:00+00:00,2026-07-09 01:00:00+00:00,SI=F,-1.0,-15.4746359447051,range,58.65499984741211,58.69000137329102,58.89571596418108,-1.4646941886447713,1.4646941886447713,1.5803981623277183,0.07586145209068858,0.014027279176703626,-263.65612868592916,signal_change,1,SCORE
2026-07-09 01:05:00+00:00,2026-07-09 01:15:00+00:00,SI=F,-1.0,-34.63384595073457,range,58.485001678466794,58.57499969482422,58.767860390799385,-2.492291750838181,2.492291750838181,2.491349480968858,0.1552772367778836,1.1223374321996509,-1133.968027551266,signal_change,2,SCORE
2026-07-09 01:25:00+00:00,2026-07-09 01:40:00+00:00,SI=F,-1.0,-42.201857430230376,range,58.40499984741211,58.47000015258789,58.64893177577427,-2.4044794740721884,2.4044794740721884,2.6475849731663685,0.24216255458444097,1.925129517864982,-793.4818953883937,signal_change,3,SCORE
2026-07-09 03:10:00+00:00,2026-07-09 03:15:00+00:00,SI=F,-1.0,-29.892423898228166,range,58.075001831054685,58.07499969482422,58.33428789411272,-2.7136715801638553,2.7136715801638553,1.5739644970414202,0.32685945107799275,1.0409330863858475,-13.539372761330043,signal_change,1,SCORE
2026-07-09 05:05:00+00:00,2026-07-09 05:10:00+00:00,SI=F,1.0,4.859674666080657,range,58.39499938964844,58.43499862670898,58.21714294433594,1.9780214927155673,1.9780214927155673,0.7003367003367004,0.333335564159107,-0.5313838065732637,385.70664552630546,signal_change,1,SCORE
2026-07-09 05:15:00+00:00,2026-07-09 05:20:00+00:00,SI=F,1.0,5.396880314608256,range,58.60000122070313,58.384999389648435,58.38214440482004,1.615459527146082,1.615459527146082,0.8108108108108109,0.3021570887534991,-0.5352103930133906,-1744.7110792915082,signal_change,1,SCORE
2026-07-09 05:30:00+00:00,2026-07-09 05:30:00+00:00,SI=F,1.0,38.74317499270328,range,58.53499877929688,58.279998779296875,58.28499877929688,1.405312879577192,1.405312879577192,6.249388753056234,0.22727509175505015,1.994498922004787,-1798.800485858824,stop,1,SCORE
2026-07-09 05:35:00+00:00,2026-07-09 06:15:00+00:00,SI=F,1.0,39.48816039867957,range,58.514998321533206,58.96999847412109,58.68857029506138,1.2988816486793133,1.2988816486793133,3.9168399168399164,0.3285188214912317,1.1933496605914424,2948.462333470063,signal_change,8,SCORE
2026-07-09 06:25:00+00:00,2026-07-09 06:40:00+00:00,SI=F,1.0,55.966195270880014,trend,59.264998321533206,59.27499877929687,58.919997645786836,2.0390139861612133,2.0390139861612133,2.224021592442645,0.597909989302938,1.9375525314218367,91.760296309849,signal_change,3,SCORE
2026-07-09 06:50:00+00:00,2026-07-09 06:55:00+00:00,SI=F,1.0,14.70757814494785,trend,59.34500015258789,59.325001831054685,59.01714327130999,1.0729154632155034,1.0729154632155034,0.596221133659902,0.5542888283378746,-0.09163275618599578,-112.64711937275099,signal_change,1,SCORE
2026-07-09 07:05:00+00:00,2026-07-09 07:10:00+00:00,SI=F,1.0,18.112966954301935,trend,59.479998474121096,59.454999084472654,59.16571374075754,2.2382461113440164,2.2382461113440164,0.6953199617956065,0.5647431208857726,0.12131415546531417,-290.9651638897228,signal_change,1,SCORE
2026-07-09 07:25:00+00:00,2026-07-09 07:30:00+00:00,SI=F,1.0,18.66684887766399,trend,59.58500183105469,59.57000076293945,59.30214638846262,1.2431136205946174,1.2431136205946174,0.6686856450635977,0.6467105398410606,0.10305283542328443,-99.45572859058227,signal_change,1,SCORE
2026-07-09 08:25:00+00:00,2026-07-09 08:30:00+00:00,SI=F,1.0,28.90558655292496,range,59.74999893188477,59.80500137329101,59.520715462820874,1.533414708334442,1.533414708334442,0.5752455795677799,0.4263619991660777,-0.3154773665669997,414.04068969152394,signal_change,1,SCORE
2026-07-09 10:15:00+00:00,2026-07-09 10:35:00+00:00,SI=F,-1.0,-67.53252517964403,range,59.42500030517578,59.365000610351565,59.51071275983538,-2.4621396912084914,2.4621396912084914,4.10738255033557,0.23275652282577955,2.207516100465404,726.3274519794229,signal_change,4,SCORE
2026-07-09 10:50:00+00:00,2026-07-09 11:00:00+00:00,SI=F,-1.0,-66.53822995252705,range,59.21000015258789,59.2450016784668,59.33035823277065,-4.903297795991156,4.903297795991156,1.9445628997867803,0.448651858694666,0.32511968537362607,-882.6310124719232,signal_change,2,SCORE
2026-07-09 11:05:00+00:00,2026-07-09 11:10:00+00:00,SI=F,-1.0,-8.814429725686,range,59.294999237060544,59.310000305175784,59.46428460257394,-2.077420282427891,2.077420282427891,0.9262577532736044,0.24878208539730626,-0.46774563578881917,-166.2047172155437,signal_change,1,SCORE
2026-07-09 11:50:00+00:00,2026-07-09 11:55:00+00:00,SI=F,-1.0,2.955096719826172,range,59.37,59.41499984741211,59.54285646711077,-2.0341656060770417,2.0341656060770417,0.7827692307692308,0.12315278341526481,-0.38710509547764127,-467.8565374525765,signal_change,1,SCORE
2026-07-09 12:10:00+00:00,2026-07-09 12:15:00+00:00,SI=F,1.0,5.207550863603642,range,59.58500183105469,59.509999389648435,59.39143155779158,1.815645163236847,1.815645163236847,0.9332003988035893,0.07819004979498032,0.08089656016285207,-689.9673256672947,signal_change,1,SCORE
2026-07-09 12:30:00+00:00,2026-07-09 13:00:00+00:00,SI=F,1.0,74.49115608767126,range,59.505,59.71000015258789,59.62714658464704,1.4008596171595,1.4008596171595,2.5974955277280856,0.2556633984588149,2.7452996312011226,1428.8778782737245,signal_change,6,SCORE
2026-07-09 13:05:00+00:00,2026-07-09 13:55:00+00:00,SI=F,1.0,34.606664596832445,range,59.795000915527346,60.51500045776367,60.006071363176616,0.8431494477681121,0.8431494477681121,1.6198179979777552,0.31601805949593265,1.423850525537163,3031.1203349104057,signal_change,10,SCORE
2026-07-09 14:05:00+00:00,2026-07-09 14:10:00+00:00,SI=F,1.0,20.72907488744625,range,60.830000762939456,60.634999389648435,60.32714518955776,1.4030845430819647,1.4030845430819647,1.0467583497053046,0.3281738462901178,0.9909490329476698,-1375.0324864373472,signal_change,1,SCORE
2026-07-09 16:15:00+00:00,2026-07-09 16:25:00+00:00,SI=F,1.0,67.51522837855637,trend,60.8700016784668,60.91000091552734,60.72857420785086,1.8132881643763534,1.8132881643763534,2.0556881463802705,0.5193108032442805,0.7391925908455125,353.5842749079401,signal_change,2,SCORE
2026-07-09 17:25:00+00:00,2026-07-09 17:30:00+00:00,SI=F,-1.0,7.238106398147627,range,60.735001678466794,60.78000152587891,60.96428787231445,-1.5370176826580242,1.5370176826580242,1.1907793633369923,0.021277562787315275,-0.10012585263802153,-353.5128943599546,signal_change,1,SCORE
2026-07-09 20:00:00+00:00,2026-07-09 20:05:00+00:00,SI=F,-1.0,0.47154495594184054,range,60.314999694824216,60.330000762939456,60.44142748151506,-2.7865172209463247,2.7865172209463247,0.4507772020725389,0.3879788710961765,-0.7767858391699325,-222.93625928324994,signal_change,1,SCORE
2026-07-10 00:15:00+00:00,2026-07-10 00:20:00+00:00,SI=F,-1.0,-13.714235763760447,range,60.34000122070312,60.275000457763674,60.4478566305978,-3.2440943223823706,3.2440943223823706,1.22911051212938,0.11428882833787465,-0.4579103245835161,1038.1225584000167,signal_change,1,SCORE
2026-07-10 00:25:00+00:00,2026-07-10 00:30:00+00:00,SI=F,-1.0,-21.578318990490917,range,60.21500122070312,60.28499877929688,60.34857284545898,-5.279242813274253,5.279242813274253,1.581818181818182,0.08497142686174192,-0.09318248139370197,-1874.066754830497,signal_change,1,SCORE
2026-07-10 01:00:00+00:00,2026-07-10 01:10:00+00:00,SI=F,1.0,31.460956038004,range,60.60999954223633,60.55500137329101,60.353215081351145,2.445125147914468,2.445125147914468,9.534246575342467,0.17446877587130497,6.643809990202815,-684.6126556267955,signal_change,2,SCORE
2026-07-10 01:40:00+00:00,2026-07-10 01:50:00+00:00,SI=F,-1.0,-36.80698425694102,range,60.270001525878904,60.41499984741211,60.63071602957589,-0.9749621338393273,0.9749621338393273,2.2085032032615026,0.10429562714284042,1.702298523366309,-711.7141754948846,signal_change,2,SCORE
2026-07-10 02:35:00+00:00,2026-07-10 02:40:00+00:00,SI=F,1.0,-8.531766649229253,range,60.62499893188477,60.645001525878904,60.342142399379185,1.2424456990854593,1.2424456990854593,0.4188679245283019,0.17934843452625293,-0.13881071567767095,118.0484558974042,signal_change,1,SCORE
2026-07-10 02:55:00+00:00,2026-07-10 03:00:00+00:00,SI=F,1.0,-3.24774504603789,range,60.85999954223633,60.84000122070312,60.611429508754185,1.4139886224644156,1.4139886224644156,0.4576744186046512,0.14955834578795227,-0.12429579930264797,-148.45693869403,signal_change,1,SCORE
2026-07-10 03:10:00+00:00,2026-07-10 03:15:00+00:00,SI=F,1.0,15.66099333761356,range,61.1200016784668,61.020001525878904,60.85071783883231,2.610058143688174,2.610058143688174,1.033151904997526,0.27083329194126166,0.4087957385556354,-1318.0813538789273,signal_change,1,SCORE
2026-07-10 05:10:00+00:00,2026-07-10 05:15:00+00:00,SI=F,-1.0,3.0628108917782115,range,60.66000091552734,60.72500122070313,60.815001329694475,-2.264264342213421,2.264264342213421,0.5026178010471204,0.27407281820879076,-0.6155740649638477,-747.2106879236849,signal_change,1,SCORE
2026-07-10 05:30:00+00:00,2026-07-10 05:55:00+00:00,SI=F,-1.0,-70.76188726822492,range,60.610001678466794,60.60535760062082,60.60035760062082,-1.9958442245082881,1.9958442245082881,7.340501792114695,0.23076828036534475,2.408862138774782,36.365058612728944,stop,6,SCORE
2026-07-10 06:05:00+00:00,2026-07-10 06:10:00+00:00,SI=F,-1.0,-11.455895761268026,range,60.64000045776367,60.71499908447266,60.85928451538086,-1.5993552776597313,1.5993552776597313,1.1744277821625888,0.10791481420495087,0.002938538565756935,-607.7440236095707,signal_change,1,SCORE
2026-07-10 07:45:00+00:00,2026-07-10 07:55:00+00:00,SI=F,-1.0,-62.31868342043224,range,60.294999237060544,60.299998168945315,60.51964296613421,-1.5286626360780085,1.5286626360780085,2.752373995617239,0.11956512725252308,2.0344503736665285,-45.85171514313035,signal_change,2,SCORE
2026-07-10 08:30:00+00:00,2026-07-10 08:45:00+00:00,SI=F,-1.0,-73.6847825424928,range,60.03500091552734,59.9950016784668,60.24035971505301,-2.7643693973611536,2.7643693973611536,3.284699806326662,0.3588198731282832,3.286649730956062,539.0414872529732,signal_change,3,SCORE
2026-07-10 08:50:00+00:00,2026-07-10 08:55:00+00:00,SI=F,-1.0,-17.897408422194662,range,59.814999694824216,59.85999954223633,60.09428785051618,-2.511191496824039,2.511191496824039,1.035561877667141,0.3661188516730453,0.4107045323931573,-577.572128382526,signal_change,1,SCORE
2026-07-10 09:05:00+00:00,2026-07-10 09:10:00+00:00,SI=F,-1.0,-16.873683548592933,range,59.93000137329101,59.90500152587891,60.200003465924944,-1.2980302011914497,1.2980302011914497,1.1028446389496718,0.29085952194771436,0.5465785816993646,155.76263382448892,signal_change,1,SCORE
2026-07-10 11:00:00+00:00,2026-07-10 11:10:00+00:00,SI=F,-1.0,-39.21580012201081,range,59.67500030517578,59.799998168945315,59.88071384974888,-3.4078979901200044,3.4078979901200044,3.657142857142857,0.11968964115494966,2.749843783436799,-2146.9393334980855,signal_change,2,SCORE
2026-07-10 12:15:00+00:00,2026-07-10 12:20:00+00:00,SI=F,1.0,18.268959153168815,range,60.170000915527346,60.064999694824216,59.90928652082171,2.6831963702944974,2.6831963702944974,1.4285714285714286,0.10236252007481247,0.48942191103571436,-1422.1104531871233,signal_change,1,SCORE
2026-07-10 12:35:00+00:00,2026-07-10 12:40:00+00:00,SI=F,1.0,10.496067560769198,range,60.104998474121096,60.00000106811523,59.82642748151507,1.2538140344504518,1.2538140344504518,1.2341772151898736,0.015543406504354288,0.3663281235206482,-664.5051763274776,signal_change,1,SCORE
2026-07-10 13:05:00+00:00,2026-07-10 13:10:00+00:00,SI=F,1.0,27.96847393929137,range,60.014998321533206,60.25000106811523,59.76964432852609,1.0463856328902248,1.0463856328902248,1.6296814840742035,0.25531979652171444,0.8804172908572913,1224.2855604014214,signal_change,1,SCORE
2026-07-10 13:30:00+00:00,2026-07-10 13:40:00+00:00,SI=F,1.0,34.27341792886291,range,59.76999938964844,60.145001525878904,59.58643068586077,0.9688345426807428,0.9688345426807428,2.137950293214186,0.11009230500021873,1.8736379691953227,1811.7309430823104,signal_change,2,SCORE
2026-07-10 14:30:00+00:00,2026-07-10 14:30:00+00:00,SI=F,1.0,-40.24277401859902,range,60.330000762939456,59.83428791591099,59.839287915910994,0.7134646080794969,0.7134646080794969,7.2518646012621915,0.11937388209227535,6.624167853684707,-1771.9351836660724,stop,1,SCORE
2026-07-10 14:35:00+00:00,2026-07-10 14:40:00+00:00,SI=F,-1.0,-16.55158767861249,range,59.770001525878904,59.990000610351565,60.26571380615234,-0.7050179825637417,0.7050179825637417,1.5168105823994122,0.007462867147300173,0.912835514707194,-779.0416434167482,signal_change,1,SCORE
2026-07-10 18:00:00+00:00,2026-07-10 18:05:00+00:00,SI=F,-1.0,1.332545181358583,range,59.96500122070312,59.990000610351565,60.13928656441824,-2.003687744197585,2.003687744197585,0.5067346195850019,0.42105104652913716,-0.5254633106376916,-260.47329197601016,signal_change,1,SCORE
2026-07-10 20:05:00+00:00,2026-07-10 20:10:00+00:00,SI=F,1.0,-0.059994368598251135,range,60.22500122070313,60.15499984741211,60.087143511090964,2.5324825323534568,2.5324825323534568,0.8211508553654743,0.16062110622687453,-0.6749655582746829,-899.0486881630865,signal_change,1,SCORE
2026-07-12 22:15:00+00:00,2026-07-12 22:20:00+00:00,SI=F,-1.0,-7.48591822565232,trend,59.1299983215332,59.185000305175784,59.42999755859375,-1.1626948718933208,1.1626948718933208,0.9411764705882353,0.5072445820433437,-0.4332533441605072,-325.5660959854258,signal_change,1,SCORE
2026-07-12 22:50:00+00:00,2026-07-12 22:55:00+00:00,SI=F,-1.0,-5.635924180877934,range,59.11499893188476,59.1200016784668,59.49214170183454,-0.9245666473071888,0.9245666473071888,0.7099236641221375,0.47120302779137,-0.5240653149469676,-27.749696409940242,signal_change,1,SCORE
2026-07-12 23:20:00+00:00,2026-07-12 23:25:00+00:00,SI=F,-1.0,2.703100736937036,trend,59.02999984741211,59.08500183105469,59.24928553989955,-1.5900896680472343,1.5900896680472343,0.29411764705882354,0.6055558969946531,-0.7086286098577117,-445.2408779011091,signal_change,1,SCORE
2026-07-12 23:50:00+00:00,2026-07-12 23:50:00+00:00,SI=F,-1.0,-41.35025458974002,trend,59.1299983215332,59.34499904087612,59.339999040876116,-1.6596518371848359,1.6596518371848359,3.945841392649903,0.5139241386503494,2.7959140956639983,-1792.429953453596,stop,1,SCORE
2026-07-12 23:55:00+00:00,2026-07-13 00:00:00+00:00,SI=F,-1.0,-38.282831438691986,range,59.16499816894531,59.38928440638951,59.384284406389504,-1.5865141982402204,1.5865141982402204,3.5705832628909553,0.4070603441311899,2.9939216784385656,-1787.0990718666803,stop,2,SCORE
2026-07-13 00:15:00+00:00,2026-07-13 00:20:00+00:00,SI=F,1.0,3.415652421634363,range,59.705000762939456,59.55500137329101,59.41071376255581,1.1800563533421877,1.1800563533421877,0.5952,0.24138076183410548,-0.40457332484365466,-890.9389455271864,signal_change,1,SCORE
2026-07-13 00:55:00+00:00,2026-07-13 01:00:00+00:00,SI=F,1.0,24.972436367146194,range,59.3700016784668,59.200001831054685,58.93071640014649,0.7898362021246967,0.7898362021246967,1.6783216783216783,0.010309927040827564,1.1549558029871687,-675.3093502194358,signal_change,1,SCORE
2026-07-13 01:05:00+00:00,2026-07-13 01:10:00+00:00,SI=F,-1.0,14.561095616235342,range,59.02999984741211,59.23499954223633,59.49214170183454,-1.5005222067088264,1.5005222067088264,1.4145854145854144,0.06985400333786797,0.8126412748545485,-1545.535583294946,signal_change,1,SCORE
2026-07-13 02:00:00+00:00,2026-07-13 02:05:00+00:00,SI=F,-1.0,-22.91900401777864,range,58.895001525878904,58.8700016784668,59.36214390345982,-1.4821439319797614,1.4821439319797614,1.4023529411764706,0.17086889807362704,0.8962744135230694,177.85614105145254,signal_change,1,SCORE
2026-07-13 02:10:00+00:00,2026-07-13 02:15:00+00:00,SI=F,-1.0,-25.39667692711587,range,58.93499862670898,58.854998474121096,59.35285620553152,-0.828627712763081,0.828627712763081,0.5335377539287084,0.24749751962200023,-0.1485809837508735,327.30857873416977,signal_change,1,SCORE
2026-07-13 03:05:00+00:00,2026-07-13 03:20:00+00:00,SI=F,-1.0,-46.5117525129799,range,58.64000045776367,58.525000457763674,58.83607046944754,-1.2153114931123592,1.2153114931123592,1.3970893970893972,0.2456488824482544,0.6665704198053399,692.7275510740136,signal_change,3,SCORE
2026-07-13 04:45:00+00:00,2026-07-13 04:50:00+00:00,SI=F,-1.0,4.999640551994947,range,58.48000061035156,58.514998321533206,58.62714383806501,-2.3555646279614524,2.3555646279614524,0.5531598513011152,0.17499968210775277,-0.6190124670227173,-423.9746757352858,signal_change,1,SCORE
2026-07-13 05:10:00+00:00,2026-07-13 05:20:00+00:00,SI=F,1.0,37.15453534958164,range,58.799998168945315,58.77999984741211,58.63142939976284,1.8655442145763725,1.8655442145763725,1.3186813186813187,0.3043475638624774,-0.18040958060668888,-195.86648626045547,signal_change,2,SCORE
2026-07-13 05:35:00+00:00,2026-07-13 05:45:00+00:00,SI=F,1.0,30.07725381278779,range,58.6200016784668,58.66499816894531,58.37750162397112,1.307126503843276,1.307126503843276,2.1159763313609465,0.14557021620773325,0.5941130914805776,287.5448939027472,signal_change,2,SCORE
2026-07-13 05:55:00+00:00,2026-07-13 06:00:00+00:00,SI=F,-1.0,2.786676828724534,range,58.439999694824216,58.44000137329102,58.768571014404294,-1.0545323286124473,1.0545323286124473,0.7361963190184049,0.10055963549103432,-0.28788027971994534,-5.281511630588341,signal_change,1,SCORE
2026-07-13 06:05:00+00:00,2026-07-13 06:20:00+00:00,SI=F,-1.0,-62.26664649140355,range,58.41499816894531,58.240000610351565,58.619288308279856,-0.9419053591690322,0.9419053591690322,3.0878754171301446,0.10933519966796605,2.617397101593773,819.4461646088799,signal_change,3,SCORE
2026-07-13 07:55:00+00:00,2026-07-13 08:00:00+00:00,SI=F,1.0,29.704175475505544,range,58.81999862670899,58.87,58.576426391601565,1.4237010069216227,1.4237010069216227,0.6233766233766234,0.2752787076366535,-0.307852815376531,348.81652247476984,signal_change,1,SCORE
2026-07-13 08:05:00+00:00,2026-07-13 08:25:00+00:00,SI=F,1.0,65.5959359056265,range,59.01999938964844,59.27499877929687,59.02107157026018,2.5360489369228456,2.5360489369228456,1.8272484416740873,0.46666476780286537,0.9236301387949057,3220.774410484793,signal_change,4,SCORE
2026-07-13 10:30:00+00:00,2026-07-13 10:35:00+00:00,SI=F,-1.0,-9.236558993122673,range,58.76500045776367,58.78999984741211,58.94000023978097,-1.9887075812055568,1.9887075812055568,0.6828451882845189,0.3508718508132924,-0.7795325030585307,-258.52591650287553,signal_change,1,SCORE
2026-07-13 10:45:00+00:00,2026-07-13 10:50:00+00:00,SI=F,-1.0,-20.36687496488094,range,58.68000137329101,58.764998321533206,58.865715550013945,-3.7469719897089324,3.7469719897089324,1.173913043478261,0.4241193618676119,-0.3360157882359908,-1611.1407813197225,signal_change,1,SCORE
2026-07-13 11:05:00+00:00,2026-07-13 11:10:00+00:00,SI=F,-1.0,-19.187864279839676,range,58.849999542236326,58.90999877929688,59.04856979370117,-1.7493507073711152,1.7493507073711152,1.5344827586206897,0.15384502525007995,0.2967533288981426,-533.5452925048749,signal_change,1,SCORE
2026-07-13 11:35:00+00:00,2026-07-13 11:40:00+00:00,SI=F,1.0,-6.875750520019564,range,59.1200016784668,59.075001831054685,58.885716596330916,1.4818795368675997,1.4818795368675997,0.6416184971098267,0.10175421689327198,-0.6920764378552887,-340.8311628952224,signal_change,1,SCORE
2026-07-13 12:15:00+00:00,2026-07-13 12:20:00+00:00,SI=F,-1.0,7.8332948096255315,range,58.85500061035156,58.87499893188477,59.092143445696145,-1.4635187168913832,1.4635187168913832,1.348148148148148,0.03225682955508764,0.49010111119824024,-153.65718293576816,signal_change,1,SCORE
2026-07-13 12:30:00+00:00,2026-07-13 12:35:00+00:00,SI=F,-1.0,-27.2457488300943,range,58.69500076293945,58.740000610351565,58.94857240949358,-1.368485801962057,1.368485801962057,1.8262210796915166,0.0355991210093578,1.4608934981199835,-314.7506903794988,signal_change,1,SCORE
2026-07-13 13:00:00+00:00,2026-07-13 13:00:00+00:00,SI=F,1.0,-40.02443337975434,range,59.06500137329102,58.769287109375,58.774287109375,1.1932645845270595,1.1932645845270595,5.052117263843648,0.00546566553128687,5.825250537934131,-1770.2931142749987,stop,1,SCORE
2026-07-13 13:05:00+00:00,2026-07-13 13:10:00+00:00,SI=F,-1.0,-8.096113033215646,range,58.85500061035156,58.854998474121096,59.15714370727539,-1.1460775913246726,1.1460775913246726,1.0472727272727274,0.03370873203818994,0.39509589076441143,-5.718146527301979,signal_change,1,SCORE
2026-07-13 13:45:00+00:00,2026-07-13 13:55:00+00:00,SI=F,-1.0,-42.22603917541306,range,58.69500076293945,58.63500106811524,59.01642962864467,-0.8895192601460039,0.8895192601460039,1.1720930232558138,0.25058650109438513,0.940335874158588,262.40682444437255,signal_change,2,SCORE
2026-07-13 14:05:00+00:00,2026-07-13 14:15:00+00:00,SI=F,-1.0,-43.61177485949432,range,58.52499877929687,58.505,58.84428814479283,-0.8095434701463154,0.8095434701463154,3.466314398943197,0.1764709943797727,4.764555315189012,76.90168860266016,signal_change,2,SCORE
2026-07-13 14:20:00+00:00,2026-07-13 14:30:00+00:00,SI=F,-1.0,-43.46275813194108,range,58.270001525878904,58.365000610351565,58.781428473336355,-0.6483348228594563,0.6483348228594563,3.0161001788908766,0.19444444444444445,3.1497591441197996,-311.1977471312644,signal_change,2,SCORE
2026-07-13 16:35:00+00:00,2026-07-13 16:45:00+00:00,SI=F,-1.0,-30.870866658612496,range,57.82000076293945,57.990000610351565,58.08000017438616,-2.6637542619638044,2.6637542619638044,2.3242375601926164,0.14569380830998618,0.7349912114297498,-2277.507861695901,signal_change,2,SCORE
2026-07-13 17:20:00+00:00,2026-07-13 17:30:00+00:00,SI=F,-1.0,-48.60203034037152,range,58.09499847412109,57.96499908447266,58.34285681588309,-1.1683264784144836,1.1683264784144836,5.712722298221614,0.38235203370386267,3.96810246355962,753.5670131278541,signal_change,2,SCORE
2026-07-13 17:50:00+00:00,2026-07-13 17:55:00+00:00,SI=F,-1.0,-15.053549882390719,range,57.73000061035156,57.72500122070313,57.97214287894113,-1.4278956453641058,1.4278956453641058,0.9840933191940615,0.4158056320968169,-0.06104546985934295,28.553555315554405,signal_change,1,SCORE
2026-07-13 19:30:00+00:00,2026-07-13 19:35:00+00:00,SI=F,-1.0,11.265728811247488,range,57.78999816894531,57.81500137329102,57.9885678754534,-1.7412720736830827,1.7412720736830827,0.28666224286662245,0.09285805760747246,-0.8026854732206185,-226.39326776728166,signal_change,1,SCORE
2026-07-13 23:35:00+00:00,2026-07-13 23:40:00+00:00,SI=F,-1.0,3.5340895616532784,range,57.73999893188476,57.78000152587891,57.84142737252371,-3.4081628860763153,3.4081628860763153,0.6439024390243903,0.15231868387279324,-0.7524758982878098,-698.7175954185157,signal_change,1,SCORE
2026-07-14 00:05:00+00:00,2026-07-14 00:05:00+00:00,SI=F,-1.0,-76.9909461981177,range,57.73999893188476,57.570356390816826,57.565356390816824,-1.5451008259502723,1.5451008259502723,11.571428571428571,0.2817730792414337,4.241370554713602,1302.8486474721092,stop,1,SCORE
2026-07-14 00:10:00+00:00,2026-07-14 00:20:00+00:00,SI=F,-1.0,-43.29050772507155,range,57.700001831054685,57.505,57.89428547450474,-2.7671747747341984,2.7671747747341984,2.723404255319149,0.3966540928755621,0.5292614603833352,2684.1848657338132,signal_change,2,SCORE
2026-07-14 00:40:00+00:00,2026-07-14 00:45:00+00:00,SI=F,-1.0,2.772851295205085,range,57.745,57.795000915527346,58.08071297781808,-1.0331312176362737,1.0331312176362737,0.3959151610369207,0.1678830084341073,-0.4764113774580019,-263.45318979667337,signal_change,1,SCORE
2026-07-14 01:00:00+00:00,2026-07-14 01:20:00+00:00,SI=F,-1.0,-50.402001869665916,range,57.82000076293945,57.55499923706055,57.83678381783621,-0.8037116577664813,0.8037116577664813,7.758758314855876,0.24159074205853875,5.456395579544391,1060.9055200850612,signal_change,4,SCORE
2026-07-14 05:00:00+00:00,2026-07-14 05:05:00+00:00,SI=F,1.0,23.771620649581124,range,58.150000457763674,58.1299983215332,57.97071404593332,1.936090205171474,1.936090205171474,1.870503597122302,0.15972121041937645,-0.15486773924129432,-203.31015121748698,signal_change,1,SCORE
2026-07-14 05:10:00+00:00,2026-07-14 05:15:00+00:00,SI=F,1.0,8.539492850169449,range,58.28000152587891,58.259999389648435,58.09428680419922,1.8686914218396355,1.8686914218396355,0.8080808080808081,0.39068016068122713,-0.4245295330166564,-196.23255907096964,signal_change,1,SCORE
2026-07-14 05:25:00+00:00,2026-07-14 05:55:00+00:00,SI=F,1.0,49.14251228459041,range,58.28499877929688,58.58500015258789,58.387142181396484,1.854062011640263,1.854062011640263,1.5698447893569845,0.3180064308681672,-0.16636120708229651,2771.8354382356606,signal_change,6,SCORE
2026-07-14 06:40:00+00:00,2026-07-14 06:45:00+00:00,SI=F,1.0,18.00992402636475,range,58.424998168945315,58.495,58.19499971662249,1.5128143898616448,1.5128143898616448,1.1017016224772458,0.3096742279001888,0.606771980086516,521.9348147316281,signal_change,1,SCORE
2026-07-14 07:45:00+00:00,2026-07-14 07:50:00+00:00,SI=F,-1.0,-0.9483115985299864,range,58.27499877929687,58.299998168945315,58.489285038539336,-1.6245915474735224,1.6245915474735224,0.5233644859813084,0.3013685745191177,-0.40385674589004056,-211.19194331165232,signal_change,1,SCORE
2026-07-14 08:10:00+00:00,2026-07-14 08:15:00+00:00,SI=F,-1.0,-1.0683550263793153,range,58.204999084472654,58.21499908447266,58.4314275251116,-1.5371466912138367,1.5371466912138367,0.6087936865839909,0.1999990155712025,-0.35543313958578465,-84.54306801680032,signal_change,1,SCORE
2026-07-14 11:05:00+00:00,2026-07-14 11:20:00+00:00,SI=F,-1.0,-34.910968576206805,range,58.15499984741211,58.32464411054339,58.319644110543386,-4.182247341240884,4.182247341240884,0.8381839348079162,0.2941184593449765,-0.5159310686826655,-3568.3825788940694,stop,4,SCORE
2026-07-14 12:05:00+00:00,2026-07-14 12:10:00+00:00,SI=F,-1.0,-29.51328987614528,range,58.30500137329101,58.21000183105469,58.50357328142439,-1.6857010097778653,1.6857010097778653,1.7783933518005541,0.12757059521641664,1.519406318933835,792.275616332134,signal_change,1,SCORE
2026-07-14 12:15:00+00:00,2026-07-14 12:20:00+00:00,SI=F,-1.0,-0.29411764705882354,range,58.21000015258789,58.28499877929688,58.416429225376675,-1.6812191041000832,1.6812191041000832,1.0534351145038168,0.0,0.5542634538397658,-638.8517155426198,signal_change,1,SCORE
2026-07-14 12:35:00+00:00,2026-07-14 12:40:00+00:00,SI=F,1.0,45.688483342796204,range,59.87499893188477,59.371427808489116,59.37642780848912,1.39129157882856,1.39129157882856,3.4536784741144415,0.41680429760459325,1.7288233157750321,-3510.0277745021835,stop,2,SCORE
2026-07-14 12:45:00+00:00,2026-07-14 12:50:00+00:00,SI=F,1.0,22.47187903141995,range,59.505,59.28999816894531,58.9550002179827,0.6283645999368478,0.6283645999368478,1.3536639526276832,0.3343951327309991,0.5851935003252853,-678.6395207815426,signal_change,1,SCORE
2026-07-14 13:00:00+00:00,2026-07-14 13:10:00+00:00,SI=F,1.0,41.15174939414429,range,59.35999954223633,59.37500106811523,58.69714303152902,0.5210220667393852,0.5210220667393852,3.5999999999999996,0.30578415125112574,2.5276702573250036,36.475519754650314,signal_change,2,SCORE
2026-07-14 15:10:00+00:00,2026-07-14 15:15:00+00:00,SI=F,1.0,7.730056116908387,range,59.900000457763674,59.68000137329101,59.42214314052037,0.7227589138630779,0.7227589138630779,1.068062827225131,0.14990582659063303,0.10517703193030592,-798.6452912909765,signal_change,1,SCORE
2026-07-14 16:10:00+00:00,2026-07-14 16:15:00+00:00,SI=F,-1.0,0.6311629911298269,range,59.09000122070312,59.150000457763674,59.40428867885044,-1.098026983878496,1.098026983878496,0.6991404011461319,0.1636357150925337,-0.3236975852833844,-334.8940414424364,signal_change,1,SCORE
2026-07-14 17:25:00+00:00,2026-07-14 17:30:00+00:00,SI=F,-1.0,-6.791986713190175,range,59.110001678466794,59.15999877929688,59.307860216413225,-1.7435633579746899,1.7435633579746899,1.1043989458747212,0.2878804955654006,-0.2828448831097078,-444.583381851369,signal_change,1,SCORE
2026-07-14 18:45:00+00:00,2026-07-14 18:50:00+00:00,SI=F,-1.0,10.260914025737515,range,58.860001678466794,58.88500106811524,59.01785821097238,-2.1844093948408494,2.1844093948408494,0.5595092024539877,0.1648375602599036,-0.765859698420648,-283.9665550409299,signal_change,1,SCORE
2026-07-14 23:30:00+00:00,2026-07-14 23:40:00+00:00,SI=F,1.0,46.371043568456805,range,59.139998321533206,59.16499816894531,59.06071256365095,4.347866673102465,4.347866673102465,1.7635782747603834,0.2181801788055126,-0.30668992668064,521.7406836131627,signal_change,2,SCORE
2026-07-15 00:25:00+00:00,2026-07-15 00:35:00+00:00,SI=F,1.0,58.36803365051995,range,59.205000762939456,59.18000137329101,59.07642857142857,2.682590298369447,2.682590298369447,2.1492537313432836,0.28749696018920734,-0.08387807084204789,-348.7285521721959,signal_change,2,SCORE
2026-07-15 00:50:00+00:00,2026-07-15 00:55:00+00:00,SI=F,1.0,22.076389615851795,range,59.185000305175784,59.25000106811523,59.012143838065015,1.9946286323958269,1.9946286323958269,1.4933333333333334,0.2336432605099538,0.06271911297533028,638.2887712710035,signal_change,1,SCORE
2026-07-15 01:00:00+00:00,2026-07-15 01:15:00+00:00,SI=F,1.0,43.63924721106285,range,59.28999984741211,59.34499847412109,59.09928678240095,1.809041554880806,1.809041554880806,6.130624092888244,0.2616793109349153,3.707235592215358,488.4287981152004,signal_change,3,SCORE
2026-07-15 01:25:00+00:00,2026-07-15 01:30:00+00:00,SI=F,1.0,-1.9322300811163498,range,59.35999954223633,59.27499877929687,59.12285888671875,1.455586807710533,1.455586807710533,0.7393364928909953,0.10924472112607429,-0.04670349150679477,-625.9078799385817,signal_change,1,SCORE
2026-07-15 01:35:00+00:00,2026-07-15 01:50:00+00:00,SI=F,-1.0,-36.47931182788143,range,59.044999237060544,58.88,59.23606790815081,-1.2447107711473575,1.2447107711473575,2.2111324376199617,0.10247403169844689,2.1834922070840523,1020.6580841460261,signal_change,3,SCORE
2026-07-15 02:00:00+00:00,2026-07-15 02:15:00+00:00,SI=F,-1.0,-48.4672777801794,range,58.73999893188476,58.705000762939456,59.061070578438894,-1.074326755168068,1.074326755168068,3.441566645609602,0.2467556273362084,4.364310477834861,182.62571262333924,signal_change,3,SCORE
2026-07-15 02:35:00+00:00,2026-07-15 02:40:00+00:00,SI=F,-1.0,0.09895002571931077,range,58.93499862670898,58.98499954223633,59.249283905029294,-1.0989407240453086,1.0989407240453086,0.6083499005964215,0.0993794559399501,0.15837298261885766,-280.2349151829919,signal_change,1,SCORE
2026-07-15 03:30:00+00:00,2026-07-15 03:35:00+00:00,SI=F,-1.0,2.9578104440640165,range,58.579999084472654,58.76000106811524,58.835714045933315,-2.7005288006733466,2.7005288006733466,0.5602605863192183,0.17241394430084472,-0.10740516175406453,-2444.0053490290106,signal_change,1,SCORE
2026-07-15 05:45:00+00:00,2026-07-15 05:50:00+00:00,SI=F,1.0,3.513962008348243,range,58.729998474121096,58.759999389648435,58.51999775477818,1.6401248924257792,1.6401248924257792,0.9346733668341709,0.043478260869565216,-0.4566349883992621,237.82561729762693,signal_change,1,SCORE
2026-07-15 06:20:00+00:00,2026-07-15 06:30:00+00:00,SI=F,-1.0,-32.75834253208729,range,58.48000061035156,58.505,58.73035594395229,-1.3586323663128619,1.3586323663128619,2.4,0.24999920527190828,1.2118222304738895,-176.61806140376856,signal_change,2,SCORE
2026-07-15 06:50:00+00:00,2026-07-15 06:55:00+00:00,SI=F,-1.0,5.2388387440457675,range,58.64000045776367,58.66499984741211,58.89142878941127,-1.3699682434713463,1.3699682434713463,0.7533039647577092,0.12396829700435695,-0.04888064841733054,-178.09169084002016,signal_change,1,SCORE
2026-07-15 07:05:00+00:00,2026-07-15 07:10:00+00:00,SI=F,1.0,-6.360009249572988,range,58.81999862670899,58.71500122070312,58.54285596575056,1.2426325726376029,1.2426325726376029,1.2995633187772926,0.01718058093592611,0.9433204543148017,-658.5791465898994,signal_change,1,SCORE
2026-07-15 07:30:00+00:00,2026-07-15 07:35:00+00:00,SI=F,-1.0,2.3276403111593598,range,58.41499816894531,58.435000305175784,58.66642704554966,-1.3688005917262083,1.3688005917262083,0.6416117783804727,0.14102385406350487,0.09128692865155115,-143.73868249893536,signal_change,1,SCORE
2026-07-15 10:25:00+00:00,2026-07-15 10:30:00+00:00,SI=F,-1.0,-29.780166622694402,range,58.37,58.37499893188477,58.461786542619976,-2.327293757272958,2.327293757272958,4.221748400852878,0.25581973030518096,1.4053942030390847,-69.80638362866323,signal_change,1,SCORE
2026-07-15 11:05:00+00:00,2026-07-15 11:10:00+00:00,SI=F,-1.0,-17.539337446836342,range,58.204999084472654,58.32499969482422,58.41142815726144,-3.333651114656803,3.333651114656803,1.2265758091993186,0.41552428696345894,-0.1318711357356728,-2016.8690978632844,signal_change,1,SCORE
2026-07-15 11:20:00+00:00,2026-07-15 11:25:00+00:00,SI=F,-1.0,-9.018766990003408,range,58.200001831054685,58.30499923706055,58.43071581159319,-1.4883161796880797,1.4883161796880797,0.8733624454148472,0.34187780599851975,-0.2594799508288479,-788.7882718174728,signal_change,1,SCORE
2026-07-15 12:30:00+00:00,2026-07-15 12:30:00+00:00,SI=F,-1.0,63.82806175717402,range,58.245,58.53857203892299,58.53357203892299,-1.1889553662270136,1.1889553662270136,6.177293934681182,0.12534932600005524,6.136967544246124,-1751.1650320896422,stop,1,SCORE
2026-07-15 12:35:00+00:00,2026-07-15 12:55:00+00:00,SI=F,1.0,40.54117196168745,range,58.604998474121096,58.745,58.37750162397112,2.1695977903876535,2.1695977903876535,2.9854872149274363,0.1490522189324644,2.760518853643931,1507.8870170368807,signal_change,4,SCORE
2026-07-15 13:00:00+00:00,2026-07-15 13:10:00+00:00,SI=F,1.0,78.15016738949578,range,58.9950016784668,59.0049983215332,58.602145625523164,1.7462585817126424,1.7462585817126424,3.156540385989993,0.4367543591312328,3.3432167077122448,78.55232580654263,signal_change,2,SCORE
2026-07-15 13:55:00+00:00,2026-07-15 14:00:00+00:00,SI=F,1.0,2.8185612696861733,range,58.580000762939456,58.68000137329101,58.25249835423061,0.9398385399568703,0.9398385399568703,0.8450704225352113,0.06882513559929328,0.5253989553295756,465.2229454382335,signal_change,1,SCORE
2026-07-15 15:10:00+00:00,2026-07-15 15:25:00+00:00,SI=F,-1.0,-75.85473030699853,range,58.25000106811523,57.94499862670899,58.30178451538086,-1.067745362087237,1.067745362087237,3.29,0.46564657281078436,3.11576578879208,1622.985984373575,signal_change,3,SCORE
2026-07-15 16:20:00+00:00,2026-07-15 16:55:00+00:00,SI=F,-1.0,-42.757217855058315,range,57.599999542236326,57.22500122070313,57.432138442993164,-2.3767058830756134,2.3767058830756134,2.2053019732908115,0.45501295430787125,1.6090414419941048,4444.4200552417815,signal_change,7,SCORE
2026-07-15 17:25:00+00:00,2026-07-15 17:30:00+00:00,SI=F,-1.0,-6.921208876676779,range,57.42500030517578,57.58500183105469,57.82857075282505,-0.8556821798661605,0.8556821798661605,0.9048616470069453,0.2153831707689238,0.17924345048798207,-688.8306831292247,signal_change,1,SCORE
2026-07-15 18:10:00+00:00,2026-07-15 18:25:00+00:00,SI=F,1.0,30.191409431622994,range,58.33500183105469,58.474999542236326,58.0582150050572,1.1209327219355287,1.1209327219355287,0.6487712665406428,0.262937917896762,-0.01919531635877298,779.0354136881958,signal_change,3,SCORE
2026-07-15 18:30:00+00:00,2026-07-15 18:35:00+00:00,SI=F,1.0,26.412593580330505,trend,58.560000305175784,58.5049983215332,58.26392773219517,1.0768456277967677,1.0768456277967677,0.8882852292020373,0.770489342852676,0.1377862391211867,-301.52745616730937,signal_change,1,SCORE
2026-07-15 23:55:00+00:00,2026-07-16 00:00:00+00:00,SI=F,-1.0,13.533920677861211,range,58.14000045776367,58.10000122070313,58.24000056675502,-3.4525370112345914,3.4525370112345914,0.4600638977635783,0.009169303132961895,-0.6307923794754797,673.2315468071608,signal_change,1,SCORE
2026-07-16 00:10:00+00:00,2026-07-16 00:15:00+00:00,SI=F,-1.0,-24.201153233141767,range,58.064999694824216,58.06500137329102,58.167143118722095,-3.382397958452277,3.382397958452277,2.108345534407028,0.16948999120674493,-0.10112375751080838,-16.940376005683333,signal_change,1,SCORE
2026-07-16 00:45:00+00:00,2026-07-16 00:50:00+00:00,SI=F,-1.0,-0.1758912240234598,range,57.8799983215332,58.03999984741211,58.03714205060686,-2.198520942365867,2.198520942365867,0.9354445797807551,0.06896370285273302,-0.22196122424090844,-1769.8261319882338,signal_change,1,SCORE
2026-07-16 01:00:00+00:00,2026-07-16 01:35:00+00:00,SI=F,-1.0,-50.77008281146284,range,57.77499877929687,57.505,57.71285629272461,-3.065459316706132,3.065459316706132,6.103937007874016,0.38835433286667703,3.827167946501974,4123.02407089083,signal_change,7,SCORE
2026-07-16 01:45:00+00:00,2026-07-16 01:55:00+00:00,SI=F,-1.0,-39.88723398380269,range,57.509999389648435,57.354998474121096,57.84964207240513,-0.9165046755784587,0.9165046755784587,1.5923332104681165,0.39664902096173354,1.4672904902683255,705.7127956208458,signal_change,2,SCORE
2026-07-16 05:35:00+00:00,2026-07-16 05:40:00+00:00,SI=F,-1.0,-20.351679606947602,range,57.325001831054685,57.30499923706055,57.4825738961356,-2.199339063742259,2.199339063742259,2.4204545454545454,0.06976393460074697,0.06014899878324233,208.96573641868133,signal_change,1,SCORE
2026-07-16 05:45:00+00:00,2026-07-16 05:45:00+00:00,SI=F,1.0,-11.565083110477138,range,57.58500183105469,57.36742946079799,57.372429460797996,1.6306330671110414,1.6306330671110414,1.6885813148788926,0.06722829153203057,-0.10592691627234928,-1782.0566724870394,stop,1,SCORE
2026-07-16 06:10:00+00:00,2026-07-16 06:20:00+00:00,SI=F,1.0,36.08861474697336,range,57.71499908447266,57.485001678466794,57.43171258108957,2.4427836280746877,2.4427836280746877,2.9690721649484537,0.15646473873237976,1.3126069933273907,-2821.3834075942364,signal_change,2,SCORE
2026-07-16 06:40:00+00:00,2026-07-16 06:45:00+00:00,SI=F,-1.0,-2.5015659181044083,range,57.27999984741211,57.30499923706055,57.595714547293525,-1.0928104779292844,1.0928104779292844,1.0795847750865053,0.043478645463612256,0.3850755556034422,-142.06202713792132,signal_change,1,SCORE
2026-07-16 07:25:00+00:00,2026-07-16 07:35:00+00:00,SI=F,-1.0,-41.11110634276682,range,57.12500106811523,57.14499938964844,57.368570055280415,-1.3958251796297978,1.3958251796297978,3.146752205292702,0.0999998092662281,4.331520243029257,-146.54992963007322,signal_change,2,SCORE
2026-07-16 07:45:00+00:00,2026-07-16 07:50:00+00:00,SI=F,-1.0,-24.68320678712943,range,57.145001525878904,57.19499862670899,57.36285834176199,-1.58322022877143,1.58322022877143,1.4869663770306005,0.10975530331224413,1.4382418634979748,-403.6982082144204,signal_change,1,SCORE
2026-07-16 08:00:00+00:00,2026-07-16 08:10:00+00:00,SI=F,-1.0,-44.092106628030656,range,57.145001525878904,57.05499923706055,57.40143092564174,-1.344518311191468,1.344518311191468,1.9930795847750864,0.27635285525492104,2.506150556921076,598.3260352711447,signal_change,2,SCORE
2026-07-16 08:15:00+00:00,2026-07-16 08:20:00+00:00,SI=F,-1.0,-11.785552940558988,range,56.85500061035156,57.014998321533206,57.12500106811523,-2.555428538741762,2.555428538741762,0.8872180451127819,0.29663607135691056,0.47530966841745453,-2057.0907291284057,signal_change,1,SCORE
2026-07-16 10:45:00+00:00,2026-07-16 10:50:00+00:00,SI=F,-1.0,-26.801023835642535,range,56.93000137329101,56.89499938964844,57.11857221330915,-1.8256452367344194,1.8256452367344194,0.6246056782334385,0.40740688412835774,-0.8034112112123788,310.3777973829253,signal_change,1,SCORE
2026-07-16 11:00:00+00:00,2026-07-16 11:10:00+00:00,SI=F,-1.0,-81.714853025129,range,56.84499847412109,56.82499969482422,57.002144132341655,-3.2248914233367847,3.2248914233367847,5.099307159353349,0.47863596200934444,3.382306390503184,306.3450020417208,signal_change,2,SCORE
2026-07-16 11:15:00+00:00,2026-07-16 11:20:00+00:00,SI=F,-1.0,-17.862424981084974,range,56.829999084472654,56.78999984741211,57.039998713902065,-1.6403805558224285,1.6403805558224285,1.0537870472008781,0.4431369733090389,-0.20789760868126186,319.8679508301107,signal_change,1,SCORE
2026-07-16 11:50:00+00:00,2026-07-16 12:05:00+00:00,SI=F,-1.0,-42.089840393037434,range,56.829999084472654,57.08999908447266,57.127141658238,-1.1596832398067332,1.1596832398067332,3.424698795180723,0.18379997147882302,3.032701575880146,-1513.3866279478166,signal_change,3,SCORE
2026-07-16 12:20:00+00:00,2026-07-16 12:30:00+00:00,SI=F,-1.0,-33.08187396380217,range,56.85500061035156,56.755,57.09750066484724,-0.9576254364212838,0.9576254364212838,2.078331037197402,0.22253575611695556,1.6701901103326247,474.0275134694181,signal_change,2,SCORE
2026-07-16 12:35:00+00:00,2026-07-16 12:40:00+00:00,SI=F,-1.0,5.531379786051816,range,56.794999237060544,56.56500137329102,57.206429617745535,-0.7747884037547166,0.7747884037547166,0.6416472932580538,0.1829576330980785,0.049398076540076434,887.124446666156,signal_change,1,SCORE
2026-07-16 12:45:00+00:00,2026-07-16 12:50:00+00:00,SI=F,-1.0,3.032674883637155,range,56.37,56.40500152587891,56.84285733904157,-1.4572597358573791,1.4572597358573791,0.662457788870944,0.21379249866266783,0.1393426207953755,-262.3178704638249,signal_change,1,SCORE
2026-07-16 13:00:00+00:00,2026-07-16 13:15:00+00:00,SI=F,-1.0,-73.14133978059988,range,56.09000122070312,56.150000457763674,56.42642784118652,-1.3395120287401752,1.3395120287401752,5.1684382665576445,0.3485466998222452,5.4521993929750625,-408.5460589329141,signal_change,3,SCORE
2026-07-16 17:25:00+00:00,2026-07-16 17:50:00+00:00,SI=F,-1.0,-37.21716174714137,range,56.14999877929687,56.03499877929688,56.22643007550921,-1.405318969331274,1.405318969331274,2.167389956602604,0.3455668765734258,0.352478743996557,801.0318125187904,signal_change,5,SCORE
2026-07-16 18:35:00+00:00,2026-07-16 18:45:00+00:00,SI=F,-1.0,-76.92984832639692,range,55.704999084472654,55.82499969482422,55.9478568812779,-2.837739152598814,2.837739152598814,2.713389893028403,0.40895623002976605,2.486356327504187,-1716.8408474149837,signal_change,2,SCORE
2026-07-16 18:50:00+00:00,2026-07-16 18:55:00+00:00,SI=F,-1.0,1.7036525199371368,range,55.82000076293945,55.830000762939456,56.07785849434988,-1.334001672456932,1.334001672456932,0.354639175257732,0.3126744823287951,-0.8459085866446735,-73.37009198516537,signal_change,1,SCORE
2026-07-17 00:45:00+00:00,2026-07-17 00:45:00+00:00,SI=F,-1.0,31.92177007644917,range,55.64000045776367,55.84857177734375,55.84357177734375,-1.6896140681053797,1.6896140681053797,4.715654952076678,0.06810139735841833,1.709333754161459,-1770.4732491695636,stop,1,SCORE
2026-07-17 00:50:00+00:00,2026-07-17 01:20:00+00:00,SI=F,1.0,60.29913258393403,range,55.80499923706055,55.884999389648435,55.70428357805525,1.5606231621579802,1.5606231621579802,3.9891008174386924,0.12751636614071424,1.6467646269990397,616.4473397133444,signal_change,6,SCORE
2026-07-17 01:50:00+00:00,2026-07-17 02:00:00+00:00,SI=F,-1.0,-43.60580082730425,range,55.395001525878904,55.46499908447266,55.77214429582868,-1.8218726897652928,1.8218726897652928,3.4609164420485174,0.2062668698518939,2.88030200667757,-646.7425652098681,signal_change,2,SCORE
2026-07-17 02:35:00+00:00,2026-07-17 02:45:00+00:00,SI=F,-1.0,-47.32130789757399,range,55.18000137329101,55.09500015258789,55.5350014604841,-1.9342344345533171,1.9342344345533171,2.378643755753299,0.25635107181494937,2.340474696797319,812.3902681424375,signal_change,2,SCORE
2026-07-17 02:50:00+00:00,2026-07-17 02:55:00+00:00,SI=F,-1.0,-29.730269572405085,range,55.09000122070312,55.10000122070313,55.43214414324079,-1.0042909276171386,1.0042909276171386,1.2288111078970205,0.45901697437896455,0.926781521567217,-55.23600101896831,signal_change,1,SCORE
2026-07-17 03:10:00+00:00,2026-07-17 03:15:00+00:00,SI=F,-1.0,-2.7033970792015496,range,55.564999694824216,55.514998321533206,55.88285607474191,-1.0809652477059317,1.0809652477059317,0.569330697543067,0.20581313293652992,0.02038721766988438,264.84390808724004,signal_change,1,SCORE
2026-07-17 03:25:00+00:00,2026-07-17 03:30:00+00:00,SI=F,1.0,-0.4380612065420084,range,55.82499969482422,55.84000122070312,55.466428506033765,0.958483019731152,0.958483019731152,0.8045007032348804,0.029346523194775494,0.3628915162577178,67.10112402626514,signal_change,1,SCORE
2026-07-17 05:30:00+00:00,2026-07-17 05:30:00+00:00,SI=F,-1.0,-33.39615188463759,range,55.21999847412109,55.434283120291575,55.42928312029157,-3.2845971981518134,3.2845971981518134,5.950953678474114,0.2712541853540408,1.2787918397382887,-3535.6167280833724,stop,1,SCORE
2026-07-17 05:35:00+00:00,2026-07-17 05:40:00+00:00,SI=F,-1.0,-27.08400724834638,range,55.450001831054685,55.47500122070313,55.66714096069336,-1.5466451532212722,1.5466451532212722,3.5740592473979187,0.286883708132176,0.5928480252874657,-201.05914993237542,signal_change,1,SCORE
2026-07-17 06:05:00+00:00,2026-07-17 06:10:00+00:00,SI=F,1.0,18.634692709244614,range,55.94000137329102,55.829999084472654,55.60000176565988,2.014120234091777,2.014120234091777,1.4041170097508124,0.1643830605547543,-0.028850943272808096,-1117.8597796978365,signal_change,1,SCORE
2026-07-17 06:15:00+00:00,2026-07-17 06:20:00+00:00,SI=F,1.0,28.447836446121467,range,56.19499862670899,56.05000030517578,55.79642761230469,1.7161749418473975,1.7161749418473975,1.662505034232783,0.23733413628798947,0.3618739001591271,-1252.7933048353564,signal_change,1,SCORE
2026-07-17 06:25:00+00:00,2026-07-17 06:30:00+00:00,SI=F,1.0,22.916388069008683,range,56.09500015258789,56.05999862670898,55.690000283377515,0.8433837688464862,0.8433837688464862,1.3218884120171674,0.3223172456698242,0.20069654971740605,-151.8155128999029,signal_change,1,SCORE
2026-07-17 06:40:00+00:00,2026-07-17 06:45:00+00:00,SI=F,1.0,1.5802087389364237,range,55.935000305175784,55.76500045776367,55.54357149396624,0.8724886131712095,0.8724886131712095,0.7485963817841547,0.16019525347397115,-0.2207431725133445,-745.9770986054211,signal_change,1,SCORE
2026-07-17 08:20:00+00:00,2026-07-17 08:25:00+00:00,SI=F,-1.0,-16.221437659892974,range,55.58500015258789,55.56500137329102,55.832858472551614,-1.3768191792508615,1.3768191792508615,1.1763575204228738,0.34193564265058757,0.1445862137783481,130.78941859142327,signal_change,1,SCORE
2026-07-17 08:30:00+00:00,2026-07-17 08:35:00+00:00,SI=F,-1.0,-5.642477542475294,range,55.58500015258789,55.560000305175784,55.84571509225027,-1.309099760072941,1.309099760072941,0.8380213385063046,0.2907323945721828,-0.19611302835548625,157.0909724448644,signal_change,1,SCORE
2026-07-17 09:25:00+00:00,2026-07-17 09:30:00+00:00,SI=F,1.0,-2.289776338396733,range,55.96000183105469,55.86499893188476,55.71857454572405,1.413911631124582,1.413911631124582,0.7796810395747193,0.08991879991850887,-0.4760778584260487,-678.6980787902013,signal_change,1,SCORE
2026-07-17 10:40:00+00:00,2026-07-17 10:45:00+00:00,SI=F,1.0,-9.660274081214181,range,55.670000915527346,55.67500030517578,55.50285777500698,2.040881255492945,2.040881255492945,0.5278868813825609,0.006898075799908447,-0.7304224698765645,40.811396834490864,signal_change,1,SCORE
2026-07-17 10:55:00+00:00,2026-07-17 11:05:00+00:00,SI=F,-1.0,-51.28308057863497,range,55.564999694824216,55.56999862670899,55.73214338030134,-2.0409600607247063,2.0409600607247063,2.3835616438356166,0.13072053495962122,0.3270776120518838,-61.217901919125325,signal_change,2,SCORE
2026-07-17 12:05:00+00:00,2026-07-17 12:10:00+00:00,SI=F,-1.0,-20.30247381735228,range,55.44500076293945,55.53499877929688,55.675000850132534,-2.966191572867594,2.966191572867594,1.5763039278815199,0.16387816497281243,0.875929577872871,-1349.5877463353372,signal_change,1,SCORE
2026-07-17 12:35:00+00:00,2026-07-17 12:40:00+00:00,SI=F,-1.0,1.3092373439190648,range,55.57000076293945,55.47500122070313,55.81214412144252,-1.4067691411818273,1.4067691411818273,0.8725038402457758,0.1372544130846714,0.04413460835582639,661.178276516385,signal_change,1,SCORE
2026-07-17 12:45:00+00:00,2026-07-17 12:50:00+00:00,SI=F,-1.0,-23.98305850286023,range,55.35500061035156,55.40500152587891,55.65214427403041,-2.294319270758111,2.294319270758111,1.6105393165911899,0.17261956121906805,1.3897139176396671,-585.0619166035153,signal_change,1,SCORE
2026-07-17 13:05:00+00:00,2026-07-17 13:10:00+00:00,SI=F,-1.0,-19.537656811209168,range,55.495,55.38500106811524,55.83857234409877,-0.9915421047751114,0.9915421047751114,1.5335463258785942,0.08241808913779805,1.1621869285215867,540.3851516962721,signal_change,1,SCORE
2026-07-17 13:15:00+00:00,2026-07-17 13:50:00+00:00,SI=F,-1.0,-38.5421720408414,range,55.28999816894531,55.53999984741211,55.62357001168387,-1.0218355878450376,1.0218355878450376,2.1092462618248398,0.16216327675228057,2.217094292819316,-1282.412238331079,signal_change,7,SCORE
2026-07-17 13:55:00+00:00,2026-07-17 14:00:00+00:00,SI=F,-1.0,65.5091121441421,range,55.724999542236326,56.05499923706055,56.232142290387834,-0.6712246935811419,0.6712246935811419,2.7826637140145523,0.15267217807337607,3.872533770988792,-1110.8758436692056,signal_change,1,SCORE
2026-07-17 14:00:00+00:00,2026-07-17 14:10:00+00:00,SI=F,1.0,38.57919744366341,range,56.05499923706055,55.985001678466794,55.5285710144043,1.2917921743213068,1.2917921743213068,2.02710027100271,0.21285044581303428,2.550602820162906,-458.5704529366565,signal_change,2,SCORE
2026-07-17 15:40:00+00:00,2026-07-17 15:45:00+00:00,SI=F,1.0,6.324706306526534,range,56.30499923706055,56.28999816894531,55.93999919346401,0.9311161340620255,0.9311161340620255,0.8511922728644733,0.3780490452398453,0.1822162071796867,-74.49426342162468,signal_change,1,SCORE
2026-07-17 15:55:00+00:00,2026-07-17 16:00:00+00:00,SI=F,1.0,-7.155803566960869,range,56.41499984741211,56.35500061035156,56.05500032697405,1.8879544957191436,1.8879544957191436,0.5557979526766236,0.15816209356911806,-0.4683738236657284,-575.8189192195346,signal_change,1,SCORE
2026-07-19 22:45:00+00:00,2026-07-19 22:50:00+00:00,SI=F,-1.0,15.328731555635752,range,56.075001831054685,56.045000915527346,56.323859601702004,-1.3647547313018271,1.3647547313018271,0.21267893660531698,0.1824841538243454,-1.1380044482917675,197.8956833901001,signal_change,1,SCORE
2026-07-20 00:05:00+00:00,2026-07-20 00:05:00+00:00,SI=F,-1.0,-29.39015804191204,range,56.044999237060544,56.2792854309082,56.2742854309082,-1.481550536039027,1.481550536039027,4.8,0.09194648564214397,2.380799180171689,-1742.9419330879068,stop,1,SCORE
2026-07-20 00:15:00+00:00,2026-07-20 00:30:00+00:00,SI=F,1.0,74.32513652483586,range,56.34500015258789,56.71500122070312,56.39642824445452,2.355954436777741,2.355954436777741,3.8143459915611815,0.400543826241695,2.374346697033174,4346.748518008999,signal_change,3,SCORE
2026-07-20 01:00:00+00:00,2026-07-20 01:10:00+00:00,SI=F,1.0,57.45370936660608,range,56.8700016784668,57.02499877929687,56.46071735927037,0.8322097860353064,0.8322097860353064,5.430499325236167,0.4806600025712196,4.861306738296812,640.7894716592629,signal_change,2,SCORE
2026-07-20 01:15:00+00:00,2026-07-20 01:20:00+00:00,SI=F,1.0,29.629693921147936,range,56.76999938964844,56.66000091552734,56.344286259242466,0.8006205768098293,0.8006205768098293,1.5247888358428205,0.33966637369408226,0.9688731004270353,-444.33831187922544,signal_change,1,SCORE
2026-07-20 01:25:00+00:00,2026-07-20 01:30:00+00:00,SI=F,1.0,15.63953869773253,range,56.650000457763674,56.71999847412109,56.280000435965405,0.9207544690300925,0.9207544690300925,0.9066500156103652,0.33971183576025493,0.3324609583676683,317.65115957651454,signal_change,1,SCORE
2026-07-20 01:45:00+00:00,2026-07-20 01:50:00+00:00,SI=F,1.0,2.864504222704716,range,56.63500106811524,56.87,56.30535561697824,0.9053246780427788,0.9053246780427788,0.42783208740655554,0.355999755859375,-0.23474260069846997,1059.2250383546245,signal_change,1,SCORE
2026-07-20 02:05:00+00:00,2026-07-20 02:10:00+00:00,SI=F,1.0,6.2414060381200756,range,57.16499984741211,57.12500106811523,56.74357007707869,0.8095324637634054,0.8095324637634054,0.6536964980544747,0.35185302923054534,0.04314898817230852,-165.94921407747728,signal_change,1,SCORE
2026-07-20 02:50:00+00:00,2026-07-20 02:55:00+00:00,SI=F,1.0,12.681484377113172,range,57.490000610351565,57.46999847412109,57.094286259242466,1.7239859868630216,1.7239859868630216,0.9183323814962879,0.27875264537871114,0.31974086903443055,-181.03694277762554,signal_change,1,SCORE
2026-07-20 05:15:00+00:00,2026-07-20 05:20:00+00:00,SI=F,-1.0,-21.70244877613257,range,57.044999237060544,57.014998321533206,57.198571319580076,-4.4414274981651305,4.4414274981651305,1.225933202357564,0.49748882430971425,-0.3319730540531165,644.0273184754295,signal_change,1,SCORE
2026-07-20 05:30:00+00:00,2026-07-20 05:30:00+00:00,SI=F,-1.0,-49.645359555604216,range,56.884999389648435,57.06999914986746,57.06499914986746,-1.895919440517978,1.895919440517978,5.3590361445783135,0.4974868977468342,1.6671361214326403,-1763.2028066546932,stop,1,SCORE
2026-07-20 05:35:00+00:00,2026-07-20 05:45:00+00:00,SI=F,-1.0,-44.3884289310742,trend,56.895001525878904,56.80499923706055,57.07714351109096,-1.8702328477913155,1.8702328477913155,0.9811320754716981,0.5215320087172055,-0.33270648816349757,832.2750203834792,signal_change,2,SCORE
2026-07-20 05:50:00+00:00,2026-07-20 05:55:00+00:00,SI=F,-1.0,-24.21624039135842,trend,56.76500045776367,56.74999893188477,56.97285677228655,-3.280527904530978,3.280527904530978,1.0212765957446808,0.6774161792332871,-0.2611034438161607,229.66198175873893,signal_change,1,SCORE
2026-07-20 06:05:00+00:00,2026-07-20 06:10:00+00:00,SI=F,-1.0,-19.864958396746268,range,56.87,56.88500106811524,57.094285670689175,-1.5204698570728303,1.5204698570728303,1.2080536912751678,0.3948691464096936,-0.08612356232543303,-121.64570875095404,signal_change,1,SCORE
2026-07-20 06:45:00+00:00,2026-07-20 06:50:00+00:00,SI=F,-1.0,-2.6616110580590067,range,56.759999389648435,56.85999954223633,56.97285677228655,-1.601903685144416,1.601903685144416,0.398813056379822,0.3669751098916482,-0.506828119756705,-808.9625831534925,signal_change,1,SCORE
2026-07-20 06:55:00+00:00,2026-07-20 07:00:00+00:00,SI=F,-1.0,-8.658119100771911,range,56.71999847412109,56.705000762939456,56.932855311802456,-1.6005776110612495,1.6005776110612495,0.6586620926243568,0.39914536911213344,-0.2701799673322836,112.02211561713753,signal_change,1,SCORE
2026-07-20 07:35:00+00:00,2026-07-20 07:40:00+00:00,SI=F,1.0,29.156983661887267,range,57.13,57.21500122070312,56.87785777500698,1.3513527791863427,1.3513527791863427,0.804159445407279,0.25477932958179045,-0.16269388492732967,567.576415261032,signal_change,1,SCORE
2026-07-20 07:45:00+00:00,2026-07-20 07:50:00+00:00,SI=F,1.0,13.655546635868758,range,57.229998474121096,57.21999847412109,56.96357020786831,1.2796380543061947,1.2796380543061947,1.1237458193979932,0.3245030770319021,0.40402162332637775,-70.38009298687344,signal_change,1,SCORE
2026-07-20 08:05:00+00:00,2026-07-20 08:10:00+00:00,SI=F,1.0,3.0479906334365072,range,57.37499893188477,57.27499877929687,57.09285574776786,1.2082769827467816,1.2082769827467816,0.7616926503340757,0.2294621359810842,-0.14432871439998227,-610.180798129336,signal_change,1,SCORE
2026-07-20 09:55:00+00:00,2026-07-20 10:00:00+00:00,SI=F,1.0,10.922801630950971,range,57.32499969482422,57.245,57.153569924490796,1.9873651540532467,1.9873651540532467,0.5770862800565771,0.020688856851210708,-0.6925522623181257,-804.8798549130482,signal_change,1,SCORE
2026-07-20 10:05:00+00:00,2026-07-20 10:10:00+00:00,SI=F,-1.0,-0.3525326841838332,range,57.204999084472654,57.17999923706055,57.38857158115932,-1.8543727961592567,1.8543727961592567,0.8816326530612245,0.08661488276533243,-0.3624163546640279,222.52332076489637,signal_change,1,SCORE
2026-07-20 11:05:00+00:00,2026-07-20 11:10:00+00:00,SI=F,1.0,1.7955812815409768,range,57.2450016784668,57.169999237060544,57.07357245309012,1.9861824983045178,1.9861824983045178,0.8222698072805139,0.10937462747061488,-0.30924717736061064,-754.7735947475926,signal_change,1,SCORE
2026-07-20 11:35:00+00:00,2026-07-20 11:45:00+00:00,SI=F,1.0,40.157182359716394,range,57.63500106811524,57.454999084472654,57.36928615025112,2.560831428793728,2.560831428793728,3.6937283570604076,0.19999907522362248,2.5584742625675565,-2317.577841929677,signal_change,2,SCORE
2026-07-20 12:05:00+00:00,2026-07-20 12:10:00+00:00,SI=F,-1.0,9.718787556180303,range,57.05500137329101,57.080000762939456,57.37643048967634,-1.055954133698733,1.055954133698733,0.5737704918032787,0.050937109452502266,-0.16158785293681738,-137.27081486458513,signal_change,1,SCORE
2026-07-20 12:15:00+00:00,2026-07-20 12:20:00+00:00,SI=F,-1.0,-3.521352091475253,range,56.974999542236326,56.94000137329102,57.29999976021902,-1.044203482260664,1.044203482260664,1.0888610763454318,0.05483013117399229,0.37698611172885604,177.50503201588168,signal_change,1,SCORE
2026-07-20 12:40:00+00:00,2026-07-20 12:45:00+00:00,SI=F,-1.0,-1.8660161282313292,range,57.099999542236326,57.06500137329102,57.397142116001675,-1.1423084945823483,1.1423084945823483,0.8798920377867746,0.04306258521529467,0.3669393532538501,194.18198593235212,signal_change,1,SCORE
2026-07-20 13:35:00+00:00,2026-07-20 13:40:00+00:00,SI=F,-1.0,-26.80906586559818,range,57.099999542236326,57.240000610351565,57.414998713902065,-1.0777693414684655,1.0777693414684655,1.891600086374433,0.10256445368665894,1.475329990762528,-759.8331416445594,signal_change,1,SCORE
2026-07-20 14:15:00+00:00,2026-07-20 14:20:00+00:00,SI=F,-1.0,-4.586648092557489,range,56.794999237060544,56.795000915527346,57.14356992449079,-0.9732043469019545,0.9732043469019545,0.9500293944738389,0.10526339271771672,0.31663992041946054,-4.874189190448902,signal_change,1,SCORE
2026-07-20 15:10:00+00:00,2026-07-20 15:15:00+00:00,SI=F,1.0,10.026873357354278,range,57.455000762939456,57.28500091552734,57.074286891392305,0.8910334705298096,0.8910334705298096,1.2675728155339805,0.0656065427563424,0.6118616921167956,-761.8329374984214,signal_change,1,SCORE
2026-07-20 16:35:00+00:00,2026-07-20 16:40:00+00:00,SI=F,-1.0,1.166748401652376,range,57.044999237060544,57.150000457763674,57.27214157104492,-1.4922896792048168,1.4922896792048168,0.9495896834701055,0.018018482433440213,-0.3716228904350379,-790.9226381919651,signal_change,1,SCORE
2026-07-20 16:45:00+00:00,2026-07-20 16:50:00+00:00,SI=F,-1.0,-1.3283016618957788,range,57.05500137329101,57.10999954223633,57.32000076293945,-1.278060822107279,1.278060822107279,0.7473200612557427,0.07259914664913271,-0.48333695736488835,-357.8453291937746,signal_change,1,SCORE
2026-07-20 17:25:00+00:00,2026-07-20 17:30:00+00:00,SI=F,-1.0,-0.9544836979810767,range,57.05999862670898,57.12499893188477,57.300713108607695,-1.4064799477633612,1.4064799477633612,0.7439871726349546,0.11627906976744186,-0.520701053092558,-464.14052888002954,signal_change,1,SCORE
2026-07-20 19:05:00+00:00,2026-07-20 19:10:00+00:00,SI=F,-1.0,-1.2661413185701273,range,56.73000061035156,56.76999938964844,56.905001482282366,-1.9336911811244448,1.9336911811244448,0.6088117489986649,0.4325579744859034,-0.6697031194780833,-396.3948898162227,signal_change,1,SCORE
2026-07-20 20:10:00+00:00,2026-07-20 20:20:00+00:00,SI=F,-1.0,-37.73534089494512,range,56.6299983215332,56.65500152587891,56.82499801635742,-1.7346637636288047,1.7346637636288047,2.4971098265895955,0.2965525587464615,1.2203088909534738,-225.53408158367574,signal_change,2,SCORE
2026-07-20 22:35:00+00:00,2026-07-20 22:40:00+00:00,SI=F,-1.0,-8.835102204950164,range,56.520001525878904,56.51000106811524,56.621428625924246,-3.242823640628371,3.242823640628371,0.6545454545454545,0.37879453448315725,-0.3555324290809005,145.9344860624786,signal_change,1,SCORE
2026-07-20 22:50:00+00:00,2026-07-20 23:00:00+00:00,SI=F,-1.0,-73.286574906052,range,56.41000091552734,56.455000762939456,56.53500091552734,-2.705848357374521,2.705848357374521,3.1145996860282574,0.4621924166848321,1.393714196839014,-622.3430577977431,signal_change,2,SCORE
2026-07-20 23:15:00+00:00,2026-07-20 23:20:00+00:00,SI=F,-1.0,3.8238314060061347,range,56.53500091552734,56.580000762939456,56.70357238769531,-2.005162678206792,2.005162678206792,0.4680390032502708,0.048194210811754866,-0.5525632162082631,-461.1858861698964,signal_change,1,SCORE
2026-07-21 00:30:00+00:00,2026-07-21 00:35:00+00:00,SI=F,1.0,-3.2355230612942862,range,56.78999984741211,56.83500015258789,56.626428353445874,2.065468752221332,2.065468752221332,0.3894523326572008,0.25110155848258847,-0.44418796906683683,454.4062771438407,signal_change,1,SCORE
2026-07-21 00:45:00+00:00,2026-07-21 00:50:00+00:00,SI=F,1.0,17.981524310399298,range,57.005,57.020001525878904,56.80857088361468,3.441555487887758,3.441555487887758,1.0512581547064306,0.44313863939635106,-0.14377142734060838,240.93514113667328,signal_change,1,SCORE
2026-07-21 00:55:00+00:00,2026-07-21 01:25:00+00:00,SI=F,1.0,72.83616762615904,trend,57.049998168945315,57.21500122070312,57.08464241027832,1.5673224677099544,1.5673224677099544,3.2149532710280373,0.5471712236678077,0.6464717465154123,1285.2283389650502,signal_change,6,SCORE
2026-07-21 01:30:00+00:00,2026-07-21 01:35:00+00:00,SI=F,1.0,25.50090139150857,range,57.2450016784668,57.27499877929687,56.95285908290318,1.1588348090880913,1.1588348090880913,1.1641285956006768,0.4248365035317232,0.14889514294627326,168.01424902262897,signal_change,1,SCORE
2026-07-21 02:35:00+00:00,2026-07-21 02:35:00+00:00,SI=F,1.0,81.08765999263599,range,57.51999938964844,57.53821370806013,57.54321370806013,1.840946774901166,1.840946774901166,6.368186492972232,0.4631387814027411,6.210869183495177,158.45321981058237,stop,1,SCORE
2026-07-21 02:40:00+00:00,2026-07-21 02:50:00+00:00,SI=F,1.0,46.056349295150966,range,58.09500015258789,57.759999389648435,57.71285576956613,1.77241528394396,1.77241528394396,2.6384615384615384,0.37618100555114076,2.2597859256440374,-2977.664438253635,signal_change,2,SCORE
2026-07-21 03:05:00+00:00,2026-07-21 03:10:00+00:00,SI=F,1.0,-0.41817756694858665,range,58.005,58.020001525878904,57.63214113507952,0.9054822662971133,0.9054822662971133,0.5187894911872297,0.22651994250556046,-0.15587917197484946,63.39066692222542,signal_change,1,SCORE
2026-07-21 05:15:00+00:00,2026-07-21 05:20:00+00:00,SI=F,1.0,16.2327822090997,range,58.229998474121096,58.15499984741211,58.103571232387,2.6706212373178015,2.6706212373178015,1.3260700389105058,0.3250013113159413,-0.1602171813965541,-1014.8177324800762,signal_change,1,SCORE
2026-07-21 05:30:00+00:00,2026-07-21 05:40:00+00:00,SI=F,1.0,41.84819628962287,range,58.30499923706055,58.37500106811523,58.163573946271626,2.32611605952242,2.32611605952242,4.796610169491525,0.3856257386343803,1.6152810565559508,802.5313367637477,signal_change,2,SCORE
2026-07-21 05:45:00+00:00,2026-07-21 06:30:00+00:00,SI=F,1.0,37.66097105981605,range,58.455000762939456,58.85500061035156,58.551072801862446,3.811235767385367,3.811235767385367,2.36144578313253,0.3988463268564171,0.7596689038564007,7603.412448191579,signal_change,9,SCORE
2026-07-21 06:45:00+00:00,2026-07-21 07:00:00+00:00,SI=F,1.0,65.46569022344568,trend,59.06999862670899,59.15499984741211,58.79678453717913,2.246769646453867,2.246769646453867,1.40625,0.6761933364981253,0.9977881468294488,943.6569647042096,signal_change,3,SCORE
2026-07-21 07:35:00+00:00,2026-07-21 07:45:00+00:00,SI=F,1.0,49.53820618934992,trend,59.31999862670899,59.32000076293945,59.07428416660854,1.385984571959598,1.385984571959598,0.8159583694709454,0.6139241117560141,0.4012517105568357,-6.915118947474241,signal_change,2,SCORE
2026-07-21 08:00:00+00:00,2026-07-21 08:05:00+00:00,SI=F,1.0,29.531353472312105,trend,59.424998168945315,59.37500106811523,59.22214019775391,1.678780619341008,1.678780619341008,1.262077811030355,0.5448264975928021,0.8319567110619699,-428.06472258061484,signal_change,1,SCORE
2026-07-21 10:15:00+00:00,2026-07-21 10:20:00+00:00,SI=F,1.0,-8.027868594316788,range,59.365000610351565,59.43499862670898,59.17428427559989,1.7848718008622388,1.7848718008622388,0.4626278520849724,0.12643745359516864,-0.8926202212660475,615.7630685589234,signal_change,1,SCORE
2026-07-21 11:05:00+00:00,2026-07-21 11:10:00+00:00,SI=F,-1.0,-11.204996074890616,range,59.01500045776367,59.045000915527346,59.23071559361049,-3.1580512289869005,3.1580512289869005,1.125879593432369,0.2877710082880509,-0.1677903580121806,-489.5051686986831,signal_change,1,SCORE
2026-07-21 11:15:00+00:00,2026-07-21 11:20:00+00:00,SI=F,-1.0,4.621317949220629,range,59.21999847412109,59.15999877929688,59.460712956019805,-1.4143245368604989,1.4143245368604989,0.5826086956521739,0.22033714199998966,-0.6141160412156559,417.2235802858336,signal_change,1,SCORE
2026-07-21 12:25:00+00:00,2026-07-21 12:30:00+00:00,SI=F,1.0,29.595753421025154,range,59.47500122070313,59.419999237060544,59.26714327130999,1.6385922567528433,1.6385922567528433,2.3535911602209945,0.0409356986061785,2.0815231394820595,-458.82208379768144,signal_change,1,SCORE
2026-07-21 12:45:00+00:00,2026-07-21 12:50:00+00:00,SI=F,-1.0,19.182012085262347,range,59.26500045776367,59.48499954223633,59.539287000383645,-1.2411612884794607,1.2411612884794607,1.5643454038997213,0.12335822404847582,1.3251502252341112,-1371.4775421843478,signal_change,1,SCORE
2026-07-21 13:05:00+00:00,2026-07-21 13:10:00+00:00,SI=F,1.0,9.540260664251583,range,59.19000137329102,59.11499893188476,58.85857393537249,1.025726245376802,1.025726245376802,1.4921630094043887,0.046632288209796875,1.1380770860222087,-389.78849431554215,signal_change,1,SCORE
2026-07-21 13:20:00+00:00,2026-07-21 13:40:00+00:00,SI=F,-1.0,-47.02867394800244,range,59.01500045776367,58.740000610351565,59.18785503932408,-0.9255727825791786,0.9255727825791786,1.3234859675036927,0.15609776067466327,0.9065233551504551,1268.0340059774585,signal_change,4,SCORE
2026-07-21 13:45:00+00:00,2026-07-21 13:50:00+00:00,SI=F,-1.0,-23.35177871127689,range,58.62500106811523,58.729998474121096,59.02500041416713,-0.8506544093098557,0.8506544093098557,1.390895346883924,0.1780213220474263,1.2680953025602235,-450.835803971478,signal_change,1,SCORE
2026-07-21 13:55:00+00:00,2026-07-21 14:00:00+00:00,SI=F,-1.0,0.2887145089541094,range,58.80000030517578,58.73499954223633,59.18642804827009,-0.8801216294289529,0.8801216294289529,0.5977722772277229,0.17671653533315568,-0.06219805101888921,281.6422788148156,signal_change,1,SCORE
2026-07-21 14:15:00+00:00,2026-07-21 14:20:00+00:00,SI=F,-1.0,18.60809898793027,range,59.14999877929687,59.28499877929688,59.57357022966657,-0.8031749765225387,0.8031749765225387,1.4513366208149494,0.03533512700372573,1.7139112311233935,-546.1589840353469,signal_change,1,SCORE
2026-07-21 15:20:00+00:00,2026-07-21 15:25:00+00:00,SI=F,1.0,28.668107706124026,range,59.44999969482422,59.439999694824216,59.13928551810129,1.0942881256592185,1.0942881256592185,1.5047619047619047,0.2643682596029556,1.6104027346005987,-60.185846911285005,signal_change,1,SCORE
2026-07-21 17:20:00+00:00,2026-07-21 17:30:00+00:00,SI=F,-1.0,-42.115941594225575,range,59.01500045776367,59.170000915527346,59.18857190813337,-1.9587885466838446,1.9587885466838446,4.181036662452592,0.3233835000284679,2.886677473046582,-1527.8595497246367,signal_change,2,SCORE
2026-07-22 00:10:00+00:00,2026-07-22 00:25:00+00:00,SI=F,1.0,35.68921800590232,range,59.28499877929688,59.34000122070312,59.21571486336844,6.554938270696222,6.554938270696222,3.3318872017353582,0.3076905019014977,0.4120559993246903,1769.9133494241248,signal_change,3,SCORE
2026-07-22 00:30:00+00:00,2026-07-22 00:35:00+00:00,SI=F,1.0,25.826605202257568,range,59.38500106811524,59.25000106811523,59.23142844063895,2.2144212379115693,2.2144212379115693,2.6391752577319587,0.10526078030808768,1.1000015326685784,-1505.8064417799237,signal_change,1,SCORE
2026-07-22 01:05:00+00:00,2026-07-22 01:25:00+00:00,SI=F,1.0,84.6684610780265,trend,59.83500183105469,60.01500045776367,59.77642904009138,2.195694743590423,2.195694743590423,5.583081570996979,0.615854296779596,4.065901648712125,1965.1317188740495,signal_change,4,SCORE
2026-07-22 03:10:00+00:00,2026-07-22 03:15:00+00:00,SI=F,1.0,4.629013141020863,range,60.16499984741211,60.17500030517578,59.859998997279575,1.1155223060673531,1.1155223060673531,0.9418282548476454,0.021275127884113964,-0.012778000302037433,50.20105700093679,signal_change,1,SCORE
2026-07-22 05:30:00+00:00,2026-07-22 05:30:00+00:00,SI=F,-1.0,-30.019424237711505,range,59.76500045776367,59.93928582327707,59.934285823277065,-2.0099364232130177,2.0099364232130177,7.525862068965518,0.23232237605144823,1.4657448499256465,-1761.5622030079328,stop,1,SCORE
2026-07-22 05:35:00+00:00,2026-07-22 05:40:00+00:00,SI=F,-1.0,-17.826878223601973,range,59.91499816894531,60.025000457763674,60.10928342546735,-1.7481320063661723,1.7481320063661723,2.1139896373056994,0.0796460774484088,-0.04697774935536202,-970.2332693164242,signal_change,1,SCORE
2026-07-22 06:25:00+00:00,2026-07-22 06:35:00+00:00,SI=F,-1.0,-69.84387679246885,range,59.75000106811523,59.67999923706055,59.934286662510466,-1.2908025318304621,1.2908025318304621,4.107162383816293,0.27333253648748657,3.4431998825999495,445.33869113160904,signal_change,2,SCORE
2026-07-22 06:40:00+00:00,2026-07-22 06:45:00+00:00,SI=F,-1.0,-1.7955236606412153,range,59.599999542236326,59.65500152587891,59.85928506033761,-1.309184426012875,1.309184426012875,0.7131027764247443,0.1973228274126959,-0.13317128462802172,-366.5846240534888,signal_change,1,SCORE
2026-07-22 07:05:00+00:00,2026-07-22 07:10:00+00:00,SI=F,-1.0,-6.132933243309011,range,59.495,59.525000457763674,59.73571448189871,-1.4096545205503495,1.4096545205503495,0.7403846153846154,0.3220332846262268,0.047254645348138676,-218.49967712848724,signal_change,1,SCORE
2026-07-22 07:50:00+00:00,2026-07-22 07:55:00+00:00,SI=F,-1.0,-7.2051639017229565,range,59.39999877929687,59.525000457763674,59.624998888288225,-1.5077671926661491,1.5077671926661491,0.7572383073496659,0.22688960694807747,0.0876016908966354,-949.905985065564,signal_change,1,SCORE
2026-07-22 09:05:00+00:00,2026-07-22 09:10:00+00:00,SI=F,1.0,6.785701050390726,range,59.900000457763674,59.84499847412109,59.73642896379744,2.071970533317041,2.071970533317041,1.1039182282793867,0.20886268488070578,0.07035415766041953,-580.1722995736772,signal_change,1,SCORE
2026-07-22 09:45:00+00:00,2026-07-22 09:50:00+00:00,SI=F,1.0,0.45160680973851886,range,59.78000152587891,59.78999816894531,59.602858973911836,1.912088606168416,1.912088606168416,0.6363018354860639,0.2949648580187113,-0.6897102700901084,86.01189350514849,signal_change,1,SCORE
2026-07-22 11:05:00+00:00,2026-07-22 11:10:00+00:00,SI=F,-1.0,-13.150831736460175,range,59.610001678466794,59.65500152587891,59.777145363943916,-2.0266536452131656,2.0266536452131656,1.4673366834170853,0.14942414498684595,-0.013768049255602188,-466.1287921850562,signal_change,1,SCORE
2026-07-22 11:45:00+00:00,2026-07-22 11:50:00+00:00,SI=F,-1.0,-29.027253008966206,range,59.53500091552734,59.67999923706055,59.71285954066685,-3.807284736444232,3.807284736444232,2.085178875638842,0.1048387841051372,0.7297415297524031,-2779.2859055993054,signal_change,1,SCORE
2026-07-22 12:30:00+00:00,2026-07-22 12:35:00+00:00,SI=F,1.0,-38.82045364314635,range,59.76999938964844,59.68000137329101,59.53356990269253,1.4279372198836389,1.4279372198836389,2.86697965571205,0.018448397694865247,2.600300389120847,-649.697272461751,signal_change,1,SCORE
2026-07-22 12:35:00+00:00,2026-07-22 12:40:00+00:00,SI=F,-1.0,-6.149307337095947,range,59.68000137329101,59.65500152587891,59.91714475359235,-1.4226796878254568,1.4226796878254568,2.2873563218390807,0.0,2.0093544663527116,170.72047712055542,signal_change,1,SCORE
2026-07-22 13:00:00+00:00,2026-07-22 13:00:00+00:00,SI=F,-1.0,-41.728229052865046,range,59.349999542236326,59.6485710144043,59.643571014404294,-2.298852950063945,2.298852950063945,2.9574611748818365,0.009008637477948084,3.0444916098328862,-3443.3538127416987,stop,1,SCORE
2026-07-22 13:05:00+00:00,2026-07-22 13:10:00+00:00,SI=F,-1.0,0.9355832715797487,range,59.59499847412109,59.56500137329102,59.89571269444057,-1.118116889292115,1.118116889292115,0.5914922349763673,0.03903828221477356,-0.0802185501804641,162.11074089305515,signal_change,1,SCORE
2026-07-22 13:35:00+00:00,2026-07-22 14:15:00+00:00,SI=F,1.0,38.97587580237473,range,60.08999908447266,60.995,60.606784275599885,1.8719946582339795,1.8719946582339795,2.1043165467625897,0.2736082759894703,2.3260606584911576,8461.424424529023,signal_change,8,SCORE
2026-07-22 14:20:00+00:00,2026-07-22 14:25:00+00:00,SI=F,1.0,17.465997539754134,range,60.72500122070313,60.669999237060544,60.234285103934155,0.6913404192451488,0.6913404192451488,1.0279127585037857,0.30141874671962166,0.8426099835270275,-193.5821742501173,signal_change,1,SCORE
2026-07-22 16:30:00+00:00,2026-07-22 16:35:00+00:00,SI=F,-1.0,7.007629363493138,range,60.454999084472654,60.44999969482422,60.685714699881416,-1.470139468173794,1.470139468173794,0.6743295019157088,0.1287127217057621,-0.5423056558963834,29.3983028538308,signal_change,1,SCORE
2026-07-22 17:20:00+00:00,2026-07-22 17:30:00+00:00,SI=F,-1.0,-36.03223693009688,range,60.14999877929687,60.240000610351565,60.39785655430385,-1.3685042623047778,1.3685042623047778,2.568111455108359,0.33574243872343124,1.2354474412680663,-622.6819683794307,signal_change,2,SCORE
2026-07-22 19:45:00+00:00,2026-07-22 19:50:00+00:00,SI=F,-1.0,-29.068545817532563,range,60.05500137329101,60.07499969482422,60.214287327357695,-2.1281002762590027,2.1281002762590027,2.6246418338108883,0.25531716304343416,0.5698506210166147,-223.4326692789791,signal_change,1,SCORE
2026-07-22 19:55:00+00:00,2026-07-22 20:00:00+00:00,SI=F,-1.0,-15.62965972586061,range,59.895001525878904,59.97500122070313,60.07714460100446,-3.721231577820116,3.721231577820116,1.3943139678615575,0.27965888004551714,-0.14280687536645206,-1507.0931108684722,signal_change,1,SCORE
2026-07-23 00:30:00+00:00,2026-07-23 00:35:00+00:00,SI=F,1.0,-0.2960424884778079,range,60.03000152587891,60.079999084472654,59.86000172206334,1.9904187607035984,1.9904187607035984,0.4772727272727273,0.21991756415370298,-0.6037234050293884,487.6282992683182,signal_change,1,SCORE
2026-07-23 01:00:00+00:00,2026-07-23 01:00:00+00:00,SI=F,1.0,44.61072902541019,range,60.170000915527346,60.01857128688267,60.02357128688267,3.018834374285657,3.018834374285657,5.638406537282942,0.3548371218763363,2.610349576231329,-2300.799013060757,stop,1,SCORE
2026-07-23 01:05:00+00:00,2026-07-23 01:15:00+00:00,SI=F,1.0,30.47744179011774,range,60.07499969482422,60.09499847412109,59.83928464617048,1.4328155584870659,1.4328155584870659,2.022727272727273,0.2610450134663525,0.5001398339016623,136.10873284408564,signal_change,2,SCORE
2026-07-23 01:35:00+00:00,2026-07-23 01:40:00+00:00,SI=F,1.0,-30.229721803730353,range,60.08999908447266,59.849999542236326,59.75142617361887,0.9976693831922447,0.9976693831922447,2.4619457313037723,0.006368374375858006,1.4070123854694396,-1202.1893232626796,signal_change,1,SCORE
2026-07-23 01:40:00+00:00,2026-07-23 01:45:00+00:00,SI=F,-1.0,-5.581303394242956,range,59.849999542236326,59.84500015258789,60.19142911638532,-0.988089745051626,0.988089745051626,0.7962840079628402,0.03951524258741356,-0.09618495591875113,19.758779490408415,signal_change,1,SCORE
2026-07-23 01:50:00+00:00,2026-07-23 02:00:00+00:00,SI=F,-1.0,-35.379204165773,range,59.860001678466794,59.799998168945315,60.23071722848074,-0.9100507826933395,0.9100507826933395,1.9722222222222223,0.0722909839644451,1.9273838168963147,268.4809501083805,signal_change,2,SCORE
2026-07-23 04:55:00+00:00,2026-07-23 05:00:00+00:00,SI=F,-1.0,-6.548690062716101,range,59.91499816894531,59.924998168945315,60.03785539899553,-2.7467976010965964,2.7467976010965964,0.9904761904761905,0.19130247292388836,-0.5369302350572169,-151.07386806038306,signal_change,1,SCORE
2026-07-23 06:00:00+00:00,2026-07-23 06:20:00+00:00,SI=F,-1.0,-36.252474401754654,range,59.91000091552734,59.955000762939456,60.12571550641741,-1.5641550603197583,1.5641550603197583,4.354838709677419,0.059289348061433426,3.0093950034189185,-359.754470517978,signal_change,4,SCORE
2026-07-23 06:30:00+00:00,2026-07-23 06:35:00+00:00,SI=F,-1.0,-14.173318615187942,range,59.78999816894531,59.82499969482422,60.03785594395229,-1.360801188711273,1.360801188711273,1.2720848056537102,0.20000110973011365,0.5665954494680323,-244.95459605721123,signal_change,1,SCORE
2026-07-23 07:05:00+00:00,2026-07-23 07:25:00+00:00,SI=F,-1.0,-55.429165572251314,range,59.579999084472654,59.34500015258789,59.5428581237793,-2.6373069360204897,2.6373069360204897,1.4725383473527958,0.34337413077548845,1.528498512155429,3085.6350304053253,signal_change,4,SCORE
2026-07-23 07:45:00+00:00,2026-07-23 07:55:00+00:00,SI=F,-1.0,-42.15118508569973,range,59.11499893188476,59.185000305175784,59.4507135445731,-2.0152795274770434,2.0152795274770434,1.6497025776602776,0.4931896422691214,1.7974538986889717,-715.438070080747,signal_change,2,SCORE
2026-07-23 08:05:00+00:00,2026-07-23 08:10:00+00:00,SI=F,-1.0,-4.114723921050918,range,59.17500030517578,59.28999984741211,59.53214370727539,-0.9464797269138373,0.9464797269138373,0.5367412140575081,0.328397740930378,-0.05779794841788396,-548.9560752898741,signal_change,1,SCORE
2026-07-23 10:10:00+00:00,2026-07-23 10:15:00+00:00,SI=F,-1.0,0.5902899851136865,range,58.96500122070312,59.025000457763674,59.11000113351004,-2.3299107463038653,2.3299107463038653,0.7852760736196319,0.10047784011885771,-0.6819622751507525,-710.6138897185855,signal_change,1,SCORE
2026-07-23 11:05:00+00:00,2026-07-23 11:15:00+00:00,SI=F,-1.0,-60.29581202355,range,58.950001831054685,58.924998168945315,59.173570087977815,-1.4956455368545045,1.4956455368545045,1.8989010989010988,0.3025228401987498,0.27027819796922536,179.50485051021326,signal_change,2,SCORE
2026-07-23 11:25:00+00:00,2026-07-23 11:40:00+00:00,SI=F,-1.0,-35.76380214060127,range,58.724999542236326,58.685000305175784,58.96714235578264,-2.7888580458214327,2.7888580458214327,1.9232053422370619,0.27272836929906036,0.6425989016691328,543.8166802859464,signal_change,3,SCORE
2026-07-23 11:45:00+00:00,2026-07-23 11:50:00+00:00,SI=F,-1.0,-44.3845628919463,range,58.55999862670898,58.85928453717913,58.854284537179126,-2.2960073229235776,2.2960073229235776,3.340687865022713,0.25973797569004936,2.562597699939013,-3447.2932470511523,stop,2,SCORE
2026-07-23 11:55:00+00:00,2026-07-23 12:00:00+00:00,SI=F,-1.0,7.640754578013748,range,58.770001525878904,58.82499969482422,59.07643016270229,-1.0985747076044436,1.0985747076044436,0.43798118049615054,0.13015951443283488,-0.35982843363212325,-307.59086037743265,signal_change,1,SCORE
2026-07-23 12:40:00+00:00,2026-07-23 12:55:00+00:00,SI=F,-1.0,-35.76455339611976,range,58.48000061035156,58.19499862670899,58.67071396963937,-0.8822801134692135,0.8822801134692135,1.7072771872444807,0.37869560702983573,1.7484741841141913,1252.8465117682551,signal_change,3,SCORE
2026-07-23 13:00:00+00:00,2026-07-23 13:25:00+00:00,SI=F,-1.0,-81.22165329603872,trend,57.91000091552734,57.7450016784668,58.017499923706055,-1.7061529066858325,1.7061529066858325,3.6531165311653115,0.5620030356344838,4.439457244398826,1399.038875025512,signal_change,5,SCORE
2026-07-23 13:30:00+00:00,2026-07-23 13:40:00+00:00,SI=F,-1.0,-35.0048045984311,range,57.91000091552734,58.060000305175784,58.43428691319057,-0.6436472739843884,0.6436472739843884,1.8029096898160857,0.18505295081499865,2.0527203228332542,-485.95172760263284,signal_change,2,SCORE
2026-07-23 17:05:00+00:00,2026-07-23 17:10:00+00:00,SI=F,1.0,13.698168999136502,range,58.14499938964844,58.09000122070312,57.92214150565012,1.5134540633168412,1.5134540633168412,1.0832246282285416,0.2720310321341608,-0.4594264263605091,-423.75328164296945,signal_change,1,SCORE
2026-07-23 17:25:00+00:00,2026-07-23 17:30:00+00:00,SI=F,1.0,16.298406990833964,range,58.07499969482422,57.995,57.84785627092634,1.4842466079161356,1.4842466079161356,1.4204685573366214,0.21621663419009618,-0.23785883163440588,-601.1176114254822,signal_change,1,SCORE
2026-07-23 18:05:00+00:00,2026-07-23 18:10:00+00:00,SI=F,-1.0,4.829650993851948,range,57.69500076293945,57.73499954223633,57.90928484235491,-1.5723355005466682,1.5723355005466682,0.6884040205932827,0.1337587046423139,-0.59803069825651,-322.3191808378118,signal_change,1,SCORE
2026-07-24 00:05:00+00:00,2026-07-24 00:15:00+00:00,SI=F,-1.0,-36.1642825783308,range,57.78500091552734,57.790357883998325,57.78535788399832,-3.8969958560642026,3.8969958560642026,1.099236641221374,0.18333248563145313,-0.5807524773766026,-123.86539894278121,stop,3,SCORE
2026-07-24 00:20:00+00:00,2026-07-24 00:20:00+00:00,SI=F,-1.0,-30.594244352794803,range,57.7549983215332,57.90214157104492,57.89714157104492,-2.369231756139062,2.369231756139062,3.6056338028169015,0.052633927177167125,1.1233957701061965,-1754.928456004014,stop,1,SCORE
2026-07-24 00:25:00+00:00,2026-07-24 00:30:00+00:00,SI=F,-1.0,-16.668768932244184,range,57.89000045776367,57.865000610351565,58.03714368547712,-2.28455010079704,2.28455010079704,1.5140186915887852,0.09302531892620784,-0.0719684590582273,274.14426912218187,signal_change,1,SCORE
2026-07-24 00:50:00+00:00,2026-07-24 00:55:00+00:00,SI=F,1.0,-5.384786703468151,range,57.94499862670899,57.98999893188476,57.779283817836216,2.0291006487942824,2.0291006487942824,1.2046332046332047,0.005182453185963497,-0.08200387280126412,446.40523889656885,signal_change,1,SCORE
2026-07-24 01:00:00+00:00,2026-07-24 01:00:00+00:00,SI=F,1.0,-41.2002256566042,range,58.13,57.88785661969866,57.89285661969866,2.8371719050701887,2.8371719050701887,7.973597359735973,0.05534847580545264,5.664064719049907,-3449.197837473831,stop,1,SCORE
2026-07-24 01:05:00+00:00,2026-07-24 01:10:00+00:00,SI=F,-1.0,-6.39063406749597,range,57.82000076293945,57.85999954223633,58.06785799298967,-1.3523956865052111,1.3523956865052111,1.0632911392405062,0.02205803979647363,0.17051187957927244,-277.23286136539906,signal_change,1,SCORE
2026-07-24 01:15:00+00:00,2026-07-24 01:20:00+00:00,SI=F,-1.0,-12.58420637833739,range,57.71500122070312,57.73499954223633,57.994286651611326,-1.19986214890571,1.19986214890571,1.2699551569506726,0.030510087700014742,0.4785000601109825,-125.97545599124146,signal_change,1,SCORE
2026-07-24 01:25:00+00:00,2026-07-24 01:30:00+00:00,SI=F,-1.0,-12.50508541271251,range,57.794999237060544,57.7450016784668,58.0728568812779,-1.205869022685139,1.205869022685139,1.2074303405572755,0.05573760649980238,0.5490810793950075,295.42319047698487,signal_change,1,SCORE
2026-07-24 01:50:00+00:00,2026-07-24 01:55:00+00:00,SI=F,1.0,-3.968287307102976,range,58.08999908447266,57.98999893188476,57.766427198137556,1.0358233769652627,1.0358233769652627,0.6520231213872832,0.1111111111111111,0.0944847788046395,-523.091595638005,signal_change,1,SCORE
2026-07-24 02:50:00+00:00,2026-07-24 03:00:00+00:00,SI=F,-1.0,-71.50777660484485,range,57.439999694824216,57.46499908447266,57.71500122070312,-2.4362064236958108,2.4362064236958108,5.241137855579869,0.2547166585993886,5.436430240073574,-316.6994003685313,signal_change,2,SCORE
2026-07-24 03:25:00+00:00,2026-07-24 03:30:00+00:00,SI=F,-1.0,-12.15016246033055,range,57.55000030517578,57.58500183105469,57.81999967302595,-1.2402599302820327,1.2402599302820327,0.9965397923875432,0.1321854200099971,0.327313749212333,-223.25624988312705,signal_change,1,SCORE
2026-07-24 05:10:00+00:00,2026-07-24 05:15:00+00:00,SI=F,1.0,25.12816342706856,range,57.740000610351565,57.69500076293945,57.6474985395159,2.4799360412978797,2.4799360412978797,2.804428044280443,0.06598866818222307,0.4218798206930729,-570.3833974575286,signal_change,1,SCORE
2026-07-24 05:35:00+00:00,2026-07-24 05:35:00+00:00,SI=F,1.0,14.728002817601393,range,57.88500106811524,57.66285760062082,57.66785760062082,1.540878144437253,1.540878144437253,1.6455368693402328,0.034482395746460864,-0.11270369146338699,-1719.1844606804757,stop,1,SCORE
2026-07-24 06:20:00+00:00,2026-07-24 06:30:00+00:00,SI=F,1.0,60.97874859035112,range,57.889998321533206,57.93000137329101,57.588569117954805,1.1080210700996687,1.1080210700996687,3.85014409221902,0.15957332402659724,1.4448361448902847,216.08101572919247,signal_change,2,SCORE
2026-07-24 07:05:00+00:00,2026-07-24 07:25:00+00:00,SI=F,1.0,74.59145751082383,range,58.17999923706055,58.52999984741211,58.16642543247768,2.40457107176202,2.40457107176202,4.657450076804915,0.31096186176704016,3.678992255542192,4195.983858393218,signal_change,4,SCORE
2026-07-24 07:35:00+00:00,2026-07-24 07:40:00+00:00,SI=F,1.0,18.705228902488727,range,58.685000305175784,58.495,58.403570469447544,1.1922479027354667,1.1922479027354667,0.95,0.4307674550992502,0.23311879523896126,-1138.598566338327,signal_change,1,SCORE
2026-07-24 09:05:00+00:00,2026-07-24 09:15:00+00:00,SI=F,1.0,31.53083927050189,range,58.64499938964844,58.66000091552734,58.466427666800364,1.8115464636697713,1.8115464636697713,0.7794656888423258,0.24770417448273932,-0.08963957959619308,126.82207345952074,signal_change,2,SCORE
2026-07-24 10:15:00+00:00,2026-07-24 10:25:00+00:00,SI=F,1.0,44.607840570232554,range,58.72000015258789,58.75000106811523,58.67107064383371,2.1426934047237247,2.1426934047237247,3.346243222308288,0.33009640419393427,1.5302789181889465,310.70035215689177,signal_change,2,SCORE
2026-07-24 10:30:00+00:00,2026-07-24 10:35:00+00:00,SI=F,1.0,16.23060825326074,range,58.83999908447266,58.80000030517578,58.676427045549666,2.0497925988608396,2.0497925988608396,1.0265486725663717,0.34042432309590287,-0.22335167988624244,-420.1949718253694,signal_change,1,SCORE
2026-07-24 10:50:00+00:00,2026-07-24 10:55:00+00:00,SI=F,1.0,3.216938564904036,range,58.76999938964844,58.66499816894531,58.60142791748047,1.9881281346991027,1.9881281346991027,0.8327550312283137,0.09259102276098843,-0.35936801354226794,-1053.7200459617097,signal_change,1,SCORE
2026-07-24 11:05:00+00:00,2026-07-24 11:10:00+00:00,SI=F,1.0,-14.999141123402685,range,58.685000305175784,58.704999084472654,58.50428556169783,1.8524934826334865,1.8524934826334865,2.0714285714285716,0.010307494464785022,0.7850254462341634,175.97557412721739,signal_change,1,SCORE
2026-07-24 12:00:00+00:00,2026-07-24 12:05:00+00:00,SI=F,1.0,-2.049892034547886,range,58.76999938964844,58.634999389648435,58.57142859322684,1.6862221534768833,1.6862221534768833,1.1718102257024414,0.06363573311138854,0.30374139985077075,-1146.6310643643237,signal_change,1,SCORE
2026-07-24 12:10:00+00:00,2026-07-24 12:15:00+00:00,SI=F,1.0,-7.655342696642542,range,58.854998474121096,58.794999237060544,58.62500002179827,1.4540669804930193,1.4540669804930193,0.38190954773869346,0.06060746178077046,-0.4782342056016577,-443.48488222507353,signal_change,1,SCORE
2026-07-24 12:30:00+00:00,2026-07-24 12:35:00+00:00,SI=F,1.0,-22.386081456341458,range,58.87499893188477,58.78500091552734,58.61214340209961,1.2717173408965663,1.2717173408965663,1.9754649782350613,0.00330102807762326,1.6028407849782578,-578.6187769446465,signal_change,1,SCORE
2026-07-24 12:50:00+00:00,2026-07-24 12:55:00+00:00,SI=F,-1.0,-1.3446088794926003,range,58.68000137329101,58.69999969482422,58.98214283534458,-1.1056920706472682,1.1056920706472682,0.6662153012863914,0.0,-0.00730773866371846,-116.08838808085072,signal_change,1,SCORE
2026-07-24 13:05:00+00:00,2026-07-24 13:20:00+00:00,SI=F,-1.0,-67.73979322181579,range,58.450001831054685,58.19999969482422,58.598572049822124,-0.9702271221002934,0.9702271221002934,2.603438055720213,0.2450715122339111,2.5808327905106747,1207.9431301585398,signal_change,3,SCORE
2026-07-24 14:05:00+00:00,2026-07-24 14:10:00+00:00,SI=F,-1.0,-11.898440400882897,range,58.5049983215332,58.62499893188477,58.91642704554966,-0.8129173984282908,0.8129173984282908,0.9580022701475596,0.1321694526995917,0.6048691953717704,-491.81750687615835,signal_change,1,SCORE
2026-07-24 15:15:00+00:00,2026-07-24 15:25:00+00:00,SI=F,1.0,44.25425384199197,range,59.1200016784668,58.995,58.72857341221401,1.708029085578814,1.708029085578814,3.4226014278251786,0.3702906114190884,3.9584838142757226,-1076.0726582652378,signal_change,2,SCORE
2026-07-24 17:25:00+00:00,2026-07-24 17:30:00+00:00,SI=F,-1.0,3.671114369005763,range,58.950001831054685,58.99999893188477,59.138575395856584,-1.7707084593703053,1.7707084593703053,0.7587672688629118,0.11836676226687717,-0.5924667330244727,-451.5049892159441,signal_change,1,SCORE
2026-07-24 18:25:00+00:00,2026-07-24 18:35:00+00:00,SI=F,-1.0,-33.402841825796074,range,58.724999542236326,58.60000122070313,58.80928502764021,-2.005367915592788,2.005367915592788,0.9759572573463936,0.43455509930177194,-0.2691130838121407,1243.311277950168,signal_change,2,SCORE
2026-07-24 18:45:00+00:00,2026-07-24 18:50:00+00:00,SI=F,-1.0,11.773878337203225,range,58.485001678466794,58.560000305175784,58.67428641183035,-1.7655197683984272,1.7655197683984272,0.3311432325886991,0.28845949286764894,-0.8631919558534931,-670.8853891292682,signal_change,1,SCORE
2026-07-24 19:20:00+00:00,2026-07-24 19:25:00+00:00,SI=F,-1.0,-3.4736624950726,trend,58.42500030517578,58.3700016784668,58.627858276367185,-1.6462312363761973,1.6462312363761973,0.2890115403913698,0.5598046301771908,-0.8505208625166679,444.47113004869834,signal_change,1,SCORE
2026-07-26 22:15:00+00:00,2026-07-26 22:55:00+00:00,SI=F,1.0,71.14410789864525,trend,59.830000762939456,60.110001678466794,59.63107054574149,2.2596508021667665,2.2596508021667665,3.3016894609814966,0.5824165505492312,0.8091859568922601,3152.2232128830656,signal_change,8,SCORE
2026-07-26 23:00:00+00:00,2026-07-26 23:05:00+00:00,SI=F,1.0,24.07252378203845,trend,60.03000152587891,59.860001678466794,59.61785890851702,0.813334893365049,0.813334893365049,1.3004926108374384,0.5185897416756,-0.004755166111138809,-695.4007133018589,signal_change,1,SCORE
2026-07-26 23:25:00+00:00,2026-07-26 23:30:00+00:00,SI=F,1.0,25.914416293711508,range,59.65500152587891,59.6299983215332,59.3907160295759,1.2674421645503935,1.2674421645503935,1.5731310942578547,0.4280528749944412,0.42479330191939946,-164.78778800585326,signal_change,1,SCORE
2026-07-27 00:05:00+00:00,2026-07-27 00:10:00+00:00,SI=F,1.0,26.114568278234074,range,60.08999908447266,60.08500015258789,59.83785576956613,1.3282482063500944,1.3282482063500944,1.4531693472090823,0.460897774752529,0.8389895271107686,-39.84035257981566,signal_change,1,SCORE
2026-07-27 00:15:00+00:00,2026-07-27 00:20:00+00:00,SI=F,1.0,4.154383931157132,range,60.38,60.10500061035156,60.078571886335105,2.222055252727137,2.222055252727137,0.8687350835322196,0.11926589450733283,0.10932244775005348,-3066.4294675890287,signal_change,1,SCORE
2026-07-27 01:05:00+00:00,2026-07-27 01:10:00+00:00,SI=F,1.0,2.7616963396187413,range,60.005,60.009999389648435,59.64642990112305,0.9309803365541068,0.9309803365541068,0.7843762455161418,0.030801213813156116,0.013386356328284025,18.616765604542934,signal_change,1,SCORE
2026-07-27 03:10:00+00:00,2026-07-27 03:15:00+00:00,SI=F,-1.0,4.482658581407945,range,59.62,59.66499984741211,59.80214198521205,-1.8327911975375517,1.8327911975375517,0.3466440101954121,0.31496455604950135,-0.7549070210733416,-421.5405771249699,signal_change,1,SCORE
2026-07-27 03:20:00+00:00,2026-07-27 03:25:00+00:00,SI=F,-1.0,4.236482350161597,range,59.704999084472654,59.63500106811524,59.89142660958426,-1.789868142040243,1.789868142040243,0.5185825410544511,0.2085125724396539,-0.6371454712911607,617.4867567105591,signal_change,1,SCORE
2026-07-27 04:05:00+00:00,2026-07-27 04:15:00+00:00,SI=F,-1.0,-65.11057905458931,range,59.544999237060544,59.51999938964844,59.68428747994559,-2.0962171628104254,2.0962171628104254,3.445843828715365,0.41904872625811984,1.1747107963419603,251.5444602504215,signal_change,2,SCORE
2026-07-27 05:35:00+00:00,2026-07-27 05:40:00+00:00,SI=F,-1.0,-33.59950169808613,range,59.450001831054685,59.61857441493443,59.613574414934426,-2.0418143493297825,2.0418143493297825,3.160865475070555,0.08212382335380101,1.4265714149614661,-1731.1786750929455,stop,2,SCORE
2026-07-27 06:00:00+00:00,2026-07-27 06:05:00+00:00,SI=F,1.0,12.295028122888517,range,59.71499908447266,59.64999877929687,59.527854941231865,1.7814019216053092,1.7814019216053092,1.3290529695024078,0.1300441680094973,0.4068586208062999,-587.8653523334134,signal_change,1,SCORE
2026-07-27 06:10:00+00:00,2026-07-27 06:20:00+00:00,SI=F,1.0,55.06709666449808,range,59.73499954223633,59.689999694824216,59.53856988089426,1.6961449774777129,1.6961449774777129,1.8564593301435406,0.21738957368609604,0.9733614166222465,-390.1120507639958,signal_change,2,SCORE
2026-07-27 06:30:00+00:00,2026-07-27 06:40:00+00:00,SI=F,1.0,49.728059526374864,range,59.830000762939456,59.860001678466794,59.63428553989956,3.4032778761144,3.4032778761144,1.5132203389830508,0.21585959346095934,0.8625300549621613,493.49087100627077,signal_change,2,SCORE
2026-07-27 07:15:00+00:00,2026-07-27 07:25:00+00:00,SI=F,1.0,73.29847105296594,range,59.94000137329102,60.05000030517578,59.8132141658238,3.494322842521083,3.494322842521083,2.2813688212927756,0.24398627231469852,2.570517913476417,1904.3872874765912,signal_change,2,SCORE
2026-07-27 08:05:00+00:00,2026-07-27 08:10:00+00:00,SI=F,-1.0,4.950148762227735,range,59.395001525878904,59.505,59.68214414324079,-1.1627528672622198,1.1627528672622198,0.5962732919254659,0.14569743882536618,-0.23793847248319663,-645.3189702301951,signal_change,1,SCORE
2026-07-27 10:15:00+00:00,2026-07-27 10:20:00+00:00,SI=F,-1.0,7.832958141169383,range,59.41000091552734,59.455000762939456,59.584286804199216,-1.9143835599868226,1.9143835599868226,0.5176876617773943,0.07619310585363018,-0.8824548934777948,-440.30675823827187,signal_change,1,SCORE
2026-07-27 10:40:00+00:00,2026-07-27 10:45:00+00:00,SI=F,-1.0,-2.1003970104919825,range,59.53999816894531,59.57499969482422,59.7064268711635,-2.003836647169949,2.003836647169949,0.9608355091383812,0.05946008363507394,-0.46820703168808975,-360.7058845509995,signal_change,1,SCORE
2026-07-27 11:05:00+00:00,2026-07-27 11:10:00+00:00,SI=F,-1.0,-20.498457113743413,range,59.3799983215332,59.53000152587891,59.56571304321289,-1.7950633238496625,1.7950633238496625,1.4540503744043567,0.13513550666364244,0.38971494401722023,-1355.301569523784,signal_change,1,SCORE
2026-07-27 11:30:00+00:00,2026-07-27 11:35:00+00:00,SI=F,-1.0,8.277020352754315,range,59.43499862670898,59.479998474121096,59.61214063371931,-1.8792568496608524,1.8792568496608524,0.4070450097847358,0.03255774342014216,-0.6519402786106453,-432.22764166285094,signal_change,1,SCORE
2026-07-27 11:45:00+00:00,2026-07-27 11:55:00+00:00,SI=F,-1.0,-37.91553104759797,range,59.474999542236326,59.35999954223633,59.60499817984445,-1.6637320384173044,1.6637320384173044,2.233502538071066,0.2424236586070706,1.580130057999583,948.3272618978209,signal_change,2,SCORE
2026-07-27 12:10:00+00:00,2026-07-27 12:20:00+00:00,SI=F,-1.0,-74.466353116546,range,59.294999237060544,59.08999908447266,59.306784221104216,-1.3837066405704705,1.3837066405704705,5.96707471506965,0.27626262776192867,5.656415480902614,1411.381829066232,signal_change,2,SCORE
2026-07-27 13:05:00+00:00,2026-07-27 13:10:00+00:00,SI=F,-1.0,-17.08569691156919,range,59.12,59.1200016784668,59.407856510707305,-1.1588063362695573,1.1588063362695573,1.089808274470232,0.34177182590780325,0.5288308177062772,-5.803756771174612,signal_change,1,SCORE
2026-07-27 13:30:00+00:00,2026-07-27 13:35:00+00:00,SI=F,-1.0,-42.99724464378816,range,58.94500076293945,59.236428941999165,59.23142894199916,-2.3291557298883663,2.3291557298883663,2.1879468845760983,0.33803096893435486,2.224696122590954,-3405.5538441887747,stop,2,SCORE
2026-07-27 13:40:00+00:00,2026-07-27 13:45:00+00:00,SI=F,-1.0,-8.035150401578885,range,59.200001831054685,59.255,59.507858799525664,-1.0796441445991496,1.0796441445991496,1.017233348858873,0.1480353763636657,0.6152323345164105,-302.29047605043047,signal_change,1,SCORE
2026-07-27 14:00:00+00:00,2026-07-27 14:10:00+00:00,SI=F,-1.0,-30.896820321353665,range,58.825001831054685,58.92999923706055,59.21500122070312,-1.7039522652414718,1.7039522652414718,1.76171654432524,0.26615133790308115,1.8309011141403202,-903.0726003670638,signal_change,2,SCORE
2026-07-27 14:30:00+00:00,2026-07-27 14:35:00+00:00,SI=F,-1.0,-26.695410308610484,range,58.68499862670898,58.60999954223633,59.06714028494699,-0.8686676502048617,0.8686676502048617,1.478083965230257,0.3114749314188992,1.2901665309789434,321.4030541308446,signal_change,1,SCORE
2026-07-27 16:30:00+00:00,2026-07-27 16:40:00+00:00,SI=F,1.0,40.91501534344096,trend,59.150000457763674,59.14999877929687,58.964644295828684,3.381050997053935,3.381050997053935,0.8847926267281107,0.5213654592285872,-0.28174473436718617,-16.93362989454171,signal_change,2,SCORE
2026-07-27 17:05:00+00:00,2026-07-27 17:10:00+00:00,SI=F,-1.0,-0.5724302729318611,range,58.77499877929687,58.78999984741211,58.99499782017299,-1.5093732194608274,1.5093732194608274,1.0148898153662895,0.08016649444213739,-0.346959419869241,-120.75791847955512,signal_change,1,SCORE
2026-07-27 17:25:00+00:00,2026-07-27 17:30:00+00:00,SI=F,-1.0,-7.857716975155606,range,58.704999084472654,58.72000015258789,58.92999864850725,-1.4756401718314223,1.4756401718314223,1.0163236337828248,0.18942772734452984,-0.12234777999239917,-118.05909451529148,signal_change,1,SCORE
2026-07-27 18:20:00+00:00,2026-07-27 18:25:00+00:00,SI=F,-1.0,-0.45389492256402697,range,58.57000076293945,58.6200016784668,58.72928671700613,-2.0841578693871945,2.0841578693871945,0.5084745762711864,0.30543983809131625,-0.6985194834758474,-531.4697972113785,signal_change,1,SCORE
2026-07-27 18:45:00+00:00,2026-07-27 18:50:00+00:00,SI=F,-1.0,-28.991366471800134,trend,58.544999237060544,58.44499862670899,58.68178503853934,-1.9766352935077756,1.9766352935077756,0.5676741130091985,0.5619012326841124,-0.5696519077889883,978.4405024984978,signal_change,1,SCORE
2026-07-27 19:25:00+00:00,2026-07-27 19:30:00+00:00,SI=F,1.0,-6.737655664358672,range,58.900000457763674,58.8799983215332,58.704287414550784,3.3940866581538476,3.3940866581538476,0.3131991051454139,0.15126045032569113,-0.8736455118881287,-356.41535186290446,signal_change,1,SCORE
2026-07-27 22:25:00+00:00,2026-07-27 22:30:00+00:00,SI=F,-1.0,-0.2570590044398582,range,58.645001525878904,58.650000457763674,58.76071546282087,-2.8692202322279035,2.8692202322279035,0.2564102564102564,0.3055599707537273,-0.7230435712753135,-86.0612836777064,signal_change,1,SCORE
2026-07-27 23:05:00+00:00,2026-07-27 23:10:00+00:00,SI=F,-1.0,-2.4569241057869,range,58.59499847412109,58.615000610351565,58.69357025146484,-3.367887406733362,3.367887406733362,0.49840255591054317,0.3114752048027015,-0.5513596682565419,-353.6641506255571,signal_change,1,SCORE
2026-07-28 00:05:00+00:00,2026-07-28 00:05:00+00:00,SI=F,-1.0,-69.00879646768668,range,58.52499877929687,58.50535585675921,58.50035585675921,-2.484481413354868,2.484481413354868,7.308855291576673,0.4342117151031471,0.9397916271125089,231.58997267719533,stop,1,SCORE
2026-07-28 00:10:00+00:00,2026-07-28 00:20:00+00:00,SI=F,-1.0,-34.500373267229925,range,58.46000015258789,58.47500122070313,58.56392696925572,-4.766285494660065,4.766285494660065,2.150943396226415,0.36552050722159374,-0.1802751354092365,-381.3282942836682,signal_change,2,SCORE
2026-07-28 00:30:00+00:00,2026-07-28 00:35:00+00:00,SI=F,-1.0,-4.626553960462496,range,58.39000045776367,58.424998168945315,58.56357192993164,-1.7866244189426053,1.7866244189426053,1.068362480127186,0.25263314286632105,-0.2702834259438964,-321.5719491158577,signal_change,1,SCORE
2026-07-28 00:50:00+00:00,2026-07-28 00:55:00+00:00,SI=F,-1.0,-28.165620979922423,range,58.21500122070312,58.22000015258789,58.44000187465122,-2.948346155512725,2.948346155512725,1.8070588235294118,0.371680698935258,0.390544813131142,-88.43463879823258,signal_change,1,SCORE
2026-07-28 01:00:00+00:00,2026-07-28 01:20:00+00:00,SI=F,-1.0,-81.13218163078774,trend,58.0049983215332,57.615000610351565,58.02107266017369,-2.2760855859137257,2.2760855859137257,7.593569131832797,0.5294142493584938,5.288019054692871,4426.960416869756,signal_change,4,SCORE
2026-07-28 01:25:00+00:00,2026-07-28 01:45:00+00:00,SI=F,-1.0,-60.475345530770944,trend,57.46999847412109,57.59500015258789,57.76642881120954,-1.9935510934688256,1.9935510934688256,2.9783322390019698,0.7176490651730978,2.8264251091923542,-1255.9539194320023,signal_change,3,SCORE
2026-07-28 03:35:00+00:00,2026-07-28 03:40:00+00:00,SI=F,1.0,-12.361566873357516,range,57.670000915527346,57.645001525878904,57.42428591047015,1.354287690330223,1.354287690330223,1.8381717109326747,0.0030942640375657827,0.37638503291439857,-176.0532667849243,signal_change,1,SCORE
2026-07-28 05:30:00+00:00,2026-07-28 05:30:00+00:00,SI=F,-1.0,-88.54833317649377,trend,57.21999847412109,57.22107262747629,57.21607262747629,-3.157902000722916,3.157902000722916,8.158054711246201,0.6576636641384027,4.34036560055889,-32.74986515092788,stop,1,SCORE
2026-07-28 05:35:00+00:00,2026-07-28 05:40:00+00:00,SI=F,-1.0,-38.28442990781858,trend,56.950001831054685,57.17000198364258,57.165001983642576,-3.0948417624607147,3.0948417624607147,1.7220270948319116,0.504207418520335,0.28795029984418336,-3419.802508696011,stop,2,SCORE
2026-07-28 05:45:00+00:00,2026-07-28 05:50:00+00:00,SI=F,-1.0,-20.716254111827627,range,57.189999694824216,57.22500122070313,57.4435718863351,-1.307315256964783,1.307315256964783,1.3163120567375886,0.33085636816400155,0.05020946096066666,-235.3267202775665,signal_change,1,SCORE
2026-07-28 06:05:00+00:00,2026-07-28 06:10:00+00:00,SI=F,-1.0,-4.566332624702901,range,57.41499816894531,57.424998168945315,57.68785529000418,-1.2146152868063376,1.2146152868063376,1.02291917973462,0.06713899043490451,0.019687363513329056,-66.80384077437964,signal_change,1,SCORE
2026-07-28 06:45:00+00:00,2026-07-28 06:50:00+00:00,SI=F,1.0,0.8579696419069353,range,57.705000762939456,57.66499816894531,57.472857360839846,1.4275359368844232,1.4275359368844232,0.7405441274054413,0.16245582819889223,0.06076827075745242,-292.6633821606223,signal_change,1,SCORE
2026-07-28 08:05:00+00:00,2026-07-28 08:10:00+00:00,SI=F,1.0,3.3689995062706823,range,57.865000610351565,57.73999893188476,57.63357328142439,1.4315103508293736,1.4315103508293736,0.8301886792452831,0.2218435010845196,-0.22183166180893457,-901.8635347355082,signal_change,1,SCORE
2026-07-28 09:40:00+00:00,2026-07-28 09:45:00+00:00,SI=F,-1.0,-6.835294066627978,range,57.485001678466794,57.53499877929688,57.66642868041992,-1.8242872396271153,1.8242872396271153,1.0985915492957747,0.048648871568051304,-0.20408648490017692,-465.16680151149114,signal_change,1,SCORE
2026-07-28 10:00:00+00:00,2026-07-28 10:05:00+00:00,SI=F,-1.0,-21.95257826793781,range,57.37500106811523,57.48499954223633,57.56642802647182,-3.4562755324162113,3.4562755324162113,1.494809688581315,0.21994209694957423,0.008589181589738128,-1918.20655120144,signal_change,1,SCORE
2026-07-28 10:30:00+00:00,2026-07-28 10:35:00+00:00,SI=F,-1.0,-18.098693887744723,range,57.30999862670898,57.389998321533206,57.529283229282925,-3.011071274848139,3.011071274848139,1.1564544913741819,0.2978753912791752,-0.009074821386459929,-1219.4792717834298,signal_change,1,SCORE
2026-07-28 11:05:00+00:00,2026-07-28 11:10:00+00:00,SI=F,-1.0,-11.87166324914598,range,57.35500061035156,57.35999954223633,57.57071629115513,-1.52846545480646,1.52846545480646,0.8550794415021665,0.28735625464048314,-0.022736223469366816,-45.845800758045385,signal_change,1,SCORE
2026-07-28 11:20:00+00:00,2026-07-28 11:25:00+00:00,SI=F,-1.0,4.197632139875219,range,57.53999816894531,57.51000106811524,57.76714159284319,-1.4514966556385018,1.4514966556385018,0.4192139737991266,0.1672571970036355,-0.5836340721141021,210.445974390317,signal_change,1,SCORE
2026-07-28 12:35:00+00:00,2026-07-28 12:40:00+00:00,SI=F,1.0,22.738119797139554,range,57.455000762939456,57.55000030517578,57.277142660958425,1.5087600492494886,1.5087600492494886,1.7502014504431909,0.1135517622992052,1.300002229205359,709.1137698695205,signal_change,1,SCORE
2026-07-28 13:05:00+00:00,2026-07-28 13:10:00+00:00,SI=F,1.0,14.68956291299782,range,57.55499923706055,57.495,57.28571376255581,1.2255386840136764,1.2255386840136764,1.3661165375547324,0.09540780839718117,0.9478929112672368,-373.7846235651358,signal_change,1,SCORE
2026-07-28 13:20:00+00:00,2026-07-28 13:25:00+00:00,SI=F,-1.0,-26.04073129212304,range,57.3799983215332,57.400000457763674,57.652141004289895,-2.424382225446231,2.424382225446231,1.7229669347631813,0.08185157732689316,1.6483832417138458,-254.58602886780574,signal_change,1,SCORE
2026-07-28 13:30:00+00:00,2026-07-28 14:00:00+00:00,SI=F,-1.0,-63.94989193052836,range,57.30500137329101,57.060000305175784,57.3817868913923,-1.1344445699170689,1.1344445699170689,2.103125834891798,0.13793148807315797,2.4670362742070355,1384.028433886433,signal_change,6,SCORE
2026-07-28 14:05:00+00:00,2026-07-28 14:10:00+00:00,SI=F,-1.0,-25.654455135724795,range,57.235001678466794,57.354998474121096,57.54571694510324,-1.062980425285983,1.062980425285983,1.6208202931971667,0.12571252940035268,1.9253135714669387,-643.0861265142555,signal_change,1,SCORE
2026-07-28 14:25:00+00:00,2026-07-28 14:30:00+00:00,SI=F,-1.0,2.5278448226419394,range,57.09000122070312,57.205000762939456,57.462144557407925,-0.8869140827572795,0.8869140827572795,0.5213032581453634,0.17223538456710705,-0.11996729218817186,-514.408138014009,signal_change,1,SCORE
2026-07-28 15:15:00+00:00,2026-07-28 15:20:00+00:00,SI=F,1.0,11.637731173173707,range,57.490000610351565,57.46000015258789,57.13071498325893,0.9181528522275488,0.9181528522275488,1.2126315789473685,0.05970055777709034,1.1793754990585283,-142.31579358039846,signal_change,1,SCORE
2026-07-28 17:25:00+00:00,2026-07-28 17:30:00+00:00,SI=F,1.0,14.888033661837822,range,57.53999984741211,57.579999084472654,57.34714183262417,1.7102183340130828,1.7102183340130828,1.3088294047143427,0.14141713836538572,0.04892979432052864,333.48605116730505,signal_change,1,SCORE
2026-07-28 22:25:00+00:00,2026-07-28 22:30:00+00:00,SI=F,-1.0,-0.6147899636044376,range,57.235001678466794,57.299998168945315,57.34285897391183,-3.0590979637327242,3.0590979637327242,0.6233766233766234,0.18518219505992436,-0.4639471608142918,-1009.4486481817446,signal_change,1,SCORE
2026-07-28 22:35:00+00:00,2026-07-28 22:40:00+00:00,SI=F,-1.0,-25.308117487263,range,57.16000091552734,57.15999877929688,57.300000850132534,-4.7084697113928415,4.7084697113928415,1.3439999999999999,0.39895561976969873,-0.27530844754973804,-23.492056674791286,signal_change,1,SCORE
2026-07-28 23:55:00+00:00,2026-07-29 00:00:00+00:00,SI=F,1.0,-12.094351659790672,range,57.424998168945315,57.474999542236326,57.2828560093471,2.318696328763684,2.318696328763684,0.4072727272727273,0.11215133192630197,-0.7949794594652299,568.0965217712245,signal_change,1,SCORE
2026-07-29 00:25:00+00:00,2026-07-29 00:30:00+00:00,SI=F,1.0,-7.234267319349965,range,57.51000106811524,57.439999694824216,57.31071474347796,1.654821714464268,1.654821714464268,0.489795918367347,0.12795906929654874,-0.5706138249299967,-587.4730713938222,signal_change,1,SCORE
2026-07-29 01:05:00+00:00,2026-07-29 01:10:00+00:00,SI=F,1.0,2.5055497006989067,range,57.205000762939456,57.27499877929687,57.00142889840262,1.6189748155051442,1.6189748155051442,1.066088840736728,0.1090881978617229,0.17360241622212985,558.5302540123486,signal_change,1,SCORE
2026-07-29 01:40:00+00:00,2026-07-29 01:45:00+00:00,SI=F,1.0,10.010393466651765,range,57.83500183105469,57.724999542236326,57.56357249668667,2.429901014105762,2.429901014105762,1.06,0.25732803503043045,0.2967937543178307,-1348.622870839023,signal_change,1,SCORE
2026-07-29 02:25:00+00:00,2026-07-29 02:30:00+00:00,SI=F,1.0,-3.4735687847053205,range,57.94499862670899,57.93499862670898,57.634998343331475,2.1245218606051943,2.1245218606051943,0.4713275726630008,0.23764798808017162,-0.35085866970222557,-116.84870233334003,signal_change,1,SCORE
2026-07-29 02:35:00+00:00,2026-07-29 02:40:00+00:00,SI=F,1.0,8.464166269487006,range,58.014998321533206,58.08500015258789,57.6857120186942,1.9998420191187103,1.9998420191187103,0.8053691275167785,0.2585813475609437,0.10401180377837767,689.9638056964208,signal_change,1,SCORE
2026-07-29 02:45:00+00:00,2026-07-29 02:50:00+00:00,SI=F,1.0,1.81277810921515,range,58.13,58.02499877929687,57.837856859479636,1.1278778584837863,1.1278778584837863,0.4444444444444444,0.27397255501712264,-0.3057520811291357,-597.7821490165679,signal_change,1,SCORE
2026-07-29 03:20:00+00:00,2026-07-29 03:25:00+00:00,SI=F,1.0,-5.4906531961861305,range,57.76000106811524,57.67500030517578,57.51214547293527,1.328566158490744,1.328566158490744,0.5751947273816657,0.12440110169909159,-0.18307721942150906,-571.288516228746,signal_change,1,SCORE
2026-07-29 05:35:00+00:00,2026-07-29 05:50:00+00:00,SI=F,1.0,34.265149591965724,range,58.06500137329102,58.01500045776367,57.94571304321289,3.6421223706979453,3.6421223706979453,2.4417670682730925,0.306771309853461,0.5526118549302548,-928.7578768411677,signal_change,3,SCORE
2026-07-29 06:05:00+00:00,2026-07-29 06:10:00+00:00,SI=F,1.0,8.740190679246364,range,58.049998168945315,57.995,57.792855420793806,1.2785409741261815,1.2785409741261815,0.9531568228105907,0.23926673266353532,-0.20686876465671225,-357.9797673631444,signal_change,1,SCORE
2026-07-29 06:35:00+00:00,2026-07-29 06:50:00+00:00,SI=F,1.0,46.317282793394796,range,58.2450016784668,58.25000106811523,57.98357284545899,1.2571002326385035,1.2571002326385035,3.405882352941177,0.3333364730261144,3.2243997350840967,25.138168287281843,signal_change,3,SCORE
2026-07-29 06:55:00+00:00,2026-07-29 07:05:00+00:00,SI=F,1.0,42.68174599553109,range,58.354998474121096,58.314999694824216,58.147854963030134,1.5865862436169607,1.5865862436169607,1.9647527003979532,0.38286078007799473,1.879485513760289,-325.2404961875892,signal_change,2,SCORE
2026-07-29 07:25:00+00:00,2026-07-29 07:30:00+00:00,SI=F,1.0,1.3100072262615208,range,58.44000137329102,58.439999694824216,58.26357107979911,3.7242721130862484,3.7242721130862484,0.5113801452784503,0.3286738657219685,-0.25614219581462344,-18.65261590094822,signal_change,1,SCORE
2026-07-29 10:00:00+00:00,2026-07-29 10:15:00+00:00,SI=F,-1.0,-67.53802058037063,range,57.954999084472654,57.83500183105469,58.00249917166574,-2.628245460497625,2.628245460497625,3.5749525616698294,0.41836412965204767,2.021046625708625,1563.769955537242,signal_change,3,SCORE
2026-07-29 10:20:00+00:00,2026-07-29 10:25:00+00:00,SI=F,-1.0,-3.7081882231068812,range,57.84000122070312,57.755,57.98428724016462,-2.2807338041123217,2.2807338041123217,0.7293447293447294,0.2781010595314948,-0.6659350439352643,957.9221182215266,signal_change,1,SCORE
2026-07-29 10:45:00+00:00,2026-07-29 10:50:00+00:00,SI=F,-1.0,2.3426620318902422,range,57.689999694824216,57.71499908447266,57.83000071934291,-2.352934744017051,2.352934744017051,0.28354430379746837,0.4175871623859249,-1.0216524125603577,-305.87433613528947,signal_change,1,SCORE
2026-07-29 10:55:00+00:00,2026-07-29 11:10:00+00:00,SI=F,-1.0,-74.89073849480245,trend,57.66499816894531,57.740000610351565,57.81499914986746,-2.1953604352845613,2.1953604352845613,2.5089141004862237,0.5657204640476429,1.4171510125250937,-834.2637642416279,signal_change,3,SCORE
2026-07-29 11:15:00+00:00,2026-07-29 11:20:00+00:00,SI=F,-1.0,2.161846020845967,range,57.80999862670898,57.889998321533206,57.964999040876116,-2.122666756865061,2.122666756865061,0.6867654573326519,0.2774901735212348,-0.2184216093717773,-859.6767975979747,signal_change,1,SCORE
2026-07-29 12:20:00+00:00,2026-07-29 12:35:00+00:00,SI=F,-1.0,-67.23889784192045,range,57.46500122070312,57.482141244070874,57.47714124407087,-3.0376238915288614,3.0376238915288614,3.1356283699709664,0.2967048322233929,2.74400916923703,-275.5128418738718,stop,4,SCORE
2026-07-29 13:05:00+00:00,2026-07-29 13:10:00+00:00,SI=F,-1.0,-16.132059740922536,range,57.41000091552734,57.35000122070313,57.7464283316476,-0.9767839787516212,0.9767839787516212,1.0722077922077922,0.21080891601542365,0.6039730167489187,288.14978327763407,signal_change,1,SCORE
2026-07-29 13:25:00+00:00,2026-07-29 13:35:00+00:00,SI=F,-1.0,-44.577540868492825,range,57.50000106811523,57.44499862670899,57.79678535461426,-0.977083753440944,0.977083753440944,2.6792009400705052,0.24934219221203638,2.603064974842346,263.824540720942,signal_change,2,SCORE
2026-07-29 14:50:00+00:00,2026-07-29 14:55:00+00:00,SI=F,-1.0,-5.540416379330871,range,57.07000076293945,57.19999969482422,57.39500207083566,-1.0117193165188187,1.0117193165188187,0.9006622516556292,0.1561642346675362,0.35744891680149893,-662.6707491557778,signal_change,1,SCORE
2026-07-29 15:00:00+00:00,2026-07-29 15:05:00+00:00,SI=F,-1.0,-13.185060120141511,range,57.204999084472654,57.24999893188477,57.51285714285714,-1.0673040947978123,1.0673040947978123,1.2660194174757282,0.10481645179765932,0.9345506042480812,-245.47912751512172,signal_change,1,SCORE
2026-07-29 16:00:00+00:00,2026-07-29 16:05:00+00:00,SI=F,1.0,0.8195570910884573,range,57.229998474121096,57.12500106811523,57.00642887660435,1.4693064364936224,1.4693064364936224,1.019321910317171,0.03508830635176646,0.21418459629741599,-778.7133544802222,signal_change,1,SCORE
2026-07-29 16:55:00+00:00,2026-07-29 16:55:00+00:00,SI=F,1.0,78.34023037035735,range,57.46000183105469,57.747503803798125,57.75250380379813,1.0099111688988796,1.0099111688988796,7.190644932671864,0.3794851931406035,6.174646101599589,1446.7077109257864,stop,1,SCORE
2026-07-29 17:00:00+00:00,2026-07-29 17:10:00+00:00,SI=F,1.0,44.803953146348576,range,57.94000137329102,58.01500045776367,57.71107373918806,1.8822820402227758,1.8822820402227758,2.005859038428399,0.42105157488003825,1.0107279274133671,696.4357384789963,signal_change,2,SCORE
2026-07-29 17:15:00+00:00,2026-07-29 17:20:00+00:00,SI=F,1.0,29.065980443093608,trend,58.185000305175784,58.23999893188476,57.785000959123884,0.8224258424816978,0.8224258424816978,1.2494199535962878,0.5159789513655311,0.4037200747085576,222.0493303199349,signal_change,1,SCORE
2026-07-29 17:25:00+00:00,2026-07-29 17:30:00+00:00,SI=F,1.0,13.663119435771334,range,58.060000305175784,57.950001831054685,57.620000588553296,0.7478357462597827,0.7478357462597827,1.0342057212416311,0.3008471494173726,0.28009302928189717,-415.04313364024574,signal_change,1,SCORE
2026-07-29 18:05:00+00:00,2026-07-29 18:10:00+00:00,SI=F,1.0,26.151350655677973,trend,58.69499862670899,58.68499862670898,58.179998692103794,1.2772904586476943,1.2772904586476943,1.2171561051004638,0.5362320443058007,0.5501756184885447,-70.25097522565585,signal_change,1,SCORE
2026-07-29 18:35:00+00:00,2026-07-29 18:40:00+00:00,SI=F,1.0,5.942676589277736,range,58.35999954223633,58.689999694824216,57.88035583496094,0.5806157228263411,0.5806157228263411,0.6751361161524501,0.4355819749821552,0.03155511015637407,955.1133070239584,signal_change,1,SCORE
2026-07-29 18:50:00+00:00,2026-07-29 18:55:00+00:00,SI=F,1.0,12.97480155482152,trend,59.30499923706055,59.32000076293945,58.64214163643973,0.49665562082338044,0.49665562082338044,0.8307834955957348,0.5111108285411229,0.27541418855699196,34.76968263930135,signal_change,1,SCORE
2026-07-29 20:00:00+00:00,2026-07-29 20:05:00+00:00,SI=F,-1.0,-12.095080236590077,range,57.52999984741211,57.58500183105469,58.117857775006975,-0.5600402870974672,0.5600402870974672,1.0022838499184339,0.3323562955822181,0.07413650020183427,-156.81683498609993,signal_change,1,SCORE
2026-07-29 23:05:00+00:00,2026-07-29 23:15:00+00:00,SI=F,1.0,50.03117003185723,trend,58.67999923706055,58.520001525878904,58.45357050214495,1.287256082976345,1.287256082976345,1.0502152080344331,0.6845214848184848,-0.589711314078894,-1036.2264153192111,signal_change,2,SCORE
2026-07-30 00:35:00+00:00,2026-07-30 00:55:00+00:00,SI=F,-1.0,-40.450853899942075,range,58.08500015258789,58.14499938964844,58.33285738263811,-1.3265965948966592,1.3265965948966592,1.3385518590998042,0.19756971418632965,-0.527134949872972,-404.6069008791119,signal_change,4,SCORE
2026-07-30 01:05:00+00:00,2026-07-30 01:15:00+00:00,SI=F,1.0,31.573000025614775,range,58.67999923706055,58.53500091552734,58.35285840715681,0.9352258012819707,0.9352258012819707,2.918032786885246,0.007481031058075023,1.0171948498325796,-682.7069862085875,signal_change,2,SCORE
2026-07-30 03:15:00+00:00,2026-07-30 03:35:00+00:00,SI=F,-1.0,-39.07317380776274,range,57.87,57.76999938964844,58.08214323861258,-1.880552225787082,1.880552225787082,0.8246445497630333,0.3985360448588089,-0.16979748304626746,930.8790907545045,signal_change,4,SCORE
2026-07-30 04:55:00+00:00,2026-07-30 05:05:00+00:00,SI=F,-1.0,-62.331354220770415,range,57.450001831054685,57.33500183105469,57.53357424054827,-2.0098221684149835,2.0098221684149835,2.3979148566463944,0.3036232299855275,0.35573763261507185,1145.598635996489,signal_change,2,SCORE
2026-07-30 05:10:00+00:00,2026-07-30 05:15:00+00:00,SI=F,-1.0,-0.9702431383522732,range,57.384999389648435,57.42999923706055,57.58428571428571,-1.651657560287294,1.651657560287294,0.5868995633187772,0.308728010998661,-0.5453205217194547,-379.8799787514041,signal_change,1,SCORE
2026-07-30 05:40:00+00:00,2026-07-30 05:45:00+00:00,SI=F,-1.0,-13.831506166102383,range,57.21999847412109,57.33999908447266,57.552140350341794,-0.9906001932072986,0.9906001932072986,1.350582147477361,0.1930846760008443,0.0020094709192678374,-599.3161399623197,signal_change,1,SCORE
2026-07-30 08:00:00+00:00,2026-07-30 08:05:00+00:00,SI=F,-1.0,29.653555987352984,range,57.14999877929687,57.354998474121096,57.449998561314175,-1.0960342834132992,1.0960342834132992,2.2576393049730377,0.002398581708207321,1.7092086306829033,-1128.9136395001328,signal_change,1,SCORE
2026-07-30 08:10:00+00:00,2026-07-30 08:15:00+00:00,SI=F,1.0,4.0333404083981685,range,57.57499969482422,57.55500137329101,57.29357040405274,1.1669536082522358,1.1669536082522358,0.9300173510699826,0.12831843469806634,-0.03551297661010897,-122.52033540208988,signal_change,1,SCORE
2026-07-30 08:30:00+00:00,2026-07-30 08:40:00+00:00,SI=F,1.0,44.23475786994516,range,57.97000015258789,57.82000076293945,57.6549993460519,2.084896529804532,2.084896529804532,1.2367149758454106,0.25764059748831025,0.433997958896463,-1574.0905174032018,signal_change,2,SCORE
2026-07-30 09:40:00+00:00,2026-07-30 09:45:00+00:00,SI=F,1.0,3.3638498625440283,range,58.06500137329102,58.07000076293945,57.83357131958008,1.4165019075034528,1.4165019075034528,0.6019629225736095,0.2803958949000513,-0.6031064652552628,28.325715329270178,signal_change,1,SCORE
2026-07-30 10:25:00+00:00,2026-07-30 10:30:00+00:00,SI=F,1.0,14.267926892476941,range,58.31500137329102,58.32000076293945,58.059284776960105,1.2820091900147867,1.2820091900147867,1.1685393258426966,0.2567575578712952,-0.19051920094131536,25.63627141870161,signal_change,1,SCORE
2026-07-30 10:35:00+00:00,2026-07-30 10:40:00+00:00,SI=F,1.0,24.039501537497483,range,58.3700016784668,58.33500015258789,58.10999954223633,2.5218254279259487,2.5218254279259487,1.3719247467438493,0.40476111183435715,0.18510800300573166,-453.94781702786383,signal_change,1,SCORE
2026-07-30 11:05:00+00:00,2026-07-30 11:10:00+00:00,SI=F,1.0,4.7169169542347245,range,58.26000106811524,58.30000030517578,58.000001111711775,1.2603122016916277,1.2603122016916277,0.7889273356401384,0.29257647740826376,-0.3144240250294374,245.7560716203255,signal_change,1,SCORE
2026-07-30 12:15:00+00:00,2026-07-30 12:20:00+00:00,SI=F,1.0,30.30794197903102,range,58.53499877929688,58.30714089529855,58.312140895298555,2.941490121319656,2.941490121319656,1.9489274770173648,0.07752178683061127,1.6839141975862546,-3365.91602483597,stop,2,SCORE
2026-07-30 12:30:00+00:00,2026-07-30 12:30:00+00:00,SI=F,1.0,-39.99494709560748,range,58.40500152587891,58.1250010899135,58.130001089913506,1.187594704584522,1.187594704584522,3.888741721854305,0.11347569537445112,4.411969241246972,-1668.5731486922875,stop,1,SCORE
2026-07-30 12:35:00+00:00,2026-07-30 12:40:00+00:00,SI=F,-1.0,-12.579175051259474,range,58.21999847412109,58.28000152587891,58.50428442818777,-1.1467505033063732,1.1467505033063732,1.3569270608545532,0.040541689971673144,0.7630595946165939,-349.7764015325104,signal_change,1,SCORE
2026-07-30 13:05:00+00:00,2026-07-30 13:15:00+00:00,SI=F,-1.0,-30.72064628596788,range,58.079999084472654,58.30499923706055,58.48142785208566,-1.623613778883605,1.623613778883605,2.2449725776965264,0.027026036272991376,2.0876938934869687,-1834.6848088575236,signal_change,2,SCORE
2026-07-30 13:40:00+00:00,2026-07-30 13:45:00+00:00,SI=F,1.0,-25.7066031186924,range,58.42999923706055,58.28999816894531,57.975714024135044,0.7159389965409313,0.7159389965409313,1.8532630725577623,0.005940366695270671,1.8271743098782756,-504.74081608812037,signal_change,1,SCORE
2026-07-30 13:55:00+00:00,2026-07-30 14:10:00+00:00,SI=F,1.0,59.169364016982264,range,58.58500183105469,58.41499816894531,58.110716683524,0.6464343896121519,0.6464343896121519,1.8347273335563734,0.14776662934987508,2.0850192113104726,-552.7132396855991,signal_change,3,SCORE
2026-07-30 14:10:00+00:00,2026-07-30 14:15:00+00:00,SI=F,-1.0,-1.8760427930817278,range,58.41499816894531,58.365000610351565,58.9285697719029,-0.6325707821360487,0.6325707821360487,0.8947747229019721,0.04975887177954831,0.596495635979568,154.97211981201036,signal_change,1,SCORE
2026-07-30 16:05:00+00:00,2026-07-30 16:10:00+00:00,SI=F,1.0,10.169624157840467,range,59.15500152587891,58.995,58.8228585597447,1.956534769286006,1.956534769286006,0.946112115732369,0.24945758577261135,0.006320671180519228,-1575.025416450954,signal_change,1,SCORE
2026-07-30 16:25:00+00:00,2026-07-30 16:30:00+00:00,SI=F,1.0,-1.1166345485254414,range,59.185000305175784,59.09499847412109,58.89357160295759,1.1130453844901844,1.1130453844901844,0.47876752913292514,0.31063780052886264,-0.7545545446232313,-506.4458401779057,signal_change,1,SCORE
2026-07-30 17:25:00+00:00,2026-07-30 17:30:00+00:00,SI=F,1.0,16.66050322423952,range,59.049998168945315,58.89999877929687,58.822856379917695,1.427285209189028,1.427285209189028,1.3593152431251139,0.14360215535701837,0.3020881240982339,-1077.5959772089648,signal_change,1,SCORE
2026-07-30 19:10:00+00:00,2026-07-30 19:25:00+00:00,SI=F,1.0,38.38601337052804,range,59.264998321533206,59.41499816894531,59.20892769949777,1.8579815742001466,1.8579815742001466,0.8555623847572218,0.319588169440956,-0.38445112676220533,1384.1948552516155,signal_change,3,SCORE
2026-07-30 20:00:00+00:00,2026-07-30 20:10:00+00:00,SI=F,1.0,78.36651775598575,range,59.44999969482422,59.50000106811523,59.28500011989048,1.706862679798282,1.706862679798282,5.237458193979933,0.4146329360464215,2.2836095447410982,418.1930766464508,signal_change,2,SCORE
2026-07-31 00:35:00+00:00,2026-07-31 00:45:00+00:00,SI=F,-1.0,-53.27729705101853,range,59.15499984741211,59.15500152587891,59.28678676060268,-2.429052136647727,2.429052136647727,2.109090909090909,0.216215519596674,-0.29458370502104236,-12.165646100096922,signal_change,2,SCORE
2026-07-31 00:50:00+00:00,2026-07-31 01:00:00+00:00,SI=F,-1.0,-61.73815767827703,range,59.08500015258789,59.10000122070313,59.23928558349609,-2.102891589737372,2.102891589737372,4.202764976958526,0.3619662340215402,0.32280036554770397,-168.24255783175977,signal_change,2,SCORE
2026-07-31 01:15:00+00:00,2026-07-31 01:20:00+00:00,SI=F,-1.0,-27.184837146117008,range,59.00000106811523,59.045000915527346,59.2378594316755,-1.3637807194382445,1.3637807194382445,3.0105509964830013,0.17355309369029678,0.7037474153173716,-313.6685249887148,signal_change,1,SCORE
2026-07-31 01:35:00+00:00,2026-07-31 01:40:00+00:00,SI=F,-1.0,-25.76615946396048,range,58.91499816894531,58.90500152587891,59.16928534371512,-1.2752387787171193,1.2752387787171193,0.6612244897959183,0.3229569905241409,-0.2810199845295221,57.364340582756114,signal_change,1,SCORE
2026-07-31 02:20:00+00:00,2026-07-31 02:25:00+00:00,SI=F,-1.0,3.017015802965524,range,58.8799983215332,58.854998474121096,59.07571299961635,-1.6569883612833032,1.6569883612833032,0.4744645799011532,0.31803127782836216,-0.2813261262202623,198.83733917215983,signal_change,1,SCORE
2026-07-31 02:40:00+00:00,2026-07-31 02:55:00+00:00,SI=F,-1.0,-57.438747771366735,range,58.85500061035156,58.775000457763674,58.977499280657085,-1.6818977095816294,1.6818977095816294,1.6593886462882097,0.23174287928695989,1.833509558192955,664.3508784708193,signal_change,3,SCORE
2026-07-31 03:05:00+00:00,2026-07-31 03:20:00+00:00,SI=F,-1.0,-54.89115160543779,range,58.62500106811523,58.58999908447266,58.82428848266601,-1.6287985888318408,1.6287985888318408,1.2910832719233605,0.4817467234317441,1.0328810075397459,276.91191487253127,signal_change,3,SCORE
2026-07-31 05:00:00+00:00,2026-07-31 05:10:00+00:00,SI=F,1.0,51.34552324940353,range,58.88500106811524,58.93499862670898,58.836785725184846,3.3180174894440166,3.3180174894440166,1.285140562248996,0.4647869162493821,-0.09436125252713744,812.8737817705177,signal_change,2,SCORE
2026-07-31 05:35:00+00:00,2026-07-31 05:40:00+00:00,SI=F,1.0,25.243769764890885,range,58.81500137329102,58.814999694824216,58.679287523542136,2.394600736677991,2.394600736677991,1.8257261410788381,0.1558426760333117,0.2715687439222745,-11.993099972592638,signal_change,1,SCORE
2026-07-31 05:55:00+00:00,2026-07-31 06:00:00+00:00,SI=F,-1.0,-22.8324569843489,range,58.52999984741211,58.58500183105469,58.70785683768136,-1.8271774784287176,1.8271774784287176,1.8784757981462408,0.04000091552734375,0.7987719674552737,-511.6278162953077,signal_change,1,SCORE
2026-07-31 06:55:00+00:00,2026-07-31 07:10:00+00:00,SI=F,-1.0,-42.47646534582143,range,58.53999816894531,58.354998474121096,58.64892823355539,-1.4811564147888838,1.4811564147888838,2.243298969072165,0.2862763401579138,2.540975588558203,1362.661641540405,signal_change,3,SCORE
2026-07-31 09:20:00+00:00,2026-07-31 09:25:00+00:00,SI=F,-1.0,-0.9937817080263942,range,58.294999237060544,58.22000015258789,58.519284362792966,-1.450270711344406,1.450270711344406,0.7920792079207921,0.12949739007294622,-0.15712377632048335,536.5935243849327,signal_change,1,SCORE
2026-07-31 11:00:00+00:00,2026-07-31 11:10:00+00:00,SI=F,-1.0,-45.846823618521015,range,58.09499847412109,58.20535743713379,58.20035743713379,-3.979472429114209,3.979472429114209,5.735294117647059,0.23958213296564002,5.080467367421146,-2215.7496152189515,stop,3,SCORE
2026-07-31 11:45:00+00:00,2026-07-31 11:50:00+00:00,SI=F,-1.0,-21.050739100376763,range,57.91499816894531,57.94999969482422,58.137855507986885,-2.9138501393267324,2.9138501393267324,1.2738238841978289,0.27800940215584785,0.18468785567505167,-524.5152559912042,signal_change,1,SCORE
2026-07-31 12:25:00+00:00,2026-07-31 12:40:00+00:00,SI=F,-1.0,-45.46377422196939,range,57.93000137329101,57.889998321533206,58.07964324951172,-1.3092329959581421,1.3092329959581421,2.5242070116861437,0.21135601134060814,2.4847868827232347,255.32041152192306,signal_change,3,SCORE
2026-07-31 13:05:00+00:00,2026-07-31 13:15:00+00:00,SI=F,-1.0,-30.765760540768376,range,57.61499893188476,57.53499877929688,57.95714076450893,-1.8974132658553455,1.8974132658553455,1.647887323943662,0.28804219377791046,1.099271530567975,749.4796876242524,signal_change,2,SCORE
2026-07-31 13:25:00+00:00,2026-07-31 13:30:00+00:00,SI=F,-1.0,0.27658020389397175,range,57.71500122070312,57.71000183105469,58.109286695207864,-0.8239069529794036,0.8239069529794036,0.6122186495176849,0.23880594182297132,0.007910730259711011,16.475624695086466,signal_change,1,SCORE
2026-07-31 13:40:00+00:00,2026-07-31 13:50:00+00:00,SI=F,-1.0,-38.03976489499197,range,57.349999542236326,57.38,57.7271423121861,-1.722744468441729,1.722744468441729,1.9775760811532301,0.2619050646592831,1.8847449527106797,-267.0293356576799,signal_change,2,SCORE
2026-07-31 14:10:00+00:00,2026-07-31 14:15:00+00:00,SI=F,-1.0,-9.41162709989038,range,57.27999984741211,57.424998168945315,57.662142595563616,-0.8498574202319954,0.8498574202319954,0.9292389853137517,0.26881755714670114,0.5900250932007566,-620.3887844820688,signal_change,1,SCORE
2026-07-31 15:00:00+00:00,2026-07-31 15:05:00+00:00,SI=F,-1.0,-3.72364062672702,range,57.700001831054685,57.650000457763674,57.98642892020089,-1.1330971347621768,1.1330971347621768,0.7731778425655977,0.012532171771445617,0.15626707768529005,277.6165783772793,signal_change,1,SCORE
2026-07-31 17:25:00+00:00,2026-07-31 17:40:00+00:00,SI=F,1.0,65.46111276414612,range,57.810000305175784,57.98999893188476,57.76678330557687,1.5251810609101224,1.5251810609101224,2.8105192178017533,0.32530150014707326,1.3718233476393378,1365.0265769272798,signal_change,3,SCORE
2026-07-31 20:55:00+00:00,2026-08-02 22:10:00+00:00,SI=F,-1.0,-53.92491870319916,range,57.860001678466794,58.0514289528983,58.046428952898296,-1.6734395854546265,1.6734395854546265,1.85014409221902,0.30912285443978915,-0.008978136768246138,-1610.0770917741,stop,2,SCORE
2026-08-03 00:05:00+00:00,2026-08-03 00:10:00+00:00,SI=F,1.0,1.7120369513092744,range,58.53999984741211,58.395001525878904,58.37642780848912,1.984209002278643,1.984209002278643,0.96,0.3170984874492619,-0.5752316438430931,-1448.4559195188183,signal_change,1,SCORE
2026-08-03 00:20:00+00:00,2026-08-03 00:35:00+00:00,SI=F,-1.0,-53.10795113238718,range,58.314999694824216,58.28000152587891,58.39571571350098,-1.947098590427476,1.947098590427476,1.8075313807531381,0.2512336747157756,0.1984192534740448,330.98893415261614,signal_change,3,SCORE
2026-08-03 01:05:00+00:00,2026-08-03 01:10:00+00:00,SI=F,-1.0,-3.9773765383544,range,58.43499862670898,58.46499908447266,58.73428560529436,-1.0831410047955539,1.0831410047955539,1.230174081237911,0.031114577328676545,0.13090822373542796,-167.88933485635613,signal_change,1,SCORE
2026-08-03 03:20:00+00:00,2026-08-03 03:25:00+00:00,SI=F,1.0,-16.292937293051953,range,58.46000183105469,58.30000030517578,58.21928843906948,1.3464611784453813,1.3464611784453813,1.6717827626918538,0.04762048931422741,0.608128736046613,-1083.911521332118,signal_change,1,SCORE
2026-08-03 04:25:00+00:00,2026-08-03 04:30:00+00:00,SI=F,1.0,16.643244054117837,range,58.55499923706055,58.575001831054685,58.40571378435408,2.1685426311701828,2.1685426311701828,1.2265193370165746,0.19999722568048856,0.027480439249931595,206.03967589550666,signal_change,1,SCORE
2026-08-03 04:35:00+00:00,2026-08-03 04:50:00+00:00,SI=F,1.0,39.48700871567505,range,58.69000137329102,58.75000106811523,58.571428298950195,4.649482164407313,4.649482164407313,0.8170212765957446,0.43283457453673124,-0.37457749028702503,1371.5901439532788,signal_change,3,SCORE
2026-08-03 05:35:00+00:00,2026-08-03 05:50:00+00:00,SI=F,-1.0,-64.42894406417021,range,58.14999877929687,58.150000457763674,58.291788646153044,-3.24281034619104,3.24281034619104,3.218585005279831,0.24302718607139384,2.2307410853436656,-16.24126647851142,signal_change,3,SCORE
2026-08-03 06:25:00+00:00,2026-08-03 06:30:00+00:00,SI=F,1.0,1.7198581560283688,range,58.69999969482422,58.55000030517578,58.40642822265625,1.1045976368428234,1.1045976368428234,1.1617021276595745,0.0,0.6310174315279387,-833.967844851892,signal_change,1,SCORE
2026-08-03 07:20:00+00:00,2026-08-03 07:25:00+00:00,SI=F,-1.0,8.507682762057533,range,58.05500137329101,58.139998321533206,58.34285733904157,-1.125515897545301,1.125515897545301,0.4764005293339215,0.09972896162277545,-0.1742766285460014,-483.9546619348411,signal_change,1,SCORE
2026-08-03 08:40:00+00:00,2026-08-03 08:45:00+00:00,SI=F,1.0,-8.783208873530947,range,58.560000305175784,58.52499877929687,58.386428854806084,1.8656125810674349,1.8656125810674349,0.4952100221075903,0.11182069688364554,-0.4874944384638697,-335.8244980866094,signal_change,1,SCORE
2026-08-03 09:15:00+00:00,2026-08-03 09:20:00+00:00,SI=F,1.0,9.26326373423616,range,58.56999862670899,58.520001525878904,58.42428373064314,2.2214581466209347,2.2214581466209347,1.0720812182741117,0.33579389813712157,-0.26352499162464865,-566.4396254651882,signal_change,1,SCORE
2026-08-03 10:35:00+00:00,2026-08-03 10:40:00+00:00,SI=F,-1.0,5.7387271985357415,range,58.18000137329101,58.19000137329102,58.32285851614816,-2.26450902356412,2.26450902356412,0.23329283110571084,0.356783842535262,-0.7644289211753659,-124.5479962960845,signal_change,1,SCORE
2026-08-03 10:45:00+00:00,2026-08-03 10:50:00+00:00,SI=F,-1.0,-2.760856108679029,range,58.12,58.14499938964844,58.25785770961216,-2.3463156191399652,2.3463156191399652,0.5762304921968787,0.358849683509648,-0.5599357752079699,-305.01387010123415,signal_change,1,SCORE
2026-08-03 11:00:00+00:00,2026-08-03 11:15:00+00:00,SI=F,-1.0,-39.20274100303055,range,58.145001525878904,58.15500152587891,58.28571401323591,-2.208238832901223,2.208238832901223,3.104815864022663,0.3571425791057325,1.2503856563655042,-121.45313580962373,signal_change,3,SCORE
2026-08-03 11:20:00+00:00,2026-08-03 11:25:00+00:00,SI=F,-1.0,-13.74020201401417,range,58.05999862670898,58.05499923706055,58.235712302071704,-3.6799461756452945,3.6799461756452945,0.9752650176678446,0.454538729007916,-0.13632093391739283,73.58769320832062,signal_change,1,SCORE
2026-08-03 11:45:00+00:00,2026-08-03 11:50:00+00:00,SI=F,-1.0,-24.38738409686604,range,58.11499893188476,58.229998474121096,58.325712454659595,-1.5344728960179375,1.5344728960179375,1.7388679245283019,0.1871616301319005,1.2385574856219568,-889.9907675607067,signal_change,1,SCORE
2026-08-03 12:15:00+00:00,2026-08-03 12:20:00+00:00,SI=F,-1.0,-24.181600705523962,range,58.01500045776367,57.924998168945315,58.237857796805244,-1.4494595248376965,1.4494595248376965,1.4099616858237547,0.3274302226663246,1.353928093606781,645.0260763005961,signal_change,1,SCORE
2026-08-03 12:25:00+00:00,2026-08-03 12:35:00+00:00,SI=F,-1.0,-60.05046623187543,range,57.895001525878904,57.87499893188477,58.11714497157505,-2.910267740445883,2.910267740445883,1.6282404853833423,0.3819686838985992,1.9351920769654871,276.51318142961634,signal_change,2,SCORE
2026-08-03 12:40:00+00:00,2026-08-03 12:45:00+00:00,SI=F,-1.0,-29.77922553098228,range,57.78500091552734,57.71499908447266,58.02035794939314,-2.655019427119948,2.655019427119948,1.4338235294117647,0.34939485859607194,1.5761136934548734,916.0060097851512,signal_change,1,SCORE
2026-08-03 12:55:00+00:00,2026-08-03 13:00:00+00:00,SI=F,-1.0,-48.044189940622125,range,57.59499847412109,57.49571720668248,57.490717206682476,-1.4294295175653973,1.4294295175653973,2.507897934386391,0.385767597624885,3.777125199204271,702.4307235024618,stop,2,SCORE
2026-08-03 13:05:00+00:00,2026-08-03 13:55:00+00:00,SI=F,-1.0,-49.45007524747816,range,57.03500091552734,57.15500152587891,57.36928803580148,-1.7308214597351435,1.7308214597351435,3.397945511389013,0.4791166397669567,2.4382125955659784,-1047.1522651877178,signal_change,10,SCORE
2026-08-03 14:05:00+00:00,2026-08-03 14:10:00+00:00,SI=F,-1.0,-2.751361611899377,range,57.30000030517578,57.28000152587891,57.80785694667271,-0.6370797477496192,0.6370797477496192,0.47818791946308725,0.3803434548282237,-0.004309623963874308,60.51868761000278,signal_change,1,SCORE
2026-08-03 15:10:00+00:00,2026-08-03 15:15:00+00:00,SI=F,1.0,6.1296312629457095,range,57.615000610351565,57.544999237060544,57.357143968854636,1.2548304388054639,1.2548304388054639,0.6331767256956993,0.3726714844212771,-0.05318091315360017,-445.4734220128105,signal_change,1,SCORE
2026-08-03 16:35:00+00:00,2026-08-03 16:40:00+00:00,SI=F,1.0,29.451495732399195,range,57.78499877929688,57.78500091552734,57.64285823277065,1.6894621755976265,1.6894621755976265,1.7374170057828229,0.388679679852594,0.29482926742881266,-8.429265475154793,signal_change,1,SCORE
2026-08-03 17:15:00+00:00,2026-08-03 17:30:00+00:00,SI=F,1.0,36.87678568391616,range,57.82499969482422,57.849999542236326,57.68214225769043,1.715035195191113,1.715035195191113,2.249336870026525,0.283720005961548,0.5697125725625365,205.80291495487577,signal_change,3,SCORE
2026-08-03 17:40:00+00:00,2026-08-03 17:45:00+00:00,SI=F,1.0,-2.623368379566311,range,57.955000762939456,57.954999084472654,57.768572692871096,1.7351438952272422,1.7351438952272422,0.1961089494163424,0.4040397034570984,-0.9633286094208248,-8.690281383260285,signal_change,1,SCORE
2026-08-03 18:10:00+00:00,2026-08-03 18:15:00+00:00,SI=F,1.0,7.388576192672762,range,58.06999862670899,58.020001525878904,57.88785664149693,1.7759578369755222,1.7759578369755222,0.6823984526112186,0.35746440752861897,-0.5563510053317806,-452.8435044110862,signal_change,1,SCORE
2026-08-03 19:05:00+00:00,2026-08-03 19:10:00+00:00,SI=F,1.0,16.58199674529831,range,58.19999969482422,58.14999877929687,58.04428375244141,2.07633197927953,2.07633197927953,1.1575166752180606,0.39890437001275736,0.03581513887241138,-529.474159409842,signal_change,1,SCORE
2026-08-03 19:25:00+00:00,2026-08-03 19:30:00+00:00,SI=F,1.0,10.360625392582167,range,58.38,58.325001831054685,58.235712890625,2.2395117366823953,2.2395117366823953,0.9149232914923291,0.4679755560399582,-0.5604129006197073,-627.0427829288121,signal_change,1,SCORE
2026-08-04 00:00:00+00:00,2026-08-04 00:05:00+00:00,SI=F,1.0,73.63295097619621,range,58.47000015258789,58.51428656441824,58.519286564418245,3.1178220882435785,3.1178220882435785,4.7032967032967035,0.4945250272490987,1.04272910393757,674.796654627351,stop,2,SCORE
2026-08-04 00:10:00+00:00,2026-08-04 00:15:00+00:00,SI=F,1.0,51.342492196335996,trend,58.705000762939456,58.56035911560058,58.565359115600586,4.413790457996864,4.413790457996864,6.852904820766378,0.5108049510113346,3.5466194857268554,-3214.1585665562948,stop,2,SCORE
2026-08-04 01:05:00+00:00,2026-08-04 01:15:00+00:00,SI=F,-1.0,-60.762146190865764,range,58.30500137329101,58.365000610351565,58.4914300101144,-1.5763430431586722,1.5763430431586722,2.1913043478260867,0.10988983349263041,1.4517133046891366,-480.77861489193896,signal_change,2,SCORE
2026-08-04 01:30:00+00:00,2026-08-04 01:35:00+00:00,SI=F,1.0,31.851884235998476,range,58.56999862670899,58.59428539821079,58.599285398210796,1.6445126533323433,1.6445126533323433,1.991986262163709,0.22034073643034946,1.7514670326492685,191.47695194989882,stop,2,SCORE
2026-08-04 01:40:00+00:00,2026-08-04 01:50:00+00:00,SI=F,1.0,38.17529157243173,range,58.775000457763674,58.860001678466794,58.55535779680525,1.2519186930338588,1.2519186930338588,1.9108610990913024,0.38566455144112216,1.7916261170985839,525.8134921794929,signal_change,2,SCORE
2026-08-04 01:55:00+00:00,2026-08-04 02:00:00+00:00,SI=F,1.0,21.22297325110629,range,58.97500122070313,58.86499893188476,58.6757147870745,1.0762506288340887,1.0762506288340887,1.2307692307692308,0.2925169714961905,1.0351403830801977,-597.3314157139396,signal_change,1,SCORE
2026-08-04 03:15:00+00:00,2026-08-04 03:20:00+00:00,SI=F,1.0,12.986946253396235,range,58.87499893188477,58.90499984741211,58.68428423200335,1.6878517838371756,1.6878517838371756,1.022039596563317,0.3560616131549288,0.5334682531967897,244.7462350286488,signal_change,1,SCORE
2026-08-04 03:25:00+00:00,2026-08-04 03:30:00+00:00,SI=F,1.0,-6.501956547008934,range,59.005,58.954999084472654,58.80857088361468,1.6391857455055947,1.6391857455055947,0.38177874186550975,0.3282451195079905,-0.39095409662600045,-417.999868700826,signal_change,1,SCORE
2026-08-04 04:30:00+00:00,2026-08-04 04:35:00+00:00,SI=F,1.0,-6.0506431563644645,range,59.150000457763674,59.14999877929687,59.01928549630301,2.4621321387445056,2.4621321387445056,0.5249088699878494,0.28845949286764894,-0.5981057665817793,-12.331323729007494,signal_change,1,SCORE
2026-08-04 04:55:00+00:00,2026-08-04 05:05:00+00:00,SI=F,1.0,35.531259176046646,range,59.22000015258789,59.110001678466794,59.092143489292695,5.034281098368246,5.034281098368246,2.0202985074626865,0.3636308465906628,0.6928220117048347,-2793.9876010778244,signal_change,2,SCORE
2026-08-04 05:35:00+00:00,2026-08-04 05:40:00+00:00,SI=F,1.0,-1.1525887184051025,range,59.13,59.05500137329101,58.96928571428572,1.99643295290976,1.99643295290976,0.827037773359841,0.17370918924727333,-0.47331286438020526,-758.6308136885721,signal_change,1,SCORE
2026-08-04 06:05:00+00:00,2026-08-04 06:10:00+00:00,SI=F,1.0,21.236033413475475,range,59.32499969482422,59.33500015258789,59.13357164655413,3.3494545665140714,3.3494545665140714,1.3690882496343248,0.3302745872092616,0.3130807481114872,150.73312178615322,signal_change,1,SCORE
2026-08-04 08:40:00+00:00,2026-08-04 08:45:00+00:00,SI=F,1.0,-17.014740817611223,range,59.139998321533206,59.10500061035156,58.959998016357424,1.7813443788223664,1.7813443788223664,0.5627044711014176,0.0044028581607480155,-0.5386094875375337,-320.6216023194784,signal_change,1,SCORE
2026-08-04 08:50:00+00:00,2026-08-04 09:20:00+00:00,SI=F,-1.0,-66.42389435904559,range,59.05500137329101,58.87499893188477,59.04535729544504,-1.8697530339187445,1.8697530339187445,2.9328358208955225,0.05785103123009893,2.6327680644207323,1673.4517894909432,signal_change,6,SCORE
2026-08-04 09:25:00+00:00,2026-08-04 09:30:00+00:00,SI=F,-1.0,-8.759030957375135,range,58.8799983215332,58.94999969482422,59.06071306501116,-1.7769221049519186,1.7769221049519186,0.7897984368572604,0.27601944294847897,-0.1696686787423863,-630.8195484137876,signal_change,1,SCORE
2026-08-04 10:50:00+00:00,2026-08-04 10:55:00+00:00,SI=F,1.0,15.7410017733419,range,59.13,59.08500015258789,58.94142861502512,3.403435103130695,3.403435103130695,1.3272394881170018,0.05936330762316841,0.3040340181049161,-782.7874771052306,signal_change,1,SCORE
2026-08-04 11:05:00+00:00,2026-08-04 11:10:00+00:00,SI=F,1.0,-3.830481911438792,range,59.06999862670899,59.02499877929687,58.86642676217215,1.5749782547173152,1.5749782547173152,0.5556544968833482,0.1696417927731854,-0.46571539105056425,-362.2437969719745,signal_change,1,SCORE
2026-08-04 11:30:00+00:00,2026-08-04 11:35:00+00:00,SI=F,1.0,24.122465092189316,range,59.30499923706055,59.27999984741211,59.07785581316267,1.4109784429987127,1.4109784429987127,1.52292728114868,0.2631564858036775,0.578146043138009,-183.42289162538205,signal_change,1,SCORE
2026-08-04 11:45:00+00:00,2026-08-04 12:10:00+00:00,SI=F,1.0,80.9733685809301,range,59.47000015258789,59.43000137329101,59.29500034877232,2.161938420552526,2.161938420552526,5.620071684587813,0.4786005848213623,5.1999241529091424,-443.18418078839267,signal_change,5,SCORE
2026-08-04 12:30:00+00:00,2026-08-04 12:45:00+00:00,SI=F,1.0,84.17719144372752,trend,59.810000305175784,59.90499984741211,59.60928535461426,1.7081366802335496,1.7081366802335496,4.096163031364433,0.6049995422363281,4.900703087130081,802.8203300951307,signal_change,3,SCORE
2026-08-04 13:00:00+00:00,2026-08-04 13:10:00+00:00,SI=F,1.0,45.12530880780868,range,60.10000122070313,59.78999816894531,59.69571524483817,0.7928945557490502,0.7928945557490502,2.2595012668355783,0.3364468822026813,2.502794310900752,-1232.9631328005682,signal_change,2,SCORE
2026-08-04 13:25:00+00:00,2026-08-04 13:30:00+00:00,SI=F,1.0,5.9189235454473605,range,59.91499984741211,59.94500076293945,59.485000632149834,0.7444772008183218,0.7444772008183218,0.743917342517498,0.26482153842442374,0.32098466907826195,107.95260206480835,signal_change,1,SCORE
2026-08-04 13:35:00+00:00,2026-08-04 13:45:00+00:00,SI=F,1.0,42.503183726439936,range,60.09500015258789,59.96000015258789,59.6492860194615,0.7183133128346779,0.7183133128346779,1.9043529182119852,0.3173435058628116,2.499942153429819,-488.45305272759936,signal_change,2,SCORE
2026-08-04 16:25:00+00:00,2026-08-04 16:30:00+00:00,SI=F,1.0,6.20704834756366,range,60.06999862670899,60.02999984741211,59.86214176722935,1.5394798024751233,1.5394798024751233,1.0734966592427617,0.1741910396629291,-0.3776966497960089,-315.5839632684109,signal_change,1,SCORE
2026-08-04 17:05:00+00:00,2026-08-04 17:30:00+00:00,SI=F,1.0,49.854583004012795,range,60.170000915527346,60.099999542236326,59.99357196262905,1.7985236452376592,1.7985236452376592,1.6735426008968608,0.23741019040457542,0.07469265853936821,-638.4882435412319,signal_change,5,SCORE
2026-08-04 23:05:00+00:00,2026-08-04 23:10:00+00:00,SI=F,-1.0,-0.23886833149376807,range,59.62500106811523,59.71499908447266,59.71643118722098,-3.496194851640789,3.496194851640789,0.8571428571428572,0.2452803028667257,-0.36459572631044573,-1590.7339814918025,signal_change,1,SCORE
2026-08-05 00:35:00+00:00,2026-08-05 00:40:00+00:00,SI=F,1.0,9.799099132343493,range,59.92999923706055,59.86499893188476,59.809284776960105,2.6434343867617334,2.6434343867617334,1.453211009174312,0.05960398740924501,-0.18275662084771352,-872.3373811922105,signal_change,1,SCORE
2026-08-05 01:00:00+00:00,2026-08-05 01:10:00+00:00,SI=F,1.0,77.72362781305671,range,59.91499984741211,59.93000137329101,59.76285661969866,3.7192659072571153,3.7192659072571153,8.440550688360451,0.3757914737082517,5.198208275481393,260.376989254876,signal_change,2,SCORE
2026-08-05 01:40:00+00:00,2026-08-05 01:50:00+00:00,SI=F,1.0,69.92165849401191,range,60.03999984741211,60.03500091552734,59.84571459089007,3.2826635883772317,3.2826635883772317,2.372093023255814,0.40540169013310057,1.357934868931987,-98.4623763364605,signal_change,2,SCORE
2026-08-05 02:00:00+00:00,2026-08-05 02:05:00+00:00,SI=F,1.0,21.904018214998693,range,60.12499893188477,60.02999984741211,59.9121420942034,1.4979650656903525,1.4979650656903525,1.3006993006993008,0.2580615390294774,0.7528013843513353,-719.0163743915194,signal_change,1,SCORE
2026-08-05 02:40:00+00:00,2026-08-05 03:00:00+00:00,SI=F,1.0,57.08364680368709,trend,60.755,60.94500076293945,60.66535895211356,2.4507782485828318,2.4507782485828318,3.3292533659730723,0.5866260693323934,2.3252214187108917,2315.994793887797,signal_change,4,SCORE
2026-08-05 03:10:00+00:00,2026-08-05 03:20:00+00:00,SI=F,1.0,76.1475313002353,trend,61.05499923706055,61.075001831054685,60.712141876220706,0.9316149681150617,0.9316149681150617,2.17165277096616,0.5906935977232565,1.7624087913702018,88.51550498975001,signal_change,2,SCORE
2026-08-05 05:25:00+00:00,2026-08-05 05:30:00+00:00,SI=F,1.0,49.66590073984037,range,61.15500152587891,61.28428620474679,61.289286204746794,2.600096165630826,2.600096165630826,1.748482220294883,0.19496945879936856,-0.10168486794503044,1667.7625081678218,stop,2,SCORE
2026-08-05 05:35:00+00:00,2026-08-05 06:05:00+00:00,SI=F,1.0,48.97355648619176,range,61.40999877929688,61.66000091552734,61.53857094900949,3.6131890223082426,3.6131890223082426,3.863742417172188,0.47944957324507925,1.2659649600649434,4498.458925796063,signal_change,6,SCORE
2026-08-05 06:35:00+00:00,2026-08-05 06:50:00+00:00,SI=F,1.0,78.18566666491982,trend,61.889998321533206,62.09000122070312,61.753570556640625,1.0027611119565976,1.0027611119565976,2.4035087719298245,0.6852440153088025,1.3619275314211665,997.7618422710619,signal_change,3,SCORE
2026-08-05 07:05:00+00:00,2026-08-05 07:20:00+00:00,SI=F,1.0,39.060414413129514,trend,62.05499923706055,62.044999237060544,61.80428425380162,1.2841251834069976,1.2841251834069976,1.5650172612197928,0.64821105944745,0.9075404165031226,-70.62688508741769,signal_change,3,SCORE
2026-08-05 10:05:00+00:00,2026-08-05 10:10:00+00:00,SI=F,-1.0,4.411708526451465,range,61.55500137329101,61.55499923706055,61.74714385986328,-1.6754477897807156,1.6754477897807156,0.46174027109750765,0.34920769477629565,-0.7989051557071708,-8.359343235859782,signal_change,1,SCORE
2026-08-05 11:05:00+00:00,2026-08-05 11:10:00+00:00,SI=F,-1.0,-25.58574005119719,range,61.599999542236326,61.71499908447266,61.79714091709682,-1.6329488363777096,1.6329488363777096,2.0379888268156425,0.11787281815043557,0.3257313216681464,-947.1065875758367,signal_change,1,SCORE
2026-08-05 11:25:00+00:00,2026-08-05 11:45:00+00:00,SI=F,1.0,60.78960137578725,range,61.89499938964844,62.110001678466794,61.84428514753069,1.6022393022043548,1.6022393022043548,2.7051397655545535,0.22627855108217756,1.3326298819512856,1714.4143895322736,signal_change,4,SCORE
2026-08-05 12:00:00+00:00,2026-08-05 12:30:00+00:00,SI=F,1.0,86.34976920356462,trend,62.2450016784668,62.3264277103969,62.3314277103969,1.2391964067082717,1.2391964067082717,3.1208191126279865,0.5854547674005682,2.966431391057476,498.31824886792276,stop,7,SCORE
2026-08-05 12:35:00+00:00,2026-08-05 12:40:00+00:00,SI=F,1.0,28.377152549007764,range,62.354998474121096,62.270001525878904,62.009998343331475,0.9343902191002526,0.9343902191002526,1.2490537471612415,0.4399995117197434,1.039549192841781,-401.77353654987724,signal_change,1,SCORE
2026-08-05 12:45:00+00:00,2026-08-05 12:50:00+00:00,SI=F,1.0,24.64292887776265,range,62.06500137329102,62.044999237060544,61.69785801478795,0.8776520658690962,0.8776520658690962,1.3156281920326864,0.32352858678883645,1.2915877722301625,-92.16284125169788,signal_change,1,SCORE
2026-08-05 12:55:00+00:00,2026-08-05 13:00:00+00:00,SI=F,1.0,21.266491182228936,range,61.84500015258789,61.71999847412109,61.4564285496303,0.8291698817246416,0.8291698817246416,1.4780377358490564,0.099099594473847,1.737409683157252,-522.3839841571225,signal_change,1,SCORE
2026-08-05 13:05:00+00:00,2026-08-05 13:15:00+00:00,SI=F,1.0,42.250428065706714,range,62.005,62.01500045776367,61.57071360996792,0.7414670205245258,0.7414670205245258,2.250780437044745,0.1803286889961728,3.0959284827155087,33.3677130069141,signal_change,2,SCORE
2026-08-05 14:10:00+00:00,2026-08-05 14:15:00+00:00,SI=F,1.0,26.55214022013091,range,62.900000457763674,62.77499877929687,62.46285576956613,1.4732912148550494,1.4732912148550494,1.5439882697947214,0.10136128700140584,2.157213984385722,-928.1858297106501,signal_change,1,SCORE
2026-08-05 17:25:00+00:00,2026-08-05 17:30:00+00:00,SI=F,-1.0,-1.409667710469745,range,62.30500137329101,62.31500137329102,62.5464292035784,-1.3324721054223965,1.3324721054223965,0.893090909090909,0.17646944043895404,-0.4020497160922071,-73.28596579826589,signal_change,1,SCORE
2026-08-05 18:25:00+00:00,2026-08-05 18:30:00+00:00,SI=F,1.0,-13.844343373872281,range,62.545000915527346,62.52999984741211,62.342142399379185,1.5856874305815936,1.5856874305815936,0.24154086413326392,0.13242082307078631,-1.2751850271492482,-126.86346293107586,signal_change,1,SCORE
2026-08-05 19:35:00+00:00,2026-08-05 19:40:00+00:00,SI=F,-1.0,-23.970257022659254,range,62.245,62.240000610351565,62.43214468819754,-1.718594313994331,1.718594313994331,0.7143447705663497,0.17499856949398235,-0.802727304864477,34.3666415462184,signal_change,1,SCORE
2026-08-05 23:40:00+00:00,2026-08-05 23:50:00+00:00,SI=F,1.0,32.10564585129979,range,62.51000106811524,62.43499862670898,62.387858821323945,5.266610592232978,5.266610592232978,2.682926829268293,0.3424713370470626,0.5492702225812046,-2001.3763147287475,signal_change,2,SCORE
2026-08-06 00:25:00+00:00,2026-08-06 00:30:00+00:00,SI=F,1.0,-7.331599488999608,range,62.514998321533206,62.43499862670898,62.28714263916016,1.4085114766612998,1.4085114766612998,0.6008836524300442,0.042016483463643096,-0.4009895564172609,-570.4449988299111,signal_change,1,SCORE
2026-08-06 00:40:00+00:00,2026-08-06 00:45:00+00:00,SI=F,1.0,26.200787997942705,range,62.51999938964844,62.58500015258789,62.2464289202009,1.1724134134179172,1.1724134134179172,1.7619047619047619,0.22857220708446865,0.8615314104134499,375.17676469594585,signal_change,1,SCORE
2026-08-06 00:50:00+00:00,2026-08-06 01:10:00+00:00,SI=F,1.0,38.97737822341806,range,62.69499862670899,63.020001525878904,62.79821613856724,2.297794417117515,2.297794417117515,1.976768743400211,0.33962399953935624,1.3735867290324681,3722.460264212619,signal_change,4,SCORE
2026-08-06 01:15:00+00:00,2026-08-06 01:25:00+00:00,SI=F,1.0,30.070605224501218,range,62.65500152587891,62.24000222342355,62.245002223423555,0.7857863633573757,0.7857863633573757,1.866916588566073,0.09905604358825794,1.2846375077141168,-1634.4328951779987,stop,3,SCORE
2026-08-06 03:20:00+00:00,2026-08-06 03:30:00+00:00,SI=F,-1.0,-43.750045444169125,range,62.259999389648435,62.255,62.52999984741211,-1.191108385540724,1.191108385540724,1.4802969731581954,0.15075325830462727,-0.032568413707743535,23.81853273646297,signal_change,2,SCORE
2026-08-06 05:25:00+00:00,2026-08-06 05:35:00+00:00,SI=F,-1.0,-55.28538302801562,range,62.11499893188476,62.090717882428855,62.08571788242885,-2.0100322899573917,2.0100322899573917,2.969387755102041,0.16806590694170634,-0.05540482783958465,233.97830575235054,stop,3,SCORE
2026-08-06 06:35:00+00:00,2026-08-06 06:50:00+00:00,SI=F,-1.0,-36.758898970613885,range,61.98999893188476,61.90500152587891,62.09928458077567,-1.2372747719192179,1.2372747719192179,2.149095721217468,0.30215543029019,1.6710117088549634,519.6393567884963,signal_change,3,SCORE
2026-08-06 07:05:00+00:00,2026-08-06 07:10:00+00:00,SI=F,-1.0,1.9015779045309815,range,61.939999694824216,62.06500137329102,62.19142748151506,-1.280176372893341,1.280176372893341,0.800533689126084,0.19736785967941495,0.2752949339253306,-806.5218585905179,signal_change,1,SCORE
2026-08-06 08:55:00+00:00,2026-08-06 09:10:00+00:00,SI=F,1.0,41.63482543455072,range,62.24999893188477,62.16000091552734,62.1014289855957,1.264679185009956,1.264679185009956,1.3981900452488687,0.2727252387802908,0.29459617926212534,-575.416485822167,signal_change,3,SCORE
2026-08-06 11:05:00+00:00,2026-08-06 11:10:00+00:00,SI=F,-1.0,-20.897760979433233,range,61.96500122070312,61.955000762939456,62.15714370727539,-3.3453114854852335,3.3453114854852335,1.4732334047109208,0.13245031439549917,0.10756700506546708,150.54667365709577,signal_change,1,SCORE
2026-08-06 11:25:00+00:00,2026-08-06 11:30:00+00:00,SI=F,-1.0,-3.1688213210668774,range,61.950001831054685,62.06500137329102,62.155001482282366,-1.5680071795279524,1.5680071795279524,0.9070631970260223,0.14018567197950288,-0.3122393136947704,-909.4405752426325,signal_change,1,SCORE
2026-08-06 11:50:00+00:00,2026-08-06 11:55:00+00:00,SI=F,-1.0,-17.31117409372,range,61.93499862670898,61.955000762939456,62.154284864153176,-1.4643993369903572,1.4643993369903572,1.4388824214202562,0.08053610517287728,0.504542071622909,-153.77757185643543,signal_change,1,SCORE
2026-08-06 12:10:00+00:00,2026-08-06 12:15:00+00:00,SI=F,-1.0,-25.767463865509615,range,61.85500061035156,61.810000305175784,62.09785840715681,-1.32204443422385,1.32204443422385,1.497839654344695,0.1526473531222296,1.099612405433752,290.85179280892845,signal_change,1,SCORE
2026-08-06 12:20:00+00:00,2026-08-06 12:30:00+00:00,SI=F,-1.0,-31.617626858404694,range,61.80999862670898,61.87499893188477,62.06999967302595,-1.2352665546975885,1.2352665546975885,1.8132427843803056,0.15625014901175405,1.8504146002120578,-407.6398479174152,signal_change,2,SCORE
2026-08-06 12:35:00+00:00,2026-08-06 12:40:00+00:00,SI=F,-1.0,-2.1349037125423984,range,61.96999847412109,61.97000015258789,62.24714168003627,-1.1583467171596704,1.1583467171596704,0.9444648767929386,0.03846257302362432,0.3905623134362695,-5.801454818348091,signal_change,1,SCORE
2026-08-06 12:50:00+00:00,2026-08-06 13:15:00+00:00,SI=F,-1.0,-37.64300860359489,range,61.6299983215332,61.420000915527346,61.9549985395159,-1.9755426272535899,1.9755426272535899,1.8132720482619937,0.3212125695895833,1.9537547271070945,2064.416422749953,signal_change,5,SCORE
2026-08-06 13:20:00+00:00,2026-08-06 13:25:00+00:00,SI=F,-1.0,-20.920218766310995,range,61.474999542236326,61.514998321533206,61.870713893345425,-0.8130825609229057,0.8130825609229057,1.501551189245088,0.20366141512332747,1.4154126892053427,-166.67696232710148,signal_change,1,SCORE
2026-08-06 15:55:00+00:00,2026-08-06 16:05:00+00:00,SI=F,-1.0,-37.7691370838809,range,61.30999862670898,61.455000762939456,61.62499943324497,-1.0212358012491545,1.0212358012491545,2.7518796992481205,0.3271622671721572,2.0202021510729944,-745.5130428870809,signal_change,2,SCORE
2026-08-06 16:20:00+00:00,2026-08-06 16:25:00+00:00,SI=F,-1.0,-6.21885134745726,range,61.189999694824216,61.19499862670899,61.547143096923826,-1.800000613771698,1.800000613771698,0.920081135902637,0.29771368778258583,-0.29327964733859413,-53.99040537280973,signal_change,1,SCORE
2026-08-06 19:15:00+00:00,2026-08-06 19:20:00+00:00,SI=F,1.0,-0.15907685784990777,range,61.935000305175784,61.91499816894531,61.778571559361055,2.054675265572284,2.054675265572284,0.5032894736842105,0.3068156695811244,-0.7989506769377519,-215.76284918467093,signal_change,1,SCORE
2026-08-06 19:55:00+00:00,2026-08-06 20:00:00+00:00,SI=F,1.0,29.770640757454125,range,61.99999893188477,62.020001525878904,61.77285605294364,1.414681188117263,1.414681188117263,1.9159127195316656,0.2440917446624455,-0.028322682175553397,134.41306124466792,signal_change,1,SCORE
2026-08-06 20:05:00+00:00,2026-08-06 20:10:00+00:00,SI=F,1.0,-7.029485284157889,range,61.98499954223633,61.89999877929687,61.73857064383371,1.304156308401631,1.304156308401631,0.6457831325301204,0.1374050691888366,-0.6242621042109838,-560.7921875742384,signal_change,1,SCORE
2026-08-06 23:50:00+00:00,2026-08-07 00:00:00+00:00,SI=F,1.0,33.55840610552555,range,61.94499862670899,61.91000091552734,61.85928292410715,3.747102519249417,3.747102519249417,3.338345864661654,0.1869940887860612,0.16865992971717622,-674.4355712797883,signal_change,2,SCORE
2026-08-07 00:20:00+00:00,2026-08-07 00:25:00+00:00,SI=F,-1.0,-20.365711445449946,range,61.689999694824216,61.674998168945315,61.80357249668666,-2.8259360290976185,2.8259360290976185,1.8461538461538463,0.19708191791501922,-0.22013849905398034,197.83708221764704,signal_change,1,SCORE
2026-08-07 00:40:00+00:00,2026-08-07 00:50:00+00:00,SI=F,-1.0,-61.40937413086983,range,61.579999084472654,61.51000106811524,61.67178807939802,-2.1711253881422583,2.1711253881422583,4.927374301675978,0.2826092364848615,0.9656989865216405,749.0167252252118,signal_change,2,SCORE
2026-08-07 01:00:00+00:00,2026-08-07 01:00:00+00:00,SI=F,-1.0,-33.55676580729126,range,61.48000061035156,61.698573521205354,61.69357352120535,-1.504314710404402,1.504314710404402,6.4369449378330375,0.012244338706061135,2.4378673169845495,-1651.5337990183843,stop,1,SCORE
2026-08-07 01:05:00+00:00,2026-08-07 01:10:00+00:00,SI=F,-1.0,24.117114098723416,range,61.73999893188476,61.81500137329102,61.980000065394805,-1.3362555002190126,1.3362555002190126,2.334164588528678,0.027450745732792794,0.5631972721225634,-507.7934017959081,signal_change,1,SCORE
2026-08-07 01:25:00+00:00,2026-08-07 01:35:00+00:00,SI=F,1.0,48.85268239146809,range,61.90500152587891,61.98999893188476,61.67392948695591,1.183995087374144,1.183995087374144,1.616066154754873,0.1751805712567314,0.5038434737252141,497.2625803155143,signal_change,2,SCORE
2026-08-07 01:45:00+00:00,2026-08-07 01:55:00+00:00,SI=F,1.0,35.51863910730612,range,62.22500122070313,62.2549983215332,61.91285816737584,2.05482163069519,2.05482163069519,2.5718096931969767,0.1293360513503041,1.5803416823567638,297.9193500654173,signal_change,2,SCORE
2026-08-07 02:00:00+00:00,2026-08-07 02:10:00+00:00,SI=F,1.0,65.26401755407838,range,62.37499893188477,62.43499862670898,62.039284569876536,0.9535560005857721,0.9535560005857721,1.8446833930704898,0.30026075333610885,1.8455541518197833,281.29756516179106,signal_change,2,SCORE
2026-08-07 02:15:00+00:00,2026-08-07 02:20:00+00:00,SI=F,1.0,10.973160463106659,range,62.435000305175784,62.39999877929687,62.151429334368025,1.1316457179319583,1.1316457179319583,0.7085793678360542,0.4147741311820779,0.2701717760176125,-203.70486299943315,signal_change,1,SCORE
2026-08-07 02:30:00+00:00,2026-08-07 02:40:00+00:00,SI=F,1.0,34.370378846298195,range,62.56500137329102,62.26500045776367,62.278573194231306,1.1201082910053866,1.1201082910053866,1.601996257018091,0.3105147700733467,1.8286725528116456,-1685.768105411977,signal_change,2,SCORE
2026-08-07 05:35:00+00:00,2026-08-07 05:45:00+00:00,SI=F,1.0,31.29913313390911,range,62.71000183105469,62.69500076293945,62.53857151576451,3.7361018529703323,3.7361018529703323,4.415094339622642,0.20952588555858312,1.4642980393250409,-298.90810117425383,signal_change,2,SCORE
2026-08-07 05:50:00+00:00,2026-08-07 06:35:00+00:00,SI=F,1.0,71.16210103519805,range,62.830000762939456,63.67500030517578,63.34249932425363,1.561628941767286,1.561628941767286,5.946067415730337,0.2950821722490432,3.8108467717119874,6590.070559972914,signal_change,9,SCORE
2026-08-07 06:40:00+00:00,2026-08-07 06:55:00+00:00,SI=F,1.0,49.04163126955554,trend,63.94499862670899,63.92500030517578,63.522141069684714,1.525064224629816,1.525064224629816,1.81875,0.6606356242318793,1.618454372919514,-160.118944737849,signal_change,3,SCORE
2026-08-07 08:05:00+00:00,2026-08-07 08:10:00+00:00,SI=F,1.0,29.529194607678782,trend,64.21999633789062,64.3449984741211,64.00821140834263,1.3006940506438265,1.3006940506438265,0.4745308310991957,0.5267855470273382,-0.09439144070939373,806.4442043105389,signal_change,1,SCORE
2026-08-07 08:15:00+00:00,2026-08-07 08:20:00+00:00,SI=F,1.0,26.8862909191517,range,64.56000030517578,64.42999755859375,64.2992864554269,1.2376353627461003,1.2376353627461003,1.6813273637081905,0.3230799327047224,1.1815574313412287,-810.6681589338822,signal_change,1,SCORE
2026-08-07 08:35:00+00:00,2026-08-07 08:40:00+00:00,SI=F,1.0,6.60656455942933,range,64.71499908447265,64.64500152587891,64.39785659790039,1.0165302972668886,1.0165302972668886,0.9082745349583067,0.40109493946812436,0.029507125199174377,-360.8558467125939,signal_change,1,SCORE
2026-08-07 09:45:00+00:00,2026-08-07 09:55:00+00:00,SI=F,1.0,52.41595259235617,trend,64.85499847412109,64.87499725341797,64.63643048967633,1.4744091977769531,1.4744091977769531,1.6876232201533405,0.5197551190779862,0.2519250681865488,140.05987470930128,signal_change,2,SCORE
2026-08-07 11:15:00+00:00,2026-08-07 11:25:00+00:00,SI=F,-1.0,-51.111425984217576,range,64.4750033569336,64.37500274658203,64.65606580461774,-1.3389776694918214,1.3389776694918214,1.6680775228335933,0.2260482192549634,0.45425928666958904,662.7980326340762,signal_change,2,SCORE
2026-08-07 12:05:00+00:00,2026-08-07 12:10:00+00:00,SI=F,-1.0,2.481437232893337,range,64.49000274658204,64.49000061035156,64.77642874581474,-1.1260836925995867,1.1260836925995867,0.8109875735775016,0.15747738222537275,-0.34289182758805675,-5.61839059147426,signal_change,1,SCORE
2026-08-07 12:25:00+00:00,2026-08-07 12:30:00+00:00,SI=F,-1.0,-40.653482600542674,range,64.21500122070313,64.5028555733817,64.4978555733817,-1.1402959769981087,1.1402959769981087,2.810642843270538,0.22112048344454235,3.2315092844264375,-1646.8972814888018,stop,2,SCORE
2026-08-07 12:35:00+00:00,2026-08-07 13:00:00+00:00,SI=F,1.0,43.44006076748127,range,65.07999694824218,65.03500091552735,64.6078573172433,1.363839191834414,1.363839191834414,3.0223569533914363,0.1494236745918718,2.6484697391411136,-313.65596042694693,signal_change,5,SCORE
2026-08-07 13:05:00+00:00,2026-08-07 13:10:00+00:00,SI=F,-1.0,-1.5942305373728205,range,64.51499664306641,64.54000366210937,65.11999455043248,-0.5319877686888645,0.5319877686888645,1.0576065932217644,0.037431526037785115,0.642768889611496,-69.17708015456458,signal_change,1,SCORE
2026-08-07 14:05:00+00:00,2026-08-07 14:10:00+00:00,SI=F,-1.0,-4.4399457264615325,range,63.83500015258789,63.85999954223633,64.37928933279855,-0.5912799418472666,0.5912799418472666,0.8324757004002287,0.17823092533099436,0.4770818341001854,-76.86458799697787,signal_change,1,SCORE
2026-08-07 14:15:00+00:00,2026-08-07 14:20:00+00:00,SI=F,-1.0,-7.714676557637844,range,63.745,63.99999893188477,64.30071746826172,-0.5790719036129015,0.5790719036129015,0.8939746111210441,0.0749021015336925,0.6518127414254127,-741.2089440469184,signal_change,1,SCORE
2026-08-07 17:00:00+00:00,2026-08-07 17:05:00+00:00,SI=F,-1.0,-18.856879055729024,range,63.360001678466794,63.40999877929688,63.65214427403041,-1.1006301510620402,1.1006301510620402,1.3671804170444244,0.28965638803606336,-0.21907019192157284,-280.6447339517031,signal_change,1,SCORE
2026-08-07 17:20:00+00:00,2026-08-07 17:30:00+00:00,SI=F,-1.0,-41.81564873057843,range,63.3799983215332,63.55499923706055,63.64999823434012,-1.1905289897623927,1.1905289897623927,6.472386895475819,0.27137363011367505,4.9388154353199,-1047.6709608001543,signal_change,2,SCORE
2026-08-07 19:05:00+00:00,2026-08-07 19:10:00+00:00,SI=F,1.0,17.349565224704357,range,63.72500122070313,63.82000076293945,63.500001111711775,1.4270039247226278,1.4270039247226278,0.28284451586982723,0.2525251487345999,-0.6699374541379883,670.6885784668167,signal_change,1,SCORE
2026-08-09 22:15:00+00:00,2026-08-09 22:20:00+00:00,SI=F,1.0,17.821350928806698,range,63.935000305175784,63.78500091552734,63.692573024204805,1.3253903533843598,1.3253903533843598,0.4681933842239186,0.018609846369376105,-0.5313014137183961,-1000.6656720348601,signal_change,1,SCORE
2026-08-09 23:25:00+00:00,2026-08-09 23:30:00+00:00,SI=F,1.0,2.1837332122395345,range,64.10499847412109,64.10500061035157,63.932141462053565,1.8567979555585055,1.8567979555585055,0.6474820143884892,0.24479688811511569,-0.36991947887003407,-9.264157035873204,signal_change,1,SCORE
2026-08-10 00:05:00+00:00,2026-08-10 00:10:00+00:00,SI=F,1.0,15.634124802111959,range,63.97000015258789,63.999997253417966,63.7239259992327,1.2801680218070284,1.2801680218070284,1.4007782101167314,0.2670145470655308,-0.4236055133313721,185.60580603886746,signal_change,1,SCORE
2026-08-10 00:15:00+00:00,2026-08-10 00:20:00+00:00,SI=F,1.0,9.393872025931177,range,64.20499694824218,64.03500091552735,63.937138715471534,1.1984782504816742,1.1984782504816742,1.1760000000000002,0.20227532571413667,-0.5400504992465177,-1024.6751306369108,signal_change,1,SCORE
2026-08-10 01:00:00+00:00,2026-08-10 01:15:00+00:00,SI=F,-1.0,-73.67312215531389,range,63.599999542236326,63.39499938964844,63.78464371817453,-0.8422669512700292,0.8422669512700292,7.646430305973773,0.257828313003833,5.942021305115826,859.1129328940953,signal_change,3,SCORE
2026-08-10 04:15:00+00:00,2026-08-10 04:25:00+00:00,SI=F,1.0,41.78936561352161,range,63.979998474121096,64.05000030517579,63.84178161621094,1.776077288197057,1.776077288197057,1.4376811594202898,0.16666850950906678,-0.18815058426130252,612.7629249012219,signal_change,2,SCORE
2026-08-10 05:35:00+00:00,2026-08-10 06:00:00+00:00,SI=F,1.0,61.04633268091873,range,64.11500061035156,64.33499633789063,64.1671439579555,1.6840750550126098,1.6840750550126098,2.8159509202453985,0.3364468988530908,0.7061610476701401,1844.0262095144424,signal_change,5,SCORE
2026-08-10 06:05:00+00:00,2026-08-10 06:10:00+00:00,SI=F,1.0,4.7014189411190905,range,64.26999938964843,64.28000366210938,64.01142885480608,1.244628262892071,1.244628262892071,0.5300613496932516,0.3151771533745974,-0.3157319373067352,56.03485995837438,signal_change,1,SCORE
2026-08-10 06:25:00+00:00,2026-08-10 06:30:00+00:00,SI=F,1.0,9.70202977155451,range,64.31000030517578,64.39500152587891,64.00071500505719,1.0406049291495645,1.0406049291495645,0.7502967946181243,0.2666676839192708,0.023517627456693165,437.0604215913089,signal_change,1,SCORE
2026-08-10 07:25:00+00:00,2026-08-10 07:30:00+00:00,SI=F,1.0,3.78886704179872,range,64.56000030517578,64.51499664306641,64.29714259556361,1.224985104829332,1.224985104829332,0.5802357207615594,0.32249367318920885,0.006665405254523212,-281.7690042578738,signal_change,1,SCORE
2026-08-10 09:50:00+00:00,2026-08-10 09:55:00+00:00,SI=F,-1.0,-29.886260164277363,range,64.30000030517579,64.29500091552734,64.43857190813337,-2.322973487659554,2.322973487659554,2.479889042995839,0.15555615836373748,0.7476784123515263,46.45238060080753,signal_change,1,SCORE
2026-08-10 10:05:00+00:00,2026-08-10 10:10:00+00:00,SI=F,-1.0,-5.422425360696227,range,64.245,64.25000274658203,64.37142887660436,-2.5462095906584485,2.5462095906584485,0.8554455445544554,0.17370966008811203,-0.43819164797699517,-76.42125458718516,signal_change,1,SCORE
2026-08-10 10:15:00+00:00,2026-08-10 10:20:00+00:00,SI=F,-1.0,-16.512783883383488,range,64.18999969482422,64.20499694824218,64.31642857142857,-2.545998029503878,2.545998029503878,1.2851805728518055,0.27450877730988726,-0.07717601793412417,-203.64487839799733,signal_change,1,SCORE
2026-08-10 10:50:00+00:00,2026-08-10 11:10:00+00:00,SI=F,-1.0,-32.07660670895422,range,64.14500152587891,64.14000213623046,64.27535901750836,-2.4353191059165153,2.4353191059165153,0.7975384615384616,0.2676007908536061,-0.4160315640015282,48.6989501143336,signal_change,4,SCORE
2026-08-10 11:15:00+00:00,2026-08-10 11:20:00+00:00,SI=F,-1.0,-25.52869919524408,trend,64.08499633789063,64.05500305175781,64.24321964808873,-1.9848320776788062,1.9848320776788062,1.0526315789473684,0.5679792973804351,0.3242245993823769,287.734021768722,signal_change,1,SCORE
2026-08-10 12:25:00+00:00,2026-08-10 12:40:00+00:00,SI=F,-1.0,-30.00889420324613,range,64.03000366210938,64.14000213623046,64.24428992135185,-1.5023555298313351,1.5023555298313351,1.6910569105691058,0.13692914532457912,1.5765275189940013,-833.7958569932595,signal_change,3,SCORE
2026-08-10 13:05:00+00:00,2026-08-10 13:10:00+00:00,SI=F,-1.0,-34.29398197485898,range,63.895001525878904,64.18428747994558,64.17928747994559,-2.2628083687482854,2.2628083687482854,2.204081632653061,0.01704474027578494,2.3332408493044214,-3284.3074309607928,stop,2,SCORE
2026-08-10 13:40:00+00:00,2026-08-10 13:45:00+00:00,SI=F,1.0,-15.849665310369362,range,64.34499633789062,64.18500244140625,64.04356658935546,1.063242138330707,1.063242138330707,1.4229463679565513,0.054831795509234914,1.3424729375595525,-855.8774737811484,signal_change,1,SCORE
2026-08-10 13:55:00+00:00,2026-08-10 14:00:00+00:00,SI=F,-1.0,-17.101129115352876,range,63.950001831054685,63.854998474121096,64.28571698869978,-0.9537646602530968,0.9537646602530968,1.2043010752688172,0.2061058328835947,1.090513127278005,448.28539894207375,signal_change,1,SCORE
2026-08-10 14:25:00+00:00,2026-08-10 14:40:00+00:00,SI=F,1.0,42.73272824394604,range,64.60499847412109,64.80000030517579,64.2964254106794,1.6734612308162764,1.6734612308162764,2.0420134760206103,0.2566745728618024,2.346748789139485,1623.2727148870194,signal_change,3,SCORE
2026-08-10 14:45:00+00:00,2026-08-10 14:55:00+00:00,SI=F,1.0,66.21361963182409,range,64.90999877929687,64.81000244140625,64.49856951032366,0.7800084311306416,0.7800084311306416,1.6926746166950597,0.3412705380849589,1.9538150616499035,-393.88997533999736,signal_change,2,SCORE
2026-08-10 15:55:00+00:00,2026-08-10 16:10:00+00:00,SI=F,1.0,73.12810923853618,trend,65.14499938964843,65.39500152587891,65.07178987775531,1.103427939042727,1.103427939042727,1.7803929809814016,0.6283150588743653,2.081172259287706,1373.7795699901626,signal_change,3,SCORE
2026-08-10 16:35:00+00:00,2026-08-10 16:40:00+00:00,SI=F,1.0,-7.822730065014483,range,65.22999847412109,65.18999969482422,64.90642495291573,0.9928539850059657,0.9928539850059657,0.5553435114503817,0.197885549105022,-0.4717951135785218,-203.52900702636697,signal_change,1,SCORE
2026-08-10 17:25:00+00:00,2026-08-10 17:30:00+00:00,SI=F,1.0,4.695885769332935,range,65.24499786376953,65.32999908447266,64.97070805140903,1.1709878032092615,1.1709878032092615,0.8540628260113597,0.29379539528341464,-0.16817623584801675,491.82202449029677,signal_change,1,SCORE
2026-08-10 18:35:00+00:00,2026-08-10 18:50:00+00:00,SI=F,1.0,34.50066122816161,range,65.62500274658203,65.74000274658204,65.57284927368164,1.4512887040947722,1.4512887040947722,1.0019047619047619,0.31531605837743715,-0.28508962748496924,827.2345613340863,signal_change,3,SCORE
2026-08-10 19:10:00+00:00,2026-08-10 19:15:00+00:00,SI=F,1.0,9.555616986921603,range,65.96999633789062,65.95999633789063,65.71070918491908,1.2405230684878379,1.2405230684878379,0.6467191601049869,0.4832254628871047,-0.6513777641750612,-68.22876876677466,signal_change,1,SCORE
2026-08-10 19:20:00+00:00,2026-08-10 19:35:00+00:00,SI=F,1.0,61.71080575200033,trend,66.04500091552734,66.04500305175782,65.82213973999023,1.1545586752474097,1.1545586752474097,1.640043525571273,0.5709998478722865,0.04537770614896471,-5.760461359084466,signal_change,3,SCORE
2026-08-11 00:05:00+00:00,2026-08-11 00:35:00+00:00,SI=F,1.0,34.41644946400179,range,66.1550015258789,66.15392846243722,66.15892846243722,4.948069293553473,4.948069293553473,2.8878048780487804,0.371913541325128,-0.17411954044398675,-51.28830779683085,stop,7,SCORE
2026-08-11 00:45:00+00:00,2026-08-11 00:50:00+00:00,SI=F,1.0,3.150934849245568,range,66.12500274658203,66.05000030517579,65.89071602957588,1.3727105471243222,1.3727105471243222,1.0588235294117647,0.05418793268038215,-0.2755379053474388,-521.6467646277259,signal_change,1,SCORE
2026-08-11 01:05:00+00:00,2026-08-11 01:10:00+00:00,SI=F,-1.0,24.420572596787387,range,65.84000122070313,66.06499755859375,66.18571851457868,-1.8594688597414262,1.8594688597414262,2.4902970297029703,0.07279827884570413,1.30730571279522,-2101.165763616008,signal_change,1,SCORE
2026-08-11 01:45:00+00:00,2026-08-11 01:55:00+00:00,SI=F,1.0,66.87077360638328,range,66.28499877929687,66.57999908447266,66.00678307669503,0.6896545850230342,0.6896545850230342,2.565385490106891,0.32158557734966325,2.5105822606026282,1013.7932923132754,signal_change,2,SCORE
2026-08-11 02:05:00+00:00,2026-08-11 02:10:00+00:00,SI=F,1.0,-4.437502969286978,range,66.4050015258789,66.27000152587891,65.9271452985491,0.6718436893599553,0.6718436893599553,0.7782770072279742,0.04703419051452715,0.4041026291174744,-456.85370876473905,signal_change,1,SCORE
2026-08-11 02:40:00+00:00,2026-08-11 02:45:00+00:00,SI=F,-1.0,13.151473787016087,range,65.93999969482422,66.06000030517578,66.37642721993583,-0.7352533318625001,0.7352533318625001,0.38583732057416265,0.00967705415901674,-0.17795487366831134,-444.8305095918788,signal_change,1,SCORE
2026-08-11 04:45:00+00:00,2026-08-11 04:55:00+00:00,SI=F,-1.0,-58.14796229822129,range,65.65500366210938,65.62500274658203,65.87357600620815,-1.4673818986519183,1.4673818986519183,3.2528658125421446,0.2720257234726688,0.45489430585707225,212.77709244585458,signal_change,2,SCORE
2026-08-11 05:10:00+00:00,2026-08-11 05:15:00+00:00,SI=F,-1.0,-8.43011259370782,range,65.68500244140625,65.60000122070312,65.92000305175782,-1.365118042795245,1.365118042795245,0.8950276243093922,0.2631573311631991,-0.49299348366854867,573.3579099933692,signal_change,1,SCORE
2026-08-11 05:20:00+00:00,2026-08-11 05:30:00+00:00,SI=F,-1.0,-68.77388315548917,range,65.51499664306641,65.21250372750418,65.20750372750419,-2.6513391340898296,2.6513391340898296,4.253164556962025,0.32352726681140154,1.3564951357505042,3996.7998284048517,stop,3,SCORE
2026-08-11 05:35:00+00:00,2026-08-11 06:00:00+00:00,SI=F,-1.0,-55.01651880754756,trend,65.05000030517579,65.005,65.22892924717495,-1.8348095446642017,1.8348095446642017,2.769230769230769,0.6467067783214323,1.2763272469515314,403.6608995233888,signal_change,5,SCORE
2026-08-11 06:05:00+00:00,2026-08-11 06:10:00+00:00,SI=F,-1.0,-24.729142436486054,range,65.10500061035157,65.16500366210937,65.47571507045201,-0.870061582423008,0.870061582423008,1.2129963898916967,0.3944020158644494,0.4786042234861891,-265.38205872513544,signal_change,1,SCORE
2026-08-11 06:30:00+00:00,2026-08-11 06:40:00+00:00,SI=F,-1.0,-46.446080692109234,trend,64.58499633789063,64.71499908447265,65.04213657924107,-1.4107334988010318,1.4107334988010318,1.7814189742749469,0.5510187558193488,1.4208990881051187,-924.0498151910051,signal_change,2,SCORE
2026-08-11 08:45:00+00:00,2026-08-11 08:50:00+00:00,SI=F,1.0,16.951212806669957,range,65.04500091552734,65.05000030517579,64.85071620396205,1.6580208809583166,1.6580208809583166,1.3632148377125193,0.1985866642137102,-0.07007575742984767,33.155357741064975,signal_change,1,SCORE
2026-08-11 09:05:00+00:00,2026-08-11 09:10:00+00:00,SI=F,1.0,3.5757691334428316,range,64.89000213623046,64.89999877929688,64.68000414167132,1.5340132827348723,1.5340132827348723,0.7833572453371592,0.1535538144141364,-0.441828829170803,69.00484981952866,signal_change,1,SCORE
2026-08-11 09:50:00+00:00,2026-08-11 09:55:00+00:00,SI=F,1.0,-1.6836761145234083,range,65.10499847412109,65.05000030517579,64.92785810198102,1.8186924911963172,1.8186924911963172,0.3266613290632506,0.2851426295309005,-0.7371565140373175,-509.21724690783043,signal_change,1,SCORE
2026-08-11 10:25:00+00:00,2026-08-11 10:35:00+00:00,SI=F,1.0,60.71862503344725,range,65.21000183105468,65.25999938964844,65.07035609654018,1.8176751785252168,1.8176751785252168,2.252974878801234,0.3240744011246353,0.35219239145314474,445.3082303210541,signal_change,2,SCORE
2026-08-11 11:05:00+00:00,2026-08-11 11:20:00+00:00,SI=F,1.0,31.587504070056614,trend,65.42000091552734,65.42000305175782,65.21214133126395,3.0996068589731087,3.0996068589731087,1.565217391304348,0.5022681295008734,0.2387856398783183,-15.464926921658147,signal_change,3,SCORE
2026-08-11 12:05:00+00:00,2026-08-11 12:10:00+00:00,SI=F,1.0,12.152886916133479,range,65.26500213623046,65.42999755859375,65.09714617047992,1.2959570359545176,1.2959570359545176,1.2148760330578512,0.2279461676119311,0.5299455353678462,1062.6551073801947,signal_change,1,SCORE
2026-08-11 12:25:00+00:00,2026-08-11 12:35:00+00:00,SI=F,-1.0,-63.877470331449025,range,65.14500152587891,65.07499969482421,65.41643031529019,-1.188186462481502,1.188186462481502,2.552338530066815,0.08227704461280681,2.6756295805529597,409.935207728131,signal_change,2,SCORE
2026-08-11 13:05:00+00:00,2026-08-11 13:10:00+00:00,SI=F,-1.0,-7.144635396463591,range,65.11500274658204,65.19999969482421,65.46357670375279,-0.9256328070167928,0.9256328070167928,0.9790459206419974,0.15363513352334654,0.3761207687338884,-398.00798298142723,signal_change,1,SCORE
2026-08-11 13:35:00+00:00,2026-08-11 13:40:00+00:00,SI=F,-1.0,-28.036160867180556,range,64.92999755859375,65.25000274658203,65.2892853655134,-1.7952860154088641,1.7952860154088641,1.7876857749469215,0.03854817224019515,1.9625570610010514,-2881.480624345192,signal_change,1,SCORE
2026-08-11 13:50:00+00:00,2026-08-11 13:55:00+00:00,SI=F,-1.0,-23.599947301956377,range,65.20499908447266,64.96999633789062,65.54643031529018,-0.7760449732817644,0.7760449732817644,1.4346650645839591,0.17864282088719835,1.54229162788661,907.983276095595,signal_change,1,SCORE
2026-08-11 15:35:00+00:00,2026-08-11 15:50:00+00:00,SI=F,-1.0,-63.01132976450303,range,64.81999694824219,64.83999908447265,64.99571446010044,-1.0333679108305431,1.0333679108305431,1.871825876662636,0.2845953418697859,1.9803465907070126,-108.51466819724284,signal_change,3,SCORE
2026-08-11 17:25:00+00:00,2026-08-11 17:30:00+00:00,SI=F,-1.0,3.549129665628289,range,64.94499694824219,64.93000305175781,65.14642277308873,-1.597528438442675,1.597528438442675,0.7129851461427887,0.055373589069419527,-0.22540413952870034,111.7782379921328,signal_change,1,SCORE
2026-08-12 00:15:00+00:00,2026-08-12 00:15:00+00:00,SI=F,1.0,19.385901811346038,range,65.08999908447265,64.96785627092633,64.97285627092633,2.747267169617479,2.747267169617479,1.9615384615384617,0.09230263621211765,-0.1668503013088636,-1691.5310441506372,stop,1,SCORE
2026-08-12 00:35:00+00:00,2026-08-12 00:40:00+00:00,SI=F,1.0,20.2759359762216,range,65.19999969482421,65.06000244140625,65.06428475516182,2.3669506890403933,2.3669506890403933,1.8591549295774648,0.09317335304654403,-0.11150383375280512,-1668.6677306522129,signal_change,1,SCORE
2026-08-12 01:00:00+00:00,2026-08-12 01:00:00+00:00,SI=F,1.0,46.9671799847233,range,65.08500183105468,64.95607264927456,64.96107264927456,1.6089741071036843,1.6089741071036843,6.647887323943662,0.22341081747938446,3.318472938877161,-1045.2634462069268,stop,1,SCORE
2026-08-12 01:05:00+00:00,2026-08-12 01:25:00+00:00,SI=F,1.0,37.2975087400952,range,65.21499908447265,65.18999969482422,65.03464344569615,1.5199698854817012,1.5199698854817012,2.272596843615495,0.2746118086082034,0.6744056679409867,-197.59144653257923,signal_change,4,SCORE
2026-08-12 01:50:00+00:00,2026-08-12 01:55:00+00:00,SI=F,1.0,8.85371697191841,range,65.255,65.19499694824219,64.98071345738002,1.1674343698022023,1.1674343698022023,0.9399477806788512,0.21323467538805896,0.3805330846721161,-356.08529642441175,signal_change,1,SCORE
2026-08-12 02:20:00+00:00,2026-08-12 02:25:00+00:00,SI=F,1.0,25.069195281666307,range,65.36999786376953,65.31999694824219,65.11499843052455,1.25524556310493,1.25524556310493,1.4831460674157302,0.2013902502344458,1.5993035354981116,-320.09336464988075,signal_change,1,SCORE
2026-08-12 02:40:00+00:00,2026-08-12 03:20:00+00:00,SI=F,1.0,70.91237022910286,range,65.46499908447265,65.68999969482422,65.49214226858956,1.1486250582018338,1.1486250582018338,5.3484302624807,0.2865862168423599,6.297716111356118,1286.463570511601,signal_change,8,SCORE
2026-08-12 05:25:00+00:00,2026-08-12 05:30:00+00:00,SI=F,-1.0,-16.779155186899704,range,65.24000274658204,65.28499877929687,65.39357700892857,-4.1729015246583785,4.1729015246583785,1.218274111675127,0.3603590600105848,-0.3003107093734911,-959.6845752198509,signal_change,1,SCORE
2026-08-12 05:35:00+00:00,2026-08-12 05:45:00+00:00,SI=F,-1.0,-32.356294014219586,range,65.3500033569336,65.29000366210937,65.55572017124722,-1.5559702701684723,1.5559702701684723,2.0621572212065815,0.19999252643772655,0.35481889792801197,459.0088554775561,signal_change,2,SCORE
2026-08-12 06:40:00+00:00,2026-08-12 07:00:00+00:00,SI=F,1.0,30.336403235043036,range,65.93999755859375,66.13000213623047,65.77570833478656,1.1015823363058692,1.1015823363058692,2.1928934010152283,0.24931231971907528,0.9108250554803692,1041.0205210278534,signal_change,4,SCORE
2026-08-12 07:55:00+00:00,2026-08-12 08:00:00+00:00,SI=F,1.0,6.566142470343703,range,66.32499969482421,66.25500213623047,66.09928623744419,1.4204481254643557,1.4204481254643557,0.5877551020408164,0.43516498979807217,-0.28808144298603905,-504.2417450851252,signal_change,1,SCORE
2026-08-12 08:25:00+00:00,2026-08-12 08:35:00+00:00,SI=F,1.0,47.29897845223034,trend,66.41500366210937,66.4699984741211,66.21143397739955,1.5740937717397356,1.5740937717397356,1.0115702479338844,0.5692379923940091,0.6264507007507671,424.9644864695933,signal_change,2,SCORE
2026-08-12 08:40:00+00:00,2026-08-12 08:45:00+00:00,SI=F,1.0,4.624389868083962,range,66.43500030517578,66.39500152587891,66.2271429007394,1.5423386588334578,1.5423386588334578,0.6705783738474435,0.3609026869507354,-0.11461121847768838,-316.17001137268545,signal_change,1,SCORE
2026-08-12 09:15:00+00:00,2026-08-12 09:35:00+00:00,SI=F,1.0,73.96082950170936,trend,66.72500122070312,66.64999877929688,66.60607092721122,2.951728145605741,2.951728145605741,2.5001459002042603,0.524828336282324,2.577417956438579,-1121.6927271677623,signal_change,4,SCORE
2026-08-12 10:50:00+00:00,2026-08-12 10:55:00+00:00,SI=F,1.0,7.732967546790846,range,66.37500274658203,66.39500152587891,66.19500244140625,1.7782373097420368,1.7782373097420368,1.227874154660394,0.03583162268689951,0.4036778432568919,168.9216909263694,signal_change,1,SCORE
2026-08-12 12:25:00+00:00,2026-08-12 12:25:00+00:00,SI=F,-1.0,61.8981005906203,range,66.20999633789063,66.46999904087612,66.46499904087612,-1.2554470100599928,1.2554470100599928,4.613341764147961,0.07636650150091831,4.657650030510861,-1638.37531540354,stop,1,SCORE
2026-08-12 12:30:00+00:00,2026-08-12 12:30:00+00:00,SI=F,1.0,44.79106527248558,range,66.68500030517578,66.29392676217216,66.29892676217216,1.59498769016296,1.59498769016296,9.010778443113772,0.16014227145611035,6.944383243245631,-3126.762373646712,stop,1,SCORE
2026-08-12 12:35:00+00:00,2026-08-12 12:50:00+00:00,SI=F,1.0,41.28548698933863,range,66.74499786376953,66.45000183105469,66.31571036202567,0.7418678194344553,0.7418678194344553,2.8338692390139335,0.19453804050640822,1.9095568959344869,-1097.9496567570204,signal_change,3,SCORE
2026-08-12 13:05:00+00:00,2026-08-12 13:10:00+00:00,SI=F,-1.0,-3.885587645176221,range,66.35500061035157,66.4050015258789,67.0000027029855,-0.49316165650000604,0.49316165650000604,1.2046086611044895,0.0264305928062003,0.591869887418789,-125.75847992238619,signal_change,1,SCORE
2026-08-12 13:30:00+00:00,2026-08-12 13:40:00+00:00,SI=F,-1.0,-34.15072294604135,range,66.05499755859375,65.87500274658203,66.77642547607422,-0.44085663622791005,0.44085663622791005,1.9884583676834295,0.21400835965516424,1.8742141216313646,394.5552536286873,signal_change,2,SCORE
2026-08-12 16:05:00+00:00,2026-08-12 16:10:00+00:00,SI=F,-1.0,6.546034473422482,range,65.90500366210938,65.88499725341796,66.20786010742188,-1.0506112194237762,1.0506112194237762,0.34419817470664926,0.2505981536444582,-0.8256797815286064,99.84173106077269,signal_change,1,SCORE
2026-08-12 16:35:00+00:00,2026-08-12 16:40:00+00:00,SI=F,-1.0,-16.05676917203579,range,65.53500091552735,65.59499633789062,65.83142905099052,-1.0735125511239634,1.0735125511239634,1.350042722870977,0.26106096103597975,0.06335223739801303,-327.3967573403997,signal_change,1,SCORE
2026-08-12 16:45:00+00:00,2026-08-12 16:55:00+00:00,SI=F,-1.0,-66.96051063375148,range,65.50500213623047,65.43000305175781,65.80821010044643,-1.0075684980748176,1.0075684980748176,2.5130568356374807,0.4070359465096307,1.4429218071754342,372.7957320051749,signal_change,2,SCORE
2026-08-12 17:00:00+00:00,2026-08-12 17:05:00+00:00,SI=F,-1.0,-11.473571611150927,range,65.40500366210938,65.43999755859375,65.72143171037946,-1.005711141306563,1.005711141306563,1.1202064031898675,0.24294058061596155,-0.07057252149935998,-180.9973135668096,signal_change,1,SCORE
2026-08-12 17:25:00+00:00,2026-08-12 17:30:00+00:00,SI=F,-1.0,-1.0343512431901445,range,65.67000305175782,65.72999847412109,65.97928889683315,-1.028730766614528,1.028730766614528,0.9915347810084653,0.16618324821609695,-0.02207065556676141,-313.73933803872944,signal_change,1,SCORE
2026-08-12 22:20:00+00:00,2026-08-12 22:25:00+00:00,SI=F,-1.0,16.02054180696225,range,65.32999908447266,65.34499633789062,65.41571315220425,-3.710733420505429,3.710733420505429,0.0627177700348432,0.38065189356277257,-0.6578169684174157,-296.807714471588,signal_change,1,SCORE
2026-08-12 22:30:00+00:00,2026-08-12 22:35:00+00:00,SI=F,-1.0,-6.129367917591339,range,65.25999938964844,65.31499755859375,65.36285561697824,-3.0912875310844217,3.0912875310844217,0.9186602870813397,0.2592683294401326,-0.4895700687285816,-865.5322071208766,signal_change,1,SCORE
2026-08-12 22:45:00+00:00,2026-08-12 22:50:00+00:00,SI=F,-1.0,3.2385498436940536,range,65.23000061035157,65.23500335693359,65.3335707310268,-3.067054809780599,3.067054809780599,0.30985915492957744,0.3292643214023204,-0.5304332941030174,-92.05376388142552,signal_change,1,SCORE
2026-08-13 00:10:00+00:00,2026-08-13 00:15:00+00:00,SI=F,1.0,75.15238445814904,range,65.73500335693359,65.88999718802316,65.89499718802315,4.631896329398078,4.631896329398078,3.653731343283582,0.44502852029974277,1.9960277207880295,3566.417304868629,stop,2,SCORE
2026-08-13 00:20:00+00:00,2026-08-13 00:40:00+00:00,SI=F,1.0,81.8611535155329,trend,66.1550015258789,66.18500244140625,66.02463967459542,3.1327300590043867,3.1327300590043867,2.321332616872649,0.6679238329945701,1.6023500188311144,454.2601990559263,signal_change,4,SCORE
2026-08-13 00:45:00+00:00,2026-08-13 00:55:00+00:00,SI=F,1.0,30.114702894529376,range,66.32999694824218,65.97285679408482,65.97785679408481,0.9059752240948523,0.9059752240948523,1.3286875725900116,0.4799940491403678,0.8360650791636028,-1622.3305321004118,stop,3,SCORE
2026-08-13 01:00:00+00:00,2026-08-13 01:15:00+00:00,SI=F,1.0,48.49287864388486,range,65.99000061035156,65.92500030517579,65.5596444266183,0.7345125514437391,0.7345125514437391,4.054011119936457,0.34893173561714547,4.535915787565669,-242.39026275360908,signal_change,3,SCORE
2026-08-13 02:35:00+00:00,2026-08-13 02:40:00+00:00,SI=F,-1.0,-25.536095397355478,range,65.245,65.37500274658203,65.60643057686943,-1.761763520701473,1.761763520701473,1.4910559723023658,0.29174342749951004,1.1276653030019508,-1153.979300199531,signal_change,1,SCORE
2026-08-13 05:15:00+00:00,2026-08-13 05:20:00+00:00,SI=F,1.0,-21.024518846209087,range,65.74499786376953,65.5949984741211,65.55285592215401,1.6548896475634123,1.6548896475634123,2.1296111665004984,0.003608159398015788,-0.22295559765221062,-1249.4366335878904,signal_change,1,SCORE
2026-08-13 05:30:00+00:00,2026-08-13 05:30:00+00:00,SI=F,1.0,-38.11276174488569,range,65.81000030517578,65.57142966134208,65.57642966134208,1.3594876565334406,1.3594876565334406,7.416563658838071,0.10541233752119289,2.244658395045948,-1628.4666657983998,stop,1,SCORE
2026-08-13 05:35:00+00:00,2026-08-13 05:40:00+00:00,SI=F,-1.0,0.043512216046736274,range,65.48499786376954,65.64499938964843,65.73428179059711,-1.2715077458913404,1.2715077458913404,0.9181111775254035,0.0052643202762663885,-0.35759438283299666,-1023.5734362767141,signal_change,1,SCORE
2026-08-13 05:50:00+00:00,2026-08-13 06:15:00+00:00,SI=F,-1.0,-60.152529697521445,range,65.25999938964844,65.05500305175781,65.54035459245954,-0.9720497242013987,0.9720497242013987,2.7474747474747474,0.17914135053215782,0.8531020975489761,991.4729199234309,signal_change,5,SCORE
2026-08-13 06:35:00+00:00,2026-08-13 06:40:00+00:00,SI=F,-1.0,-25.531989874121855,range,64.95000183105469,64.88,65.37428880964008,-1.4940605048191782,1.4940605048191782,1.5167055167055168,0.2662197128481017,0.7154069812884476,515.4645526951383,signal_change,1,SCORE
2026-08-13 07:50:00+00:00,2026-08-13 07:55:00+00:00,SI=F,-1.0,-2.6372161836556787,range,64.67500030517579,64.71999633789062,64.91928697858539,-1.2982108965413612,1.2982108965413612,0.623149720941519,0.2976581118941787,-0.06680653039247329,-298.5627543403564,signal_change,1,SCORE
2026-08-13 08:10:00+00:00,2026-08-13 08:20:00+00:00,SI=F,-1.0,-74.34473264272913,range,64.54500305175782,64.53499877929687,64.73393140520368,-1.120815205985312,1.120815205985312,3.3060909791827293,0.36241724143228005,3.3553504676294272,50.460627465318666,signal_change,2,SCORE
2026-08-13 10:05:00+00:00,2026-08-13 10:15:00+00:00,SI=F,1.0,31.7615591755967,range,64.8999966430664,64.92999755859375,64.72678702218192,1.7071817607578068,1.7071817607578068,1.0288386593920498,0.2910451160354369,-0.32153247758153447,247.54917016787317,signal_change,2,SCORE
2026-08-13 10:40:00+00:00,2026-08-13 10:45:00+00:00,SI=F,1.0,23.520690696373805,range,65.10499847412109,65.12499725341797,64.93785587855747,1.8973944175985284,1.8973944175985284,0.45962732919254656,0.4227603446243929,-0.9949540164972184,180.2408888954719,signal_change,1,SCORE
2026-08-13 10:50:00+00:00,2026-08-13 10:55:00+00:00,SI=F,1.0,17.72101655533993,range,65.18000305175781,65.17000305175782,65.01500322614397,3.844834512962567,3.844834512962567,1.2029484029484028,0.47321884728305663,-0.30633807132399105,-211.46589821276638,signal_change,1,SCORE
2026-08-13 11:05:00+00:00,2026-08-13 11:10:00+00:00,SI=F,1.0,16.87893759899592,range,65.18000305175781,65.13499938964844,65.0157171194894,1.9303204762167054,1.9303204762167054,1.1210676835081028,0.4925339143241048,-0.2653108614551254,-444.00905475331797,signal_change,1,SCORE
2026-08-13 11:20:00+00:00,2026-08-13 11:25:00+00:00,SI=F,1.0,-4.841817710405866,range,65.15999877929687,65.12,65.01214220319476,2.143760556337968,2.143760556337968,0.3651006711409396,0.4196828107458533,-1.0327270315627877,-439.45782957313406,signal_change,1,SCORE
2026-08-13 12:00:00+00:00,2026-08-13 12:05:00+00:00,SI=F,1.0,13.96971853087496,range,65.22999847412109,65.2250033569336,65.06999808175223,3.960181358457908,3.960181358457908,1.2017673048600883,0.27868175848915017,0.2747473131759031,-118.70875663836044,signal_change,1,SCORE
2026-08-13 12:10:00+00:00,2026-08-13 12:15:00+00:00,SI=F,1.0,19.76967620184793,range,65.2800015258789,65.19499694824219,65.10357395717075,1.795488878848368,1.795488878848368,1.4388080879744591,0.2520251578568682,0.6911062820667855,-772.1013133838162,signal_change,1,SCORE
2026-08-13 12:30:00+00:00,2026-08-13 12:30:00+00:00,SI=F,1.0,35.66378261820924,range,65.17000091552734,65.0589294215611,65.0639294215611,1.0887119576300455,1.0887119576300455,3.9486356340288924,0.13281636496933355,4.651720752504624,-610.0678779525222,stop,1,SCORE
2026-08-13 12:35:00+00:00,2026-08-13 12:40:00+00:00,SI=F,1.0,-0.820094427062017,range,65.18000305175781,65.19499694824219,64.87714660644531,1.0443561073775594,1.0443561073775594,0.9220985691573926,0.06722829153203057,0.1504533051584544,73.07305629737944,signal_change,1,SCORE
2026-08-13 12:50:00+00:00,2026-08-13 12:55:00+00:00,SI=F,1.0,3.064440116007139,range,65.36500061035156,65.35500061035157,65.0271437726702,0.9362413857338998,0.9362413857338998,0.8934010152284264,0.14843270371275474,0.21437301268014092,-51.493276215321906,signal_change,1,SCORE
2026-08-13 13:00:00+00:00,2026-08-13 13:10:00+00:00,SI=F,1.0,41.00605484822323,range,65.55500305175781,65.49000274658204,65.1600042288644,1.6015112598406112,1.6015112598406112,2.899958830794566,0.21853889722563272,3.567545171963191,-528.5011594595784,signal_change,2,SCORE
2026-08-13 13:35:00+00:00,2026-08-13 13:40:00+00:00,SI=F,-1.0,6.940019647551003,range,65.06499969482422,65.16500366210937,65.45499799455915,-0.8105485486804292,0.8105485486804292,1.242655413082292,0.008746018470736873,1.250038296443418,-409.3430954697079,signal_change,1,SCORE
2026-08-13 14:00:00+00:00,2026-08-13 14:25:00+00:00,SI=F,-1.0,-45.26152527081568,range,64.95999633789063,64.93500030517578,65.25321306501117,-1.6444576498911545,1.6444576498911545,2.259791639192932,0.1796389951071091,3.3737930895421586,197.30229782489073,signal_change,5,SCORE
2026-08-13 14:35:00+00:00,2026-08-13 14:40:00+00:00,SI=F,-1.0,3.2700450458706385,range,65.00500213623047,65.05500305175781,65.46642900739398,-0.6849153382894829,0.6849153382894829,0.5709494864808217,0.06474878058597738,-0.05325181018434833,-174.65654655738882,signal_change,1,SCORE
2026-08-13 17:25:00+00:00,2026-08-13 17:30:00+00:00,SI=F,1.0,2.6942668311687763,range,64.97500122070312,64.91499816894532,64.75714603969028,1.4504002626813755,1.4504002626813755,1.1098591549295775,0.13605812897366032,0.13211623234866388,-442.394211469418,signal_change,1,SCORE
2026-08-13 18:40:00+00:00,2026-08-13 18:45:00+00:00,SI=F,-1.0,-0.8607425354407354,range,64.89500152587891,64.83999908447265,65.03357860020229,-2.028181305128622,2.028181305128622,0.4935233160621762,0.12558284777471027,-0.6296190440245107,547.6337104573926,signal_change,1,SCORE
2026-08-13 19:10:00+00:00,2026-08-13 19:20:00+00:00,SI=F,-1.0,-54.91984813924509,range,64.64999877929688,64.47999847412109,64.67678669520787,-1.7417829133445626,1.7417829133445626,1.415209434729565,0.4875975737398958,0.09990568091810752,1471.8092195260415,signal_change,2,SCORE
2026-08-13 22:40:00+00:00,2026-08-13 22:45:00+00:00,SI=F,1.0,4.8258947470755444,range,64.69999969482421,64.67500030517579,64.58856911795479,2.8405953528349777,2.8405953528349777,0.8674698795180722,0.1566214116976588,-0.4206747600126067,-369.26872705935773,signal_change,1,SCORE
2026-08-13 23:30:00+00:00,2026-08-13 23:40:00+00:00,SI=F,1.0,34.38376327808398,range,64.81499755859375,64.81000244140625,64.69785256522042,2.7009257984777713,2.7009257984777713,0.8847926267281107,0.30539261370904375,-0.5660932486079885,-80.96183338295839,signal_change,2,SCORE
2026-08-14 00:05:00+00:00,2026-08-14 00:10:00+00:00,SI=F,1.0,23.961248685746206,range,64.82000244140625,64.77000152587891,64.67142761230468,2.129375480597556,2.129375480597556,1.826865671641791,0.20878955046194606,-0.0668530094199607,-543.000495059668,signal_change,1,SCORE
2026-08-14 00:30:00+00:00,2026-08-14 00:35:00+00:00,SI=F,-1.0,-14.271280898386934,range,64.495,64.56000030517578,64.69142857142857,-1.6096515168341672,1.6096515168341672,1.5880149812734083,0.05172118963997738,0.010160911571185998,-531.187456688498,signal_change,1,SCORE
2026-08-14 00:40:00+00:00,2026-08-14 00:45:00+00:00,SI=F,-1.0,-19.441650493963085,range,64.39999877929688,64.44999969482421,64.61356842041016,-1.479590594864172,1.479590594864172,1.665071770334928,0.19684973147024545,0.12196694893416506,-377.3023747185324,signal_change,1,SCORE
2026-08-14 00:50:00+00:00,2026-08-14 01:15:00+00:00,SI=F,-1.0,-33.76020837094977,range,64.18999969482422,64.10000122070312,64.50249835423061,-2.005495238266401,2.005495238266401,1.925545571245186,0.217667558773129,0.6993390284252395,892.4300803142369,signal_change,5,SCORE
2026-08-14 01:25:00+00:00,2026-08-14 01:30:00+00:00,SI=F,-1.0,2.705810750549783,range,63.98000061035156,64.1499966430664,64.40857149396624,-0.7377447678432504,0.7377447678432504,0.3553162853297443,0.2997592265977767,-0.2568438623740212,-630.7571422866389,signal_change,1,SCORE
2026-08-14 02:20:00+00:00,2026-08-14 02:25:00+00:00,SI=F,-1.0,-11.750025007285931,range,63.999997253417966,63.97000015258789,64.31928577968053,-0.9895600250197246,0.9895600250197246,1.0181412224392967,0.2587995381259349,0.6473428360080843,143.4718591145326,signal_change,1,SCORE
2026-08-14 05:10:00+00:00,2026-08-14 05:15:00+00:00,SI=F,-1.0,-12.100343290216987,range,63.91000091552734,63.955000762939456,64.04000089372907,-2.4308110013465436,2.4308110013465436,1.2377358490566037,0.111112618172447,-0.451078713023153,-559.0846757481513,signal_change,1,SCORE
2026-08-14 05:20:00+00:00,2026-08-14 05:25:00+00:00,SI=F,-1.0,-11.03789533078448,range,63.96000015258789,63.97000015258789,64.09357123238699,-2.3643568504952297,2.3643568504952297,0.9906790945406124,0.296486573527382,-0.5432696615077488,-130.0396267772981,signal_change,1,SCORE
2026-08-14 05:35:00+00:00,2026-08-14 05:35:00+00:00,SI=F,-1.0,-35.80100131147085,range,63.794999237060544,63.998570578438894,63.99357057843889,-3.180360081065778,3.180360081065778,2.3622693096377305,0.2532220883323728,0.2838592730818728,-3253.0526392489164,stop,1,SCORE
2026-08-14 05:40:00+00:00,2026-08-14 05:45:00+00:00,SI=F,-1.0,-11.397966699660422,range,63.96500122070312,63.935000305175784,64.17357197352818,-1.508483864570673,1.508483864570673,0.9168900804289545,0.259576706177986,-0.3462671793403304,218.7370656538371,signal_change,1,SCORE
2026-08-14 05:50:00+00:00,2026-08-14 05:55:00+00:00,SI=F,-1.0,54.30597215292522,range,64.15500366210938,64.4050015258789,64.42571637834821,-1.1624949784526715,1.1624949784526715,3.769505354411015,0.1318352427446459,1.674446636798188,-1458.918781172086,signal_change,1,SCORE
2026-08-14 05:55:00+00:00,2026-08-14 06:05:00+00:00,SI=F,1.0,39.34482873407427,range,64.4050015258789,64.39500152587891,64.12500274658203,1.1221175765355562,1.1221175765355562,1.5280038295835328,0.14557298205628416,0.28729447342318415,-61.716466709404585,signal_change,2,SCORE
2026-08-14 06:15:00+00:00,2026-08-14 06:20:00+00:00,SI=F,1.0,12.90345276009397,range,64.49000061035156,64.45000183105469,64.16928702218192,0.9795966322698919,0.9795966322698919,1.3363431151241536,0.1758247746803605,0.49690932769361795,-200.81133063193204,signal_change,1,SCORE
2026-08-14 07:40:00+00:00,2026-08-14 07:55:00+00:00,SI=F,1.0,67.37037899149522,range,64.63499725341796,64.82500183105469,64.55642754690987,1.5483806363864794,1.5483806363864794,2.439873417721519,0.4585562934284817,1.6836145167714835,1463.255141005572,signal_change,3,SCORE
2026-08-14 08:10:00+00:00,2026-08-14 08:15:00+00:00,SI=F,1.0,4.714137373887147,range,64.79500091552734,64.78999816894532,64.58571681431361,1.5032761896543412,1.5032761896543412,0.7527272727272727,0.22307055792580943,-0.16037015534884708,-45.11893004641443,signal_change,1,SCORE
2026-08-14 08:40:00+00:00,2026-08-14 08:45:00+00:00,SI=F,1.0,13.055194115093991,range,64.88,64.75999938964844,64.65642931256976,1.4071433881529942,1.4071433881529942,1.138255033557047,0.22558735736707716,0.1523041241774467,-851.3260440933255,signal_change,1,SCORE
2026-08-14 10:00:00+00:00,2026-08-14 10:05:00+00:00,SI=F,1.0,21.268275003802064,range,65.05500305175781,65.02499877929688,64.90929142543247,4.313973543677485,4.313973543677485,1.5,0.2818232891059031,0.2642604262802014,-668.7580556870678,signal_change,1,SCORE
2026-08-14 11:05:00+00:00,2026-08-14 11:10:00+00:00,SI=F,-1.0,-3.579093729528408,range,64.80000030517579,64.86999786376953,64.91500143868583,-2.730964257321299,2.730964257321299,1.0106681639528357,0.04706082991499789,-0.10817882072632523,-969.4589743829051,signal_change,1,SCORE
2026-08-14 11:35:00+00:00,2026-08-14 11:45:00+00:00,SI=F,1.0,53.47436175102669,range,65.11000335693359,65.0949984741211,64.95857186453682,4.143453512355901,4.143453512355901,1.8735632183908046,0.2888907726868139,1.0679683143237297,-331.5774395213001,signal_change,2,SCORE
2026-08-14 12:15:00+00:00,2026-08-14 12:20:00+00:00,SI=F,1.0,-12.454041096275063,range,65.07000244140625,65.06000244140625,64.87285779680523,1.5907539515324083,1.5907539515324083,0.3993174061433447,0.1595769720876249,-0.6855890470969689,-87.49146733421011,signal_change,1,SCORE
2026-08-14 12:25:00+00:00,2026-08-14 12:40:00+00:00,SI=F,1.0,60.125939559361655,range,65.1550015258789,65.10999786376954,64.92928859165737,1.346649955474415,1.346649955474415,1.8853313477289648,0.34313688824396193,1.4513780797366627,-309.7541476561881,signal_change,3,SCORE
2026-08-14 13:05:00+00:00,2026-08-14 13:10:00+00:00,SI=F,1.0,13.307352408749296,range,65.34499633789062,65.26499664306641,65.07999694824218,2.3658136486511854,2.3658136486511854,1.0828025477707006,0.294541298147881,0.6806791576838053,-958.1509177584797,signal_change,1,SCORE
2026-08-14 13:35:00+00:00,2026-08-14 13:55:00+00:00,SI=F,1.0,41.29331233348222,range,65.50999725341796,65.48499786376954,65.21142634800502,2.0975535657297173,2.0975535657297173,3.039164490861619,0.22352920056906664,3.8532893155823684,-272.67556231928637,signal_change,4,SCORE
2026-08-14 14:05:00+00:00,2026-08-14 14:10:00+00:00,SI=F,1.0,8.462176992392177,range,65.80500305175781,65.74000274658204,65.45214900425502,1.7743245367576572,1.7743245367576572,0.7954508529650691,0.2927408000343056,0.3098353463880446,-585.5298045343296,signal_change,1,SCORE
2026-08-14 16:10:00+00:00,2026-08-14 16:15:00+00:00,SI=F,-1.0,-14.908190277472865,range,65.11500274658204,65.09499633789062,65.35071725027902,-2.6543454632710293,2.6543454632710293,0.9643259481787458,0.3797509307502499,-0.02436337842890055,252.24787341566693,signal_change,1,SCORE
2026-08-14 16:35:00+00:00,2026-08-14 16:40:00+00:00,SI=F,-1.0,-6.929907610469948,range,64.99000274658204,65.09499633789062,65.2057162475586,-1.450637753764583,1.450637753764583,0.6958552247518972,0.39394468734426297,-0.49976226322210415,-768.7915260466323,signal_change,1,SCORE
2026-08-14 17:25:00+00:00,2026-08-14 17:30:00+00:00,SI=F,-1.0,-2.026716581216432,range,65.10500061035157,65.06499755859375,65.28285705566407,-1.7578956496621536,1.7578956496621536,0.6540222367560498,0.19797064404941714,-0.7186065138632474,342.816475043112,signal_change,1,SCORE
2026-08-14 20:10:00+00:00,2026-08-14 20:15:00+00:00,SI=F,-1.0,-8.045263472758485,range,64.80000030517579,64.83500183105468,64.91143088204521,-2.8068871761474226,2.8068871761474226,1.070383275261324,0.14792610917495802,-0.6369913351435089,-505.26110655608,signal_change,1,SCORE
2026-08-16 22:10:00+00:00,2026-08-16 22:15:00+00:00,SI=F,1.0,-8.596219384617282,range,64.93000305175781,64.95999633789063,64.78129089355468,2.102021916938464,2.102021916938464,0.7600767754318618,0.09623641627389827,-0.6885263861775529,304.7226144762952,signal_change,1,SCORE
2026-08-16 22:35:00+00:00,2026-08-16 22:40:00+00:00,SI=F,1.0,-1.5968830293253349,range,65.10499847412109,65.11500274658204,64.94842694963727,1.9971886318675791,1.9971886318675791,0.8189573459715639,0.1593418147408264,-0.5941622544666905,89.91615298620424,signal_change,1,SCORE
2026-08-16 22:50:00+00:00,2026-08-16 23:05:00+00:00,SI=F,1.0,71.40600275923302,range,65.21999633789062,65.31000244140625,65.10370908464704,1.7022621327676473,1.7022621327676473,4.426157237325496,0.32682177474363605,1.9758318356087388,757.5585979993064,signal_change,3,SCORE
2026-08-16 23:40:00+00:00,2026-08-16 23:45:00+00:00,SI=F,1.0,-3.9165729682435995,range,65.0249966430664,64.91000091552735,64.84856580461773,1.7740633535966537,1.7740633535966537,0.7850467289719626,0.06552942999845013,-0.3048351305381266,-1028.918847004084,signal_change,1,SCORE
2026-08-17 00:45:00+00:00,2026-08-17 00:50:00+00:00,SI=F,1.0,4.223628549948097,range,65.505,65.48000061035157,65.27142717633929,1.3385091571859664,1.3385091571859664,1.0311332503113324,0.15384268120914443,0.2406344751123607,-174.00210562833723,signal_change,1,SCORE
2026-08-17 00:55:00+00:00,2026-08-17 01:00:00+00:00,SI=F,1.0,64.67680495215983,range,65.47500122070312,65.62857216971261,65.63357216971261,1.2432028963440165,1.2432028963440165,3.5774647887323945,0.16384122345354937,3.518695243077421,948.3832285327765,stop,2,SCORE
2026-08-17 01:05:00+00:00,2026-08-17 01:15:00+00:00,SI=F,1.0,42.48920602673203,range,65.97500122070312,65.99000274658204,65.63999995640346,1.8681147212194464,1.8681147212194464,2.9096525096525094,0.30864057990671456,2.3160244444266938,130.78228306968407,signal_change,2,SCORE
2026-08-17 01:20:00+00:00,2026-08-17 01:30:00+00:00,SI=F,1.0,80.69994193088702,range,66.13,66.05000030517579,65.83035169328961,1.6627590700428145,1.6627590700428145,3.5808417997097246,0.4739216785346039,3.4804136242051036,-673.4148861982733,signal_change,2,SCORE
2026-08-17 04:30:00+00:00,2026-08-17 04:35:00+00:00,SI=F,-1.0,10.882434682653397,range,65.56499969482422,65.60499847412109,65.70071463448662,-2.3042450307940334,2.3042450307940334,0.42379182156133827,0.18018296664398484,-0.6307508741777753,-472.35616731712275,signal_change,1,SCORE
2026-08-17 05:25:00+00:00,2026-08-17 05:40:00+00:00,SI=F,1.0,48.98202286755006,range,65.89499938964843,65.88499938964844,65.71607099260602,1.5911986869262742,1.5911986869262742,1.7777777777777777,0.20180096343332604,-0.1412468997914254,-87.51592778087274,signal_change,3,SCORE
2026-08-17 06:05:00+00:00,2026-08-17 06:15:00+00:00,SI=F,1.0,39.62560159844948,range,66.07499969482421,65.95000183105469,65.84571350097656,2.7260648785154133,2.7260648785154133,3.4217506631299734,0.24390410321620196,1.6557131822936935,-1717.39175595032,signal_change,2,SCORE
2026-08-17 06:35:00+00:00,2026-08-17 06:40:00+00:00,SI=F,1.0,-4.7233672502113055,range,65.87500274658203,65.87,65.649287109375,1.3819309855240591,1.3819309855240591,0.5002816901408451,0.1784543614299366,-0.5499364245349856,-41.47690749972527,signal_change,1,SCORE
2026-08-17 06:50:00+00:00,2026-08-17 07:00:00+00:00,SI=F,1.0,35.83711215134058,range,66.08500183105468,66.06000244140625,65.8607139805385,1.3906634502860584,1.3906634502860584,1.8488888888888888,0.23279351213972313,1.993688787698155,-180.78200456907538,signal_change,2,SCORE
2026-08-17 08:05:00+00:00,2026-08-17 08:10:00+00:00,SI=F,-1.0,1.9537918981709348,range,65.70000183105469,65.70499694824218,65.91286084856306,-1.465033739255216,1.465033739255216,0.5501432664756447,0.20645609060972547,-0.3168951301495075,-43.915244752315076,signal_change,1,SCORE
2026-08-17 10:30:00+00:00,2026-08-17 10:30:00+00:00,SI=F,1.0,33.45625779464788,range,65.94999969482421,65.73142678397042,65.73642678397042,2.92012943750423,2.92012943750423,2.368831168831169,0.004252942971605924,1.4186499456758248,-3205.9066033132813,stop,1,SCORE
2026-08-17 10:35:00+00:00,2026-08-17 10:40:00+00:00,SI=F,1.0,-6.614123741006062,range,65.72500122070312,65.73000061035157,65.50714276994977,1.4261930332894437,1.4261930332894437,1.5037593984962405,0.008622447301785656,0.5076599923341878,28.51950827012226,signal_change,1,SCORE
2026-08-17 11:05:00+00:00,2026-08-17 11:10:00+00:00,SI=F,1.0,-5.175576486523954,range,65.755,65.77000152587891,65.5221399797712,1.3343560918282904,1.3343560918282904,0.4597249508840865,0.05531494912634976,-0.6391269643768156,93.41510675711075,signal_change,1,SCORE
2026-08-17 11:35:00+00:00,2026-08-17 11:40:00+00:00,SI=F,1.0,8.535042768661345,range,65.94999969482421,65.91000091552735,65.74928340366908,1.5482095650259715,1.5482095650259715,0.7644683714670256,0.22143203579272047,-0.21041516846081268,-317.3735113089828,signal_change,1,SCORE
2026-08-17 12:30:00+00:00,2026-08-17 12:55:00+00:00,SI=F,-1.0,-32.53439906824892,range,65.63000213623047,65.45499694824218,65.66892896379743,-1.363301907399806,1.363301907399806,2.5312868949232588,0.09230371961454042,1.9140307434740789,1186.10802340949,signal_change,5,SCORE
2026-08-17 13:05:00+00:00,2026-08-17 13:10:00+00:00,SI=F,-1.0,-25.751102730015226,range,65.3449984741211,65.40999877929687,65.66928479875837,-0.959198446774081,0.959198446774081,1.384095517008335,0.22323999197398076,0.972883674760887,-316.53695105607994,signal_change,1,SCORE
2026-08-17 13:20:00+00:00,2026-08-17 13:25:00+00:00,SI=F,-1.0,-4.9627414716349,range,65.32999908447266,65.46000183105468,65.6671420288086,-0.9222917346876145,0.9222917346876145,0.5071109305160504,0.27974251285473173,-0.17283362180277512,-604.1137519698759,signal_change,1,SCORE
2026-08-17 13:35:00+00:00,2026-08-17 13:40:00+00:00,SI=F,-1.0,-12.928140449855519,range,65.51499664306641,65.50999725341796,65.81213976178852,-1.0457341650462504,1.0457341650462504,0.8450057405281286,0.28904345004841303,0.3320145865525258,20.911491973564587,signal_change,1,SCORE
2026-08-17 13:55:00+00:00,2026-08-17 14:00:00+00:00,SI=F,-1.0,2.493651732910371,range,65.66000091552735,65.83999908447265,65.9871406337193,-0.9498694682983798,0.9498694682983798,1.0887804878048781,0.005465711105274349,0.866925612179913,-859.6231724952784,signal_change,1,SCORE
2026-08-17 14:15:00+00:00,2026-08-17 14:35:00+00:00,SI=F,1.0,56.67240417844118,range,65.95499694824218,66.36500274658204,65.95107051304409,1.0447500924478148,1.0447500924478148,1.7569015245158632,0.15212121903979117,2.2454061360838677,2136.544228136268,signal_change,4,SCORE
2026-08-17 14:40:00+00:00,2026-08-17 14:45:00+00:00,SI=F,1.0,29.635110817433695,range,66.33500183105468,66.38999664306641,65.92071589878627,0.7511405247189029,0.7511405247189029,1.3037367540435025,0.4699359399160592,1.1709202120399615,202.78845713293885,signal_change,1,SCORE
2026-08-17 15:20:00+00:00,2026-08-17 15:25:00+00:00,SI=F,1.0,22.452569612184732,trend,66.60000122070312,66.57999908447266,66.21428846086773,0.8069681921868425,0.8069681921868425,0.9876434245366283,0.506439159520231,0.5268046041047659,-84.74027952977907,signal_change,1,SCORE
2026-08-17 15:30:00+00:00,2026-08-17 15:35:00+00:00,SI=F,1.0,9.380502808622747,range,66.71999633789062,66.55000030517579,66.36214067731585,0.869703357241948,0.869703357241948,0.6269807280513918,0.42570525999711983,-0.06375719583387567,-743.5791186357285,signal_change,1,SCORE
2026-08-17 17:20:00+00:00,2026-08-17 17:35:00+00:00,SI=F,-1.0,-71.93855792379613,range,66.32999908447266,66.18999755859375,66.40535245622907,-1.674439236189039,1.674439236189039,3.432034632034632,0.2499986376096043,3.167779820049644,1163.74804410901,signal_change,3,SCORE
2026-08-17 17:40:00+00:00,2026-08-17 17:45:00+00:00,SI=F,-1.0,-14.477350812793008,range,66.0949984741211,66.22999847412109,66.31928196498326,-1.3883114059660848,1.3883114059660848,1.1676416036524468,0.21611742085494545,0.0753625031264131,-944.0517560568745,signal_change,1,SCORE
2026-08-17 18:05:00+00:00,2026-08-17 18:10:00+00:00,SI=F,-1.0,-10.95213270885289,range,65.9750033569336,66.01999938964843,66.2114306640625,-1.3156048436047383,1.3156048436047383,0.8154362416107382,0.3800865995867094,-0.37430419629271616,-302.5630171311923,signal_change,1,SCORE
2026-08-17 18:35:00+00:00,2026-08-17 18:40:00+00:00,SI=F,-1.0,1.6887136497536241,range,65.88499938964844,65.92000091552734,66.11785614013672,-1.3353231663295348,1.3353231663295348,0.2689621568945915,0.44108096999588986,-1.1683877608371016,-240.3683576465182,signal_change,1,SCORE
2026-08-17 22:30:00+00:00,2026-08-17 22:35:00+00:00,SI=F,-1.0,-1.0621877093613765,range,65.81000244140625,65.86000335693359,65.91214368547712,-3.043382595010843,3.043382595010843,0.6565349544072948,0.2528763855759787,-0.6790187830760497,-776.0764932275428,signal_change,1,SCORE
2026-08-17 23:35:00+00:00,2026-08-17 23:40:00+00:00,SI=F,1.0,8.073023506958709,range,66.03499877929687,66.04500305175782,65.93142647879463,2.9987096565332996,2.9987096565332996,1.2041049030786775,0.1857261193704495,-0.45756172011380963,135.00599389348704,signal_change,1,SCORE
2026-08-18 00:00:00+00:00,2026-08-18 00:05:00+00:00,SI=F,1.0,27.342398636795117,range,66.10000122070312,66.07999908447266,65.9828584071568,2.6517248507135704,2.6517248507135704,2.1003201707577377,0.15151725333795735,0.24290743040148297,-278.4594328019085,signal_change,1,SCORE
2026-08-18 00:20:00+00:00,2026-08-18 00:40:00+00:00,SI=F,1.0,77.00541757762028,trend,66.2800015258789,66.49000274658204,66.26071875435966,3.396478706744814,3.396478706744814,3.7597402597402594,0.5353694156089366,2.2363088720870206,3549.3409790093415,signal_change,4,SCORE
2026-08-18 01:00:00+00:00,2026-08-18 01:25:00+00:00,SI=F,1.0,83.50895503752852,trend,66.56000030517578,66.41000091552735,66.28714481898716,1.1426389942144228,1.1426389942144228,4.238381629305632,0.6000073243081581,3.946199531963823,-862.6889535743599,signal_change,5,SCORE
2026-08-18 01:45:00+00:00,2026-08-18 01:45:00+00:00,SI=F,1.0,-65.96478238475405,range,66.12500274658203,65.6992906842913,65.7042906842913,0.7403481028681564,0.7403481028681564,6.204946996466431,0.14768220448107133,6.40273414294703,-1579.5773289394951,stop,1,SCORE
2026-08-18 01:50:00+00:00,2026-08-18 01:55:00+00:00,SI=F,-1.0,-22.37701318594864,range,65.64999877929688,65.69999969482421,66.07428248814175,-1.4656255643284755,1.4656255643284755,1.5865546218487394,0.145263671875,1.195139193094362,-373.74122800509383,signal_change,1,SCORE
2026-08-18 02:35:00+00:00,2026-08-18 02:50:00+00:00,SI=F,-1.0,-44.67252250831514,range,65.42500030517579,65.45499694824218,65.78785757882255,-1.7130135634448682,1.7130135634448682,0.9568508705526116,0.4672305667389285,0.4873578773878952,-265.48834996998823,signal_change,3,SCORE
2026-08-18 05:05:00+00:00,2026-08-18 05:10:00+00:00,SI=F,-1.0,-1.1756126188216527,range,65.19499694824219,65.23500335693359,65.34928292410714,-2.0137721073574797,2.0137721073574797,0.46322378716744916,0.26373064379553474,-0.7019860098582437,-412.88781022818466,signal_change,1,SCORE
2026-08-18 05:30:00+00:00,2026-08-18 05:30:00+00:00,SI=F,-1.0,-78.56118040469053,range,65.13499938964844,65.13928824288504,65.13428824288505,-1.6102638221240573,1.6102638221240573,7.58109833971903,0.38888653414148266,4.246553731045161,-42.58224513712051,stop,1,SCORE
2026-08-18 05:35:00+00:00,2026-08-18 05:40:00+00:00,SI=F,-1.0,-36.94795397071943,range,64.91000091552735,65.12785884312221,65.12285884312222,-2.9177901311239527,2.9177901311239527,2.2173382173382175,0.27752794638595923,0.6568870768393188,-3192.907506272667,stop,2,SCORE
2026-08-18 06:25:00+00:00,2026-08-18 06:35:00+00:00,SI=F,1.0,39.73001191786514,range,65.44999969482421,65.33499633789063,65.15571323939731,1.051424069646199,1.051424069646199,1.4137542277339346,0.12386826722723165,0.4853813890506214,-609.8436081986509,signal_change,2,SCORE
2026-08-18 08:05:00+00:00,2026-08-18 08:15:00+00:00,SI=F,-1.0,-52.76907584572181,range,65.03500091552735,65.07499969482421,65.2285706438337,-1.597390356690766,1.597390356690766,1.7532612746925083,0.16546825771464327,0.8196422709142278,-327.4552734245331,signal_change,2,SCORE
2026-08-18 11:05:00+00:00,2026-08-18 11:10:00+00:00,SI=F,1.0,19.781148936832388,range,65.13499725341796,65.16000091552735,64.99785670689174,2.253832406443139,2.253832406443139,1.7079970652971388,0.07245949492120123,0.23491702454488908,270.5011576772057,signal_change,1,SCORE
2026-08-18 11:25:00+00:00,2026-08-18 11:30:00+00:00,SI=F,1.0,-7.8531439582545115,range,65.10499847412109,65.06999694824219,64.966427961077,2.231257405426199,2.231257405426199,0.7824451410658307,0.019227524483732533,-0.4627585824284508,-401.6433561196611,signal_change,1,SCORE
2026-08-18 12:15:00+00:00,2026-08-18 12:20:00+00:00,SI=F,-1.0,-24.388725801551292,range,65.14500152587891,65.16500366210937,65.32642961774555,-1.7034071463192395,1.7034071463192395,1.5085115670013096,0.09844723443281364,1.1038629222632361,-178.875944714676,signal_change,1,SCORE
2026-08-18 12:25:00+00:00,2026-08-18 12:35:00+00:00,SI=F,1.0,31.202534726059177,range,65.28499877929687,65.24000274658204,65.0692841884068,1.4323708951403056,1.4323708951403056,1.9631336405529953,0.15686567834009005,1.9328973572724757,-329.41689276325246,signal_change,2,SCORE
2026-08-18 13:05:00+00:00,2026-08-18 13:10:00+00:00,SI=F,1.0,-35.94222605905787,range,65.255,65.01499664306641,64.95428632463727,1.0271165930947566,1.0271165930947566,2.322801024765158,0.11628017009397751,2.7656517114383985,-1237.6927344901153,signal_change,1,SCORE
2026-08-18 13:10:00+00:00,2026-08-18 13:15:00+00:00,SI=F,-1.0,24.324959316087885,range,65.01499664306641,65.2800015258789,65.33714019775391,-0.9574452407644567,0.9574452407644567,1.6153846153846154,0.05882587600540538,1.6872362758124508,-1273.4255453446324,signal_change,1,SCORE
2026-08-18 13:20:00+00:00,2026-08-18 13:35:00+00:00,SI=F,-1.0,-45.886829872233186,range,65.10500061035157,65.10499847412109,65.22571127755302,-0.8817657840972828,0.8817657840972828,1.5118562874251495,0.058138348599436666,1.4533248744789422,-4.399410645774822,signal_change,3,SCORE
2026-08-18 13:35:00+00:00,2026-08-18 13:40:00+00:00,SI=F,1.0,26.623764909531246,range,65.10499847412109,65.31999694824219,64.71642575945172,0.7408645914186801,0.7408645914186801,1.7022938018545632,0.12195103796827665,1.4625343432314202,792.7194604697592,signal_change,1,SCORE
2026-08-18 14:40:00+00:00,2026-08-18 14:45:00+00:00,SI=F,-1.0,-25.08241658848909,range,64.4750033569336,64.49499786376953,64.91571860177177,-1.3989306245498896,1.3989306245498896,1.4949611287071696,0.21462706987982202,1.7298061055761138,-146.84929280051125,signal_change,1,SCORE
2026-08-18 15:00:00+00:00,2026-08-18 15:05:00+00:00,SI=F,-1.0,-26.12078549949789,range,64.26499664306641,64.44500244140625,64.72428401402065,-0.6710692446478924,0.6710692446478924,1.5287992190042305,0.23076987568722057,1.9471518298029704,-607.3371218440078,signal_change,1,SCORE
2026-08-18 15:10:00+00:00,2026-08-18 15:30:00+00:00,SI=F,-1.0,-73.48579707337484,range,64.06000244140625,63.755,64.35321426391602,-0.6064698459052141,0.6064698459052141,2.1957483856925197,0.37228332417667853,3.22987497547584,921.8415689722926,signal_change,4,SCORE
2026-08-18 17:25:00+00:00,2026-08-18 17:30:00+00:00,SI=F,1.0,23.54787875815855,range,64.08999908447265,64.06000244140625,63.90357046944754,1.6538432451345688,1.6538432451345688,1.6358292512246326,0.262713809568453,0.23464047373138824,-256.317943786041,signal_change,1,SCORE
2026-08-18 19:50:00+00:00,2026-08-18 20:00:00+00:00,SI=F,-1.0,-39.699509149200956,range,63.599999542236326,63.66499984741211,63.71642875671387,-3.1729866769716946,3.1729866769716946,4.466643859048922,0.3333333333333333,0.8925327005170851,-1047.0904449941806,signal_change,2,SCORE
2026-08-18 20:50:00+00:00,2026-08-18 22:00:00+00:00,SI=F,-1.0,-38.277611500290675,range,63.35500061035156,63.42999923706055,63.5625,-2.7107893744208753,2.7107893744208753,1.8295358649789029,0.4193568801726987,0.5364416657112826,-1030.0813487665362,signal_change,2,SCORE
2026-08-18 22:25:00+00:00,2026-08-18 22:30:00+00:00,SI=F,-1.0,-3.0511708769644166,range,63.314999694824216,63.35000122070313,63.5199993460519,-1.5000366215716443,1.5000366215716443,0.4076712328767123,0.42205512912003434,-0.5575556700068203,-270.01803625413163,signal_change,1,SCORE
2026-08-18 23:10:00+00:00,2026-08-18 23:40:00+00:00,SI=F,-1.0,-68.24741400713224,range,63.204999084472654,62.889998321533206,63.20035825456892,-1.7078390336039948,1.7078390336039948,3.5299917830731307,0.3688495885133952,1.2198101484347597,2681.31379764712,signal_change,6,SCORE
2026-08-19 01:00:00+00:00,2026-08-19 01:00:00+00:00,SI=F,-1.0,-50.51224761326143,range,63.02999984741211,62.9564285496303,62.9514285496303,-0.9224187787907681,0.9224187787907681,4.689017341040462,0.2791498286771069,4.79186873856625,334.7056393757638,stop,1,SCORE
2026-08-19 01:05:00+00:00,2026-08-19 01:15:00+00:00,SI=F,-1.0,-38.06556076278642,range,62.919999237060544,63.080000762939456,63.28571317400251,-0.8434682236082042,0.8434682236082042,2.528977871443625,0.06354552599079376,2.321186475183511,-678.9983551564785,signal_change,2,SCORE
2026-08-19 01:20:00+00:00,2026-08-19 01:25:00+00:00,SI=F,-1.0,-11.809721676431899,range,62.75000106811523,62.889998321533206,63.17642918178013,-0.7228192172130418,0.7228192172130418,1.115670964227347,0.11911338606972954,0.4082673079596305,-509.5776217238438,signal_change,1,SCORE
2026-08-19 01:40:00+00:00,2026-08-19 01:45:00+00:00,SI=F,1.0,8.374303411978882,range,63.31999862670899,63.35500061035156,62.857855137416294,0.6665723747850844,0.6665723747850844,1.1262761955937668,0.2010438143046384,0.3843695644592855,113.32391492016741,signal_change,1,SCORE
2026-08-19 04:25:00+00:00,2026-08-19 04:35:00+00:00,SI=F,-1.0,-53.941918596345346,range,62.93499862670898,62.91499984741211,63.05821228027344,-2.200673492684996,2.200673492684996,2.2719186785260486,0.2491246292389896,0.01104901790470475,209.0505499599703,signal_change,2,SCORE
2026-08-19 05:10:00+00:00,2026-08-19 05:25:00+00:00,SI=F,-1.0,-54.485235887434946,range,62.78500091552734,62.85999954223633,62.86392593383789,-2.0742003128744524,2.0742003128744524,1.7703549060542798,0.3492057244755541,-0.15874752580081256,-788.1818764890734,signal_change,3,SCORE
2026-08-19 05:35:00+00:00,2026-08-19 05:40:00+00:00,SI=F,-1.0,-15.257547318447308,range,62.80999862670898,62.935000305175784,63.01999771118164,-1.4661447278610404,1.4661447278610404,1.198046663049376,0.22780175270638486,-0.2524774714745959,-923.6834829287186,signal_change,1,SCORE
2026-08-19 05:50:00+00:00,2026-08-19 05:55:00+00:00,SI=F,-1.0,-6.026961230623093,range,62.77499877929687,62.78000152587891,63.00856942313058,-1.316799732569055,1.316799732569055,0.6874371859296482,0.2713772359983323,-0.45084897679823416,-39.52207546952647,signal_change,1,SCORE
2026-08-19 06:05:00+00:00,2026-08-19 06:10:00+00:00,SI=F,-1.0,-11.766101175688819,range,62.77499877929687,62.810000305175784,63.02356935773577,-1.237282105313179,1.237282105313179,1.1387257117035698,0.20754532289594377,-0.014690125032639,-222.7202186697318,signal_change,1,SCORE
2026-08-19 06:15:00+00:00,2026-08-19 06:15:00+00:00,SI=F,-1.0,-24.381223781899592,range,62.69500076293945,62.97571454729353,62.970714547293525,-1.115192616334322,1.115192616334322,1.75,0.02499815225865518,0.9222896633290151,-1570.8256611563318,stop,1,SCORE
2026-08-19 06:50:00+00:00,2026-08-19 07:05:00+00:00,SI=F,1.0,40.13889314322577,range,63.1200016784668,63.16000091552734,62.880715233939036,1.1046138116872146,1.1046138116872146,1.3228894691035684,0.17207066997971834,1.0813985148401453,215.3954795116916,signal_change,3,SCORE
2026-08-19 07:25:00+00:00,2026-08-19 07:30:00+00:00,SI=F,1.0,-4.19698169609284,range,63.255,63.27999984741211,63.017856074741914,1.294570694296989,1.294570694296989,0.5131481936593758,0.20376256520272937,-0.2090741435678084,155.34749563654805,signal_change,1,SCORE
2026-08-19 10:20:00+00:00,2026-08-19 10:25:00+00:00,SI=F,1.0,13.024408343661882,range,63.40500152587891,63.39999877929687,63.2464289202009,1.9363618720918048,1.9363618720918048,1.329712112982075,0.1231537091185159,-0.22377506388784116,-58.11744804642308,signal_change,1,SCORE
2026-08-19 11:05:00+00:00,2026-08-19 11:15:00+00:00,SI=F,1.0,33.89378482807888,range,63.48499954223633,63.52999984741211,63.28928431919643,3.1375546747709437,3.1375546747709437,1.8131004366812227,0.33714076450892855,0.6297423054371509,690.2668159780227,signal_change,2,SCORE
2026-08-19 11:25:00+00:00,2026-08-19 11:40:00+00:00,SI=F,1.0,74.19543938459653,range,63.580000762939456,63.57000076293945,63.428214754377095,1.5418780010680846,1.5418780010680846,2.9022801302931596,0.46114133012871195,2.2417528914091402,-84.80329005878407,signal_change,3,SCORE
2026-08-19 12:10:00+00:00,2026-08-19 12:20:00+00:00,SI=F,1.0,69.48314409954916,range,63.78499877929688,63.80500137329101,63.559998670305525,1.3655349772840346,1.3655349772840346,2.159853569249542,0.4309619423996527,2.2940887090119837,129.74353379059784,signal_change,2,SCORE
2026-08-19 12:25:00+00:00,2026-08-19 12:35:00+00:00,SI=F,1.0,42.73948801390393,range,63.889998321533206,64.40106934683664,64.40606934683663,1.315620006682048,1.315620006682048,2.1043285238623755,0.3534481908138132,2.4719635676945706,3355.298228590087,stop,3,SCORE
2026-08-19 12:40:00+00:00,2026-08-19 13:05:00+00:00,SI=F,1.0,87.69328735007028,trend,64.90999877929687,64.59607449122838,64.60107449122837,1.471383968001025,1.471383968001025,5.634362416107383,0.7440359062029885,4.895931803816137,-2316.8727429905766,stop,6,SCORE
2026-08-19 13:10:00+00:00,2026-08-19 13:25:00+00:00,SI=F,1.0,42.27498445910819,trend,64.96000183105468,65.21500122070313,64.36392756870815,0.509723873931253,0.509723873931253,1.7561373682420944,0.5241297890166806,1.577440470327515,647.3477643389,signal_change,3,SCORE
2026-08-19 13:35:00+00:00,2026-08-19 13:45:00+00:00,SI=F,1.0,35.19154301165877,range,65.38499725341796,65.17999755859375,64.68928475516182,0.8850809791873613,0.8850809791873613,1.476842220518997,0.4652584897440803,1.4500468685803614,-911.6320580365456,signal_change,2,SCORE
2026-08-19 14:30:00+00:00,2026-08-19 14:45:00+00:00,SI=F,1.0,39.74845244500911,range,65.58500183105468,65.85500061035157,65.34357452392578,0.6770261863548998,0.6770261863548998,0.7360406091370558,0.43977774215953414,0.48539581833986395,910.596088407464,signal_change,3,SCORE
2026-08-19 16:05:00+00:00,2026-08-19 16:10:00+00:00,SI=F,1.0,21.912348742797995,range,66.04500091552734,66.11500274658204,65.7635721697126,1.0939912556339406,1.0939912556339406,1.1811624946966481,0.3917516448338649,-0.009980143622089245,377.43699898284285,signal_change,1,SCORE
2026-08-19 17:25:00+00:00,2026-08-19 17:30:00+00:00,SI=F,1.0,-1.193544282784408,range,65.83999908447265,65.78000366210938,65.61500170026507,1.368961203881403,1.368961203881403,0.9061872025383395,0.12676026068782473,-0.6469026756125462,-417.5018341483985,signal_change,1,SCORE
2026-08-19 19:10:00+00:00,2026-08-19 19:15:00+00:00,SI=F,1.0,-0.2857153045037033,range,66.3999966430664,66.38000213623047,66.11785400390625,1.0911734760454896,1.0911734760454896,0.6902580008459044,0.2519882948626103,-0.6318240923049634,-114.54324501010394,signal_change,1,SCORE
2026-08-19 19:30:00+00:00,2026-08-19 19:35:00+00:00,SI=F,1.0,-2.400560713537518,range,66.50999725341796,66.4750033569336,66.26213893345424,1.2419452944824718,1.2419452944824718,0.4586872586872587,0.41764914438046685,-0.9698526401395497,-223.51225184423708,signal_change,1,SCORE
2026-08-19 20:25:00+00:00,2026-08-19 20:40:00+00:00,SI=F,1.0,60.362485726088686,trend,66.64000213623046,66.82500183105469,66.57214736938477,1.6076444788014006,1.6076444788014006,1.5153401511783016,0.7490723797190394,0.05940859416397416,1479.0304674265626,signal_change,3,SCORE
2026-08-19 20:45:00+00:00,2026-08-19 20:50:00+00:00,SI=F,1.0,13.041695460333015,trend,66.82499969482421,66.8500033569336,66.6328566632952,1.6043564166738014,1.6043564166738014,0.797427652733119,0.7021232387507305,-0.4927904649131031,192.55214664430088,signal_change,1,SCORE
2026-08-19 20:55:00+00:00,2026-08-19 22:00:00+00:00,SI=F,1.0,73.13301668864044,trend,67.04000366210937,66.93285585675922,66.93785585675921,2.640159353680741,2.640159353680741,2.259663032705649,0.732820826417402,0.9338415887481661,-1427.6371993762423,stop,2,SCORE
2026-08-20 00:20:00+00:00,2026-08-20 00:25:00+00:00,SI=F,1.0,13.707959811930385,range,67.32999694824218,67.19499694824219,67.10285461425781,1.3552454990862945,1.3552454990862945,1.513399894902785,0.03418909313805403,-0.2442823880512844,-921.5669393786186,signal_change,1,SCORE
2026-08-20 01:00:00+00:00,2026-08-20 01:15:00+00:00,SI=F,-1.0,-75.46245141153318,range,66.88999664306641,66.79999816894531,67.02464185442243,-1.9436532093191592,1.9436532093191592,8.499408284023668,0.2884600336476388,5.8951166869485725,864.9108492499483,signal_change,3,SCORE
2026-08-20 01:20:00+00:00,2026-08-20 01:25:00+00:00,SI=F,-1.0,-2.61286030333235,range,66.82999908447266,66.94999969482421,67.19285308837891,-0.8483130758900607,0.8483130758900607,0.8594741613780598,0.14461576021634615,0.021890731719559055,-513.2319997595049,signal_change,1,SCORE
2026-08-20 02:05:00+00:00,2026-08-20 02:10:00+00:00,SI=F,1.0,25.87944821994474,range,67.24000061035156,67.24000274658204,66.83071629115513,0.7516392652345321,0.7516392652345321,1.7932489451476794,0.03545971372503751,1.3205991379705835,-3.750167952638968,signal_change,1,SCORE
2026-08-20 02:15:00+00:00,2026-08-20 02:20:00+00:00,SI=F,1.0,-26.66015498440954,range,67.42000091552734,67.16000091552735,67.04071755545479,0.8110897676481129,0.8110897676481129,1.9521711768407806,0.05150000982324704,1.659305110571035,-1058.4721467807506,signal_change,1,SCORE
2026-08-20 04:35:00+00:00,2026-08-20 04:40:00+00:00,SI=F,-1.0,-13.90078888246004,range,66.99999725341797,67.0300015258789,67.18499699183873,-1.6608801167266105,1.6608801167266105,1.443174984966927,0.116980480221109,-0.28284996988665123,-257.471898319652,signal_change,1,SCORE
2026-08-20 05:35:00+00:00,2026-08-20 05:45:00+00:00,SI=F,-1.0,-35.59373464510502,range,66.8449984741211,66.92499816894531,67.12427900041853,-2.199739996558965,2.199739996558965,2.7351955307262568,0.23391914622121687,0.7138570802678619,-890.8913420694207,signal_change,2,SCORE
2026-08-20 07:25:00+00:00,2026-08-20 07:35:00+00:00,SI=F,-1.0,-60.28958104430002,range,66.70999633789063,66.7749966430664,66.91178512573242,-1.4916802626820609,1.4916802626820609,1.8152866242038217,0.2072051431268415,2.174105165512807,-492.25676280845994,signal_change,2,SCORE
2026-08-20 10:10:00+00:00,2026-08-20 10:20:00+00:00,SI=F,1.0,53.78000938001046,range,67.0249966430664,66.99999725341797,66.82571358816963,1.5389575912534061,1.5389575912534061,2.2338251986379114,0.19327084588852275,0.6103118532015465,-200.05979033702064,signal_change,2,SCORE
2026-08-20 11:05:00+00:00,2026-08-20 11:10:00+00:00,SI=F,1.0,26.010760317305227,range,66.83999908447265,66.87499725341797,66.61714447021484,1.3758662805169015,1.3758662805169015,2.1498166579360922,0.07382089842649912,0.9690099021113634,233.88467125592422,signal_change,1,SCORE
2026-08-20 11:25:00+00:00,2026-08-20 11:30:00+00:00,SI=F,1.0,-23.617026951234983,range,66.92000091552734,66.80499755859375,66.67571642194476,1.2555033860394165,1.2555033860394165,1.8069683620344412,0.0055525414533247434,1.1081758422123666,-728.2130371102729,signal_change,1,SCORE
2026-08-20 11:45:00+00:00,2026-08-20 11:55:00+00:00,SI=F,-1.0,-70.26459939486571,range,66.66499816894532,66.39499938964843,66.76642608642578,-1.0779447330054603,1.0779447330054603,4.2537980339588914,0.14286184332290025,5.095225168638173,1449.8290866398722,signal_change,2,SCORE
2026-08-20 12:00:00+00:00,2026-08-20 12:20:00+00:00,SI=F,-1.0,-80.51911215470386,range,66.28500091552735,66.18500030517578,66.33999960763114,-1.6592005637139138,1.6592005637139138,3.844634628044766,0.4253401319446123,4.639000265455917,821.3093425167452,signal_change,4,SCORE
2026-08-20 12:35:00+00:00,2026-08-20 12:40:00+00:00,SI=F,-1.0,-27.116461818065158,range,66.06000244140625,66.31000030517578,66.49857491629464,-0.7005456345961225,0.7005456345961225,1.3885069399403296,0.2745104492348198,1.280517702711519,-879.1772887834551,signal_change,1,SCORE
2026-08-20 12:45:00+00:00,2026-08-20 12:50:00+00:00,SI=F,-1.0,-6.913857551699459,range,66.45000183105469,66.55500305175781,66.90428649902344,-0.6756387400402443,0.6756387400402443,0.842998585572843,0.14753998121147102,0.5042063554290201,-358.0926559929054,signal_change,1,SCORE
2026-08-20 13:05:00+00:00,2026-08-20 13:10:00+00:00,SI=F,-1.0,-3.3029552668569444,range,66.77000152587891,66.76999938964843,67.19428414481027,-0.7231193892155248,0.7231193892155248,0.9494609830877262,0.04924125295132517,0.7734183393520146,-3.6078731976858087,signal_change,1,SCORE
2026-08-20 13:35:00+00:00,2026-08-20 13:50:00+00:00,SI=F,1.0,71.19790907220056,range,67.005,67.37,67.00536237444196,0.7795520906174679,0.7795520906174679,2.666232921275211,0.20629339849387385,3.975306900123427,1418.7848049238269,signal_change,3,SCORE
2026-08-20 14:05:00+00:00,2026-08-20 14:10:00+00:00,SI=F,1.0,22.906498385350886,trend,67.28499877929687,67.45000183105469,66.83785958426338,0.6872631690440435,0.6872631690440435,0.7989829969807724,0.6337986657128735,0.3608544338763535,563.5662854198738,signal_change,1,SCORE
2026-08-20 14:15:00+00:00,2026-08-20 14:25:00+00:00,SI=F,1.0,30.76732101527232,trend,67.47999847412109,67.49999725341797,67.03785762241908,0.695478708196041,0.695478708196041,1.1406947703019754,0.5424798795264832,0.9584864461086788,66.06623241349318,signal_change,2,SCORE
2026-08-20 14:35:00+00:00,2026-08-20 14:45:00+00:00,SI=F,1.0,53.85139323407647,trend,67.71499908447265,67.81000244140625,67.20857295445033,1.2144818497031378,1.2144818497031378,1.7916174324042538,0.6894955216705162,2.134176383758034,570.8268540351313,signal_change,2,SCORE
2026-08-20 14:50:00+00:00,2026-08-20 15:25:00+00:00,SI=F,1.0,64.48095153237159,trend,68.01500213623046,68.80499755859375,68.20499856131417,0.6849155885388939,0.6849155885388939,1.2777522484080615,0.6971025426666395,1.2302715574155871,2701.976320312231,signal_change,7,SCORE
2026-08-20 17:25:00+00:00,2026-08-20 17:30:00+00:00,SI=F,-1.0,-5.757442897810488,range,68.10500061035157,68.18000305175781,68.36857003348214,-1.1711075928631267,1.1711075928631267,0.7932950371974763,0.3519565930857525,-0.643687197648908,-445.03518103491814,signal_change,1,SCORE
2026-08-20 18:15:00+00:00,2026-08-20 18:20:00+00:00,SI=F,-1.0,-6.074932135415279,range,67.85999786376954,67.96499908447265,68.11785614013672,-1.1964416838112122,1.1964416838112122,0.997411561691113,0.142853949037822,-0.6295381692776416,-634.1213949203996,signal_change,1,SCORE
2026-08-20 19:55:00+00:00,2026-08-20 20:00:00+00:00,SI=F,1.0,17.50838644169431,range,68.40999877929687,68.31499969482422,68.16571319580078,1.2620083570266123,1.2620083570266123,1.6989247311827957,0.05649690726093235,-0.3212430148022465,-605.758234356922,signal_change,1,SCORE
2026-08-20 23:05:00+00:00,2026-08-20 23:10:00+00:00,SI=F,1.0,21.958735661634396,range,68.4050015258789,68.35500061035157,68.25714385986328,2.083614876340677,2.083614876340677,4.497041420118343,0.13295348303903756,0.3380268977991254,-531.3313314987436,signal_change,1,SCORE
2026-08-20 23:15:00+00:00,2026-08-20 23:20:00+00:00,SI=F,1.0,14.317651167428107,range,68.44500244140625,68.38999664306641,68.30428915841239,2.1880838821632382,2.1880838821632382,1.4169741697416975,0.25806213442496534,-0.3228269473449288,-612.7269232753843,signal_change,1,SCORE
2026-08-21 00:35:00+00:00,2026-08-21 00:45:00+00:00,SI=F,-1.0,-62.226842609005686,range,68.04500305175782,68.13499725341796,68.22928780691964,-1.6695792977113493,1.6695792977113493,2.0052219321148823,0.2139316323664493,0.9079348921934223,-759.6101765177668,signal_change,2,SCORE
2026-08-21 01:05:00+00:00,2026-08-21 01:10:00+00:00,SI=F,-1.0,1.5025566814929423,range,68.21500122070313,68.26500213623046,68.48143057686943,-1.1538223601318953,1.1538223601318953,0.886576482830385,0.0037771917500604582,-0.07820322637043092,-294.22998361318355,signal_change,1,SCORE
2026-08-21 01:15:00+00:00,2026-08-21 01:25:00+00:00,SI=F,1.0,67.20605985854928,range,68.48500335693359,68.495,68.23142787388393,1.0052100240960014,1.0052100240960014,5.4050582095543955,0.11332980692938376,4.958464777484681,45.217578967872484,signal_change,2,SCORE
2026-08-21 01:35:00+00:00,2026-08-21 01:40:00+00:00,SI=F,1.0,13.67940811141344,range,68.73500335693359,68.48499786376954,68.3578584071568,1.6297447142297976,1.6297447142297976,1.1917132522196647,0.11675154425575586,0.5992626616725752,-2045.3743786337982,signal_change,1,SCORE
2026-08-21 02:35:00+00:00,2026-08-21 02:40:00+00:00,SI=F,1.0,10.154261689524297,range,68.76500213623046,68.79500305175782,68.43357469831194,0.9251168674859077,0.9251168674859077,0.725034965034965,0.2910467731374726,0.1718378353786071,134.14618063444044,signal_change,1,SCORE
2026-08-21 02:45:00+00:00,2026-08-21 02:55:00+00:00,SI=F,1.0,64.41378054632257,range,68.97500122070312,68.995,68.66928811209542,1.003084446479522,1.003084446479522,1.712531969309463,0.3380559366526591,1.8400709903060328,95.28690007400789,signal_change,2,SCORE
2026-08-21 04:25:00+00:00,2026-08-21 04:30:00+00:00,SI=F,1.0,23.289906349864463,range,69.11000335693359,69.20999633789063,68.92750113351005,1.4960484708517745,1.4960484708517745,0.5970149253731343,0.3048441718218138,-0.4699050401153665,740.4914889291952,signal_change,1,SCORE
2026-08-21 05:35:00+00:00,2026-08-21 05:40:00+00:00,SI=F,1.0,29.83025427601477,range,69.08500183105468,68.92999755859375,68.8685755266462,1.418259151097028,1.418259151097028,2.486426592797784,0.08148432819794056,0.687305684801487,-1106.272435139729,signal_change,1,SCORE
2026-08-21 06:00:00+00:00,2026-08-21 06:05:00+00:00,SI=F,1.0,23.178971914370283,range,69.22500122070312,68.99999725341797,68.94285858154296,1.0865475432060612,1.0865475432060612,2.0486461679669574,0.005918548849472026,0.7341637239347534,-1227.8202770424984,signal_change,1,SCORE
2026-08-21 06:20:00+00:00,2026-08-21 06:25:00+00:00,SI=F,-1.0,-10.906586268480593,range,69.03999816894532,68.86999786376953,69.37071171351842,-0.925670143662677,0.925670143662677,1.289002557544757,0.12121702540864218,0.19467517401920728,782.1926838555505,signal_change,1,SCORE
2026-08-21 06:35:00+00:00,2026-08-21 06:40:00+00:00,SI=F,-1.0,11.547764918803082,range,69.02000152587891,69.14499938964843,69.37142996651787,-0.871885670944658,0.871885670944658,1.2798854688618468,0.039997558565810006,0.4587962765422246,-549.2786599514172,signal_change,1,SCORE
2026-08-21 06:45:00+00:00,2026-08-21 06:50:00+00:00,SI=F,-1.0,-28.980300318048766,range,68.9699984741211,69.01999938964843,69.28856820242746,-0.9612124034900925,0.9612124034900925,2.143495087823757,0.033019156509002445,2.0499168995186063,-245.11356297112266,signal_change,1,SCORE
2026-08-21 07:05:00+00:00,2026-08-21 07:10:00+00:00,SI=F,1.0,16.17663915454349,range,69.11500061035156,68.98000061035157,68.78785980224609,0.9357664250154007,0.9357664250154007,0.43237756914488706,0.011907465099592186,-0.5663109168571752,-636.3211690104299,signal_change,1,SCORE
2026-08-21 07:50:00+00:00,2026-08-21 07:55:00+00:00,SI=F,1.0,11.325158218897453,range,69.43999755859375,69.28999816894532,69.13928388323102,2.0345245137213364,2.0345245137213364,1.0119070856919774,0.07874193131745179,0.6480270524458321,-1536.0597989834366,signal_change,1,SCORE
2026-08-21 08:25:00+00:00,2026-08-21 08:45:00+00:00,SI=F,1.0,67.31141311927006,range,69.57499969482421,69.8500033569336,69.44999967302594,0.9354805554875549,0.9354805554875549,1.8445341287945254,0.3346766874732739,2.169023540874756,1281.6254901785546,signal_change,4,SCORE
2026-08-21 08:55:00+00:00,2026-08-21 09:00:00+00:00,SI=F,1.0,4.957124032274174,range,69.82000244140625,69.87,69.50857600620814,0.9819834975336463,0.9819834975336463,0.5058168942842691,0.4261180960347126,-0.3430859315084857,240.57396979254662,signal_change,1,SCORE
2026-08-21 09:10:00+00:00,2026-08-21 09:25:00+00:00,SI=F,1.0,57.129184873880796,range,69.97500122070312,69.76499664306641,69.67928915841239,1.0344516168195494,1.0344516168195494,1.3356260747225261,0.4868086912611696,1.2165080513151676,-1091.370132463102,signal_change,3,SCORE
2026-08-21 09:40:00+00:00,2026-08-21 09:45:00+00:00,SI=F,1.0,-2.8425304792484094,range,69.58500183105468,69.52499877929688,69.28643201555523,1.023271025881398,1.023271025881398,0.6072210065645514,0.15111338675057898,-0.16307325545066603,-312.11327677051753,signal_change,1,SCORE
2026-08-21 11:25:00+00:00,2026-08-21 11:40:00+00:00,SI=F,1.0,50.7545479350188,range,70.0300015258789,69.93500244140625,69.78857260567801,2.530008430658048,2.530008430658048,3.0668385196096484,0.40163970307741376,2.958061460938158,-1214.392465256257,signal_change,3,SCORE
2026-08-21 11:45:00+00:00,2026-08-21 11:50:00+00:00,SI=F,1.0,26.919924396035757,range,69.91500366210937,69.93999969482422,69.6435759626116,1.1236272678062926,1.1236272678062926,1.4683461475543922,0.3833359824522364,0.7546697076829052,134.8129833879026,signal_change,1,SCORE
2026-08-21 12:40:00+00:00,2026-08-21 12:50:00+00:00,SI=F,-1.0,-36.621193814226004,range,69.23000061035157,69.50999725341796,69.56357299804688,-0.9144364467493857,0.9144364467493857,2.235453983940704,0.04927995187884792,2.8868072351068514,-1284.767859170708,signal_change,2,SCORE
2026-08-21 13:05:00+00:00,2026-08-21 13:10:00+00:00,SI=F,-1.0,-9.018869877970976,range,69.40500366210938,69.50000274658203,69.76429037911552,-0.8477382151088446,0.8477382151088446,1.0037420206911734,0.11602223917652663,0.5112821751611064,-406.9104626146255,signal_change,1,SCORE
2026-08-21 13:35:00+00:00,2026-08-21 13:40:00+00:00,SI=F,-1.0,-23.4526360385306,range,69.3449984741211,69.58999908447265,69.75571166992188,-0.7412439255369213,0.7412439255369213,1.5194805194805194,0.15384801273177315,1.537830570295002,-911.7322905073203,signal_change,1,SCORE
2026-08-21 14:05:00+00:00,2026-08-21 14:10:00+00:00,SI=F,-1.0,5.226831849030786,range,69.54500305175782,69.63,70.03500091552735,-0.620654859357814,0.620654859357814,1.026351782620589,0.0053857406626159465,0.5937661404725845,-266.87211908225225,signal_change,1,SCORE
2026-08-21 14:40:00+00:00,2026-08-21 14:45:00+00:00,SI=F,-1.0,-17.235846008133706,range,69.03500091552735,69.07000244140625,69.59357177734375,-1.088585784776427,1.088585784776427,1.3714285714285714,0.10334580086887765,1.4205942845113948,-195.95374651014055,signal_change,1,SCORE
2026-08-21 16:55:00+00:00,2026-08-21 17:00:00+00:00,SI=F,1.0,16.386699310894464,range,69.99499786376953,69.96500122070313,69.67428427559989,0.947753938039478,0.947753938039478,1.0900733282258948,0.45508951944118303,-0.1262649420704885,-146.88595266090994,signal_change,1,SCORE
2026-08-21 17:25:00+00:00,2026-08-21 17:30:00+00:00,SI=F,1.0,1.668038667639418,range,69.56000030517578,69.64999877929688,69.23285949707031,0.9289766013818154,0.9289766013818154,1.0014771048744462,0.08401012289726582,-0.09331232554966319,413.3875000859479,signal_change,1,SCORE
2026-08-21 19:30:00+00:00,2026-08-21 19:50:00+00:00,SI=F,-1.0,-31.586098035048003,range,69.46500122070313,69.47500122070312,69.58071953909737,-1.6498676019414125,1.6498676019414125,1.1162790697674418,0.1721313013188916,-0.7131736407008289,-90.74271810670261,signal_change,4,SCORE
2026-08-21 20:20:00+00:00,2026-08-21 20:30:00+00:00,SI=F,-1.0,-61.28652238966882,trend,69.15500366210938,69.05500305175781,69.34393201555524,-2.8953873674407236,2.8953873674407236,1.854004252303331,0.5111020689577223,-0.20179536985441848,1433.2255829043086,signal_change,2,SCORE
2026-08-21 20:35:00+00:00,2026-08-21 20:45:00+00:00,SI=F,-1.0,-64.96248763237881,range,68.9699984741211,69.01999938964843,69.1835724748884,-1.4258323092735468,1.4258323092735468,1.9203109815354713,0.4863741613726771,-0.025601071714161483,-363.59376580702326,signal_change,2,SCORE
2026-08-24 00:10:00+00:00,2026-08-24 00:15:00+00:00,SI=F,1.0,31.283858424249054,range,69.58500183105468,69.37785993303571,69.3828599330357,1.505840480770717,1.505840480770717,2.727650727650728,0.09540190221493734,1.1002635166578456,-1567.1424789071125,stop,2,SCORE
2026-08-24 00:20:00+00:00,2026-08-24 00:25:00+00:00,SI=F,-1.0,-28.028745481257893,range,69.30000030517579,69.16500366210937,69.44928359985352,-1.1559389801596514,1.1559389801596514,2.278846153846154,0.0855437576237695,0.9693163235930261,774.4597146550449,signal_change,1,SCORE
2026-08-24 00:30:00+00:00,2026-08-24 00:40:00+00:00,SI=F,-1.0,-60.69348933258663,range,68.98499786376954,68.79500091552734,69.22963878086635,-0.9039587500176417,0.9039587500176417,2.3738995339202487,0.21519075358870157,1.3507625317535412,854.2272254508246,signal_change,2,SCORE
2026-08-24 01:05:00+00:00,2026-08-24 01:10:00+00:00,SI=F,1.0,-5.578294117617055,range,69.18500030517578,69.06499969482422,68.70785688127789,0.6379947374552266,0.6379947374552266,0.8651766402307138,0.03618792960632439,-0.13023736330495592,-385.9887631658075,signal_change,1,SCORE
2026-08-24 01:30:00+00:00,2026-08-24 01:45:00+00:00,SI=F,-1.0,-38.43146189992909,range,68.60500061035157,68.59499633789062,69.10142896379743,-1.2258763838890419,1.2258763838890419,2.0826446280991737,0.1663867097843007,2.184237932964141,55.19062481988445,signal_change,3,SCORE
2026-08-24 02:05:00+00:00,2026-08-24 02:10:00+00:00,SI=F,-1.0,2.762814968346853,range,69.02000152587891,69.14000213623046,69.495,-0.6406319823928904,0.6406319823928904,0.7359289893080493,0.16917996585320969,0.151346399688499,-387.5843044013268,signal_change,1,SCORE
2026-08-24 05:30:00+00:00,2026-08-24 05:40:00+00:00,SI=F,-1.0,-69.30024446479364,range,68.77000152587891,68.70499694824218,68.93321337018695,-1.5046869680496033,1.5046869680496033,4.462876254180602,0.3739773354587802,1.4712645778695512,481.5342693275173,signal_change,2,SCORE
2026-08-24 06:10:00+00:00,2026-08-24 06:30:00+00:00,SI=F,1.0,55.272060269772595,range,69.17499816894531,69.01499664306641,68.95678438459124,1.019284726956373,1.019284726956373,2.607106598984772,0.1999959310102793,0.9798055332314801,-820.5319817251556,signal_change,4,SCORE
2026-08-24 06:40:00+00:00,2026-08-24 06:45:00+00:00,SI=F,1.0,-7.736456759016024,range,69.18000305175781,69.03000366210938,68.83928737095424,0.8923713451838513,0.8923713451838513,0.5936395759717314,0.06403737235933689,-0.5289156872421891,-673.7376423125429,signal_change,1,SCORE
2026-08-24 07:05:00+00:00,2026-08-24 07:10:00+00:00,SI=F,1.0,-11.285701025465356,range,69.07000244140625,69.07500183105469,68.7628593662807,0.9891452122269409,0.9891452122269409,0.46503178928247046,0.059701889098493506,-0.5663179687518255,19.779885612954686,signal_change,1,SCORE
2026-08-24 08:10:00+00:00,2026-08-24 08:15:00+00:00,SI=F,-1.0,-8.925590947390269,range,68.8500033569336,68.78499877929687,69.13000322614398,-1.0850577396548569,1.0850577396548569,0.9057815845824412,0.27899512582452013,0.4194984915292346,347.24331169035855,signal_change,1,SCORE
2026-08-24 08:20:00+00:00,2026-08-24 08:25:00+00:00,SI=F,-1.0,5.752485161277723,range,68.76499664306641,68.75999725341796,69.04713819231306,-1.0772520430248838,1.0772520430248838,0.28738512949039263,0.31271564154999737,-0.8333855965105579,21.541753348208317,signal_change,1,SCORE
2026-08-24 08:30:00+00:00,2026-08-24 08:35:00+00:00,SI=F,-1.0,-5.924056855738028,range,68.63999664306641,68.74000061035156,68.92642373221261,-1.0611604540193684,1.0611604540193684,0.7232876712328766,0.2794080523283537,-0.05836684281058599,-535.9070789103209,signal_change,1,SCORE
2026-08-24 10:15:00+00:00,2026-08-24 10:20:00+00:00,SI=F,1.0,0.611594437690659,range,68.96999633789062,68.93500244140625,68.78999821254185,1.687559422608656,1.687559422608656,0.8862629246676514,0.10959104543126784,-0.4866287657248257,-303.7091958429613,signal_change,1,SCORE
2026-08-24 11:05:00+00:00,2026-08-24 11:10:00+00:00,SI=F,1.0,13.809746224275749,range,68.86000335693359,68.81499969482422,68.66786032540458,1.580339561884198,1.580339561884198,1.3742149981529368,0.01961194967612608,0.25666535820450886,-363.5070361149199,signal_change,1,SCORE
2026-08-24 11:35:00+00:00,2026-08-24 11:35:00+00:00,SI=F,1.0,79.91261318877756,range,69.07499969482421,69.11357278006417,69.11857278006417,1.1484748984988855,1.1484748984988855,6.633304572907679,0.48116935767047814,6.284481493029009,215.7587262862674,stop,1,SCORE
2026-08-24 11:40:00+00:00,2026-08-24 11:50:00+00:00,SI=F,1.0,45.614686785670486,range,69.29000366210937,69.07500183105469,69.00321360996791,2.1093849597010905,2.1093849597010905,2.6853582554517135,0.41125569720589206,2.111882161098983,-2278.155068473173,signal_change,2,SCORE
2026-08-24 12:35:00+00:00,2026-08-24 12:40:00+00:00,SI=F,1.0,12.454690721123026,range,69.11000335693359,69.32999908447266,68.70928301130023,0.7089000944743564,0.7089000944743564,1.104461942257218,0.18204130089839157,0.6131926859760944,776.2304597096413,signal_change,1,SCORE
2026-08-24 12:45:00+00:00,2026-08-24 12:50:00+00:00,SI=F,1.0,17.7848584010281,range,69.13499725341796,69.17500030517579,68.72142521449497,0.7328199690032628,0.7328199690032628,1.3512851897184823,0.15935216052210563,1.1170893494903928,142.9110759009974,signal_change,1,SCORE
2026-08-24 13:05:00+00:00,2026-08-24 13:20:00+00:00,SI=F,1.0,56.21758933287978,range,69.5300015258789,69.66499816894532,69.26285934448242,0.691161981847229,0.691161981847229,1.6133651551312649,0.3159833798942099,1.6657129508482247,463.0669269132969,signal_change,3,SCORE
2026-08-24 13:35:00+00:00,2026-08-24 13:40:00+00:00,SI=F,1.0,30.771580095032757,range,69.56000030517578,69.0135726928711,69.01857269287109,0.5601597224680773,0.5601597224680773,1.8718796992481204,0.011723931696021225,2.2609415489692504,-1533.2344968997672,stop,2,SCORE
2026-08-24 13:45:00+00:00,2026-08-24 13:50:00+00:00,SI=F,-1.0,34.67172082472562,range,68.86500274658204,69.14499938964843,69.45357456752232,-0.5143795509740282,0.5143795509740282,2.0010804970286333,0.01709548474882788,2.495874546925182,-722.6946354285133,signal_change,1,SCORE
2026-08-24 13:50:00+00:00,2026-08-24 13:55:00+00:00,SI=F,1.0,-27.012206551137332,range,69.14499938964843,68.99999725341797,68.5550008719308,0.5127069929243512,0.5127069929243512,1.7481832009464255,0.06837541814925348,2.1243739353095283,-374.2815811362522,signal_change,1,SCORE
2026-08-24 15:50:00+00:00,2026-08-24 15:55:00+00:00,SI=F,-1.0,-1.0767733854563248,range,68.56499969482422,68.61500061035156,68.94928248814175,-0.7868303565848153,0.7868303565848153,0.8385642448413387,0.14102572462586807,-0.1420397002937442,-200.64534275262386,signal_change,1,SCORE
2026-08-24 16:00:00+00:00,2026-08-24 16:05:00+00:00,SI=F,-1.0,-21.868671545766844,range,68.55000030517579,68.75000274658203,68.9535691179548,-0.7490547630373986,0.7490547630373986,1.6092069051788842,0.06563606478181208,1.2102815744821154,-752.8091805874519,signal_change,1,SCORE
2026-08-24 17:25:00+00:00,2026-08-24 17:30:00+00:00,SI=F,-1.0,-10.392674435681263,range,68.56999694824219,68.5300015258789,68.84071184430805,-1.1156817101737921,1.1156817101737921,0.9926112813119481,0.32093000149038703,-0.15987682847804774,217.53239755612555,signal_change,1,SCORE
2026-08-24 19:50:00+00:00,2026-08-24 19:55:00+00:00,SI=F,1.0,2.1887102168472303,range,68.83500183105468,68.82999908447266,68.66428758893694,1.769669541355781,1.769669541355781,0.7588344699318041,0.2716012753311952,-0.7141314017931247,-53.114388953410646,signal_change,1,SCORE
2026-08-24 22:00:00+00:00,2026-08-24 22:05:00+00:00,SI=F,1.0,-11.889969313476769,range,68.96999633789062,68.98000061035157,68.88535744803292,2.5946720104433973,2.5946720104433973,0.0,0.4210522088998466,-0.8810545597713098,116.8156686441221,signal_change,1,SCORE
2026-08-24 22:10:00+00:00,2026-08-24 22:15:00+00:00,SI=F,1.0,1.6002493040335808,range,69.11000335693359,69.04500305175782,68.9685761805943,2.136294436611589,2.136294436611589,0.4061895551257253,0.44736754047235033,-0.6933817807884904,-704.9804238083457,signal_change,1,SCORE
2026-08-24 22:50:00+00:00,2026-08-24 23:05:00+00:00,SI=F,1.0,38.467141760813654,range,69.18000305175781,69.21500122070313,69.03607395717076,2.0221886418131834,2.0221886418131834,0.986784140969163,0.4023010681024958,-0.460104753740119,343.75355541837513,signal_change,3,SCORE
2026-08-24 23:15:00+00:00,2026-08-24 23:25:00+00:00,SI=F,1.0,53.23781934139783,trend,69.35000122070312,69.35999786376954,69.22142957414898,2.348913377789093,2.348913377789093,1.3468433359314107,0.5505550555055505,-0.29634258178385,105.66167626948246,signal_change,2,SCORE
2026-08-24 23:40:00+00:00,2026-08-25 00:00:00+00:00,SI=F,1.0,57.73023145177235,trend,69.43999755859375,69.62857053484235,69.63357053484235,4.085559448099791,4.085559448099791,1.4187192118226601,0.6086988250748011,-0.2368097641196089,3831.702726603489,stop,5,SCORE
2026-08-25 00:05:00+00:00,2026-08-25 00:15:00+00:00,SI=F,1.0,38.45676964265849,range,69.56499755859375,69.61500274658204,69.31785422188895,1.2275537838948345,1.2275537838948345,2.397365532381998,0.35999755859375,0.9991860407762195,300.7825197275175,signal_change,2,SCORE
2026-08-25 01:05:00+00:00,2026-08-25 01:10:00+00:00,SI=F,1.0,0.7101722803524904,range,69.35000122070312,69.50500213623047,68.94428636823382,0.7480303227036392,0.7480303227036392,0.8194662480376765,0.161677905085613,0.021617137985611382,575.9867726929082,signal_change,1,SCORE
2026-08-25 01:55:00+00:00,2026-08-25 02:25:00+00:00,SI=F,-1.0,-48.02397143666623,range,68.95000183105469,68.29500091552734,68.629638671875,-0.7565223738459581,0.7565223738459581,1.1557117750439367,0.46153592218052975,0.7855371910907986,2473.8316255609147,signal_change,6,SCORE
2026-08-25 02:35:00+00:00,2026-08-25 03:00:00+00:00,SI=F,-1.0,-32.311398622485605,trend,68.09000122070313,67.75000274658203,68.45893151419503,-0.5459353752809999,0.5459353752809999,1.250092353158478,0.5547885612760788,0.781222637447625,925.3562959449528,signal_change,5,SCORE
2026-08-25 05:20:00+00:00,2026-08-25 05:25:00+00:00,SI=F,1.0,17.35785465662921,range,68.15999877929687,68.14999877929688,67.94500135149273,1.418055677573039,1.418055677573039,1.4718614718614718,0.2748969592335469,-0.367999503840574,-77.99306226645267,signal_change,1,SCORE
2026-08-25 05:30:00+00:00,2026-08-25 05:30:00+00:00,SI=F,1.0,24.10431201243432,range,68.28499877929687,68.03857312883649,68.04357312883648,1.2627118328484381,1.2627118328484381,4.180546726001271,0.06153277346432155,0.5530215440148135,-1562.1364829327235,stop,1,SCORE
2026-08-25 06:15:00+00:00,2026-08-25 06:20:00+00:00,SI=F,1.0,8.242478493589722,range,68.32000244140625,68.28500091552735,68.02571707589286,1.034044887993511,1.034044887993511,1.1787296898079764,0.21194095114030254,-0.19194353221068713,-186.13596897519847,signal_change,1,SCORE
2026-08-25 06:25:00+00:00,2026-08-25 06:35:00+00:00,SI=F,1.0,34.60933702147848,range,68.44999969482421,68.55000030517579,68.13928497314453,0.9791590452702181,0.9791590452702181,2.8396946564885495,0.34463228131276996,0.9668415909521861,484.68671556506854,signal_change,2,SCORE
2026-08-25 08:05:00+00:00,2026-08-25 08:15:00+00:00,SI=F,-1.0,-48.883358660356656,range,67.91000091552735,67.81000030517578,68.06642586844308,-2.3942279274077323,2.3942279274077323,1.28719723183391,0.2722050008525671,1.1223327136946921,1185.1501306707191,signal_change,2,SCORE
2026-08-25 08:25:00+00:00,2026-08-25 08:30:00+00:00,SI=F,-1.0,-29.219972285863047,range,68.16000091552735,68.00999725341796,68.47357177734375,-0.9358623483782288,0.9358623483782288,1.7170641352164853,0.22926684034238928,1.6757868086071852,697.2345856932217,signal_change,1,SCORE
2026-08-25 09:05:00+00:00,2026-08-25 09:10:00+00:00,SI=F,-1.0,-20.617283272939726,range,67.58499633789063,67.81000030517578,67.95428519112724,-0.8260948104951318,0.8260948104951318,1.4136763710223426,0.24346280314264399,1.1059922959680935,-933.503522627858,signal_change,1,SCORE
2026-08-25 11:25:00+00:00,2026-08-25 11:30:00+00:00,SI=F,1.0,-5.638522597343611,range,68.005,68.03500091552735,67.71371080671038,1.046179830971431,1.046179830971431,0.6152053597436645,0.08450863138892023,-0.7782277869746976,151.70086452211373,signal_change,1,SCORE
2026-08-25 12:45:00+00:00,2026-08-25 12:50:00+00:00,SI=F,1.0,22.390891188571096,range,67.94999969482421,68.09000122070313,67.73535646711078,1.1439907817848756,1.1439907817848756,1.5272727272727273,0.1713182771512812,1.062771605770553,795.0823212975549,signal_change,1,SCORE
2026-08-25 13:05:00+00:00,2026-08-25 13:10:00+00:00,SI=F,-1.0,-24.625724949276723,range,67.82999908447266,67.76999938964843,68.18285858154297,-0.8645714672482983,0.8645714672482983,1.6415868673050615,0.044025277947054506,1.2489578764382254,255.04726360692246,signal_change,1,SCORE
2026-08-25 13:15:00+00:00,2026-08-25 13:20:00+00:00,SI=F,-1.0,-22.31594335545236,range,67.46500122070313,67.67499816894531,67.87000217982701,-1.5069668986314406,1.5069668986314406,1.456636320076665,0.11274753632402715,1.0657243806178953,-1589.827083566071,signal_change,1,SCORE
2026-08-25 13:30:00+00:00,2026-08-25 13:40:00+00:00,SI=F,-1.0,-39.46538508823814,range,67.45000183105469,67.6499966430664,67.90428867885045,-0.670512654406709,0.670512654406709,2.0705226480836236,0.15010823174174068,2.323771556879429,-673.8478246197448,signal_change,2,SCORE
2026-08-25 13:55:00+00:00,2026-08-25 14:00:00+00:00,SI=F,-1.0,-9.042694392022717,range,67.45999633789063,67.6550015258789,67.97070909772602,-0.5959695104094969,0.5959695104094969,0.9398679179701077,0.14917186068600397,0.5658594087794606,-584.0655796154597,signal_change,1,SCORE
2026-08-25 14:05:00+00:00,2026-08-25 14:10:00+00:00,SI=F,-1.0,-16.454701366352033,range,67.81499969482422,67.85000122070312,68.3449984741211,-0.573897190649439,0.573897190649439,1.3782031491200988,0.03770059775253812,1.498393901783818,-103.30587280496076,signal_change,1,SCORE
2026-08-25 15:20:00+00:00,2026-08-25 15:25:00+00:00,SI=F,1.0,9.363470205281157,range,68.37500274658203,68.33499633789063,68.01928876604352,0.8549808837151014,0.8549808837151014,0.7233174711080897,0.3741453760345448,-0.061509382561480704,-175.29847770476678,signal_change,1,SCORE
2026-08-25 15:35:00+00:00,2026-08-25 15:55:00+00:00,SI=F,1.0,71.65394612242159,range,68.49000061035156,68.70000183105469,68.39356776646206,0.824988210133908,0.824988210133908,1.9026078929148398,0.4931475352726006,1.8851800473944225,862.1177149184025,signal_change,4,SCORE
2026-08-25 17:50:00+00:00,2026-08-25 17:55:00+00:00,SI=F,1.0,-10.16818203527793,range,68.95499694824218,68.85999786376954,68.72856850760323,1.3442173576109198,1.3442173576109198,0.4977152899824253,0.10457972633342642,-1.1114218945838967,-645.2181783144462,signal_change,1,SCORE
2026-08-25 19:05:00+00:00,2026-08-25 19:25:00+00:00,SI=F,1.0,60.99360161027129,range,68.94999969482421,69.1000033569336,69.02392741612026,1.8593962781471804,1.8593962781471804,1.867572156196944,0.3662582966511984,0.27621397044273727,1385.2842737824444,signal_change,4,SCORE
2026-08-25 19:55:00+00:00,2026-08-25 20:00:00+00:00,SI=F,1.0,28.426493467823153,range,69.005,68.94499694824219,68.77214324951171,1.3082208811137563,1.3082208811137563,1.925537493445202,0.0530636140556296,0.5571577956773673,-399.02733060610825,signal_change,1,SCORE
2026-08-25 22:00:00+00:00,2026-08-25 22:00:00+00:00,SI=F,-1.0,23.55233856174329,range,68.62499725341797,68.80428314208984,68.79928314208985,-1.7470628635035867,1.7470628635035867,0.0,0.05160880672169637,-1.288900095471703,-1574.853904561834,stop,1,SCORE
2026-08-26 00:05:00+00:00,2026-08-26 00:10:00+00:00,SI=F,-1.0,0.8752750089622481,range,68.75500213623047,68.81000030517578,68.87214603969029,-2.594562720619963,2.594562720619963,0.7100591715976331,0.07284687907357444,-0.5930599181373204,-726.4538078423136,signal_change,1,SCORE
2026-08-26 00:25:00+00:00,2026-08-26 00:45:00+00:00,SI=F,-1.0,-51.23771285026339,range,68.57999908447266,68.47999847412109,68.70607267107282,-3.9733945256425036,3.9733945256425036,1.3158522050059593,0.4268887917265256,-0.37745702300821943,1966.842416031006,signal_change,4,SCORE
2026-08-26 00:55:00+00:00,2026-08-26 01:05:00+00:00,SI=F,-1.0,-41.44990205770083,trend,68.42000305175782,68.57643238612583,68.57143238612584,-2.8313377714301295,2.8313377714301295,1.5958549222797926,0.7222226931717035,-0.1106582013468657,-2228.678103636299,stop,3,SCORE
2026-08-26 01:10:00+00:00,2026-08-26 01:15:00+00:00,SI=F,-1.0,-22.773913156001072,range,68.53999816894532,68.57000244140625,68.81499969482422,-1.1039622510132283,1.1039622510132283,1.5156695156695157,0.4090915396246307,0.34076451745782155,-171.13773208496983,signal_change,1,SCORE
2026-08-26 01:20:00+00:00,2026-08-26 01:30:00+00:00,SI=F,-1.0,-35.49840067977263,range,68.63499938964844,68.57999694824218,68.94285635811943,-0.9859494389315091,0.9859494389315091,2.808413001912046,0.2595757390801836,1.7138458145631161,266.21838402716423,signal_change,2,SCORE
2026-08-26 01:50:00+00:00,2026-08-26 02:05:00+00:00,SI=F,1.0,66.65905763061545,range,69.04000366210937,69.42000305175782,68.84071459089007,1.5714429783858959,1.5714429783858959,2.3642384105960264,0.22856794084821427,2.362566669657194,2977.8796483779583,signal_change,3,SCORE
2026-08-26 02:35:00+00:00,2026-08-26 02:40:00+00:00,SI=F,1.0,23.23081592029015,trend,69.60499847412109,69.53999816894532,69.19571415492466,1.488778462095161,1.488778462095161,0.987012987012987,0.5034516626911744,0.6973439898887355,-491.2991641869868,signal_change,1,SCORE
2026-08-26 02:45:00+00:00,2026-08-26 02:50:00+00:00,SI=F,1.0,12.294937357641146,trend,69.63,69.61500274658204,69.24071450369698,0.7821891332472933,0.7821891332472933,0.6030150753768845,0.5242538825594057,0.10270942895618512,-62.56438892665582,signal_change,1,SCORE
2026-08-26 04:45:00+00:00,2026-08-26 04:55:00+00:00,SI=F,-1.0,-40.178724662935,range,69.05499755859375,69.01500213623046,69.18214688982282,-1.9734187429558332,1.9734187429558332,0.9645635263612792,0.49003921091826497,-0.3672325906335218,384.7714869059812,signal_change,2,SCORE
2026-08-26 05:35:00+00:00,2026-08-26 05:40:00+00:00,SI=F,-1.0,-16.10085067341868,range,69.25999938964844,69.19999969482421,69.4532105582101,-1.2579669533121371,1.2579669533121371,1.4687999999999999,0.2249992052643291,0.07228639080863489,371.09833172189883,signal_change,1,SCORE
2026-08-26 06:20:00+00:00,2026-08-26 06:35:00+00:00,SI=F,-1.0,-48.15585927191457,range,68.85999786376954,68.76500213623046,69.12464468819755,-0.9000705433550394,0.9000705433550394,1.578742709008425,0.22188571084035602,0.6900518600481886,423.013927795722,signal_change,3,SCORE
2026-08-26 07:05:00+00:00,2026-08-26 07:10:00+00:00,SI=F,-1.0,-4.206620080843153,range,68.92000305175782,68.88,69.21000287737165,-1.0513302760398995,1.0513302760398995,0.8855614973262032,0.1534693291736383,0.10594206261262241,205.02544585474527,signal_change,1,SCORE
2026-08-26 07:35:00+00:00,2026-08-26 07:40:00+00:00,SI=F,-1.0,-28.355752655425288,range,68.82999908447266,68.81499755859375,69.05642861502511,-1.3468091148540462,1.3468091148540462,1.594165147173743,0.197863755237594,1.509402996928886,94.28691337794,signal_change,1,SCORE
2026-08-26 08:20:00+00:00,2026-08-26 08:25:00+00:00,SI=F,-1.0,-16.790590324982787,range,68.57500183105469,68.54500091552734,68.78714477539063,-1.4376643870695343,1.4376643870695343,1.2606541129831517,0.1487917042856615,0.949785769459911,208.46791723043532,signal_change,1,SCORE
2026-08-26 09:45:00+00:00,2026-08-26 09:50:00+00:00,SI=F,-1.0,14.810115245711643,range,68.5949984741211,68.64499938964843,68.74499564034599,-2.033793887502554,2.033793887502554,0.1978891820580475,0.17875229438952653,-1.3672342020429362,-518.6267512826365,signal_change,1,SCORE
2026-08-26 11:05:00+00:00,2026-08-26 11:10:00+00:00,SI=F,-1.0,-5.607362877774924,range,68.495,68.505,68.65643035888672,-1.8886274090605206,1.8886274090605206,1.1474452554744525,0.06849219620958752,-0.047328567175709074,-103.87450749824274,signal_change,1,SCORE
2026-08-26 11:25:00+00:00,2026-08-26 11:30:00+00:00,SI=F,-1.0,12.675830978611586,range,68.39500152587891,68.49000061035156,68.56500405447824,-1.793181824305583,1.793181824305583,1.590801487994589,0.026792100656007956,0.7176872404639214,-860.7190671316359,signal_change,1,SCORE
2026-08-26 11:55:00+00:00,2026-08-26 12:00:00+00:00,SI=F,-1.0,-0.2647805955111818,range,68.53500091552735,68.64499938964843,68.71000287737165,-1.7402330207460959,1.7402330207460959,0.9951923076923077,0.029285764449750683,-0.03727889695271093,-965.8160495897126,signal_change,1,SCORE
2026-08-26 12:05:00+00:00,2026-08-26 12:10:00+00:00,SI=F,1.0,13.536328859848979,range,68.76999938964843,68.68999969482422,68.58142691476004,1.6132055182470404,1.6132055182470404,1.355525238744884,0.08880850261582693,0.839268162996416,-653.3457733337063,signal_change,1,SCORE
2026-08-26 12:30:00+00:00,2026-08-26 12:30:00+00:00,SI=F,1.0,42.16478298986442,range,68.92499816894531,68.66714259556362,68.67214259556361,1.2021783106988224,1.2021783106988224,4.174589455488332,0.25409928332895576,5.70673938691414,-1555.952779614875,stop,1,SCORE
2026-08-26 12:35:00+00:00,2026-08-26 12:45:00+00:00,SI=F,1.0,36.01704060590501,range,68.85499847412109,68.81999694824219,68.58857238769531,1.1389008736216701,1.1389008736216701,2.1501094963169423,0.16936158692656034,2.462229251360938,-205.0108463759457,signal_change,2,SCORE
2026-08-26 13:00:00+00:00,2026-08-26 13:15:00+00:00,SI=F,-1.0,-69.13681623227465,range,68.30499755859375,68.13499725341796,68.6935680934361,-1.3924864606590275,1.3924864606590275,4.0980705063107505,0.16264896888026878,5.272367890224254,1176.653184022659,signal_change,3,SCORE
2026-08-26 13:20:00+00:00,2026-08-26 13:25:00+00:00,SI=F,-1.0,-8.814977134931736,range,68.14500152587891,68.14000213623046,68.66999760219029,-0.578619519479853,0.578619519479853,0.9595417114214106,0.1333330725019856,0.5765889790770021,11.570624582984335,signal_change,1,SCORE
2026-08-26 14:05:00+00:00,2026-08-26 14:10:00+00:00,SI=F,-1.0,-0.205214545742205,range,68.30000030517579,68.26500213623046,68.76285714285714,-0.6563088246561248,0.6563088246561248,0.557496640430025,0.23077039578056197,-0.05433212446249227,111.56649150482191,signal_change,1,SCORE
2026-08-26 15:05:00+00:00,2026-08-26 15:15:00+00:00,SI=F,-1.0,-40.61969117537423,range,67.68999969482422,67.58999908447265,68.11571446010045,-1.4273222362752624,1.4273222362752624,2.6940745374921797,0.11208662962081097,3.4725369735524,706.5288627981054,signal_change,2,SCORE
2026-08-26 15:20:00+00:00,2026-08-26 15:25:00+00:00,SI=F,-1.0,-0.4437752696784633,range,67.73000061035157,67.79500091552734,68.15500039236886,-0.7154435681200766,0.7154435681200766,0.7408070144045809,0.14633866460734965,-0.03589353344067346,-236.09746915984198,signal_change,1,SCORE
2026-08-26 15:35:00+00:00,2026-08-26 15:40:00+00:00,SI=F,-1.0,13.37909638055333,range,67.93999969482422,68.03499877929687,68.33428571428571,-0.7709650136661539,0.7709650136661539,0.38745294855708906,0.08730245231607629,-0.6774958717222844,-370.05967736196334,signal_change,1,SCORE
2026-08-26 22:20:00+00:00,2026-08-26 22:25:00+00:00,SI=F,1.0,-8.344247172551256,range,68.75000274658203,68.58499633789063,68.49571829659598,1.1949264121817083,1.1949264121817083,0.488135593220339,0.2897214920307457,-0.8417682867937324,-991.8272116839079,signal_change,1,SCORE
2026-08-26 23:25:00+00:00,2026-08-26 23:30:00+00:00,SI=F,1.0,6.511279586817574,trend,68.93000305175781,68.87,68.76714490618023,3.7272199667382893,3.7272199667382893,0.6430622009569378,0.5014960799497794,-0.8709984660692485,-1136.8589627182707,signal_change,1,SCORE
2026-08-26 23:40:00+00:00,2026-08-26 23:45:00+00:00,SI=F,1.0,-5.2012930804257325,trend,68.97500122070312,68.92000305175782,68.84714237758091,2.3706312205928026,2.3706312205928026,0.09716599190283401,0.5536173939195584,-1.194528163716111,-663.7550379888329,signal_change,1,SCORE
2026-08-26 23:50:00+00:00,2026-08-26 23:55:00+00:00,SI=F,1.0,5.580453576857585,range,68.92000091552734,68.8449984741211,68.79356985909598,2.3955652955847886,2.3955652955847886,0.7230320699708455,0.46586736334041173,-0.7337527595923016,-910.3440550625354,signal_change,1,SCORE
2026-08-27 01:10:00+00:00,2026-08-27 01:15:00+00:00,SI=F,1.0,18.769013088034406,range,69.005,69.00500213623047,68.72285736083984,1.0723484814362874,1.0723484814362874,0.44036697247706424,0.15555287637376092,-0.6999124127908697,-5.350288489636853,signal_change,1,SCORE
2026-08-27 01:20:00+00:00,2026-08-27 01:30:00+00:00,SI=F,1.0,55.93185073895587,range,69.13,68.95999633789063,68.85142900739397,1.0860906773546921,1.0860906773546921,1.9680511182108626,0.13636170975212217,0.46261542877013967,-928.6274160524706,signal_change,2,SCORE
2026-08-27 01:40:00+00:00,2026-08-27 01:50:00+00:00,SI=F,1.0,42.958876165172384,range,69.31000030517578,69.42000305175782,68.96928405761719,1.6463851368606428,1.6463851368606428,4.199509403107114,0.13191436864079373,3.496038783926191,897.3025092482924,signal_change,2,SCORE
2026-08-27 02:05:00+00:00,2026-08-27 02:10:00+00:00,SI=F,1.0,-11.31847040971297,range,69.42000091552734,69.45999633789063,69.03642983572823,0.788751838360498,0.788751838360498,0.10518626734842952,0.27459312414989917,-0.9313818588288525,153.7885553834467,signal_change,1,SCORE
2026-08-27 02:20:00+00:00,2026-08-27 02:30:00+00:00,SI=F,1.0,-4.100420554572121,range,69.43999755859375,69.33499633789063,69.15285548618861,1.053820562738409,1.053820562738409,0.41890909090909095,0.2731293671626341,-0.5199038957298122,-558.5313302615795,signal_change,1,SCORE
2026-08-27 02:35:00+00:00,2026-08-27 02:45:00+00:00,SI=F,1.0,35.13494071361349,range,69.20499694824218,69.05000030517579,68.90999768938336,1.0250898105035073,1.0250898105035073,2.3335297583971717,0.17819875498231,2.2455918910309625,-799.5528464005818,signal_change,2,SCORE
2026-08-27 04:35:00+00:00,2026-08-27 04:40:00+00:00,SI=F,-1.0,-28.724302168117255,range,68.82500183105469,68.86000335693359,68.95142743791853,-2.389712799175286,2.389712799175286,2.602870813397129,0.2086372792789826,0.4743172904632884,-430.16653591320403,signal_change,1,SCORE
2026-08-27 05:00:00+00:00,2026-08-27 05:10:00+00:00,SI=F,-1.0,-37.18665890338751,range,68.91499816894532,68.96999633789062,69.0267835344587,-2.443718141600146,2.443718141600146,2.8685258964143427,0.3273619312855393,0.8930841077208799,-684.2187067401392,signal_change,2,SCORE
2026-08-27 05:25:00+00:00,2026-08-27 05:30:00+00:00,SI=F,-1.0,-18.707762038437142,range,69.02000152587891,68.89499938964843,69.10928780691964,-1.9738985193008916,1.9738985193008916,1.4323995127892812,0.38983971395503714,0.03079839660864579,1223.8381654774382,signal_change,1,SCORE
2026-08-27 05:35:00+00:00,2026-08-27 05:40:00+00:00,SI=F,-1.0,-7.652089020549013,range,68.63499938964844,68.67499816894531,68.82357404436384,-3.204663954920441,3.204663954920441,0.8827037773359842,0.3754998401717701,-0.2787448624026347,-656.9365510420229,signal_change,1,SCORE
2026-08-27 05:45:00+00:00,2026-08-27 05:50:00+00:00,SI=F,-1.0,-22.762070792531183,range,68.52499877929688,68.57999694824218,68.74071663992746,-1.3996489243568067,1.3996489243568067,1.4972067039106145,0.3913101168197173,0.29904070743251726,-391.8888846512232,signal_change,1,SCORE
2026-08-27 05:55:00+00:00,2026-08-27 06:00:00+00:00,SI=F,-1.0,-4.620215229871211,range,68.40500366210938,68.63,68.66571969168527,-2.3151020746782702,2.3151020746782702,0.8745762711864408,0.2467599381712972,-0.2128236343899117,-2616.022953601281,signal_change,1,SCORE
2026-08-27 06:15:00+00:00,2026-08-27 06:25:00+00:00,SI=F,-1.0,-31.13468046575801,range,68.64500152587891,68.71999633789062,68.94928684779576,-0.9887972924798873,0.9887972924798873,2.5405085748078062,0.16914188430470534,2.0439947028171583,-375.71732179848266,signal_change,2,SCORE
2026-08-27 07:00:00+00:00,2026-08-27 07:05:00+00:00,SI=F,-1.0,-1.6473820420785543,range,68.50500213623047,68.53499877929687,68.72928562709264,-1.3409145730434084,1.3409145730434084,0.757396449704142,0.25648275589131575,0.08234169500742909,-207.81925201578434,signal_change,1,SCORE
2026-08-27 07:25:00+00:00,2026-08-27 07:30:00+00:00,SI=F,-1.0,4.202912592382179,range,68.38999664306641,68.46499908447265,68.58999686104912,-1.5033596847275772,1.5033596847275772,0.5890736342042755,0.2762411377412094,-0.06741547209763313,-571.2950317550625,signal_change,1,SCORE
2026-08-27 07:35:00+00:00,2026-08-27 07:40:00+00:00,SI=F,1.0,9.177664794636037,range,69.12500274658203,69.06499969482422,68.80285919189453,1.8654559870507617,1.8654559870507617,0.6706243602865917,0.14902844788947772,0.09456064432526978,-568.9925406498091,signal_change,1,SCORE
2026-08-27 10:05:00+00:00,2026-08-27 10:10:00+00:00,SI=F,-1.0,-18.842170211727257,range,68.84000122070313,68.90999877929687,69.07214516775949,-2.5869566517594857,2.5869566517594857,1.3187963366768425,0.27711389736613107,-0.10578712535716216,-918.3380323138093,signal_change,1,SCORE
2026-08-27 12:30:00+00:00,2026-08-27 12:35:00+00:00,SI=F,1.0,34.48329988632405,range,69.1550015258789,68.94500187465123,68.95000187465122,1.4631817366222406,1.4631817366222406,1.9471947194719472,0.056483255771511996,1.975873882822797,-1543.6541805499905,stop,2,SCORE
2026-08-27 12:40:00+00:00,2026-08-27 12:55:00+00:00,SI=F,-1.0,-43.14017806244896,range,68.81999694824219,68.79500091552734,68.99178859165737,-2.653009921754943,2.653009921754943,1.4220921726408193,0.19003094532991716,1.1930520182857778,318.30856437630393,signal_change,3,SCORE
2026-08-27 13:05:00+00:00,2026-08-27 13:15:00+00:00,SI=F,-1.0,-34.21874944686779,range,68.83499633789063,68.83999908447265,69.16142543247769,-0.9175740756304722,0.9175740756304722,2.563885955649419,0.13636723936349404,2.856290677424386,-27.539823231214797,signal_change,2,SCORE
2026-08-27 13:30:00+00:00,2026-08-27 13:50:00+00:00,SI=F,-1.0,-40.52104800185218,range,69.03000366210938,68.69999969482421,69.0842868259975,-0.6785064019689085,0.6785064019689085,3.1128712871287125,0.24465401510648477,4.031667212314088,1116.15649038077,signal_change,4,SCORE
2026-08-27 14:35:00+00:00,2026-08-27 14:50:00+00:00,SI=F,1.0,67.23975011783014,range,69.26999938964843,69.48499786376954,69.0124980381557,0.6816010344354564,0.6816010344354564,1.782414307004471,0.25980417822922663,2.476198037687186,729.3079066427648,signal_change,3,SCORE
2026-08-27 15:45:00+00:00,2026-08-27 16:15:00+00:00,SI=F,1.0,56.57274316505912,trend,69.74000061035156,69.98000061035157,69.82464163643974,1.7693478225056372,1.7693478225056372,1.1804811532093114,0.6294425876511845,0.6188480299935413,2114.3706478943172,signal_change,6,SCORE
2026-08-27 17:00:00+00:00,2026-08-27 17:10:00+00:00,SI=F,1.0,66.5962336578496,range,70.38,70.26499664306641,70.06857138497489,0.9661898860126755,0.9661898860126755,1.704870010984987,0.44779633294507915,1.4942076260111659,-560.4063510637393,signal_change,2,SCORE
2026-08-27 17:25:00+00:00,2026-08-27 17:30:00+00:00,SI=F,1.0,17.659074530113795,range,70.2800015258789,70.25500213623047,69.97643227713448,0.9905582896589532,0.9905582896589532,1.0125204137180186,0.43814471505708297,0.003019214126705442,-128.76955471161966,signal_change,1,SCORE
2026-08-27 23:55:00+00:00,2026-08-28 00:00:00+00:00,SI=F,-1.0,-58.01914660975295,range,69.96500122070313,70.08071463448661,70.07571463448662,-2.715641729494147,2.715641729494147,3.613259668508287,0.16770127470027957,0.6078426334885634,-1584.759084310701,stop,2,SCORE
2026-08-28 00:50:00+00:00,2026-08-28 01:00:00+00:00,SI=F,-1.0,-62.77735246029792,range,69.8500033569336,70.04142654418945,70.03642654418945,-1.433936803278826,1.433936803278826,2.3715415019762847,0.30302802614771956,1.0229955834228273,-1379.6134500518842,stop,3,SCORE
2026-08-28 01:05:00+00:00,2026-08-28 01:10:00+00:00,SI=F,-1.0,60.08001682512779,range,70.16499816894532,70.35000122070312,70.47357012067523,-0.9709905077840771,0.9709905077840771,2.5971671388101982,0.11614838637169213,1.8029912643115638,-903.0359883784874,signal_change,1,SCORE
2026-08-28 01:10:00+00:00,2026-08-28 01:20:00+00:00,SI=F,1.0,37.529567964468676,range,70.35000122070312,70.3449984741211,70.02857155936104,1.8623320091401758,1.8623320091401758,4.015296367112811,0.10673827413430258,3.4782974404559175,-55.89553551228314,signal_change,2,SCORE
2026-08-28 01:30:00+00:00,2026-08-28 01:45:00+00:00,SI=F,-1.0,-32.695529115917815,range,69.71500122070313,69.54000366210937,70.10678482055664,-0.7065736483218782,0.7065736483218782,1.9853082082401787,0.14226156463779405,1.5758041881535558,614.7104488734608,signal_change,3,SCORE
2026-08-28 01:50:00+00:00,2026-08-28 01:55:00+00:00,SI=F,-1.0,-24.34193448864888,range,69.40500366210938,69.26999938964843,69.93714630126954,-0.5628189449253187,0.5628189449253187,1.4236783320923305,0.24689199847140803,1.20067904880099,377.1007162097746,signal_change,1,SCORE
2026-08-28 05:35:00+00:00,2026-08-28 05:40:00+00:00,SI=F,-1.0,-17.777575805064846,range,69.52000152587891,69.47999847412109,69.69286071777344,-1.7333873928751522,1.7333873928751522,1.6088154269972452,0.12707070536760554,-0.3035616122755783,338.03699100332506,signal_change,1,SCORE
2026-08-28 06:10:00+00:00,2026-08-28 06:25:00+00:00,SI=F,1.0,53.46905817207782,range,69.79500091552734,69.91000091552735,69.67571476527623,1.2058933186792975,1.2058933186792975,2.3027027027027027,0.18796966602801649,0.40348571426813495,687.3591916472544,signal_change,3,SCORE
2026-08-28 06:50:00+00:00,2026-08-28 07:30:00+00:00,SI=F,1.0,84.40216187316118,trend,70.73500335693359,71.36500274658204,70.62107576642718,1.3770091673307066,1.3770091673307066,7.350697674418605,0.5588832072666677,5.924723993787109,4330.68962895665,signal_change,8,SCORE
2026-08-28 07:35:00+00:00,2026-08-28 07:45:00+00:00,SI=F,1.0,61.20599195059791,trend,71.61999786376953,71.49000274658204,71.03714263916015,0.517292393164524,0.517292393164524,1.1901369863013698,0.706754348257806,0.9013076412496817,-338.81388831392223,signal_change,2,SCORE
2026-08-28 11:05:00+00:00,2026-08-28 11:15:00+00:00,SI=F,-1.0,-48.46360533163354,range,71.14500152587891,71.12500274658203,71.34999356951032,-1.3699581647328176,1.3699581647328176,1.7887053399923167,0.13007933406526606,0.019361443110755525,130.1376640886159,signal_change,2,SCORE
2026-08-28 12:10:00+00:00,2026-08-28 12:15:00+00:00,SI=F,-1.0,-12.008777827407311,range,71.31999694824219,71.26999938964843,71.5928535243443,-1.1047325361707059,1.1047325361707059,1.160655737704918,0.09615008411909699,0.4200565270929839,270.64598585728123,signal_change,1,SCORE
2026-08-28 12:25:00+00:00,2026-08-28 12:35:00+00:00,SI=F,1.0,31.845455020622175,range,71.46499908447265,71.40500366210938,71.15071598597935,0.959416096089003,0.959416096089003,2.22354694485842,0.05263246880600548,2.8923046818927727,-292.59995001535225,signal_change,2,SCORE
2026-08-28 13:00:00+00:00,2026-08-28 13:20:00+00:00,SI=F,1.0,36.45857407413834,range,71.53499877929687,71.495,71.1328566632952,0.7495505729109972,0.7495505729109972,4.352767527675277,0.16953473550031867,5.962703416474706,-153.65329255308683,signal_change,4,SCORE
2026-08-28 13:35:00+00:00,2026-08-28 13:40:00+00:00,SI=F,1.0,16.335819278711785,range,71.50000274658203,71.38999664306641,71.01143157958984,0.61684375818502,0.61684375818502,1.4323279195668988,0.1576754684487611,1.5744959679443964,-342.3671103702394,signal_change,1,SCORE
2026-08-28 13:55:00+00:00,2026-08-28 14:00:00+00:00,SI=F,1.0,35.33981473348935,range,71.7749966430664,71.19928414481026,71.20428414481026,0.527852898298486,0.527852898298486,2.357843137254902,0.17773912090621447,3.454432082908036,-1522.096818447315,stop,2,SCORE
2026-08-28 14:05:00+00:00,2026-08-28 14:25:00+00:00,SI=F,-1.0,-76.49486428967907,range,70.60999786376954,69.76999938964843,70.70285252162388,-0.6930191194502672,0.6930191194502672,5.223370945826195,0.28972034966986715,4.895810098125721,2907.2099187776216,signal_change,4,SCORE
2026-08-28 14:30:00+00:00,2026-08-28 14:40:00+00:00,SI=F,-1.0,-37.20531760015385,range,69.55499755859375,70.19500244140625,70.73213902064732,-0.2563303100023301,0.2563303100023301,1.810228527043048,0.2384545025714187,1.7187059519369179,-821.5449016216654,signal_change,2,SCORE
2026-08-28 16:00:00+00:00,2026-08-28 16:05:00+00:00,SI=F,-1.0,-8.125933129913726,range,68.82999908447266,68.7800015258789,69.52214211600167,-0.8710612732841831,0.8710612732841831,0.7220801038524683,0.34892727224054804,0.12262838196976455,213.39937888248085,signal_change,1,SCORE
2026-08-28 16:10:00+00:00,2026-08-28 16:30:00+00:00,SI=F,-1.0,-48.697721755010576,range,68.49999725341797,67.59499633789062,68.49999618530273,-0.4268290040284488,0.4268290040284488,1.3763028215080022,0.23306553051935994,0.7374879979153279,1929.2690520767294,signal_change,4,SCORE
2026-08-28 16:35:00+00:00,2026-08-28 16:40:00+00:00,SI=F,-1.0,-22.86361343417203,range,67.21500122070313,67.79999816894531,68.14071598597936,-0.6528996629536997,0.6528996629536997,1.0390907955538904,0.4674434950753745,0.20196372169980092,-1912.9860499960744,signal_change,1,SCORE
2026-08-30 23:50:00+00:00,2026-08-30 23:55:00+00:00,SI=F,-1.0,9.732661949363742,range,66.745,67.01999938964843,67.01499991280693,-1.116777708806837,1.116777708806837,0.5861828332170272,0.023039854443494674,-0.6602805764688551,-1541.1498300182866,signal_change,1,SCORE
2026-08-31 00:40:00+00:00,2026-08-31 00:45:00+00:00,SI=F,1.0,-10.407408462998715,range,67.54999816894531,67.40500366210938,67.19999751499721,0.8599711976729085,0.8599711976729085,0.6048988285410011,0.15051943393970665,-0.5463998556910274,-627.7553544867949,signal_change,1,SCORE
2026-08-31 01:05:00+00:00,2026-08-31 01:05:00+00:00,SI=F,1.0,-22.100135346954737,range,67.45499694824218,66.9921384538923,66.99713845389229,0.6569076928780014,0.6569076928780014,1.6176279974076473,0.1494625273908832,0.9002889063070058,-1523.5610667262417,stop,1,SCORE
2026-08-31 01:40:00+00:00,2026-08-31 01:45:00+00:00,SI=F,1.0,3.000156882325084,range,67.04000366210937,67.1000033569336,66.52571707589286,0.5837941895848409,0.5837941895848409,0.8275862068965517,0.045454995838452694,-0.009242803337689483,172.2183951283151,signal_change,1,SCORE
2026-08-31 02:35:00+00:00,2026-08-31 02:40:00+00:00,SI=F,-1.0,-9.389729947876022,range,66.52499877929688,66.56499755859375,66.96857395717076,-0.6769941426666151,0.6769941426666151,0.9692307692307693,0.3298612398870422,0.228234332405545,-138.7796672022975,signal_change,1,SCORE
2026-08-31 05:00:00+00:00,2026-08-31 05:05:00+00:00,SI=F,1.0,27.9429838196197,range,67.07000244140625,67.12499725341797,66.9442879813058,1.910692785000642,1.910692785000642,0.8967032967032967,0.28205696697793314,-0.7154780019649596,515.8374886913721,signal_change,1,SCORE
2026-08-31 05:20:00+00:00,2026-08-31 05:30:00+00:00,SI=F,1.0,61.922141879270654,range,67.24499786376953,67.21678758893695,67.22178758893695,1.7380357221591407,1.7380357221591407,3.941052631578947,0.2690815719967398,0.6219532081781239,-253.84250556549955,stop,3,SCORE
2026-08-31 05:35:00+00:00,2026-08-31 05:40:00+00:00,SI=F,1.0,22.528191019952743,range,67.29000366210937,67.31000244140625,67.05286137172153,1.2665008932919621,1.2665008932919621,1.5463917525773194,0.3676510187595368,-0.043894319602205335,120.30985475480273,signal_change,1,SCORE
2026-08-31 07:30:00+00:00,2026-08-31 07:40:00+00:00,SI=F,1.0,67.1392763828641,range,67.61000335693359,67.69499694824219,67.39786039079938,2.488387777872103,2.488387777872103,2.6205813040062846,0.2520355460721921,2.5105346890690026,1045.043130159559,signal_change,2,SCORE
2026-08-31 08:05:00+00:00,2026-08-31 08:10:00+00:00,SI=F,1.0,21.81255175751846,range,67.82999694824218,67.69499694824219,67.60428349086216,2.664872530412391,2.664872530412391,1.2662889518413598,0.3275864336921492,0.7588113777141667,-1812.1133206803047,signal_change,1,SCORE
2026-08-31 10:40:00+00:00,2026-08-31 10:50:00+00:00,SI=F,1.0,30.867965469011065,range,67.82000244140625,67.87,67.69429070608956,2.1114014296263015,2.1114014296263015,1.0693069306930691,0.2815567061472708,-0.5286397440921812,517.2675763153071,signal_change,2,SCORE
2026-08-31 10:55:00+00:00,2026-08-31 11:00:00+00:00,SI=F,1.0,24.157227470908026,range,67.95499694824218,67.89999877929688,67.80428370884486,1.9924964876909415,1.9924964876909415,2.0016680567139282,0.25628186941686154,0.3154682458627301,-557.8807747032048,signal_change,1,SCORE
2026-08-31 11:05:00+00:00,2026-08-31 11:15:00+00:00,SI=F,1.0,60.16487917961935,range,67.97500122070312,67.92500030517579,67.81643079485211,1.8925366458845252,1.8925366458845252,3.1666666666666665,0.29524432334241596,1.4394649055714772,-482.6055080457096,signal_change,2,SCORE
2026-08-31 11:20:00+00:00,2026-08-31 11:25:00+00:00,SI=F,1.0,23.77024605056699,range,68.04500091552734,68.05000030517579,67.88928715297153,1.9261716178827644,1.9261716178827644,1.693304535637149,0.30805611802140587,0.3273429302879603,38.51755414845979,signal_change,1,SCORE
2026-08-31 11:30:00+00:00,2026-08-31 11:35:00+00:00,SI=F,1.0,20.98552234270935,range,68.14000213623046,68.00500213623047,67.97000178745814,1.7643782101552503,1.7643782101552503,1.6356275303643724,0.208161282487248,0.36620429152546374,-1199.77718290549,signal_change,1,SCORE
2026-08-31 11:45:00+00:00,2026-08-31 11:50:00+00:00,SI=F,1.0,-4.630187710649998,range,67.97999847412109,67.93500244140625,67.79856820242745,1.6509096650884987,1.6509096650884987,0.5869927737632018,0.16078651954331125,-0.5355683535434309,-379.6764748232365,signal_change,1,SCORE
2026-08-31 12:10:00+00:00,2026-08-31 12:15:00+00:00,SI=F,1.0,14.834290356068628,range,68.06000030517578,68.12,67.8499984741211,1.3608656413615028,1.3608656413615028,1.181058495821727,0.28800048828125,0.26389446349146095,401.45328768552884,signal_change,1,SCORE
2026-08-31 12:30:00+00:00,2026-08-31 12:35:00+00:00,SI=F,1.0,-1.3981762917933132,range,67.72999847412109,67.77499877929688,67.46713967459542,1.139519055491656,1.139519055491656,2.3290203327171906,0.0,2.1392565247267723,250.6959309763062,signal_change,1,SCORE
2026-08-31 12:40:00+00:00,2026-08-31 12:50:00+00:00,SI=F,-1.0,-69.2223138635888,range,67.63000213623047,67.47500122070312,67.82250050136021,-2.151107028161709,2.151107028161709,2.7077534791252487,0.2050445246690734,2.907796007683019,1656.362258671132,signal_change,2,SCORE
2026-08-31 13:00:00+00:00,2026-08-31 13:15:00+00:00,SI=F,-1.0,-76.83083261974123,range,67.3449984741211,67.54999816894531,67.65785923549107,-0.9595325409776544,0.9595325409776544,2.942128189172371,0.378700121437568,3.5553278438345957,-988.3170530764762,signal_change,3,SCORE
2026-08-31 13:20:00+00:00,2026-08-31 13:25:00+00:00,SI=F,-1.0,-3.6426578085708092,range,67.41000091552735,67.42499816894531,67.73143275669644,-0.9328701514770821,0.9328701514770821,0.4456824512534819,0.3479398682318317,-0.15179876861572245,-74.61680109614646,signal_change,1,SCORE
2026-08-31 13:35:00+00:00,2026-08-31 13:45:00+00:00,SI=F,-1.0,-31.92104044981656,range,67.245,67.19500244140625,67.59928728376117,-0.8462851144347139,0.8462851144347139,1.4275689223057644,0.3501243374753535,1.4962128112655853,207.32952240770504,signal_change,2,SCORE
2026-08-31 13:50:00+00:00,2026-08-31 13:55:00+00:00,SI=F,-1.0,-28.531398149030604,range,67.08499633789063,67.18999755859375,67.45285413469587,-1.6305247430827,1.6305247430827,1.2774308652988404,0.33488897306337145,1.348946580022429,-864.1880657670032,signal_change,1,SCORE
2026-08-31 14:15:00+00:00,2026-08-31 14:20:00+00:00,SI=F,-1.0,-10.631566177580346,range,67.00500213623047,66.98500335693359,67.38857321602958,-0.7810759720136217,0.7810759720136217,0.5289076316147463,0.4919865639643289,-0.036513449835128164,74.19745003193009,signal_change,1,SCORE
2026-08-31 14:25:00+00:00,2026-08-31 14:30:00+00:00,SI=F,-1.0,-17.38751779007665,range,66.82999908447266,66.85499847412109,67.21785461425782,-0.7725147641027144,0.7725147641027144,0.8665355436920484,0.437034469507164,0.5177226928938284,-100.42456180535112,signal_change,1,SCORE
2026-08-31 17:00:00+00:00,2026-08-31 17:05:00+00:00,SI=F,-1.0,-6.6713276754942825,range,66.9699984741211,66.95499694824218,67.20642796107701,-1.267138792028691,1.267138792028691,0.9681881051175657,0.030099207969298603,-0.5279027464495247,88.70938294383626,signal_change,1,SCORE
2026-08-31 17:25:00+00:00,2026-08-31 17:30:00+00:00,SI=F,-1.0,-5.924670920371768,range,66.95000183105469,66.91500366210937,67.14785927908761,-1.5143226892093247,1.5143226892093247,1.0539130434782609,0.0661473516716441,-0.3204213135464544,257.4209931273618,signal_change,1,SCORE
2026-08-31 18:35:00+00:00,2026-08-31 18:40:00+00:00,SI=F,-1.0,6.204079083957295,range,66.79500305175782,66.80500305175781,66.97928562709264,-1.626361687144678,1.626361687144678,0.4364820846905538,0.2139289130467789,-1.0629317960329339,-89.44989279288332,signal_change,1,SCORE
2026-08-31 19:55:00+00:00,2026-08-31 20:00:00+00:00,SI=F,1.0,18.561724856627364,range,67.26500213623046,67.27000152587891,67.0907173374721,1.7194776297495997,1.7194776297495997,1.526641883519207,0.19823350294752268,0.05135691046283867,34.38430516578019,signal_change,1,SCORE
2026-08-31 20:05:00+00:00,2026-08-31 20:10:00+00:00,SI=F,1.0,-3.7601588542286137,range,67.32000244140625,67.28999816894532,67.14000540597098,1.664976572822581,1.664976572822581,0.4003254678600488,0.3674319577019978,-0.9882462397846711,-258.1069365242705,signal_change,1,SCORE
2026-09-01 00:05:00+00:00,2026-09-01 00:20:00+00:00,SI=F,1.0,63.330077160057115,range,67.42499816894531,67.42500030517579,67.2942837524414,4.584046928603322,4.584046928603322,2.9082352941176475,0.24409467739997598,0.7793313746969056,-22.871271739212716,signal_change,3,SCORE
2026-09-01 00:30:00+00:00,2026-09-01 00:35:00+00:00,SI=F,1.0,25.778375179927966,range,67.60499847412109,67.49999725341797,67.413570425851,3.130079499965902,3.130079499965902,1.5760598503740648,0.29142797352794997,0.3432204980323797,-1658.9612394709213,signal_change,1,SCORE
2026-09-01 01:00:00+00:00,2026-09-01 01:05:00+00:00,SI=F,1.0,39.11509708957578,range,67.51500213623046,67.25143105643136,67.25643105643135,1.1564010507394817,1.1564010507394817,6.9196261682242985,0.1549311918390154,5.991959838346857,-1529.751373374831,stop,2,SCORE
2026-09-01 02:35:00+00:00,2026-09-01 02:45:00+00:00,SI=F,-1.0,-76.09072911245062,range,67.06000244140625,66.96000183105468,67.2332126072475,-1.7972858376523522,1.7972858376523522,3.773253993109928,0.31903195719405036,3.991533939998496,889.6619745190926,signal_change,2,SCORE
2026-09-01 05:20:00+00:00,2026-09-01 05:25:00+00:00,SI=F,-1.0,-7.691833816927519,range,66.93999969482422,66.95499694824218,67.11214281354633,-3.471388682846892,3.471388682846892,0.9494949494949495,0.15217355248536316,-0.44401020878581593,-277.66342235869456,signal_change,1,SCORE
2026-09-01 05:35:00+00:00,2026-09-01 05:35:00+00:00,SI=F,-1.0,22.91984824030157,range,67.15500366210938,67.4214346749442,67.4164346749442,-1.1425218899787721,1.1425218899787721,2.099823840281856,0.03264132575671821,0.45652460868069583,-1527.72893111485,stop,1,SCORE
2026-09-01 05:45:00+00:00,2026-09-01 05:55:00+00:00,SI=F,1.0,57.4372543997884,range,67.54500091552734,67.4699984741211,67.25499670846122,0.9617840534053964,0.9617840534053964,3.3036437246963564,0.049562474698269916,1.5060858748873824,-365.4896808220026,signal_change,2,SCORE
2026-09-01 07:40:00+00:00,2026-09-01 07:45:00+00:00,SI=F,-1.0,-37.91930236816141,range,66.60500061035157,66.9550040108817,66.9500040108817,-1.7276816860991837,1.7276816860991837,2.336283185840708,0.3426593822470727,1.8246812094557425,-3032.1107342721875,stop,2,SCORE
2026-09-01 08:05:00+00:00,2026-09-01 08:20:00+00:00,SI=F,-1.0,-70.86800134520107,range,66.85999786376954,66.49499786376953,67.05178615025112,-0.6425849250531362,0.6425849250531362,4.869432813094785,0.3069652899306603,4.678961537171781,1169.504563596737,signal_change,3,SCORE
2026-09-01 08:25:00+00:00,2026-09-01 08:55:00+00:00,SI=F,-1.0,-75.32425092983368,range,66.0949984741211,65.56499755859375,66.2821399143764,-0.9948071817579782,0.9948071817579782,4.707889125799574,0.3723240075836564,4.639845502439596,2631.269549615781,signal_change,6,SCORE
2026-09-01 09:00:00+00:00,2026-09-01 09:10:00+00:00,SI=F,-1.0,-35.03487020894792,range,65.32999908447266,65.30500305175781,65.95785574776787,-0.4751037585330285,0.4751037585330285,1.5808568120416828,0.49599814453879987,1.4877277854403104,57.00302666354048,signal_change,2,SCORE
2026-09-01 09:40:00+00:00,2026-09-01 09:45:00+00:00,SI=F,-1.0,-7.304243854501592,range,65.14500152587891,65.38,65.5392875453404,-0.7566005307982286,0.7566005307982286,0.6034543531899894,0.46687492930221586,0.06916006900306887,-892.7828539379234,signal_change,1,SCORE
2026-09-01 12:15:00+00:00,2026-09-01 12:20:00+00:00,SI=F,-1.0,2.771875385871565,range,65.38000213623047,65.38499725341796,65.67357469831195,-1.0150966953420764,1.0150966953420764,0.6950354609929078,0.16838131193959416,-0.660167323208447,-30.42811822605252,signal_change,1,SCORE
2026-09-01 12:35:00+00:00,2026-09-01 12:40:00+00:00,SI=F,-1.0,-28.079687853174757,range,65.31999694824219,65.29999816894531,65.68071254185269,-0.8261186736839868,0.8261186736839868,1.9255172413793102,0.2044793024597696,0.5057122628507431,78.47623177178338,signal_change,1,SCORE
2026-09-01 13:00:00+00:00,2026-09-01 13:10:00+00:00,SI=F,-1.0,-44.62596877691832,range,65.31499969482422,65.08500183105468,65.70892933436802,-0.648876207098022,0.648876207098022,4.6995750245178165,0.10329586306809035,3.7737451432889317,742.9563263816444,signal_change,2,SCORE
2026-09-01 13:15:00+00:00,2026-09-01 13:20:00+00:00,SI=F,-1.0,-21.729819195917628,range,64.87,65.04000366210937,65.39357373918806,-1.1394054622699379,1.1394054622699379,1.4046549612086565,0.12355108857985325,0.5999371972673796,-974.2125333778718,signal_change,1,SCORE
2026-09-01 13:30:00+00:00,2026-09-01 13:35:00+00:00,SI=F,-1.0,22.902895047244733,range,65.23499786376954,65.42499816894531,65.81571358816964,-0.5130572537657377,0.5130572537657377,1.875314107933469,0.0034945634196570526,1.8408050974827965,-489.97046020949745,signal_change,1,SCORE
2026-09-01 15:55:00+00:00,2026-09-01 16:00:00+00:00,SI=F,1.0,3.947621431421209,range,65.85000122070312,65.84000122070313,65.59857452392578,1.1843170551690643,1.1843170551690643,0.8670680870773506,0.18273673285233508,-0.31205197945139296,-65.13743803424467,signal_change,1,SCORE
2026-09-01 16:05:00+00:00,2026-09-01 16:10:00+00:00,SI=F,1.0,13.463591616181851,range,65.92000091552734,65.81999694824219,65.66928811209542,1.18759841116678,1.18759841116678,1.2528548123980425,0.1840448586232559,0.11742657205886549,-599.7607553469111,signal_change,1,SCORE
2026-09-01 17:25:00+00:00,2026-09-01 17:35:00+00:00,SI=F,-1.0,-30.989752081890188,range,65.39999877929688,65.40999877929687,65.65357042585102,-1.1733812308823384,1.1733812308823384,2.2789415656008822,0.07692307692307693,1.6696505741010474,-64.53596769847528,signal_change,2,SCORE
2026-09-01 18:05:00+00:00,2026-09-01 18:10:00+00:00,SI=F,-1.0,-27.41921123396183,trend,65.06499969482422,65.005,65.29285919189454,-1.3056889310610782,1.3056889310610782,0.5712596096984034,0.5670074982958418,-0.8175817576602009,385.1762423398794,signal_change,1,SCORE
2026-09-01 18:15:00+00:00,2026-09-01 18:20:00+00:00,SI=F,-1.0,6.697505007436023,range,64.99000274658204,65.11000335693359,65.23000388009208,-1.2401959544670769,1.2401959544670769,0.4109959441189725,0.37680991159836136,-1.050244443322543,-750.3223372302181,signal_change,1,SCORE
2026-09-01 18:45:00+00:00,2026-09-01 18:50:00+00:00,SI=F,-1.0,2.110769203419866,range,64.83499633789063,64.89000213623046,65.04928314208985,-1.387793444117843,1.387793444117843,0.3962931760741365,0.48201328283659917,-1.0423427381912374,-388.62239884304256,signal_change,1,SCORE
2026-09-01 18:55:00+00:00,2026-09-01 19:00:00+00:00,SI=F,-1.0,-5.83928913838051,range,64.74000274658204,64.79000366210937,64.96000287737165,-1.3511346703393352,1.3511346703393352,0.6972666322846828,0.45069953364423715,-0.5495801070575526,-344.54552594014797,signal_change,1,SCORE
2026-09-01 19:40:00+00:00,2026-09-01 19:45:00+00:00,SI=F,-1.0,-11.097742299383587,range,64.61500274658204,64.69999969482421,64.83857343401228,-2.6580337223113863,2.6580337223113863,0.9673340358271866,0.3461532818513936,-0.4541326880067226,-1142.9139422178855,signal_change,1,SCORE
2026-09-01 23:40:00+00:00,2026-09-01 23:45:00+00:00,SI=F,1.0,1.151708891214136,range,64.82000244140625,64.78000366210938,64.67928697858538,2.108717744494951,2.108717744494951,0.8730800323362975,0.19328075912034365,-0.7409871887208876,-432.2742670296668,signal_change,1,SCORE
2026-09-02 00:05:00+00:00,2026-09-02 00:10:00+00:00,SI=F,1.0,23.616649602622655,range,64.86500061035156,64.74000274658204,64.65714320591518,1.4268334495271655,1.4268334495271655,1.8418926716676285,0.0653294074346706,0.5281741103767237,-898.8898329766057,signal_change,1,SCORE
2026-09-02 00:25:00+00:00,2026-09-02 00:30:00+00:00,SI=F,1.0,-6.455540878881605,range,64.86999786376953,64.70000183105469,64.57571249825614,1.0067210967944111,1.0067210967944111,0.5766871165644172,0.027024160907757295,-0.6724060180013478,-860.7265680108567,signal_change,1,SCORE
2026-09-02 01:00:00+00:00,2026-09-02 01:15:00+00:00,SI=F,-1.0,-33.77978678154973,range,64.43999969482422,64.38,64.83356964111329,-1.5039869503857393,1.5039869503857393,5.482413920770085,0.0999991024225615,5.2496619892135605,443.6738554618985,signal_change,3,SCORE
2026-09-02 01:35:00+00:00,2026-09-02 01:40:00+00:00,SI=F,-1.0,0.1771558363291689,range,64.31999694824219,64.23500335693359,64.73856951032367,-0.7074456003954626,0.7074456003954626,0.6881485527034407,0.23724747859213924,0.04024750707337113,297.1044831634282,signal_change,1,SCORE
2026-09-02 01:55:00+00:00,2026-09-02 02:05:00+00:00,SI=F,-1.0,-31.891780904628135,range,64.02499877929688,64.14000213623046,64.46714344569615,-1.339929333411441,1.339929333411441,1.6331360946745561,0.30398037164636976,1.500115164982888,-777.1815036475377,signal_change,2,SCORE
2026-09-02 03:35:00+00:00,2026-09-02 03:40:00+00:00,SI=F,-1.0,15.074908127576187,range,64.10500061035157,64.16500366210937,64.34285570417133,-1.2442419701042617,1.2442419701042617,0.4907183212267958,0.058510810986299594,-0.46881261415665487,-379.51278650750777,signal_change,1,SCORE
2026-09-02 05:30:00+00:00,2026-09-02 05:40:00+00:00,SI=F,1.0,71.60299486637065,range,64.5300015258789,64.49000274658204,64.47356741768974,1.5225669599847318,1.5225669599847318,5.9904,0.39704818161929284,1.3871158776776678,-312.1169337855705,signal_change,2,SCORE
2026-09-02 06:20:00+00:00,2026-09-02 06:25:00+00:00,SI=F,1.0,6.915185915527305,range,64.62500274658203,64.60500061035157,64.33714896065848,1.0272827198807781,1.0272827198807781,0.9721518987341773,0.20899813560985184,-0.3634909385737675,-107.87565815066614,signal_change,1,SCORE
2026-09-02 08:55:00+00:00,2026-09-02 09:05:00+00:00,SI=F,-1.0,-38.113801990692416,range,64.3449984741211,64.46499908447265,64.56642857142857,-1.3352722472979979,1.3352722472979979,2.064516129032258,0.15709224419162096,1.7609632993177822,-807.8437845427404,signal_change,2,SCORE
2026-09-02 09:25:00+00:00,2026-09-02 09:30:00+00:00,SI=F,-1.0,-11.428916277641548,range,64.28000366210938,64.29500091552734,64.49000601632255,-1.406587651997169,1.406587651997169,1.0434782608695652,0.2704930334942592,0.005383596857573347,-112.50769561785779,signal_change,1,SCORE
2026-09-02 10:15:00+00:00,2026-09-02 10:25:00+00:00,SI=F,-1.0,-35.581695284416156,range,64.34000122070313,64.36500061035156,64.49071881975446,-1.9596075209007877,1.9596075209007877,1.7920353982300885,0.32093227917275835,1.243171104595436,-254.74299746945195,signal_change,2,SCORE
2026-09-02 11:05:00+00:00,2026-09-02 11:10:00+00:00,SI=F,-1.0,-27.611427685123097,range,64.38999664306641,64.46499908447265,64.5785691179548,-1.5657543910305518,1.5657543910305518,1.9663299663299663,0.015227561421445612,1.8871158970518878,-595.0057818043196,signal_change,1,SCORE
2026-09-02 11:15:00+00:00,2026-09-02 11:25:00+00:00,SI=F,1.0,37.618736764042325,range,64.65999877929687,64.6000033569336,64.43428532191685,2.614376049927829,2.614376049927829,2.061569016881827,0.18221336100204125,2.24008579561167,-797.324856908855,signal_change,2,SCORE
2026-09-02 11:30:00+00:00,2026-09-02 11:45:00+00:00,SI=F,1.0,73.7845033667836,trend,64.61999786376953,64.745,64.5307115827288,1.2318816078385857,1.2318816078385857,1.951219512195122,0.5233908825878335,2.1326328996127093,763.7797547751019,signal_change,3,SCORE
2026-09-02 11:55:00+00:00,2026-09-02 12:00:00+00:00,SI=F,1.0,20.651847679761524,range,64.96000183105468,64.90500366210938,64.6742864554269,2.0652594360828247,2.0652594360828247,1.023738872403561,0.43420015760441294,0.5160986515744228,-578.2537340882402,signal_change,1,SCORE
2026-09-02 12:05:00+00:00,2026-09-02 12:15:00+00:00,SI=F,1.0,81.59861378538531,trend,64.98500335693359,64.98499786376954,64.69143079485211,2.0086059601569066,2.0086059601569066,2.1210009502692433,0.511104867734607,3.0114907597398823,-10.09819781107349,signal_change,2,SCORE
2026-09-02 12:20:00+00:00,2026-09-02 12:30:00+00:00,SI=F,1.0,53.84725114136798,range,64.89499938964843,65.03500091552735,64.74607140677315,1.0191724923730305,1.0191724923730305,4.241831746848469,0.42682359508745815,5.884824287289195,708.3326578683423,signal_change,2,SCORE
2026-09-02 13:05:00+00:00,2026-09-02 13:20:00+00:00,SI=F,1.0,62.65444619402494,range,65.11000335693359,65.28999816894532,64.83213915143695,0.8941803585297622,0.8941803585297622,1.6573949741032035,0.40664829890027554,1.9402463255810851,800.268225898071,signal_change,3,SCORE
2026-09-02 13:25:00+00:00,2026-09-02 13:55:00+00:00,SI=F,1.0,78.78737611155073,range,65.35499847412109,65.9699984741211,65.5382101876395,0.8508292894607412,0.8508292894607412,3.1133004926108376,0.46829328202398984,4.343034094460829,2612.045918644514,signal_change,6,SCORE
2026-09-02 14:05:00+00:00,2026-09-02 14:15:00+00:00,SI=F,1.0,30.551463422350935,range,66.01999938964843,65.91000091552735,65.5664275251116,0.6532029743111248,0.6532029743111248,1.3139327959803202,0.4019809279783415,1.3335084549990834,-362.5226671994446,signal_change,2,SCORE
2026-09-02 16:45:00+00:00,2026-09-02 16:50:00+00:00,SI=F,-1.0,2.6917358489286265,range,65.4699984741211,65.50000274658203,65.62785500662667,-1.876055449496912,1.876055449496912,0.5513245033112583,0.27804986974320806,-0.8888504788833623,-290.82867154005885,signal_change,1,SCORE
2026-09-02 17:20:00+00:00,2026-09-02 17:25:00+00:00,SI=F,-1.0,-28.97614116513548,range,65.45000183105469,65.48500335693359,65.59857230050224,-1.9926289464627787,1.9926289464627787,2.8221797323135753,0.08629276491592246,1.0595717233448962,-358.68841291559653,signal_change,1,SCORE
2026-09-02 20:00:00+00:00,2026-09-02 20:05:00+00:00,SI=F,1.0,2.974151534707766,range,65.95499694824218,65.93999969482422,65.81785422188895,2.157754078069173,2.157754078069173,0.7452054794520548,0.2811065092502092,-0.7450286678741312,-172.5906940025423,signal_change,1,SCORE
2026-09-02 23:20:00+00:00,2026-09-02 23:25:00+00:00,SI=F,-1.0,-13.89930559549053,range,65.82999908447266,65.83500183105468,65.9171420288086,-3.3951098689387327,3.3951098689387327,1.2203389830508473,0.14285714285714285,-0.4614639806284077,-101.89992080680832,signal_change,1,SCORE
2026-09-03 00:10:00+00:00,2026-09-03 00:15:00+00:00,SI=F,-1.0,-10.242125716701985,range,65.83499633789063,65.87500274658203,65.96070914132255,-2.353174834027487,2.353174834027487,1.2442396313364057,0.11428166588553304,-0.12156333305451243,-482.47624483220915,signal_change,1,SCORE
2026-09-03 01:05:00+00:00,2026-09-03 01:20:00+00:00,SI=F,1.0,74.56504290706528,range,66.06000030517578,66.25999938964844,66.03143528529576,2.595141549123775,2.595141549123775,4.95260947810438,0.31355713029534993,4.105187070551804,2582.1539617630283,signal_change,3,SCORE
2026-09-03 03:15:00+00:00,2026-09-03 03:25:00+00:00,SI=F,1.0,31.181423865091638,range,66.57499969482421,66.39500152587891,66.3300034877232,1.2104640151824928,1.2104640151824928,2.871165644171779,0.10256222153752854,1.6694601619548408,-1095.4588516110557,signal_change,2,SCORE
2026-09-03 03:45:00+00:00,2026-09-03 03:50:00+00:00,SI=F,1.0,-2.496383622660625,range,66.50000274658203,66.51499664306641,66.27214651925223,1.2998358018331222,1.2998358018331222,0.6067019400352733,0.2446796422252163,-0.37619279351916945,90.94883828774556,signal_change,1,SCORE
2026-09-03 04:00:00+00:00,2026-09-03 04:05:00+00:00,SI=F,1.0,-1.4954347482660963,range,66.64499938964843,66.53500091552735,66.42071262904575,1.320664283756046,1.320664283756046,0.5986078886310905,0.27884678868796536,-0.4003295129688261,-732.9586016156813,signal_change,1,SCORE
2026-09-03 04:10:00+00:00,2026-09-03 04:15:00+00:00,SI=F,1.0,28.996674663258737,range,66.68999755859375,66.61500274658204,66.45713862827846,1.2709453665187684,1.2709453665187684,1.8452380952380953,0.25311350440987457,0.9963634167467684,-482.9262710287361,signal_change,1,SCORE
2026-09-03 05:25:00+00:00,2026-09-03 05:30:00+00:00,SI=F,-1.0,-17.8575549366185,range,66.31999694824219,66.24499786376953,66.51285278320313,-1.5336946087308414,1.5336946087308414,1.409907935116177,0.1499975477240154,0.5258793316787929,567.4599845337249,signal_change,1,SCORE
2026-09-03 05:35:00+00:00,2026-09-03 05:40:00+00:00,SI=F,-1.0,-18.76915223905512,range,66.37499725341797,66.26500213623046,66.57642418997628,-1.2116278097115742,1.2116278097115742,1.4518627812615272,0.1582261366709159,0.7313355959320751,660.30757553579,signal_change,1,SCORE
2026-09-03 06:10:00+00:00,2026-09-03 06:15:00+00:00,SI=F,-1.0,-12.009447768763279,range,66.64500152587891,66.50999725341796,66.96928240094867,-0.9134416974919736,0.9134416974919736,1.3414141414141414,0.055557910302961803,0.9721125013294827,612.02545053952,signal_change,1,SCORE
2026-09-03 06:25:00+00:00,2026-09-03 06:30:00+00:00,SI=F,-1.0,10.842072226419436,range,66.28999816894532,66.36000335693359,66.6178528703962,-0.9041379628956993,0.9041379628956993,0.3614013521819299,0.20116732209904442,-0.6341909354965901,-320.9924301137128,signal_change,1,SCORE
2026-09-03 08:05:00+00:00,2026-09-03 08:10:00+00:00,SI=F,1.0,-36.214099443396435,range,66.63,66.5949984741211,66.32571193150112,0.9471198308269689,0.9471198308269689,3.502145922746781,0.024540250597943354,3.09721970854786,-170.4887954996691,signal_change,1,SCORE
2026-09-03 08:10:00+00:00,2026-09-03 08:15:00+00:00,SI=F,-1.0,-0.6714215445154944,range,66.5949984741211,66.47999847412109,66.87928388323103,-1.0421001358956905,1.0421001358956905,0.595606183889341,0.0,-0.5796190308507307,593.997077460591,signal_change,1,SCORE
2026-09-03 08:50:00+00:00,2026-09-03 08:55:00+00:00,SI=F,1.0,13.078669734152186,range,66.66500366210937,66.4750033569336,66.36643166678292,0.9929322477802742,0.9929322477802742,1.3676470588235294,0.10869330856559994,0.49603640248006375,-948.2518117244888,signal_change,1,SCORE
2026-09-03 10:15:00+00:00,2026-09-03 10:30:00+00:00,SI=F,-1.0,-64.55896362327033,range,66.17999755859375,66.04000366210937,66.21857179914203,-1.7419368633545131,1.7419368633545131,2.2740899357601716,0.458163116428363,0.8506545618670892,1210.5929603371494,signal_change,3,SCORE
2026-09-03 11:05:00+00:00,2026-09-03 11:10:00+00:00,SI=F,-1.0,1.3916456036222886,range,66.18999969482422,66.30500305175781,66.3864293561663,-1.5097189488572726,1.5097189488572726,0.6835443037974683,0.19047907382290255,-0.5537841601533372,-875.6623304684323,signal_change,1,SCORE
2026-09-03 11:35:00+00:00,2026-09-03 11:40:00+00:00,SI=F,-1.0,1.3569900147425948,range,66.33499633789063,66.32000244140625,66.55856811523438,-1.3250648339865991,1.3250648339865991,1.0724637681159421,0.028109201213346816,0.19652288979751034,92.71410060953032,signal_change,1,SCORE
2026-09-03 12:15:00+00:00,2026-09-03 12:20:00+00:00,SI=F,1.0,22.884327576367266,range,66.25999725341796,66.25500213623047,66.0357115827288,1.3209918808228138,1.3209918808228138,1.6604740550928891,0.1578934362934363,1.4156330138710496,-39.59750564628394,signal_change,1,SCORE
2026-09-03 12:25:00+00:00,2026-09-03 12:30:00+00:00,SI=F,1.0,23.8899985900862,range,66.39000213623046,66.42000305175782,66.1578581891741,1.2762154456105312,1.2762154456105312,1.4995266645629537,0.30534346699280746,1.0946177969049935,185.05708166426996,signal_change,1,SCORE
2026-09-03 12:35:00+00:00,2026-09-03 13:10:00+00:00,SI=F,1.0,49.9775696493561,range,66.7800015258789,67.13000213623047,66.71035657610211,1.7321945031766361,1.7321945031766361,2.781270044900577,0.4627813496884043,2.413813587123149,3022.684694281417,signal_change,7,SCORE
2026-09-03 15:05:00+00:00,2026-09-03 15:25:00+00:00,SI=F,1.0,68.399216168089,range,67.68500030517578,67.89999877929688,67.39785984584263,1.3280558321942955,1.3280558321942955,2.9228611500701263,0.27902293492448255,2.7796902679836992,1421.0096081860536,signal_change,4,SCORE
2026-09-03 15:30:00+00:00,2026-09-03 15:35:00+00:00,SI=F,1.0,20.9017459478865,range,68.04000366210937,67.8500033569336,67.61357718331473,0.6985629847958458,0.6985629847958458,1.1816765347460267,0.3583505579635048,0.5358095691330178,-667.1287164025241,signal_change,1,SCORE
2026-09-03 17:25:00+00:00,2026-09-03 17:30:00+00:00,SI=F,-1.0,-1.4162600706375912,range,67.71500122070313,67.7749966430664,67.91928806849889,-1.4570309443984022,1.4570309443984022,1.282781579434067,0.16511306216160973,-0.25200055421121803,-444.3610892496893,signal_change,1,SCORE
2026-09-04 00:05:00+00:00,2026-09-04 00:10:00+00:00,SI=F,-1.0,-21.87836873228016,range,67.57999908447266,67.57000244140625,67.67142538888115,-3.2539511939759587,3.2539511939759587,1.8009787928221859,0.08107885186407127,0.12268615492739214,146.37318723868873,signal_change,1,SCORE
2026-09-04 00:20:00+00:00,2026-09-04 00:25:00+00:00,SI=F,-1.0,-5.540184237957246,range,67.50999938964844,67.51999938964843,67.60285457066128,-6.408860760611625,6.408860760611625,0.9292389853137517,0.1199951171875,-0.2989268339418936,-352.48734183334795,signal_change,1,SCORE
2026-09-04 00:30:00+00:00,2026-09-04 00:35:00+00:00,SI=F,-1.0,-31.84575854688388,range,67.44499694824219,67.5642809186663,67.5592809186663,-2.6025048948941905,2.6025048948941905,2.288659793814433,0.08218891745573881,1.2015305642345804,-1565.198109030228,stop,2,SCORE
2026-09-04 01:05:00+00:00,2026-09-04 01:20:00+00:00,SI=F,-1.0,-35.84610052729322,range,67.48000061035157,67.42000091552734,67.66463960920062,-1.4634789376053643,1.4634789376053643,2.0725388601036268,0.13513736433682272,1.1458630328784722,431.7240535020084,signal_change,3,SCORE
2026-09-04 01:30:00+00:00,2026-09-04 01:35:00+00:00,SI=F,-1.0,-6.2744512969852,range,67.24999725341797,67.255,67.50571058000837,-2.3231317700779996,2.3231317700779996,0.6478149100257069,0.21875651930309767,0.05862936901717543,-69.72585646211394,signal_change,1,SCORE
2026-09-04 02:35:00+00:00,2026-09-04 02:40:00+00:00,SI=F,-1.0,-10.674574703659044,range,67.20499908447266,67.36999786376953,67.4342820085798,-1.29535801073741,1.29535801073741,0.9213732004429679,0.09467335413008049,0.41306160531577185,-1075.139242674133,signal_change,1,SCORE
2026-09-04 05:30:00+00:00,2026-09-04 05:30:00+00:00,SI=F,-1.0,34.519176336888904,range,67.12,67.31428527832031,67.30928527832032,-1.5670905649122404,1.5670905649122404,6.550522648083624,0.024998728447179697,1.6481309652434044,-1530.1485856100776,stop,1,SCORE
2026-09-04 05:35:00+00:00,2026-09-04 05:40:00+00:00,SI=F,1.0,16.561764389817956,range,67.3999966430664,67.43500244140625,67.19428200857979,1.4393318320134507,1.4393318320134507,1.4180602006688963,0.08403162004654532,-0.16409510469932126,244.72814011790177,signal_change,1,SCORE
2026-09-04 06:05:00+00:00,2026-09-04 06:10:00+00:00,SI=F,1.0,26.13921909804617,range,67.28499877929687,67.25999938964844,67.0164266531808,1.1027848677365164,1.1027848677365164,1.9567387687188018,0.03623396727111897,0.624192347334629,-143.35866737336136,signal_change,1,SCORE
2026-09-04 06:35:00+00:00,2026-09-04 06:45:00+00:00,SI=F,-1.0,-68.82542250210147,range,67.05499755859375,67.06499755859375,67.25178473336356,-1.0469081846588333,1.0469081846588333,4.860927152317881,0.16993118579834446,5.14053613953771,-57.57995015618823,signal_change,2,SCORE
2026-09-04 07:45:00+00:00,2026-09-04 07:55:00+00:00,SI=F,1.0,40.014823612420095,range,67.58999908447265,67.56000244140625,67.394283316476,3.025887500955541,3.025887500955541,1.1141396933560477,0.23809523809523808,0.768676344319602,-468.9617741309569,signal_change,2,SCORE
2026-09-04 08:05:00+00:00,2026-09-04 08:10:00+00:00,SI=F,1.0,-1.0533301531854637,range,67.6550015258789,67.60999786376954,67.47571402413504,3.301321158039708,3.301321158039708,0.39738562091503266,0.30631181738825614,-0.435598246399794,-759.3643153447965,signal_change,1,SCORE
2026-09-04 08:20:00+00:00,2026-09-04 08:25:00+00:00,SI=F,1.0,7.403750080166256,range,67.72500122070312,67.66000091552735,67.55714255196708,3.522928379637218,3.522928379637218,0.36490008688097303,0.44206210952337294,-0.527994114228307,-1162.5717408422242,signal_change,1,SCORE
2026-09-04 09:25:00+00:00,2026-09-04 09:30:00+00:00,SI=F,-1.0,-5.483682817919187,range,67.23499786376954,67.2749966430664,67.39642604282925,-1.829111469507838,1.829111469507838,1.135774647887324,0.12396829700435695,0.1811727988568345,-374.95668723858967,signal_change,1,SCORE
2026-09-04 10:30:00+00:00,2026-09-04 10:35:00+00:00,SI=F,-1.0,13.652060190717691,range,67.39999877929688,67.40999877929687,67.54714146205357,-2.0058007197501304,2.0058007197501304,0.30264817150063056,0.28703428983172974,-1.070310251517,-110.31903958616597,signal_change,1,SCORE
2026-09-04 11:55:00+00:00,2026-09-04 12:00:00+00:00,SI=F,1.0,1.706754394121408,range,67.57000244140625,67.50500213623047,67.40857426234653,3.656118640926235,3.656118640926235,0.8739884393063584,0.2352927976782629,-0.20623199228784284,-1206.5247302998043,signal_change,1,SCORE
2026-09-04 12:25:00+00:00,2026-09-04 12:30:00+00:00,SI=F,1.0,68.83567747351242,range,67.54500091552734,67.43964383806501,67.444643838065,1.2616284901608517,1.2616284901608517,4.26574633304573,0.24000244140625,4.971113293821157,-670.915595283598,stop,2,SCORE
2026-09-04 12:35:00+00:00,2026-09-04 13:10:00+00:00,SI=F,-1.0,-51.227285141231455,range,66.20499908447266,65.85000122070312,66.60571180071149,-1.0422782827573245,1.0422782827573245,4.0643463000877444,0.44404507132253096,2.1976765162982015,1844.821427747389,signal_change,7,SCORE
2026-09-04 17:45:00+00:00,2026-09-04 17:50:00+00:00,SI=F,-1.0,-6.6525241289464265,range,66.41499816894532,66.46499908447265,66.62356837681362,-1.4148179345325076,1.4148179345325076,0.9405491868834978,0.2435895554870862,-0.5218201503079558,-360.78504982825257,signal_change,1,SCORE
2026-09-04 19:55:00+00:00,2026-09-04 20:00:00+00:00,SI=F,1.0,21.02536606425966,range,66.86500061035156,66.82500183105469,66.72714617047991,2.139667000993451,2.139667000993451,1.3451811346548188,0.3616972923836115,-0.44567624922386145,-438.6186757125872,signal_change,1,SCORE
2026-09-08 04:05:00+00:00,2026-09-08 04:10:00+00:00,SI=F,1.0,16.898440391073727,trend,67.75000274658203,67.7250033569336,67.52371708461216,2.6056364051609138,2.6056364051609138,1.087314662273476,0.6118973617028436,-0.38217918082633484,-338.72478089954427,signal_change,1,SCORE
2026-09-08 05:35:00+00:00,2026-09-08 05:40:00+00:00,SI=F,1.0,9.747053934462974,range,67.20499694824218,67.3500033569336,67.02357373918805,1.313913442934116,1.313913442934116,1.0799999999999998,0.2534128660004573,0.14105209363352397,946.0597812415748,signal_change,1,SCORE
2026-09-08 06:05:00+00:00,2026-09-08 06:15:00+00:00,SI=F,-1.0,-77.82552709250677,trend,67.02000152587891,66.87500274658203,67.18928636823382,-1.8275721646981193,1.8275721646981193,4.76978417266187,0.5238035264483627,4.6491637330765245,1315.8408039674662,signal_change,2,SCORE
2026-09-08 06:20:00+00:00,2026-09-08 06:30:00+00:00,SI=F,-1.0,-32.10516557380835,range,66.63499938964844,66.64000213623046,66.975712890625,-1.7344906502495432,1.7344906502495432,1.5499021526418788,0.4768374924122103,1.1284325187082247,-52.05853911167412,signal_change,2,SCORE
2026-09-08 06:40:00+00:00,2026-09-08 06:45:00+00:00,SI=F,-1.0,-12.60680181250179,range,66.76499664306641,66.85499847412109,67.09856685093472,-0.8857624676025649,0.8857624676025649,0.9596827495042961,0.3774491654418502,0.521179068756658,-403.03003215671833,signal_change,1,SCORE
2026-09-08 07:55:00+00:00,2026-09-08 08:00:00+00:00,SI=F,-1.0,11.021995577371356,range,66.48499786376954,66.57499969482421,66.74142508370537,-1.1516831559566196,1.1516831559566196,0.3771532184950136,0.30070034537092694,-0.4160741558693999,-524.0263799344158,signal_change,1,SCORE
2026-09-08 08:05:00+00:00,2026-09-08 08:10:00+00:00,SI=F,-1.0,-11.488847225578679,range,66.42500030517579,66.35499847412109,66.7200006539481,-1.0004717008781676,1.0004717008781676,1.1615541922290389,0.26470819230697307,0.5394211106378695,345.17189639500134,signal_change,1,SCORE
2026-09-08 09:55:00+00:00,2026-09-08 10:00:00+00:00,SI=F,1.0,-8.537437723889045,range,66.75000274658203,66.73000061035157,66.6050028337751,2.0362792304075445,2.0362792304075445,0.2448979591836735,0.19416627162834796,-0.9862409460332302,-213.83106900137398,signal_change,1,SCORE
2026-09-08 10:25:00+00:00,2026-09-08 10:30:00+00:00,SI=F,1.0,6.945661386290527,range,66.71999633789062,66.67999755859375,66.54213989257812,1.6596838504605986,1.6596838504605986,0.8230251071647274,0.2646955429067219,-0.5112237246379829,-340.2250594380334,signal_change,1,SCORE
2026-09-08 11:10:00+00:00,2026-09-08 11:15:00+00:00,SI=F,1.0,-22.221928117099765,range,66.58500183105468,66.57500183105469,66.35143227713448,1.2632913248423256,1.2632913248423256,2.0313837375178316,0.011672504898177284,1.1522843363695745,-69.48102286627046,signal_change,1,SCORE
2026-09-08 12:15:00+00:00,2026-09-08 12:30:00+00:00,SI=F,-1.0,-33.61963374473671,range,66.50999938964844,66.73500335693359,66.78142926897321,-1.086991872783647,1.086991872783647,2.780569514237856,0.037837704086472045,3.2646629442682946,-1228.322378279081,signal_change,3,SCORE
2026-09-08 12:30:00+00:00,2026-09-08 12:40:00+00:00,SI=F,1.0,42.547443779181265,range,66.73500335693359,66.89500152587891,66.52856990269252,0.9084939377379314,0.9084939377379314,3.7478433974784338,0.14685399253067757,4.469789143165655,722.2443629912805,signal_change,2,SCORE
2026-09-08 13:00:00+00:00,2026-09-08 13:20:00+00:00,SI=F,1.0,39.795234012279884,range,67.08500183105468,67.2250033569336,66.71106828962054,1.5726039015951903,1.5726039015951903,1.9480387162506367,0.21225112604716542,2.233279811749324,1092.9717096243353,signal_change,4,SCORE
2026-09-08 13:45:00+00:00,2026-09-08 13:50:00+00:00,SI=F,-1.0,30.197394469528916,range,66.62499725341797,66.86999786376953,67.00785226004464,-0.7711731087210129,0.7711731087210129,1.7970353477765109,0.06050050093535083,2.295537921304495,-948.5452771603701,signal_change,1,SCORE
2026-09-08 13:50:00+00:00,2026-09-08 13:55:00+00:00,SI=F,1.0,0.6986635621198025,range,66.86999786376953,66.92500030517579,66.4942850603376,0.7849492806974029,0.7849492806974029,0.7399018497546244,0.05545865236320954,0.33268867233723654,211.94588768873362,signal_change,1,SCORE
2026-09-08 16:15:00+00:00,2026-09-08 16:20:00+00:00,SI=F,1.0,9.13133562521095,range,66.67499816894531,66.65500366210938,66.40428218296596,1.089664782063811,1.089664782063811,0.8665032315578337,0.03206950394362814,-0.5075275196833022,-114.3848735795456,signal_change,1,SCORE
2026-09-08 17:25:00+00:00,2026-09-08 17:30:00+00:00,SI=F,1.0,4.417525726867531,range,67.03499877929687,67.05000030517579,66.79785430908203,1.2437550868903466,1.2437550868903466,1.1546218487394957,0.07692006729527759,-0.11687378244912622,87.07234518063895,signal_change,1,SCORE
2026-09-08 18:50:00+00:00,2026-09-08 18:50:00+00:00,SI=F,-1.0,-43.238332893435626,range,66.37499725341797,66.54464505876813,66.53964505876813,-2.2143123717181434,2.2143123717181434,3.9083179297597046,0.20563065483226237,3.4891319820333373,-1889.3377329669586,stop,1,SCORE
2026-09-08 18:55:00+00:00,2026-09-08 19:00:00+00:00,SI=F,-1.0,-24.084271548723947,range,66.56499969482422,66.67499816894531,66.84642953055246,-1.04579831598279,1.04579831598279,1.675132468481637,0.14208924451426047,0.9188054700392262,-580.4100865624482,signal_change,1,SCORE
2026-09-08 22:45:00+00:00,2026-09-08 22:50:00+00:00,SI=F,-1.0,-1.1603359436416665,range,66.17000305175782,66.20499694824218,66.3164340209961,-2.0085621659923825,2.0085621659923825,0.5630026809651475,0.308902949541431,-0.5130359633645756,-361.47989342571793,signal_change,1,SCORE
2026-09-09 00:10:00+00:00,2026-09-09 00:15:00+00:00,SI=F,1.0,14.075668243170394,range,66.43000305175781,66.45000183105469,66.26500213623046,1.7817427608769087,1.7817427608769087,1.176738882554162,0.20903808686356662,-0.2950685818850574,169.2546873886066,signal_change,1,SCORE
2026-09-09 00:45:00+00:00,2026-09-09 01:00:00+00:00,SI=F,1.0,63.23663539870623,range,66.57499969482421,66.42142429896764,66.42642429896763,1.3767987904102401,1.3767987904102401,3.173553719008264,0.33891336270190897,0.42214802133374196,-1064.0960902126017,stop,4,SCORE
2026-09-09 01:05:00+00:00,2026-09-09 01:10:00+00:00,SI=F,1.0,18.01012227394385,range,66.36999786376953,66.50500213623047,66.07785199846539,1.0052375445471264,1.0052375445471264,1.4452554744525548,0.16384263589615383,0.4942240404964058,673.5306290373304,signal_change,1,SCORE
2026-09-09 01:30:00+00:00,2026-09-09 01:40:00+00:00,SI=F,1.0,60.43585471011806,range,66.72999847412109,66.78500091552735,66.44177791050502,0.9727479478187971,0.9727479478187971,1.9911504424778763,0.2189607544622252,1.1651044555949708,262.65382027571684,signal_change,2,SCORE
2026-09-09 02:55:00+00:00,2026-09-09 03:05:00+00:00,SI=F,1.0,38.58591338214018,range,67.08999908447265,67.01499664306641,66.82071306501116,2.1835790616468813,2.1835790616468813,1.9675324675324675,0.1640418462551305,1.3011798582083542,-829.7866984435581,signal_change,2,SCORE
2026-09-09 05:05:00+00:00,2026-09-09 05:05:00+00:00,SI=F,-1.0,42.57093143497005,range,66.94499694824219,67.08356693812779,67.07856693812779,-2.1989462734277097,2.1989462734277097,2.2404526166902405,0.08718141340156975,0.028943356608551265,-1534.5345457063736,stop,1,SCORE
2026-09-09 05:10:00+00:00,2026-09-09 05:20:00+00:00,SI=F,1.0,49.241428454511166,range,67.08999908447265,67.12499725341797,66.97571836199079,2.052248668282846,2.052248668282846,3.2783505154639174,0.12315648631176992,0.3961396229797476,348.86348471045727,signal_change,2,SCORE
2026-09-09 05:35:00+00:00,2026-09-09 05:40:00+00:00,SI=F,1.0,4.436633970702726,range,67.07999694824218,67.10999786376954,66.89285443987164,1.5672454600675427,1.5672454600675427,0.9164677804295943,0.24272233003955496,-0.2381407622219299,227.25776599023033,signal_change,1,SCORE
2026-09-09 05:45:00+00:00,2026-09-09 06:00:00+00:00,SI=F,1.0,30.29571821652568,range,67.1550015258789,67.33499633789063,67.02856717790876,1.392295600023286,1.392295600023286,1.8436437797416725,0.2916679912261182,0.3517696937489806,1246.0684459546196,signal_change,3,SCORE
2026-09-09 06:05:00+00:00,2026-09-09 06:15:00+00:00,SI=F,1.0,39.13225095046788,range,67.3999966430664,67.36500274658204,67.12642290387835,2.147968673276667,2.147968673276667,1.8357578601595494,0.46255192718766386,0.8725100389797903,-386.5688103879056,signal_change,2,SCORE
2026-09-09 07:30:00+00:00,2026-09-09 07:35:00+00:00,SI=F,1.0,9.305458010365182,range,67.63,67.55000030517579,67.45214137486049,3.3023825691845228,3.3023825691845228,0.7633209417596035,0.4067876609143751,-0.06962750137751209,-1337.459901483679,signal_change,1,SCORE
2026-09-09 09:45:00+00:00,2026-09-09 10:10:00+00:00,SI=F,-1.0,-48.94630208631106,range,67.12499725341797,66.87500274658203,66.94963727678571,-1.9927246061848336,1.9927246061848336,1.4180206794682424,0.4905641365213261,-0.03810777194978227,2480.887402884243,signal_change,5,SCORE
2026-09-09 10:20:00+00:00,2026-09-09 10:25:00+00:00,SI=F,-1.0,1.2357210520982065,range,66.93999969482422,66.90999877929687,67.13285226004464,-1.5248892904757942,1.5248892904757942,0.5542997542997543,0.3303138053647254,-0.6628735804091366,221.11592750826765,signal_change,1,SCORE
2026-09-09 11:50:00+00:00,2026-09-09 11:55:00+00:00,SI=F,1.0,37.60318937389374,range,67.24000061035156,67.01500265938895,67.02000265938895,2.6741721969040415,2.6741721969040415,2.104940635771735,0.08038544191386433,2.0372253635075173,-3021.7871851073796,stop,2,SCORE
2026-09-09 12:20:00+00:00,2026-09-09 12:25:00+00:00,SI=F,-1.0,-16.405821344884572,range,66.66499816894532,66.76500213623046,66.93999751499722,-1.0658155396119988,1.0658155396119988,1.5728813559322035,0.07648815827580692,1.0990811707521828,-538.257989474859,signal_change,1,SCORE
2026-09-09 12:40:00+00:00,2026-09-09 12:45:00+00:00,SI=F,-1.0,-20.67709235497931,range,66.63999664306641,66.7800015258789,66.93642695835659,-0.9881249352725644,0.9881249352725644,1.5537993920972644,0.051771592978488094,1.5295279830011808,-696.6522035110405,signal_change,1,SCORE
2026-09-09 13:00:00+00:00,2026-09-09 13:10:00+00:00,SI=F,1.0,67.95013830650112,range,67.03499877929687,67.27499877929688,66.8864255632673,0.8926590494445878,0.8926590494445878,4.034278180619644,0.15288214800622588,5.442930187672795,1066.7275640863231,signal_change,2,SCORE
2026-09-09 13:15:00+00:00,2026-09-09 13:50:00+00:00,SI=F,1.0,75.49737235733468,range,67.43500030517578,68.05499755859375,67.81786019461495,0.784425880847375,0.784425880847375,4.075095530819073,0.33069250688155866,5.230827111663767,2427.7873287725156,signal_change,7,SCORE
2026-09-09 14:05:00+00:00,2026-09-09 14:20:00+00:00,SI=F,1.0,66.50047304140097,trend,68.53499877929687,68.42000305175782,67.9499986049107,1.0047499160443254,1.0047499160443254,1.588197744520888,0.509659749193415,1.615473726959539,-582.733487531822,signal_change,3,SCORE
2026-09-09 14:30:00+00:00,2026-09-09 14:35:00+00:00,SI=F,1.0,22.145957113854728,range,68.93999755859375,68.82999908447266,68.32285365513393,0.47587844534008156,0.47587844534008156,0.9944474296972954,0.4512332141087348,0.8563208657180854,-264.1089064993152,signal_change,1,SCORE
2026-09-09 15:05:00+00:00,2026-09-09 15:10:00+00:00,SI=F,1.0,29.733391983923166,range,68.10000122070312,67.80499755859375,67.42928806849888,0.4377326465828591,0.4377326465828591,1.9265241800453068,0.10056894679695982,2.3474033132896706,-647.8523320667555,signal_change,1,SCORE
2026-09-09 17:10:00+00:00,2026-09-09 17:15:00+00:00,SI=F,1.0,18.077648553103185,range,68.93500030517578,68.75999938964844,68.58357186453682,1.669564901250941,1.669564901250941,1.122591776095083,0.3888922738651867,-0.20178013991583638,-1469.2247557623484,signal_change,1,SCORE
2026-09-09 17:25:00+00:00,2026-09-09 17:30:00+00:00,SI=F,1.0,2.0876068808687798,range,68.68500030517578,68.58499633789063,68.34285792759486,0.8559362575958486,0.8559362575958486,0.7374505628232431,0.3280008789089322,-0.6384085503566945,-432.2647888019119,signal_change,1,SCORE
2026-09-09 19:05:00+00:00,2026-09-09 19:10:00+00:00,SI=F,-1.0,-12.83240738252309,trend,67.94499694824219,68.00999725341796,68.1699965122768,-1.3008948475583046,1.3008948475583046,0.596043956043956,0.7153617556292148,-0.7164347153545031,-429.29728470218856,signal_change,1,SCORE
2026-09-09 20:20:00+00:00,2026-09-09 20:25:00+00:00,SI=F,-1.0,-2.4958493582086376,range,67.77000152587891,67.83999908447265,67.94714407784599,-1.6514977133230078,1.6514977133230078,0.4435516271595018,0.4949497025308001,-0.8732545374053825,-586.2615283453968,signal_change,1,SCORE
2026-09-09 20:40:00+00:00,2026-09-09 20:45:00+00:00,SI=F,-1.0,2.255897212688596,range,67.87,67.90999877929687,68.01071546282087,-2.0775636316746504,2.0775636316746504,0.7636826474331778,0.3003829194708749,-0.6737219175647937,-425.88786405112097,signal_change,1,SCORE
2026-09-10 00:55:00+00:00,2026-09-10 01:00:00+00:00,SI=F,1.0,31.90589950242342,range,67.92000091552734,68.00678686959404,68.01178686959403,2.0052601011117375,2.0052601011117375,3.4543744120413926,0.06040062264460101,1.9871522473843781,860.1157546287727,stop,2,SCORE
2026-09-10 01:05:00+00:00,2026-09-10 01:20:00+00:00,SI=F,1.0,43.07410663307485,range,68.1550015258789,68.09000122070313,67.95856857299805,2.7299609868714034,2.7299609868714034,2.0032102728731944,0.41968944688656273,0.9843155994937413,-900.891291257324,signal_change,3,SCORE
2026-09-10 02:35:00+00:00,2026-09-10 02:40:00+00:00,SI=F,1.0,7.2409752369612495,range,68.07000244140625,68.23499786376954,67.88714272635323,1.0879088608562228,1.0879088608562228,0.8885597926693817,0.15686369841240158,0.3823259232125788,892.0603656444116,signal_change,1,SCORE
2026-09-10 05:15:00+00:00,2026-09-10 05:20:00+00:00,SI=F,1.0,20.74711140785401,range,68.32999694824218,68.26499664306641,68.20071576799664,2.262465552628221,2.262465552628221,1.7522816166883963,0.22513022081615697,-0.11788540974549609,-746.617084615673,signal_change,1,SCORE
2026-09-10 05:35:00+00:00,2026-09-10 05:50:00+00:00,SI=F,1.0,35.479498420366625,range,68.47500122070312,68.39999877929688,68.29500527518135,3.2471053732007,3.2471053732007,2.5414175918018787,0.277780132525184,0.46021003062171734,-1233.939679332881,signal_change,3,SCORE
2026-09-10 06:00:00+00:00,2026-09-10 06:05:00+00:00,SI=F,1.0,35.30848574598485,range,68.53499877929687,68.29214477539062,68.29714477539062,1.2268072735755833,1.2268072735755833,2.9961977186311786,0.3088220444524229,1.1388092237783736,-1495.8093284135534,stop,2,SCORE
2026-09-10 06:10:00+00:00,2026-09-10 06:15:00+00:00,SI=F,1.0,6.302120123593683,range,68.36000335693359,68.2199984741211,68.09357727050781,1.0932769109959495,1.0932769109959495,1.1574279379157426,0.09859124660169136,0.2661806975815559,-770.7869135829294,signal_change,1,SCORE
2026-09-10 07:05:00+00:00,2026-09-10 07:10:00+00:00,SI=F,-1.0,-2.2003709207662623,range,67.98499786376954,68.005,68.19928248814175,-1.3580429030273637,1.3580429030273637,0.8150609080841639,0.09841838835468791,0.2829281738425867,-142.60901028094804,signal_change,1,SCORE
2026-09-10 07:30:00+00:00,2026-09-10 07:50:00+00:00,SI=F,-1.0,-40.36526627973479,range,67.88999664306641,67.88,68.00464521135602,-1.6100439400107465,1.6100439400107465,0.860249697946033,0.4417077352773075,0.1875554291165426,72.42495324760863,signal_change,4,SCORE
2026-09-10 08:15:00+00:00,2026-09-10 08:25:00+00:00,SI=F,-1.0,-38.105352568396455,range,67.67500030517579,67.75000274658203,67.89928815569196,-2.5947294805931276,2.5947294805931276,1.857243816254417,0.39098908915684766,1.4089875117079333,-986.0288765691254,signal_change,2,SCORE
2026-09-10 08:35:00+00:00,2026-09-10 08:40:00+00:00,SI=F,-1.0,-11.546662934571527,range,67.58499633789063,67.57499969482421,67.817142464774,-1.2519616102654978,1.2519616102654978,0.7058823529411764,0.4963551209297922,-0.05819101320791621,56.3172587020664,signal_change,1,SCORE
2026-09-10 08:45:00+00:00,2026-09-10 08:50:00+00:00,SI=F,-1.0,-29.159720960184913,trend,67.43500244140625,67.39000213623046,67.67357469831195,-2.436643335148951,2.436643335148951,1.2194174757281553,0.5778602617781696,0.6353822930386201,536.065251755547,signal_change,1,SCORE
2026-09-10 09:00:00+00:00,2026-09-10 09:05:00+00:00,SI=F,-1.0,-12.228491233676499,range,67.32999908447266,67.39000213623046,67.55999808175224,-1.2645506117356042,1.2645506117356042,0.6762778505897772,0.47859903697150696,-0.1340136916519125,-385.7072320903451,signal_change,1,SCORE
2026-09-10 09:10:00+00:00,2026-09-10 09:15:00+00:00,SI=F,-1.0,-20.568504796017862,range,67.25500213623047,67.32999694824218,67.50500104631696,-2.3256931406352983,2.3256931406352983,1.0451010886469672,0.45775060310228294,0.3760022885770483,-883.7030650975106,signal_change,1,SCORE
2026-09-10 09:35:00+00:00,2026-09-10 09:40:00+00:00,SI=F,-1.0,-9.402464567753547,range,67.2250033569336,67.14499938964843,67.43714521135603,-1.3689004458600558,1.3689004458600558,0.6153846153846154,0.46666515962406824,-0.31264906408441206,540.7428302068805,signal_change,1,SCORE
2026-09-10 09:45:00+00:00,2026-09-10 09:50:00+00:00,SI=F,-1.0,-11.771513907359207,range,67.13000213623047,67.21000183105468,67.3421429007394,-1.3697996222823532,1.3697996222823532,0.7117701575532901,0.47794476514246287,-0.20081999277195148,-554.7667568759413,signal_change,1,SCORE
2026-09-10 10:05:00+00:00,2026-09-10 10:20:00+00:00,SI=F,-1.0,-45.31648193039831,trend,67.25500213623047,67.11999786376953,67.22571073259626,-1.1615948112234256,1.1615948112234256,1.9221829206670036,0.5577568060269723,1.810237371298195,778.2933378620288,signal_change,3,SCORE
2026-09-10 10:35:00+00:00,2026-09-10 10:45:00+00:00,SI=F,-1.0,-46.50619835831706,range,66.67500030517579,66.6550015258789,67.02035413469586,-1.6746335458928032,1.6746335458928032,4.05206916650476,0.49271313415306867,4.966726621524034,159.0799657078789,signal_change,2,SCORE
2026-09-10 10:55:00+00:00,2026-09-10 11:10:00+00:00,SI=F,-1.0,-74.88316575476159,trend,66.38999664306641,66.31499755859375,66.8035675920759,-0.702961008462164,0.702961008462164,2.378230361115865,0.5468753104423879,2.627304378391867,260.0923552309084,signal_change,3,SCORE
2026-09-10 11:15:00+00:00,2026-09-10 11:25:00+00:00,SI=F,-1.0,-48.07212862306149,trend,66.35999786376954,66.21999633789062,66.68499646868024,-0.6797029398453646,0.6797029398453646,2.1080859214666847,0.5345254169821188,2.5054587325091293,472.39872891445145,signal_change,2,SCORE
2026-09-10 12:20:00+00:00,2026-09-10 12:30:00+00:00,SI=F,-1.0,-66.37085519060153,range,66.01499664306641,65.83179094587054,65.82679094587054,-1.505994261862904,1.505994261862904,1.7660423702793981,0.4690634203689547,2.280307152283953,1372.0036722785767,stop,3,SCORE
2026-09-10 12:35:00+00:00,2026-09-10 12:55:00+00:00,SI=F,-1.0,-82.5196967119445,trend,65.07500183105469,64.6499966430664,65.31357628958565,-1.0489573730176565,1.0489573730176565,4.232861317149921,0.6297391981315688,5.146628687623091,2223.8168406902732,signal_change,4,SCORE
2026-09-10 13:00:00+00:00,2026-09-10 13:10:00+00:00,SI=F,-1.0,-44.14439424728502,range,64.58499633789063,65.06499755859375,65.30571145193917,-0.40548498949012873,0.40548498949012873,3.2710739482623468,0.2972297758261187,3.9509027676927855,-975.1938746077102,signal_change,2,SCORE
2026-09-10 16:15:00+00:00,2026-09-10 16:20:00+00:00,SI=F,-1.0,4.157927805527113,range,64.64500152587891,64.69500244140625,64.94714298793248,-0.9660966111876598,0.9660966111876598,0.7417099030002255,0.22034000586217004,-0.702363436358613,-246.35905829213056,signal_change,1,SCORE
2026-09-10 17:25:00+00:00,2026-09-10 17:30:00+00:00,SI=F,-1.0,-0.683413767380749,range,64.89500152587891,64.97500122070312,65.16643031529019,-1.0750945673514443,1.0750945673514443,1.0601927168064074,0.01204730682027085,-0.5102040378046607,-435.4116593131635,signal_change,1,SCORE
2026-09-10 18:10:00+00:00,2026-09-10 18:15:00+00:00,SI=F,-1.0,-14.296040507341052,range,64.32999908447266,64.41500366210937,64.63856994628907,-1.8903873238141977,1.8903873238141977,1.3826335877862597,0.135479679278623,0.11276927402270293,-812.9098167721497,signal_change,1,SCORE
2026-09-10 19:05:00+00:00,2026-09-10 19:10:00+00:00,SI=F,-1.0,-5.622117496770587,range,64.0949984741211,64.28499877929687,64.48928231375558,-0.738997329112757,0.738997329112757,0.7414634146341463,0.29948802156350934,-0.4274164461717352,-705.7435769230856,signal_change,1,SCORE
2026-09-10 22:35:00+00:00,2026-09-10 22:40:00+00:00,SI=F,-1.0,-6.868070673269738,range,63.995,63.92999923706055,64.1342852456229,-1.9045674532071033,1.9045674532071033,0.7772727272727273,0.2707239143813386,-0.5984860177051572,609.4688503744802,signal_change,1,SCORE
2026-09-11 00:50:00+00:00,2026-09-11 00:55:00+00:00,SI=F,1.0,11.582937293639148,range,64.18000305175781,64.17000305175782,63.97143338884626,1.3968522755462562,1.3968522755462562,1.3232432432432433,0.1508396556133322,-0.2351116060246116,-76.82687515498057,signal_change,1,SCORE
2026-09-11 01:00:00+00:00,2026-09-11 01:15:00+00:00,SI=F,1.0,73.95469955271827,range,64.17499816894531,64.07999908447266,63.970716203962056,1.2510501918765355,1.2510501918765355,8.388059701492537,0.20855636790913246,5.276015645297384,-600.498365247385,signal_change,3,SCORE
2026-09-11 01:45:00+00:00,2026-09-11 01:50:00+00:00,SI=F,-1.0,-14.827470479468582,range,63.73999893188476,63.81999862670899,64.06999858311244,-1.7642681944104983,1.7642681944104983,1.4233576642335766,0.08605439327702175,0.849652592783931,-714.5259266766741,signal_change,1,SCORE
2026-09-11 02:35:00+00:00,2026-09-11 02:40:00+00:00,SI=F,-1.0,-9.978310583297107,range,63.68499862670898,63.764998321533206,63.970714547293525,-1.01798268624438,1.01798268624438,1.036228287841191,0.17086889807362704,0.6150624127333962,-412.28143461069203,signal_change,1,SCORE
2026-09-11 03:25:00+00:00,2026-09-11 03:30:00+00:00,SI=F,-1.0,-17.897849103563566,range,63.610001678466794,63.63,63.891431514195034,-2.0659469958831878,2.0659469958831878,1.199355185384202,0.2814368795427861,0.5392341742704532,-216.9070964506041,signal_change,1,SCORE
2026-09-11 04:55:00+00:00,2026-09-11 05:00:00+00:00,SI=F,1.0,11.464268927778102,range,64.10000122070312,64.03500091552735,63.91000150408063,1.5296530411728353,1.5296530411728353,1.3708609271523178,0.13618700145167179,0.13594891124254935,-504.7878376522755,signal_change,1,SCORE
2026-09-11 05:10:00+00:00,2026-09-11 05:20:00+00:00,SI=F,1.0,44.98399389784166,range,64.19500244140625,64.21500122070313,63.99071668352399,1.421817025432587,1.421817025432587,1.1480412371134021,0.38168010063830776,-0.060184582524576875,135.0639393337298,signal_change,2,SCORE
2026-09-11 05:35:00+00:00,2026-09-11 05:40:00+00:00,SI=F,1.0,16.789603289351906,trend,64.34499633789062,64.31499969482422,64.13213950020926,2.7295739629847273,2.7295739629847273,0.8478522681653954,0.5000055285883303,-0.34547446327877884,-423.03814926984376,signal_change,1,SCORE
2026-09-11 05:50:00+00:00,2026-09-11 06:10:00+00:00,SI=F,1.0,75.90735017699801,trend,64.43000305175781,64.59000122070313,64.25321469988141,2.336201998610716,2.336201998610716,2.076183695265219,0.7031854895236863,0.7558010370853446,1857.2592003275229,signal_change,4,SCORE
2026-09-11 08:25:00+00:00,2026-09-11 08:35:00+00:00,SI=F,1.0,31.796542775458846,range,64.69999969482421,64.74000274658204,64.44357247488838,2.269698345049746,2.269698345049746,1.872599817128924,0.20332275976472228,1.084411732163788,442.62581013308625,signal_change,2,SCORE
2026-09-11 10:05:00+00:00,2026-09-11 10:10:00+00:00,SI=F,1.0,8.321454963162079,range,64.59499633789062,64.52499877929688,64.44428200857979,1.9318742864196792,1.9318742864196792,1.210149642160052,0.1428609175281567,0.18263624399473674,-685.7917892291129,signal_change,1,SCORE
2026-09-11 11:00:00+00:00,2026-09-11 11:15:00+00:00,SI=F,-1.0,-73.93353579628248,range,64.32500183105469,64.29000366210937,64.47856794084821,-1.7555875214710173,1.7555875214710173,4.618825722273998,0.3473770439140351,2.8441556227923037,298.43380576635025,signal_change,3,SCORE
2026-09-11 12:15:00+00:00,2026-09-11 12:20:00+00:00,SI=F,-1.0,-23.881993326226667,range,64.45999633789063,64.53499877929687,64.6535671561105,-1.503457828885142,1.503457828885142,2.307076101468625,0.020615232147492116,1.5047116879649243,-571.3323277329857,signal_change,1,SCORE
2026-09-11 12:25:00+00:00,2026-09-11 12:25:00+00:00,SI=F,-1.0,67.38244962461084,range,64.41499816894532,64.68785531180245,64.68285531180246,-1.085748890918174,1.085748890918174,3.5876598946576372,0.12915395096902063,3.4388997261224965,-1486.7004456357672,stop,1,SCORE
2026-09-11 12:30:00+00:00,2026-09-11 12:30:00+00:00,SI=F,1.0,-43.184879359360956,range,64.69500244140625,64.20285631452289,64.20785631452289,1.113501453433714,1.113501453433714,10.566401816118047,0.1499985165028462,7.190702530438393,-2745.5946451991144,stop,1,SCORE
2026-09-11 12:40:00+00:00,2026-09-11 13:10:00+00:00,SI=F,1.0,65.35409105979053,range,64.95499694824218,65.245,64.60678809029716,0.45159714989494537,0.45159714989494537,3.3746091307066917,0.24000012207068502,2.4652216307037316,652.5647724238681,signal_change,6,SCORE
2026-09-11 14:00:00+00:00,2026-09-11 14:05:00+00:00,SI=F,1.0,17.323783006043712,range,65.79500091552734,65.50999938964844,65.18714307512555,0.4763822573692662,0.4763822573692662,1.214718211457848,0.26027535656305956,1.1668036923267189,-681.2302625462182,signal_change,1,SCORE
2026-09-11 16:25:00+00:00,2026-09-11 16:25:00+00:00,SI=F,-1.0,-31.14006706822756,range,64.63000213623047,64.93500191824776,64.93000191824777,-0.9644482327044976,0.9644482327044976,2.483122982095685,0.22409945104844967,0.48225821370660626,-1475.6047448726865,stop,1,SCORE
2026-09-11 16:30:00+00:00,2026-09-11 16:35:00+00:00,SI=F,-1.0,-4.7938350269056995,range,64.80499755859375,65.005,65.12214059012277,-0.9106862494350189,0.9106862494350189,1.1365795724465557,0.10375375577682265,-0.33661308846459853,-915.2507974576583,signal_change,1,SCORE
2026-09-11 17:25:00+00:00,2026-09-11 17:30:00+00:00,SI=F,1.0,0.01575006720284433,range,65.23500335693359,65.17000305175782,64.92714202880859,0.9371019799582144,0.9371019799582144,0.9272619751626257,0.08808159070245483,-0.579373115522664,-309.2450832903123,signal_change,1,SCORE
2026-09-13 22:15:00+00:00,2026-09-13 22:20:00+00:00,SI=F,-1.0,-21.672332637298936,range,64.42500030517579,64.5249966430664,64.66871586390904,-1.1833024771101575,1.1833024771101575,2.2486221677893448,0.21117747440273038,0.2241518605639255,-597.5460840251012,signal_change,1,SCORE
2026-09-14 00:10:00+00:00,2026-09-14 00:15:00+00:00,SI=F,-1.0,31.323262390333028,range,64.71500122070313,64.6550015258789,64.88249914986747,-1.4778323733829208,1.4778323733829208,2.9854227405247813,0.15384287070924785,1.1296793696565526,435.9582951547834,signal_change,1,SCORE
2026-09-14 00:15:00+00:00,2026-09-14 00:20:00+00:00,SI=F,1.0,-0.4651545821054812,range,64.6550015258789,64.53500091552735,64.45214137486049,1.4213371486994144,1.4213371486994144,0.9978118161925601,0.061369733225367554,-0.5060693760538065,-859.9133125398287,signal_change,1,SCORE
2026-09-14 01:05:00+00:00,2026-09-14 01:15:00+00:00,SI=F,-1.0,-32.789640481216644,range,64.31000244140625,64.32000244140625,64.65714861188617,-1.6594260485470413,1.6594260485470413,2.5560371517027862,0.11224426244822969,1.6318152652645082,-91.26843267001175,signal_change,2,SCORE
2026-09-14 01:30:00+00:00,2026-09-14 01:35:00+00:00,SI=F,1.0,10.621468128221393,range,64.60499847412109,64.52000152587891,64.22928022112164,0.7665311778793222,0.7665311778793222,0.4847290640394089,0.03153126836460113,-0.32707453557976823,-329.5967101505206,signal_change,1,SCORE
2026-09-14 02:35:00+00:00,2026-09-14 02:40:00+00:00,SI=F,1.0,8.068076774450784,range,64.96999633789062,64.78500091552735,64.67070935930523,1.9238016804780178,1.9238016804780178,1.024,0.17646945683951376,0.48810404412130515,-1789.0915305184083,signal_change,1,SCORE
2026-09-14 05:30:00+00:00,2026-09-14 05:30:00+00:00,SI=F,-1.0,39.0628936707472,range,64.28000366210938,64.47571672712054,64.47071672712055,-3.0124649731928814,3.0124649731928814,7.5,0.014217529649985537,4.535383059971563,-2962.9560905777016,stop,1,SCORE
2026-09-14 05:35:00+00:00,2026-09-14 05:40:00+00:00,SI=F,1.0,23.033163555338295,range,64.50000274658203,64.54500305175782,64.3164313180106,1.3913653404219513,1.3913653404219513,1.6871123363197793,0.11110966202161027,0.34427018058586545,306.10249794791633,signal_change,1,SCORE
2026-09-14 06:50:00+00:00,2026-09-14 06:55:00+00:00,SI=F,-1.0,-0.09737691718950336,range,64.16499816894532,64.19500244140625,64.41785483224052,-1.1323740163670952,1.1323740163670952,0.7924016282225237,0.12994189554992328,0.06089440246936939,-175.54216265560612,signal_change,1,SCORE
2026-09-14 07:05:00+00:00,2026-09-14 07:10:00+00:00,SI=F,-1.0,-28.350001947207883,range,64.16000091552735,64.06000030517578,64.38214381626675,-1.2886609235361877,1.2886609235361877,1.6409472880061116,0.20430036957582867,1.542937237639253,637.8910898315125,signal_change,1,SCORE
2026-09-14 07:30:00+00:00,2026-09-14 07:35:00+00:00,SI=F,-1.0,-1.846782470194949,range,64.01499664306641,64.05500305175781,64.2314251273019,-1.3237173402441649,1.3237173402441649,0.5600691443388073,0.2346367286397463,-0.32580850821975227,-271.4044712297072,signal_change,1,SCORE
2026-09-14 07:55:00+00:00,2026-09-14 08:10:00+00:00,SI=F,-1.0,-72.35172234674448,trend,63.86499893188476,63.90500152587891,64.07535634722028,-2.258894204711791,2.258894204711791,1.7957351290684624,0.554718719410376,1.599328190144355,-463.10260975763146,signal_change,3,SCORE
2026-09-14 08:55:00+00:00,2026-09-14 09:00:00+00:00,SI=F,-1.0,1.831248590482713,range,63.669999237060544,63.73499954223633,63.93714194161551,-1.0714612645094355,1.0714612645094355,0.5140449438202247,0.2805736836616518,-0.4441378593525126,-353.5838522082835,signal_change,1,SCORE
2026-09-14 09:20:00+00:00,2026-09-14 09:35:00+00:00,SI=F,-1.0,-79.64563665038467,trend,63.19500076293945,63.03999984741211,63.366428647722515,-1.764556358699605,1.764556358699605,2.945065398335315,0.5917310827621148,2.5032609602484523,1358.7164736966306,signal_change,3,SCORE
2026-09-14 09:40:00+00:00,2026-09-14 10:00:00+00:00,SI=F,-1.0,-47.961153448194246,trend,62.919999237060544,63.10000122070313,63.29356981549944,-0.7671505010968964,0.7671505010968964,1.9352587710796665,0.5656569937924577,1.654971006812958,-694.2788122546999,signal_change,4,SCORE
2026-09-14 12:20:00+00:00,2026-09-14 12:25:00+00:00,SI=F,1.0,22.390794114501226,range,63.505,63.36499893188476,63.261427219935825,1.1755905515580365,1.1755905515580365,1.8332868692500697,0.1023623939325674,0.6004992828082916,-828.7976171793333,signal_change,1,SCORE
2026-09-14 12:40:00+00:00,2026-09-14 12:50:00+00:00,SI=F,1.0,31.58722377888793,range,63.310000305175784,63.34499847412109,63.103929792131694,0.8395642198559373,0.8395642198559373,2.27890142644241,0.12956748316976235,1.447722841448532,142.7182309354867,signal_change,2,SCORE
2026-09-14 13:05:00+00:00,2026-09-14 13:15:00+00:00,SI=F,-1.0,-33.49839932520536,range,63.224999542236326,63.400000457763674,63.60500035967146,-0.6653515475301967,0.6653515475301967,2.3661410788381745,0.09348260695721711,1.9553765214157965,-585.5124075642649,signal_change,2,SCORE
2026-09-14 13:35:00+00:00,2026-09-14 13:40:00+00:00,SI=F,-1.0,-4.740656972436027,range,63.39999877929687,63.35999954223633,63.82357022966657,-0.6749671194382891,0.6749671194382891,1.001504993843207,0.028277796301017906,0.33827184472391236,131.6160134952242,signal_change,1,SCORE
2026-09-14 15:10:00+00:00,2026-09-14 15:15:00+00:00,SI=F,1.0,-4.42201499248181,range,63.56999862670899,63.52499877929687,63.17428482055664,0.7226001794513419,0.7226001794513419,0.667578659370725,0.058557490403087505,-0.15501843136407145,-166.1974899736414,signal_change,1,SCORE
2026-09-14 15:35:00+00:00,2026-09-14 15:45:00+00:00,SI=F,1.0,53.725630846306814,range,63.865000610351565,63.950001831054685,63.5725040435791,1.6781530370599094,1.6781530370599094,1.4438108017443811,0.26859472214909824,1.1128159565025881,704.8345181984018,signal_change,2,SCORE
2026-09-14 16:50:00+00:00,2026-09-14 17:00:00+00:00,SI=F,1.0,38.992241845838706,range,64.24499786376953,64.21500122070313,64.00428283691406,2.377345478051407,2.377345478051407,0.8409448818897638,0.4630556683052962,-0.30228794210287063,-368.4486461433639,signal_change,2,SCORE
2026-09-14 19:20:00+00:00,2026-09-14 19:25:00+00:00,SI=F,-1.0,-24.399464700782797,range,64.00500213623047,63.91499984741211,64.12678827558246,-1.811755852534954,1.811755852534954,0.6255639097744361,0.23300963682288542,-0.7805988939547945,806.2520882783625,signal_change,1,SCORE
2026-09-14 19:35:00+00:00,2026-09-14 19:45:00+00:00,SI=F,-1.0,-35.09778383011756,range,63.825001831054685,63.830000762939456,63.9821461050851,-3.6435896028419954,3.6435896028419954,0.8062992125984252,0.3400040436253772,-0.6792452081574519,-109.28822921754004,signal_change,2,SCORE
2026-09-14 19:50:00+00:00,2026-09-14 20:05:00+00:00,SI=F,-1.0,-76.35143640646508,trend,63.68499862670898,63.53999984741211,63.73821939740862,-1.5777211153870179,1.5777211153870179,4.8424599831508,0.5892847411444142,1.372556553530966,1135.9495734331329,signal_change,3,SCORE
2026-09-15 00:10:00+00:00,2026-09-15 00:25:00+00:00,SI=F,-1.0,-63.390454823630776,range,63.544999237060544,63.53499877929688,63.6264283316476,-3.040181412229846,3.040181412229846,2.436923076923077,0.3535450061652281,0.1057237675557208,136.81512197329747,signal_change,3,SCORE
2026-09-15 00:30:00+00:00,2026-09-15 00:40:00+00:00,SI=F,-1.0,-41.18959093388389,trend,63.43000137329101,63.525000457763674,63.5492858668736,-4.80685845501539,4.80685845501539,0.6711051930758988,0.5645181138019295,-0.5119502973936085,-2307.2700543557444,signal_change,2,SCORE
2026-09-15 01:05:00+00:00,2026-09-15 01:10:00+00:00,SI=F,1.0,23.0004141578241,range,63.85000122070313,63.759999389648435,63.65071653093611,2.8691044362720133,2.8691044362720133,1.9351778656126482,0.029128658674340484,0.4594472538247167,-1305.4687859394742,signal_change,1,SCORE
2026-09-15 01:15:00+00:00,2026-09-15 01:25:00+00:00,SI=F,1.0,68.12871265559885,range,63.90500152587891,63.985001678466794,63.735003335135325,1.2409940175686671,1.2409940175686671,3.872860635696821,0.28125074505877024,2.212414850841995,490.19358374288885,signal_change,2,SCORE
2026-09-15 02:10:00+00:00,2026-09-15 02:15:00+00:00,SI=F,1.0,-4.743776712156307,range,63.91499984741211,63.89000045776367,63.65571487426758,1.101486692272971,1.101486692272971,0.40063593004769477,0.23750146031867134,-0.23573887955282014,-143.18990852489588,signal_change,1,SCORE
2026-09-15 05:10:00+00:00,2026-09-15 05:30:00+00:00,SI=F,-1.0,-57.080262343966545,range,63.724999542236326,63.63500106811524,63.782139369419646,-2.2844205255059453,2.2844205255059453,2.1052631578947367,0.32307728423367205,-0.09998190053919681,1016.5497051046227,signal_change,4,SCORE
2026-09-15 05:35:00+00:00,2026-09-15 05:40:00+00:00,SI=F,-1.0,-29.394797904116153,range,63.579999084472654,63.63500106811524,63.73856951032366,-3.6060270610927123,3.6060270610927123,1.6206554121151935,0.3820245427698269,0.0007783253094388402,-1009.7233424501329,signal_change,1,SCORE
2026-09-15 06:10:00+00:00,2026-09-15 06:15:00+00:00,SI=F,-1.0,-5.892321606217403,range,63.52499877929687,63.60999954223633,63.73856951032366,-1.3370334914861897,1.3370334914861897,0.7774936061381074,0.20675512976519292,-0.2877789770671628,-574.9295017170997,signal_change,1,SCORE
2026-09-15 06:20:00+00:00,2026-09-15 06:25:00+00:00,SI=F,-1.0,-10.028918515007256,range,63.669999237060544,63.67999923706055,63.892856031145364,-1.2804186474556989,1.2804186474556989,1.0625954198473282,0.1083348433263079,0.02010035600020696,-70.4230256100962,signal_change,1,SCORE
2026-09-15 07:40:00+00:00,2026-09-15 07:50:00+00:00,SI=F,-1.0,-41.23535757063082,range,63.39000045776367,63.38500106811524,63.560713631766184,-1.377435607721334,1.377435607721334,2.5255003227888957,0.27881173741143905,2.142706420383732,27.544508554514366,signal_change,2,SCORE
2026-09-15 07:55:00+00:00,2026-09-15 08:00:00+00:00,SI=F,-1.0,-16.23104443110389,range,63.23000061035156,63.299998168945315,63.46357179914202,-1.2216189370573942,1.2216189370573942,1.120990433314575,0.2872738571828868,0.5470511644182398,-433.6598103148659,signal_change,1,SCORE
2026-09-15 08:05:00+00:00,2026-09-15 08:10:00+00:00,SI=F,-1.0,-29.659533244289193,range,63.079999084472654,63.10000122070313,63.34571345738002,-2.146539559177266,2.146539559177266,1.5933609958506225,0.28813611923623017,1.2582829855845212,-225.4095812297113,signal_change,1,SCORE
2026-09-15 09:25:00+00:00,2026-09-15 09:30:00+00:00,SI=F,-1.0,14.73297558018177,range,63.224999542236326,63.30499923706055,63.382143271309985,-1.8142901073497388,1.8142901073497388,0.193756727664155,0.1844656838175565,-0.9230682955395442,-734.7847250896859,signal_change,1,SCORE
2026-09-15 09:45:00+00:00,2026-09-15 09:50:00+00:00,SI=F,1.0,-13.758346952516149,range,63.44999969482422,63.46000015258789,63.284285430908206,1.7189053718451783,1.7189053718451783,0.30000000000000004,0.07070655175514083,-0.8656417097184944,77.35467599516215,signal_change,1,SCORE
2026-09-15 09:55:00+00:00,2026-09-15 10:00:00+00:00,SI=F,1.0,25.378295892377427,range,63.549998168945315,63.544999237060544,63.373568965366914,3.2293317296148287,3.2293317296148287,1.629708222811671,0.18045162382081897,0.9365064941158954,-96.86270539644123,signal_change,1,SCORE
2026-09-15 10:05:00+00:00,2026-09-15 10:10:00+00:00,SI=F,1.0,14.741346984145345,range,63.55499923706055,63.62500106811523,63.37535503932408,1.5278742373458534,1.5278742373458534,0.9149171270718232,0.4695605157446752,-0.15250797821405432,527.1305999907013,signal_change,1,SCORE
2026-09-15 10:15:00+00:00,2026-09-15 10:20:00+00:00,SI=F,1.0,-5.175337058994494,range,63.60000122070313,63.55999862670898,63.40500098092215,1.4616638761904188,1.4616638761904188,0.45057979017117616,0.23958213296564002,-0.7677263371884984,-299.66005235672526,signal_change,1,SCORE
2026-09-15 11:25:00+00:00,2026-09-15 11:30:00+00:00,SI=F,1.0,-1.6692633819189,range,63.67999923706055,63.66499816894531,63.5342832510812,1.955310005302796,1.955310005302796,0.4075263882514915,0.35135246594606634,-0.8501323238259596,-156.43524290629665,signal_change,1,SCORE
2026-09-15 11:50:00+00:00,2026-09-15 11:55:00+00:00,SI=F,1.0,-10.01118553933524,range,63.76000106811524,63.71999847412109,63.62571337018694,2.1213050590463376,2.1213050590463376,0.2421796165489405,0.22404549282504108,-1.173184428042081,-434.89505036902165,signal_change,1,SCORE
2026-09-15 12:30:00+00:00,2026-09-15 13:15:00+00:00,SI=F,1.0,72.40192728504414,range,63.76000106811524,64.18500244140625,64.0714304787772,1.6818359299302856,1.6818359299302856,3.144749290444655,0.27354339867939376,3.420649422253108,3565.5037197030847,signal_change,9,SCORE
2026-09-15 13:35:00+00:00,2026-09-15 13:40:00+00:00,SI=F,1.0,9.857505305963091,range,64.06499755859375,64.06499969482422,63.718933650425505,0.792767164008284,0.792767164008284,0.9384436701509872,0.24369665288955947,0.49245761887532624,-3.9553681531534792,signal_change,1,SCORE
2026-09-15 13:50:00+00:00,2026-09-15 13:55:00+00:00,SI=F,1.0,12.621042221276285,range,64.40999877929687,64.3500033569336,64.02714431762695,0.7469143767871937,0.7469143767871937,0.9466069583189805,0.30073159903448327,0.5937828363021294,-227.79178940667543,signal_change,1,SCORE
2026-09-15 15:55:00+00:00,2026-09-15 16:00:00+00:00,SI=F,-1.0,-8.201190520255357,range,63.814999694824216,63.78499877929688,64.04571422031947,-1.239106093985276,1.239106093985276,0.8430594900849858,0.38235376614925476,-0.1525244474038094,179.6760558053876,signal_change,1,SCORE
2026-09-15 17:25:00+00:00,2026-09-15 17:30:00+00:00,SI=F,1.0,7.923488874430372,range,63.83999908447266,63.87,63.641425563267305,1.4399838377036924,1.4399838377036924,1.160320641282565,0.1645549246082332,-0.2673664679590733,208.80424818988845,signal_change,1,SCORE
2026-09-15 18:15:00+00:00,2026-09-15 18:30:00+00:00,SI=F,1.0,48.39111372531658,range,64.19999969482421,64.32500183105469,64.14964839390346,1.6081318755599499,1.6081318755599499,1.4344516492810826,0.4509764029715441,0.19720995725708979,997.0589395487939,signal_change,3,SCORE
2026-09-15 20:25:00+00:00,2026-09-15 20:30:00+00:00,SI=F,-1.0,4.988470533273062,range,64.12,64.12500274658203,64.2314240373884,-2.5700443096416206,2.5700443096416206,0.406172224987556,0.3071967128096701,-1.0172706802422278,-77.1366234767336,signal_change,1,SCORE
2026-09-16 00:35:00+00:00,2026-09-16 00:40:00+00:00,SI=F,-1.0,-2.0856689759227613,range,64.15500366210938,64.19999969482421,64.2557171194894,-2.84309289818816,2.84309289818816,0.7486238532110092,0.30908586489110834,-0.6481073978112288,-653.8549697818834,signal_change,1,SCORE
2026-09-16 00:55:00+00:00,2026-09-16 01:00:00+00:00,SI=F,-1.0,-76.82599349737566,range,64.06999694824219,64.13999859401157,64.13499859401158,-2.2008378012626966,2.2008378012626966,7.115734720416126,0.4142843129775152,4.334888596512144,-781.3155298055824,stop,2,SCORE
2026-09-16 01:05:00+00:00,2026-09-16 01:10:00+00:00,SI=F,-1.0,-12.402656102524219,range,64.12,64.15999877929687,64.29214475359235,-1.6604363466756036,1.6604363466756036,1.6129032258064515,0.011487801883648736,0.604812641194127,-340.379316569237,signal_change,1,SCORE
2026-09-16 01:15:00+00:00,2026-09-16 01:20:00+00:00,SI=F,1.0,26.27351878391069,range,64.35499847412109,64.31499969482422,64.14356887817382,2.7027084047847807,2.7027084047847807,1.757437070938215,0.11650679604459094,0.9973437725990696,-554.0387269577787,signal_change,1,SCORE
2026-09-16 01:30:00+00:00,2026-09-16 01:35:00+00:00,SI=F,1.0,-19.903127282206533,range,64.36000335693359,64.25999938964844,64.1121434020996,1.1519503407892937,1.1519503407892937,1.7142857142857142,0.008697498225338844,1.186778184061615,-581.7577726759796,signal_change,1,SCORE
