date,open,high,low,close,volume
2020-01-02,0.7553820156645615,0.7615495226644219,0.7550865726082276,0.7614440185911676,0.0
2020-01-03,0.7531231576305777,0.7574219316457281,0.7517260014772958,0.7552741430248627,0.0
2020-01-06,0.7508065493044963,0.7572032480778904,0.7495703290645565,0.7570809002793413,0.0
2020-01-07,0.7553875282523891,0.7566092733334784,0.7534383299486099,0.7539236592359867,0.0
2020-01-08,0.7531972874300479,0.761374884409566,0.7523102408333484,0.7581810149895795,0.0
2020-01-09,0.7610001075653487,0.7645882773583081,0.7607980619898632,0.7637677352541845,0.0
2020-01-10,0.7643115850133935,0.7651437694920008,0.7593418182803554,0.7602562721976844,0.0
2020-01-13,0.7614495311789952,0.7625283208784268,0.7601418055534073,0.7624529012916611,0.0
2020-01-14,0.7621482371793249,0.7663330615201571,0.7615355090858918,0.7633132632706328,0.0
2020-01-15,0.762314427195515,0.7682698419945142,0.7621970222627977,0.7657016328297399,0.0
2020-01-16,0.7683848256087503,0.7728257848258236,0.7683848256087503,0.7727551050095488,0.0
2020-01-17,0.7731684145789204,0.7747591153169853,0.7725512078375777,0.7740860125176325,0.0
2020-01-21,0.772001019921168,0.7739043160402759,0.7687678449586907,0.7700752619848642,0.0
2020-01-22,0.7718580645395103,0.7733501110562769,0.7694480587325807,0.769817578836348,0.0
2020-01-23,0.767832783458253,0.7699283897644871,0.764033608156387,0.7691270625897048,0.0
2020-01-24,0.7709813177779623,0.7725216376834465,0.7607716859715496,0.7646336625730203,0.0
2020-01-27,0.7528372442296606,0.7562476343839831,0.7501463760293209,0.7526608044927539,0.0
2020-01-28,0.754203234479703,0.7602420555238135,0.7537145053235658,0.7575944070670824,0.0
2020-01-29,0.7601708086231448,0.7634338095871313,0.7577352523672749,0.7579003583291122,0.0
2020-01-30,0.7554133899383454,0.7617317835885703,0.7514464262335795,0.761197104770929,0.0
2020-01-31,0.7599732469707727,0.7599732469707727,0.7430000207010206,0.7452815462851431,0.0
2020-02-03,0.7469596175838716,0.7551557067898294,0.7469596175838716,0.7490739218494881,0.0
2020-02-04,0.7569057450545265,0.7623956679695225,0.7569057450545265,0.7598306001885293,0.0
2020-02-05,0.7661898476535202,0.7730518352155763,0.7649269401582506,0.7725759854691815,0.0
2020-02-06,0.7751537269269744,0.7756672864667521,0.771417553382452,0.774921338380021,0.0
2020-02-07,0.7724723356300147,0.7724723356300147,0.766407449804607,0.7676083314552102,0.0
2020-02-10,0.7647900644488141,0.772238918418347,0.7647900644488141,0.7722059483954551,0.0
2020-02-11,0.7752099289467969,0.7758608811659699,0.7704559101307581,0.7721932747186555,0.0
2020-02-12,0.7756329765421298,0.7799011517384348,0.7756329765421298,0.77944879247395,0.0
2020-02-13,0.7764052478951379,0.7790262618485759,0.774028779195494,0.7760697765934115,0.0
2020-02-14,0.7765223943428757,0.7771176588745834,0.7723736840463183,0.7754042991009531,0.0
2020-02-18,0.7723631230885856,0.7736128425746983,0.7679855269803069,0.7710287655973066,0.0
2020-02-19,0.7731522909189253,0.77569469114978,0.7721416067363811,0.774084158283545,0.0
2020-02-20,0.772718426518482,0.774622753939906,0.7638402693045467,0.7707067407897163,0.0
2020-02-21,0.7687693905933637,0.7687693905933637,0.7620743632272323,0.7647043423892951,0.0
2020-02-24,0.7491561939258117,0.7491561939258117,0.7362190154279925,0.7374945939624599,0.0
2020-02-25,0.7395215804194492,0.7424637936111043,0.7120896958039789,0.7142984314903615,0.0
2020-02-26,0.7163584380846776,0.7264688512230001,0.7092767356524676,0.7110338822541001,0.0
2020-02-27,0.6996502617853566,0.7062260800991181,0.6792568598584877,0.6796213843443866,0.0
2020-02-28,0.6665438775163338,0.6724365464053669,0.6509867664818273,0.6701977288700978,0.0
2020-03-02,0.6749757551380056,0.704402426367308,0.6697388257154693,0.7043272652655217,0.0
2020-03-03,0.7058874172991758,0.7143836365799217,0.6780292935901565,0.6835980860751139,0.0
2020-03-04,0.695896418946166,0.7148518109049872,0.6933282071437898,0.7145490036643403,0.0
2020-03-05,0.7034990477400688,0.7034990477400688,0.6842817498321995,0.6889753411902818,0.0
2020-03-06,0.6714598609104288,0.6856282666679211,0.6653777673706732,0.682209892492855,0.0
2020-03-09,0.6591989292333453,0.6591989292333453,0.6252717443752193,0.6290949271289544,0.0
2020-03-10,0.6449727758213574,0.6599540957384771,0.624856836419138,0.6598794516066496,0.0
2020-03-11,0.6489721952166582,0.6489721952166582,0.615308203457274,0.6212401805263998,0.0
2020-03-12,0.5851443409793204,0.6023741663432359,0.5579704481117805,0.5591879176403013,0.0
2020-03-13,0.5795818866515638,0.6116535291717387,0.561423285192375,0.6115443139927077,0.0
2020-03-16,0.5517211358911206,0.5741605334713774,0.5305921411023106,0.5324927600555597,0.0
2020-03-17,0.5403668270915291,0.5639021165814921,0.5244148485996559,0.5601575475503405,0.0
2020-03-18,0.532497243978673,0.5404269459500711,0.4989672951443582,0.5248542757023615,0.0
2020-03-19,0.5230367016427726,0.5391952069956428,0.5058163558198391,0.5298200781198472,0.0
2020-03-20,0.5341974658575812,0.541532884485153,0.5036308020159522,0.5057332608117441,0.0
2020-03-23,0.5018923560113041,0.5043361046584622,0.48040357650708604,0.4903810782515248,0.0
2020-03-24,0.5201928314353996,0.5469779338801922,0.5182689778476182,0.5461130906157091,0.0
2020-03-25,0.5552241480713531,0.5807980690303909,0.541719626694813,0.5591861161582505,0.0
2020-03-26,0.5662504077807717,0.5959677295438803,0.5651615714559644,0.5948364462928011,0.0
2020-03-27,0.5775944642220449,0.5889124031299839,0.5662738455106451,0.570692087063145,0.0
2020-03-30,0.5717851461884844,0.5902449063871756,0.5676667788633949,0.5889100345635394,0.0
2020-03-31,0.5857696899975166,0.5929426270770731,0.5763708649068681,0.578087418816316,0.0
2020-04-01,0.559893787367205,0.5667478410229525,0.5482104984039938,0.552406398034916,0.0
2020-04-02,0.5491344819767396,0.5664980416663103,0.5469072540639174,0.5648012724081993,0.0
2020-04-03,0.5614380715882417,0.5657078425336546,0.55028523864214,0.5552818983634505,0.0
2020-04-06,0.5721916059058999,0.6009366733451471,0.5721916059058999,0.5982078368664451,0.0
2020-04-07,0.62082393530619,0.6229287600308244,0.5970066466164274,0.5975186104070973,0.0
2020-04-08,0.603838602444032,0.6201898795643485,0.5982869649213858,0.6180842793847756,0.0
2020-04-09,0.6248652872954056,0.6332615652051595,0.6199443030082384,0.6256225137675676,0.0
2020-04-13,0.6250834037788495,0.6250834037788495,0.6091633640075523,0.6169553647001408,0.0
2020-04-14,0.6248629160913592,0.6340947809860829,0.6246748339799689,0.6316993030900403,0.0
2020-04-15,0.6224930413962937,0.6237854662936578,0.6128024817174862,0.6199511554977962,0.0
2020-04-16,0.620988012603313,0.6224233928823348,0.6122238077012978,0.6208302708257888,0.0
2020-04-17,0.6282015951270908,0.6399932710623578,0.6282015951270908,0.6394203654813746,0.0
2020-04-20,0.6355327883165288,0.6358912357678081,0.6231911829498314,0.6238044253756216,0.0
2020-04-21,0.616282261900788,0.616282261900788,0.6051154707657949,0.6071464241759386,0.0
2020-04-22,0.6181837037858086,0.6228195474893954,0.6156057064806381,0.6191986661585233,0.0
2020-04-23,0.620972967722467,0.6300006769602401,0.6193972591132116,0.6202389231328007,0.0
2020-04-24,0.6232188962322736,0.6284350123387584,0.6176651486281622,0.6270969437417027,0.0
2020-04-27,0.629494020024455,0.638501430278534,0.6288203501407086,0.6365530047920915,0.0
2020-04-28,0.6424451593487676,0.646535296421456,0.6338473501958852,0.6357029452858732,0.0
2020-04-29,0.6459584238873184,0.6531960138629652,0.6449988933546914,0.649743126667936,0.0
2020-04-30,0.6484694524819908,0.6484694524819908,0.6379541278985277,0.642143175039892,0.0
2020-05-01,0.6362101165540153,0.6362101165540153,0.6236688869303137,0.6257364687170895,0.0
2020-05-04,0.6219874157628247,0.6269463630531505,0.6161743892610893,0.6264240994273294,0.0
2020-05-05,0.6319398813906801,0.6375009958167064,0.6295668125597967,0.6299408139490756,0.0
2020-05-06,0.6324674017569513,0.6344643010898503,0.6240866777851968,0.6241789938492942,0.0
2020-05-07,0.6287307112424698,0.6355201146397291,0.6286563229580201,0.6297509277180326,0.0
2020-05-08,0.6358683097326899,0.6422534188836372,0.6358480133865977,0.6417633498257694,0.0
2020-05-11,0.6397885483210135,0.6426836249303404,0.6348765819945077,0.6388796571059467,0.0
2020-05-12,0.6407483874530548,0.6431024470875396,0.6267358718766011,0.6268202540343898,0.0
2020-05-13,0.6251686115060114,0.6253463911446485,0.608432510916102,0.6131889009361872,0.0
2020-05-14,0.6079424418582343,0.6232879802994404,0.60109941074054,0.6231423952287569,0.0
2020-05-15,0.6186450282589181,0.6259050272997241,0.6159894986479149,0.6247270690466371,0.0
2020-05-18,0.6346064862917732,0.6517128798027867,0.6346064862917732,0.6487806578468688,0.0
2020-05-19,0.6482560757690379,0.6488368625042932,0.6383777399406525,0.638480566848048,0.0
2020-05-20,0.6450503081271901,0.6501551490876138,0.6450503081271901,0.6482143990225006,0.0
2020-05-21,0.6479076221910974,0.65197457738129,0.6428068009358647,0.6455298135897232,0.0
2020-05-22,0.6452096456538223,0.6457282008114685,0.6407808431435895,0.6452935134792538,0.0
2020-05-26,0.6536462604083831,0.6640537123521474,0.6536462604083831,0.6592714632837077,0.0
2020-05-27,0.6672771519262652,0.6739484276879053,0.6596607654012102,0.6738616242116354,0.0
2020-05-28,0.6777940221444015,0.6794142930365977,0.6688623400765026,0.6699677616416254,0.0
2020-05-29,0.667950254725618,0.6721348205814709,0.6602357837012603,0.669505358389367,0.0
2020-06-01,0.6684471736354417,0.6728213698749598,0.6652205953151445,0.6719295808701675,0.0
2020-06-02,0.6747650028388746,0.6790012920666404,0.6732146389456167,0.6789886183898407,0.0
2020-06-03,0.683320365065485,0.6946849763378299,0.683320365065485,0.6928951155606831,0.0
2020-06-04,0.6917503858154674,0.6959074942362559,0.6879474994078246,0.6932097735463583,0.0
2020-06-05,0.7078479493780242,0.7210755225622719,0.7078479493780242,0.7150797181664291,0.0
2020-06-08,0.7182962524989525,0.7274561477901057,0.7182844043915261,0.7272511692013839,0.0
2020-06-09,0.7239523100405002,0.7239523100405002,0.7161368689804364,0.7193347053535774,0.0
2020-06-10,0.7187963655445939,0.7215218021545354,0.7105185212322715,0.7118884757978666,0.0
2020-06-11,0.6932279598109855,0.6935331382556787,0.661582300536982,0.6627810694685184,0.0
2020-06-12,0.6767933291975944,0.6848678434223394,0.6614686067100414,0.6753721682300454,0.0
2020-06-15,0.6665322852562849,0.682916790884473,0.6552641627341347,0.6795295852502481,0.0
2020-06-16,0.6943929859022934,0.7018929961593453,0.6808098508031697,0.6934250071310006,0.0
2020-06-17,0.6944942645374137,0.6963287377119362,0.6875808648404607,0.6889312958773001,0.0
2020-06-18,0.6862103405528701,0.6898436370755623,0.6817812821952597,0.6878891846689352,0.0
2020-06-19,0.691397195104638,0.6976836526718888,0.6794372691861505,0.6823861264968188,0.0
2020-06-22,0.6822178263991637,0.6873540389957696,0.6770111898336607,0.6864348453079495,0.0
2020-06-23,0.6899805655370352,0.69408414910386,0.688571561276327,0.6898937620607654,0.0
2020-06-24,0.6855908127219158,0.6855908127219158,0.6672270269410622,0.6711625662576094,0.0
2020-06-25,0.6690335257105613,0.6796996894675559,0.6649338589824562,0.6790664065430511,0.0
2020-06-26,0.6763256718424878,0.6763256718424878,0.6586363261251154,0.6598106260244624,0.0
2020-06-29,0.6634214607299587,0.6752564117984727,0.6619367810351069,0.6751153106509026,0.0
2020-06-30,0.6729163129904814,0.6832808010380147,0.6719327750059854,0.6808410193440109,0.0
2020-07-01,0.6825950245618623,0.6862858102540706,0.6782226324419969,0.6787860584819981,0.0
2020-07-02,0.6841002590877857,0.6911680033311042,0.6799241414705988,0.6812229045251637,0.0
2020-07-06,0.6856730847982394,0.6936241144180458,0.6856730847982394,0.6933471662257535,0.0
2020-07-07,0.6903134097873377,0.6903904251232115,0.682257390426634,0.6828798539084266,0.0
2020-07-08,0.684459270985857,0.6886643916727816,0.680929882787311,0.6875510362013498,0.0
2020-07-09,0.6882800851731475,0.6885005728606378,0.6732085619109973,0.6780242953346862,0.0
2020-07-10,0.6776091315312271,0.6884489022407616,0.6762151695137631,0.6877626114322521,0.0
2020-07-13,0.6917129345070641,0.7026331204212329,0.6869431006304445,0.6880395596245444,0.0
2020-07-14,0.6869415022437346,0.7039896311302934,0.6856440817285019,0.7027254364853304,0.0
2020-07-15,0.7124112563936468,0.7140338984898893,0.7040413545022064,0.7087262391366436,0.0
2020-07-16,0.7054680280575829,0.7089652216881753,0.7013385854424036,0.7051552243059951,0.0
2020-07-17,0.7062078437200562,0.7070996327248484,0.7021264661230496,0.7034998205574052,0.0
2020-07-20,0.7031922735462675,0.7059546444946533,0.6990752434853065,0.7037350920031604,0.0
2020-07-21,0.7077514078757928,0.7128219415491961,0.7059863273678516,0.7079428924935456,0.0
2020-07-22,0.7075250990010608,0.713081990626555,0.7067240329488598,0.7123065251377292,0.0
2020-07-23,0.7109911768428486,0.7114627510366749,0.7005480777103336,0.7029823468165098,0.0
2020-07-24,0.6998457133562637,0.7022799297104033,0.6964023030646145,0.698170319223394,0.0
2020-07-27,0.6975842256332541,0.7022736443052392,0.6970369232532478,0.7012003671936351,0.0
2020-07-28,0.6997412379477237,0.700463692914943,0.6953169694750392,0.695780353915179,0.0
2020-07-29,0.6960219635181348,0.7016666872846132,0.695677785492763,0.7000081922666771,0.0
2020-07-30,0.6954675501635913,0.6956656287859224,0.6855728348278333,0.6940493248468805,0.0
2020-07-31,0.6965729743663159,0.697382438542748,0.6861349209661044,0.6970738602292941,0.0
2020-08-03,0.7000807263170393,0.7044311735896679,0.6998713165572407,0.7033007132703599,0.0
2020-08-04,0.7033062258581875,0.707740332585703,0.7015445953334416,0.7076282345078704,0.0
2020-08-05,0.7101684719052231,0.7179992638079455,0.7101684719052231,0.71746777648852,0.0
2020-08-06,0.7166580538271086,0.7225472727329463,0.7159836111260255,0.7223594992209703,0.0
2020-08-07,0.7206371241242805,0.7241862943365616,0.7180488744607915,0.7235859840725506,0.0
2020-08-10,0.7250295541052587,0.7333551047219049,0.7250295541052587,0.7330275172120524,0.0
2020-08-11,0.7375167445426395,0.7426136542343563,0.7286245763877761,0.7302704504809492,0.0
2020-08-12,0.7348422057352377,0.7396861720489294,0.7343959261429742,0.7379176389201909,0.0
2020-08-13,0.7364846298452155,0.7381618755745708,0.7329837277464482,0.7358044160713254,0.0
2020-08-14,0.7340163594138313,0.7379432421211679,0.732182194838723,0.7367090818482583,0.0
2020-08-17,0.7377385721318602,0.7385235145240661,0.7336858863675751,0.7344378613744909,0.0
2020-08-18,0.7346639117642436,0.7356566681671401,0.7297924880154876,0.7326748909480147,0.0
2020-08-19,0.7335502978078325,0.736429506604542,0.7292354476095199,0.730427933773494,0.0
2020-08-20,0.7285763056366605,0.7327643214757087,0.7260328741034899,0.7316636396810767,0.0
2020-08-21,0.7321489689684535,0.7374597697054804,0.730266997860152,0.7366908982212329,0.0
2020-08-24,0.7405747669179039,0.7468353627991984,0.7396297115441274,0.7466644831269521,0.0
2020-08-25,0.74769206642443,0.7490984436337141,0.7410229007442549,0.745081357581347,0.0
2020-08-26,0.7453303841206526,0.7478603691596869,0.7425880510333793,0.7472832381405698,0.0
2020-08-27,0.748658758046029,0.7552567295775722,0.7481275292115831,0.751512622126741,0.0
2020-08-28,0.7543881250928774,0.7578713552593747,0.7513994953841943,0.7557749761358041,0.0
2020-08-31,0.7555057060024428,0.7555057060024428,0.7481175353382441,0.7498715405560955,0.0
2020-09-01,0.7501236583647474,0.755917161337727,0.746196567286866,0.75555845803907,0.0
2020-09-02,0.7579620755743641,0.7692006806944197,0.7573485746635945,0.7675553209336037,0.0
2020-09-03,0.7672968148533161,0.7701625797934912,0.7405003786334542,0.7462495778084727,0.0
2020-09-04,0.7475240749261891,0.7527649686642778,0.7296840984058298,0.7420447129689257,0.0
2020-09-08,0.7365563910782412,0.7365563910782412,0.7244147159303606,0.7253639941046691,0.0
2020-09-09,0.7309245941983382,0.7439675352543911,0.7307354306701972,0.7369583668725435,0.0
2020-09-10,0.739122231676571,0.7431384947971668,0.7239446873712075,0.7262525889736436,0.0
2020-09-11,0.7283436612423295,0.7340134738774277,0.7239729176236085,0.7297094431218273,0.0
2020-09-14,0.7311099991438698,0.7407984461036102,0.7311099991438698,0.7383525873749869,0.0
2020-09-15,0.7422148198238353,0.7446229687590756,0.7367204156233277,0.7384124477485495,0.0
2020-09-16,0.739364355611884,0.7481496797917627,0.7391000784587894,0.7393825919909459,0.0
2020-09-17,0.7341548335099773,0.7400263831211469,0.7292423000990778,0.735943148652451,0.0
2020-09-18,0.7349642976864094,0.7371223940552317,0.7250232185856599,0.7294926137880771,0.0
2020-09-21,0.7249372380411613,0.7249372380411613,0.7046392961997728,0.716048211270079,0.0
2020-09-22,0.716645380150309,0.72093807713084,0.7118868800487587,0.7197535275107764,0.0
2020-09-23,0.7230616050900607,0.7244031236703118,0.7046648466487132,0.7059048307464664,0.0
2020-09-24,0.7046640738313766,0.714654249252615,0.6999406564717852,0.7072845233380228,0.0
2020-09-25,0.7040948793561701,0.7184639881498157,0.7025352944069098,0.716740890350224,0.0
2020-09-28,0.7217043215636634,0.7312117947489492,0.7217043215636634,0.7275576849102057,0.0
2020-09-29,0.7269294002411713,0.7281258006062632,0.7210699572224077,0.724091868190999,0.0
2020-09-30,0.7257266643564805,0.7392229959793343,0.7256322355733161,0.7327706068808728,0.0
2020-10-01,0.7369625923106773,0.7396220862372329,0.7298049032073077,0.7336990743767319,0.0
2020-10-02,0.7263003427548003,0.7348735800090217,0.7222529137309652,0.7301623167186692,0.0
2020-10-05,0.7339237848647543,0.742818324223664,0.7339237848647543,0.7424490599672743,0.0
2020-10-06,0.7441793162182362,0.7478782969393346,0.7313550086155861,0.7325348211027606,0.0
2020-10-07,0.7377730877894253,0.7482786769845289,0.7377730877894253,0.7465326030353843,0.0
2020-10-08,0.7477300347027923,0.7506385578062554,0.7455329413908933,0.7497517670569336,0.0
2020-10-09,0.7526030040862216,0.7563663264663941,0.7501506014674547,0.7540086084781692,0.0
2020-10-12,0.7562299624517129,0.763794111272498,0.7559279781428374,0.7606189424494958,0.0
2020-10-13,0.7587048268876756,0.7598624861570686,0.7544688488969261,0.7564592069772834,0.0
2020-10-14,0.7578173160730539,0.7594331030421367,0.7507071249034634,0.7520857861927037,0.0
2020-10-15,0.7470585276525474,0.7526620916424476,0.7433167914057628,0.7515635199292806,0.0
2020-10-16,0.7535818524146615,0.7607608691664393,0.7535818524146615,0.7545205696312371,0.0
2020-10-19,0.7552390602829039,0.7573063835847001,0.7422053402828533,0.7436829116407696,0.0
2020-10-20,0.7450130463315167,0.7536954961271671,0.7449389165320465,0.7466731397361627,0.0
2020-10-21,0.7456674511714869,0.7504146174979678,0.7437085148417465,0.7440891128732057,0.0
2020-10-22,0.7437356636773967,0.7496410062432295,0.7395882932825697,0.7481204208746475,0.0
2020-10-23,0.7493334592320916,0.7500421591057603,0.7424801757560788,0.7473795211578216,0.0
2020-10-26,0.7434297124153667,0.7434297124153667,0.7219158466801308,0.7302301136361423,0.0
2020-10-27,0.7293280221585968,0.7308185256782921,0.7242316795512737,0.724369589200628,0.0
2020-10-28,0.714846556802139,0.714846556802139,0.6988956597270167,0.699490665773745,0.0
2020-10-29,0.6984628266288896,0.7093009989517142,0.6934460762944293,0.7031611577574629,0.0
2020-10-30,0.7008706669647156,0.7026354916252793,0.6895685431173574,0.6990066763880985,0.0
2020-11-02,0.7040096716290081,0.7132993369302641,0.7040096716290081,0.7101756329941954,0.0
2020-11-03,0.7158105712578794,0.7290387088889191,0.7158105712578794,0.7248137560738245,0.0
2020-11-04,0.7256789105753237,0.7464808823010733,0.7256789105753237,0.7345103954248532,0.0
2020-11-05,0.7407274576879211,0.7515859817464765,0.7407274576879211,0.7488198996923139,0.0
2020-11-06,0.7490559967074422,0.7499219213886761,0.7435267682499551,0.7470585276525474,0.0
2020-11-09,0.777245880612411,0.7895352509124401,0.7683508269211441,0.7690711691692965,0.0
2020-11-10,0.7716085210302458,0.7775349353971093,0.7682540269339334,0.7760067220840311,0.0
2020-11-11,0.7787347857453966,0.780548395489433,0.7723220134264421,0.7753924509935267,0.0
2020-11-12,0.7710213987753916,0.773129367521409,0.7623231339191603,0.7670190938436873,0.0
2020-11-13,0.7702826117776325,0.7796553193349469,0.7702826117776325,0.7775600216281273,0.0
2020-11-16,0.7826386949407822,0.7903386380542528,0.7826386949407822,0.7899733407510173,0.0
2020-11-17,0.7860093126970896,0.7879154943526011,0.7786276859230344,0.7855661744886073,0.0
2020-11-18,0.7879941080751847,0.7894566371898567,0.7763211215847269,0.7764683024045183,0.0
2020-11-19,0.7746879211683534,0.7787493136562836,0.7709283098939576,0.7776502276107597,0.0
2020-11-20,0.7764458933393591,0.7772983741640587,0.7710026454263706,0.771854097586356,0.0
2020-11-23,0.7736830054210142,0.7825171173219676,0.7736830054210142,0.7804998662533378,0.0
2020-11-24,0.7845839262914068,0.7943536140251549,0.7845839262914068,0.7925001817686687,0.0
2020-11-25,0.7928332818663487,0.7928332818663487,0.786170195858395,0.7879168342543315,0.0
2020-11-27,0.7889417905003852,0.7916796423021468,0.7865323517778493,0.7889164431467859,0.0
2020-11-30,0.7874430972270035,0.7874430972270035,0.7771335240495989,0.781749327254471,0.0
2020-12-01,0.7859394056981513,0.7934779486803577,0.7859394056981513,0.7866362574643937,0.0
2020-12-02,0.7832382323874566,0.7887091461060541,0.7807113913698053,0.7882153685800116,0.0
2020-12-03,0.7891923626743639,0.7942051460556697,0.7880434074910144,0.7904765951804399,0.0
2020-12-04,0.7910051969634619,0.7970373738885591,0.7910051969634619,0.7970373738885591,0.0
2020-12-07,0.7974269344910411,0.7974269344910411,0.7904159619895408,0.7931213079863328,0.0
2020-12-08,0.7912264574682888,0.7977748710990226,0.7905438751279541,0.7958668352094237,0.0
2020-12-09,0.7973420353632934,0.7997129413606751,0.7900105335744413,0.7930954964148111,0.0
2020-12-10,0.7921391099035672,0.7929651619579166,0.788031559383588,0.7912610258778906,0.0
2020-12-11,0.7909695998891458,0.7931566993277059,0.7865550166903862,0.7925035816374293,0.0
2020-12-14,0.7945488071110824,0.7998735686746029,0.7873017375944538,0.7876288107719492,0.0
2020-12-15,0.789146460489693,0.797696774346398,0.7885097275819927,0.79653756680473,0.0
2020-12-16,0.7963284155299108,0.7975060625459818,0.7933935164081342,0.7953566755384066,0.0
2020-12-17,0.7969777693623741,0.7998205581529962,0.7969777693623741,0.7992822183440129,0.0
2020-12-18,0.7995694716466604,0.800343080263797,0.7920570461977882,0.796003196586503,0.0
2020-12-21,0.7954743363185015,0.7993025674421418,0.7848323857463186,0.7969896174698006,0.0
2020-12-22,0.7965610071722052,0.7965610071722052,0.7910930317420478,0.7916896361754858,0.0
2020-12-23,0.7925131139304479,0.7989963075806976,0.7925131139304479,0.7947049505018969,0.0
2020-12-24,0.7953930955444939,0.7968108065288475,0.7938997091259969,0.79655230044856,0.0
2020-12-28,0.7987510422616036,0.8051427427795274,0.7987510422616036,0.8019356879879859,0.0
2020-12-29,0.8042594046510027,0.8068104614910678,0.7985139139441593,0.8001341848363555,0.0
2020-12-30,0.8022289655732161,0.805137180077265,0.8016473559061894,0.802083124655155,0.0
2020-12-31,0.8022962455207303,0.8080944882642009,0.8003670877156659,0.8072770901814602,0.0
2021-01-04,0.8078307280810654,0.8090653525718972,0.7881634394751559,0.797185891972479,0.0
2021-01-05,0.7966678511471899,0.8045975531185879,0.7950201228199292,0.8016093876278271,0.0
2021-01-06,0.8008492228672248,0.8182539950854104,0.7995380973728764,0.813156829546316,0.0
2021-01-07,0.8150500816776501,0.82275770021245,0.8149625053840437,0.8187414370918541,0.0
2021-01-08,0.8194918137120601,0.8213668795787671,0.8122038402662307,0.820240644697593,0.0
2021-01-11,0.818061943383264,0.8202145271642589,0.8132269923926319,0.8178857621313368,0.0
2021-01-12,0.8180524664798839,0.8206782175662112,0.8147224941677976,0.8194683232301501,0.0
2021-01-13,0.8198953878930721,0.8217018339105345,0.817446899475423,0.8192515440108347,0.0
2021-01-14,0.8199161985715215,0.8235589746351956,0.8171881349101561,0.817432885896893,0.0
2021-01-15,0.8157250387110904,0.8161262443256578,0.8074403419092101,0.8127574808034378,0.0
2021-01-19,0.8146871529408594,0.8199412346881048,0.8140965780652077,0.8158239487797662,0.0
2021-01-20,0.8181191793430045,0.823880793709843,0.8175982529813117,0.8226253057885251,0.0
2021-01-21,0.8228792778312645,0.82483666588873,0.8208459532170744,0.8222990054283663,0.0
2021-01-22,0.8213903700606772,0.8213903700606772,0.8152423892271743,0.8175769253329034,0.0
2021-01-25,0.8173888405839113,0.8173888405839113,0.8061582194845992,0.816601526987659,0.0
2021-01-26,0.8168270630450545,0.8208591412262312,0.8155916129848494,0.8159959098687632,0.0
2021-01-27,0.8148548885917225,0.8148548885917225,0.7967380166311075,0.7992769642411649,0.0
2021-01-28,0.8012293065663268,0.8163749622655492,0.8012293065663268,0.8071947679907018,0.0
2021-01-29,0.805890494985911,0.805890494985911,0.7874903366758031,0.7908221104699402,0.0
2021-02-01,0.7927241220769563,0.8001405229935561,0.791675416864013,0.7968698967226753,0.0
2021-02-02,0.7985835650957198,0.8134506241015053,0.7985835650957198,0.8094135476648582,0.0
2021-02-03,0.8094707809869967,0.8122075513720075,0.8050306447016947,0.8103662257079273,0.0
2021-02-04,0.8107402297348079,0.8193963536265797,0.8107402297348079,0.8191299162775854,0.0
2021-02-05,0.8201309151862048,0.8243080641057079,0.819851598427468,0.8215665539502062,0.0
2021-02-08,0.8226996413209382,0.8278403378406574,0.8226996413209382,0.8278313752696344,0.0
2021-02-09,0.8271487929292998,0.829248054951672,0.8241413597571607,0.8275694693205863,0.0
2021-02-10,0.8289460178907597,0.8311463053384764,0.8234941160061626,0.8292040096386901,0.0
2021-02-11,0.829960721778495,0.832000381912284,0.8241017957296904,0.8290166977070346,0.0
2021-02-12,0.8287556173273597,0.830193366172826,0.8268301679904702,0.8297473450655419,0.0
2021-02-16,0.8301081610832659,0.8337098274847965,0.8293538175099057,0.8314446312936119,0.0
2021-02-17,0.8304650101478356,0.8346347896078218,0.8265917024088973,0.8338255812787674,0.0
2021-02-18,0.8323902009997456,0.8323902009997456,0.8251821811782301,0.8306689073198067,0.0
2021-02-19,0.8309535335710301,0.8347358123955645,0.8300358828802814,0.8306947690057631,0.0
2021-02-22,0.8277089720814467,0.8348927813557522,0.825215151201122,0.8314166595261905,0.0
2021-02-23,0.8308944433772022,0.8348901543043281,0.8218440191124574,0.8318297106105825,0.0
2021-02-24,0.8308379828724002,0.8442868666759097,0.8287684967371023,0.8430265888696661,0.0
2021-02-25,0.8428704454788516,0.8436308660868314,0.8253931893247385,0.8282599855672297,0.0
2021-02-26,0.8282409763708312,0.8295492664432108,0.8153188374786543,0.8158727338632389,0.0
2021-03-01,0.8193947578774717,0.8352847105246788,0.8193947578774717,0.8317811840120892,0.0
2021-03-02,0.8317774729063125,0.8340959354664813,0.8276045520625451,0.8279832932223149,0.0
2021-03-03,0.8269662708825699,0.8325144557844188,0.8245180409499002,0.8247804612313056,0.0
2021-03-04,0.825279495497798,0.829841515363727,0.8057221922506541,0.8156556987965459,0.0
2021-03-05,0.8184262120217852,0.8329633650657082,0.8115059571976724,0.8307470067100331,0.0
2021-03-08,0.8311650560498955,0.8479372680464783,0.8311650560498955,0.8388217266677209,0.0
2021-03-09,0.8411931971118946,0.8479974370194551,0.8393545512512749,0.8396209384858345,0.0
2021-03-10,0.8415785850282793,0.8543060451668857,0.8415785850282793,0.8518667778052389,0.0
2021-03-11,0.8533828845259113,0.8614826907146171,0.8531507544639373,0.8568405114914315,0.0
2021-03-12,0.856228867452351,0.8649572167950709,0.856228867452351,0.8645700247590333,0.0
2021-03-15,0.8651027992281526,0.869706960058541,0.8606428835667171,0.8691810881934144,0.0
2021-03-16,0.8695316017383852,0.8695316017383852,0.8645592079539229,0.8658178372590221,0.0
2021-03-17,0.8658065034839527,0.871663525184235,0.8646633721254469,0.8708140327624103,0.0
2021-03-18,0.8685137564668687,0.8764165654499944,0.8659576512568985,0.866776647726349,0.0
2021-03-19,0.866672689287768,0.866672689287768,0.8573543295161886,0.8605959527173319,0.0
2021-03-22,0.8599062092880251,0.8654064346757746,0.8575510682367894,0.8633187095238126,0.0
2021-03-23,0.8622716026975792,0.8639140241699551,0.8534298153752965,0.855193608733544,0.0
2021-03-24,0.8564525492756592,0.8648165798654229,0.8550617286419763,0.8551121094745571,0.0
2021-03-25,0.8531800661330892,0.8617754566050921,0.8459161027767306,0.8603720150466462,0.0
2021-03-26,0.8619965087393743,0.8730152961228047,0.8619965087393743,0.8723308595483827,0.0
2021-03-29,0.8727178458514772,0.8772399930905216,0.8679062824762839,0.8749286916193248,0.0
2021-03-30,0.8737815405556282,0.8749170492448414,0.8701164081788315,0.872174766272003,0.0
2021-03-31,0.8734692537739993,0.8749919518616482,0.869896126224284,0.8699219879102403,0.0
2021-04-01,0.8718481573124299,0.8748179334432227,0.8700222378806467,0.874449697851547,0.0
2021-04-05,0.8762740742862591,0.8867076437633575,0.8762740742862591,0.8843138143684596,0.0
2021-04-06,0.8835971278364455,0.884777971625936,0.880442825081531,0.8817565776273035,0.0
2021-04-07,0.8821454181644857,0.8841706005018225,0.8795864274181119,0.8821792111191491,0.0
2021-04-08,0.8828024474182782,0.8837759915294351,0.8794460990878783,0.8836907838022732,0.0
2021-04-09,0.884287438350146,0.8917961553308432,0.884287438350146,0.8915252868107723,0.0
2021-04-12,0.890851564174989,0.8911452031116703,0.8879628758372977,0.8900692461966053,0.0
2021-04-13,0.8894299389895177,0.8899701303949867,0.8848056849083781,0.8882722770825231,0.0
2021-04-14,0.8880528206973488,0.8944437510355377,0.8880528206973488,0.889686588198116,0.0
2021-04-15,0.8912069177193203,0.8985974595875655,0.8912069177193203,0.8977338507207394,0.0
2021-04-16,0.8983186571611858,0.9035566653628709,0.8983186571611858,0.9020775483702816,0.0
2021-04-19,0.9015950518672718,0.9015950518672718,0.8962718359384245,0.898832163948927,0.0
2021-04-20,0.8976861470540176,0.8976861470540176,0.8885292375281374,0.8920712492890481,0.0
2021-04-21,0.8917283610509719,0.9010137481620575,0.8908183884191543,0.9004062768090743,0.0
2021-04-22,0.8996827905395391,0.9001230432116178,0.8893252578480351,0.891928755487711,0.0
2021-04-23,0.891628625412923,0.9009406997793381,0.88922233071177,0.8979316708580911,0.0
2021-04-26,0.8979512471388834,0.9007131037549123,0.8952382257207621,0.8962985205561524,0.0
2021-04-27,0.8949944532843047,0.897944653134305,0.8933678969869443,0.896387128152075,0.0
2021-04-28,0.8931041368038087,0.8953761854845513,0.8916560327335524,0.892046933237765,0.0
2021-04-29,0.892976996482732,0.8990848989564073,0.8900397789089455,0.898376663300661,0.0
2021-04-30,0.8964878924548383,0.8964878924548383,0.8911127474211353,0.8934837061705537,0.0
2021-05-03,0.8942760153846745,0.9026152683428345,0.8942760153846745,0.8997711924025187,0.0
2021-05-04,0.8988999582287983,0.9006825022984648,0.8906041861368281,0.9002934560283399,0.0
2021-05-05,0.9011099810648744,0.9055203388255005,0.8978307008223849,0.9028600694440063,0.0
2021-05-06,0.9032496326840902,0.9115891942416645,0.9016657316835465,0.9112526916376219,0.0
2021-05-07,0.912037069583036,0.9181858759859121,0.9090312347976067,0.9172988795036474,0.0
2021-05-10,0.9174969053739419,0.925575592284784,0.9163442944744541,0.916377264497346,0.0
2021-05-11,0.91189117855054,0.91189117855054,0.8987709636736338,0.9038839970253458,0.0
2021-05-12,0.9022285906391542,0.9022674346013245,0.8850530655841409,0.8859087405446582,0.0
2021-05-13,0.8868867131892899,0.9015789783217115,0.886853743166398,0.897350367152877,0.0
2021-05-14,0.8981260911266822,0.9087606748769499,0.8981260911266822,0.9068636615254044,0.0
2021-05-17,0.9066832548353433,0.9069087882551371,0.9014439040943258,0.9054303939654494,0.0
2021-05-18,0.9060473448594145,0.9075721055516953,0.8979478472701229,0.8983845972069696,0.0
2021-05-19,0.8953552693020285,0.8953552693020285,0.8829055829250878,0.8940425480585722,0.0
2021-05-20,0.8943132108457003,0.9029407431336202,0.8934193117594429,0.899004122400322,0.0
2021-05-21,0.9000001283286748,0.9077433439377907,0.9000001283286748,0.9022666090319514,0.0
2021-05-24,0.903480731443748,0.9092475999134347,0.903480731443748,0.9071762595440492,0.0
2021-05-25,0.9080909719463578,0.9102720418271314,0.9038014664640427,0.9050260970815356,0.0
2021-05-26,0.9056559273852431,0.907587970726711,0.9039441659983228,0.9053054164778742,0.0
2021-05-27,0.908191427649707,0.9128428780433298,0.9070511791900027,0.9090399916356868,0.0
2021-05-28,0.9115156288889862,0.9134307757531224,0.9105025207503589,0.9107493844561628,0.0
2021-06-01,0.9121932657258871,0.9191863104477397,0.9111034007363653,0.9119589728304113,0.0
2021-06-02,0.9129958800503629,0.91542319380051,0.9111848973577507,0.9126202275223377,0.0
2021-06-03,0.9112995723725724,0.9143882463187191,0.9056050322203053,0.912004616530103,0.0
2021-06-04,0.9131032383577048,0.9171501029347479,0.9131032383577048,0.9167351949786665,0.0
2021-06-07,0.916993906791897,0.9184369651298497,0.9119379537814174,0.9134077996035694,0.0
2021-06-08,0.9138193050532885,0.9143346687127188,0.9087314133222331,0.9126054938785078,0.0
2021-06-09,0.9133002355632849,0.9140522606846355,0.9083734828409125,0.9085784113151997,0.0
2021-06-10,0.9100388804628414,0.916244561474007,0.9085812968516032,0.9090821326001464,0.0
2021-06-11,0.9099675834477379,0.9130873705450873,0.9054530588779862,0.909434603245676,0.0
2021-06-14,0.9092478056463776,0.9092478056463776,0.9023641818364987,0.907170179871828,0.0
2021-06-15,0.9072585817348078,0.9078725442258979,0.902037675743397,0.9046797061082273,0.0
2021-06-16,0.9049211099782403,0.9055744307638579,0.8945982986772443,0.897672753311918,0.0
2021-06-17,0.8971638807905946,0.8992056536434505,0.8869360653571565,0.892127915526793,0.0
2021-06-18,0.8868329298503469,0.8868329298503469,0.8775810270945104,0.878059709625272,0.0
2021-06-21,0.8786397762952274,0.8943603975424633,0.8786397762952274,0.8935395494765271,0.0
2021-06-22,0.8934232259605606,0.8978581055054129,0.8902185397354637,0.8953491896298073,0.0
2021-06-23,0.8954272890200338,0.8970325150313838,0.8933512062425555,0.893467529758522,0.0
2021-06-24,0.8950414368857266,0.9029307492602813,0.8950414368857266,0.9019759584981452,0.0
2021-06-25,0.9054386364711725,0.9099995221683139,0.9050878143267874,0.9082275891708148,0.0
2021-06-28,0.9080762383025279,0.9086445570939263,0.9016939619359476,0.9042561441805373,0.0
2021-06-29,0.9057232073327574,0.9091768172306884,0.9038224855130368,0.9044940453153183,0.0
2021-06-30,0.9044531413861175,0.9113747862263955,0.9032594208244863,0.9100388804628414,0.0
2021-07-01,0.9101657121845039,0.9136726913178906,0.909942341598212,0.9134946531942741,0.0
2021-07-02,0.9137291544602946,0.9184638554805205,0.9129660012968174,0.917525446863359,0.0
2021-07-06,0.917625902566708,0.9182599556709475,0.906238365259245,0.912013373368183,0.0
2021-07-07,0.9127202717598011,0.9154794485723691,0.9082737472028635,0.9147675044484479,0.0
2021-07-08,0.9117928856806928,0.9117928856806928,0.9006247018919326,0.9079134481550984,0.0
2021-07-09,0.9088519596387314,0.9203573660968342,0.9088519596387314,0.9197359840317922,0.0
2021-07-12,0.9188547559847328,0.9235536014456632,0.9160430302308785,0.9230598766716573,0.0
2021-07-13,0.9221045689395624,0.9236562226201159,0.9199135051854499,0.9202273402393538,0.0
2021-07-14,0.9210724014901017,0.9249853260085469,0.9185941899374149,0.9213995274196337,0.0
2021-07-15,0.9211773912309987,0.9229077002339973,0.9169061247653474,0.9228182670687016,0.0
2021-07-16,0.923370103486256,0.925534791222055,0.9138715427575583,0.9149274090594738,0.0
2021-07-19,0.9107238340072223,0.9107238340072223,0.8899733245308046,0.8957833652672668,0.0
2021-07-20,0.8963042916289595,0.9131849433496346,0.8963042916289595,0.9102888354379916,0.0
2021-07-21,0.9114750335591997,0.9184192430831448,0.9114750335591997,0.9178326852750825,0.0
2021-07-22,0.9178769890730438,0.9199765596948302,0.9145365059176596,0.9185013595409606,0.0
2021-07-23,0.9193390038553587,0.925675016685817,0.9193390038553587,0.9247841060024345,0.0
2021-07-26,0.9246339895318049,0.92712683186185,0.9218468884286481,0.926966927250824,0.0
2021-07-27,0.9252416666177308,0.9252416666177308,0.9199446209742543,0.9247041523781208,0.0
2021-07-28,0.9260606630871814,0.9262300472391891,0.9199121652837196,0.921338841476698,0.0
2021-07-29,0.9227910681186166,0.9276846424475524,0.9227910681186166,0.9253902374536873,0.0
2021-07-30,0.9235104318164896,0.925964432821966,0.9197615344807327,0.9214585648614251,0.0
2021-08-02,0.9223313420322168,0.9282277220270267,0.9181016995610662,0.9188919514457585,0.0
2021-08-03,0.9195761822872379,0.9263505935556877,0.9156257537083526,0.926230767304489,0.0
2021-08-04,0.9244119562096414,0.9244119562096414,0.9176380592735486,0.9176921512119062,0.0
2021-08-05,0.9182971511319733,0.9249420535129017,0.9182971511319733,0.9248553001510665,0.0
2021-08-06,0.925203236759048,0.9296699547956064,0.925203236759048,0.9286603493922112,0.0
2021-08-09,0.9292184712149296,0.9292184712149296,0.9242483431304405,0.9258470806412855,0.0
2021-08-10,0.9267259374842987,0.9306820316319175,0.9255848660928231,0.930141631855904,0.0
2021-08-11,0.9310969369503971,0.9363792515876455,0.9310969369503971,0.9359521869247235,0.0
2021-08-12,0.935872336166881,0.936632706660426,0.9324590103617201,0.9363447359300804,0.0
2021-08-13,0.9377085607090192,0.9392650543889334,0.9356834786005521,0.9367542842792405,0.0
2021-08-16,0.936106731928828,0.9398089569001791,0.9292764773544047,0.9396561606260885,0.0
2021-08-17,0.9363489587306124,0.9363489587306124,0.9263339028112987,0.9322150321923197,0.0
2021-08-18,0.9313424607544708,0.9325716254095116,0.9216680273732601,0.9221238366209406,0.0
2021-08-19,0.9198549847136176,0.9231028405678883,0.9149906693017971,0.9203679771690015,0.0
2021-08-20,0.920996776170393,0.9278360988199126,0.9196544847728053,0.9263278231390775,0.0
2021-08-23,0.9274063569911316,0.9344735842644911,0.9274063569911316,0.9320153578208806,0.0
2021-08-24,0.9332552390521625,0.9349103342013381,0.9325552432645371,0.9328211662811745,0.0
2021-08-25,0.9334148324261723,0.9363787346176865,0.9307471461083284,0.9338561164005671,0.0
2021-08-26,0.9350214009768545,0.9363077462019975,0.9285704045321601,0.9287819270110255,0.0
2021-08-27,0.9292563867412553,0.9357994935171043,0.9292563867412553,0.9351828512225535,0.0
2021-08-30,0.9356048675155704,0.9366311610257527,0.9330374285305308,0.9337068228617088,0.0
2021-08-31,0.9334836580083596,0.9350242865132581,0.9308059778171767,0.9326752752486784,0.0
2021-09-01,0.9333826879726534,0.9339054685684336,0.9307318981321412,0.9314039696291778,0.0
2021-09-02,0.9324729210737785,0.9356997578790552,0.9323521690243374,0.9348668533351481,0.0
2021-09-03,0.9337566919995341,0.9343100714141599,0.930266298106463,0.932895760298567,0.0
2021-09-07,0.9330051812105407,0.9330051812105407,0.9247668982880868,0.9257982428057762,0.0
2021-09-08,0.9254672026751264,0.9277803583804104,0.9211985131464643,0.9239801517762283,0.0
2021-09-09,0.9235055891795271,0.9284329591007281,0.9191330440787554,0.9199791366318196,0.0
2021-09-10,0.9218310206160307,0.9259103408836087,0.9125999311762455,0.9128138248591574,0.0
2021-09-13,0.9143378628485366,0.9215543836607545,0.9143378628485366,0.9197219704532624,0.0
2021-09-14,0.9143378628485366,0.922906360332267,0.9102443259070874,0.9120186274710311,0.0
2021-09-15,0.9121077493993109,0.9200158151228864,0.9105537271523128,0.9182650040408527,0.0
2021-09-16,0.9181563058317808,0.921671735841435,0.911030558086589,0.9166014606530113,0.0
2021-09-17,0.9162464157080944,0.9173542084772637,0.9104903640435182,0.9122113992384777,0.0
2021-09-20,0.9089101741487513,0.9089101741487513,0.8865779265052913,0.8960057071888445,0.0
2021-09-21,0.897460096664265,0.9050634982755044,0.8945167994182572,0.8946703157576475,0.0
2021-09-22,0.8969658549202999,0.9084011987609564,0.8969658549202999,0.9035980836244287,0.0
2021-09-23,0.9045998579879867,0.919989747703987,0.9045998579879867,0.9169575369002443,0.0
2021-09-24,0.9168912882550461,0.9193904159902554,0.9138783424950796,0.9178326852750825,0.0
2021-09-27,0.9162836085315184,0.9247727722273652,0.9162836085315184,0.919715170715741,0.0
2021-09-28,0.9165059504530961,0.9178382479773448,0.9035012335227831,0.9046971195555179,0.0
2021-09-29,0.9062820492207758,0.9120938413248542,0.9048546529624975,0.907090228885116,0.0
2021-09-30,0.9091280848992522,0.9114858530019119,0.8923882758411679,0.892667903836921,0.0
2021-10-01,0.8949567434909218,0.9097236052783375,0.8911279980349244,0.9053953613379253,0.0
2021-10-04,0.9050392850906923,0.907606207105773,0.8920785633589264,0.8968616907487762,0.0
2021-10-05,0.8977143773064186,0.909733907751091,0.8977143773064186,0.9050844144580269,0.0
2021-10-06,0.9020324190029471,0.9081969903519692,0.8929519603661489,0.9077831136982039,0.0
2021-10-07,0.910228975064429,0.9225062888864871,0.910228975064429,0.9166969708529266,0.0
2021-10-08,0.9167663107674711,0.9190096122258534,0.9142442068827088,0.9164677263273561,0.0
2021-10-11,0.9158752972176172,0.9218774898850955,0.9096168641698246,0.9098686733790621,0.0
2021-10-12,0.9101611781469557,0.9129066552556119,0.9051970268682167,0.9067637201544125,0.0
2021-10-13,0.9066152521849272,0.9086492968644173,0.8998205445703853,0.9067497092134842,0.0
2021-10-14,0.9084749698465776,0.9211515295450423,0.9084749698465776,0.9208542850066577,0.0
2021-10-15,0.9237838772735499,0.9316265199213004,0.9237838772735499,0.9309352809717553,0.0
2021-10-18,0.9289902553540734,0.9318006412061973,0.9241086319990355,0.9299817272448782,0.0
2021-10-19,0.9317426350667221,0.9353642892149308,0.9308128804211693,0.9352226209829667,0.0
2021-10-20,0.935693475111493,0.9408244336052509,0.9354442402016427,0.9392325986983986,0.0
2021-10-21,0.936884618736135,0.9393122437232981,0.93483285200994,0.9390674399845245,0.0
2021-10-22,0.9391898431727123,0.9433388093166473,0.9372440948521287,0.9410177197050544,0.0
2021-10-25,0.941429227792375,0.9439195986895045,0.9397609446340427,0.9427091847458825,0.0
2021-10-26,0.9440254113621728,0.9467123653613949,0.9425399060979479,0.943124092701964,0.0
2021-10-27,0.9451959500413083,0.9451959500413083,0.9360962237231318,0.9361031263271246,0.0
2021-10-28,0.9375463903980202,0.9427382405676568,0.9375463903980202,0.9424278080201153,0.0
2021-10-29,0.9419477829500215,0.9456470195184975,0.939861914669749,0.944777333617052,0.0
2021-11-01,0.9451489664398863,0.9497935168671183,0.9442078806568661,0.947264096274876,0.0
2021-11-02,0.947825103633998,0.9518790765479765,0.9464804410323638,0.9509248001181978,0.0
2021-11-03,0.9510952129349198,0.9542450871563594,0.946680940973176,0.9536929421393907,0.0
2021-11-04,0.9523710499543666,0.9539686532964241,0.9491800687083853,0.9528133652310775,0.0
2021-11-05,0.9566252142097433,0.9623224341654713,0.9545533568703991,0.9581866533930913,0.0
2021-11-08,0.960521239613255,0.964458377316512,0.9583573774468294,0.9609368702722383,0.0
2021-11-09,0.9602065816275798,0.9605349445923708,0.9541015646903079,0.9579764708159559,0.0
2021-11-10,0.9574296827683069,0.9586788351700258,0.9497872314619543,0.9516451951183869,0.0
2021-11-11,0.9505595529293971,0.9523898033033876,0.9473018060682589,0.9474590335134259,0.0
2021-11-12,0.9485813515558805,0.9534305218579856,0.9478113986548823,0.9521824007585825,0.0
2021-11-15,0.952934631612876,0.9557632538440619,0.9503749208012022,0.9518432209886813,0.0
2021-11-16,0.9515459764502966,0.9578875546206191,0.9515459764502966,0.9532878249613074,0.0
2021-11-17,0.9537488883118357,0.9537488883118357,0.9471491152982416,0.9477180539260704,0.0
2021-11-18,0.9469436698539957,0.9482871982868424,0.9404208594242388,0.9461328130237967,0.0
2021-11-19,0.94634752963848,0.94634752963848,0.9378091192788397,0.9390384896668235,0.0
2021-11-22,0.9398147279729859,0.9476813754350036,0.939396420148144,0.9394939903150895,0.0
2021-11-23,0.9395117123617944,0.9453565747176342,0.9374794190499203,0.9446254657788061,0.0
2021-11-24,0.9430035463854654,0.9449332211604888,0.9387496907295029,0.9443769535718578,0.0
2021-11-26,0.9328325000562439,0.9328325000562439,0.9165613822931837,0.9205056256957745,0.0
2021-11-29,0.9236277839971702,0.9307545656822799,0.9204146495334073,0.926746233830391,0.0
2021-11-30,0.924663765418879,0.924663765418879,0.9079796968002968,0.9095431985882766,0.0
2021-12-01,0.9146923934610964,0.9232830415250065,0.8969687404567035,0.89736592636608,0.0
2021-12-02,0.8987957940572743,0.9168211227711284,0.8987957940572743,0.9136597116792786,0.0
2021-12-03,0.9150574322793522,0.9179199529692746,0.9037629337388885,0.9120847732497579,0.0
2021-12-06,0.9134919760284154,0.9325702855077813,0.9134919760284154,0.929148820063369,0.0
2021-12-07,0.9343437641399536,0.9447749650506075,0.9343437641399536,0.9421363319169359,0.0
2021-12-08,0.9420683319041218,0.9453301986993207,0.9390561062094551,0.9430679407965762,0.0
2021-12-09,0.9422110288008,0.9459558062024961,0.9383833120095166,0.943066395161903,0.0
2021-12-10,0.9450672640855582,0.9490801273373936,0.9418989477521139,0.9487714461574681,0.0
2021-12-13,0.9484533883030324,0.9484533883030324,0.9392376470683037,0.9403300889948146,0.0
2021-12-14,0.9391373997354994,0.9437199243180654,0.9348119384650192,0.9375139347074855,0.0
2021-12-15,0.9376503488366014,0.9480553768242826,0.9334288460047021,0.9476225437261554,0.0
2021-12-16,0.9504936128836132,0.9545435687300028,0.9436867459246286,0.946836825879011,0.0
2021-12-17,0.944264341161668,0.944264341161668,0.930658332779463,0.9327995300333518,0.0
2021-12-20,0.9290193111758475,0.9290193111758475,0.9143378628485366,0.9213712971672327,0.0
2021-12-21,0.9249937742472127,0.936585002993704,0.9249937742472127,0.9361560840966946,0.0
2021-12-22,0.9361300166777952,0.9433296410126815,0.9345848567729506,0.9430452732464375,0.0
2021-12-23,0.9437978153377471,0.951145287805688,0.9437978153377471,0.9482325920161276,0.0
2021-12-27,0.9483360361223516,0.9576237944374836,0.9483360361223516,0.9575122106920082,0.0
2021-12-28,0.9575282842375683,0.9634437235432116,0.9575282842375683,0.9600398772790326,0.0
2021-12-29,0.960644671466157,0.9646118936559024,0.9599866109100486,0.9624247441029078,0.0
2021-12-30,0.9633176145244507,0.967457618097363,0.9593519379693787,0.9600363745438006,0.0
2021-12-31,0.95971388815589,0.9623274825353766,0.9575541459235248,0.9584596873842657,0.0
2022-01-03,0.958018917742228,0.9652520264323633,0.9560370079005366,0.9649681756360782,0.0
2022-01-04,0.9663118069353964,0.9741940109730155,0.9663118069353964,0.9706282001307803,0.0
2022-01-05,0.9685960123229796,0.9746637309327543,0.9600973690861507,0.9602745842779958,0.0
2022-01-06,0.9603257906799497,0.9617801801553703,0.9548297907303342,0.95577376468736,0.0
2022-01-07,0.956119844423652,0.9596344488639332,0.9524784082617082,0.9556469329656972,0.0
2022-01-10,0.95415802519511,0.95415802519511,0.9400389241286512,0.9513532046828501,0.0
2022-01-11,0.9510889301673575,0.9566969253283344,0.9434537929308834,0.9561839302353485,0.0
2022-01-12,0.9584032268794638,0.9614978749937583,0.9539717445657704,0.9571941528375723,0.0
2022-01-13,0.957778856411547,0.963090738565325,0.950702975166579,0.9525335315023816,0.0
2022-01-14,0.9494424889897907,0.9494424889897907,0.9400805481231518,0.9472105213064774,0.0
2022-01-18,0.9406152796928299,0.9406152796928299,0.9300716721049291,0.9328793807911943,0.0
2022-01-19,0.9340354944259139,0.9376101649727006,0.9235691606588664,0.9239162716974746,0.0
2022-01-20,0.9258684082896939,0.9360901440509106,0.9144597490667652,0.9156537782278107,0.0
2022-01-21,0.9152924478777298,0.9204352571165159,0.9028392587655568,0.9037840556543538,0.0
2022-01-24,0.8986470174883749,0.907888617771458,0.8743736610659527,0.9063986813361565,0.0
2022-01-25,0.9017074585445186,0.9123738807864928,0.8847972366697122,0.9046375677813696,0.0
2022-01-26,0.9105217884317369,0.9182987996331179,0.8935266700667845,0.9012181623039875,0.0
2022-01-27,0.9036885454544388,0.9171817330559096,0.8969898597345671,0.9010253905365411,0.0
2022-01-28,0.9003516705383597,0.9160857883941668,0.8917075477349208,0.9159196010155785,0.0
2022-01-31,0.9150149853530803,0.9270680001530016,0.9098698075478497,0.926638566923635,0.0
2022-02-01,0.9271557848171529,0.9347948336171429,0.9225790286697921,0.9338492137965744,0.0
2022-02-02,0.9331358242668497,0.9410752115121725,0.9308128804211693,0.9397598104652553,0.0
2022-02-03,0.9368782304644995,0.937296641155813,0.9250348839093562,0.926092604445359,0.0
2022-02-04,0.9256858361285292,0.9319583829837215,0.9178611212604264,0.9255275800186479,0.0
2022-02-07,0.9260192448256237,0.9317331555257403,0.9230018705321822,0.9255642585097148,0.0
2022-02-08,0.9273987316842371,0.9375326854189046,0.9255456106647671,0.9353669663807895,0.0
2022-02-09,0.9393792124337962,0.9449018970011396,0.9393792124337962,0.9434189686739038,0.0
2022-02-10,0.9397988601603685,0.9442677410304285,0.92581720188774,0.9295328179635888,0.0
2022-02-11,0.9302265283460498,0.9345326190686805,0.9131514563567837,0.9162516698109423,0.0
2022-02-14,0.9151027673796296,0.9164231139299804,0.9048103491645362,0.911717983063886,0.0
2022-02-15,0.9148836195938697,0.9244211271512089,0.9148836195938697,0.9228662793348378,0.0
2022-02-16,0.9218900580578219,0.9242708023100346,0.9137349228954996,0.9214269321026616,0.0
2022-02-17,0.9194276114512813,0.9194276114512813,0.9032792028382215,0.9050147633064662,0.0
2022-02-18,0.9049730364454943,0.9079569263836865,0.8961563379918314,0.8988730678781276,0.0
2022-02-22,0.8961012147511579,0.8974371205147119,0.8800171003203393,0.8861447848077499,0.0
2022-02-23,0.8883698498870705,0.8923690081597899,0.8726478861005024,0.8738839533595361,0.0
2022-02-24,0.8659333352056152,0.8775127158446802,0.8512237594923746,0.8763122984119991,0.0
2022-02-25,0.8777205324929727,0.8993098178149743,0.8777205324929727,0.8983342137367871,0.0
2022-02-28,0.8933721224250781,0.8958252978611817,0.8827870965756196,0.8939518804956194,0.0
2022-03-01,0.8918649809130306,0.8933594487482784,0.8732485603535661,0.8781881898480793,0.0
2022-03-02,0.8804186118967193,0.8971452329456469,0.8804186118967193,0.8939189104727274,0.0
2022-03-03,0.896069070297639,0.9015077841730795,0.8873296430272276,0.891368576335564,0.0
2022-03-04,0.8876962301177587,0.8876962301177587,0.8771113071347715,0.886624601507299,0.0
2022-03-07,0.8857001009645943,0.8857001009645943,0.865295570995599,0.8655917868692694,0.0
2022-03-08,0.8673798962788002,0.8810376253953164,0.8592971923003688,0.8607191260852544,0.0
2022-03-09,0.8667270898255397,0.8824698616529552,0.8667270898255397,0.8779587395895659,0.0
2022-03-10,0.87322475863464,0.8766489012449112,0.865654635645707,0.8749998857679568,0.0
2022-03-11,0.8777864725387565,0.884008327324352,0.8680846291993145,0.8689365956916572,0.0
2022-03-14,0.8704183924877069,0.8808426881567665,0.8656123944523777,0.8689642087452294,0.0
2022-03-15,0.8701255764827973,0.8867838862818946,0.8701255764827973,0.8847661208809078,0.0
2022-03-16,0.8876566660902884,0.8987876544180229,0.8807279129130748,0.8984489916180805,0.0
2022-03-17,0.8966630450420512,0.9095485555575961,0.8940430623909291,0.9094652020645216,0.0
2022-03-18,0.9090948062769462,0.9167037705904478,0.9041653737511129,0.9166966622535123,0.0
2022-03-21,0.9144526407298298,0.9181038623945678,0.9058001725541962,0.9113702521888473,0.0
2022-03-22,0.9121681267428323,0.9200490937451925,0.9121681267428323,0.9180822261467452,0.0
2022-03-23,0.9165360349395846,0.9165360349395846,0.9060943258232346,0.9062404252262752,0.0
2022-03-24,0.9075146137445773,0.9156054573622603,0.9061592372043042,0.9154572979921896,0.0
2022-03-25,0.9153108899897345,0.9216492740242394,0.9134415925582329,0.9195006598340005,0.0
2022-03-28,0.9187566688478283,0.9220509939711639,0.9113502644421693,0.9219972106322207,0.0
2022-03-29,0.9261767808702049,0.9329794223910558,0.9239537757579147,0.930920238728511,0.0
2022-03-30,0.9303778818519386,0.9326918631265959,0.9247056980127939,0.9291957007983194,0.0
2022-03-31,0.9284759229969591,0.9284759229969591,0.9146672544780416,0.9146768368854951,0.0
2022-04-01,0.9163263666948064,0.9191491176243157,0.9109815145181367,0.9183673139782892,0.0
2022-04-04,0.9178849229793525,0.9215986848211138,0.9130158677970411,0.9211001174101456,0.0
2022-04-05,0.9198986686751485,0.926120317727801,0.9117144803286539,0.9136963901703454,0.0
2022-04-06,0.9105091147549372,0.9128697683940005,0.9040953137712686,0.9098806243529601,0.0
2022-04-07,0.9083699801056804,0.9154015575526874,0.9018211022570245,0.9121768835809124,0.0
2022-04-08,0.9117988624864425,0.9207462039964143,0.9091863996381419,0.9158049260007565,0.0
2022-04-11,0.9134086225353409,0.9152831740696907,0.9039665249490472,0.904910496268471,0.0
2022-04-12,0.9076650388146215,0.9144557319991762,0.8994963041772566,0.9025968262308297,0.0
2022-04-13,0.9011799381782475,0.9125669611533535,0.9004941617020951,0.9116762535653121,0.0
2022-04-14,0.9133609188686189,0.9202374369791642,0.9083241306730461,0.9086862865925003,0.0
2022-04-18,0.9076380455974793,0.9130926272855372,0.9041455917373779,0.9076434025667989,0.0
2022-04-19,0.9071931560213808,0.9227151341994937,0.9071931560213808,0.9208184294473624,0.0
2022-04-20,0.9221760743252104,0.9314795949488865,0.9221760743252104,0.9274016172206407,0.0
2022-04-21,0.9299867756147833,0.9361434130574967,0.9158761201493886,0.9176945197783507,0.0
2022-04-22,0.9159699818481593,0.9159699818481593,0.8908075689764421,0.8918100634053,0.0
2022-04-25,0.889706575944794,0.899580789201517,0.8789378464029852,0.8980892042650707,0.0
2022-04-26,0.8943445323674476,0.8943979016029033,0.8765001246760118,0.876743588513055,0.0
2022-04-27,0.8823021286396939,0.8887974288823496,0.8732807048070849,0.878372307643917,0.0
2022-04-28,0.8816437568465691,0.898229740965849,0.8769620135959132,0.8945793395952804,0.0
2022-04-29,0.8911668393594929,0.8946637217530692,0.8681178049551493,0.8698075186283614,0.0
2022-05-02,0.8698412113541552,0.8763418685661305,0.8558983416540584,0.8720307294735945,0.0
2022-05-03,0.8726793104887212,0.8794180745684201,0.8681600487860803,0.8738055480074972,0.0
2022-05-04,0.8749400253943942,0.8998900902178725,0.8709846513120753,0.8983951054126657,0.0
2022-05-05,0.8929382580246349,0.8929382580246349,0.8621027856299651,0.8703550293789124,0.0
2022-05-06,0.8644444300726298,0.8718814359347362,0.8565530049790082,0.8677544146380379,0.0
2022-05-09,0.8621046398640526,0.8621046398640526,0.8472499459356526,0.8505131526325818,0.0
2022-05-10,0.8573284678302323,0.8638718330910607,0.8410755864462344,0.8482722724926804,0.0
2022-05-11,0.8472831718059222,0.8594366950612291,0.8387272978845566,0.8396570525301095,0.0
2022-05-12,0.8360944358236921,0.841776405165631,0.8236761210829335,0.8369189949954049,0.0
2022-05-13,0.8430793409062932,0.8513137069900275,0.8404135088225367,0.8492196990705033,0.0
2022-05-16,0.8480457077705706,0.8575903737792803,0.842138252485671,0.8499255134077687,0.0
2022-05-17,0.855295145853644,0.8622093711199702,0.8521603666274853,0.8612980585864223,0.0
2022-05-18,0.856394231899168,0.856394231899168,0.8280473790340114,0.8305826709279305,0.0
2022-05-19,0.8245834139112904,0.8326679747614111,0.8180894034559302,0.8243331529743277,0.0
2022-05-20,0.8289175317909812,0.8312607719827536,0.8080493615344683,0.8245644574669284,0.0
2022-05-23,0.8280985854359654,0.8431996287378122,0.8280985854359654,0.8408737993557284,0.0
2022-05-24,0.8365842463965802,0.8444245178402845,0.8272993709802501,0.8421498421081179,0.0
2022-05-25,0.8391875884177482,0.8507436869454478,0.8375527922522668,0.8472050750532976,0.0
2022-05-26,0.8505783198610292,0.8644513326766223,0.8505783198610292,0.8608391079549609,0.0
2022-05-27,0.8634213280606634,0.8760430783930725,0.8620212890085799,0.8760256649457819,0.0
2022-05-31,0.874644323853081,0.8767446198153711,0.8638763143765723,0.870148038299993,0.0
2022-06-01,0.874531402843477,0.8775918438996207,0.8594562212275867,0.8654823685948974,0.0
2022-06-02,0.8653710934488362,0.8769659304346328,0.8574693131304248,0.8769572738254222,0.0
2022-06-03,0.870047788329587,0.8739854403652011,0.8661676281010908,0.8677630686096468,0.0
2022-06-06,0.8712536682356607,0.8766167567913924,0.8656477330417143,0.8681872477361652,0.0
2022-06-07,0.8646858313050408,0.8758802882456432,0.8609620228379039,0.8751599961119256,0.0
2022-06-08,0.8727051721746776,0.8745364512133822,0.8657762132645213,0.8680584589139438,0.0
2022-06-09,0.8658883113423539,0.8692673272228925,0.8510955377545468,0.8512276763310942,0.0
2022-06-10,0.8454442173458883,0.8454442173458883,0.8278862373877266,0.8280167802151659,0.0
2022-06-13,0.821478721809222,0.821478721809222,0.8011378134340008,0.8049100983851962,0.0
2022-06-14,0.8069041148192937,0.8095011239584646,0.7950847757160194,0.8009033148055823,0.0
2022-06-15,0.8063280678545294,0.8179723071226273,0.7961622255137208,0.8089136904665942,0.0
2022-06-16,0.7993447585210361,0.7993447585210361,0.7844320057011245,0.7893569543038442,0.0
2022-06-17,0.7889779019070583,0.7956990468065238,0.7821356963587373,0.7883469901865998,0.0
2022-06-21,0.7932505610264765,0.8085299510513541,0.7932505610264765,0.8052664331174088,0.0
2022-06-22,0.8005799500962618,0.8117989789355251,0.7956592269316758,0.8040236188728905,0.0
2022-06-23,0.8063235865690178,0.810156043130792,0.7990192837302506,0.8091465933459049,0.0
2022-06-24,0.8136194411691193,0.8313005944952035,0.8136194411691193,0.8308625046566264,0.0
2022-06-27,0.8317308005419067,0.8334449832473083,0.8269242855366185,0.829216116231096,0.0
2022-06-28,0.8321383416760731,0.8410017124941418,0.8159244572351518,0.8162583802646033,0.0
2022-06-29,0.8194345803899215,0.821691067219859,0.8148746706054576,0.8184296620049806,0.0
2022-06-30,0.8121176038743546,0.8171250804007757,0.8026715366973047,0.8117332973747207,0.0
2022-07-01,0.8107399712498284,0.8213320553217878,0.8041464836413987,0.8202218939861738,0.0
2022-07-05,0.8151012353275675,0.8169111867178638,0.8006471772917394,0.8168077953636764,0.0
2022-07-06,0.816530332839027,0.8235829820870646,0.8122452585277886,0.8186504081774504,0.0
2022-07-07,0.8226851661620876,0.8287830220103876,0.8217353710178202,0.8277994866634933,0.0
2022-07-08,0.8268467558683876,0.8311468697852683,0.8232601317101012,0.826575628863337,0.0
2022-07-11,0.8249885864790123,0.8273510943521629,0.8206739947656791,0.8222417694686259,0.0
2022-07-12,0.8206452475433191,0.8267852971081152,0.8139773716504397,0.8171641300958888,0.0
2022-07-13,0.8108945716435716,0.817107152621128,0.8048538963653737,0.8116636488607619,0.0
2022-07-14,0.803197255581525,0.8092193832436447,0.7950768418097107,0.8079019222296974,0.0
2022-07-15,0.8117316989880108,0.8252597134840628,0.8117316989880108,0.8252597134840628,0.0
2022-07-18,0.8302110381050962,0.8346606512937782,0.8172074025915341,0.8195717145843374,0.0
2022-07-19,0.8220326181938067,0.8398717691447928,0.8220326181938067,0.8394708747672414,0.0
2022-07-20,0.8395484044354722,0.8425673771156234,0.8347205116673407,0.8407313583064279,0.0
2022-07-21,0.8394560883713748,0.8451042673962522,0.8317434742187063,0.8450058716599335,0.0
2022-07-22,0.8484616443913663,0.849815528049003,0.83694985229923,0.8413762334909815,0.0
2022-07-25,0.8427383069023044,0.8447982633821857,0.839328948050298,0.8437698571529366,0.0
2022-07-26,0.8427148164203944,0.8427148164203944,0.8362611401722393,0.8377429369682893,0.0
2022-07-27,0.8404731634631565,0.8529010078593318,0.8387423401278008,0.8492442182171277,0.0
2022-07-28,0.8492449910344643,0.8601098004981839,0.8435738912496723,0.8580021403515806,0.0
2022-07-29,0.8576325648581747,0.868039502469582,0.8570364773946957,0.8663237213774706,0.0
2022-08-01,0.863965230571909,0.8696708987663027,0.8609340510704824,0.8650911568536689,0.0
2022-08-02,0.8622660399953169,0.8644193939560465,0.8542432465048829,0.8544819705714353,0.0
2022-08-03,0.8575954221491855,0.8681069881500388,0.8575954221491855,0.8654631009135193,0.0
2022-08-04,0.8652835171552298,0.8659040762885001,0.8612463906041479,0.8632032115772195,0.0
2022-08-05,0.8596973138605836,0.86551873848655,0.8569467883820223,0.865224893816926,0.0
2022-08-08,0.8671738336357255,0.8733089350594858,0.8643184239203404,0.8659916525821065,0.0
2022-08-09,0.8653275123537767,0.8671783650356717,0.8625659643371621,0.8644584436511596,0.0
2022-08-10,0.8738540746059905,0.880020294456157,0.8738540746059905,0.8785722906147705,0.0
2022-08-11,0.8823176852152953,0.8876005141849005,0.8780531156206937,0.8792886685473702,0.0
2022-08-12,0.8817692513041033,0.8906413789602521,0.8809147078747716,0.8904820941856564,0.0
2022-08-15,0.8891540194619397,0.8955900765298613,0.8857847917217972,0.8944751754237567,0.0
2022-08-16,0.8947893190770747,0.9042057633479567,0.8928960141937039,0.9007940860439404,0.0
2022-08-17,0.8975640551028459,0.9010314702087624,0.8922587669536465,0.8962655505332605,0.0
2022-08-18,0.8963061458630469,0.897940633429114,0.8926821205107919,0.8967592779448683,0.0
2022-08-19,0.8942707612818266,0.8942707612818266,0.8869487363963544,0.8890495466910014,0.0
2022-08-22,0.8858805076546554,0.8858805076546554,0.8706098243534233,0.8720863670466251,0.0
2022-08-23,0.8712927152931721,0.8740553974785742,0.8666867002286961,0.8680239432563788,0.0
2022-08-24,0.8677449350970562,0.8729275140962554,0.8658866628412093,0.8695970274518119,0.0
2022-08-25,0.8711806172153396,0.8784820345177032,0.8675033281317022,0.8781046306220619,0.0
2022-08-26,0.8781481114882518,0.8800279171254498,0.8513709403121661,0.8515075601742248,0.0
2022-08-29,0.8489912774767043,0.8526090174237951,0.8433148708370277,0.8466435533618185,0.0
2022-08-30,0.8483540275990452,0.8494570832353253,0.834727672756313,0.8385165455854258,0.0
2022-08-31,0.8394735018186653,0.8431368327134112,0.8310975176174019,0.8311196708351835,0.0
2022-09-01,0.8296465807627788,0.835526578612614,0.8234526977446048,0.834970311023983,0.0
2022-09-02,0.8400366192592524,0.8447421114767979,0.8224593716197127,0.8260557338039604,0.0
2022-09-06,0.8267243553178018,0.8298921546812871,0.8189347733060924,0.8214890242819753,0.0
2022-09-07,0.8214977310056206,0.8346516860851535,0.8201678521622512,0.8329884011822914,0.0
2022-09-08,0.8303684686456042,0.8383187254480742,0.826136457608009,0.8380853082364065,0.0
2022-09-09,0.8407677809501171,0.8500394657196887,0.8407677809501171,0.8480341155105219,0.0
2022-09-12,0.8482393024697885,0.8573271305661038,0.8482393024697885,0.8540908115822434,0.0
2022-09-13,0.8442040301527941,0.8442040301527941,0.818145555361318,0.8204252768257878,0.0
2022-09-14,0.8213761006347694,0.8249579850225649,0.8146238399464995,0.8212196987589756,0.0
2022-09-15,0.8209451217707296,0.824980911057683,0.8145463102782685,0.8166495392537951,0.0
2022-09-16,0.8141382548117451,0.8141382548117451,0.8057894721981683,0.8129727117504782,0.0
2022-09-19,0.8103467021791716,0.8183658346782636,0.806034479032283,0.8181756398478064,0.0
2022-09-20,0.8147164144955763,0.8147164144955763,0.8035694053743182,0.8099080980082373,0.0
2022-09-21,0.812892810878201,0.8182049014025236,0.7960807262547338,0.7961279155890986,0.0
2022-09-22,0.7966749594841253,0.7992534737592548,0.7911362541232583,0.7933030545781242,0.0
2022-09-23,0.7901107835448474,0.7901107835448474,0.7715109508633003,0.7804772013408009,0.0
2022-09-26,0.7790642274893366,0.7815417189767232,0.7691542114253549,0.7717836736174588,0.0
2022-09-27,0.7759793174010033,0.7822894685455052,0.7638025595111639,0.7684650350804418,0.0
2022-09-28,0.7701512460184219,0.7863160367764561,0.7679370003818137,0.782938875130005,0.0
2022-09-29,0.7784546961693232,0.7784546961693232,0.7648343656091737,0.7708552087592015,0.0
2022-09-30,0.7681495541629951,0.7742885724254751,0.7574097749388875,0.7576645725510001,0.0
2022-10-03,0.7610866024422043,0.7819906282580127,0.7610866024422043,0.7778522705486433,0.0
2022-10-04,0.786708791514756,0.799854095260282,0.786708791514756,0.7996238194323955,0.0
2022-10-05,0.7933473583760855,0.8032674184278409,0.7882852755789498,0.7985041258037631,0.0
2022-10-06,0.7967174618000358,0.7999743329773661,0.787570493395458,0.7893535043206488,0.0
2022-10-07,0.7829792119748119,0.7829792119748119,0.7686673391409068,0.7727326458299549,0.0
2022-10-10,0.7759584513329155,0.7777185362229881,0.7651791107189391,0.7702557214269619,0.0
2022-10-11,0.7671517467525916,0.7809522255178226,0.7668624361205157,0.7712133977255015,0.0
2022-10-12,0.7710517391092576,0.77690876080954,0.7684924424010714,0.7704659040040971,0.0
2022-10-13,0.7584643013390725,0.7957259397947963,0.7559614651356883,0.7923018472989599,0.0
2022-10-14,0.796350307625111,0.8025911214926703,0.7811073402439228,0.7816488214366872,0.0
2022-10-17,0.7936155998447324,0.799508527218745,0.7912177507446435,0.7961817490424765,0.0
2022-10-18,0.8096783365127078,0.8133810257019812,0.7992416256518283,0.805096328900101,0.0
2022-10-19,0.802860652748613,0.8087443590666231,0.7972652785123991,0.802458982916123,0.0
2022-10-20,0.802145356232764,0.8129869811763858,0.7982754483625863,0.8000793200806614,0.0
2022-10-21,0.7989607105063817,0.8208024222364496,0.7967213760011534,0.8198341849801773,0.0
2022-10-24,0.8225973313835017,0.8335779473932288,0.8219139261113957,0.8308345302516029,0.0
2022-10-25,0.8298858191616881,0.8407659267160296,0.8288275842933281,0.8397264425590887,0.0
2022-10-26,0.8371336614956535,0.8485803364737773,0.8371336614956535,0.8397889326216772,0.0
2022-10-27,0.8456716076373713,0.8542775564295052,0.8438535166078234,0.8449103614600183,0.0
2022-10-28,0.8494214835234075,0.8675021939629145,0.8482100435526733,0.8667634597171922,0.0
2022-10-31,0.8639272121791118,0.8673452777547637,0.8595134545497253,0.8633648675558614,0.0
2022-11-01,0.8667895271360916,0.8697618775662717,0.8568310345880514,0.8612613800953554,0.0
2022-11-02,0.8592325394042786,0.8723058234317994,0.8477191489254324,0.8479299012245632,0.0
2022-11-03,0.843638285660783,0.8489309001331827,0.8368332729358858,0.8440655560566479,0.0
2022-11-04,0.8510224893718276,0.8601620355648519,0.8424215361975622,0.8546679426013605,0.0
2022-11-07,0.856009925399534,0.867654678999989,0.8552421353320374,0.8658455531790659,0.0
2022-11-08,0.8686825207824461,0.8797823933213761,0.8659632139591608,0.8746506092582451,0.0
2022-11-09,0.8705264734979505,0.8721259310740955,0.8566632461851516,0.8575882636978153,0.0
2022-11-10,0.8773695046156448,0.8896032373426432,0.8748350356534972,0.8892772455818987,0.0
2022-11-11,0.8914500729569493,0.8919831560254826,0.8808120893379209,0.8901341575776751,0.0
2022-11-14,0.8878708683726144,0.8958430199078864,0.8844923668244331,0.8845645922753812,0.0
2022-11-15,0.8903473285576853,0.8964432800574627,0.8788541843104966,0.8860475232402186,0.0
2022-11-16,0.8850454402772464,0.8884188908179207,0.8840446972160044,0.8850163844554721,0.0
2022-11-17,0.879093422709406,0.8866567459608179,0.8767322547379857,0.8848183585851777,0.0
2022-11-18,0.8864080280209266,0.8922464018762613,0.8846685507139621,0.8900769743699714,0.0
2022-11-21,0.8904623121719213,0.8932130407458236,0.885157538355079,0.8888792341031491,0.0
2022-11-22,0.8917745190830206,0.8998363068789295,0.8917745190830206,0.8993721522590549,0.0
2022-11-23,0.8991998825706434,0.9036969936931045,0.8969070232114517,0.9019031158483685,0.0
2022-11-25,0.9024037458639691,0.906979262338469,0.9020484925485074,0.9059379239474407,0.0
2022-11-28,0.9040620351489623,0.9047997380923688,0.8914923167878803,0.8928140006023596,0.0
2022-11-29,0.8927702137743573,0.8950414368857266,0.8878813765783108,0.8928949828913877,0.0
2022-11-30,0.8913888726816563,0.912340393793642,0.8858061193702057,0.912340393793642,0.0
2022-12-01,0.9108585969975919,0.912491850166002,0.9001964028313534,0.9072034584941343,0.0
2022-12-02,0.9037861156213843,0.909529802208575,0.8978325550564724,0.9081231163998766,0.0
2022-12-05,0.9056398564772846,0.9056398564772846,0.8927440434889866,0.8953893734937081,0.0
2022-12-06,0.8951195336383511,0.8969594666486645,0.8814493365779782,0.8861376738332126,0.0
2022-12-07,0.8850841787353435,0.8908307508589379,0.8836934636057339,0.8861794033317865,0.0
2022-12-08,0.8887654901617738,0.8941251788487449,0.8873541648114538,0.8910209483269969,0.0
2022-12-09,0.8901038647206418,0.8926865516818687,0.8826114270184477,0.8829757457714037,0.0
2022-12-12,0.8841109458612026,0.8969175340547496,0.8841109458612026,0.8969175340547496,0.0
2022-12-13,0.9038650379433821,0.9155717646364665,0.8939064425288706,0.8996501291160613,0.0
2022-12-14,0.8990548144699189,0.9072202521049944,0.8889818552776017,0.895897111846244,0.0
2022-12-15,0.8907972665036888,0.8907972665036888,0.8708348460784615,0.8757423311194561,0.0
2022-12-16,0.8747991800942017,0.8747991800942017,0.8612980585864223,0.8683106795890672,0.0
2022-12-19,0.8683367470079666,0.8714357234268665,0.8593826558749084,0.86401345120859,0.0
2022-12-20,0.8634252950138178,0.8702036758730237,0.8611624700266796,0.866445298996285,0.0
2022-12-21,0.871149501426535,0.8819570749305141,0.871149501426535,0.8803386609100071,0.0
2022-12-22,0.8765634904224082,0.8765634904224082,0.8591573783024923,0.8711336362515193,0.0
2022-12-23,0.8693814852677554,0.8763732929543492,0.8655031792733469,0.8757874578491887,0.0
2022-12-27,0.8763229121217684,0.8806350825166205,0.8722437975871332,0.8767799584047075,0.0
2022-12-28,0.8773919637952389,0.8804196431990352,0.8669572601493529,0.8671303527695355,0.0
2022-12-29,0.8709738345069649,0.878147905755309,0.8709453985216211,0.8762324502917583,0.0
2022-12-30,0.8736161761088114,0.8744322870418583,0.8663947097931596,0.8742924730439818,0.0
2023-01-03,0.8743359512725699,0.8806298257761705,0.8664672438435219,0.8740055309783504,0.0
2023-01-04,0.8747643558372223,0.8811990756410155,0.8712916866284578,0.8775240496197495,0.0
2023-01-05,0.8754653829271637,0.8754653829271637,0.8654585668759712,0.8685643430323923,0.0
2023-01-06,0.8718672192608651,0.8891529907972254,0.8703397787651235,0.8870415694304108,0.0
2023-01-09,0.8879325829802646,0.8950730670068883,0.8832711387133027,0.8840621080256932,0.0
2023-01-10,0.8840299635721746,0.8895718129544247,0.881534029972783,0.8889800010435143,0.0
2023-01-11,0.8902969450875026,0.8961170825637754,0.8891629846705645,0.8960727787658141,0.0
2023-01-12,0.8980469630717416,0.9045041420551287,0.8913010906551071,0.9017952432086699,0.0
2023-01-13,0.8987709636736338,0.9058136691627674,0.894555540513956,0.9047662537371196,0.0
2023-01-17,0.9026485469651407,0.9039053246737543,0.893109702143673,0.8944332428298417,0.0
2023-01-18,0.8954259491183033,0.8972206498948108,0.87752744948851,0.8782412504841206,0.0
2023-01-19,0.8749281772869678,0.8764088399142302,0.8699351759193972,0.8715838827969372,0.0
2023-01-20,0.8723462103910411,0.8804829034413586,0.8690615731792322,0.8803124906246365,0.0
2023-01-23,0.8820024100307914,0.8910578325510067,0.8787500201389726,0.8870138535103668,0.0
2023-01-24,0.882138515560493,0.8910589667197941,0.8785999036683427,0.889767570487144,0.0
2023-01-25,0.8846083817409853,0.8907996350701334,0.8776148200491737,0.8900281365344619,0.0
2023-01-26,0.8907619279143523,0.89556576311618,0.8871732437890357,0.8954502651695866,0.0
2023-01-27,0.8955430955660413,0.9011189436358974,0.8923231613647573,0.8962064102249978,0.0
2023-01-30,0.8943899676965945,0.8982429289750058,0.8887446768457224,0.8893225780445744,0.0
2023-01-31,0.8916032806969253,0.8992964240728747,0.8879462879593802,0.8990539915381476,0.0
2023-02-01,0.8978291551877119,0.905612654889598,0.8857441990296128,0.8992365610617102,0.0
2023-02-02,0.900195062929623,0.9006128537845061,0.891899288200051,0.8982073820151246,0.0
2023-02-03,0.8948407312119714,0.9015211779151792,0.8918749747863697,0.894833105905077,0.0
2023-02-06,0.8934728867278415,0.8958044845451304,0.8884386728316559,0.8939101509970454,0.0
2023-02-07,0.8907123673759411,0.903114867056119,0.8871336797615654,0.9009175178968424,0.0
2023-02-08,0.9002899532931079,0.9010482638196226,0.894141458127248,0.8954397543262889,0.0
2023-02-09,0.8995701781293494,0.9034464215191258,0.8864222473323994,0.8888686230309816,0.0
2023-02-10,0.8881211319471791,0.894076032413821,0.886022898589521,0.8933364725987256,0.0
2023-02-13,0.8938144350641873,0.9033681190335584,0.8938144350641873,0.9032712689319128,0.0
2023-02-14,0.90190393878014,0.9055274498000379,0.8922334196000473,0.8991391966277077,0.0
2023-02-15,0.8970122186852917,0.9002263844513704,0.8923825074059628,0.900162092906731,0.0
2023-02-16,0.8965759830808019,0.8978702648498553,0.888518109486011,0.8887887749107409,0.0
2023-02-17,0.8882654773450018,0.89273961231791,0.8840642734967967,0.8922134318533693,0.0
2023-02-21,0.8888636775275478,0.8888636775275478,0.8734613198676905,0.8738266672853608,0.0
2023-02-22,0.8748748054139103,0.876896281920674,0.8690441597319416,0.8715978937378654,0.0
2023-02-23,0.8750347100249363,0.8775933895342939,0.8650192426397371,0.8744681426011537,0.0
2023-02-24,0.8703872766989026,0.8703872766989026,0.8610050394861715,0.8655797330289001,0.0
2023-02-27,0.8679334840639705,0.8754010887449225,0.8655074047114807,0.8674832348809509,0.0
2023-02-28,0.8670712150988749,0.8670712150988749,0.8608190674562463,0.8613536961594528,0.0
2023-03-01,0.8613449894358075,0.8637130626488223,0.8572393459019525,0.8614892847191955,0.0
2023-03-02,0.864631433404871,0.8726096619747624,0.8615950472774292,0.8705027746454957,0.0
2023-03-03,0.8724218357107497,0.8811125280121233,0.8706304319365316,0.8807208045761395,0.0
2023-03-06,0.8816268603692375,0.8855014578954713,0.8805229844387878,0.8817883106149367,0.0
2023-03-07,0.8817056798247639,0.8823635346479296,0.8661412520827773,0.8666226144169996,0.0
2023-03-08,0.8670345339702061,0.8678617729453798,0.8601931513536564,0.8650911568536689,0.0
2023-03-09,0.8671598200571955,0.870157000871016,0.8490598445739123,0.8507547622355377,0.0
2023-03-10,0.8489158578899385,0.8551658928135002,0.8383198095024268,0.8416492648445542,0.0
2023-03-13,0.8392830485032287,0.8503720514850116,0.8341381265453757,0.8392622351871775,0.0
2023-03-14,0.845490892347896,0.8521192042133052,0.8388998234203455,0.8481314298300897,0.0
2023-03-15,0.8376988890177056,0.8415656555041021,0.8289935158245387,0.8407242499694924,0.0
2023-03-16,0.8394866898278222,0.8514603207254252,0.8327294308840817,0.8505356144497777,0.0
2023-03-17,0.8497646302464632,0.8497646302464632,0.8368767511644739,0.8403921811741284,0.0
2023-03-20,0.8406651624132663,0.8514197253956388,0.8406651624132663,0.8504836352304871,0.0
2023-03-21,0.8551292644368681,0.8596914926733418,0.8531618297540271,0.8588189713499276,0.0
2023-03-22,0.8590719147279527,0.8641282264522813,0.8445722631068677,0.8448267521195661,0.0
2023-03-23,0.8467094934076024,0.8575236609161598,0.8404649710718682,0.8468086619612577,0.0
2023-03-24,0.845040695916913,0.8508175582599385,0.8388940022331037,0.8502976632005619,0.0
2023-03-27,0.8513313762846958,0.8589086603626009,0.8513313762846958,0.8554291386642786,0.0
2023-03-28,0.8555021870469981,0.8585660306095042,0.8518266994454115,0.854431331253875,0.0
2023-03-29,0.8589756317107009,0.8632353586683401,0.8582740401739677,0.8629600062251557,0.0
2023-03-30,0.8653293665878642,0.8679240045229886,0.8620439539211168,0.866690408696871,0.0
2023-03-31,0.8678227232502664,0.8780840256765553,0.8678227232502664,0.8776395475663427,0.0
2023-04-03,0.8768913337796383,0.8871019441363304,0.8768913337796383,0.886264505554875,0.0
2023-04-04,0.8860967725416138,0.8871499590400685,0.8776783915285129,0.8810217575826991,0.0
2023-04-05,0.880816623375469,0.8847529328717509,0.880333095570143,0.8831408042564082,0.0
2023-04-06,0.8815118767550014,0.8842813586779247,0.8789905984396122,0.8832085985362795,0.0
2023-04-10,0.88162500613515,0.8859767405574723,0.8794669124039296,0.885878653420568,0.0
2023-04-11,0.8858847330927893,0.8910158999570917,0.8858847330927893,0.8884706141898338,0.0
2023-04-12,0.8905654450411291,0.8940264745130119,0.8860580314459148,0.8874607001870242,0.0
2023-04-13,0.8880533376673078,0.898234995068697,0.8863706294645597,0.897567763571021,0.0
2023-04-14,0.8963022290243273,0.8989722865462177,0.8896855595334018,0.893790121650506,0.0
2023-04-17,0.8949504580857576,0.896553318168265,0.8914279223767695,0.8964464741932805,0.0
2023-04-18,0.8958656874580251,0.8972757731354842,0.8912955253152428,0.896168186099258,0.0
2023-04-19,0.8938787266088266,0.8956763155593392,0.8918957854648191,0.8940682013739839,0.0
2023-04-20,0.889942725711959,0.8934979228444246,0.8882846421599083,0.8911565368867395,0.0
2023-04-21,0.8913406546825774,0.8930610700411064,0.8885703471902808,0.8917457718606607,0.0
2023-04-24,0.8916423303920387,0.8939135508658059,0.8895599622093964,0.8934981285773674,0.0
2023-04-25,0.8922569100819573,0.8935004997814139,0.8842663164346805,0.8844097360342604,0.0
2023-04-26,0.8861376738332126,0.8874429781403192,0.8766294304681922,0.8783707620092438,0.0
2023-04-27,0.8804752807720658,0.8930853860923897,0.8802903374068549,0.892199420912441,0.0
2023-04-28,0.8914416247182835,0.8995424622093053,0.889620133819975,0.8993736978937279,0.0
2023-05-01,0.8998655684336464,0.9035851013482148,0.8975796116784472,0.898148241706862,0.0
2023-05-02,0.8972493971171707,0.8972527969859314,0.8819259617793114,0.8884638118147106,0.0
2023-05-03,0.8895744901202833,0.8918217057797837,0.8808548475012089,0.8813345613342867,0.0
2023-05-04,0.8795816876476209,0.879768382380448,0.8687601032027137,0.8737778320874532,0.0
2023-05-05,0.8769643847999595,0.8901491998209193,0.8769643847999595,0.888196034563986,0.0
2023-05-08,0.8892713716426203,0.8901243694372788,0.8838400773411316,0.8867272200441498,0.0
2023-05-09,0.8859665409511905,0.8877217805666989,0.8838529567508742,0.8852268782696234,0.0
2023-05-10,0.8890617033978423,0.8907732590518198,0.8767243208316771,0.8844229240434172,0.0
2023-05-11,0.8805341098433124,0.8806920573537796,0.8737768007851373,0.8785722906147705,0.0
2023-05-12,0.8801829790995133,0.8811277759883103,0.8733260399073622,0.8783377919863518,0.0
2023-05-15,0.8788808689282243,0.8809669455790415,0.8746796650800194,0.8796033265330455,0.0
2023-05-16,0.8776717975239345,0.8780801114754376,0.8705719088270976,0.8707288250352484,0.0
2023-05-17,0.8728478717089575,0.8828680788646479,0.8717382247057008,0.8815068283850963,0.0
2023-05-18,0.8802879688404103,0.8857043264027281,0.8760026887962291,0.8845437815969317,0.0
2023-05-19,0.8857844831223831,0.8876294645026015,0.8792883599479558,0.8816613760268027,0.0
2023-05-22,0.8811842391307142,0.8839210596301597,0.8758909019554126,0.8779673935611746,0.0
2023-05-23,0.8754359156395038,0.878589704062061,0.8707591178922816,0.8718727819631276,0.0
2023-05-24,0.8709825913450451,0.8712460429287663,0.8638789440655981,0.8651313407175697,0.0
2023-05-25,0.8665646082775246,0.866991055741618,0.8595037165237639,0.864201018987623,0.0
2023-05-26,0.8650147086021889,0.8746830649487799,0.8650147086021889,0.8728705366214945,0.0
2023-05-30,0.8731424364438815,0.873908680876705,0.8676119234743027,0.8715370020619867,0.0
2023-05-31,0.8690558021064251,0.8700084300350595,0.8635437312488512,0.8679891189993993,0.0
2023-06-01,0.8685583688642443,0.8748331814194097,0.8626147494206349,0.8720325837076819,0.0
2023-06-02,0.8753561677481326,0.8916412990897226,0.8753561677481326,0.8905272209153892,0.0
2023-06-05,0.8907479143358225,0.8916206941442161,0.8849889797724445,0.8852545941896675,0.0
2023-06-06,0.8848540084115303,0.8870584659077424,0.8809508720334813,0.8855294797773275,0.0
2023-06-07,0.8852442917169142,0.8891034302588142,0.8848127958829154,0.887949170858182,0.0
2023-06-08,0.8877371340469593,0.8934561959834525,0.8870265271871666,0.8923959011480624,0.0
2023-06-09,0.8928926143249434,0.8961336704416927,0.8911707561982124,0.8935346013354915,0.0
2023-06-12,0.894326398854857,0.8988377266511892,0.8935789051334527,0.898534093841169,0.0
2023-06-13,0.8997144206607006,0.9049686052744175,0.8996327183063725,0.902379532679157,0.0
2023-06-14,0.897963609578667,0.900778529468339,0.8910755545977114,0.8962393802478897,0.0
2023-06-15,0.8953598033395767,0.9096819812838369,0.8953598033395767,0.9075475837674692,0.0
2023-06-16,0.9090236094907124,0.9123116492088837,0.904320024259291,0.9046742462724363,0.0
2023-06-20,0.9022354958807486,0.9022354958807486,0.8945671828884397,0.898205527781037,0.0
2023-06-21,0.8965355961215601,0.8993676182215067,0.893518530427533,0.8955059001050155,0.0
2023-06-22,0.8941593859068957,0.8968784843596362,0.8924428821118825,0.8953790683833529,0.0
2023-06-23,0.8924499930864198,0.8924499930864198,0.8874603915876098,0.8895953034363346,0.0
2023-06-26,0.8896839110322572,0.8920234427558548,0.8865064237572452,0.8892598321346081,0.0
2023-06-27,0.8899013048127993,0.8961423244133013,0.8896734001889592,0.8948522707199835,0.0
2023-06-28,0.8936558703548918,0.8942462394976004,0.8903468142253281,0.8928983853977502,0.0
2023-06-29,0.8929487662303309,0.900679825132606,0.8922645353888518,0.900013624937246,0.0
2023-06-30,0.9039040876384953,0.909111497021335,0.9039040876384953,0.9075355299271001,0.0
2023-07-03,0.906537978364074,0.9090653389892862,0.9043423832100154,0.9078221633933171,0.0
2023-07-05,0.9058769320426925,0.906704891083166,0.9027714644856856,0.9043978124125012,0.0
2023-07-06,0.9013052242652368,0.9013052242652368,0.8907568795444472,0.8947341958364012,0.0
2023-07-07,0.8924871859098438,0.8977441531934929,0.8893136154735514,0.889791783671956,0.0
2023-07-10,0.8890216250380149,0.8956863094326784,0.8890216250380149,0.8953180738410028,0.0
2023-07-11,0.8982865100700653,0.9044038920847224,0.8966002991320852,0.9036798914828301,0.0
2023-07-12,0.9072105668310696,0.9122657997762494,0.9049290412469472,0.9059484347907386,0.0
2023-07-13,0.9076596818453019,0.9095047660919919,0.9064205233169219,0.9072068583628948,0.0
2023-07-14,0.9080030844157352,0.912406128106483,0.9080030844157352,0.9102108389142365,0.0
2023-07-17,0.9099657292136505,0.9143285890404974,0.9078287573978956,0.9122238671823345,0.0
2023-07-18,0.9125331655610883,0.9228008562590128,0.9107799859126101,0.9218927378612826,0.0
2023-07-19,0.9229288195118609,0.9293339691615228,0.9229288195118609,0.9247751407938097,0.0
2023-07-20,0.9255867203269105,0.9329928161331554,0.9255867203269105,0.9290999848654614,0.0
2023-07-21,0.9303961182310005,0.9321459006483198,0.9280679202824721,0.9291662335106596,0.0
2023-07-24,0.9292479385025896,0.9353982905401388,0.9292479385025896,0.9340074699064558,0.0
2023-07-25,0.9342778240941697,0.9370758448689083,0.9327947902628609,0.9347151912298451,0.0
2023-07-26,0.9322864347114963,0.9398727341124612,0.931238810915304,0.9368793646332868,0.0
2023-07-27,0.9378992725094355,0.9401824465947026,0.9288731089063356,0.9306176372208069,0.0
2023-07-28,0.9348580964970679,0.9380765879301503,0.9325280416768503,0.9352748586872368,0.0
2023-07-31,0.9354510425767659,0.938114503456476,0.9345080999220563,0.9379188461526259,0.0
2023-08-01,0.9386166791067495,0.941073357278085,0.9370505001529108,0.939795460291608,0.0
2023-08-02,0.9377181431164727,0.9377181431164727,0.9291285237172767,0.9306123804803571,0.0
2023-08-03,0.9282923221710802,0.9323447494503859,0.9263869634473402,0.928854975393745,0.0
2023-08-04,0.929230525055299,0.9365300881235753,0.9240511401919175,0.9248914643097762,0.0
2023-08-07,0.9264735110762324,0.9362795159495965,0.9264735110762324,0.9356398975054928,0.0
2023-08-08,0.9322708754982931,0.9323036397882423,0.9233560925453277,0.9314555901346193,0.0
2023-08-09,0.9317138878443622,0.9329432582323459,0.9247097177179848,0.9264143707679698,0.0
2023-08-10,0.9292677205163247,0.9384212275358423,0.9259987427465884,0.927806734398724,0.0
2023-08-11,0.9260978585482071,0.9325136192700365,0.9247428934738195,0.9305828103262256,0.0
2023-08-14,0.9303847844559311,0.932008455216888,0.9276437411559536,0.9312746664745994,0.0
2023-08-15,0.9289467771254852,0.9289467771254852,0.9207472352987304,0.9217466384582419,0.0
2023-08-16,0.9209176481154524,0.9266833850539533,0.9167610566646229,0.9169817500850561,0.0
2023-08-17,0.918666415388363,0.9202192006001021,0.9084093384002079,0.9093086973222562,0.0
2023-08-18,0.9065004769412359,0.9122691996450099,0.903726563847236,0.9099900452649338,0.0
2023-08-21,0.9107977053217131,0.9118442978155895,0.903338031909468,0.9090149555191037,0.0
2023-08-22,0.90981890974531,0.910342927376349,0.9035590339293156,0.9044027579159349,0.0
2023-08-23,0.9057152734264486,0.9108883755222679,0.9052513245395168,0.9092599649908201,0.0
2023-08-24,0.9083855366812817,0.9151075071501206,0.8992546945743009,0.8994069765160342,0.0
2023-08-25,0.9025097642695803,0.9084404541890124,0.8975552982647659,0.9059344212122086,0.0
2023-08-28,0.9084333432144751,0.9140057940531725,0.9084333432144751,0.9115546785840993,0.0
2023-08-29,0.9107934825211811,0.9195846305259037,0.9107934825211811,0.9192747123107194,0.0
2023-08-30,0.9191462320879121,0.9238350836755037,0.9181950469274796,0.9202655643650937,0.0
2023-08-31,0.9207627918743317,0.9250125249586317,0.9157692761744041,0.9158257393168078,0.0
2023-09-01,0.9198963001087039,0.9226114843603269,0.9157937979586301,0.9188801007007302,0.0
2023-09-05,0.9190253771719996,0.9197650372159648,0.9135499821678906,0.9137172034863966,0.0
2023-09-06,0.9129182976300956,0.9129182976300956,0.9044747776339401,0.9084742471436759,0.0
2023-09-07,0.9060473448594145,0.9115778604665952,0.9060473448594145,0.9099918994990212,0.0
2023-09-08,0.9096405630222791,0.9133448479606605,0.9092755215664214,0.9119927657850747,0.0
2023-09-11,0.9139293431640908,0.9174771233602067,0.9120455178217018,0.9142908818847165,0.0
2023-09-12,0.9131382683476269,0.9192730638095749,0.9115697208273436,0.9138232218920078,0.0
2023-09-13,0.9143848438123566,0.9170179142437659,0.9102350520990485,0.9119648441320879,0.0
2023-09-14,0.9149181352514347,0.9225795456397511,0.9149181352514347,0.9207105568076636,0.0
2023-09-15,0.9205768224820083,0.9205768224820083,0.9118788134731547,0.9130912873838067,0.0
2023-09-18,0.9129343711756558,0.9159087815728661,0.9111688264497922,0.9132511919948326,0.0
2023-09-19,0.9118674796980853,0.9125458392378879,0.9050058007354435,0.9104402918103516,0.0
2023-09-20,0.9119640212003166,0.917259829808534,0.9082394399158431,0.9084132526013258,0.0
2023-09-21,0.9055475404131872,0.9067626914896981,0.8983333908050158,0.8986420719849412,0.0
2023-09-22,0.8988176360380398,0.900903195718898,0.8953929790954114,0.895830860563444,0.0
2023-09-25,0.8943472095333065,0.8972470259131243,0.8909996206785886,0.8969660606532429,0.0
2023-09-26,0.893162659913243,0.8936176462291517,0.885432426580341,0.8867321655475837,0.0
2023-09-27,0.8884183764855635,0.889706575944794,0.8784875998575673,0.8849225227567016,0.0
2023-09-28,0.8841094002265295,0.8909264667917959,0.8828976490187791,0.8879839951151615,0.0
2023-09-29,0.8936883260454266,0.8939803164809631,0.8811554919083543,0.88379443364144,0.0
2023-10-02,0.8824228806891351,0.8839107571574064,0.8761996860018093,0.8818386940851193,0.0
2023-10-03,0.8788183287512011,0.8809204789475786,0.8681982729118204,0.8704713502572771,0.0
2023-10-04,0.8713101287404628,0.874535111311652,0.8670649296937106,0.8738256386206465,0.0
2023-10-05,0.873025909832574,0.8750080254072086,0.868867152910641,0.8735623927698681,0.0
2023-10-06,0.871482087191858,0.885118282927023,0.8663715279106639,0.8811588917771147,0.0
2023-10-09,0.8772621436707013,0.8870731995515723,0.8770999733597024,0.8863568216189724,0.0
2023-10-10,0.8884342442981811,0.8941000398656902,0.8863481676473639,0.8899084157873366,0.0
2023-10-11,0.8920949455039011,0.8936867804107533,0.8865573215597848,0.8916378992209618,0.0
2023-10-12,0.8927134420325392,0.8931922300673741,0.8824255604925958,0.8870555803713389,0.0
2023-10-13,0.8897511883421696,0.8956694129553467,0.8849570384142667,0.8880881619242872,0.0
2023-10-16,0.8923645796263151,0.899131573958415,0.8923645796263151,0.8963768256793218,0.0
2023-10-17,0.8933515148419698,0.9006784852308758,0.8929521660990917,0.8967225968161996,0.0
2023-10-18,0.895736175932902,0.8965607351046149,0.8861983597761484,0.8879507164928552,0.0
2023-10-19,0.888067862940593,0.8928912744232129,0.8801302270628861,0.8813328099666707,0.0
2023-10-20,0.880042959368694,0.881638708476664,0.8735241686441281,0.8737657756094821,0.0
2023-10-23,0.8702244865514732,0.8766030544498786,0.8675650427393523,0.8687313586179556,0.0
2023-10-24,0.8727729664545489,0.8775879296985031,0.8701034259026176,0.8741376168028612,0.0
2023-10-25,0.8757769470058906,0.877475008688899,0.8701374272278256,0.8713562867725114,0.0
2023-10-26,0.8708615306961894,0.8731789092020055,0.8636560851740613,0.8647193182978917,0.0
2023-10-27,0.864669140560652,0.8648052460903536,0.8526627981251365,0.8550469422461098,0.0
2023-10-30,0.8582107271796079,0.8704869094704802,0.8582107271796079,0.8685348757447324,0.0
2023-10-31,0.8711763944148075,0.8722623425656094,0.8647937065823413,0.8718031334491686,0.0
2023-11-01,0.8725680379802617,0.8793012367200965,0.8706948263476423,0.877650881341412,0.0
2023-11-02,0.8824840809644281,0.8929063166664571,0.8822786355201819,0.8925401436794137,0.0
2023-11-03,0.8964899524218686,0.9011005015238926,0.8953761854845513,0.8984020080166585,0.0
2023-11-06,0.8992272898912731,0.9011963203232222,0.8965134455413805,0.8993130119507922,0.0
2023-11-07,0.8987799262446569,0.9022439441194144,0.897489358218982,0.9008096452571436,0.0
2023-11-08,0.9016885021001567,0.9034511612896168,0.8966843726904596,0.8997458450489195,0.0
2023-11-09,0.9011026643573943,0.9012036370307023,0.8930859004247469,0.8939344670483288,0.0
2023-11-10,0.8973337792749595,0.9049706678790497,0.8942952830660525,0.9042517156470625,0.0
2023-11-13,0.9036226054086549,0.9074890606580353,0.9022130340635528,0.9056963169820866,0.0
2023-11-14,0.9121143434038893,0.9213410043101997,0.9121143434038893,0.9186160319181805,0.0
2023-11-15,0.9207002543349103,0.9245084977118726,0.919691680233831,0.9229288195118609,0.0
2023-11-16,0.9196798294888027,0.9237530700841595,0.918361028573125,0.9217223250445605,0.0
2023-11-17,0.9222327405629552,0.9239049405600073,0.9200699070612438,0.921770128940152,0.0
2023-11-20,0.9213799511388413,0.9291606708083971,0.9207335329572164,0.9271444510420835,0.0
2023-11-21,0.9259258974592101,0.9262740424377363,0.9241745720448195,0.9254893558929079,0.0
2023-11-22,0.9281543624072912,0.9314743408460385,0.927270045728487,0.9303621169057924,0.0
2023-11-24,0.9310707666650264,0.9336963146560128,0.9310707666650264,0.9334512023178247,0.0
2023-11-27,0.9330896662348009,0.9339845966233742,0.9305609683454602,0.9319562201502198,0.0
2023-11-28,0.9319208789232816,0.936841140507547,0.93127734627806,0.9341589262788158,0.0
2023-11-29,0.934681706874596,0.9384357554467296,0.9338664188733203,0.9345134568913758,0.0
2023-11-30,0.9388957901325435,0.9487638208505738,0.9387810148888522,0.9482413488542077,0.0
2023-12-01,0.9472801698204363,0.9565223899399499,0.9472801698204363,0.9560119717839533,0.0
2023-12-04,0.951894118791221,0.9558188914170925,0.9503198001981307,0.9549290093984244,0.0
2023-12-05,0.9531145239705798,0.9538802540710463,0.9498228812883069,0.9528220192026862,0.0
2023-12-06,0.9543827383207341,0.9572537046117205,0.9501762777320792,0.9509722980519768,0.0
2023-12-07,0.9528118195964045,0.9538668603289466,0.9501155917891435,0.9526326473040005,0.0
2023-12-08,0.9517738810741367,0.9573492148116359,0.951162492882434,0.9560745119609764,0.0
2023-12-11,0.9562448219112271,0.9605138226769053,0.955634567888312,0.9602170924708778,0.0
2023-12-12,0.9611975391860275,0.9652596517392578,0.9593806851917386,0.9647804522385371,0.0
2023-12-13,0.9654097682098874,0.9784144851402005,0.9633468734415661,0.9782928046549144,0.0
2023-12-14,0.9789625075855067,0.9834957828666774,0.9772715568770356,0.9824632039513311,0.0
2023-12-15,0.9810428131635168,0.9850810237689515,0.9783397856187346,0.9839615886252984,0.0
2023-12-18,0.9846204721131784,0.986290300906184,0.9834259286197758,0.9839842535378354,0.0
2023-12-19,0.9841372555448685,0.9907578418745137,0.9841372555448685,0.9906284358534637,0.0
2023-12-20,0.9896316069933396,0.9928276392468277,0.977839158240736,0.9780755111032419,0.0
2023-12-21,0.9818557299607461,0.9869579438697459,0.9792637718290821,0.9865778628082457,0.0
2023-12-22,0.9851250163298966,0.9900111737224826,0.9830046323920589,0.9860929977387912,0.0
2023-12-26,0.9866186612333729,0.9922127483198929,0.9857200223766247,0.9902962615540264,0.0
2023-12-27,0.9895918372329263,0.9939459402216932,0.9888000423511627,0.9932290479567364,0.0
2023-12-28,0.9933609280483041,0.996455681666672,0.9930829511912974,0.9946423304076151,0.0
2023-12-29,0.9944188543172499,0.9959434092765879,0.9901240973696883,0.9940999735310426,0.0
2024-01-02,0.9908472750398095,0.996751792036269,0.9889928141186091,0.9947725619980382,0.0
2024-01-03,0.9925092727929776,0.9925092727929776,0.9865119227624618,0.9872594138462643,0.0
2024-01-04,0.987129902321141,0.9948087261567479,0.987129902321141,0.9875270882305175,0.0
2024-01-05,0.9879259226410385,0.9923613191558496,0.9844537677646312,0.9882067876720505,0.0
2024-01-08,0.9845474237304589,0.9941891983257937,0.9824865915667697,0.9939278067091027,0.0
2024-01-09,0.9897218630904067,0.9904822335839518,0.9857588663387951,0.9897643126542804,0.0
2024-01-10,0.9904962471624816,0.9954512274996533,0.9897442194035292,0.994263278010829,0.0
2024-01-11,0.9956192717499307,0.9970635644855407,0.9871035263028274,0.9946665409548251,0.0
2024-01-12,0.9974896004837486,0.9976800010471487,0.9883144545788065,0.9915531421291113,0.0
2024-01-16,0.9889302739415858,0.9902395953162817,0.9812245597553082,0.9854376143485414,0.0
2024-01-17,0.983347006297778,0.9857155938431498,0.9794178025008297,0.9829464205196409,0.0
2024-01-18,0.9838468107440052,0.9896885844681005,0.9791555879523673,0.9882727277178344,0.0
2024-01-19,0.9910129480860406,1.000540770369455,0.9878270125723627,0.9986963033215936,0.0
2024-01-22,1.0001667663425744,1.005168936014111,0.9999573038307392,1.002336399581807,0.0
2024-01-23,1.0012280924802808,1.0017804432301922,0.9971450637445277,0.9997948222827241,0.0
2024-01-24,1.0016390835976425,1.0039825321599598,0.9969003628722256,0.9971820508350089,0.0
2024-01-25,0.9986638476310589,1.003806139899886,0.9969203532565055,1.0035845206812102,0.0
2024-01-26,1.0024648798046143,1.0079676794917511,1.0022298642062368,1.0051750156863322,0.0
2024-01-29,1.0053437800019096,1.0113601919808608,1.0039021670697603,1.0110837581209255,0.0
2024-01-30,1.0101548290447457,1.0154078794896753,1.0090884545371344,1.0146144361067668,0.0
2024-01-31,1.013545484662166,1.0178204622335942,1.00597237590796,1.0062530325684271,0.0
2024-02-01,1.0069134616909803,1.0160701654839177,1.0051067044365019,1.016,0.0
2024-02-02,1.007,1.023,1.003,1.016,258926100.0
2024-02-05,1.03,1.03,1.006,1.014,206799500.0
2024-02-06,1.003,1.007,0.999,1.002,166417500.0
2024-02-07,1.003,1.003,0.999,0.999,106003600.0
2024-02-08,1.001,1.005,1.001,1.005,57174000.0
2024-02-19,0.999,1.006,0.997,1.005,64888200.0
2024-02-20,1.004,1.004,0.996,0.996,45399600.0
2024-02-21,0.996,0.999,0.993,0.995,51281300.0
2024-02-22,0.997,1.001,0.997,1.0,42468400.0
2024-02-23,1.008,1.017,1.008,1.011,73287400.0
2024-02-26,1.011,1.011,1.007,1.011,43284900.0
2024-02-27,1.01,1.01,1.008,1.009,25312900.0
2024-02-28,1.007,1.008,1.004,1.008,40843300.0
2024-02-29,1.006,1.008,1.005,1.006,61905100.0
2024-03-01,1.007,1.01,1.007,1.01,38632900.0
2024-03-04,1.012,1.012,1.01,1.012,47610800.0
2024-03-05,1.009,1.01,1.007,1.007,29658900.0
2024-03-06,0.999,1.002,0.998,1.0,50105500.0
2024-03-07,1.0,1.001,0.998,0.998,22493600.0
2024-03-08,1.001,1.002,1.0,1.002,18452900.0
2024-03-11,1.0,1.005,0.999,1.0,59134400.0
2024-03-12,1.002,1.002,1.001,1.002,11509400.0
2024-03-13,1.006,1.007,1.005,1.006,24188200.0
2024-03-14,1.007,1.009,1.007,1.009,13113400.0
2024-03-15,1.006,1.006,1.003,1.004,17634200.0
2024-03-18,1.0,1.001,0.998,1.001,24778300.0
2024-03-19,1.001,1.002,0.999,0.999,11802700.0
2024-03-20,1.008,1.008,1.006,1.007,12714000.0
2024-03-21,1.018,1.027,1.017,1.025,57370200.0
2024-03-22,1.033,1.033,1.029,1.031,95384400.0
2024-03-25,1.02,1.02,1.014,1.016,73972700.0
2024-03-26,1.014,1.018,1.012,1.017,33536700.0
2024-03-27,1.014,1.018,1.014,1.015,50324600.0
2024-03-28,1.025,1.025,1.023,1.025,58649900.0
2024-03-29,1.024,1.025,1.023,1.025,27462900.0
2024-04-01,1.026,1.03,1.026,1.03,30753600.0
2024-04-02,1.019,1.019,1.012,1.015,63890500.0
2024-04-03,1.005,1.008,1.004,1.006,56420800.0
2024-04-08,1.001,1.002,0.998,0.999,41914900.0
2024-04-09,0.999,1.001,0.999,0.999,35350700.0
2024-04-10,0.999,1.0,0.998,1.0,39462000.0
2024-04-11,0.988,0.989,0.986,0.987,60905300.0
2024-04-12,0.988,0.992,0.987,0.99,78532300.0
2024-04-15,0.978,0.981,0.976,0.981,52080500.0
2024-04-16,0.97,0.971,0.963,0.965,64211400.0
2024-04-17,0.97,0.972,0.967,0.968,61653500.0
2024-04-18,0.968,0.973,0.968,0.973,32900500.0
2024-04-19,0.966,0.967,0.956,0.966,90094800.0
2024-04-22,0.974,0.98,0.974,0.979,99159500.0
2024-04-23,0.983,0.985,0.979,0.981,50989500.0
2024-04-24,0.989,0.992,0.989,0.991,65115300.0
2024-04-25,0.986,0.988,0.984,0.986,33615800.0
2024-04-26,0.978,0.983,0.978,0.982,56042200.0
2024-04-29,0.985,0.986,0.984,0.985,32476700.0
2024-04-30,0.986,0.987,0.984,0.987,22269300.0
2024-05-06,0.993,0.994,0.99,0.992,57904600.0
2024-05-07,0.998,0.998,0.996,0.997,15304000.0
2024-05-08,0.997,1.001,0.997,1.001,52698300.0
2024-05-09,1.005,1.006,1.003,1.004,15550500.0
2024-05-10,1.014,1.016,1.012,1.015,55719100.0
2024-05-13,1.015,1.02,1.015,1.019,61769100.0
2024-05-14,1.013,1.016,1.013,1.016,17168500.0
2024-05-15,1.02,1.021,1.017,1.017,21387200.0
2024-05-16,1.028,1.03,1.025,1.026,33666800.0
2024-05-17,1.025,1.026,1.022,1.024,21042300.0
2024-05-20,1.028,1.03,1.028,1.03,16898100.0
2024-05-21,1.024,1.027,1.024,1.027,24815600.0
2024-05-22,1.028,1.028,1.025,1.027,17014300.0
2024-05-23,1.022,1.022,1.02,1.021,82690300.0
2024-05-24,1.006,1.007,1.004,1.006,42173000.0
2024-05-27,1.006,1.008,1.005,1.008,44613900.0
2024-05-28,1.009,1.011,1.008,1.01,51324600.0
2024-05-29,1.0,1.001,0.998,1.0,61282600.0
2024-05-30,0.984,0.987,0.983,0.983,97757400.0
2024-05-31,0.982,0.989,0.981,0.988,92685800.0
2024-06-03,1.003,1.008,0.999,1.007,122364700.0
2024-06-04,0.999,0.999,0.996,0.999,78440800.0
2024-06-05,1.004,1.007,1.002,1.006,60654100.0
2024-06-06,1.008,1.009,1.004,1.007,117701300.0
2024-06-07,1.006,1.008,1.006,1.008,56023700.0
2024-06-11,1.006,1.006,1.0,1.002,61112300.0
2024-06-12,0.997,1.001,0.996,1.0,71209400.0
2024-06-13,0.997,0.997,0.994,0.996,62769700.0
2024-06-14,0.993,0.994,0.992,0.992,46194600.0
2024-06-17,0.991,0.993,0.989,0.992,42127100.0
2024-06-18,0.997,1.002,0.996,1.002,85981600.0
2024-06-19,1.0,1.0,0.997,0.999,52691100.0
2024-06-20,0.999,1.004,0.997,1.003,67295600.0
2024-06-21,1.008,1.014,1.006,1.013,147226000.0
2024-06-24,1.008,1.012,1.008,1.011,67380200.0
2024-06-25,1.018,1.033,1.017,1.029,158162100.0
2024-06-26,1.013,1.021,1.009,1.02,204290600.0
2024-06-27,1.016,1.027,1.014,1.021,170288700.0
2024-06-28,1.024,1.029,1.023,1.028,130344400.0
2024-07-01,1.028,1.029,1.026,1.028,92173900.0
2024-07-02,1.029,1.03,1.026,1.028,75098100.0
2024-07-03,1.033,1.041,1.032,1.039,73961200.0
2024-07-04,1.039,1.055,1.033,1.043,176593000.0
2024-07-05,1.044,1.051,1.039,1.049,68219300.0
2024-07-08,1.054,1.055,1.043,1.046,74883700.0
2024-07-09,1.047,1.047,1.044,1.047,61340100.0
2024-07-10,1.045,1.046,1.033,1.038,76374300.0
2024-07-11,1.048,1.048,1.045,1.047,51398900.0
2024-07-12,1.046,1.051,1.035,1.049,122910800.0
2024-07-15,1.059,1.088,1.058,1.082,217973000.0
2024-07-16,1.096,1.097,1.078,1.086,148405300.0
2024-07-17,1.124,1.158,1.118,1.141,733857800.0
2024-07-18,1.164,1.185,1.12,1.135,791612000.0
2024-07-19,1.11,1.11,1.091,1.093,287803600.0
2024-07-22,1.071,1.079,1.056,1.057,376339400.0
2024-07-23,1.061,1.066,1.048,1.05,300189600.0
2024-07-24,1.043,1.046,1.036,1.038,210380100.0
2024-07-25,1.023,1.028,1.02,1.024,239558300.0
2024-07-26,1.027,1.057,1.027,1.049,421956400.0
2024-07-29,1.08,1.103,1.071,1.101,501202400.0
2024-07-30,1.08,1.097,1.072,1.081,457211700.0
2024-07-31,1.086,1.096,1.081,1.09,366110200.0
2024-08-01,1.092,1.098,1.092,1.095,202314700.0
2024-08-02,1.055,1.057,1.038,1.041,387470800.0
2024-08-05,1.008,1.019,0.996,1.001,475775900.0
2024-08-06,1.004,1.02,1.001,1.004,433769600.0
2024-08-07,1.005,1.013,1.002,1.008,225560600.0
2024-08-08,0.997,0.998,0.991,0.995,153118600.0
2024-08-09,1.013,1.014,1.007,1.01,214814000.0
2024-08-12,1.011,1.013,1.009,1.013,117459600.0
2024-08-13,1.01,1.013,1.009,1.013,114577900.0
2024-08-14,1.023,1.023,1.015,1.02,195115200.0
2024-08-15,1.026,1.03,1.025,1.029,190120000.0
2024-08-16,1.044,1.046,1.041,1.045,247021600.0
2024-08-19,1.046,1.046,1.035,1.036,182579400.0
2024-08-20,1.045,1.049,1.044,1.048,172510600.0
2024-08-21,1.046,1.048,1.044,1.047,71345300.0
2024-08-22,1.047,1.048,1.043,1.045,126226900.0
2024-08-23,1.042,1.045,1.04,1.044,90464400.0
2024-08-26,1.056,1.056,1.051,1.053,108336800.0
2024-08-27,1.053,1.063,1.053,1.06,180145200.0
2024-08-28,1.057,1.063,1.056,1.063,154156200.0
2024-08-29,1.056,1.058,1.053,1.054,107273000.0
2024-08-30,1.059,1.06,1.055,1.057,110332500.0
2024-09-02,1.063,1.066,1.061,1.064,98570200.0
2024-09-03,1.065,1.067,1.064,1.065,54243900.0
2024-09-04,1.038,1.043,1.036,1.036,220693700.0
2024-09-05,1.043,1.044,1.04,1.04,74909400.0
2024-09-06,1.035,1.038,1.034,1.034,73721000.0
2024-09-09,1.028,1.032,1.027,1.031,73138500.0
2024-09-10,1.041,1.044,1.037,1.039,73323400.0
2024-09-11,1.04,1.041,1.032,1.035,78691700.0
2024-09-12,1.042,1.046,1.041,1.045,96234300.0
2024-09-13,1.052,1.054,1.048,1.05,96207500.0
2024-09-18,1.059,1.064,1.051,1.059,175764800.0
2024-09-19,1.059,1.063,1.058,1.063,168414600.0
2024-09-20,1.071,1.071,1.063,1.064,104836200.0
2024-09-23,1.067,1.067,1.065,1.066,67800500.0
2024-09-24,1.066,1.066,1.057,1.062,206120200.0
2024-09-25,1.056,1.063,1.055,1.058,95697800.0
2024-09-26,1.056,1.058,1.055,1.058,142499600.0
2024-09-27,1.055,1.057,1.047,1.049,78190800.0
2024-09-30,1.035,1.06,1.035,1.06,218747800.0
2024-10-08,1.044,1.058,1.044,1.056,137806700.0
2024-10-09,1.058,1.066,1.058,1.062,65777100.0
2024-10-10,1.077,1.082,1.074,1.079,111369100.0
2024-10-11,1.077,1.08,1.076,1.078,56015200.0
2024-10-14,1.093,1.093,1.088,1.091,143340500.0
2024-10-15,1.096,1.104,1.096,1.102,175876900.0
2024-10-16,1.089,1.093,1.088,1.092,88044600.0
2024-10-17,1.1,1.101,1.097,1.1,119988500.0
2024-10-18,1.104,1.104,1.098,1.101,176122900.0
2024-10-21,1.1,1.104,1.1,1.104,125569000.0
2024-10-22,1.096,1.1,1.093,1.096,163761900.0
2024-10-23,1.094,1.095,1.093,1.093,38122000.0
2024-10-24,1.087,1.087,1.081,1.084,74961900.0
2024-10-25,1.082,1.084,1.081,1.083,49809300.0
2024-10-28,1.081,1.084,1.081,1.084,78969900.0
2024-10-29,1.086,1.087,1.084,1.087,58826800.0
2024-10-30,1.084,1.085,1.082,1.085,90396400.0
2024-10-31,1.08,1.08,1.072,1.073,58977800.0
2024-11-01,1.066,1.07,1.064,1.069,90129600.0
2024-11-04,1.072,1.072,1.068,1.071,120819700.0
2024-11-05,1.065,1.066,1.065,1.066,67550800.0
2024-11-06,1.084,1.108,1.084,1.105,278844400.0
2024-11-07,1.134,1.14,1.13,1.135,427901500.0
2024-11-08,1.121,1.123,1.117,1.122,312222100.0
2024-11-11,1.132,1.135,1.129,1.134,185546100.0
2024-11-12,1.145,1.151,1.142,1.151,194347000.0
2024-11-13,1.137,1.138,1.133,1.134,131780600.0
2024-11-14,1.138,1.144,1.138,1.141,144074400.0
2024-11-15,1.134,1.135,1.13,1.13,94413200.0
2024-11-18,1.127,1.131,1.126,1.131,113241600.0
2024-11-19,1.124,1.13,1.124,1.13,108920100.0
2024-11-20,1.129,1.131,1.126,1.13,132284400.0
2024-11-21,1.127,1.129,1.125,1.129,125228300.0
2024-11-22,1.142,1.145,1.139,1.145,279856300.0
2024-11-25,1.159,1.183,1.157,1.178,722002300.0
2024-11-26,1.19,1.223,1.178,1.209,885579200.0
2024-11-27,1.209,1.241,1.191,1.194,1208126700.0
2024-11-28,1.188,1.202,1.18,1.195,649087900.0
2024-11-29,1.197,1.212,1.188,1.198,553702100.0
2024-12-02,1.205,1.208,1.197,1.198,267000000.0
2024-12-03,1.194,1.199,1.189,1.198,233196300.0
2024-12-04,1.197,1.204,1.194,1.202,164437500.0
2024-12-05,1.21,1.22,1.204,1.219,305135900.0
2024-12-06,1.207,1.208,1.199,1.201,286969500.0
2024-12-09,1.195,1.203,1.194,1.201,205584900.0
2024-12-10,1.183,1.195,1.175,1.194,295314900.0
2024-12-11,1.19,1.193,1.189,1.192,130368300.0
2024-12-12,1.192,1.199,1.19,1.197,299519600.0
2024-12-13,1.191,1.204,1.19,1.203,289159800.0
2024-12-16,1.204,1.215,1.202,1.205,364020700.0
2024-12-17,1.206,1.206,1.192,1.199,376130800.0
2024-12-18,1.194,1.223,1.192,1.222,520511900.0
2024-12-19,1.176,1.195,1.176,1.184,446438100.0
2024-12-20,1.179,1.184,1.154,1.165,570080100.0
2024-12-23,1.188,1.198,1.181,1.196,444846500.0
2024-12-24,1.199,1.199,1.18,1.185,376378800.0
2024-12-25,1.196,1.196,1.184,1.185,222591000.0
2024-12-26,1.184,1.188,1.178,1.185,176710200.0
2024-12-27,1.182,1.185,1.175,1.176,158378500.0
2024-12-30,1.165,1.168,1.16,1.162,146365500.0
2024-12-31,1.154,1.161,1.151,1.158,190951100.0
2025-01-02,1.159,1.187,1.159,1.178,452067900.0
2025-01-03,1.169,1.182,1.165,1.167,245342000.0
2025-01-06,1.175,1.189,1.175,1.188,314657000.0
2025-01-07,1.187,1.192,1.168,1.172,500316200.0
2025-01-08,1.166,1.172,1.163,1.171,202989200.0
2025-01-09,1.174,1.175,1.169,1.171,100662900.0
2025-01-10,1.166,1.18,1.164,1.165,360867000.0
2025-01-13,1.15,1.152,1.134,1.138,237936200.0
2025-01-14,1.152,1.159,1.147,1.158,276644500.0
2025-01-15,1.165,1.166,1.161,1.164,153213900.0
2025-01-16,1.184,1.185,1.173,1.176,276861000.0
2025-01-17,1.169,1.18,1.167,1.179,173736900.0
2025-01-20,1.184,1.185,1.18,1.184,192687800.0
2025-01-21,1.181,1.185,1.179,1.183,141695100.0
2025-01-22,1.195,1.195,1.19,1.192,209462300.0
2025-01-23,1.191,1.192,1.181,1.182,214676100.0
2025-01-24,1.191,1.194,1.185,1.19,225133700.0
2025-01-27,1.178,1.179,1.17,1.173,147314500.0
2025-02-05,1.18,1.186,1.177,1.185,170643400.0
2025-02-06,1.196,1.197,1.19,1.194,138766400.0
2025-02-07,1.19,1.191,1.184,1.186,122896300.0
2025-02-10,1.176,1.18,1.172,1.179,134700700.0
2025-02-11,1.181,1.182,1.176,1.176,60424800.0
2025-02-12,1.179,1.18,1.173,1.175,79432200.0
2025-02-13,1.171,1.173,1.169,1.171,74278400.0
2025-02-14,1.176,1.177,1.172,1.173,123366000.0
2025-02-17,1.168,1.168,1.163,1.167,97913900.0
2025-02-18,1.168,1.176,1.167,1.175,89893000.0
2025-02-19,1.174,1.174,1.17,1.17,55283200.0
2025-02-20,1.171,1.172,1.165,1.165,53529000.0
2025-02-21,1.154,1.159,1.152,1.155,101406800.0
2025-02-24,1.14,1.14,1.133,1.138,127387600.0
2025-02-25,1.137,1.138,1.133,1.135,102860100.0
2025-02-26,1.136,1.141,1.135,1.14,137236900.0
2025-02-27,1.134,1.137,1.131,1.136,129325100.0
2025-02-28,1.13,1.132,1.128,1.128,158367400.0
2025-03-03,1.14,1.151,1.14,1.15,183848800.0
2025-03-04,1.131,1.134,1.129,1.133,156065100.0
2025-03-05,1.123,1.124,1.113,1.119,262635900.0
2025-03-06,1.123,1.126,1.117,1.119,141204200.0
2025-03-07,1.11,1.113,1.106,1.108,148822400.0
2025-03-10,1.108,1.112,1.107,1.11,142569300.0
2025-03-11,1.087,1.096,1.085,1.092,222200900.0
2025-03-12,1.082,1.082,1.076,1.079,239070900.0
2025-03-13,1.077,1.077,1.07,1.073,224225800.0
2025-03-14,1.065,1.069,1.065,1.069,231394500.0
2025-03-17,1.074,1.075,1.072,1.073,183720500.0
2025-03-18,1.083,1.086,1.083,1.086,262024000.0
2025-03-19,1.082,1.083,1.08,1.081,88217100.0
2025-03-20,1.091,1.096,1.09,1.095,194887300.0
2025-03-21,1.094,1.095,1.091,1.094,66234000.0
2025-03-24,1.1,1.105,1.1,1.104,121221400.0
2025-03-25,1.115,1.115,1.108,1.11,151997300.0
2025-03-26,1.113,1.113,1.11,1.11,109977200.0
2025-03-27,1.107,1.112,1.106,1.11,93183100.0
2025-03-28,1.106,1.107,1.102,1.103,85320800.0
2025-03-31,1.08,1.085,1.076,1.077,156209700.0
2025-04-01,1.093,1.097,1.092,1.097,75965200.0
2025-04-02,1.1,1.1,1.095,1.096,62174500.0
2025-04-03,1.087,1.09,1.08,1.08,122884200.0
2025-04-07,0.978,0.989,0.972,0.972,605520200.0
2025-04-08,1.003,1.022,1.003,1.018,268181400.0
2025-04-09,0.982,0.993,0.972,0.985,411288400.0
2025-04-10,1.065,1.074,1.061,1.072,418979800.0
2025-04-11,1.036,1.055,1.027,1.05,240318000.0
2025-04-14,1.06,1.064,1.051,1.063,172435000.0
2025-04-15,1.063,1.065,1.062,1.063,63222500.0
2025-04-16,1.058,1.061,1.053,1.057,93043900.0
2025-04-17,1.049,1.054,1.046,1.052,103968300.0
2025-04-18,1.038,1.043,1.034,1.037,132301100.0
2025-04-21,1.027,1.027,1.021,1.024,121939600.0
2025-04-22,1.013,1.019,1.009,1.018,232952300.0
2025-04-23,1.042,1.045,1.038,1.043,271206300.0
2025-04-24,1.04,1.04,1.035,1.036,126066800.0
2025-04-25,1.051,1.053,1.05,1.052,132792700.0
2025-04-28,1.047,1.052,1.046,1.052,63749700.0
2025-04-29,1.055,1.058,1.053,1.053,63471500.0
2025-04-30,1.059,1.06,1.056,1.06,56723000.0
2025-05-06,1.073,1.074,1.066,1.068,82349200.0
2025-05-07,1.066,1.068,1.064,1.066,57028400.0
2025-05-08,1.074,1.078,1.071,1.077,86519900.0
2025-05-09,1.078,1.08,1.076,1.077,68658000.0
2025-05-12,1.085,1.086,1.082,1.085,85039600.0
2025-05-13,1.097,1.099,1.094,1.095,90169500.0
2025-05-14,1.093,1.099,1.092,1.098,130002100.0
2025-05-15,1.092,1.092,1.085,1.085,131389600.0
2025-05-16,1.095,1.1,1.094,1.099,129937700.0
2025-05-19,1.1,1.103,1.096,1.097,138109600.0
2025-05-20,1.109,1.112,1.108,1.109,81955200.0
2025-05-21,1.107,1.107,1.1,1.101,75181600.0
2025-05-22,1.086,1.089,1.084,1.088,96245500.0
2025-05-23,1.088,1.09,1.084,1.086,46414500.0
2025-05-26,1.086,1.088,1.083,1.088,81709000.0
2025-05-27,1.088,1.091,1.085,1.091,66346900.0
2025-05-28,1.099,1.099,1.096,1.097,51586600.0
2025-05-29,1.105,1.107,1.103,1.104,81291800.0
2025-05-30,1.091,1.094,1.09,1.091,63857400.0
2025-06-03,1.096,1.096,1.092,1.093,37205500.0
2025-06-04,1.101,1.102,1.099,1.102,49393900.0
2025-06-05,1.098,1.099,1.096,1.098,36971700.0
2025-06-06,1.098,1.1,1.097,1.099,45560900.0
2025-06-09,1.105,1.107,1.104,1.107,47732800.0
2025-06-10,1.108,1.111,1.105,1.106,63003500.0
2025-06-11,1.107,1.108,1.106,1.108,35801100.0
2025-06-12,1.107,1.108,1.105,1.106,54486000.0
2025-06-13,1.097,1.099,1.091,1.098,78496600.0
2025-06-16,1.094,1.098,1.093,1.098,59646500.0
2025-06-17,1.097,1.098,1.095,1.095,48938000.0
2025-06-18,1.096,1.096,1.092,1.095,48465400.0
2025-06-19,1.09,1.093,1.088,1.09,51319600.0
2025-06-20,1.088,1.091,1.086,1.09,27730200.0
2025-06-23,1.089,1.092,1.088,1.092,24759100.0
2025-06-24,1.105,1.112,1.104,1.112,75404200.0
2025-06-25,1.115,1.116,1.113,1.115,37330200.0
2025-06-26,1.112,1.115,1.111,1.115,41304000.0
2025-06-27,1.123,1.127,1.122,1.127,64528800.0
2025-06-30,1.138,1.141,1.136,1.139,71488600.0
2025-07-01,1.14,1.141,1.135,1.136,84770300.0
2025-07-02,1.148,1.156,1.147,1.155,159246500.0
2025-07-03,1.151,1.152,1.149,1.151,66953000.0
2025-07-04,1.157,1.157,1.152,1.152,85578100.0
2025-07-07,1.153,1.155,1.153,1.155,32088600.0
2025-07-08,1.149,1.151,1.146,1.15,117066400.0
2025-07-09,1.146,1.147,1.142,1.144,50775100.0
2025-07-10,1.147,1.15,1.146,1.147,54197600.0
2025-07-11,1.151,1.151,1.149,1.15,42047800.0
2025-07-14,1.143,1.144,1.139,1.139,49459700.0
2025-07-15,1.147,1.152,1.146,1.151,50628700.0
2025-07-16,1.139,1.14,1.137,1.138,57491500.0
2025-07-17,1.144,1.146,1.141,1.145,50052900.0
2025-07-18,1.153,1.156,1.152,1.156,58062600.0
2025-07-21,1.15,1.152,1.148,1.151,53978800.0
2025-07-22,1.15,1.15,1.145,1.146,50377500.0
2025-07-23,1.151,1.155,1.151,1.155,79243200.0
2025-07-24,1.161,1.162,1.157,1.158,88115600.0
2025-07-25,1.155,1.158,1.155,1.156,45753200.0
2025-07-28,1.163,1.166,1.163,1.165,50119400.0
2025-07-29,1.161,1.162,1.159,1.161,61349700.0
2025-07-30,1.155,1.156,1.154,1.154,49674200.0
2025-07-31,1.158,1.159,1.154,1.157,90670900.0
2025-08-01,1.144,1.147,1.141,1.142,87544600.0
2025-08-04,1.133,1.133,1.13,1.132,61124800.0
2025-08-05,1.144,1.148,1.143,1.148,48386100.0
2025-08-06,1.144,1.149,1.143,1.149,46452900.0
2025-08-07,1.148,1.15,1.144,1.144,80364600.0
2025-08-08,1.141,1.144,1.141,1.144,56919500.0
2025-08-11,1.149,1.149,1.146,1.148,39578500.0
2025-08-12,1.142,1.143,1.14,1.143,55111900.0
2025-08-13,1.152,1.152,1.149,1.15,50108000.0
2025-08-14,1.161,1.161,1.159,1.16,98888200.0
2025-08-15,1.167,1.176,1.166,1.174,157433100.0
2025-08-18,1.169,1.169,1.163,1.164,82358600.0
2025-08-19,1.165,1.165,1.161,1.161,32923100.0
2025-08-20,1.163,1.164,1.159,1.161,56192900.0
2025-08-21,1.162,1.162,1.159,1.162,49651100.0
2025-08-22,1.16,1.162,1.156,1.159,49991700.0
2025-08-25,1.178,1.179,1.175,1.177,72695200.0
2025-08-26,1.168,1.168,1.166,1.167,55007800.0
2025-08-27,1.171,1.174,1.17,1.174,41111700.0
2025-08-28,1.175,1.178,1.174,1.178,48191400.0
2025-08-29,1.176,1.176,1.171,1.174,50693900.0
2025-09-01,1.174,1.175,1.169,1.17,40977400.0
2025-09-02,1.172,1.174,1.171,1.174,20032700.0
2025-09-03,1.165,1.167,1.162,1.165,40757800.0
2025-09-04,1.166,1.169,1.165,1.166,37262300.0
2025-09-05,1.176,1.178,1.175,1.176,53485100.0
2025-09-08,1.171,1.171,1.168,1.169,52131600.0
2025-09-09,1.171,1.173,1.169,1.172,41793700.0
2025-09-10,1.175,1.176,1.173,1.174,33433500.0
2025-09-11,1.17,1.172,1.169,1.172,35697300.0
2025-09-12,1.184,1.186,1.183,1.185,64696400.0
2025-09-15,1.181,1.182,1.179,1.182,49993100.0
2025-09-16,1.182,1.183,1.179,1.181,69376000.0
2025-09-17,1.178,1.179,1.174,1.177,45216800.0
2025-09-18,1.183,1.185,1.182,1.184,73403500.0
2025-09-19,1.186,1.189,1.183,1.186,80040700.0
2025-09-22,1.188,1.189,1.187,1.187,41347000.0
2025-09-23,1.191,1.195,1.191,1.194,66726800.0
2025-09-24,1.192,1.193,1.19,1.193,63815900.0
2025-09-25,1.188,1.19,1.186,1.187,37303600.0
2025-09-26,1.183,1.188,1.182,1.188,49191400.0
2025-09-29,1.192,1.193,1.191,1.192,94888700.0
2025-09-30,1.191,1.191,1.189,1.19,62812500.0
2025-10-09,1.199,1.202,1.198,1.201,120572300.0
2025-10-10,1.197,1.197,1.193,1.194,63327000.0
2025-10-13,1.18,1.183,1.179,1.182,101235700.0
2025-10-14,1.189,1.191,1.179,1.182,151629600.0
2025-10-15,1.191,1.195,1.19,1.194,67670900.0
2025-10-16,1.193,1.194,1.189,1.194,57409700.0
2025-10-17,1.184,1.184,1.175,1.175,102423400.0
2025-10-20,1.189,1.194,1.188,1.193,101712000.0
2025-10-21,1.202,1.203,1.198,1.198,83823900.0
2025-10-22,1.206,1.212,1.205,1.21,128206200.0
2025-10-23,1.2,1.2,1.196,1.2,97862100.0
2025-10-24,1.204,1.208,1.204,1.206,142777700.0
2025-10-27,1.221,1.225,1.22,1.223,239168900.0
2025-10-28,1.223,1.224,1.218,1.22,226972800.0
2025-10-29,1.223,1.249,1.223,1.243,235596100.0
2025-10-30,1.24,1.263,1.233,1.234,224136700.0
2025-10-31,1.244,1.244,1.232,1.24,73900500.0
2025-11-03,1.242,1.252,1.239,1.241,104439200.0
2025-11-04,1.236,1.236,1.222,1.225,99579500.0
2025-11-05,1.219,1.226,1.213,1.225,115303700.0
2025-11-06,1.228,1.235,1.226,1.227,142986700.0
2025-11-07,1.218,1.228,1.215,1.223,105193900.0
2025-11-10,1.229,1.255,1.227,1.251,213283800.0
2025-11-11,1.255,1.26,1.243,1.249,147206500.0
2025-11-12,1.26,1.29,1.26,1.27,251760400.0
2025-11-13,1.288,1.305,1.274,1.302,186399200.0
2025-11-14,1.281,1.293,1.265,1.275,151176900.0
2025-11-17,1.275,1.276,1.252,1.26,147494800.0
2025-11-18,1.245,1.246,1.222,1.223,100101200.0
2025-11-19,1.213,1.221,1.204,1.212,146521300.0
2025-11-20,1.222,1.238,1.22,1.238,168355900.0
2025-11-21,1.211,1.219,1.203,1.21,121345200.0
2025-11-24,1.224,1.226,1.218,1.22,102099400.0
2025-11-25,1.226,1.232,1.221,1.226,131604400.0
2025-11-26,1.245,1.265,1.243,1.264,241538700.0
2025-11-27,1.268,1.274,1.253,1.255,215588900.0
2025-11-28,1.259,1.266,1.254,1.265,100940200.0
2025-12-01,1.256,1.263,1.25,1.255,109357900.0
2025-12-02,1.251,1.253,1.243,1.244,89765000.0
2025-12-03,1.251,1.253,1.246,1.251,146755700.0
2025-12-04,1.26,1.263,1.257,1.258,122752600.0
2025-12-05,1.257,1.257,1.253,1.256,118569300.0
2025-12-08,1.256,1.256,1.249,1.25,61025500.0
2025-12-09,1.243,1.244,1.233,1.237,95819200.0
2025-12-10,1.231,1.24,1.229,1.237,93976300.0
2025-12-11,1.247,1.249,1.232,1.232,208497000.0
2025-12-12,1.254,1.272,1.253,1.267,425747300.0
2025-12-15,1.256,1.273,1.256,1.268,228861000.0
2025-12-16,1.26,1.264,1.243,1.249,273329200.0
2025-12-17,1.244,1.251,1.242,1.248,154618300.0
2025-12-18,1.239,1.242,1.237,1.238,155083200.0
2025-12-19,1.24,1.243,1.24,1.243,93727500.0
2025-12-22,1.25,1.257,1.25,1.256,141156300.0
2025-12-23,1.261,1.261,1.252,1.256,87355900.0
2025-12-24,1.257,1.257,1.252,1.255,52655000.0
2025-12-25,1.259,1.264,1.259,1.262,86577200.0
2025-12-26,1.262,1.266,1.261,1.266,54361000.0
2025-12-29,1.265,1.265,1.248,1.251,189052700.0
2025-12-30,1.241,1.243,1.238,1.241,183169500.0
2025-12-31,1.236,1.239,1.234,1.235,141383700.0
2026-01-05,1.239,1.253,1.239,1.252,175021700.0
2026-01-06,1.263,1.264,1.257,1.257,127784000.0
2026-01-07,1.268,1.281,1.267,1.279,221931000.0
2026-01-08,1.264,1.265,1.257,1.262,142362600.0
2026-01-09,1.267,1.274,1.264,1.271,132905700.0
2026-01-12,1.272,1.277,1.267,1.27,110143600.0
2026-01-13,1.271,1.28,1.269,1.276,113838100.0
2026-01-14,1.266,1.268,1.263,1.265,119078400.0
2026-01-15,1.263,1.27,1.263,1.265,86388100.0
2026-01-16,1.272,1.276,1.267,1.274,109451800.0
2026-01-19,1.263,1.267,1.261,1.262,91461100.0
2026-01-20,1.259,1.262,1.255,1.256,69485500.0
2026-01-21,1.247,1.252,1.245,1.247,168424600.0
2026-01-22,1.26,1.267,1.258,1.264,132529500.0
2026-01-23,1.267,1.269,1.264,1.266,90203800.0
2026-01-26,1.256,1.257,1.249,1.253,134729200.0
2026-01-27,1.259,1.265,1.257,1.261,111696800.0
2026-01-28,1.254,1.258,1.251,1.258,176963000.0
2026-01-29,1.253,1.254,1.247,1.247,147512100.0
2026-01-30,1.245,1.246,1.239,1.241,130428700.0
2026-02-02,1.241,1.241,1.215,1.221,233991700.0
2026-02-03,1.242,1.253,1.238,1.252,266088800.0
2026-02-04,1.244,1.254,1.242,1.253,109147700.0
2026-02-05,1.252,1.257,1.25,1.254,120387100.0
2026-02-06,1.239,1.243,1.227,1.241,128217900.0
2026-02-09,1.297,1.301,1.276,1.287,398585900.0
2026-02-10,1.283,1.302,1.281,1.297,200873000.0
2026-02-11,1.306,1.341,1.303,1.33,421237400.0
2026-02-12,1.329,1.339,1.315,1.326,190611100.0
2026-02-13,1.303,1.319,1.294,1.315,176073500.0
2026-02-24,1.289,1.296,1.284,1.295,128859700.0
2026-02-25,1.301,1.303,1.287,1.29,125505300.0
2026-02-26,1.292,1.295,1.284,1.285,86913500.0
2026-02-27,1.28,1.308,1.277,1.29,119782200.0
2026-03-02,1.277,1.285,1.27,1.271,99515200.0
2026-03-03,1.274,1.277,1.245,1.253,118171700.0
2026-03-04,1.243,1.249,1.222,1.225,140802300.0
2026-03-05,1.238,1.246,1.232,1.24,127935700.0
2026-03-06,1.228,1.241,1.22,1.24,130831200.0
2026-03-09,1.208,1.208,1.191,1.202,248954600.0
2026-03-10,1.215,1.22,1.211,1.217,166446100.0
2026-03-11,1.219,1.224,1.217,1.218,110666400.0
2026-03-12,1.207,1.21,1.2,1.206,140600200.0
2026-03-13,1.198,1.201,1.194,1.197,109785700.0
2026-03-16,1.196,1.2,1.192,1.199,117349800.0
2026-03-17,1.199,1.2,1.186,1.187,127245900.0
2026-03-18,1.194,1.204,1.192,1.204,160353800.0
2026-03-19,1.183,1.185,1.168,1.172,197678800.0
2026-03-20,1.173,1.18,1.165,1.166,103362300.0
2026-03-23,1.151,1.152,1.135,1.136,391721200.0
2026-03-24,1.148,1.16,1.148,1.159,182411200.0
2026-03-25,1.168,1.195,1.167,1.175,264475300.0
2026-03-26,1.176,1.179,1.164,1.167,198318700.0
2026-03-27,1.16,1.185,1.159,1.171,191167000.0
2026-03-30,1.141,1.151,1.135,1.15,199474200.0
2026-03-31,1.155,1.163,1.147,1.149,228663800.0
2026-04-01,1.171,1.188,1.169,1.185,266564800.0
2026-04-02,1.176,1.177,1.156,1.163,265299800.0
2026-04-03,1.169,1.171,1.166,1.167,103441900.0
2026-04-07,1.17,1.175,1.166,1.169,109133200.0
2026-04-08,1.193,1.209,1.193,1.208,347591200.0
2026-04-09,1.2,1.206,1.197,1.2,163972500.0
2026-04-10,1.209,1.216,1.204,1.205,159108200.0
2026-04-13,1.192,1.198,1.192,1.196,107281400.0
2026-04-14,1.211,1.212,1.205,1.207,96425300.0
2026-04-15,1.216,1.219,1.213,1.214,142955600.0
2026-04-16,1.217,1.229,1.216,1.228,149546800.0
2026-04-17,1.226,1.226,1.222,1.223,72766400.0
2026-04-20,1.233,1.235,1.229,1.23,117322400.0
2026-04-21,1.237,1.24,1.233,1.237,111597000.0
2026-04-22,1.234,1.241,1.233,1.24,100552200.0
2026-04-23,1.24,1.242,1.231,1.234,87941700.0
2026-04-24,1.234,1.235,1.23,1.234,57436400.0
2026-04-27,1.232,1.236,1.226,1.229,170202400.0
2026-04-28,1.23,1.232,1.228,1.23,108767700.0
2026-04-29,1.23,1.232,1.229,1.23,79850800.0
2026-04-30,1.221,1.224,1.215,1.219,152745800.0
2026-05-06,1.231,1.236,1.231,1.234,127308100.0
2026-05-07,1.247,1.249,1.244,1.248,125583700.0
2026-05-08,1.24,1.242,1.236,1.242,86016200.0
2026-05-11,1.238,1.241,1.233,1.24,132664400.0
2026-05-12,1.242,1.242,1.233,1.233,99918000.0
2026-05-13,1.236,1.239,1.235,1.236,107535100.0
2026-05-14,1.235,1.236,1.233,1.235,74884300.0
2026-05-15,1.237,1.242,1.233,1.236,160574500.0
2026-05-18,1.219,1.223,1.216,1.218,169550200.0
2026-05-19,1.227,1.229,1.223,1.226,104962300.0
2026-05-20,1.22,1.222,1.216,1.22,121105800.0
2026-05-21,1.232,1.238,1.23,1.231,151887800.0
2026-05-22,1.243,1.25,1.243,1.245,172234500.0
2026-05-25,1.264,1.27,1.257,1.268,336399000.0
2026-05-26,1.267,1.274,1.263,1.268,148684100.0
2026-05-27,1.261,1.264,1.254,1.256,147347000.0
2026-05-28,1.258,1.261,1.251,1.255,114012600.0
2026-05-29,1.256,1.265,1.254,1.263,179074900.0
2026-06-01,1.27,1.308,1.27,1.29,483059200.0
2026-06-02,1.293,1.312,1.275,1.286,323885100.0
2026-06-03,1.298,1.3,1.28,1.286,173014600.0
2026-06-04,1.266,1.268,1.259,1.26,156730100.0
2026-06-05,1.285,1.294,1.28,1.283,262632200.0
2026-06-08,1.26,1.261,1.252,1.256,269565700.0
2026-06-09,1.257,1.265,1.254,1.264,210862500.0
2026-06-10,1.258,1.262,1.253,1.26,209486900.0
2026-06-11,1.24,1.242,1.234,1.24,268150200.0
2026-06-12,1.259,1.26,1.254,1.254,162831700.0
2026-06-15,1.274,1.29,1.273,1.285,313720100.0
2026-06-16,1.287,1.288,1.281,1.287,191631800.0
2026-06-17,1.295,1.304,1.292,1.296,196345600.0
2026-06-18,1.292,1.311,1.29,1.306,248037600.0
2026-06-22,1.305,1.306,1.289,1.293,184055200.0
2026-06-23,1.295,1.295,1.276,1.28,190005300.0
2026-06-24,1.285,1.29,1.281,1.289,166889800.0
2026-06-25,1.29,1.306,1.29,1.301,228684900.0
2026-06-26,1.304,1.304,1.291,1.295,211453200.0
2026-06-29,1.297,1.31,1.294,1.309,168192600.0
2026-06-30,1.315,1.316,1.305,1.307,163790700.0
2026-07-01,1.306,1.309,1.297,1.301,166222900.0
2026-07-02,1.301,1.304,1.298,1.3,99498100.0
2026-07-03,1.318,1.334,1.317,1.333,261497600.0
2026-07-06,1.334,1.36,1.332,1.358,275474900.0
2026-07-07,1.363,1.363,1.333,1.344,310385500.0
2026-07-08,1.336,1.343,1.33,1.334,168438600.0
2026-07-09,1.324,1.325,1.307,1.313,394292800.0
2026-07-10,1.314,1.314,1.308,1.31,157234400.0
2026-07-13,1.307,1.308,1.302,1.305,204123700.0
2026-07-14,1.301,1.306,1.297,1.306,199846400.0
2026-07-15,1.308,1.312,1.305,1.312,131080000.0
2026-07-16,1.31,1.322,1.307,1.315,203743000.0
2026-07-17,1.305,1.306,1.292,1.293,247606800.0
2026-07-20,1.293,1.295,1.287,1.287,172065200.0
2026-07-21,1.285,1.296,1.281,1.296,205481200.0
2026-07-22,1.296,1.297,1.288,1.29,189996400.0
2026-07-23,1.294,1.296,1.29,1.292,106147000.0
2026-07-24,1.281,1.284,1.278,1.282,147294000.0
2026-07-27,1.291,1.298,1.29,1.295,133368400.0
2026-07-28,1.289,1.292,1.287,1.29,113451100.0
2026-07-29,1.305,1.31,1.302,1.309,212830200.0
2026-07-30,1.285,1.286,1.279,1.281,211439800.0
2026-07-31,1.298,1.302,1.296,1.299,191221100.0
2026-08-03,1.303,1.309,1.302,1.308,159010500.0
2026-08-04,1.326,1.334,1.323,1.332,256882600.0
2026-08-05,1.355,1.361,1.354,1.356,250426200.0
2026-08-06,1.356,1.364,1.35,1.357,216618700.0
2026-08-07,1.342,1.355,1.34,1.351,183084700.0
2026-08-10,1.354,1.368,1.353,1.36,230603800.0
2026-08-11,1.358,1.359,1.35,1.353,125361200.0
2026-08-12,1.349,1.355,1.345,1.35,111429800.0
