date,open,close,high,low,volume,turnover,amount
2020-01-02,1.057,1.065,1.065,1.057,32685909.999999996,0.0,69265900.0
2020-01-03,1.067,1.076,1.079,1.065,37642598.0,0.0,80600400.0
2020-01-06,1.065,1.055,1.065,1.055,72132160.0,0.0,152549200.0
2020-01-07,1.06,1.059,1.062,1.058,71336657.0,0.0,151147100.0
2020-01-08,1.046,1.046,1.051,1.036,66562904.0,0.0,139372800.0
2020-01-09,1.058,1.059,1.06,1.057,92698720.0,0.0,196258800.0
2020-01-10,1.065,1.07,1.072,1.063,24271804.0,0.0,51780000.0
2020-01-13,1.063,1.067,1.069,1.062,62571318.99999999,0.0,133328600.0
2020-01-14,1.072,1.074,1.077,1.07,52409119.0,0.0,112492200.0
2020-01-15,1.072,1.071,1.072,1.065,50152400.0,0.0,107015900.0
2020-01-16,1.07,1.065,1.07,1.064,51118800.0,0.0,108975300.0
2020-01-17,1.072,1.068,1.074,1.068,54167600.0,0.0,115872800.0
2020-01-20,1.072,1.069,1.072,1.068,40457200.0,0.0,86615700.0
2020-01-21,1.069,1.069,1.07,1.068,77349000.0,0.0,165401400.0
2020-01-22,1.069,1.078,1.078,1.069,46801700.0,0.0,100640600.0
2020-01-23,1.072,1.074,1.077,1.07,85220580.0,0.0,183100500.0
2020-02-03,1.028,1.058,1.062,1.028,26009730.0,0.0,54962000.0
2020-02-04,1.065,1.065,1.067,1.058,26674000.0,0.0,56749200.0
2020-02-05,1.072,1.071,1.075,1.07,45840104.0,0.0,98262500.0
2020-02-06,1.085,1.09,1.091,1.084,50427300.0,0.0,109705300.0
2020-02-07,1.09,1.093,1.093,1.088,53605500.0,0.0,116818600.0
2020-02-10,1.088,1.095,1.095,1.086,29926955.0,0.0,65247100.0
2020-02-11,1.097,1.11,1.112,1.097,45738610.0,0.0,101232200.0
2020-02-12,1.113,1.129,1.13,1.111,33664400.0,0.0,75232900.0
2020-02-13,1.15,1.175,1.184,1.139,63950002.0,0.0,148562400.0
2020-02-14,1.165,1.124,1.165,1.12,62719500.0,0.0,143374800.0
2020-02-17,1.126,1.131,1.141,1.116,55627900.0,0.0,125729700.0
2020-02-18,1.127,1.115,1.128,1.114,38263660.0,0.0,85624100.0
2020-02-19,1.112,1.112,1.118,1.108,40754500.0,0.0,90804400.0
2020-02-20,1.12,1.119,1.123,1.113,65322300.0,0.0,145952600.0
2020-02-21,1.11,1.108,1.124,1.108,87355909.0,0.0,193989700.0
2020-02-24,1.09,1.084,1.092,1.083,67321800.0,0.0,146230500.0
2020-02-25,1.064,1.084,1.084,1.064,108357383.0,0.0,232300400.0
2020-02-26,1.044,1.055,1.064,1.044,46020856.0,0.0,97047800.0
2020-02-27,1.056,1.049,1.056,1.048,39656800.0,0.0,83298600.0
2020-02-28,1.012,1.015,1.022,1.008,43572819.0,0.0,88402400.0
2020-03-02,1.015,1.035,1.044,0.997,151252400.0,0.0,305415900.0
2020-03-03,1.06,1.03,1.068,1.025,138934999.0,0.0,289265300.0
2020-03-04,1.01,1.017,1.019,1.004,55358578.0,0.0,111790800.0
2020-03-05,1.035,1.031,1.038,1.026,56256475.0,0.0,116086200.00000001
2020-03-06,1.017,1.009,1.017,1.008,28265875.0,0.0,57100400.0
2020-03-09,0.982,0.954,0.982,0.95,48657961.0,0.0,94062500.0
2020-03-10,0.944,0.983,0.985,0.94,63913100.0,0.0,123117800.0
2020-03-11,0.979,0.965,0.979,0.96,51473866.0,0.0,99515900.0
2020-03-12,0.943,0.93,0.943,0.916,66192692.00000001,0.0,122520000.0
2020-03-13,0.844,0.912,0.944,0.837,96231800.0,0.0,171590800.00000003
2020-03-16,0.892,0.89,0.905,0.874,75464972.0,0.0,134831000.0
2020-03-17,0.882,0.882,0.945,0.875,82421000.0,0.0,146522300.0
2020-03-18,0.885,0.853,0.893,0.852,50132301.0,0.0,87991400.0
2020-03-19,0.86,0.85,0.864,0.817,72220212.0,0.0,121464200.0
2020-03-20,0.855,0.879,0.883,0.852,59395950.0,0.0,102626900.0
2020-03-23,0.838,0.826,0.852,0.824,55870626.0,0.0,93798700.00000001
2020-03-24,0.85,0.859,0.86,0.835,112557969.0,0.0,191094900.00000003
2020-03-25,0.885,0.893,0.894,0.879,118424802.0,0.0,209861200.0
2020-03-26,0.892,0.882,0.892,0.872,50563400.0,0.0,89475900.0
2020-03-27,0.902,0.884,0.904,0.883,72272832.0,0.0,129463600.0
2020-03-30,0.867,0.87,0.879,0.856,58299648.0,0.0,101150100.0
2020-03-31,0.886,0.882,0.889,0.88,40390600.0,0.0,71419300.0
2020-04-01,0.87,0.863,0.881,0.862,36395835.0,0.0,63506200.0
2020-04-02,0.861,0.872,0.873,0.851,55731337.0,0.0,95972900.00000001
2020-04-03,0.867,0.863,0.871,0.86,28004340.000000004,0.0,48500800.0
2020-04-07,0.895,0.905,0.906,0.891,54022374.0,0.0,96889599.99999999
2020-04-08,0.899,0.898,0.906,0.894,44602000.0,0.0,80164400.0
2020-04-09,0.914,0.925,0.927,0.914,88200100.0,0.0,162384200.0
2020-04-10,0.929,0.924,0.934,0.921,60717609.0,0.0,112715300.0
2020-04-13,0.919,0.916,0.919,0.912,47116409.0,0.0,86281000.0
2020-04-14,0.921,0.934,0.934,0.918,45715309.0,0.0,84841100.0
2020-04-15,0.943,0.941,0.948,0.939,76510000.0,0.0,144483000.0
2020-04-16,0.926,0.936,0.941,0.923,65469800.0,0.0,121530000.0
2020-04-17,0.958,0.956,0.961,0.953,98469197.0,0.0,188644199.99999997
2020-04-20,0.958,0.956,0.959,0.952,34675900.0,0.0,66273300.0
2020-04-21,0.951,0.937,0.951,0.931,65320076.0,0.0,122566900.0
2020-04-22,0.916,0.926,0.93,0.916,83599806.0,0.0,153945500.0
2020-04-23,0.934,0.936,0.938,0.929,54845800.0,0.0,102383400.0
2020-04-24,0.927,0.93,0.93,0.924,38582201.0,0.0,71528800.0
2020-04-27,0.942,0.949,0.956,0.94,46283900.0,0.0,87820300.0
2020-04-28,0.957,0.958,0.96,0.952,47658300.0,0.0,91166200.00000001
2020-04-29,0.964,0.966,0.971,0.962,48932900.0,0.0,94552400.0
2020-04-30,0.985,0.986,0.99,0.98,53151001.0,0.0,104607500.0
2020-05-06,0.967,0.974,0.974,0.962,71856300.0,0.0,138804300.0
2020-05-07,0.967,0.962,0.967,0.959,68896102.0,0.0,132435200.0
2020-05-08,0.97,0.971,0.974,0.967,82641876.0,0.0,160644200.0
2020-05-11,0.98,0.981,0.984,0.978,87108630.0,0.0,170846900.0
2020-05-12,0.976,0.967,0.977,0.967,72045412.0,0.0,139762200.0
2020-05-13,0.951,0.956,0.958,0.948,67065074.0,0.0,127756299.99999999
2020-05-14,0.943,0.942,0.945,0.938,96003512.0,0.0,180691500.0
2020-05-15,0.953,0.954,0.956,0.95,76874050.0,0.0,146498700.0
2020-05-18,0.963,0.968,0.969,0.961,37428536.0,0.0,72209600.0
2020-05-19,0.986,0.993,0.994,0.983,49483500.0,0.0,97586800.0
2020-05-20,0.985,0.982,0.985,0.979,140023700.0,0.0,275000000.0
2020-05-21,0.991,0.984,0.991,0.984,93197400.0,0.0,183865700.0
2020-05-22,0.984,0.977,0.985,0.975,45056300.0,0.0,88246800.0
2020-05-25,0.985,0.994,0.995,0.985,72941600.0,0.0,144250100.0
2020-05-26,1.002,1.01,1.01,1.0,47393300.0,0.0,95133799.99999999
2020-05-27,1.005,1.01,1.012,1.003,45959600.0,0.0,92477500.0
2020-05-28,1.02,1.022,1.026,1.02,46355700.0,0.0,94870500.0
2020-05-29,1.011,1.015,1.016,1.01,59214300.0,0.0,120063200.0
2020-06-01,1.016,1.017,1.02,1.015,50041800.0,0.0,101810300.0
2020-06-02,1.017,1.018,1.02,1.015,55570700.0,0.0,113069200.0
2020-06-03,1.028,1.031,1.033,1.026,48980000.0,0.0,100897099.99999999
2020-06-04,1.04,1.035,1.041,1.035,31991000.0,0.0,66395000.0
2020-06-05,1.035,1.044,1.044,1.034,35239200.0,0.0,73259700.0
2020-06-08,1.057,1.059,1.06,1.057,36878593.0,0.0,78030600.0
2020-06-09,1.072,1.074,1.075,1.066,41866820.0,0.0,89760600.0
2020-06-10,1.073,1.071,1.074,1.068,51534000.0,0.0,110410300.0
2020-06-11,1.062,1.042,1.062,1.04,78098687.0,0.0,163614700.0
2020-06-12,1.001,1.01,1.017,1.0,80437790.0,0.0,162379600.0
2020-06-15,1.0,0.981,1.001,0.979,86069247.0,0.0,170553100.0
2020-06-16,1.018,1.029,1.037,1.016,78617175.0,0.0,161223200.0
2020-06-17,1.037,1.04,1.042,1.033,37692900.0,0.0,78282100.0
2020-06-18,1.025,1.03,1.032,1.023,49837500.0,0.0,102260600.0
2020-06-19,1.032,1.036,1.036,1.032,114127950.0,0.0,235886699.99999997
2020-06-22,1.03,1.025,1.03,1.021,52748600.0,0.0,108065000.0
2020-06-23,1.025,1.033,1.036,1.023,47475200.0,0.0,97801200.00000001
2020-06-24,1.037,1.036,1.038,1.033,38005300.0,0.0,78680000.0
2020-06-29,1.008,1.003,1.008,0.999,54393750.0,0.0,109047600.0
2020-06-30,1.011,1.007,1.014,1.004,44984800.0,0.0,90763200.0
2020-07-01,1.02,1.022,1.022,1.017,43142850.0,0.0,87941100.0
2020-07-02,1.025,1.03,1.03,1.024,30313200.0,0.0,62234300.0
2020-07-03,1.032,1.036,1.036,1.031,44424800.0,0.0,91784200.0
2020-07-06,1.037,1.043,1.044,1.036,67716000.0,0.0,140754000.0
2020-07-07,1.046,1.034,1.046,1.032,50572900.0,0.0,104853500.0
2020-07-08,1.033,1.03,1.034,1.03,78973300.0,0.0,162993800.0
2020-07-09,1.034,1.031,1.039,1.029,172336080.0,0.0,356996400.0
2020-07-10,1.029,1.019,1.029,1.012,64692800.0,0.0,132303799.99999999
2020-07-13,1.038,1.044,1.046,1.035,78198755.0,0.0,162610500.0
2020-07-14,1.033,1.036,1.037,1.026,63541900.0,0.0,131198799.99999999
2020-07-15,1.048,1.052,1.054,1.048,29426690.000000004,0.0,61822200.0
2020-07-16,1.059,1.048,1.059,1.046,27930900.0,0.0,58618900.0
2020-07-17,1.049,1.053,1.055,1.042,30677000.0,0.0,64490000.0
2020-07-20,1.053,1.049,1.054,1.046,32795500.0,0.0,68764900.0
2020-07-21,1.061,1.066,1.068,1.059,55239052.0,0.0,117624900.0
2020-07-22,1.064,1.063,1.07,1.06,59372293.00000001,0.0,126233300.0
2020-07-23,1.069,1.074,1.074,1.069,22279258.0,0.0,47719799.99999999
2020-07-24,1.059,1.054,1.063,1.051,29808539.0,0.0,62966200.0
2020-07-27,1.054,1.055,1.061,1.053,39852500.0,0.0,84127900.00000001
2020-07-28,1.062,1.061,1.067,1.06,41381800.0,0.0,87943400.0
2020-07-29,1.057,1.058,1.059,1.053,25538100.0,0.0,53925400.0
2020-07-30,1.064,1.062,1.067,1.062,17295900.0,0.0,36809000.0
2020-07-31,1.067,1.067,1.074,1.064,55448568.99999999,0.0,118439000.0
2020-08-03,1.071,1.068,1.077,1.068,44298200.0,0.0,94831800.0
2020-08-04,1.074,1.077,1.079,1.074,36551200.0,0.0,78650200.0
2020-08-05,1.077,1.081,1.085,1.077,17712200.0,0.0,38258800.0
2020-08-06,1.087,1.088,1.089,1.084,25760835.0,0.0,55971800.0
2020-08-07,1.092,1.1,1.1,1.092,25603400.0,0.0,56174300.0
2020-08-10,1.1,1.107,1.109,1.098,14361600.0,0.0,31721600.0
2020-08-11,1.106,1.103,1.11,1.101,14706100.0,0.0,32510900.0
2020-08-12,1.092,1.094,1.095,1.085,36032100.0,0.0,78462100.0
2020-08-13,1.101,1.106,1.108,1.101,63175600.0,0.0,139569500.0
2020-08-14,1.105,1.106,1.107,1.103,10044900.0,0.0,22208800.0
2020-08-17,1.106,1.106,1.107,1.102,21491500.0,0.0,47503500.0
2020-08-18,1.107,1.105,1.113,1.105,32194600.0,0.0,71302700.0
2020-08-19,1.107,1.111,1.111,1.107,13925700.0,0.0,30881700.0
2020-08-20,1.105,1.098,1.105,1.096,29816200.0,0.0,65484399.99999999
2020-08-21,1.101,1.103,1.105,1.101,39608400.0,0.0,87418000.0
2020-08-24,1.109,1.114,1.115,1.107,45082002.0,0.0,100178100.0
2020-08-25,1.125,1.142,1.147,1.124,35183100.0,0.0,79795000.0
2020-08-26,1.149,1.13,1.151,1.127,45571600.0,0.0,103498400.0
2020-08-27,1.145,1.145,1.146,1.136,31417500.0,0.0,71874900.0
2020-08-28,1.144,1.153,1.163,1.139,24626400.0,0.0,56690700.0
2020-08-31,1.159,1.163,1.165,1.158,15545301.0,0.0,36144400.0
2020-09-01,1.164,1.148,1.168,1.14,31473102.0,0.0,72502200.0
2020-09-02,1.162,1.167,1.167,1.155,26126600.0,0.0,60551000.0
2020-09-03,1.19,1.233,1.238,1.177,54890815.0,0.0,132702500.0
2020-09-04,1.15,1.159,1.189,1.14,87206444.0,0.0,203538200.0
2020-09-07,1.154,1.105,1.154,1.105,60696100.0,0.0,136266300.0
2020-09-08,1.119,1.126,1.128,1.108,67051300.0,0.0,149729800.0
2020-09-09,1.078,1.084,1.095,1.076,35091098.0,0.0,76061900.0
2020-09-10,1.108,1.098,1.108,1.097,58382541.0,0.0,128637600.0
2020-09-11,1.083,1.087,1.088,1.076,34885600.0,0.0,75481600.0
2020-09-14,1.085,1.088,1.089,1.081,41873886.0,0.0,90831900.0
2020-09-15,1.09,1.089,1.093,1.085,55411493.00000001,0.0,120580500.0
2020-09-16,1.092,1.095,1.101,1.092,38909900.0,0.0,85238400.0
2020-09-17,1.088,1.073,1.088,1.072,35852999.0,0.0,77540600.0
2020-09-18,1.07,1.077,1.078,1.067,32107799.0,0.0,68900600.0
2020-09-21,1.07,1.063,1.071,1.06,20463400.0,0.0,43614200.0
2020-09-22,1.056,1.05,1.057,1.048,24174300.0,0.0,50867500.0
2020-09-23,1.059,1.06,1.062,1.055,19932800.0,0.0,42193100.00000001
2020-09-24,1.039,1.036,1.048,1.036,22117300.0,0.0,45933900.0
2020-09-25,1.043,1.045,1.047,1.043,14441000.0,0.0,30187199.999999996
2020-09-28,1.06,1.062,1.066,1.056,64605500.0,0.0,137047700.0
2020-09-29,1.074,1.074,1.078,1.073,66278400.0,0.0,142540300.0
2020-09-30,1.074,1.062,1.075,1.058,31026300.0,0.0,66159300.0
2020-10-09,1.098,1.096,1.098,1.09,35400900.0,0.0,77572200.0
2020-10-12,1.102,1.104,1.105,1.101,41892400.0,0.0,92417099.99999999
2020-10-13,1.118,1.122,1.128,1.116,65611061.0,0.0,147324000.0
2020-10-14,1.116,1.117,1.118,1.112,63882200.0,0.0,142470700.0
2020-10-15,1.106,1.1,1.106,1.099,86734700.0,0.0,190909300.0
2020-10-16,1.103,1.105,1.108,1.102,26611900.0,0.0,58861400.0
2020-10-19,1.109,1.106,1.112,1.104,46833900.0,0.0,103654400.0
2020-10-20,1.091,1.088,1.091,1.086,18087400.0,0.0,39323100.0
2020-10-21,1.088,1.091,1.092,1.086,20068100.0,0.0,43662800.0
2020-10-22,1.084,1.078,1.084,1.075,54783300.0,0.0,118065100.0
2020-10-23,1.083,1.087,1.09,1.082,25709100.0,0.0,55889799.99999999
2020-10-26,1.086,1.081,1.086,1.078,23730100.0,0.0,51299700.0
2020-10-27,1.07,1.078,1.078,1.069,47440600.0,0.0,101869700.0
2020-10-28,1.068,1.063,1.069,1.063,29609300.0,0.0,63049600.0
2020-10-29,1.041,1.044,1.046,1.04,35023900.0,0.0,73038100.0
2020-10-30,1.038,1.024,1.038,1.022,50509500.0,0.0,104140500.0
2020-11-02,1.029,1.034,1.037,1.029,28400300.0,0.0,58674000.0
2020-11-03,1.046,1.053,1.055,1.046,29123300.0,0.0,61188400.0
2020-11-04,1.062,1.07,1.089,1.062,102818100.0,0.0,221138500.0
2020-11-05,1.087,1.084,1.093,1.078,54829200.0,0.0,118942900.00000001
2020-11-06,1.093,1.088,1.093,1.085,34108200.0,0.0,74290800.0
2020-11-09,1.104,1.105,1.112,1.103,51703800.0,0.0,114516500.0
2020-11-10,1.105,1.1,1.109,1.096,39108100.0,0.0,86236200.00000001
2020-11-11,1.1,1.105,1.106,1.095,21803898.0,0.0,48060700.0
2020-11-12,1.108,1.107,1.113,1.105,20030200.0,0.0,44375400.0
2020-11-13,1.103,1.106,1.107,1.093,23081100.0,0.0,50778600.0
2020-11-16,1.117,1.121,1.124,1.117,18363700.0,0.0,41150800.0
2020-11-17,1.128,1.117,1.128,1.114,26221500.0,0.0,58615500.0
2020-11-18,1.115,1.106,1.115,1.106,17899898.0,0.0,39739900.0
2020-11-19,1.102,1.106,1.106,1.099,21433076.0,0.0,47204399.99999999
2020-11-20,1.101,1.101,1.11,1.099,17999800.0,0.0,39647200.0
2020-11-23,1.1,1.1,1.101,1.097,15069700.0,0.0,33102399.999999996
2020-11-24,1.108,1.116,1.116,1.108,16670700.0,0.0,37089400.0
2020-11-25,1.129,1.125,1.131,1.123,50509889.0,0.0,113701400.0
2020-11-26,1.123,1.125,1.126,1.118,81876800.0,0.0,183768900.0
2020-11-27,1.123,1.122,1.125,1.118,80601500.0,0.0,180682500.0
2020-11-30,1.121,1.116,1.123,1.115,15909800.0,0.0,35634700.0
2020-12-01,1.127,1.128,1.13,1.124,20005000.0,0.0,45107299.99999999
2020-12-02,1.127,1.125,1.127,1.123,14925338.0,0.0,33547100.0
2020-12-03,1.129,1.13,1.135,1.127,33610089.0,0.0,75960000.0
2020-12-04,1.129,1.127,1.131,1.126,20668800.0,0.0,46629300.0
2020-12-07,1.132,1.131,1.134,1.13,18683200.0,0.0,42291000.0
2020-12-08,1.13,1.129,1.13,1.127,17794200.0,0.0,40155600.0
2020-12-09,1.135,1.139,1.139,1.134,19448300.0,0.0,44216100.0
2020-12-10,1.128,1.132,1.133,1.127,65454198.0,0.0,148123600.0
2020-12-11,1.132,1.133,1.136,1.13,56655000.0,0.0,128262200.0
2020-12-14,1.133,1.136,1.149,1.133,46493600.0,0.0,105918600.0
2020-12-15,1.131,1.126,1.132,1.122,21524000.0,0.0,48472600.0
2020-12-16,1.134,1.135,1.137,1.134,10197800.0,0.0,23151000.0
2020-12-17,1.139,1.139,1.139,1.135,5035100.0,0.0,11452900.0
2020-12-18,1.143,1.143,1.143,1.135,15487800.0,0.0,35305100.0
2020-12-21,1.142,1.14,1.15,1.138,13167400.0,0.0,30046400.0
2020-12-22,1.135,1.129,1.142,1.127,23757069.0,0.0,53844799.99999999
2020-12-23,1.129,1.13,1.132,1.125,10534700.0,0.0,23785300.000000004
2020-12-24,1.132,1.133,1.138,1.131,23847931.0,0.0,54032100.0
2020-12-25,1.135,1.136,1.14,1.134,10577200.0,0.0,24030900.0
2020-12-28,1.137,1.142,1.143,1.137,10575800.0,0.0,24122199.999999996
2020-12-29,1.147,1.152,1.153,1.147,13365800.0,0.0,30724899.999999996
2020-12-30,1.148,1.145,1.148,1.144,15172500.0,0.0,34756700.0
2020-12-31,1.145,1.146,1.149,1.142,15407396.0,0.0,35270000.0
2021-01-04,1.147,1.14,1.149,1.139,43697800.0,0.0,99991800.0
2021-01-05,1.13,1.123,1.13,1.121,28951600.0,0.0,65093500.0
2021-01-06,1.125,1.125,1.129,1.123,18865900.0,0.0,42436700.0
2021-01-07,1.138,1.142,1.143,1.136,16764876.999999998,0.0,38244600.0
2021-01-08,1.154,1.159,1.161,1.154,22721100.0,0.0,52640200.00000001
2021-01-11,1.159,1.154,1.162,1.153,24013000.0,0.0,55597100.0
2021-01-12,1.156,1.156,1.159,1.149,14625100.0,0.0,33817900.0
2021-01-13,1.154,1.153,1.155,1.151,17673200.0,0.0,40745900.0
2021-01-14,1.155,1.161,1.162,1.155,13172300.0,0.0,30549300.0
2021-01-15,1.151,1.151,1.155,1.149,9897200.0,0.0,22801200.0
2021-01-18,1.15,1.147,1.15,1.143,16056500.0,0.0,36777300.0
2021-01-19,1.152,1.156,1.159,1.152,38949100.0,0.0,90092200.0
2021-01-20,1.158,1.154,1.163,1.153,20953400.0,0.0,48423500.0
2021-01-21,1.168,1.174,1.174,1.167,30362600.0,0.0,71019800.0
2021-01-22,1.172,1.168,1.173,1.166,32382000.0,0.0,75706900.0
2021-01-25,1.169,1.174,1.177,1.169,22109400.0,0.0,51864200.0
2021-01-26,1.173,1.164,1.173,1.163,8351100.0,0.0,19480600.0
2021-01-27,1.168,1.169,1.172,1.165,10061200.0,0.0,23484000.0
2021-01-28,1.152,1.139,1.152,1.139,12638700.0,0.0,28872800.000000004
2021-01-29,1.146,1.141,1.154,1.133,61063500.0,0.0,138934500.0
2021-02-01,1.128,1.134,1.134,1.12,16710300.0,0.0,37657200.0
2021-02-02,1.146,1.153,1.154,1.146,17577600.0,0.0,40447400.0
2021-02-03,1.165,1.166,1.17,1.162,7477800.0,0.0,17420700.0
2021-02-04,1.165,1.165,1.168,1.158,14540800.0,0.0,33818700.0
2021-02-05,1.175,1.185,1.185,1.175,16181900.0,0.0,38193900.0
2021-02-08,1.189,1.185,1.205,1.183,30873200.0,0.0,73391200.0
2021-02-09,1.199,1.192,1.199,1.186,7546400.0,0.0,17973500.0
2021-02-10,1.192,1.191,1.193,1.187,12017200.0,0.0,28610800.0
2021-02-18,1.193,1.193,1.193,1.189,16170800.0,0.0,38520900.0
2021-02-19,1.191,1.189,1.191,1.183,8080700.0,0.0,19161700.0
2021-02-22,1.188,1.185,1.19,1.184,15207300.0,0.0,36077300.0
2021-02-23,1.182,1.185,1.186,1.171,9686600.0,0.0,22883700.0
2021-02-24,1.185,1.176,1.186,1.175,18861200.0,0.0,44444900.0
2021-02-25,1.191,1.195,1.199,1.191,41949600.0,0.0,100191700.0
2021-02-26,1.167,1.163,1.175,1.162,26981400.0,0.0,63038900.0
2021-03-01,1.181,1.172,1.181,1.167,11521800.0,0.0,27012800.000000004
2021-03-02,1.19,1.189,1.19,1.182,13957440.0,0.0,33102700.0
2021-03-03,1.184,1.188,1.189,1.179,13742800.0,0.0,32591400.0
2021-03-04,1.18,1.164,1.18,1.161,12146000.0,0.0,28305700.0
2021-03-05,1.138,1.152,1.155,1.138,14459700.0,0.0,33131700.0
2021-03-08,1.176,1.177,1.179,1.171,20035600.0,0.0,47063200.0
2021-03-09,1.178,1.188,1.193,1.176,59438700.0,0.0,140818900.0
2021-03-10,1.19,1.187,1.196,1.186,10837700.0,0.0,25792000.0
2021-03-11,1.196,1.206,1.207,1.196,29874600.0,0.0,71854700.0
2021-03-12,1.218,1.207,1.218,1.206,15571000.0,0.0,37684600.0
2021-03-15,1.209,1.214,1.216,1.209,16925800.0,0.0,41065400.0
2021-03-16,1.221,1.222,1.224,1.216,25032700.0,0.0,61033700.0
2021-03-17,1.22,1.217,1.22,1.213,13745000.0,0.0,33410600.0
2021-03-18,1.223,1.218,1.225,1.216,15720207.0,0.0,38307000.0
2021-03-19,1.202,1.203,1.209,1.201,15379600.0,0.0,37020700.0
2021-03-22,1.2,1.203,1.204,1.193,10148400.0,0.0,24364200.0
2021-03-23,1.213,1.208,1.214,1.203,15597200.0,0.0,37654900.0
2021-03-24,1.208,1.2,1.208,1.198,20264300.0,0.0,48631700.0
2021-03-25,1.191,1.2,1.2,1.191,23564000.0,0.0,56431899.99999999
2021-03-26,1.204,1.213,1.213,1.204,8634400.0,0.0,20894200.0
2021-03-29,1.216,1.222,1.223,1.216,17341306.0,0.0,42292200.0
2021-03-30,1.225,1.23,1.232,1.223,9159000.0,0.0,22523500.0
2021-03-31,1.24,1.224,1.24,1.223,8692500.0,0.0,21314699.999999996
2021-04-01,1.23,1.237,1.237,1.23,7501200.0,0.0,18504300.0
2021-04-02,1.249,1.249,1.252,1.244,14396000.0,0.0,35911800.0
2021-04-06,1.264,1.265,1.268,1.26,23697400.0,0.0,59847100.0
2021-04-07,1.264,1.263,1.265,1.256,16531100.0,0.0,41652700.00000001
2021-04-08,1.266,1.268,1.27,1.266,20835200.0,0.0,52828900.0
2021-04-09,1.296,1.271,1.296,1.268,23607100.0,0.0,59995800.0
2021-04-12,1.275,1.279,1.28,1.275,18918700.0,0.0,48336899.99999999
2021-04-13,1.279,1.279,1.281,1.275,11824026.0,0.0,30215200.0
2021-04-14,1.282,1.285,1.285,1.281,18755000.0,0.0,48103700.0
2021-04-15,1.28,1.282,1.282,1.275,24688000.0,0.0,63100000.0
2021-04-16,1.289,1.292,1.295,1.288,23929000.0,0.0,61817000.0
2021-04-19,1.293,1.29,1.295,1.289,17022400.0,0.0,44006700.0
2021-04-20,1.284,1.28,1.285,1.28,20097800.0,0.0,51566899.99999999
2021-04-21,1.267,1.272,1.273,1.264,23793700.0,0.0,60329799.99999999
2021-04-22,1.281,1.279,1.282,1.277,10032100.0,0.0,25649899.999999996
2021-04-23,1.27,1.268,1.271,1.266,13181300.0,0.0,33445200.0
2021-04-26,1.279,1.28,1.281,1.277,10041800.0,0.0,25682600.000000004
2021-04-27,1.282,1.287,1.287,1.282,11022800.0,0.0,28323600.0
2021-04-28,1.286,1.285,1.286,1.283,7368500.0,0.0,18912900.0
2021-04-29,1.286,1.29,1.29,1.286,10216000.0,0.0,26313400.0
2021-04-30,1.29,1.29,1.291,1.284,18273600.0,0.0,47015400.0
2021-05-06,1.284,1.283,1.284,1.274,14309300.0,0.0,36594300.0
2021-05-07,1.293,1.29,1.293,1.285,15492501.0,0.0,39895500.0
2021-05-10,1.296,1.293,1.298,1.292,21315000.0,0.0,55198300.0
2021-05-11,1.273,1.273,1.274,1.262,21465900.0,0.0,54427299.99999999
2021-05-12,1.263,1.264,1.265,1.257,27371100.0,0.0,68976300.0
2021-05-13,1.24,1.24,1.243,1.24,22448900.0,0.0,55712299.99999999
2021-05-14,1.251,1.259,1.26,1.251,19790000.0,0.0,49672000.0
2021-05-17,1.269,1.269,1.272,1.266,25753699.0,0.0,65328400.0
2021-05-18,1.269,1.273,1.274,1.268,13457300.0,0.0,34186400.0
2021-05-19,1.255,1.252,1.255,1.25,17066800.0,0.0,42732600.0
2021-05-20,1.25,1.251,1.254,1.248,16331700.0,0.0,40915000.0
2021-05-21,1.263,1.267,1.269,1.262,14986800.0,0.0,37919300.0
2021-05-24,1.266,1.269,1.269,1.266,16909100.0,0.0,42854900.0
2021-05-25,1.277,1.276,1.278,1.273,32930800.0,0.0,83964100.0
2021-05-26,1.275,1.27,1.275,1.268,20899900.0,0.0,53125500.0
2021-05-27,1.268,1.261,1.268,1.261,14547709.0,0.0,36794700.0
2021-05-28,1.265,1.269,1.274,1.265,21197073.0,0.0,53796000.0
2021-05-31,1.268,1.266,1.27,1.266,17322528.0,0.0,43921000.0
2021-06-01,1.267,1.267,1.267,1.263,9935533.0,0.0,25129699.999999996
2021-06-02,1.268,1.267,1.268,1.266,7851600.0,0.0,19886700.0
2021-06-03,1.268,1.269,1.27,1.267,8016200.0,0.0,20331700.0
2021-06-04,1.268,1.267,1.268,1.263,17780601.0,0.0,44971800.0
2021-06-07,1.273,1.279,1.279,1.272,10438900.0,0.0,26615400.0
2021-06-08,1.279,1.279,1.281,1.277,12230400.0,0.0,31285200.0
2021-06-09,1.28,1.279,1.28,1.277,7497300.0,0.0,19173100.0
2021-06-10,1.279,1.275,1.279,1.273,6605400.0,0.0,16850200.0
2021-06-11,1.28,1.279,1.281,1.277,6579200.0,0.0,16831700.0
2021-06-15,1.286,1.287,1.289,1.151,22726800.0,0.0,58318100.00000001
2021-06-16,1.284,1.282,1.284,1.281,9440700.0,0.0,24209600.0
2021-06-17,1.274,1.276,1.28,1.273,8243900.0,0.0,21016400.0
2021-06-18,1.28,1.282,1.284,1.28,23622484.0,0.0,60566600.0
2021-06-21,1.268,1.265,1.268,1.26,27968300.0,0.0,70638100.0
2021-06-22,1.277,1.289,1.289,1.277,25877000.0,0.0,66562800.0
2021-06-23,1.295,1.3,1.301,1.294,14940100.0,0.0,38760800.0
2021-06-24,1.299,1.298,1.299,1.297,5657500.0,0.0,14685400.0
2021-06-25,1.304,1.302,1.306,1.302,8085100.0,0.0,21070500.0
2021-06-28,1.306,1.304,1.313,1.3,10300000.0,0.0,26878600.0
2021-06-29,1.308,1.305,1.309,1.304,7160800.0,0.0,18684900.0
2021-06-30,1.307,1.308,1.309,1.306,4105400.0,0.0,10738100.0
2021-07-01,1.311,1.312,1.313,1.311,4494147.0,0.0,11790000.0
2021-07-02,1.317,1.323,1.323,1.317,10000763.0,0.0,26405600.0
2021-07-05,1.33,1.33,1.333,1.327,35510400.0,0.0,94385700.0
2021-07-06,1.33,1.332,1.334,1.328,27609600.0,0.0,73470500.0
2021-07-07,1.33,1.33,1.332,1.327,12432900.0,0.0,33051100.0
2021-07-08,1.331,1.326,1.335,1.326,11310100.0,0.0,30090300.000000004
2021-07-09,1.316,1.327,1.328,1.315,20485900.0,0.0,54135200.00000001
2021-07-12,1.334,1.339,1.339,1.334,15310098.000000002,0.0,40931600.0
2021-07-13,1.341,1.338,1.344,1.337,16262200.0,0.0,43611000.0
2021-07-14,1.337,1.336,1.339,1.334,15753700.0,0.0,42115700.0
2021-07-15,1.333,1.337,1.339,1.333,9485500.0,0.0,25360800.0
2021-07-16,1.334,1.334,1.335,1.332,16156600.0,0.0,43082299.99999999
2021-07-19,1.319,1.323,1.325,1.317,6245700.0,0.0,16496800.0
2021-07-20,1.318,1.318,1.321,1.307,21549400.0,0.0,56685400.0
2021-07-21,1.328,1.328,1.33,1.323,13780000.0,0.0,36561800.0
2021-07-22,1.336,1.336,1.337,1.333,4143000.0,0.0,11060400.0
2021-07-23,1.338,1.339,1.34,1.338,18627800.0,0.0,49876000.0
2021-07-26,1.344,1.347,1.35,1.344,15972000.0,0.0,43016800.0
2021-07-27,1.351,1.353,1.356,1.35,12440800.0,0.0,33679700.0
2021-07-28,1.353,1.352,1.358,1.349,15137300.0,0.0,40942900.0
2021-07-29,1.351,1.349,1.351,1.344,11283200.0,0.0,30375000.0
2021-07-30,1.35,1.34,1.35,1.338,20781700.0,0.0,55714300.0
2021-08-02,1.348,1.352,1.354,1.346,12421400.0,0.0,33563600.0
2021-08-03,1.345,1.346,1.347,1.341,18230600.0,0.0,49026500.0
2021-08-04,1.353,1.35,1.357,1.349,14132800.0,0.0,38197200.0
2021-08-05,1.347,1.347,1.35,1.345,14416800.0,0.0,38845100.0
2021-08-06,1.353,1.354,1.355,1.35,12265500.0,0.0,33163100.0
2021-08-09,1.355,1.358,1.36,1.353,10318300.0,0.0,28001700.0
2021-08-10,1.358,1.356,1.361,1.353,19629100.0,0.0,53211800.0
2021-08-11,1.357,1.358,1.361,1.357,8621638.0,0.0,23418200.0
2021-08-12,1.36,1.359,1.363,1.359,15951100.0,0.0,43402400.0
2021-08-13,1.365,1.368,1.369,1.362,27112500.0,0.0,73990800.0
2021-08-16,1.368,1.363,1.369,1.362,20072300.0,0.0,54779300.0
2021-08-17,1.366,1.366,1.37,1.364,20006717.0,0.0,54707500.0
2021-08-18,1.361,1.365,1.365,1.358,12158124.0,0.0,33106400.0
2021-08-19,1.351,1.343,1.353,1.341,18279000.0,0.0,49239300.0
2021-08-20,1.351,1.35,1.353,1.348,16177300.0,0.0,43696300.0
2021-08-23,1.362,1.369,1.369,1.362,11333200.0,0.0,30964800.0
2021-08-24,1.377,1.377,1.378,1.374,14402400.0,0.0,39638100.0
2021-08-25,1.376,1.372,1.376,1.371,20359600.0,0.0,55893100.00000001
2021-08-26,1.373,1.373,1.374,1.372,13154100.0,0.0,36111100.0
2021-08-27,1.368,1.374,1.376,1.367,16264800.0,0.0,44590600.00000001
2021-08-30,1.379,1.379,1.383,1.378,12761900.0,0.0,35202500.0
2021-08-31,1.385,1.39,1.391,1.383,17208400.0,0.0,47769500.0
2021-09-01,1.388,1.39,1.39,1.384,13406900.0,0.0,37152700.0
2021-09-02,1.388,1.381,1.388,1.379,19100700.0,0.0,52760300.0
2021-09-03,1.384,1.387,1.389,1.384,13461500.0,0.0,37320000.0
2021-09-06,1.385,1.385,1.387,1.381,14682500.0,0.0,40614300.0
2021-09-07,1.385,1.385,1.386,1.383,13916700.0,0.0,38541800.0
2021-09-08,1.382,1.379,1.383,1.378,14353100.0,0.0,39612300.0
2021-09-09,1.375,1.374,1.375,1.372,15050700.0,0.0,41337800.0
2021-09-10,1.372,1.375,1.375,1.37,11637300.0,0.0,31940800.0
2021-09-13,1.364,1.365,1.365,1.36,15385000.0,0.0,41914900.0
2021-09-14,1.365,1.364,1.368,1.363,38186400.0,0.0,104266400.0
2021-09-15,1.356,1.356,1.359,1.354,11457892.0,0.0,31062600.000000004
2021-09-16,1.365,1.361,1.368,1.359,31769100.0,0.0,86555100.0
2021-09-17,1.361,1.368,1.369,1.36,13687700.0,0.0,37350800.0
2021-09-22,1.337,1.34,1.342,1.332,36404900.0,0.0,97294500.0
2021-09-23,1.352,1.351,1.353,1.348,17508700.0,0.0,47249600.0
2021-09-24,1.361,1.359,1.363,1.358,23927800.0,0.0,65074300.0
2021-09-27,1.365,1.368,1.368,1.362,16697100.0,0.0,45598500.0
2021-09-28,1.36,1.355,1.36,1.351,16862600.0,0.0,45683500.0
2021-09-29,1.33,1.334,1.339,1.33,35989000.0,0.0,96087400.0
2021-09-30,1.334,1.342,1.343,1.334,15316800.0,0.0,41023400.0
2021-10-08,1.349,1.341,1.35,1.341,10819600.0,0.0,29083300.0
2021-10-11,1.34,1.333,1.341,1.332,19015700.0,0.0,50800200.00000001
2021-10-12,1.325,1.319,1.33,1.318,36128000.0,0.0,95660200.0
2021-10-13,1.322,1.326,1.327,1.321,13652000.0,0.0,36111700.0
2021-10-14,1.331,1.338,1.339,1.331,11338148.0,0.0,30257700.0
2021-10-15,1.355,1.355,1.359,1.347,15849500.0,0.0,42930800.0
2021-10-18,1.357,1.355,1.369,1.354,14571000.0,0.0,39585700.0
2021-10-19,1.36,1.364,1.365,1.359,16530300.0,0.0,45022900.0
2021-10-20,1.367,1.368,1.37,1.366,14541200.0,0.0,39762500.0
2021-10-21,1.37,1.368,1.37,1.367,19668700.0,0.0,53836700.0
2021-10-22,1.372,1.374,1.375,1.372,8121900.0,0.0,22302500.0
2021-10-25,1.368,1.374,1.375,1.368,24820700.0,0.0,68074700.0
2021-10-26,1.381,1.383,1.384,1.381,4877100.0,0.0,13478599.999999998
2021-10-27,1.384,1.382,1.384,1.379,8460000.0,0.0,23358000.0
2021-10-28,1.375,1.377,1.378,1.375,9571600.0,0.0,26355800.0
2021-10-29,1.386,1.379,1.39,1.379,9950200.0,0.0,27508600.0
2021-11-01,1.393,1.396,1.398,1.393,9575100.0,0.0,26736200.0
2021-11-02,1.396,1.393,1.396,1.391,7215700.0,0.0,20095900.0
2021-11-03,1.399,1.403,1.403,1.398,8142900.0,0.0,22805400.0
2021-11-04,1.408,1.41,1.411,1.408,6002800.0,0.0,16916900.0
2021-11-05,1.413,1.416,1.417,1.413,8974300.0,0.0,25403000.0
2021-11-08,1.416,1.418,1.424,1.415,43896700.0,0.0,124521700.0
2021-11-09,1.417,1.417,1.426,1.416,66816700.0,0.0,189815600.0
2021-11-10,1.416,1.411,1.416,1.41,22505500.0,0.0,63589799.99999999
2021-11-11,1.406,1.408,1.41,1.405,10990870.0,0.0,30931600.0
2021-11-12,1.408,1.407,1.411,1.407,7888800.0,0.0,22215200.0
2021-11-15,1.413,1.416,1.418,1.413,13500700.0,0.0,38241700.0
2021-11-16,1.416,1.412,1.418,1.411,10743600.0,0.0,30401900.0
2021-11-17,1.42,1.422,1.422,1.418,7204030.0,0.0,20455500.0
2021-11-18,1.421,1.417,1.421,1.415,26519500.0,0.0,75078100.0
2021-11-19,1.42,1.426,1.426,1.42,45204497.0,0.0,128736700.0
2021-11-22,1.423,1.424,1.425,1.421,18341300.0,0.0,52203600.0
2021-11-23,1.415,1.411,1.418,1.411,44795700.0,0.0,126663600.0
2021-11-24,1.417,1.416,1.418,1.414,13144400.0,0.0,37220200.0
2021-11-25,1.423,1.426,1.426,1.422,10850099.0,0.0,30885800.0
2021-11-26,1.417,1.404,1.417,1.403,29583500.0,0.0,83344700.0
2021-11-29,1.395,1.403,1.404,1.392,21905999.0,0.0,61300400.0
2021-11-30,1.41,1.395,1.412,1.386,47095000.0,0.0,131673200.0
2021-12-01,1.388,1.389,1.39,1.383,63671600.0,0.0,176601600.0
2021-12-02,1.367,1.37,1.372,1.364,62637107.99999999,0.0,171304500.0
2021-12-03,1.375,1.379,1.382,1.37,21584200.0,0.0,59399399.99999999
2021-12-06,1.377,1.375,1.377,1.371,11359100.0,0.0,31201100.0
2021-12-07,1.386,1.392,1.393,1.384,20169593.0,0.0,55993800.0
2021-12-08,1.412,1.413,1.415,1.412,12081316.0,0.0,34139400.0
2021-12-09,1.413,1.413,1.414,1.407,22050800.0,0.0,62227700.00000001
2021-12-10,1.407,1.407,1.41,1.405,8916900.0,0.0,25083000.0
2021-12-13,1.421,1.423,1.424,1.421,11613700.0,0.0,33030100.000000004
2021-12-14,1.41,1.406,1.41,1.406,90889500.0,0.0,255792700.0
2021-12-15,1.393,1.399,1.402,1.393,33523838.0,0.0,93746700.0
2021-12-16,1.42,1.428,1.429,1.412,62704000.0,0.0,178377700.0
2021-12-17,1.416,1.404,1.416,1.403,17266600.0,0.0,48584000.0
2021-12-20,1.39,1.381,1.39,1.38,29241600.0,0.0,81012300.0
2021-12-21,1.381,1.389,1.411,1.381,64501100.0,0.0,179632700.0
2021-12-22,1.402,1.4,1.402,1.396,30247900.0,0.0,84657900.00000001
2021-12-23,1.412,1.415,1.418,1.412,13388400.0,0.0,37887200.0
2021-12-24,1.424,1.423,1.424,1.421,9569300.0,0.0,27214800.0
2021-12-27,1.424,1.426,1.428,1.424,12490800.0,0.0,35591600.0
2021-12-28,1.44,1.441,1.444,1.439,12864600.0,0.0,37101400.0
2021-12-29,1.442,1.444,1.446,1.44,28563200.0,0.0,82469800.0
2021-12-30,1.443,1.444,1.446,1.441,99602600.0,0.0,287665100.0
2021-12-31,1.441,1.44,1.441,1.431,23972100.0,0.0,68955100.0
2022-01-04,1.447,1.449,1.449,1.445,14370050.0,0.0,41589200.0
2022-01-05,1.446,1.443,1.446,1.44,18457300.0,0.0,53198100.00000001
2022-01-06,1.416,1.409,1.425,1.408,34103800.0,0.0,96322200.0
2022-01-07,1.416,1.418,1.42,1.416,18553000.0,0.0,52600400.0
2022-01-10,1.405,1.408,1.409,1.399,45896600.0,0.0,128987900.00000001
2022-01-11,1.408,1.402,1.408,1.401,28506000.0,0.0,80023000.0
2022-01-12,1.416,1.418,1.418,1.414,39203700.0,0.0,111025400.00000001
2022-01-13,1.419,1.415,1.419,1.413,18229900.0,0.0,51572600.0
2022-01-14,1.394,1.401,1.401,1.394,20927900.0,0.0,58496100.0
2022-01-17,1.397,1.397,1.4,1.394,18007100.0,0.0,50279900.0
2022-01-18,1.398,1.392,1.399,1.391,12791300.0,0.0,35663600.0
2022-01-19,1.377,1.37,1.38,1.367,39400909.0,0.0,108093400.0
2022-01-20,1.362,1.362,1.363,1.357,105373090.99999999,0.0,286354800.0
2022-01-21,1.335,1.335,1.336,1.329,81438586.0,0.0,217050099.99999997
2022-01-24,1.327,1.319,1.327,1.318,89051500.0,0.0,235197800.0
2022-01-25,1.305,1.303,1.308,1.297,72903000.0,0.0,189966100.0
2022-01-26,1.3,1.301,1.303,1.297,37851400.0,0.0,98475700.0
2022-01-27,1.294,1.276,1.294,1.273,141460900.0,0.0,362641200.0
2022-01-28,1.298,1.299,1.302,1.287,90258800.0,0.0,234214500.0
2022-02-07,1.338,1.347,1.347,1.334,60685200.0,0.0,162823000.0
2022-02-08,1.342,1.344,1.346,1.34,51235300.0,0.0,137523500.0
2022-02-09,1.354,1.361,1.362,1.354,47809550.0,0.0,129923700.00000001
2022-02-10,1.376,1.377,1.38,1.37,92612907.0,0.0,254481000.0
2022-02-11,1.348,1.34,1.351,1.337,118055200.0,0.0,316668200.0
2022-02-14,1.327,1.328,1.329,1.323,80672400.0,0.0,213902500.0
2022-02-15,1.324,1.319,1.324,1.316,65231000.0,0.0,172173400.0
2022-02-16,1.335,1.336,1.336,1.333,34109600.0,0.0,91049300.0
2022-02-17,1.333,1.332,1.338,1.328,57582600.0,0.0,153464100.0
2022-02-18,1.311,1.314,1.32,1.308,75771900.0,0.0,199425800.00000003
2022-02-21,1.306,1.309,1.309,1.301,123124400.0,0.0,321153200.0
2022-02-22,1.281,1.281,1.284,1.277,94666800.0,0.0,242481000.0
2022-02-23,1.291,1.287,1.301,1.285,146295100.0,0.0,376855100.0
2022-02-24,1.25,1.233,1.254,1.23,187426400.0,0.0,465698700.0
2022-02-25,1.271,1.267,1.273,1.266,172645000.0,0.0,437802900.0
2022-02-28,1.282,1.277,1.283,1.269,65120800.0,0.0,166028100.0
2022-03-01,1.297,1.303,1.304,1.297,124806300.0,0.0,324572800.0
2022-03-02,1.288,1.283,1.288,1.282,83569000.0,0.0,214771600.0
2022-03-03,1.304,1.306,1.306,1.3,79786300.0,0.0,207904100.0
2022-03-04,1.287,1.294,1.296,1.284,104231302.0,0.0,269056200.0
2022-03-07,1.272,1.277,1.282,1.269,74915700.0,0.0,190841500.0
2022-03-08,1.265,1.237,1.265,1.234,144479692.0,0.0,359116100.0
2022-03-09,1.245,1.25,1.251,1.241,116253895.0,0.0,289907400.0
2022-03-10,1.273,1.273,1.276,1.271,38913272.0,0.0,99085200.0
2022-03-11,1.265,1.272,1.273,1.262,64236600.0,0.0,162830000.0
2022-03-14,1.265,1.269,1.271,1.263,58359200.0,0.0,147812600.0
2022-03-15,1.257,1.252,1.259,1.251,142906300.0,0.0,358354400.0
2022-03-16,1.275,1.285,1.286,1.274,96375300.0,0.0,246211500.0
2022-03-17,1.307,1.31,1.311,1.3,92463500.0,0.0,241262700.0
2022-03-18,1.314,1.319,1.321,1.313,58514200.0,0.0,154181000.0
2022-03-21,1.337,1.338,1.339,1.333,49545900.0,0.0,132415800.0
2022-03-22,1.334,1.339,1.344,1.334,81705901.0,0.0,218952100.0
2022-03-23,1.355,1.361,1.362,1.355,168155500.0,0.0,457585100.0
2022-03-24,1.342,1.344,1.348,1.341,82615700.0,0.0,222046000.0
2022-03-25,1.356,1.365,1.365,1.356,84856400.0,0.0,230969700.0
2022-03-28,1.365,1.368,1.371,1.364,179543586.0,0.0,490897900.0
2022-03-30,1.395,1.39,1.396,1.385,93696911.0,0.0,130319900.0
2022-03-31,1.386,1.387,1.392,1.384,139230500.0,0.0,193176000.0
2022-04-01,1.365,1.371,1.371,1.365,97352700.0,0.0,133194900.0
2022-04-06,1.36,1.371,1.372,1.36,52980200.0,0.0,72386000.0
2022-04-07,1.351,1.352,1.353,1.345,72514500.0,0.0,97846100.0
2022-04-08,1.356,1.365,1.365,1.356,104958200.0,0.0,142793100.0
2022-04-11,1.355,1.353,1.356,1.349,85706300.0,0.0,115894300.0
2022-04-12,1.33,1.327,1.333,1.324,138881900.0,0.0,184299800.0
2022-04-13,1.329,1.338,1.339,1.328,118576800.0,0.0,158249600.0
2022-04-14,1.345,1.347,1.348,1.34,80567200.0,0.0,108375000.0
2022-04-15,1.327,1.334,1.335,1.327,80951000.0,0.0,107823799.99999999
2022-04-18,1.328,1.324,1.328,1.32,52034900.0,0.0,68879500.0
2022-04-19,1.334,1.334,1.336,1.331,47694700.0,0.0,63622900.0
2022-04-20,1.355,1.355,1.355,1.35,99529000.0,0.0,134629400.0
2022-04-21,1.361,1.372,1.375,1.359,98387100.0,0.0,134718600.0
2022-04-22,1.336,1.354,1.357,1.336,105502300.0,0.0,142491600.0
2022-04-25,1.317,1.31,1.319,1.309,211905100.0,0.0,278860700.0
2022-04-26,1.327,1.334,1.337,1.327,121879500.0,0.0,162619200.0
2022-04-27,1.299,1.302,1.305,1.298,239658700.0,0.0,311885500.0
2022-04-28,1.306,1.319,1.321,1.305,109308100.0,0.0,143532000.0
2022-04-29,1.336,1.34,1.347,1.333,174001200.0,0.0,233425000.0
2022-05-05,1.354,1.341,1.354,1.34,199744900.0,0.0,268849100.0
2022-05-06,1.3,1.309,1.315,1.295,236096200.0,0.0,309364700.0
2022-05-09,1.295,1.302,1.303,1.291,154212900.0,0.0,199806000.0
2022-05-10,1.272,1.278,1.278,1.269,343721000.0,0.0,437417699.99999994
2022-05-11,1.274,1.277,1.28,1.27,182953100.0,0.0,233306900.0
2022-05-12,1.256,1.255,1.261,1.253,155628500.0,0.0,195707900.0
2022-05-13,1.268,1.275,1.275,1.267,155655600.0,0.0,197806600.0
2022-05-16,1.297,1.281,1.299,1.277,210494400.0,0.0,269852600.0
2022-05-17,1.286,1.287,1.288,1.283,173469900.0,0.0,223039700.0
2022-05-18,1.302,1.299,1.304,1.297,73386400.0,0.0,95343100.0
2022-05-19,1.25,1.251,1.258,1.247,310952100.0,0.0,388945600.0
2022-05-20,1.249,1.243,1.251,1.242,255086500.0,0.0,317890100.0
2022-05-23,1.246,1.247,1.248,1.241,180133300.0,0.0333,224100200.0
2022-05-24,1.245,1.237,1.246,1.235,195010900.0,0.036000000000000004,241799500.0
2022-05-25,1.241,1.248,1.249,1.241,295743600.0,0.0547,368371400.0
2022-05-26,1.256,1.259,1.26,1.253,372927100.0,0.0688,468429000.0
2022-05-27,1.285,1.287,1.295,1.282,203144400.0,0.0374,260967400.00000003
2022-05-30,1.318,1.309,1.318,1.304,172889100.0,0.0318,226547100.0
2022-05-31,1.303,1.304,1.309,1.301,142559900.0,0.0262,186132800.0
2022-06-01,1.305,1.307,1.309,1.303,120927700.0,0.022400000000000003,157939700.0
2022-06-02,1.295,1.292,1.297,1.29,120694700.0,0.0223,156096100.0
2022-06-06,1.289,1.296,1.296,1.286,144531400.0,0.0269,186652400.00000003
2022-06-07,1.292,1.289,1.292,1.285,101382100.0,0.019,130597500.0
2022-06-08,1.305,1.305,1.307,1.302,72695900.0,0.013600000000000001,94833100.0
2022-06-09,1.296,1.294,1.298,1.292,85681500.0,0.016,110955400.00000001
2022-06-10,1.268,1.271,1.273,1.266,137037900.0,0.025699999999999997,173938800.0
2022-06-13,1.23,1.218,1.23,1.215,195898900.0,0.0368,239416300.0
2022-06-14,1.2,1.205,1.206,1.196,305558000.0,0.057300000000000004,367066800.0
2022-06-15,1.196,1.192,1.196,1.187,291758600.0,0.0558,347426700.0
2022-06-16,1.21,1.188,1.21,1.187,216464200.0,0.042,259934000.0
2022-06-17,1.166,1.169,1.173,1.16,224681200.0,0.0443,262352300.0
2022-06-20,1.167,1.167,1.168,1.162,176052600.0,0.0347,204968300.00000003
2022-06-21,1.173,1.181,1.184,1.171,247806300.0,0.048799999999999996,292227900.0
2022-06-22,1.186,1.182,1.19,1.179,195471400.0,0.0382,231377500.0
2022-06-23,1.188,1.19,1.191,1.184,235602100.0,0.0455,279913600.0
2022-06-24,1.198,1.209,1.211,1.198,184278800.0,0.035699999999999996,222113100.0
2022-06-27,1.23,1.235,1.24,1.229,195425300.0,0.0377,241362500.0
2022-06-28,1.235,1.237,1.238,1.228,131290300.0,0.0253,161835800.0
2022-06-29,1.208,1.208,1.214,1.207,122309000.0,0.0233,148026400.0
2022-06-30,1.207,1.195,1.208,1.193,162030300.0,0.031200000000000002,194600700.0
2022-07-01,1.196,1.191,1.198,1.188,138635700.0,0.0265,165232800.0
2022-07-04,1.197,1.206,1.207,1.195,202450900.0,0.0379,243543800.0
2022-07-05,1.213,1.216,1.216,1.21,180927800.0,0.0339,219497700.0
2022-07-06,1.216,1.21,1.218,1.205,178000100.0,0.0327,215553300.00000003
2022-07-07,1.214,1.221,1.223,1.213,198110300.0,0.0364,241355400.0
2022-07-08,1.236,1.23,1.238,1.228,217595000.0,0.039900000000000005,267989800.0
2022-07-11,1.23,1.223,1.23,1.222,165924400.0,0.030299999999999997,203382800.0
2022-07-12,1.219,1.217,1.221,1.215,160764100.0,0.029300000000000003,195748400.0
2022-07-13,1.215,1.217,1.217,1.212,205309000.0,0.0374,249221800.0
2022-07-14,1.21,1.204,1.21,1.201,161766300.0,0.029500000000000002,194891699.99999997
2022-07-15,1.21,1.209,1.215,1.208,164605400.0,0.03,199349800.0
2022-07-18,1.229,1.237,1.238,1.228,191684800.0,0.0349,236362400.00000003
2022-07-19,1.222,1.222,1.224,1.22,181947600.0,0.0332,222399700.0
2022-07-20,1.255,1.259,1.26,1.255,228953700.0,0.0417,287928400.0
2022-07-21,1.261,1.262,1.265,1.258,195463800.0,0.035699999999999996,246499500.0
2022-07-22,1.27,1.271,1.272,1.268,150078200.0,0.0275,190583100.0
2022-07-25,1.258,1.26,1.262,1.257,161242400.0,0.029500000000000002,203040000.0
2022-07-26,1.259,1.259,1.262,1.257,150424400.0,0.0276,189497700.0
2022-07-27,1.259,1.263,1.263,1.258,204483000.0,0.0375,257880600.0
2022-07-28,1.279,1.277,1.281,1.275,158883800.0,0.029300000000000003,202903300.00000003
2022-07-29,1.3,1.304,1.306,1.299,194037000.0,0.035699999999999996,252934300.0
2022-08-01,1.309,1.31,1.313,1.307,303447400.0,0.0555,397646200.0
2022-08-02,1.31,1.306,1.311,1.306,222997600.0,0.039599999999999996,291656200.0
2022-08-03,1.306,1.306,1.307,1.303,195440300.0,0.0346,255130600.0
2022-08-04,1.321,1.319,1.324,1.319,189183300.0,0.0337,249963400.0
2022-08-05,1.322,1.324,1.325,1.32,157487300.0,0.027999999999999997,208375800.00000003
2022-08-08,1.32,1.328,1.328,1.317,339102800.0,0.059699999999999996,448479900.0
2022-08-09,1.32,1.321,1.323,1.319,144012500.0,0.0252,190285700.0
2022-08-10,1.316,1.313,1.317,1.312,163738500.0,0.0287,215162700.0
2022-08-11,1.341,1.342,1.344,1.339,104664400.0,0.0183,140408600.0
2022-08-12,1.338,1.342,1.343,1.338,89816600.0,0.015700000000000002,120400900.0
2022-08-15,1.356,1.361,1.363,1.356,190537300.0,0.0334,259179700.0
2022-08-16,1.372,1.373,1.375,1.371,154776700.0,0.027000000000000003,212639600.0
2022-08-17,1.376,1.374,1.378,1.374,128006200.0,0.022400000000000003,176138700.0
2022-08-18,1.365,1.365,1.369,1.365,161558400.0,0.028900000000000002,220870200.0
2022-08-19,1.373,1.367,1.376,1.367,155722200.0,0.0278,213796000.0
2022-08-22,1.353,1.353,1.357,1.352,189382300.0,0.0339,256707500.0
2022-08-23,1.339,1.335,1.341,1.332,194653700.0,0.0349,260273600.0
2022-08-24,1.334,1.335,1.336,1.327,176817800.0,0.0317,235595400.0
2022-08-25,1.34,1.351,1.352,1.34,143983700.0,0.0258,193781900.0
2022-08-26,1.355,1.358,1.359,1.355,86758100.0,0.0158,117705700.0
2022-08-29,1.311,1.314,1.316,1.3,335463200.0,0.061200000000000004,439613700.0
2022-08-30,1.314,1.318,1.319,1.312,179006900.0,0.0319,235538900.0
2022-08-31,1.302,1.305,1.307,1.302,168458000.0,0.0297,219688800.0
2022-09-01,1.284,1.282,1.285,1.277,186829400.0,0.0329,239306600.0
2022-09-02,1.29,1.295,1.295,1.289,129454400.0,0.0227,167202200.0
2022-09-05,1.281,1.291,1.291,1.281,117527300.0,0.0206,151175700.0
2022-09-06,1.294,1.291,1.294,1.287,183514700.0,0.0322,236634800.0
2022-09-07,1.278,1.281,1.282,1.274,437978100.0,0.0756,559296200.0
2022-09-08,1.303,1.304,1.308,1.302,235639400.0,0.0393,307364200.0
2022-09-09,1.312,1.312,1.315,1.31,183664900.0,0.030600000000000002,241082300.0
2022-09-13,1.338,1.345,1.345,1.338,175377900.0,0.0292,235091500.0
2022-09-14,1.291,1.29,1.293,1.284,420835500.0,0.0701,542604400.0
2022-09-15,1.29,1.291,1.294,1.29,196601300.0,0.0315,253921400.0
2022-09-16,1.273,1.27,1.274,1.268,329388100.0,0.0525,419029800.00000006
2022-09-19,1.271,1.267,1.274,1.266,260402100.0,0.0406,330500700.0
2022-09-20,1.281,1.284,1.285,1.279,189530400.0,0.0291,243235700.0
2022-09-21,1.269,1.267,1.272,1.265,322204400.0,0.048600000000000004,409054400.0
2022-09-22,1.24,1.245,1.248,1.238,432523100.0,0.064,538335400.0
2022-09-23,1.244,1.238,1.244,1.236,135824500.0,0.0195,168314100.0
2022-09-26,1.218,1.216,1.225,1.214,256322300.0,0.0368,312388700.0
2022-09-27,1.22,1.231,1.232,1.22,187307900.0,0.026600000000000002,229490200.0
2022-09-28,1.223,1.216,1.223,1.212,160975400.0,0.0227,195840400.0
2022-09-29,1.239,1.238,1.242,1.233,167834500.0,0.0235,208003800.0
2022-09-30,1.215,1.215,1.219,1.21,251390500.0,0.0358,305236700.0
2022-10-10,1.21,1.207,1.212,1.203,92362500.0,0.0155,111703400.0
2022-10-11,1.209,1.205,1.214,1.205,363083800.0,0.0611,438532200.0
2022-10-12,1.206,1.212,1.213,1.203,181802700.0,0.030600000000000002,219330700.0
2022-10-13,1.202,1.202,1.204,1.2,86429700.0,0.0141,103868700.00000001
2022-10-14,1.228,1.24,1.242,1.228,143970700.0,0.023399999999999997,178070300.0
2022-10-17,1.212,1.216,1.217,1.21,211578100.0,0.0345,256676000.0
2022-10-18,1.243,1.256,1.258,1.24,183021500.0,0.0294,228978000.0
2022-10-19,1.26,1.253,1.264,1.251,199552400.0,0.032,251157000.0
2022-10-20,1.237,1.242,1.244,1.234,178789200.0,0.028399999999999998,221536400.0
2022-10-21,1.232,1.232,1.235,1.229,132189600.0,0.0207,162763300.0
2022-10-24,1.264,1.264,1.271,1.262,235298800.0,0.0363,297749300.0
2022-10-25,1.283,1.288,1.289,1.282,212583900.0,0.032799999999999996,273364600.0
2022-10-26,1.292,1.286,1.296,1.283,263809600.0,0.0403,340069800.00000006
2022-10-27,1.291,1.298,1.299,1.29,299597900.0,0.0463,387793000.0
2022-10-28,1.286,1.275,1.287,1.275,91917200.0,0.0146,117737800.0
2022-10-31,1.315,1.32,1.321,1.315,174364800.0,0.0275,229798500.0
2022-11-01,1.321,1.325,1.326,1.317,216524700.0,0.034,285747800.0
2022-11-02,1.315,1.313,1.317,1.311,154575800.0,0.0241,203101500.0
2022-11-03,1.285,1.288,1.291,1.283,268761400.0,0.0418,346024500.0
2022-11-04,1.275,1.275,1.278,1.268,558701900.0,0.0866,710700800.0
2022-11-07,1.277,1.284,1.284,1.275,306341000.0,0.0507,391915700.0
2022-11-08,1.297,1.297,1.298,1.294,227969100.0,0.038,295583100.0
2022-11-09,1.301,1.302,1.312,1.3,265335800.0,0.0441,346433399.99999994
2022-11-10,1.282,1.283,1.284,1.279,178642000.0,0.0294,229121800.0
2022-11-11,1.349,1.339,1.349,1.328,365379600.0,0.0601,489153600.0
2022-11-14,1.338,1.324,1.34,1.322,238579200.0,0.0395,317064500.0
2022-11-15,1.321,1.326,1.327,1.321,237579600.0,0.039,314639900.0
2022-11-16,1.321,1.336,1.339,1.32,328241400.0,0.053899999999999997,436599300.0
2022-11-17,1.327,1.335,1.336,1.326,198083500.0,0.0323,264006100.0
2022-11-18,1.33,1.326,1.333,1.325,131459300.0,0.0213,174708600.0
2022-11-21,1.328,1.336,1.34,1.327,325534500.0,0.0527,434323500.0
2022-11-22,1.335,1.333,1.341,1.332,166897100.0,0.0269,223128400.0
2022-11-23,1.346,1.351,1.351,1.346,73347000.0,0.0118,98995200.0
2022-11-24,1.362,1.361,1.364,1.36,94617800.0,0.0152,128791100.0
2022-11-25,1.366,1.367,1.367,1.363,92263300.0,0.0148,125917000.0
2022-11-28,1.365,1.361,1.367,1.358,158104100.0,0.0254,215242000.0
2022-11-29,1.349,1.346,1.351,1.342,207236500.0,0.0332,278882800.0
2022-11-30,1.336,1.337,1.339,1.335,174153000.0,0.0279,232780300.0
2022-12-01,1.363,1.363,1.371,1.358,254001900.0,0.0407,346037800.0
2022-12-02,1.354,1.358,1.358,1.354,95830000.0,0.0154,130007900.00000001
2022-12-05,1.345,1.337,1.348,1.334,199827000.0,0.0318,267658400.0
2022-12-06,1.32,1.316,1.321,1.315,250906700.0,0.0398,330666600.00000006
2022-12-07,1.299,1.298,1.302,1.297,288695400.0,0.045899999999999996,375107200.0
2022-12-08,1.29,1.295,1.295,1.289,175182700.0,0.027999999999999997,226414199.99999997
2022-12-09,1.3,1.305,1.305,1.299,138090000.0,0.022099999999999998,179775900.0
2022-12-12,1.292,1.294,1.295,1.292,108782800.0,0.0174,140709000.0
2022-12-13,1.312,1.314,1.315,1.311,136682000.0,0.0219,179426000.0
2022-12-14,1.322,1.325,1.325,1.321,106471600.0,0.0171,140917000.0
2022-12-15,1.314,1.313,1.315,1.31,98104700.0,0.0158,128728100.0
2022-12-16,1.282,1.284,1.285,1.281,192869000.0,0.0302,247407900.0
2022-12-19,1.271,1.27,1.273,1.27,140498600.0,0.0212,178594400.0
2022-12-20,1.26,1.251,1.263,1.246,325035700.0,0.0473,407574000.0
2022-12-21,1.262,1.266,1.267,1.262,178345200.0,0.025099999999999997,225451200.0
2022-12-22,1.282,1.281,1.284,1.281,112589200.0,0.015300000000000001,144390400.0
2022-12-23,1.261,1.266,1.266,1.261,195069800.0,0.0265,246507700.0
2022-12-26,1.27,1.27,1.272,1.269,70495000.0,0.0095,89536000.0
2022-12-27,1.276,1.274,1.277,1.272,80165000.0,0.0108,102176800.0
2022-12-28,1.26,1.26,1.262,1.258,193551700.0,0.026000000000000002,243878600.0
2022-12-29,1.245,1.244,1.248,1.242,205825400.0,0.0277,256176100.0
2022-12-30,1.261,1.255,1.263,1.255,161435300.0,0.0217,203266500.0
2023-01-03,1.25,1.25,1.252,1.246,318296400.0,0.043,397489600.0
2023-01-04,1.247,1.245,1.249,1.243,255371000.0,0.0361,318032900.0
2023-01-05,1.25,1.246,1.251,1.245,355016100.0,0.0533,443052600.0
2023-01-06,1.237,1.238,1.241,1.235,283518400.0,0.0482,350939900.0
2023-01-09,1.254,1.254,1.255,1.251,197558800.0,0.037000000000000005,247437400.00000003
2023-01-10,1.248,1.248,1.249,1.242,287125800.0,0.0574,357545500.0
2023-01-11,1.255,1.256,1.258,1.254,225407000.0,0.0452,283026200.0
2023-01-12,1.264,1.264,1.266,1.262,204898000.0,0.0412,259039000.0
2023-01-13,1.263,1.261,1.263,1.259,110848800.0,0.0225,139741100.0
2023-01-16,1.263,1.262,1.264,1.26,185925000.0,0.0381,234611900.0
2023-01-17,1.264,1.267,1.268,1.263,119361400.0,0.024399999999999998,151152500.0
2023-01-18,1.266,1.273,1.275,1.265,136654800.0,0.0281,173665500.0
2023-01-19,1.25,1.248,1.252,1.248,206032800.0,0.042300000000000004,257536800.0
2023-01-20,1.243,1.25,1.251,1.242,169193700.0,0.0342,210963000.0
2023-01-30,1.284,1.284,1.287,1.283,296452000.0,0.059800000000000006,380899400.0
2023-01-31,1.276,1.273,1.278,1.272,127952400.0,0.026000000000000002,163122900.0
2023-02-01,1.287,1.29,1.29,1.286,155798200.0,0.032,200668200.0
2023-02-02,1.301,1.303,1.304,1.3,132814400.0,0.0274,172868400.0
2023-02-03,1.315,1.314,1.316,1.313,138246800.0,0.0285,181780800.00000003
2023-02-06,1.315,1.309,1.318,1.309,124415300.0,0.0258,163404800.0
2023-02-07,1.312,1.311,1.313,1.31,70803000.0,0.0147,92867200.0
2023-02-08,1.321,1.325,1.326,1.321,150143600.0,0.031200000000000002,198742599.99999997
2023-02-09,1.315,1.32,1.321,1.315,258986000.0,0.0542,341501600.00000006
2023-02-10,1.302,1.302,1.305,1.302,109053700.0,0.0231,142110100.0
2023-02-13,1.304,1.309,1.309,1.304,79724400.0,0.0169,104255600.0
2023-02-14,1.322,1.326,1.326,1.322,116735700.0,0.024700000000000003,154576500.0
2023-02-15,1.325,1.323,1.326,1.322,73663100.0,0.015600000000000001,97497900.00000001
2023-02-16,1.336,1.338,1.339,1.335,94028100.0,0.0199,125698900.0
2023-02-17,1.323,1.316,1.324,1.315,73102100.0,0.0155,96343400.0
2023-02-20,1.317,1.317,1.319,1.315,91438900.0,0.0194,120418000.0
2023-02-21,1.312,1.313,1.314,1.311,65934200.0,0.013999999999999999,86529700.0
2023-02-22,1.293,1.298,1.3,1.293,94819000.0,0.020099999999999996,123054000.0
2023-02-23,1.301,1.3,1.301,1.298,67745500.0,0.0143,88022300.0
2023-02-24,1.303,1.307,1.308,1.302,67353800.0,0.0143,87902000.0
2023-02-27,1.302,1.301,1.304,1.3,73688900.0,0.015600000000000001,95938000.0
2023-02-28,1.307,1.301,1.307,1.299,61302200.0,0.013000000000000001,79766900.0
2023-03-01,1.293,1.291,1.294,1.29,182219000.0,0.038599999999999995,235345099.99999997
2023-03-02,1.282,1.278,1.282,1.274,168538700.0,0.035699999999999996,215275400.0
2023-03-03,1.288,1.292,1.292,1.287,109354900.0,0.023,141078800.0
2023-03-06,1.312,1.316,1.318,1.311,131797300.0,0.0278,173284000.0
2023-03-07,1.321,1.32,1.324,1.32,110534600.0,0.023399999999999997,146088300.0
2023-03-08,1.306,1.304,1.308,1.303,88102500.0,0.0187,115014900.0
2023-03-09,1.305,1.307,1.308,1.303,74465400.0,0.0158,97232900.00000001
2023-03-10,1.279,1.275,1.28,1.273,175494800.0,0.0373,224108600.0
2023-03-13,1.27,1.277,1.278,1.268,248961400.0,0.0529,316623000.0
2023-03-14,1.251,1.251,1.261,1.246,223136100.0,0.0473,279318100.0
2023-03-15,1.27,1.272,1.272,1.268,153525500.0,0.0323,194997800.0
2023-03-16,1.265,1.264,1.271,1.264,117469500.0,0.0248,148922600.0
2023-03-17,1.283,1.281,1.283,1.278,116335300.0,0.0245,149008500.0
2023-03-20,1.275,1.259,1.276,1.256,178063900.0,0.037599999999999995,226098600.0
2023-03-21,1.278,1.281,1.282,1.278,102577400.0,0.0216,131321800.0
2023-03-22,1.293,1.295,1.297,1.293,116689900.0,0.0246,151173600.0
2023-03-23,1.274,1.274,1.277,1.272,187108700.0,0.04019999999999999,238409900.00000003
2023-03-24,1.273,1.276,1.277,1.269,125117000.0,0.0268,159369200.0
2023-03-27,1.287,1.292,1.293,1.287,128223900.0,0.0274,165364600.0
2023-03-28,1.287,1.291,1.292,1.286,82143300.0,0.0176,105843600.0
2023-03-29,1.29,1.296,1.297,1.288,78751300.0,0.0169,101781299.99999999
2023-03-30,1.306,1.305,1.308,1.304,95971900.0,0.0206,125303000.0
2023-03-31,1.311,1.308,1.311,1.307,101424600.0,0.0218,132738100.0
2023-04-03,1.325,1.326,1.327,1.324,91533800.0,0.0197,121353100.0
2023-04-04,1.331,1.334,1.334,1.331,82766700.0,0.0179,110299100.0
2023-04-06,1.322,1.321,1.322,1.319,83875600.0,0.0181,110755300.0
2023-04-07,1.326,1.326,1.327,1.324,94851900.0,0.020499999999999997,125722900.00000001
2023-04-10,1.326,1.325,1.329,1.324,43884300.0,0.0095,58230800.0
2023-04-11,1.331,1.332,1.332,1.33,53849100.0,0.011699999999999999,71683600.0
2023-04-12,1.332,1.33,1.332,1.329,90735200.0,0.019799999999999998,120727200.0
2023-04-13,1.323,1.325,1.326,1.321,86856600.0,0.019299999999999998,114908000.0
2023-04-14,1.338,1.332,1.339,1.331,75990200.0,0.0169,101372300.0
2023-04-17,1.339,1.339,1.341,1.337,53122800.0,0.0118,71140900.0
2023-04-18,1.34,1.341,1.343,1.34,63217200.0,0.0141,84782500.0
2023-04-19,1.342,1.341,1.342,1.34,54069800.0,0.0121,72515400.0
2023-04-20,1.341,1.34,1.344,1.339,86588500.0,0.019299999999999998,116224000.0
2023-04-21,1.336,1.336,1.337,1.334,59406000.0,0.013300000000000001,79368600.0
2023-04-24,1.336,1.334,1.339,1.333,82994400.0,0.018799999999999997,110913700.00000001
2023-04-25,1.339,1.339,1.34,1.338,58312400.0,0.0132,78074700.0
2023-04-26,1.333,1.33,1.335,1.33,116187600.0,0.0264,154651000.0
2023-04-27,1.324,1.323,1.325,1.323,79109000.0,0.018000000000000002,104736000.0
2023-04-28,1.343,1.343,1.345,1.341,123677400.0,0.0281,166126900.0
2023-05-04,1.327,1.331,1.331,1.325,119671400.0,0.027200000000000002,158912700.0
2023-05-05,1.326,1.326,1.327,1.323,66773200.0,0.0152,88467400.0
2023-05-08,1.342,1.344,1.345,1.342,84738300.0,0.0194,113807700.0
2023-05-09,1.344,1.345,1.346,1.344,72154200.0,0.0166,97069599.99999999
2023-05-10,1.343,1.345,1.345,1.341,69583200.0,0.0161,93469000.0
2023-05-11,1.351,1.352,1.354,1.351,109322400.0,0.0253,147855600.0
2023-05-12,1.354,1.353,1.355,1.352,65496000.0,0.0152,88611600.0
2023-05-15,1.349,1.353,1.354,1.348,75374200.0,0.0174,101813200.0
2023-05-16,1.352,1.352,1.354,1.351,58143800.0,0.0134,78632400.0
2023-05-17,1.353,1.355,1.357,1.353,75127100.0,0.0174,101791900.0
2023-05-18,1.369,1.373,1.373,1.368,91898600.0,0.0213,125987300.0
2023-05-19,1.393,1.394,1.399,1.393,349971700.0,0.0808,488620600.0
2023-05-22,1.385,1.388,1.39,1.385,125997900.0,0.028999999999999998,174884800.0
2023-05-23,1.395,1.394,1.399,1.393,110818500.0,0.0253,154623100.0
2023-05-24,1.381,1.381,1.384,1.377,145123700.0,0.0331,200277400.00000003
2023-05-25,1.377,1.38,1.38,1.375,172310200.0,0.0391,237402400.00000003
2023-05-26,1.38,1.379,1.381,1.377,88879300.0,0.02,122570800.0
2023-05-29,1.403,1.407,1.407,1.402,122498200.0,0.0276,171992599.99999997
2023-05-30,1.404,1.413,1.414,1.403,104751300.0,0.0236,147535400.0
2023-05-31,1.406,1.402,1.41,1.4,127081900.0,0.0286,178656300.0
2023-06-01,1.4,1.404,1.405,1.397,86951700.0,0.0195,121787500.0
2023-06-02,1.414,1.412,1.415,1.408,117240500.0,0.0263,165474199.99999997
2023-06-05,1.432,1.438,1.439,1.431,143597300.0,0.0322,205928500.0
2023-06-06,1.434,1.433,1.436,1.432,95790000.0,0.021400000000000002,137359300.0
2023-06-07,1.436,1.44,1.442,1.435,108660600.0,0.0241,156316700.0
2023-06-08,1.436,1.433,1.439,1.432,128019600.0,0.028399999999999998,183735800.00000003
2023-06-09,1.44,1.441,1.445,1.438,176641400.0,0.039,254633300.00000003
2023-06-12,1.448,1.453,1.453,1.448,97743300.0,0.021400000000000002,141872000.0
2023-06-13,1.465,1.471,1.472,1.464,198399800.0,0.0433,291482200.0
2023-06-14,1.478,1.476,1.478,1.474,124212100.0,0.026600000000000002,183331400.0
2023-06-15,1.478,1.472,1.479,1.469,217284500.0,0.0463,320317100.0
2023-06-16,1.482,1.484,1.487,1.481,165627600.0,0.0353,245780500.0
2023-06-19,1.483,1.484,1.484,1.482,76114500.0,0.016200000000000003,112866800.0
2023-06-20,1.484,1.487,1.49,1.484,78751400.0,0.0168,117154500.0
2023-06-21,1.487,1.487,1.49,1.486,120542700.0,0.0256,179390500.0
2023-06-26,1.478,1.482,1.483,1.478,113957900.0,0.0242,168754700.0
2023-06-27,1.478,1.474,1.478,1.472,112617400.0,0.0239,166023400.0
2023-06-28,1.485,1.489,1.49,1.485,110021400.0,0.023399999999999997,163704800.0
2023-06-29,1.494,1.496,1.498,1.494,108948500.0,0.0231,163063000.0
2023-06-30,1.506,1.503,1.507,1.502,132865500.0,0.0281,199933800.0
2023-07-03,1.521,1.522,1.523,1.518,162755000.0,0.034300000000000004,247445800.00000003
2023-07-04,1.52,1.516,1.521,1.516,103951300.0,0.021400000000000002,157947400.0
2023-07-05,1.517,1.515,1.517,1.514,78243700.0,0.0161,118615300.0
2023-07-06,1.517,1.512,1.518,1.511,101275200.0,0.0209,153297600.0
2023-07-07,1.503,1.502,1.507,1.501,168989600.0,0.0348,254041699.99999997
2023-07-10,1.494,1.492,1.496,1.492,82614300.0,0.017,123392000.0
2023-07-11,1.5,1.499,1.502,1.495,83945600.0,0.0173,125831900.0
2023-07-12,1.505,1.506,1.506,1.502,77724000.0,0.016,116907400.0
2023-07-13,1.513,1.516,1.517,1.512,119861600.0,0.024700000000000003,181584500.0
2023-07-14,1.519,1.513,1.519,1.512,113657700.0,0.023399999999999997,172293500.0
2023-07-17,1.515,1.521,1.521,1.514,101564900.0,0.0208,154184200.0
2023-07-18,1.525,1.528,1.529,1.524,86837300.0,0.0178,132566500.0
2023-07-19,1.543,1.552,1.553,1.543,169544100.0,0.0348,262667200.0
2023-07-20,1.549,1.541,1.549,1.54,160504500.0,0.0327,247848000.0
2023-07-21,1.531,1.536,1.537,1.53,128421400.0,0.0259,196982300.0
2023-07-24,1.535,1.541,1.542,1.534,133010500.0,0.026699999999999998,204719300.0
2023-07-25,1.54,1.538,1.54,1.535,153262200.0,0.0305,235640099.99999997
2023-07-26,1.541,1.541,1.542,1.539,80548000.0,0.0159,124061100.0
2023-07-27,1.542,1.545,1.546,1.537,152188000.0,0.029900000000000003,234557100.0
2023-07-28,1.535,1.534,1.537,1.531,183184500.0,0.0356,280991100.0
2023-07-31,1.542,1.539,1.543,1.537,146614300.0,0.0285,225672500.0
2023-08-01,1.546,1.549,1.55,1.545,115780100.0,0.0225,179340900.0
2023-08-02,1.542,1.537,1.543,1.536,172521600.0,0.0336,265534100.0
2023-08-03,1.525,1.523,1.529,1.523,169561600.0,0.033,258874100.0
2023-08-04,1.52,1.526,1.529,1.519,134371700.0,0.0264,204825900.0
2023-08-07,1.517,1.518,1.521,1.517,132726200.0,0.026099999999999998,201557700.0
2023-08-08,1.528,1.529,1.53,1.526,80695600.0,0.0159,123330000.0
2023-08-09,1.528,1.529,1.529,1.525,77976200.0,0.0154,119053900.0
2023-08-10,1.52,1.521,1.521,1.517,67941300.0,0.0134,103234400.0
2023-08-11,1.521,1.522,1.523,1.519,56634400.0,0.011200000000000002,86134800.0
2023-08-14,1.523,1.525,1.525,1.52,107914900.0,0.0213,164310400.0
2023-08-15,1.538,1.541,1.543,1.538,136264200.0,0.0269,210011100.0
2023-08-16,1.528,1.524,1.528,1.522,104273100.0,0.0206,158923700.0
2023-08-17,1.513,1.515,1.517,1.512,133522100.0,0.0263,202204500.0
2023-08-18,1.495,1.497,1.499,1.494,172035000.0,0.034,257391699.99999997
2023-08-21,1.497,1.503,1.503,1.496,229125300.0,0.0453,343838000.0
2023-08-22,1.503,1.509,1.51,1.501,210100400.0,0.0417,316377700.0
2023-08-23,1.507,1.51,1.51,1.506,99943300.0,0.02,150749700.0
2023-08-24,1.528,1.532,1.536,1.527,389114900.0,0.0779,596423900.0
2023-08-25,1.503,1.501,1.504,1.499,115217500.0,0.0227,173088600.0
2023-08-28,1.508,1.515,1.516,1.507,82752400.0,0.0163,125195700.0
2023-08-29,1.523,1.524,1.526,1.521,102996400.0,0.0203,156899300.0
2023-08-30,1.544,1.545,1.547,1.544,108316100.0,0.0213,167450200.0
2023-08-31,1.549,1.553,1.556,1.549,147292100.0,0.028900000000000002,228791000.0
2023-09-01,1.542,1.544,1.547,1.541,77200000.0,0.0151,119258500.0
2023-09-04,1.546,1.547,1.549,1.545,80245500.0,0.015700000000000002,124155900.0
2023-09-05,1.546,1.548,1.55,1.546,61569200.0,0.012,95314200.0
2023-09-06,1.548,1.548,1.55,1.546,68122000.0,0.013300000000000001,105487400.0
2023-09-07,1.538,1.535,1.539,1.535,71421700.0,0.0139,109788900.0
2023-09-08,1.538,1.544,1.545,1.537,81614200.0,0.0158,125779700.0
2023-09-11,1.543,1.536,1.544,1.531,124870700.0,0.0242,191839300.0
2023-09-12,1.539,1.541,1.542,1.538,59676800.0,0.0116,91894100.0
2023-09-13,1.532,1.53,1.533,1.528,112691200.0,0.0218,172364900.00000003
2023-09-14,1.533,1.537,1.538,1.532,89151600.0,0.0173,136897200.0
2023-09-15,1.549,1.548,1.55,1.542,114613100.0,0.022099999999999998,177250600.0
2023-09-18,1.528,1.531,1.533,1.528,75470500.0,0.014499999999999999,115535300.0
2023-09-19,1.531,1.53,1.533,1.529,64151300.0,0.0123,98202800.0
2023-09-20,1.528,1.528,1.53,1.526,68707600.0,0.0132,104991700.0
2023-09-21,1.512,1.512,1.512,1.507,129265000.0,0.0248,195069000.0
2023-09-22,1.489,1.493,1.493,1.488,138695900.0,0.026600000000000002,206750000.0
2023-09-25,1.488,1.49,1.491,1.485,115874600.0,0.0222,172555300.0
2023-09-26,1.489,1.483,1.49,1.483,105065100.0,0.020099999999999996,156163800.0
2023-09-27,1.473,1.475,1.476,1.47,218276700.0,0.0418,321435800.0
2023-09-28,1.477,1.471,1.477,1.47,131651200.0,0.0252,193887400.00000003
2023-10-09,1.472,1.47,1.473,1.466,140412200.0,0.0269,206162200.0
2023-10-10,1.489,1.49,1.49,1.487,86784500.0,0.0166,129144800.0
2023-10-11,1.496,1.499,1.5,1.495,72278900.0,0.0138,108209100.0
2023-10-12,1.507,1.51,1.51,1.507,80813700.0,0.0155,121905500.0
2023-10-13,1.5,1.497,1.5,1.496,85712600.0,0.016399999999999998,128370500.0
2023-10-16,1.492,1.496,1.496,1.492,97911200.0,0.0191,146295100.0
2023-10-17,1.506,1.507,1.507,1.504,75192100.0,0.0147,113195400.00000001
2023-10-18,1.504,1.505,1.508,1.502,112960000.0,0.022099999999999998,170000700.0
2023-10-19,1.493,1.485,1.494,1.482,116206600.0,0.0227,172581900.0
2023-10-20,1.471,1.467,1.472,1.465,213749700.0,0.0417,313750100.0
2023-10-23,1.455,1.457,1.457,1.453,179547400.0,0.0351,261300300.0
2023-10-24,1.453,1.455,1.456,1.448,146260300.0,0.0287,212426400.0
2023-10-25,1.458,1.456,1.46,1.455,60533400.0,0.012,88245900.0
2023-10-26,1.433,1.433,1.435,1.43,144744100.0,0.0288,207356600.0
2023-10-27,1.43,1.433,1.433,1.429,103201700.0,0.020499999999999997,147787900.0
2023-10-30,1.426,1.427,1.427,1.422,99498800.0,0.019799999999999998,141695800.0
2023-10-31,1.432,1.431,1.433,1.428,96718100.0,0.0192,138344800.0
2023-11-01,1.44,1.446,1.447,1.439,108106400.0,0.0215,155905000.0
2023-11-02,1.462,1.463,1.466,1.461,104611700.0,0.0208,153153700.0
2023-11-03,1.485,1.486,1.487,1.484,81032400.0,0.0161,120362200.0
2023-11-06,1.494,1.494,1.496,1.493,78358800.0,0.015600000000000001,117057700.0
2023-11-07,1.492,1.492,1.494,1.49,83850900.0,0.0167,125072500.0
2023-11-08,1.497,1.497,1.499,1.495,63519900.0,0.0127,95077600.0
2023-11-09,1.498,1.505,1.505,1.497,74104000.0,0.0149,111264700.0
2023-11-10,1.495,1.493,1.495,1.49,56700100.0,0.011399999999999999,84601299.99999999
2023-11-13,1.512,1.513,1.514,1.51,95923600.0,0.019299999999999998,144972100.0
2023-11-14,1.512,1.518,1.518,1.511,97665000.0,0.0196,148105100.0
2023-11-15,1.543,1.539,1.544,1.537,92693800.0,0.018600000000000002,142647400.0
2023-11-16,1.538,1.541,1.542,1.535,106385300.0,0.021400000000000002,163653900.0
2023-11-17,1.542,1.54,1.544,1.538,242190900.0,0.0487,373296800.0
2023-11-20,1.532,1.524,1.534,1.523,183039500.0,0.0368,279585300.0
2023-11-21,1.53,1.53,1.533,1.529,52408500.0,0.0105,80237800.0
2023-11-22,1.528,1.528,1.528,1.525,134812400.0,0.0271,205787800.0
2023-11-23,1.534,1.533,1.537,1.531,89212300.0,0.0179,136818400.0
2023-11-24,1.534,1.535,1.536,1.533,43963800.0,0.0088,67484100.0
2023-11-27,1.534,1.534,1.534,1.53,64498300.0,0.013000000000000001,98798700.00000001
2023-11-28,1.533,1.535,1.535,1.533,47147300.0,0.0095,72330400.0
2023-11-29,1.532,1.532,1.533,1.53,52549900.0,0.0106,80490500.0
2023-11-30,1.532,1.531,1.535,1.529,69974100.0,0.0141,107205900.0
2023-12-01,1.535,1.539,1.54,1.535,80256100.0,0.0161,123447000.0
2023-12-04,1.544,1.547,1.548,1.543,94006800.0,0.018799999999999997,145265000.0
2023-12-05,1.539,1.534,1.539,1.534,47320400.0,0.009399999999999999,72759500.0
2023-12-06,1.545,1.546,1.546,1.544,60986200.0,0.012199999999999999,94254599.99999999
2023-12-07,1.536,1.533,1.539,1.533,67472400.0,0.0134,103580200.0
2023-12-08,1.544,1.545,1.547,1.543,84671500.0,0.0168,130842600.0
2023-12-11,1.557,1.559,1.562,1.556,86883000.0,0.0172,135457100.0
2023-12-12,1.566,1.567,1.57,1.565,128646700.0,0.0255,201633200.0
2023-12-13,1.575,1.576,1.579,1.574,103387800.0,0.020499999999999997,163077500.0
2023-12-14,1.594,1.593,1.596,1.591,177381700.0,0.0349,282561500.0
2023-12-15,1.587,1.586,1.589,1.584,135444200.0,0.0263,214910800.00000003
2023-12-18,1.59,1.593,1.593,1.589,72862800.0,0.013999999999999999,115947200.0
2023-12-19,1.598,1.601,1.601,1.597,67975400.0,0.0131,108695500.0
2023-12-20,1.605,1.609,1.61,1.605,111970700.0,0.0215,180050600.0
2023-12-21,1.587,1.588,1.589,1.583,296485500.0,0.056299999999999996,470164700.0
2023-12-22,1.598,1.597,1.599,1.594,98522200.0,0.018799999999999997,157222000.0
2023-12-25,1.6,1.6,1.602,1.598,38799200.0,0.0074,62040300.0
2023-12-26,1.601,1.605,1.606,1.6,117143800.0,0.0223,187859700.0
2023-12-27,1.608,1.608,1.609,1.605,108797600.0,0.0207,174885000.0
2023-12-28,1.61,1.605,1.61,1.603,113178900.0,0.021400000000000002,181858400.0
2023-12-29,1.602,1.603,1.605,1.598,138740000.0,0.0262,222283400.0
2024-01-02,1.6,1.607,1.607,1.6,63547500.0,0.012,101959800.0
2024-01-03,1.597,1.595,1.6,1.595,108467300.0,0.020499999999999997,173260600.0
2024-01-04,1.588,1.589,1.59,1.586,68380900.0,0.0129,108630400.00000001
2024-01-05,1.586,1.582,1.588,1.582,86617200.0,0.0163,137329800.0
2024-01-08,1.586,1.584,1.587,1.583,93161000.0,0.0171,147615500.0
2024-01-09,1.605,1.611,1.611,1.605,197003700.0,0.0344,317031300.0
2024-01-10,1.611,1.61,1.613,1.609,127746000.0,0.0219,205829000.0
2024-01-11,1.62,1.623,1.623,1.619,136857400.0,0.0232,221892300.0
2024-01-12,1.615,1.616,1.616,1.612,92340800.0,0.0155,149069900.0
2024-01-15,1.619,1.624,1.625,1.618,124020300.0,0.0207,201070900.0
2024-01-16,1.619,1.616,1.62,1.616,85398500.0,0.0143,138176700.0
2024-01-17,1.619,1.609,1.62,1.608,217380800.0,0.0361,350979200.0
2024-01-18,1.609,1.61,1.611,1.605,131901300.0,0.0217,212186000.0
2024-01-19,1.623,1.626,1.628,1.622,210883800.0,0.0345,342871900.0
2024-01-22,1.651,1.652,1.655,1.648,326074800.0,0.0527,538244700.0
2024-01-23,1.651,1.656,1.665,1.645,312412100.0,0.049400000000000006,516504600.0
2024-01-24,1.66,1.674,1.688,1.658,248681700.0,0.0387,416181200.0
2024-01-25,1.672,1.666,1.672,1.655,158686000.0,0.024700000000000003,263800300.0
2024-01-26,1.665,1.654,1.671,1.653,217741000.0,0.0338,361309900.0
2024-01-29,1.654,1.661,1.662,1.654,96807500.0,0.015,160492900.0
2024-01-30,1.674,1.681,1.681,1.673,139390100.0,0.0216,233778700.0
2024-01-31,1.67,1.674,1.676,1.666,160287900.0,0.024900000000000002,267863600.0
2024-02-01,1.655,1.66,1.662,1.649,166066400.0,0.0258,274483300.0
2024-02-02,1.677,1.688,1.689,1.677,127089200.0,0.0197,213788700.0
2024-02-05,1.702,1.695,1.703,1.683,175680700.0,0.0271,297280200.0
2024-02-06,1.692,1.695,1.699,1.686,130172500.0,0.02,220149000.0
2024-02-07,1.694,1.701,1.705,1.691,124924500.0,0.0192,212010200.0
2024-02-08,1.715,1.745,1.75,1.715,172530700.0,0.0265,298901800.0
2024-02-19,1.739,1.737,1.741,1.719,97014000.0,0.0149,168324199.99999997
2024-02-20,1.738,1.731,1.739,1.727,73383300.0,0.0113,127020300.0
2024-02-21,1.72,1.717,1.723,1.712,189057900.0,0.028999999999999998,324557100.0
2024-02-22,1.729,1.741,1.742,1.728,93638900.0,0.0144,162574100.0
2024-02-23,1.762,1.766,1.775,1.762,118791000.0,0.0182,210113400.0
2024-02-26,1.764,1.755,1.764,1.752,100377700.0,0.0154,176391100.0
2024-02-27,1.751,1.761,1.764,1.747,147556900.0,0.0226,259525700.0
2024-02-28,1.762,1.783,1.786,1.759,167905800.0,0.025699999999999997,297610300.0
2024-02-29,1.777,1.772,1.778,1.765,224755300.0,0.034300000000000004,397959300.0
2024-03-01,1.782,1.781,1.789,1.78,158604800.0,0.0241,282869600.0
2024-03-04,1.789,1.794,1.796,1.789,125675300.0,0.019,225420099.99999997
2024-03-05,1.784,1.789,1.792,1.781,120073700.0,0.0181,214805000.0
2024-03-06,1.776,1.781,1.784,1.772,170049400.0,0.0255,302389900.0
2024-03-07,1.784,1.776,1.788,1.772,154511800.0,0.0231,275174500.0
2024-03-08,1.791,1.8,1.801,1.791,153365700.0,0.022799999999999997,275511500.0
2024-03-11,1.79,1.794,1.794,1.78,148865400.0,0.022000000000000002,266138100.0
2024-03-12,1.794,1.788,1.799,1.785,139973700.0,0.0206,250544900.00000003
2024-03-13,1.8,1.783,1.8,1.78,141673400.0,0.0208,253649900.00000003
2024-03-14,1.784,1.784,1.784,1.778,75182300.0,0.011000000000000001,133876900.0
2024-03-15,1.778,1.775,1.782,1.774,107242800.0,0.015700000000000002,190751800.0
2024-03-18,1.773,1.781,1.782,1.764,153579500.0,0.022400000000000003,272051800.0
2024-03-19,1.775,1.774,1.78,1.772,117759800.0,0.0172,209153500.0
2024-03-20,1.783,1.79,1.792,1.779,126110900.0,0.0184,225248700.0
2024-03-21,1.801,1.826,1.84,1.8,242357300.0,0.0353,440845400.0
2024-03-22,1.827,1.837,1.852,1.819,235989500.0,0.034300000000000004,434298600.0
2024-03-25,1.838,1.825,1.846,1.816,222664200.0,0.0323,407909900.0
2024-03-26,1.826,1.832,1.833,1.821,104561900.0,0.0151,191047400.00000003
2024-03-27,1.827,1.844,1.848,1.825,128363800.0,0.018600000000000002,235426300.0
2024-03-28,1.851,1.868,1.877,1.848,302836800.0,0.0437,564050700.0
2024-03-29,1.868,1.856,1.899,1.852,363338900.0,0.0524,683046799.9999999
2024-04-01,1.863,1.849,1.886,1.845,199697900.0,0.0288,371698900.0
2024-04-02,1.844,1.842,1.848,1.831,272571100.0,0.039,501474700.0
2024-04-03,1.83,1.802,1.831,1.797,338055200.0,0.0479,612744400.0
2024-04-08,1.807,1.807,1.811,1.791,221078100.0,0.0311,398359500.0
2024-04-09,1.806,1.813,1.819,1.795,260380000.0,0.0364,470570700.0
2024-04-10,1.815,1.81,1.818,1.8,104237100.0,0.014499999999999999,188859700.0
2024-04-11,1.79,1.788,1.793,1.783,167223000.0,0.0232,299127600.0
2024-04-12,1.801,1.802,1.807,1.799,127900200.0,0.0178,230452400.00000003
2024-04-15,1.776,1.783,1.785,1.771,119873600.0,0.0166,213407700.0
2024-04-16,1.76,1.741,1.76,1.74,216022400.0,0.029900000000000003,377589200.0
2024-04-17,1.742,1.734,1.747,1.733,125479200.0,0.0174,218425300.0
2024-04-18,1.725,1.73,1.732,1.723,144333700.0,0.02,249246500.0
2024-04-19,1.71,1.709,1.71,1.693,202928500.0,0.0281,345125600.0
2024-04-22,1.702,1.716,1.716,1.701,169464200.0,0.023399999999999997,289500600.0
2024-04-23,1.722,1.728,1.731,1.719,177976500.0,0.0246,306957400.0
2024-04-24,1.75,1.766,1.768,1.75,186981000.0,0.0259,329559700.0
2024-04-25,1.749,1.739,1.753,1.737,127903000.0,0.0177,222962800.0
2024-04-26,1.754,1.746,1.758,1.745,129061800.0,0.0178,225996500.0
2024-04-29,1.758,1.754,1.76,1.75,100710900.0,0.0139,176655300.0
2024-04-30,1.755,1.758,1.76,1.753,82367500.0,0.011399999999999999,144685800.0
2024-05-06,1.758,1.759,1.76,1.753,92098800.0,0.0127,161668400.0
2024-05-07,1.772,1.777,1.781,1.771,114703500.0,0.0159,203714199.99999997
2024-05-08,1.779,1.784,1.785,1.775,109168400.0,0.0151,194404800.0
2024-05-09,1.786,1.779,1.789,1.779,146631000.0,0.0203,261538400.0
2024-05-10,1.789,1.799,1.8,1.788,87881300.0,0.0121,157798300.0
2024-05-13,1.801,1.807,1.81,1.799,78813900.0,0.0109,142362800.0
2024-05-14,1.801,1.807,1.809,1.797,99186400.0,0.0137,178681900.0
2024-05-15,1.817,1.826,1.827,1.816,109208600.0,0.0151,199126600.0
2024-05-16,1.849,1.85,1.858,1.845,123336500.0,0.017,228477300.0
2024-05-17,1.844,1.844,1.846,1.84,94209000.0,0.013000000000000001,173663400.0
2024-05-20,1.844,1.834,1.85,1.829,186396000.0,0.025699999999999997,342511500.0
2024-05-21,1.836,1.835,1.84,1.832,111318700.0,0.0154,204337599.99999997
2024-05-22,1.84,1.844,1.845,1.837,89798500.0,0.0124,165358600.0
2024-05-23,1.843,1.849,1.853,1.841,133157100.0,0.0184,246087400.00000003
2024-05-24,1.829,1.818,1.829,1.818,158795300.0,0.0219,289723900.0
2024-05-27,1.829,1.834,1.836,1.828,65435200.0,0.009000000000000001,119941500.0
2024-05-28,1.836,1.838,1.841,1.834,57204100.0,0.0079,105029200.0
2024-05-29,1.835,1.829,1.835,1.827,50901100.0,0.006999999999999999,93167500.0
2024-05-30,1.807,1.806,1.817,1.805,93037500.0,0.0128,168493100.0
2024-05-31,1.793,1.807,1.808,1.793,82300100.0,0.0113,148206200.0
2024-06-03,1.826,1.835,1.836,1.825,87575300.0,0.0121,160339700.0
2024-06-04,1.835,1.838,1.838,1.827,77500600.0,0.010700000000000001,142122500.0
2024-06-05,1.841,1.847,1.848,1.84,59044700.0,0.008100000000000001,108923799.99999999
2024-06-06,1.874,1.873,1.88,1.871,98480000.0,0.013600000000000001,184513800.0
2024-06-07,1.87,1.882,1.883,1.87,67820000.0,0.009300000000000001,127227200.0
2024-06-11,1.884,1.889,1.897,1.884,98943300.0,0.013600000000000001,187055400.0
2024-06-12,1.896,1.892,1.898,1.89,114158300.0,0.015700000000000002,216208700.0
2024-06-13,1.908,1.909,1.913,1.906,81867300.0,0.0113,156262500.0
2024-06-14,1.907,1.903,1.909,1.9,104815400.0,0.0144,199476800.0
2024-06-17,1.903,1.893,1.907,1.883,163228800.0,0.0223,308484800.0
2024-06-18,1.906,1.902,1.909,1.899,114927900.0,0.015700000000000002,218732400.00000003
2024-06-19,1.904,1.904,1.907,1.902,63429200.0,0.0086,120798700.00000001
2024-06-20,1.905,1.921,1.922,1.905,75990900.0,0.0104,145252300.0
2024-06-21,1.907,1.914,1.916,1.9,113332000.0,0.0154,216565099.99999997
2024-06-24,1.912,1.91,1.913,1.904,62139000.0,0.0085,118578100.0
2024-06-25,1.901,1.907,1.91,1.898,99203400.0,0.013500000000000002,189012000.0
2024-06-26,1.92,1.933,1.935,1.914,94185200.0,0.0128,181025800.00000003
2024-06-27,1.933,1.948,1.95,1.927,146885100.0,0.0199,285262000.0
2024-06-28,1.955,1.971,1.985,1.955,208754900.0,0.028300000000000002,411417200.0
2024-07-01,1.965,1.967,1.978,1.958,124545500.0,0.0169,245424700.0
2024-07-02,1.975,1.971,1.987,1.969,140508500.0,0.019,277974300.0
2024-07-03,1.99,1.999,2.0,1.989,112119400.0,0.0152,223767300.0
2024-07-04,2.018,1.977,2.035,1.968,255654200.0,0.0346,512772699.99999994
2024-07-05,1.974,1.993,1.996,1.973,133906500.0,0.0181,265391100.0
2024-07-08,2.004,1.999,2.008,1.989,112727500.0,0.0152,225055200.0
2024-07-09,2.001,1.996,2.002,1.993,120707000.0,0.0163,240932800.0
2024-07-10,1.995,1.985,1.996,1.97,131503600.0,0.0178,260874600.0
2024-07-11,1.999,2.004,2.004,1.996,98855100.0,0.013300000000000001,197745900.0
2024-07-12,1.984,1.974,1.984,1.945,170779600.0,0.023,335666700.0
2024-07-15,1.983,2.024,2.025,1.983,197892500.0,0.026699999999999998,397678500.0
2024-07-16,2.029,2.028,2.045,2.015,125318500.0,0.0169,254176800.0
2024-07-17,2.039,2.053,2.067,2.038,179922800.0,0.0242,369343200.0
2024-07-18,2.002,2.027,2.032,1.984,174814500.0,0.0235,351129400.0
2024-07-19,2.01,1.979,2.014,1.977,158337000.0,0.0213,315386100.0
2024-07-22,1.955,1.956,1.965,1.95,137712400.0,0.018500000000000003,269304600.0
2024-07-23,1.979,1.983,1.992,1.978,108170000.0,0.014499999999999999,214517300.0
2024-07-24,1.975,1.968,1.98,1.966,77645200.0,0.0104,153084800.0
2024-07-25,1.912,1.911,1.918,1.9,131102100.0,0.0176,250565400.0
2024-07-26,1.901,1.927,1.929,1.901,92901200.0,0.0125,177838500.0
2024-07-29,1.948,1.972,1.973,1.948,106819000.0,0.0143,209239300.0
2024-07-30,1.963,1.962,1.97,1.947,94417500.0,0.0127,184836699.99999997
2024-07-31,1.959,1.948,1.962,1.94,226801800.0,0.0304,442118200.0
2024-08-01,1.979,1.972,1.98,1.967,134351800.0,0.018000000000000002,265159400.0
2024-08-02,1.928,1.912,1.943,1.908,148630800.0,0.0199,285775700.0
2024-08-05,1.84,1.785,1.84,1.773,333679700.0,0.044800000000000006,603682600.0
2024-08-06,1.813,1.804,1.826,1.799,272355000.0,0.0365,493594100.00000006
2024-08-07,1.807,1.811,1.826,1.803,179087500.0,0.024,325373800.0
2024-08-08,1.793,1.799,1.802,1.782,106880600.0,0.0144,191472400.00000003
2024-08-09,1.836,1.835,1.847,1.83,128506800.0,0.0173,236124000.0
2024-08-12,1.842,1.86,1.861,1.841,135184300.0,0.0182,250633300.00000003
2024-08-13,1.862,1.887,1.891,1.861,117196500.0,0.0158,219812700.0
2024-08-14,1.914,1.922,1.925,1.91,127130500.0,0.0171,243992700.0
2024-08-15,1.936,1.948,1.957,1.93,119846000.0,0.0161,233038900.0
2024-08-16,1.994,1.975,1.996,1.962,195754300.0,0.0263,386697100.0
2024-08-19,1.978,1.942,1.978,1.941,139766900.0,0.018799999999999997,273725400.0
2024-08-20,1.968,1.966,1.974,1.962,84258200.0,0.0113,165657300.0
2024-08-21,1.957,1.967,1.969,1.948,68983700.0,0.009300000000000001,135278800.0
2024-08-22,1.978,1.971,1.993,1.963,148456600.0,0.02,293437600.0
2024-08-23,1.95,1.964,1.965,1.948,89442800.0,0.012,174893300.00000003
2024-08-26,1.988,1.978,1.993,1.97,85183500.0,0.011399999999999999,168536100.0
2024-08-27,1.971,1.978,1.98,1.962,66121400.0,0.0089,130475300.0
2024-08-28,1.982,1.997,2.008,1.975,222779600.0,0.029900000000000003,443932400.0
2024-08-29,1.971,1.974,1.981,1.961,138117300.0,0.018600000000000002,272224400.0
2024-08-30,1.977,1.978,1.983,1.972,76507300.0,0.0103,151214200.0
2024-09-02,1.99,1.999,2.004,1.99,108754900.0,0.0146,217328200.0
2024-09-03,2.001,1.998,2.011,1.992,105945000.0,0.014199999999999999,212181600.0
2024-09-04,1.925,1.919,1.943,1.917,179898500.0,0.0242,347089900.0
2024-09-05,1.933,1.929,1.94,1.923,82536300.0,0.0111,159293400.0
2024-09-06,1.92,1.919,1.925,1.912,88555300.0,0.011899999999999999,169995700.0
2024-09-09,1.894,1.905,1.906,1.884,145973700.0,0.0196,276657000.0
2024-09-10,1.92,1.895,1.927,1.894,167885000.0,0.0225,320438400.0
2024-09-11,1.908,1.899,1.91,1.893,79031900.0,0.0106,150085100.0
2024-09-12,1.927,1.931,1.937,1.923,131880900.0,0.0177,254485000.0
2024-09-13,1.944,1.941,1.95,1.939,131096800.0,0.0176,254941500.0
2024-09-18,1.95,1.939,1.954,1.935,91849100.0,0.0123,178481800.0
2024-09-19,1.944,1.965,1.967,1.942,101268600.0,0.013600000000000001,197650400.0
2024-09-20,1.986,1.97,1.989,1.967,125653000.0,0.0168,248683200.0
2024-09-23,1.974,1.974,1.979,1.969,67194100.0,0.009000000000000001,132631400.0
2024-09-24,1.977,1.96,1.978,1.95,120834200.0,0.016200000000000003,236781200.0
2024-09-25,1.951,1.945,1.954,1.938,123928200.0,0.0166,241034000.0
2024-09-26,1.949,1.948,1.955,1.938,165033200.0,0.022099999999999998,321326400.0
2024-09-27,1.92,1.919,1.934,1.916,98505800.0,0.0132,189629100.0
2024-09-30,1.893,1.908,1.917,1.881,429525000.0,0.0575,816931700.0
2024-10-08,1.886,1.893,1.914,1.879,352808300.0,0.0472,668954200.0
2024-10-09,1.914,1.925,1.929,1.91,296069000.0,0.039599999999999996,568195700.0
2024-10-10,1.943,1.956,1.961,1.943,253020600.0,0.0338,493894400.0
2024-10-11,1.955,1.967,1.97,1.951,173069300.0,0.0231,339865300.0
2024-10-14,1.984,1.988,1.992,1.971,208667600.0,0.0278,413857000.0
2024-10-15,2.005,2.047,2.048,2.005,314485900.0,0.04190000000000001,638535300.0
2024-10-16,2.025,2.024,2.034,2.005,232886300.0,0.031,471282800.0
2024-10-17,2.03,2.045,2.048,2.03,203364500.0,0.027000000000000003,414747400.0
2024-10-18,2.036,2.027,2.041,2.015,307781800.0,0.0409,624928100.0
2024-10-21,2.027,2.018,2.036,2.015,204837100.0,0.027200000000000002,414005100.0
2024-10-22,2.015,2.006,2.015,2.005,153102300.0,0.0203,307483200.0
2024-10-23,2.006,1.999,2.011,1.998,116231700.0,0.0154,232829900.00000003
2024-10-24,1.986,1.991,1.992,1.982,164682700.0,0.0217,327050700.0
2024-10-25,1.992,1.991,1.998,1.99,101986600.0,0.013500000000000002,203282500.0
2024-10-28,2.0,2.012,2.016,1.998,228146800.0,0.03,457702400.0
2024-10-29,2.005,2.005,2.009,2.0,134607600.0,0.0177,269768100.0
2024-10-30,2.016,2.02,2.023,2.012,139527500.0,0.0183,281485200.0
2024-10-31,2.008,1.996,2.008,1.995,104813600.0,0.0138,209557500.0
2024-11-01,1.965,1.971,1.977,1.957,167620100.0,0.022000000000000002,329692600.0
2024-11-04,1.966,1.963,1.972,1.961,153390500.0,0.020099999999999996,301514900.0
2024-11-05,1.96,1.961,1.962,1.953,112493600.0,0.0147,220171800.0
2024-11-06,1.996,2.029,2.03,1.988,333098800.0,0.0435,668346799.9999999
2024-11-07,2.065,2.045,2.079,2.038,381508000.0,0.049699999999999994,785647600.0
2024-11-08,2.047,2.063,2.063,2.047,230907900.0,0.0301,474479100.00000006
2024-11-11,2.065,2.089,2.091,2.065,193511200.0,0.0252,402809900.0
2024-11-12,2.092,2.113,2.126,2.092,280717000.0,0.0364,592152100.0
2024-11-13,2.109,2.095,2.109,2.09,198780200.0,0.0258,416707200.0
2024-11-14,2.097,2.122,2.131,2.097,326090600.0,0.042300000000000004,690847000.0
2024-11-15,2.104,2.088,2.105,2.083,232875300.0,0.0302,488041600.00000006
2024-11-18,2.067,2.102,2.107,2.067,278981200.0,0.0361,582560300.0
2024-11-19,2.102,2.106,2.121,2.098,255881100.0,0.0331,540066100.0
2024-11-20,2.122,2.112,2.123,2.108,173784200.0,0.0225,367150700.0
2024-11-21,2.105,2.107,2.109,2.096,115629600.0,0.015,243073500.0
2024-11-22,2.121,2.128,2.134,2.115,224405400.0,0.028999999999999998,476760500.0
2024-11-25,2.141,2.177,2.178,2.141,343482400.0,0.0444,743479400.0
2024-11-26,2.181,2.181,2.187,2.143,399596300.0,0.051699999999999996,865450100.0
2024-11-27,2.197,2.18,2.236,2.174,509992400.0,0.0659,1127500400.0
2024-11-28,2.173,2.178,2.19,2.16,260102400.0,0.0336,565729800.0
2024-11-29,2.182,2.182,2.188,2.17,214740200.0,0.0277,468217500.0
2024-12-02,2.199,2.199,2.202,2.184,238813400.0,0.0308,523979100.00000006
2024-12-03,2.21,2.217,2.222,2.207,192134800.0,0.0248,425336700.0
2024-12-04,2.22,2.217,2.221,2.208,157098900.0,0.0203,347907500.0
2024-12-05,2.23,2.233,2.235,2.225,156547700.0,0.0202,348941500.0
2024-12-06,2.228,2.228,2.231,2.21,145895400.0,0.018799999999999997,324657600.0
2024-12-09,2.233,2.227,2.233,2.225,136598000.0,0.0176,304320500.0
2024-12-10,2.182,2.207,2.21,2.182,224621100.0,0.028900000000000002,494108200.0
2024-12-11,2.2,2.227,2.229,2.199,211690600.0,0.0273,469439400.0
2024-12-12,2.248,2.232,2.25,2.226,211551600.0,0.027200000000000002,473526900.0
2024-12-13,2.226,2.244,2.246,2.223,150700300.0,0.0194,336943700.0
2024-12-16,2.244,2.274,2.285,2.241,326766900.0,0.0421,741900000.0
2024-12-17,2.501,2.254,2.501,2.047,465567100.0,0.0599,1049725500.0
2024-12-18,2.248,2.229,2.248,2.22,246928500.0,0.0317,550314000.0
2024-12-19,2.149,2.157,2.195,2.149,302456000.0,0.0387,655842100.0000001
2024-12-20,2.155,2.144,2.174,2.12,284051900.0,0.0361,609193000.0
2024-12-23,2.176,2.194,2.2,2.176,272591600.0,0.0345,596921000.0
2024-12-24,2.213,2.186,2.217,2.181,199619300.0,0.0252,439050600.0
2024-12-25,2.198,2.197,2.205,2.191,103530100.0,0.0131,227341300.0
2024-12-26,2.199,2.2,2.2,2.185,93046300.0,0.0118,204243200.0
2024-12-27,2.197,2.191,2.199,2.19,82459000.0,0.0104,180878800.0
2024-12-30,2.17,2.165,2.172,2.161,116509600.0,0.0147,252314600.0
2024-12-31,2.151,2.162,2.178,2.143,160342000.0,0.0202,346082100.0
2025-01-02,2.163,2.183,2.185,2.16,157955900.0,0.0199,343892699.99999994
2025-01-03,2.181,2.17,2.186,2.167,114123700.0,0.0144,248381300.0
2025-01-06,2.188,2.211,2.213,2.188,184899500.0,0.0233,406253300.0
2025-01-07,2.22,2.193,2.238,2.18,300040900.0,0.0378,664862800.0
2025-01-08,2.172,2.19,2.197,2.17,141185100.0,0.0178,308438200.0
2025-01-09,2.193,2.186,2.2,2.184,95548300.0,0.012,209257300.0
2025-01-10,2.181,2.173,2.198,2.172,135275300.0,0.0171,295581000.0
2025-01-13,2.152,2.139,2.16,2.135,112882600.0,0.014199999999999999,242217000.0
2025-01-14,2.152,2.162,2.164,2.146,114990800.0,0.014499999999999999,247714700.0
2025-01-15,2.161,2.158,2.167,2.152,74916900.0,0.009399999999999999,161694800.0
2025-01-16,2.198,2.193,2.2,2.187,118213000.0,0.0149,259124900.00000003
2025-01-17,2.189,2.191,2.192,2.177,65620300.0,0.0083,143488600.0
2025-01-20,2.202,2.201,2.207,2.197,96015400.0,0.0121,211359300.0
2025-01-21,2.202,2.2,2.203,2.193,66200900.0,0.0083,145588000.0
2025-01-22,2.212,2.218,2.22,2.209,92738300.0,0.011699999999999999,205165000.0
2025-01-23,2.225,2.205,2.228,2.204,125912000.0,0.0159,279258200.0
2025-01-24,2.214,2.214,2.22,2.212,99562100.0,0.0125,220647100.0
2025-01-27,2.2,2.196,2.2,2.165,248410800.0,0.0313,542361300.0
2025-02-05,2.191,2.192,2.195,2.178,89492900.0,0.0113,196034700.0
2025-02-06,2.2,2.198,2.203,2.195,71273500.0,0.009000000000000001,156722100.0
2025-02-07,2.198,2.192,2.201,2.187,93473900.0,0.0118,204945900.0
2025-02-10,2.18,2.187,2.188,2.17,101311700.0,0.0128,220606600.0
2025-02-11,2.187,2.183,2.192,2.18,66316900.0,0.0084,144937700.0
2025-02-12,2.183,2.175,2.185,2.17,58402600.0,0.0074,127052099.99999999
2025-02-13,2.179,2.172,2.179,2.165,75659200.0,0.0095,164142500.0
2025-02-14,2.18,2.173,2.184,2.171,91201700.0,0.0115,198616699.99999997
2025-02-17,2.172,2.17,2.172,2.16,75700500.0,0.0095,163890800.00000003
2025-02-18,2.17,2.185,2.189,2.167,69309300.0,0.0087,150851700.0
2025-02-19,2.185,2.176,2.185,2.175,59785400.0,0.0075,130322500.0
2025-02-20,2.18,2.174,2.181,2.173,46470500.0,0.0059,101094200.0
2025-02-21,2.168,2.154,2.168,2.15,121786400.0,0.015300000000000001,262620400.0
2025-02-24,2.118,2.125,2.138,2.112,148129500.0,0.018600000000000002,313781200.0
2025-02-25,2.11,2.094,2.116,2.092,142263900.0,0.0177,298776700.0
2025-02-26,2.092,2.091,2.092,2.077,166649000.0,0.0207,347204200.0
2025-02-27,2.089,2.084,2.089,2.079,136734400.0,0.0169,284837200.0
2025-02-28,2.05,2.032,2.051,2.028,303834300.0,0.0373,619549000.0
2025-03-03,2.052,2.07,2.071,2.052,227909200.0,0.0278,470010600.0
2025-03-04,2.034,2.031,2.034,2.028,163766800.0,0.0199,332659200.0
2025-03-05,2.015,2.024,2.027,2.011,215123700.0,0.026099999999999998,434704500.0
2025-03-06,2.031,2.025,2.034,2.022,122919900.0,0.0149,248988500.0
2025-03-07,2.0,2.001,2.006,1.998,143689200.0,0.0174,287561200.0
2025-03-10,1.998,1.999,2.004,1.995,86861100.0,0.0105,173702599.99999997
2025-03-11,1.937,1.949,1.949,1.931,229853500.0,0.0277,446390700.0
2025-03-12,1.938,1.938,1.941,1.93,165050300.0,0.0199,319446700.0
2025-03-13,1.944,1.932,1.947,1.927,130085500.0,0.015700000000000002,251960400.0
2025-03-14,1.92,1.93,1.931,1.917,195437900.0,0.0236,375685700.0
2025-03-17,1.94,1.929,1.943,1.928,164782900.0,0.019799999999999998,318907600.0
2025-03-18,1.938,1.948,1.949,1.938,209332900.0,0.025,406509400.0
2025-03-19,1.935,1.933,1.935,1.928,81449300.0,0.0097,157344200.0
2025-03-20,1.955,1.981,1.983,1.951,317833400.0,0.0377,625048400.0
2025-03-21,1.979,1.973,1.979,1.962,225609900.0,0.026600000000000002,444398800.0
2025-03-24,1.984,1.999,1.999,1.983,250726500.0,0.0294,498843399.99999994
2025-03-25,2.025,2.017,2.026,2.01,245137100.0,0.0287,494670800.0
2025-03-26,2.028,2.011,2.028,2.008,174617300.0,0.0204,351534900.0
2025-03-27,1.98,1.983,1.986,1.98,162204800.0,0.0189,321567800.0
2025-03-28,1.974,1.963,1.976,1.962,156470500.0,0.0182,307933300.0
2025-03-31,1.91,1.907,1.92,1.906,200172200.0,0.0231,382813900.0
2025-04-01,1.917,1.937,1.939,1.917,224876800.0,0.0258,433956100.0
2025-04-02,1.94,1.937,1.942,1.936,196688800.0,0.022400000000000003,381332100.0
2025-04-03,1.903,1.897,1.912,1.895,341612100.0,0.038599999999999995,649805400.0
2025-04-07,1.707,1.707,1.725,1.707,565543200.0,0.0633,967455000.0
2025-04-08,1.737,1.776,1.793,1.737,508264700.0,0.0564,902064299.9999999
2025-04-09,1.707,1.722,1.729,1.695,742004800.0,0.0824,1270310200.0
2025-04-10,1.881,1.886,1.888,1.831,670170000.0,0.07429999999999999,1258236200.0
2025-04-11,1.807,1.841,1.849,1.802,620956300.0,0.06849999999999999,1132299300.0
2025-04-14,1.864,1.872,1.875,1.857,296373100.0,0.0325,552969800.0
2025-04-15,1.868,1.865,1.869,1.863,151508800.0,0.0166,282637800.0
2025-04-16,1.854,1.842,1.854,1.835,215409400.0,0.0236,397627000.0
2025-04-17,1.831,1.835,1.84,1.826,263281400.0,0.0287,482965500.0
2025-04-18,1.826,1.829,1.832,1.823,92876400.0,0.0101,169737500.0
2025-04-21,1.811,1.806,1.815,1.804,184173400.0,0.02,333078399.99999994
2025-04-22,1.792,1.803,1.804,1.787,220236800.0,0.023799999999999998,394712400.0
2025-04-23,1.846,1.855,1.858,1.842,528281800.0,0.057,976671400.0
2025-04-24,1.855,1.846,1.859,1.846,313739600.0,0.0337,580635100.0
2025-04-25,1.891,1.895,1.898,1.889,377617500.0,0.0404,714619700.0
2025-04-28,1.892,1.901,1.902,1.889,232921200.0,0.024900000000000002,440889300.0
2025-04-29,1.903,1.897,1.907,1.895,213983100.0,0.0229,406460199.99999994
2025-04-30,1.903,1.9,1.903,1.897,169831400.0,0.0182,322624600.0
2025-05-06,1.922,1.918,1.927,1.915,198892000.0,0.021400000000000002,381842600.0
2025-05-07,1.92,1.922,1.925,1.919,131077300.0,0.0141,251884300.0
2025-05-08,1.931,1.94,1.942,1.93,239835800.0,0.0259,464530100.0
2025-05-09,1.94,1.942,1.944,1.937,153470900.0,0.0166,297822400.0
2025-05-12,1.964,1.963,1.966,1.957,237222500.0,0.0256,465200899.99999994
2025-05-13,1.987,1.977,1.987,1.977,274363800.0,0.0294,543745000.0
2025-05-14,1.998,2.013,2.013,1.998,262804800.0,0.027999999999999997,527519500.0
2025-05-15,2.007,1.999,2.007,1.998,174877600.0,0.018600000000000002,350126900.0
2025-05-16,2.007,2.012,2.014,2.007,126202500.0,0.0134,253888000.0
2025-05-19,2.009,2.006,2.015,2.006,208689100.0,0.022099999999999998,419552699.99999994
2025-05-20,2.026,2.025,2.032,2.024,162698700.0,0.0173,329917200.0
2025-05-21,2.019,2.01,2.021,2.009,149748200.0,0.0159,301800200.0
2025-05-22,1.989,1.989,1.994,1.985,254522900.0,0.027000000000000003,506324600.0
2025-05-23,1.987,1.986,1.993,1.983,156113800.0,0.0166,310360100.0
2025-05-26,1.985,1.991,1.992,1.983,119359700.0,0.0127,237213100.0
2025-05-27,1.99,1.997,1.997,1.987,101154800.0,0.0108,201499500.0
2025-05-28,2.015,2.012,2.017,2.011,157452300.0,0.0167,317073400.0
2025-05-29,2.032,2.032,2.036,2.031,258965800.0,0.0275,526612000.0
2025-05-30,2.001,2.004,2.009,1.999,260574400.0,0.0277,522435899.99999994
2025-06-03,2.013,2.01,2.016,2.009,137141000.0,0.0146,275982200.0
2025-06-04,2.026,2.029,2.03,2.023,121057900.0,0.0129,245333000.0
2025-06-05,2.025,2.025,2.027,2.023,152479200.0,0.016200000000000003,308752900.0
2025-06-06,2.018,2.024,2.025,2.016,85033500.0,0.009000000000000001,171815600.0
2025-06-09,2.032,2.035,2.036,2.031,96382300.0,0.0102,195963700.0
2025-06-10,2.042,2.036,2.047,2.033,149392600.0,0.0159,304991800.0
2025-06-11,2.044,2.046,2.046,2.042,104170400.0,0.0111,212936500.0
2025-06-12,2.04,2.04,2.042,2.036,110090200.0,0.011699999999999999,224477700.0
2025-06-13,2.02,2.023,2.025,2.011,222111000.0,0.0236,448583800.0
2025-06-16,2.029,2.038,2.038,2.028,114482200.0,0.0121,232755099.99999997
2025-06-17,2.039,2.038,2.043,2.036,120070700.0,0.0127,244912100.0
2025-06-18,2.033,2.035,2.039,2.032,108906700.0,0.0116,221672400.00000003
2025-06-19,2.028,2.025,2.03,2.022,158390100.0,0.0168,320773900.0
2025-06-20,2.023,2.027,2.03,2.019,95638900.0,0.0101,193698000.0
2025-06-23,2.015,2.025,2.027,2.014,90697100.0,0.0096,183385700.0
2025-06-24,2.051,2.061,2.062,2.048,204586000.0,0.0217,420012000.0
2025-06-25,2.062,2.065,2.066,2.059,171925700.0,0.0182,354755899.99999994
2025-06-26,2.063,2.071,2.072,2.061,154259800.0,0.016399999999999998,318743700.0
2025-06-27,2.08,2.091,2.093,2.08,272412500.0,0.0287,568793100.0
2025-06-30,2.102,2.102,2.104,2.096,162242600.0,0.017,340760800.0
2025-07-01,2.102,2.096,2.104,2.095,127513700.0,0.0134,267681100.0
2025-07-02,2.098,2.11,2.111,2.098,139160800.0,0.0146,292831000.0
2025-07-03,2.114,2.114,2.115,2.109,125442300.0,0.0131,264905099.99999997
2025-07-04,2.125,2.125,2.132,2.122,232559100.0,0.0242,494655899.99999994
2025-07-07,2.121,2.121,2.127,2.118,157903500.0,0.016399999999999998,335143399.99999994
2025-07-08,2.114,2.121,2.121,2.112,154276300.0,0.016,326431300.0
2025-07-09,2.118,2.113,2.118,2.112,127714100.0,0.0132,269936000.0
2025-07-10,2.119,2.121,2.128,2.119,189299700.0,0.0195,402102400.0
2025-07-11,2.124,2.124,2.126,2.122,139023800.0,0.0143,295298400.0
2025-07-14,2.115,2.107,2.116,2.107,268767200.0,0.0276,567341900.0
2025-07-15,2.118,2.131,2.131,2.117,178170600.0,0.0183,378798900.0
2025-07-16,2.117,2.115,2.119,2.114,153931600.0,0.0158,325773500.0
2025-07-17,2.123,2.131,2.135,2.123,225125400.0,0.0231,478820199.99999994
2025-07-18,2.141,2.143,2.146,2.141,103117100.0,0.0106,221116699.99999997
2025-07-21,2.142,2.14,2.142,2.137,149110000.0,0.015300000000000001,318907500.0
2025-07-22,2.138,2.136,2.141,2.135,133690000.0,0.0137,285823600.0
2025-07-23,2.137,2.144,2.144,2.137,125731400.0,0.0129,269212300.0
2025-07-24,2.155,2.153,2.156,2.152,130824600.0,0.0134,281799100.0
2025-07-25,2.157,2.164,2.167,2.156,135598000.0,0.0139,293261600.0
2025-07-28,2.176,2.185,2.187,2.176,182500700.0,0.018600000000000002,398525400.0
2025-07-29,2.183,2.184,2.185,2.173,160962000.0,0.016399999999999998,350776400.0
2025-07-30,2.175,2.18,2.181,2.174,97419200.0,0.01,212245200.0
2025-07-31,2.196,2.202,2.203,2.188,144408000.0,0.0147,317259900.0
2025-08-01,2.17,2.172,2.183,2.169,179138200.0,0.0183,389956000.0
2025-08-04,2.148,2.148,2.158,2.137,294003800.0,0.03,631886600.0
2025-08-05,2.171,2.187,2.187,2.171,174322500.0,0.0178,379750400.0
2025-08-06,2.167,2.174,2.175,2.166,189791200.0,0.0194,411725899.99999994
2025-08-07,2.185,2.174,2.19,2.173,135470700.0,0.0138,295467900.0
2025-08-08,2.176,2.174,2.181,2.169,98857100.0,0.0101,215020400.0
2025-08-11,2.185,2.192,2.194,2.185,147085900.0,0.015,322205100.0
2025-08-12,2.188,2.187,2.191,2.183,101130100.0,0.0103,221215800.00000003
2025-08-13,2.202,2.204,2.207,2.202,83020600.0,0.0085,183018100.0
2025-08-14,2.207,2.203,2.209,2.201,91324800.0,0.009300000000000001,201366600.0
2025-08-15,2.208,2.217,2.218,2.205,92301300.0,0.009399999999999999,204050400.0
2025-08-18,2.209,2.203,2.211,2.201,145710700.0,0.0149,321469500.0
2025-08-19,2.202,2.197,2.203,2.192,103503700.0,0.0106,227386800.0
2025-08-20,2.182,2.185,2.194,2.178,220080700.0,0.022400000000000003,480671500.0
2025-08-21,2.177,2.183,2.194,2.177,190726100.0,0.0194,416738800.0
2025-08-22,2.179,2.17,2.18,2.169,185013600.0,0.0189,402171400.0
2025-08-25,2.197,2.2,2.203,2.194,309122200.0,0.0315,679463300.0
2025-08-26,2.19,2.191,2.193,2.188,83675300.0,0.0085,183275200.0
2025-08-27,2.2,2.206,2.207,2.198,108136300.0,0.011000000000000001,238003800.0
2025-08-28,2.201,2.194,2.203,2.192,153802900.0,0.015700000000000002,337939100.00000006
2025-08-29,2.196,2.195,2.201,2.194,91278900.0,0.009300000000000001,200542300.0
2025-09-01,2.193,2.185,2.193,2.18,119155500.0,0.0121,260374400.0
2025-09-02,2.185,2.187,2.188,2.182,79973500.0,0.008199999999999999,174775800.00000003
2025-09-03,2.177,2.177,2.18,2.173,106030100.0,0.0108,230688500.0
2025-09-04,2.187,2.189,2.192,2.185,86927500.0,0.0089,190254700.0
2025-09-05,2.21,2.204,2.219,2.203,129675100.0,0.0132,285989800.0
2025-09-08,2.195,2.195,2.197,2.191,95184400.0,0.0097,208836000.0
2025-09-09,2.197,2.198,2.2,2.194,135163800.0,0.0138,296827800.0
2025-09-10,2.202,2.207,2.208,2.202,101654400.0,0.0104,224235300.0
2025-09-11,2.21,2.21,2.211,2.206,106329500.0,0.0108,234839300.0
2025-09-12,2.221,2.222,2.224,2.22,113353500.0,0.0116,251905099.99999997
2025-09-15,2.223,2.229,2.23,2.222,99988600.0,0.0102,222659000.0
2025-09-16,2.234,2.238,2.239,2.233,123416000.0,0.0126,276028400.0
2025-09-17,2.235,2.23,2.235,2.227,92267000.0,0.009399999999999999,205754199.99999997
2025-09-18,2.231,2.241,2.243,2.231,140503200.0,0.0143,314534900.0
2025-09-19,2.249,2.252,2.254,2.244,184722700.0,0.018799999999999997,415538200.0
2025-09-22,2.258,2.269,2.271,2.258,181888600.0,0.018500000000000003,412369300.0
2025-09-23,2.283,2.288,2.291,2.282,136479300.0,0.0139,311952900.0
2025-09-24,2.275,2.28,2.28,2.267,138515200.0,0.0141,314996600.0
2025-09-25,2.277,2.27,2.278,2.267,104331200.0,0.0106,237136500.0
2025-09-26,2.264,2.265,2.266,2.256,95678500.0,0.0098,216391400.0
2025-09-29,2.275,2.281,2.282,2.275,111731000.0,0.011399999999999999,254634199.99999997
2025-09-30,2.286,2.284,2.287,2.28,135141300.0,0.0138,308672300.0
2025-10-09,2.304,2.322,2.33,2.304,218795500.0,0.0223,506846900.0
2025-10-10,2.321,2.329,2.333,2.318,156753400.0,0.016,364530700.0
2025-10-13,2.284,2.294,2.318,2.275,548261000.0,0.0559,1254096300.0
2025-10-14,2.306,2.263,2.32,2.254,340470300.0,0.0347,779169100.0
2025-10-15,2.278,2.289,2.29,2.273,138186900.0,0.0141,315208500.0
2025-10-16,2.289,2.285,2.289,2.275,272640200.0,0.0278,621936000.0
2025-10-17,2.269,2.263,2.28,2.261,226690700.0,0.0231,515010100.0
2025-10-20,2.293,2.321,2.323,2.285,250999900.0,0.0256,579052800.0
2025-10-21,2.342,2.326,2.349,2.313,273763400.0,0.0279,638265700.0
2025-10-22,2.325,2.348,2.351,2.32,177566600.0,0.0181,414709500.0
2025-10-23,2.348,2.352,2.359,2.333,197401600.0,0.020099999999999996,463590000.0
2025-10-24,2.367,2.36,2.371,2.352,205090700.0,0.0209,483874200.0
2025-10-27,2.383,2.415,2.418,2.381,254613300.0,0.026000000000000002,611188300.0
2025-10-28,2.433,2.421,2.457,2.412,214690100.0,0.0219,521970100.0
2025-10-29,2.435,2.468,2.469,2.43,207564800.0,0.0212,508267400.0
2025-10-30,2.469,2.473,2.504,2.449,350301400.0,0.035699999999999996,868002800.0
2025-10-31,2.47,2.454,2.479,2.439,209027600.0,0.0213,513387200.0
2025-11-03,2.454,2.479,2.49,2.454,228102800.0,0.0233,565683000.0
2025-11-04,2.479,2.415,2.479,2.407,234053300.0,0.0239,571021800.0
2025-11-05,2.376,2.388,2.389,2.336,266447300.0,0.027200000000000002,630792600.0
2025-11-06,2.4,2.389,2.412,2.385,245536200.0,0.025,589224900.0
2025-11-07,2.365,2.384,2.399,2.36,194988800.0,0.0199,464112000.0
2025-11-10,2.405,2.424,2.436,2.403,203283100.0,0.0207,491739000.0
2025-11-11,2.451,2.43,2.457,2.413,189539400.0,0.019299999999999998,461648500.0
2025-11-12,2.434,2.463,2.464,2.434,204066800.0,0.0208,499866100.0
2025-11-13,2.468,2.488,2.49,2.466,179179100.0,0.0183,444674600.0
2025-11-14,2.447,2.448,2.466,2.441,201330900.0,0.020499999999999997,493740500.0
2025-11-17,2.46,2.454,2.488,2.449,210262000.0,0.021400000000000002,518388900.0
2025-11-18,2.44,2.399,2.44,2.39,195377100.0,0.0199,471412699.99999994
2025-11-19,2.388,2.359,2.405,2.317,408081200.0,0.0416,963669900.0
2025-11-20,2.399,2.413,2.417,2.396,193338000.0,0.0197,464943600.0
2025-11-21,2.366,2.355,2.37,2.334,284316700.0,0.028999999999999998,667176500.0
2025-11-24,2.382,2.39,2.396,2.359,257587800.0,0.0263,611843100.0
2025-11-25,2.435,2.404,2.435,2.395,215081300.0,0.0219,520332400.0
2025-11-26,2.424,2.447,2.449,2.42,224096200.0,0.022799999999999997,545226600.0
2025-11-27,2.46,2.433,2.47,2.43,133025500.0,0.013600000000000001,326656200.0
2025-11-28,2.441,2.463,2.467,2.438,175963600.0,0.0179,431107500.0
2025-12-01,2.462,2.46,2.475,2.443,234086400.0,0.0239,576541300.0
2025-12-02,2.459,2.46,2.468,2.454,122592300.0,0.0125,301511200.0
2025-12-03,2.468,2.469,2.48,2.466,187744900.0,0.0191,463889700.0
2025-12-04,2.474,2.461,2.476,2.456,176766200.0,0.018000000000000002,435409300.0
2025-12-05,2.464,2.451,2.466,2.445,260521600.0,0.026600000000000002,638904400.0
2025-12-08,2.451,2.444,2.452,2.439,143226700.0,0.0146,350060400.0
2025-12-09,2.44,2.42,2.44,2.416,117252900.0,0.012,283732700.0
2025-12-10,2.42,2.443,2.447,2.42,161350000.0,0.016399999999999998,393018000.0
2025-12-11,2.449,2.432,2.46,2.429,153818300.0,0.015700000000000002,375690700.0
2025-12-12,2.45,2.453,2.461,2.441,147131000.0,0.015,360817900.0
2025-12-15,2.437,2.447,2.448,2.429,135379700.0,0.0138,330201300.0
2025-12-16,2.429,2.42,2.438,2.411,123340900.0,0.0126,298956200.0
2025-12-17,2.421,2.435,2.442,2.42,134127800.0,0.0137,325954100.0
2025-12-18,2.412,2.426,2.428,2.41,116228600.0,0.0118,281527400.0
2025-12-19,2.439,2.451,2.456,2.439,151540200.0,0.0154,370941300.0
2025-12-22,2.47,2.456,2.471,2.455,191487300.0,0.0195,471557600.0
2025-12-23,2.463,2.447,2.465,2.444,132927800.0,0.013500000000000002,326302500.0
2025-12-24,2.456,2.455,2.459,2.448,111799500.0,0.011399999999999999,274331500.0
2025-12-25,2.456,2.458,2.464,2.455,111414700.0,0.011399999999999999,274121500.0
2025-12-26,2.461,2.461,2.464,2.453,81791500.0,0.0083,201181300.0
2025-12-29,2.461,2.447,2.465,2.44,113945000.0,0.0116,278960700.0
2025-12-30,2.444,2.439,2.451,2.426,106496600.0,0.0109,259660300.0
2025-12-31,2.436,2.432,2.437,2.426,65588600.0,0.0067,159366700.0
2026-01-05,2.437,2.468,2.469,2.435,133276500.0,0.013600000000000001,327515700.0
2026-01-06,2.47,2.467,2.472,2.455,109696800.0,0.011200000000000002,270270700.0
2026-01-07,2.47,2.465,2.477,2.462,100302700.0,0.0102,247803100.0
2026-01-08,2.465,2.458,2.465,2.455,60872600.0,0.0062,149608400.0
2026-01-09,2.458,2.46,2.46,2.451,72480100.0,0.0074,178078800.0
2026-01-12,2.46,2.458,2.468,2.446,121319600.0,0.0124,298222200.0
2026-01-13,2.458,2.46,2.461,2.454,104558200.0,0.010700000000000001,256912000.0
2026-01-14,2.46,2.452,2.46,2.45,82280600.0,0.0084,201788700.0
2026-01-15,2.44,2.445,2.447,2.434,90969300.0,0.009300000000000001,221936200.0
2026-01-16,2.445,2.455,2.456,2.439,84031600.0,0.0086,205389199.99999997
2026-01-19,2.446,2.441,2.452,2.435,89226600.0,0.0091,217941000.0
2026-01-20,2.44,2.432,2.44,2.43,71874900.0,0.0073,174895400.0
2026-01-21,2.41,2.427,2.437,2.408,146331500.0,0.0149,354995100.0
2026-01-22,2.439,2.459,2.46,2.439,98656800.0,0.0101,241793600.0
2026-01-23,2.463,2.434,2.468,2.431,235476000.0,0.024,575366500.0
2026-01-26,2.433,2.412,2.433,2.41,114789100.0,0.011699999999999999,277478300.0
2026-01-27,2.422,2.424,2.429,2.42,73677500.0,0.0075,178696100.0
2026-01-28,2.432,2.433,2.438,2.426,88987600.0,0.0091,216431200.0
2026-01-29,2.432,2.425,2.437,2.411,86967000.0,0.0089,210615300.0
2026-01-30,2.423,2.439,2.439,2.415,160927400.0,0.016399999999999998,390528600.0
2026-02-02,2.435,2.364,2.435,2.358,244996900.0,0.025,585376600.0
2026-02-03,2.399,2.375,2.405,2.368,245208600.0,0.025,583504300.0
2026-02-04,2.355,2.375,2.38,2.344,108231600.0,0.011000000000000001,256084000.0
2026-02-05,2.369,2.368,2.372,2.352,84309100.0,0.0086,199129900.00000003
2026-02-06,2.34,2.326,2.348,2.324,165429800.0,0.0169,386590800.0
2026-02-09,2.371,2.383,2.384,2.353,189499900.0,0.019299999999999998,448827800.0
2026-02-10,2.384,2.394,2.399,2.378,83906400.0,0.0086,200550800.00000003
2026-02-11,2.395,2.395,2.397,2.384,57500700.0,0.0059,137614900.0
2026-02-12,2.393,2.389,2.4,2.385,87267700.0,0.0089,208980500.0
2026-02-13,2.363,2.382,2.383,2.36,79642300.0,0.008100000000000001,189134500.0
2026-02-24,2.381,2.385,2.391,2.362,94407500.0,0.0096,224565600.0
2026-02-25,2.393,2.382,2.407,2.378,99451600.0,0.0101,237869400.0
2026-02-26,2.391,2.384,2.394,2.379,72344400.0,0.0074,172427200.0
2026-02-27,2.381,2.387,2.391,2.367,67473500.0,0.0069,160348300.0
2026-03-02,2.375,2.358,2.379,2.356,120299500.0,0.0123,284646600.0
2026-03-03,2.36,2.367,2.369,2.359,93460900.0,0.0095,220839400.0
2026-03-04,2.355,2.338,2.355,2.338,85484200.0,0.0087,200477599.99999997
2026-03-05,2.35,2.361,2.364,2.35,128753900.0,0.0131,303552000.0
2026-03-06,2.358,2.35,2.358,2.335,103913200.0,0.0106,243510300.0
2026-03-09,2.306,2.294,2.31,2.28,144454200.0,0.0147,331334300.0
2026-03-10,2.32,2.311,2.325,2.302,123406200.0,0.0126,285001500.0
2026-03-11,2.312,2.313,2.317,2.309,70604800.0,0.0072,163223100.0
2026-03-12,2.304,2.318,2.327,2.3,105692300.0,0.0108,244563900.0
2026-03-13,2.307,2.286,2.307,2.28,129937500.0,0.0132,297833600.0
2026-03-16,2.284,2.279,2.285,2.27,134641900.0,0.0137,306552700.0
2026-03-17,2.286,2.283,2.294,2.279,99019100.0,0.0101,226386400.0
2026-03-18,2.292,2.284,2.296,2.281,128937900.0,0.0131,294979100.0
2026-03-19,2.259,2.259,2.271,2.255,109260500.0,0.0111,247382599.99999997
2026-03-20,2.258,2.244,2.27,2.242,103648300.0,0.0106,234074400.0
2026-03-23,2.225,2.149,2.225,2.13,302526500.0,0.0308,655501500.0
2026-03-24,2.171,2.19,2.195,2.161,231916000.0,0.0236,503666000.0
2026-03-25,2.199,2.213,2.236,2.199,227394000.0,0.0232,504334500.0
2026-03-26,2.222,2.219,2.23,2.215,92178000.0,0.009399999999999999,204841600.0
2026-03-27,2.19,2.209,2.218,2.182,102602700.0,0.0105,225904800.0
2026-03-30,2.159,2.171,2.18,2.156,186220300.0,0.019,403404300.0
2026-03-31,2.168,2.164,2.192,2.16,122851600.0,0.0125,266858600.0
2026-04-01,2.217,2.238,2.244,2.203,190597700.0,0.0194,423326400.0
2026-04-02,2.241,2.206,2.241,2.186,156582800.0,0.016,346061000.0
2026-04-03,2.223,2.206,2.227,2.205,85930600.0,0.0088,190245000.0
2026-04-07,2.209,2.207,2.222,2.206,115843600.0,0.0118,256235800.00000003
2026-04-08,2.261,2.29,2.292,2.257,197305100.0,0.020099999999999996,448561600.00000006
2026-04-09,2.264,2.275,2.289,2.26,117298300.0,0.012,267150000.0
2026-04-10,2.3,2.294,2.312,2.29,100799400.0,0.0103,231876400.0
2026-04-13,2.28,2.281,2.29,2.272,100511900.0,0.0102,229069500.0
2026-04-14,2.314,2.313,2.319,2.305,121848300.0,0.0124,281563900.0
2026-04-15,2.334,2.337,2.352,2.33,136340800.0,0.0138,318993300.0
2026-04-16,2.362,2.365,2.366,2.357,144498700.0,0.0146,341136300.0
2026-04-17,2.365,2.361,2.366,2.354,134805400.0,0.013600000000000001,318013200.0
2026-04-20,2.372,2.36,2.376,2.358,130451400.0,0.0132,308732200.0
2026-04-21,2.37,2.37,2.37,2.355,88868400.0,0.009000000000000001,209948400.0
2026-04-22,2.369,2.373,2.377,2.358,95065100.0,0.0096,224895500.0
2026-04-23,2.378,2.369,2.384,2.365,117981700.0,0.011899999999999999,279918400.0
2026-04-24,2.37,2.366,2.372,2.362,65112400.0,0.0066,154091100.0
2026-04-27,2.383,2.384,2.385,2.373,121304700.0,0.012199999999999999,288835000.0
2026-04-28,2.385,2.407,2.41,2.384,141857200.0,0.0143,340428300.0
2026-04-29,2.4,2.411,2.432,2.395,134828200.0,0.013600000000000001,325480800.0
2026-04-30,2.42,2.419,2.431,2.411,104130800.0,0.0105,251959900.00000003
2026-05-06,2.455,2.454,2.463,2.448,165096800.0,0.0166,404804600.0
2026-05-07,2.469,2.482,2.483,2.469,150224300.0,0.0151,372240000.0
2026-05-08,2.479,2.483,2.484,2.45,123838400.0,0.0125,306273800.0
2026-05-11,2.493,2.492,2.497,2.483,160549000.0,0.016200000000000003,399511400.0
2026-05-12,2.491,2.477,2.491,2.476,117757000.0,0.011899999999999999,292344100.0
2026-05-13,2.475,2.488,2.489,2.469,104232900.0,0.0105,258669500.0
2026-05-14,2.499,2.489,2.507,2.486,114681000.0,0.0115,285769000.0
2026-05-15,2.491,2.48,2.505,2.473,181100400.0,0.0182,450878700.0
2026-05-18,2.44,2.44,2.456,2.433,196760800.0,0.019799999999999998,480784800.00000006
2026-05-19,2.441,2.44,2.452,2.432,116510400.0,0.011699999999999999,284377000.0
2026-05-20,2.427,2.432,2.439,2.417,129522600.0,0.013000000000000001,314089900.0
2026-05-21,2.454,2.452,2.469,2.448,149190400.0,0.015,366944700.0
2026-05-22,2.465,2.485,2.49,2.465,170167200.0,0.0171,422074200.0
2026-05-25,2.531,2.546,2.548,2.515,296329800.0,0.0298,749639900.0
2026-05-26,2.546,2.529,2.56,2.525,145797000.0,0.0147,370062400.0
2026-05-27,2.545,2.541,2.552,2.535,119064100.0,0.012,302954000.0
2026-05-28,2.547,2.524,2.548,2.503,185024200.0,0.018600000000000002,466739400.0
2026-05-29,2.537,2.557,2.558,2.536,164660600.0,0.0166,419622600.0
2026-06-01,2.562,2.625,2.63,2.562,275565100.0,0.0277,717273500.0
2026-06-02,2.636,2.611,2.671,2.591,366445200.0,0.0369,962948700.0
2026-06-03,2.623,2.602,2.634,2.593,164112100.0,0.0165,428875899.99999994
2026-06-04,2.564,2.566,2.575,2.555,142835900.0,0.0144,366198500.0
2026-06-05,2.569,2.568,2.588,2.561,177183500.0,0.0178,456557100.0
2026-06-08,2.499,2.515,2.525,2.49,225261900.0,0.0227,565643200.0
2026-06-09,2.522,2.552,2.554,2.522,162088700.0,0.0163,411308200.0
2026-06-10,2.522,2.515,2.54,2.501,140670500.0,0.014199999999999999,353349300.0
2026-06-11,2.482,2.498,2.503,2.451,182908300.0,0.0184,453591000.0
2026-06-12,2.55,2.515,2.558,2.512,156436800.0,0.0158,396814500.0
2026-06-15,2.555,2.574,2.575,2.554,204362500.0,0.0206,524742699.99999994
2026-06-16,2.581,2.586,2.596,2.576,181549000.0,0.0183,469277699.99999994
2026-06-17,2.581,2.578,2.584,2.571,129394100.0,0.013000000000000001,333463200.0
2026-06-18,2.57,2.564,2.57,2.557,142688500.0,0.0144,365584600.0
2026-06-22,2.569,2.565,2.58,2.549,140705000.0,0.014199999999999999,361067600.0
2026-06-23,2.54,2.505,2.552,2.496,173987200.0,0.0175,438937200.0
2026-06-24,2.501,2.523,2.534,2.486,168622600.0,0.017,422403100.0
2026-06-25,2.528,2.518,2.535,2.506,137545500.0,0.0138,346327699.99999994
2026-06-26,2.5,2.482,2.508,2.461,158690500.0,0.016,393775400.0
2026-06-29,2.492,2.478,2.498,2.469,232515000.0,0.023399999999999997,576619600.0
2026-06-30,2.496,2.483,2.5,2.473,247897000.0,0.025,615749400.0
2026-07-01,2.498,2.491,2.5,2.486,135114000.0,0.013600000000000001,336503700.0
2026-07-02,2.49,2.483,2.502,2.48,142586700.0,0.0143,355300500.0
2026-07-03,2.49,2.503,2.509,2.488,151351100.0,0.0152,378185100.0
2026-07-06,2.507,2.511,2.512,2.496,110843300.0,0.0111,277461500.0
2026-07-07,2.52,2.528,2.529,2.511,153033000.0,0.015300000000000001,385423600.0
2026-07-08,2.528,2.503,2.528,2.502,114288900.0,0.011399999999999999,287046900.0
2026-07-09,2.497,2.515,2.515,2.497,85705900.0,0.0085,214853900.0
2026-07-10,2.525,2.527,2.53,2.521,122934800.0,0.012199999999999999,310549400.0
2026-07-13,2.531,2.522,2.533,2.514,100382700.0,0.01,253261800.0
2026-07-14,2.51,2.54,2.544,2.504,189197900.0,0.018799999999999997,477852900.0
2026-07-15,2.543,2.564,2.566,2.542,167861700.0,0.0167,428732500.0
2026-07-16,2.564,2.577,2.579,2.557,131842300.0,0.0131,339076600.00000006
2026-07-17,2.548,2.503,2.554,2.5,193023900.0,0.0192,487860100.0
2026-07-20,2.503,2.498,2.522,2.491,135175600.0,0.0134,339174400.0
2026-07-21,2.507,2.526,2.543,2.503,210909200.0,0.021,532903300.0
2026-07-22,2.538,2.523,2.551,2.514,150389000.0,0.0149,380796000.0
2026-07-23,2.532,2.524,2.533,2.515,127549000.0,0.0127,321842700.0
2026-07-24,2.5,2.506,2.519,2.496,103375200.0,0.0103,259097900.0
2026-07-27,2.508,2.52,2.521,2.504,114222300.0,0.0113,287055200.0
2026-07-28,2.499,2.484,2.503,2.482,144912200.0,0.0144,360890199.99999994
2026-07-29,2.495,2.511,2.511,2.486,104201500.0,0.0103,260550700.0
2026-07-30,2.49,2.479,2.493,2.473,121102700.0,0.012,300210000.0
2026-07-31,2.522,2.509,2.523,2.506,154194000.0,0.015300000000000001,387383500.0
2026-08-03,2.522,2.533,2.535,2.513,159549600.0,0.0158,402746700.0
2026-08-04,2.563,2.582,2.583,2.562,193429300.0,0.0191,497432600.0
2026-08-05,2.632,2.669,2.671,2.631,323425400.0,0.032,858003200.0000001
2026-08-06,2.658,2.69,2.696,2.618,302890800.0,0.029900000000000003,809923700.0
2026-08-07,2.682,2.695,2.699,2.675,174322100.0,0.0172,468173700.0
