date,open,close,high,low,volume,turnover,amount
2020-09-04,88.488,95.962,101.288,88.488,210840.0,0.0,21068900.0
2020-09-07,96.058,93.291,96.058,91.289,204240.0,0.0,20338500.0
2020-09-08,93.293,95.862,95.956,93.293,102080.0,0.0,10159000.0
2020-09-09,95.858,95.866,95.876,95.848,190130.0,0.0,18933200.0
2020-09-10,95.858,95.876,95.877,95.858,152090.0,0.0,15145800.0
2020-09-11,95.868,95.877,95.879,95.868,208390.0,0.0,20753300.0
2020-09-14,95.828,95.828,95.847,95.828,116180.0,0.0,11566400.000000002
2020-09-15,95.808,95.808,95.817,95.808,184050.0,0.0,18317800.0
2020-09-16,95.803,95.811,95.812,95.803,170660.0,0.0,16984400.0
2020-09-17,95.809,95.82,95.823,95.808,177760.0,0.0,17692200.0
2020-09-18,95.828,95.818,95.833,95.818,191850.0,0.0,19097100.0
2020-09-21,95.818,95.818,95.841,95.788,228540.0,0.0,22750400.0
2020-09-22,95.848,95.817,95.848,95.798,194120.0,0.0,19320100.0
2020-09-23,95.808,95.688,95.822,95.688,178469.0,0.0,17761700.0
2020-09-24,95.688,95.827,95.838,95.688,152030.0,0.0,15133500.0
2020-09-25,95.798,95.798,95.818,95.798,158070.0,0.0,15731600.0
2020-09-28,95.798,95.798,95.812,95.798,156290.0,0.0,15553599.999999998
2020-09-29,93.838,95.808,95.815,93.838,153470.0,0.0,15274000.0
2020-09-30,95.833,95.828,95.837,95.828,154030.0,0.0,15332800.0
2020-10-09,95.868,95.868,95.876,95.868,146624.0,0.0,14601500.0
2020-10-12,95.868,95.857,95.868,95.848,152070.0,0.0,15140700.0
2020-10-13,95.857,95.838,95.857,95.838,175160.0,0.0,17438200.0
2020-10-14,95.868,95.871,95.877,95.868,180850.0,0.0,18009900.0
2020-10-15,95.868,95.868,95.877,95.868,151630.0,0.0,15100000.0
2020-10-16,95.868,95.889,95.897,95.868,175100.0,0.0,17440700.0
2020-10-19,95.838,95.828,95.847,95.827,153250.0,0.0,15255800.0
2020-10-20,93.837,95.738,95.747,93.837,174271.0,0.0,17332000.0
2020-10-21,95.763,95.758,95.767,95.758,151020.0,0.0,15022700.0
2020-10-22,95.808,95.816,95.817,95.808,155810.0,0.0,15507000.0
2020-10-23,95.783,95.779,95.787,95.778,178110.0,0.0,17720900.0
2020-10-26,95.953,95.951,95.957,95.949,172400.0,0.0,17182200.0
2020-10-27,95.898,95.898,95.907,95.898,155230.0,0.0,15463200.0
2020-10-28,95.903,95.927,95.927,95.903,176660.0,0.0,17601600.0
2020-10-29,95.983,95.968,95.987,95.968,160300.0,0.0,15981000.0
2020-10-30,96.268,96.268,96.277,96.268,151650.0,0.0,15162700.0
2020-11-02,95.713,95.798,96.176,95.713,180310.0,0.0,17937400.0
2020-11-03,95.798,96.07,96.188,95.288,148760.0,0.0,14797700.0
2020-11-04,96.293,96.288,96.297,96.288,152670.0,0.0,15267800.0
2020-11-05,96.308,96.308,96.317,96.308,156540.0,0.0,15657900.0
2020-11-06,96.333,96.33,96.337,96.328,157670.0,0.0,15774100.0
2020-11-09,96.298,96.298,96.307,96.298,164520.0,0.0,16454700.0
2020-11-10,96.338,96.336,96.338,96.328,164930.0,0.0,16500500.0
2020-11-11,96.338,96.339,96.347,96.288,166020.0,0.0,16610800.0
2020-11-12,96.348,96.297,96.348,96.288,190600.0,0.0,19061400.0
2020-11-13,96.278,96.277,96.278,96.269,156800.0,0.0,15677700.0
2020-11-16,96.243,96.238,96.247,96.238,160840.0,0.0,16076700.0
2020-11-17,96.238,96.258,96.267,96.238,188050.0,0.0,18800300.0
2020-11-18,96.088,96.268,96.277,96.088,194220.0,0.0,19418400.0
2020-11-19,96.253,96.248,96.257,96.248,174110.0,0.0,17405000.0
2020-11-20,96.258,96.188,96.258,95.253,176740.0,0.0,17653900.0
2020-11-23,96.188,96.267,96.267,96.188,160140.0,0.0,16010100.0
2020-11-24,96.228,96.225,96.228,96.218,173630.0,0.0,17351900.0
2020-11-25,96.253,96.248,96.257,96.248,169410.0,0.0,16935000.0
2020-11-26,96.253,96.248,96.257,96.248,156810.0,0.0,15675700.0
2020-11-27,96.233,96.228,96.237,96.228,156420.0,0.0,15633599.999999998
2020-11-30,96.298,96.298,96.307,96.298,222260.0,0.0,22229500.0
2020-12-01,96.293,96.188,96.297,96.188,231719.99999999997,0.0,23172300.0
2020-12-02,96.188,96.19,96.238,96.188,207100.0,0.0,20690600.0
2020-12-03,96.213,96.209,96.217,96.208,207769.99999999997,0.0,20761500.0
2020-12-04,96.243,96.247,96.248,96.238,220130.00000000003,0.0,22003100.0
2020-12-07,96.273,96.27,96.277,96.268,206130.00000000003,0.0,20610200.0
2020-12-08,96.328,96.318,96.337,96.318,181250.0,0.0,18133300.0
2020-12-09,96.343,96.346,96.347,96.339,157600.0,0.0,15768699.999999998
2020-12-10,96.313,96.316,96.317,96.309,194800.0,0.0,19485000.0
2020-12-11,96.358,96.356,96.367,96.348,218510.0,0.0,21866800.0
2020-12-14,96.383,96.387,96.387,96.378,219750.0,0.0,21996000.0
2020-12-15,96.393,96.387,96.396,96.387,175040.0,0.0,17522400.0
2020-12-16,96.354,96.354,96.362,96.353,160640.0,0.0,16075100.0
2020-12-17,96.398,96.338,96.398,96.338,209619.99999999997,0.0,20974600.0
2020-12-18,96.403,96.338,96.407,96.328,194700.0,0.0,19486500.0
2020-12-21,96.412,96.032,96.412,95.22,175620.0,0.0,17510000.0
2020-12-22,96.032,96.482,96.482,96.032,208810.0,0.0,20821200.0
2020-12-23,96.387,96.384,96.392,96.382,192000.0,0.0,19210600.0
2020-12-24,96.422,96.421,96.422,96.412,190690.0,0.0,19085400.0
2020-12-25,96.442,96.442,96.442,96.433,238900.0,0.0,23915400.0
2020-12-28,96.537,96.54,96.541,96.532,210110.0,0.0,21054300.0
2020-12-29,96.552,96.553,96.561,96.542,140700.0,0.0,14101400.000000002
2020-12-30,96.082,96.646,96.646,96.082,154940.0,0.0,15542400.0
2020-12-31,96.667,96.662,96.671,96.662,136650.0,0.0,13710700.0
2021-01-04,96.662,96.652,96.662,96.652,160540.0,0.0,16106199.999999998
2021-01-05,96.652,96.412,96.652,96.412,190170.0,0.0,19034500.0
2021-01-06,96.422,96.392,96.482,96.382,213769.99999999997,0.0,21389200.0
2021-01-07,96.442,96.45,96.451,96.432,163100.0,0.0,16328699.999999998
2021-01-08,96.342,96.333,96.382,96.332,169400.0,0.0,16941900.0
2021-01-11,96.387,96.182,96.391,96.182,174710.0,0.0,17466800.0
2021-01-12,96.632,96.682,96.691,96.632,131310.0,0.0,13177700.0
2021-01-13,96.702,96.702,96.711,96.632,173440.0,0.0,17409200.0
2021-01-14,96.712,96.717,96.721,96.712,194280.0,0.0,19502800.0
2021-01-15,96.737,96.733,96.741,96.732,193240.0,0.0,19402300.0
2021-01-18,96.932,96.932,96.941,96.932,193260.0,0.0,19442900.0
2021-01-19,96.942,96.95,97.042,96.932,147330.0,0.0,14824500.0
2021-01-20,96.951,96.942,97.022,96.942,198700.0,0.0,19992500.0
2021-01-21,96.972,96.974,96.981,96.962,130450.0,0.0,13129000.0
2021-01-22,96.982,96.984,96.991,96.982,178950.0,0.0,18012300.0
2021-01-26,97.007,97.003,97.011,97.003,178700.0,0.0,17990600.0
2021-01-27,96.962,96.962,96.962,96.962,130.0,0.0,13100.0
2021-01-28,96.971,96.962,96.971,96.962,110.00000000000001,0.0,11100.000000000002
2021-01-29,96.962,96.962,96.962,96.962,20.0,0.0,2000.0
2021-02-01,96.967,96.967,96.971,96.962,163810.0,0.0,16485200.0
2021-02-02,96.991,96.991,96.991,96.983,202300.0,0.0,20362800.0
2021-02-03,97.022,97.024,97.031,97.022,114609.99999999999,0.0,11540600.0
2021-02-04,97.052,97.052,97.052,97.022,140910.0,0.0,14191000.0
2021-02-05,97.082,97.052,97.422,97.052,147020.0,0.0,14812200.0
2021-02-08,97.182,97.13,97.182,97.089,104300.0,0.0,10511600.0
2021-02-09,97.132,97.133,97.139,97.13,196610.0,0.0,19818900.0
2021-02-10,97.132,97.142,97.142,97.132,200.0,0.0,20200.0
2021-02-18,97.132,97.135,97.141,97.132,167210.0,0.0,16855700.0
2021-02-19,97.142,97.142,97.151,97.142,232860.0,0.0,23475800.0
2021-02-22,97.162,97.154,97.162,97.152,133500.0,0.0,13460200.0
2021-02-23,97.182,97.191,97.191,97.182,220800.0,0.0,22269300.0
2021-02-24,97.252,97.243,97.261,97.243,68620.0,0.0,6925100.0
2021-02-25,97.241,97.251,97.252,97.241,140910.0,0.0,14219900.0
2021-02-26,97.253,97.254,97.262,97.253,169100.0,0.0,17066500.0
2021-03-01,97.242,97.282,97.322,97.238,28210.000000000004,0.0,2847500.0
2021-03-02,97.322,97.332,107.337,97.322,99860.0,0.0,10097100.0
2021-03-03,97.352,97.332,97.352,97.332,165630.0,0.0,16730700.0
2021-03-04,97.358,97.504,99.341,97.358,41430.0,0.0,4191500.0
2021-03-05,97.907,97.911,98.814,97.722,135940.0,0.0,13808500.0
2021-03-08,98.222,97.932,98.222,97.442,81500.0,0.0,8273300.0
2021-03-09,97.992,98.082,98.082,97.983,94900.0,0.0,9647100.0
2021-03-10,97.332,97.853,97.932,97.332,172520.0,0.0,17516500.0
2021-03-11,97.862,97.132,97.892,96.852,227300.0,0.0,23042700.0
2021-03-12,97.162,97.191,97.213,97.162,153600.0,0.0,15492400.0
2021-03-15,97.8,97.142,97.8,96.741,139100.0,0.0,14024200.0
2021-03-16,97.759,97.25,97.759,96.332,216719.99999999997,0.0,21870700.0
2021-03-17,97.632,97.132,97.632,97.132,115900.0,0.0,11683900.000000002
2021-03-18,97.083,97.082,97.091,97.082,220000.0,0.0,22166100.0
2021-03-19,97.111,97.103,97.112,97.103,217700.0,0.0,21939100.0
2021-03-22,97.092,97.092,97.092,97.083,135400.0,0.0,13642200.0
2021-03-23,97.232,97.462,97.512,97.232,149530.0,0.0,15120700.0
2021-03-24,97.352,97.361,97.361,97.342,209419.99999999997,0.0,21154600.0
2021-03-25,97.382,97.392,97.392,97.381,99300.0,0.0,10034500.0
2021-03-26,97.382,97.382,97.401,97.372,142400.0,0.0,14390800.0
2021-03-29,97.402,97.402,97.411,97.402,187100.0,0.0,18911100.0
2021-03-30,97.332,97.451,97.452,97.332,200000.0,0.0,20223400.0
2021-03-31,97.463,97.499,97.501,97.463,103700.0,0.0,10488200.0
2021-04-01,97.482,97.483,97.511,97.482,108800.0,0.0,11006099.999999998
2021-04-02,97.452,97.437,97.462,97.437,119300.0,0.0,12063400.0
2021-04-06,97.472,97.48,97.481,97.472,137000.0,0.0,13856500.0
2021-04-07,97.467,97.463,97.471,97.463,187210.0,0.0,18933300.0
2021-04-08,97.652,97.542,97.661,97.542,126500.0,0.0,12815700.0
2021-04-09,97.562,97.552,97.567,97.532,155920.0,0.0,15783599.999999998
2021-04-12,97.491,97.431,97.491,97.332,108320.0,0.0,10956099.999999998
2021-04-13,97.812,96.836,97.812,96.382,119400.0,0.0,12015100.0
2021-04-14,97.222,96.822,97.222,96.654,14200.0,0.0,1425700.0
2021-04-15,97.118,96.801,97.132,96.732,73100.0,0.0,7347200.0
2021-04-16,96.888,96.48,96.888,96.48,115400.0,0.0,11578000.0
2021-04-19,96.992,96.532,96.992,96.532,35000.0,0.0,3512600.0
2021-04-20,96.532,96.552,96.552,96.532,7500.0,0.0,751600.0
2021-04-21,96.79,96.732,97.732,96.633,15200.0,0.0,1535700.0
2021-04-22,97.032,97.532,97.541,96.832,32100.0,0.0,3237700.0
2021-04-23,97.58,97.532,97.58,97.532,310.0,0.0,31400.0
2021-04-26,97.732,97.682,97.732,97.682,3710.0,0.0,376000.0
2021-04-27,97.712,97.712,97.712,97.712,310.0,0.0,31400.0
2021-04-29,97.232,97.232,97.681,97.182,35900.0,0.0,3626100.0
2021-04-30,97.782,97.081,97.782,96.332,15400.0,0.0,1552600.0
2021-05-06,97.682,97.232,97.692,97.182,7100.0,0.0,718800.0
2021-05-07,97.632,97.602,97.632,97.532,2100.0,0.0,212700.0
2021-05-10,97.782,97.787,97.787,97.782,500.0,0.0,50700.0
2021-05-11,98.232,98.042,99.132,97.972,27600.0,0.0,2776000.0
2021-05-12,98.632,98.052,98.632,96.635,2200.0,0.0,220799.99999999997
2021-05-13,98.052,98.141,99.032,98.05,36200.0,0.0,3646700.0
2021-05-14,99.022,97.832,99.022,97.534,57900.0,0.0,5806500.0
2021-05-17,98.632,98.132,99.132,97.848,14510.0,0.0,1468600.0000000002
2021-05-18,98.632,98.12,98.632,98.033,810.0,0.0,81400.0
2021-05-19,98.632,98.1,98.632,98.032,400.0,0.0,40199.99999999999
2021-05-20,98.038,98.031,98.038,98.031,1300.0,0.0,130500.0
2021-05-21,98.011,98.132,98.501,98.011,5150.0,0.0,517600.0
2021-05-24,98.632,98.232,98.632,98.232,400.0,0.0,40300.0
2021-05-25,97.932,98.232,99.132,97.932,19060.0,0.0,1920900.0
2021-05-26,98.132,98.182,98.42,98.132,7800.0,0.0,784000.0
2021-05-27,98.182,98.18,98.182,98.082,1200.0,0.0,120600.0
2021-05-28,98.178,98.342,98.935,98.132,30339.999999999996,0.0,3053300.0
2021-05-31,98.372,98.362,98.372,98.342,1310.0,0.0,132000.0
2021-06-01,98.332,98.352,98.352,98.332,15700.0,0.0,1581300.0
2021-06-02,98.382,98.346,98.382,98.322,1810.0000000000002,0.0,182300.0
2021-06-03,98.38,98.326,98.382,98.326,500.0,0.0,50400.0
2021-06-07,98.332,98.273,98.332,98.273,1200.0,0.0,120800.0
2021-06-08,98.184,98.174,98.184,98.174,1270.0,0.0,127700.0
2021-06-09,97.792,97.8,97.8,97.735,5700.0,0.0,570900.0
2021-06-10,97.79,97.777,97.79,97.777,600.0,0.0,60100.0
2021-06-11,97.942,97.942,97.942,97.942,1400.0,0.0,140400.0
2021-06-15,98.151,98.141,98.151,98.141,2500.0,0.0,251300.0
2021-06-16,98.152,98.142,98.152,98.142,4000.0,0.0,402100.0
2021-06-17,97.665,97.704,97.704,97.665,610.0,0.0,61000.0
2021-06-18,97.634,97.832,98.181,97.634,10400.0,0.0,1044100.0
2021-06-21,98.082,98.082,98.106,98.082,2730.0,0.0,274200.0
2021-06-22,97.834,97.84,97.84,97.834,200.0,0.0,20000.0
2021-06-23,97.634,97.832,97.841,97.634,509.99999999999994,0.0,51100.0
2021-06-24,97.634,97.732,97.732,97.634,300.0,0.0,30000.0
2021-06-25,97.639,97.732,97.732,97.639,6020.0,0.0,602600.0
2021-06-28,97.932,97.892,97.932,97.892,1910.0000000000002,0.0,191600.0
2021-06-29,97.832,97.832,97.832,97.832,300.0,0.0,30099.999999999996
2021-06-30,97.832,97.833,97.833,97.832,400.0,0.0,40100.0
2021-07-01,97.635,98.032,98.152,97.635,5900.0,0.0,592800.0
2021-07-02,98.032,98.012,98.032,98.012,5100.0,0.0,512000.0
2021-07-05,98.032,98.032,98.032,98.032,600.0,0.0,60199.99999999999
2021-07-06,97.932,97.932,97.932,97.852,5900.0,0.0,591400.0
2021-07-07,98.461,98.049,98.461,97.942,2500.0,0.0,251100.0
2021-07-08,98.43,97.932,98.43,97.658,14300.0,0.0,1434900.0
2021-07-09,98.032,98.032,98.032,98.032,1710.0000000000002,0.0,171700.00000000003
2021-07-12,98.032,97.704,98.332,97.704,16000.0,0.0,1608500.0
2021-07-13,98.182,98.232,98.455,98.182,34300.0,0.0,3451000.0
2021-07-14,98.032,98.13,98.819,98.032,5700.0,0.0,572400.0
2021-07-15,98.311,98.065,98.311,98.032,2700.0,0.0,271300.0
2021-07-16,98.329,98.083,98.329,97.735,10500.0,0.0,1055600.0
2021-07-19,98.132,98.252,98.252,98.132,20510.0,0.0,2062400.0
2021-07-20,98.35,98.332,98.372,98.232,15840.0,0.0,1594900.0
2021-07-21,98.232,98.232,98.232,98.232,3200.0,0.0,321900.0
2021-07-23,98.033,98.033,98.033,98.033,100.0,0.0,10000.0
2021-07-28,98.033,98.032,98.033,97.983,1100.0,0.0,110399.99999999999
2021-07-29,98.187,98.087,98.187,98.087,600.0,0.0,60300.0
2021-07-30,98.033,98.033,98.033,98.033,200.0,0.0,20099.999999999996
2021-08-02,97.932,97.981,98.322,97.887,6500.0,0.0,652000.0
2021-08-03,98.322,97.98,98.322,97.933,1410.0,0.0,141500.0
2021-08-04,98.229,97.929,98.229,97.833,11500.0,0.0,1153500.0
2021-08-05,98.031,97.83,98.031,97.732,2104100.0,0.0,210725900.0
2021-08-06,97.832,97.912,97.982,97.832,12210.0,0.0,1224200.0
2021-08-09,97.833,97.882,97.882,97.833,210.0,0.0,21100.0
2021-08-10,97.882,97.952,98.082,97.882,326400.0,0.0,32744899.999999996
2021-08-11,97.922,97.932,98.082,97.922,27500.0,0.0,2760000.0
2021-08-12,97.902,97.902,97.902,97.902,1400.0,0.0,140400.0
2021-08-13,98.028,97.932,98.028,97.932,400.0,0.0,40100.0
2021-08-16,98.854,98.331,99.032,98.132,35400.0,0.0,3562799.9999999995
2021-08-17,98.432,98.382,98.432,98.282,16800.0,0.0,1692100.0
2021-08-18,98.92,98.172,98.92,97.942,12100.0,0.0,1215200.0
2021-08-19,98.732,98.143,98.917,97.846,31220.0,0.0,3137300.0
2021-08-20,97.654,98.102,98.209,97.654,90300.0,0.0,9081400.0
2021-08-23,98.102,98.084,98.132,97.661,6600.0,0.0,662900.0000000001
2021-08-24,98.084,98.033,98.352,97.982,114400.0,0.0,11486400.000000002
2021-08-25,97.832,97.995,98.232,97.832,91910.0,0.0,9235900.0
2021-08-26,98.029,97.888,98.029,97.888,80100.0,0.0,8041799.999999999
2021-08-27,97.892,98.128,98.131,97.892,85700.0,0.0,8612000.0
2021-08-30,98.033,98.032,98.156,98.032,87300.0,0.0,8774500.0
2021-08-31,97.84,97.945,97.945,97.833,87100.0,0.0,8729500.0
2021-09-01,97.672,97.834,97.885,97.66,80600.0,0.0,8080300.0
2021-09-02,97.834,97.835,97.945,97.833,92800.0,0.0,9308800.0
2021-09-03,97.834,97.877,97.877,97.832,98200.0,0.0,9843700.0
2021-09-06,97.833,97.9,97.902,97.832,100020.0,0.0,10024100.0
2021-09-07,97.872,97.907,98.032,97.797,103900.0,0.0,10413699.999999998
2021-09-08,97.982,97.932,98.032,97.887,101200.0,0.0,10156700.0
2021-09-09,98.032,98.144,98.179,98.032,94100.0,0.0,9460600.0
2021-09-10,97.978,97.982,98.022,97.978,91600.0,0.0,9195700.0
2021-09-13,97.982,98.067,98.131,97.982,97700.0,0.0,9813300.0
2021-09-14,97.892,97.983,98.432,97.892,100030.0,0.0,10049500.0
2021-09-15,97.952,97.947,98.072,97.942,112509.99999999999,0.0,11295800.0
2021-09-16,98.032,98.012,98.032,97.897,108200.0,0.0,10861099.999999998
2021-09-17,97.892,97.982,97.982,97.892,101200.0,0.0,10155300.0
2021-09-22,97.832,97.888,97.89,97.832,35100.0,0.0,3518700.0
2021-09-23,98.629,97.887,98.629,97.887,50400.0,0.0,5054700.0
2021-09-24,98.03,98.07,98.072,97.882,53900.0,0.0,5413500.0
2021-09-27,97.982,97.958,98.08,97.942,62700.0,0.0,6297800.0
2021-09-28,97.982,98.124,98.131,97.982,92900.0,0.0,9333900.0
2021-09-29,98.052,97.972,98.081,97.947,80800.0,0.0,8115100.0
2021-09-30,98.082,98.183,98.512,98.082,100900.0,0.0,10157300.0
2021-10-08,98.182,98.132,98.182,98.111,78700.0,0.0,7909200.0
2021-10-11,97.982,98.053,98.432,97.982,93100.0,0.0,9354200.0
2021-10-12,98.082,98.331,98.331,98.082,83200.0,0.0,8371600.0
2021-10-13,98.82,98.282,98.82,98.282,77800.0,0.0,7834100.0
2021-10-14,98.192,98.362,99.082,98.082,156000.0,0.0,15713000.0
2021-10-15,98.182,98.281,98.281,98.134,135300.0,0.0,13605600.0
2021-10-18,98.582,98.502,98.682,98.427,182200.0,0.0,18388700.0
2021-10-19,98.182,98.322,98.432,98.182,203300.0,0.0,20459400.0
2021-10-20,98.482,98.432,98.482,98.333,171200.0,0.0,17255400.0
2021-10-21,98.92,98.582,99.43,98.483,127000.0,0.0,12818400.0
2021-10-22,98.983,98.631,99.187,98.082,105620.0,0.0,10664100.0
2021-10-25,99.015,98.782,99.622,97.892,252340.0,0.0,25495100.000000004
2021-10-26,98.782,99.122,99.793,98.732,212500.0,0.0,21600800.0
2021-10-27,98.632,99.082,100.122,98.632,135300.0,0.0,13713200.0
2021-10-28,100.08,99.252,100.082,98.782,163800.0,0.0,16643900.000000002
2021-10-29,99.232,99.035,100.232,98.551,178600.0,0.0,18107700.0
2021-11-01,99.032,99.332,99.614,98.633,97800.0,0.0,9964400.0
2021-11-02,99.332,98.974,99.632,98.332,114200.0,0.0,11634700.0
2021-11-03,98.982,99.413,99.582,98.412,167900.0,0.0,17111600.0
2021-11-04,99.382,99.431,99.482,99.232,83300.0,0.0,8478400.0
2021-11-05,99.392,99.431,99.482,99.332,114800.0,0.0,11691199.999999998
2021-11-08,99.415,99.432,99.572,99.415,148400.0,0.0,15126300.000000002
2021-11-09,98.782,99.632,99.732,98.782,174710.0,0.0,17820000.0
2021-11-10,99.482,99.434,100.221,99.433,101100.0,0.0,10302100.0
2021-11-11,99.512,99.726,100.432,99.512,216100.0,0.0,22055400.0
2021-11-12,98.982,99.511,99.632,98.982,205700.0,0.0,20973700.0
2021-11-15,99.532,99.18,100.432,99.052,189300.0,0.0,19252800.0
2021-11-16,99.177,98.902,99.177,98.782,209400.0,0.0,21202000.0
2021-11-17,98.902,99.105,99.157,98.632,186200.0,0.0,18881600.0
2021-11-18,98.982,99.107,99.432,98.882,231400.0,0.0,23494300.0
2021-11-19,99.107,99.112,99.532,99.042,212600.0,0.0,21593800.0
2021-11-22,99.092,99.052,99.372,98.954,198710.0,0.0,20166100.0
2021-11-23,99.052,99.112,99.432,99.002,151200.0,0.0,15344500.0
2021-11-24,99.082,99.032,99.082,98.933,165110.0,0.0,16743900.000000002
2021-11-25,99.042,99.06,99.132,99.032,153900.0,0.0,15610200.0
2021-11-26,99.06,99.062,99.412,98.962,173410.0,0.0,17590200.0
2021-11-29,98.982,99.052,99.077,98.482,140300.0,0.0,14225600.0
2021-11-30,99.052,99.091,99.182,98.932,155500.0,0.0,15775400.0
2021-12-01,99.042,99.16,99.622,98.982,157500.0,0.0,15982700.0
2021-12-02,99.162,99.329,99.629,98.932,177700.0,0.0,18067100.0
2021-12-03,99.332,99.227,99.332,99.113,149800.0,0.0,15217700.0
2021-12-06,99.182,99.279,99.432,99.082,164500.0,0.0,16714300.0
2021-12-07,99.272,99.322,99.632,99.178,152400.0,0.0,15502300.0
2021-12-08,99.324,99.272,99.382,99.248,125800.0,0.0,12786700.0
2021-12-09,99.242,99.315,99.385,99.242,213100.0,0.0,21672399.999999996
2021-12-10,99.322,99.292,99.432,99.231,123500.0,0.0,12562700.0
2021-12-13,99.297,99.282,99.722,99.232,194910.0,0.0,19831400.0
2021-12-14,99.292,99.413,99.532,99.292,151600.0,0.0,15437400.0
2021-12-15,99.422,99.317,99.432,99.302,216100.0,0.0,21982000.0
2021-12-16,99.323,99.332,99.588,99.234,241700.0,0.0,24581900.0
2021-12-17,99.342,99.432,99.522,99.307,167700.0,0.0,17062800.0
2021-12-20,99.432,99.302,99.432,99.285,116200.0,0.0,11819500.0
2021-12-21,99.312,99.426,99.56,99.234,240300.0,0.0,24455200.0
2021-12-22,99.432,99.381,99.542,99.292,155300.0,0.0,15798599.999999998
2021-12-23,99.382,99.432,99.582,99.32,186900.0,0.0,19023700.0
2021-12-24,99.442,99.552,99.622,99.433,111800.0,0.0,11387700.0
2021-12-27,99.553,99.433,99.557,99.332,205200.0,0.0,20895200.0
2021-12-28,99.333,99.422,99.432,99.333,99200.0,0.0,10097500.0
2021-12-29,99.391,99.452,99.481,99.35,151000.0,0.0,15375200.0
2021-12-30,99.452,99.482,99.532,99.232,242800.0,0.0,24728000.0
2021-12-31,99.482,99.452,99.482,99.385,132000.0,0.0,13441400.000000002
2022-01-04,99.627,99.454,99.627,99.437,109300.0,0.0,11131000.0
2022-01-05,99.462,99.472,99.632,99.387,108600.0,0.0,11059700.0
2022-01-06,99.482,99.382,99.531,99.382,177200.0,0.0,18050000.0
2022-01-07,99.412,99.477,99.481,99.382,120100.0,0.0,12228200.0
2022-01-10,99.477,99.512,99.531,99.413,121200.0,0.0,12346900.0
2022-01-11,99.522,99.672,100.13,99.477,115600.0,0.0,11791700.0
2022-01-12,99.632,99.724,99.782,99.632,142700.0,0.0,14571600.0
2022-01-13,99.732,99.692,100.432,99.482,139700.0,0.0,14252500.0
2022-01-14,99.692,99.604,99.717,99.482,127600.0,0.0,13010800.0
2022-01-17,99.612,99.722,99.882,99.582,158300.0,0.0,16161700.0
2022-01-18,99.722,99.782,99.832,99.687,123400.0,0.0,12602100.0
2022-01-19,99.742,99.984,100.132,99.742,143900.0,0.0,14740300.0
2022-01-20,99.992,100.058,100.082,99.938,136000.0,0.0,13928900.000000002
2022-01-21,100.052,100.062,100.231,99.582,196100.0,0.0,20076700.0
2022-01-24,100.042,100.032,100.08,99.935,161900.0,0.0,16576800.0
2022-01-25,100.032,100.102,100.132,99.982,118700.0,0.0,12163800.000000002
2022-01-26,100.102,99.967,100.102,99.782,170100.0,0.0,17409700.0
2022-01-27,99.972,99.982,100.182,99.782,128100.0,0.0,13118699.999999998
2022-01-28,99.983,100.282,100.482,99.982,243200.0,0.0,24921400.0
2022-02-07,100.282,100.632,101.307,100.282,129700.0,0.0,13356900.0
2022-02-08,100.642,100.732,101.659,100.182,173500.0,0.0,17881000.0
2022-02-09,100.751,100.847,101.13,100.582,140700.0,0.0,14523000.0
2022-02-10,100.832,100.832,100.946,100.634,141100.0,0.0,14557800.0
2022-02-11,100.811,100.692,100.811,100.582,96700.0,0.0,9970600.0
2022-02-14,100.69,100.902,101.132,100.632,197000.0,0.0,20338400.0
2022-02-15,100.832,100.962,100.981,100.782,169100.0,0.0,17469800.0
2022-02-16,100.982,100.829,100.982,100.705,150850.0,0.0,15564900.0
2022-02-17,100.827,100.851,100.88,100.737,131200.0,0.0,13539300.0
2022-02-18,100.832,100.875,100.931,100.782,137100.0,0.0,14155900.0
2022-02-21,100.866,100.622,100.88,100.622,124700.0,0.0,12862200.0
2022-02-22,100.537,100.531,100.632,100.486,113800.0,0.0,11711700.0
2022-02-23,100.532,100.453,100.532,100.433,86200.0,0.0,8864100.0
2022-02-24,100.433,100.413,100.482,100.345,117400.0,0.0,12063800.000000002
2022-02-25,100.412,100.403,100.472,100.232,117300.0,0.0,12055400.0
2022-02-28,100.282,100.077,100.42,99.982,142800.0,0.0,14653599.999999998
2022-03-01,100.083,100.081,100.28,99.939,247440.0,0.0,25335000.0
2022-03-02,100.082,100.127,100.281,99.982,162900.0,0.0,16692600.0
2022-03-03,100.132,100.135,100.182,100.082,121800.0,0.0,12487300.0
2022-03-04,100.142,100.282,100.282,100.142,151800.0,0.0,15577100.0
2022-03-07,100.281,99.882,100.281,99.259,206000.0,0.0,21049500.0
2022-03-08,99.882,99.949,100.052,99.882,87200.0,0.0,8923100.0
2022-03-09,99.952,100.032,100.232,99.932,85000.0,0.0,8705600.0
2022-03-10,100.032,100.302,100.332,99.982,184100.0,0.0,18890000.0
2022-03-11,100.302,100.57,100.586,100.082,71000.0,0.0,7302400.0
2022-03-14,100.562,100.732,100.732,99.782,94100.0,0.0,9685200.0
2022-03-15,100.732,100.692,100.777,100.635,75300.0,0.0,7760000.0
2022-03-16,100.692,100.582,101.032,100.582,71200.0,0.0,7337600.0
2022-03-17,100.582,100.582,100.681,100.132,121409.99999999999,0.0,12500300.0
2022-03-18,100.582,100.582,100.631,100.492,75000.0,0.0,7721500.0
2022-03-21,100.582,101.283,101.611,100.482,161600.0,0.0,16682600.0
2022-03-22,101.271,100.792,101.271,100.792,54700.0,0.0,5646900.000000001
2022-03-23,100.792,100.783,101.032,100.632,105600.0,0.0,10903200.0
2022-03-24,100.772,100.932,101.01,100.632,75000.0,0.0,7746600.0
2022-03-25,100.932,100.912,100.932,100.823,99200.0,0.0,10242300.0
2022-03-28,100.912,100.96,100.98,100.852,60300.0,0.0,6230400.0
2022-03-29,100.952,100.882,101.032,100.782,43800.0,0.0,4522300.0
2022-03-30,100.882,100.812,100.882,100.802,27600.0,0.0,2847600.0
2022-03-31,100.771,100.912,101.032,100.732,47900.0,0.0,4946600.0
2022-04-01,100.912,100.872,100.912,100.788,42700.0,0.0,4408100.0
2022-04-06,100.932,101.172,101.904,100.932,77900.0,0.0,8058500.0
2022-04-07,101.132,101.032,101.132,100.932,40400.0,0.0,4176200.0
2022-04-08,101.032,101.052,101.092,100.982,40700.0,0.0,4209200.0
2022-04-11,100.933,101.132,101.182,100.933,57100.0,0.0,5909600.0
2022-04-12,101.082,101.072,101.232,101.013,57400.0,0.0,5938800.0
2022-04-13,100.985,101.071,101.072,100.985,45200.0,0.0,4675400.0
2022-04-14,101.032,101.002,101.182,100.932,65900.0,0.0,6812800.0
2022-04-15,100.982,100.781,101.032,100.712,90400.0,0.0,9335800.0
2022-04-18,100.834,100.932,101.232,100.832,33600.0,0.0,3472700.0
2022-04-19,100.932,100.922,100.932,100.882,36800.0,0.0,3801100.0
2022-04-20,100.892,101.032,101.232,100.892,81200.0,0.0,8390300.0
2022-04-21,100.883,100.932,101.031,100.882,59400.0,0.0,6136600.0
2022-04-22,100.932,100.902,101.032,100.881,79400.0,0.0,8199299.999999999
2022-04-25,100.833,100.942,101.232,100.732,105700.0,0.0,10918500.0
2022-04-26,100.907,100.831,100.961,100.632,106500.0,0.0,10999400.0
2022-04-27,101.03,101.132,101.432,100.732,111800.0,0.0,11563000.0
2022-04-28,101.032,101.078,101.331,100.833,80600.0,0.0,8336000.0
2022-04-29,100.932,101.041,101.132,100.901,112700.0,0.0,11654300.0
2022-05-05,100.982,101.132,101.432,100.982,74600.0,0.0,7723200.000000001
2022-05-06,101.132,101.132,101.432,101.092,76700.0,0.0,7937000.0
2022-05-09,101.132,101.052,101.132,101.052,62200.0,0.0,6432900.0
2022-05-10,101.032,101.052,101.072,100.982,60900.0,0.0,6296400.0
2022-05-11,101.053,101.082,101.082,101.042,61300.0,0.0,6339100.0
2022-05-12,101.033,101.072,101.076,100.992,59600.0,0.0,6160300.0
2022-05-13,101.032,101.051,101.052,100.982,62300.0,0.0,6439500.0
2022-05-16,101.022,101.022,101.022,101.021,53400.0,0.0,5521000.0
2022-05-17,101.022,101.078,101.132,100.992,59500.0,0.0,6150500.0
2022-05-18,101.032,101.067,101.067,101.015,53100.0,0.0,5492200.0
2022-05-19,101.032,101.032,101.082,100.992,54000.0,0.0,5581600.0
2022-05-20,101.131,101.004,101.432,100.933,71500.0,0.0,7394299.999999999
2022-05-23,101.045,101.037,101.112,101.012,58800.0,0.0036,6082200.0
2022-05-24,101.032,100.931,101.382,100.812,107200.0,0.0066,11079600.0
2022-05-25,100.912,100.981,100.984,100.632,111400.0,0.0069,11507600.0
2022-05-26,100.933,101.006,101.023,100.932,65300.0,0.004,6750300.0
2022-05-27,101.097,101.041,101.101,101.032,66900.0,0.0040999999999999995,6919500.0
2022-05-30,101.032,101.078,101.078,101.032,53500.0,0.0033,5531900.000000001
2022-05-31,101.051,101.052,101.052,101.051,52800.0,0.0033,5460599.999999999
2022-06-01,101.082,101.092,101.092,101.082,56800.0,0.0034999999999999996,5876500.0
2022-06-02,101.032,101.115,101.182,101.032,66500.0,0.0040999999999999995,6881700.0
2022-06-06,101.033,101.08,101.112,101.032,59000.0,0.0036,6101200.0
2022-06-07,101.062,101.079,101.079,101.061,57300.0,0.0034999999999999996,5926500.0
2022-06-08,101.042,101.116,101.12,101.042,56700.0,0.0034999999999999996,5863500.0
2022-06-09,101.119,101.361,101.732,101.112,66800.0,0.0040999999999999995,6921400.0
2022-06-10,101.382,101.522,101.632,101.382,45300.0,0.0028000000000000004,4704900.0
2022-06-13,101.382,101.532,102.532,101.382,78400.0,0.0048,8144200.0
2022-06-14,101.352,101.365,101.882,101.352,85500.0,0.0053,8877000.0
2022-06-15,101.432,101.472,101.532,101.382,78100.0,0.0048,8109400.000000001
2022-06-16,101.382,101.502,101.732,101.382,107900.0,0.0067,11206099.999999998
2022-06-17,101.612,101.452,101.612,101.452,93800.0,0.0058,9743900.0
2022-06-20,101.352,101.382,101.432,101.352,80700.0,0.005,8372600.0
2022-06-21,101.352,101.352,101.352,101.332,80300.0,0.005,8328700.0
2022-06-22,101.38,101.362,101.382,101.313,82000.0,0.0051,8505800.0
2022-06-23,101.332,101.352,101.372,101.332,85300.0,0.0053,8847200.0
2022-06-24,101.352,101.332,101.352,101.283,83200.0,0.0051,8627900.0
2022-06-27,101.352,101.461,101.622,101.352,115000.0,0.0070999999999999995,11938599.999999998
2022-06-28,100.423,101.417,101.453,100.423,154800.0,0.0095,16047000.0
2022-06-29,101.412,101.268,101.412,101.232,11500.0,0.0007000000000000001,1192600.0
2022-06-30,101.242,101.293,101.332,101.242,75900.0,0.004699999999999999,7864600.0
2022-07-01,101.232,101.292,101.351,101.232,59900.0,0.0037,6207500.0
2022-07-04,101.182,101.222,101.281,101.182,55400.0,0.0034000000000000002,5740000.0
2022-07-05,101.212,101.242,101.242,101.212,54200.0,0.0033,5615700.000000001
2022-07-06,101.272,101.272,101.272,101.272,54000.0,0.0033,5596600.0
2022-07-07,101.252,101.292,101.292,101.252,44600.0,0.0028000000000000004,4621500.0
2022-07-08,101.352,101.332,101.532,101.132,74900.0,0.0046,7764600.0
2022-07-11,101.452,101.263,101.452,101.262,75500.0,0.004699999999999999,7828700.0
2022-07-12,101.332,101.342,101.342,101.332,60700.0,0.0037,6295200.0
2022-07-13,101.401,101.332,101.401,101.283,60800.0,0.0037,6305000.0
2022-07-14,101.379,101.377,101.382,101.265,58300.0,0.0036,6042900.0
2022-07-15,101.382,101.432,101.472,101.382,66800.0,0.0040999999999999995,6935900.0
2022-07-18,101.417,101.362,101.417,101.332,66200.0,0.0040999999999999995,6869800.0
2022-07-19,101.352,101.582,101.682,101.352,102900.0,0.0063,10688200.0
2022-07-20,102.132,101.602,102.132,101.582,192600.0,0.011899999999999999,20026400.0
2022-07-21,101.512,101.512,101.562,101.512,164400.0,0.0101,17077900.0
2022-07-22,101.512,101.512,101.512,101.512,160000.0,0.009899999999999999,16620800.0
2022-07-25,101.432,101.532,101.532,101.432,160700.0,0.009899999999999999,16681300.000000002
2022-07-26,101.482,101.482,101.482,101.481,152600.0,0.009399999999999999,15847500.0
2022-07-27,101.512,101.732,102.032,101.512,183200.0,0.0113,19071100.0
2022-07-28,101.832,101.782,101.832,101.752,160400.0,0.009899999999999999,16705700.0
2022-07-29,101.632,101.633,101.652,101.632,160600.0,0.009899999999999999,16705600.0
2022-08-01,101.634,101.747,101.752,101.634,160300.0,0.009899999999999999,16687200.0
2022-08-02,101.782,101.752,101.782,101.752,160300.0,0.009899999999999999,16695200.0
2022-08-03,101.732,101.732,101.732,101.682,160900.0,0.009899999999999999,16741700.0
2022-08-04,101.752,101.832,102.432,101.752,189900.0,0.011699999999999999,19788200.0
2022-08-05,101.882,101.94,101.942,101.882,160400.0,0.009899999999999999,16721700.0
2022-08-08,101.952,102.059,102.102,101.932,15900.0,0.001,1659100.0
2022-08-09,101.752,102.081,102.432,101.752,38100.0,0.0023,3975899.9999999995
2022-08-10,101.682,101.933,102.042,101.682,250600.0,0.0155,26164899.999999996
2022-08-11,102.032,102.032,102.032,102.032,160000.0,0.009899999999999999,16704000.0
2022-08-12,101.902,102.032,102.232,101.902,199300.0,0.0123,20805100.000000004
2022-08-15,102.032,102.282,103.076,102.032,225300.0,0.0139,23571400.0
2022-08-16,102.082,102.302,102.432,102.082,131300.0,0.008100000000000001,13738900.000000002
2022-08-17,102.182,102.282,102.532,102.182,135600.0,0.0084,14200200.0
2022-08-18,102.142,102.381,103.328,102.142,137600.0,0.0085,14409000.0
2022-08-19,102.382,102.422,102.532,102.382,155900.0,0.0096,16336800.0
2022-08-22,102.532,102.582,102.833,102.532,65200.0,0.004,6841700.0
2022-08-23,101.832,102.532,102.629,101.832,173500.0,0.010700000000000001,18206600.0
2022-08-24,102.572,102.532,102.582,102.532,156000.0,0.0096,16364600.0
2022-08-25,102.482,102.481,102.482,102.432,167700.0,0.0103,17579900.0
2022-08-26,101.752,102.382,102.432,101.752,198500.0,0.012199999999999999,20787900.0
2022-08-29,102.382,102.392,102.392,102.382,148500.0,0.0092,15556900.0
2022-08-30,102.432,102.521,102.632,102.432,174400.0,0.0108,18301100.0
2022-08-31,102.442,102.532,102.732,102.442,193500.0,0.011899999999999999,20309600.0
2022-09-01,102.482,102.512,102.734,102.482,224000.0,0.0138,23497500.0
2022-09-02,102.482,102.434,102.531,102.434,200700.0,0.0124,21045400.0
2022-09-05,102.432,102.483,102.622,102.432,229300.0,0.014199999999999999,24063300.0
2022-09-06,102.482,102.542,102.882,102.482,238300.0,0.0147,25003700.0
2022-09-07,102.483,102.42,102.483,102.352,217600.0,0.013500000000000002,22797700.0
2022-09-08,102.422,102.482,102.622,102.422,249200.0,0.0154,26146100.0
2022-09-09,102.432,102.522,102.522,102.383,207800.0,0.0129,21777300.0
2022-09-13,102.522,102.532,102.732,102.432,17500.0,0.0011,1835300.0
2022-09-14,102.622,102.451,102.722,102.382,223000.0,0.0138,23374600.0
2022-09-15,102.412,102.432,102.481,102.392,204200.0,0.0129,21392100.0
2022-09-16,102.343,102.425,102.432,102.342,204600.0,0.0129,21425900.0
2022-09-19,102.132,102.232,102.582,102.132,208700.0,0.0132,21842399.999999996
2022-09-20,102.032,102.302,102.332,101.832,202300.0,0.0128,21176700.0
2022-09-21,101.932,102.081,102.382,101.932,2490000.0,0.1573,260257599.99999997
2022-09-22,101.522,102.08,102.092,101.522,220400.0,0.0139,23020300.000000004
2022-09-23,102.212,102.112,102.212,102.112,214300.0,0.013600000000000001,22390700.0
2022-09-26,102.322,102.032,102.322,101.832,231800.0,0.0147,24219100.0
2022-09-27,102.122,101.882,102.122,101.882,243400.0,0.0154,25395900.0
2022-09-28,102.032,101.981,102.132,101.932,211800.0,0.0134,22101500.0
2022-09-29,101.932,101.932,101.982,101.932,202700.0,0.0129,21151600.0
2022-09-30,101.872,101.961,101.961,101.872,200300.0,0.0127,20893400.0
2022-10-10,102.432,102.102,102.432,101.532,201100.0,0.0128,21008800.0
2022-10-11,102.103,102.094,102.132,102.094,205200.0,0.013000000000000001,21439400.0
2022-10-12,102.112,102.082,102.132,102.082,211700.0,0.0134,22118600.0
2022-10-13,102.072,102.132,102.443,102.072,236600.0,0.0151,24723200.0
2022-10-14,102.032,102.132,102.132,102.032,205700.0,0.0131,21493600.0
2022-10-17,102.092,102.132,102.132,102.092,200100.0,0.0127,20910400.0
2022-10-18,102.182,102.182,102.182,102.182,200000.0,0.0127,20910000.0
2022-10-19,102.132,102.092,102.132,102.092,208200.0,0.013300000000000001,21756700.0
2022-10-20,101.532,102.151,102.152,101.432,217200.0,0.0139,22691100.0
2022-10-21,102.182,102.162,102.222,102.132,255100.0,0.0163,26671800.0
2022-10-24,102.132,102.162,102.172,102.132,251000.0,0.016,26231000.0
2022-10-25,102.252,102.209,102.252,102.133,211500.0,0.013500000000000002,22112700.0
2022-10-26,102.209,102.192,102.232,102.172,224800.0,0.0144,23507100.0
2022-10-27,102.232,102.352,112.632,102.182,273600.0,0.0175,28642600.000000004
2022-10-28,101.732,102.157,102.234,101.332,263100.0,0.0169,27507100.0
2022-10-31,102.082,102.282,102.434,102.082,221500.0,0.014199999999999999,23175800.0
2022-11-01,102.282,102.282,102.372,102.282,595400.0,0.0382,62354700.0
2022-11-02,102.212,102.192,102.232,102.165,599400.0,0.0385,62681500.0
2022-11-03,102.182,102.242,102.332,102.182,592500.0,0.0381,61989900.0
2022-11-04,102.282,102.232,102.282,102.232,589600.0,0.0379,61687000.0
2022-11-07,102.282,102.292,102.332,102.262,611300.0,0.0393,63981600.0
2022-11-08,102.282,102.342,103.132,102.282,549400.0,0.0354,57533300.0
2022-11-09,102.352,102.302,102.487,102.252,693800.0,0.0447,72646000.0
2022-11-10,102.282,102.282,102.53,102.282,691800.0,0.0446,72446500.0
2022-11-11,102.332,102.132,102.482,102.132,666300.0,0.0429,69768200.0
2022-11-14,102.152,102.102,102.632,102.034,696200.0,0.0449,72724400.0
2022-11-15,102.112,102.182,102.532,102.112,707000.0,0.045599999999999995,73960800.0
2022-11-16,102.183,102.235,102.432,102.183,372800.0,0.0241,39021500.0
2022-11-17,102.232,102.232,102.433,102.232,855900.0,0.0553,89549400.0
2022-11-18,102.332,102.282,102.431,102.282,764500.0,0.049400000000000006,80052100.0
2022-11-21,102.282,102.322,102.432,102.282,788200.0,0.051,82503100.0
2022-11-22,102.232,102.184,102.832,102.182,818600.0,0.053,85625500.0
2022-11-23,102.277,102.292,102.302,102.277,679000.0,0.044000000000000004,71066000.0
2022-11-24,102.332,102.432,103.132,102.232,764100.0,0.0495,80072700.0
2022-11-25,102.282,102.407,102.732,102.282,719400.0,0.0467,75370200.0
2022-11-28,102.392,102.352,102.732,102.352,693500.0,0.045,72643100.0
2022-11-29,102.144,102.382,102.732,102.144,691500.0,0.0449,72450200.0
2022-11-30,102.382,102.531,102.732,102.382,705900.0,0.045899999999999996,74027600.0
2022-12-01,102.322,102.412,102.732,102.322,707700.0,0.046,74170200.0
2022-12-02,102.144,102.442,102.732,102.144,743600.0,0.0484,77934400.0
2022-12-05,102.232,102.582,102.732,102.232,732600.0,0.04769999999999999,76901300.0
2022-12-06,102.432,102.483,102.582,102.432,675000.0,0.044000000000000004,70822800.0
2022-12-07,102.432,102.472,102.632,102.432,727400.0,0.047400000000000005,76272500.0
2022-12-08,102.432,102.632,102.732,102.432,1226700.0,0.08,128827800.0
2022-12-09,102.532,102.602,102.782,102.532,1233800.0,0.0805,129536299.99999999
2022-12-12,102.582,102.682,102.832,102.582,719000.0,0.047,75546800.0
2022-12-13,102.382,102.634,102.832,102.382,577700.0,0.0378,60685900.0
2022-12-14,102.532,102.765,102.882,102.532,440700.0,0.0288,46334799.99999999
2022-12-15,102.632,102.632,102.892,102.232,498700.0,0.0326,52424799.99999999
2022-12-16,102.632,102.632,102.852,102.632,377900.0,0.024700000000000003,39703600.0
2022-12-19,102.432,102.632,102.842,102.432,591100.0,0.038599999999999995,62111600.0
2022-12-20,102.732,102.732,102.852,102.689,450300.0,0.0294,47322400.0
2022-12-21,102.712,102.634,102.712,102.632,396200.0,0.0259,41613000.0
2022-12-22,102.634,102.682,103.582,102.63,736000.0,0.0482,77327400.0
2022-12-23,102.632,102.632,103.132,102.532,625700.0,0.0409,65755500.0
2022-12-26,102.432,102.632,102.814,102.432,211800.0,0.0139,22248800.0
2022-12-27,102.632,102.631,102.652,102.582,201600.0,0.0132,21168000.0
2022-12-28,102.702,102.672,102.732,102.672,200300.0,0.0131,21045500.0
2022-12-29,102.662,102.652,102.662,102.652,200200.0,0.0131,21025000.0
2022-12-30,102.732,102.732,102.732,102.732,200200.0,0.0131,21041000.0
2023-01-03,102.762,102.762,102.762,102.762,200000.0,0.0131,21026000.0
2023-01-04,102.831,102.841,102.841,102.782,208600.0,0.0137,21934699.999999996
2023-01-05,102.832,102.894,102.894,102.794,203100.0,0.0134,21366100.0
2023-01-06,102.632,102.733,102.882,102.632,222600.0,0.0146,23406900.0
2023-01-09,102.692,102.732,102.934,102.622,235000.0,0.0155,24703200.0
2023-01-10,102.682,102.777,103.882,102.682,304000.0,0.02,31974699.999999996
2023-01-11,102.632,102.732,102.832,102.632,211100.0,0.0139,22206300.0
2023-01-12,102.732,102.762,102.762,102.732,100400.0,0.0066,10554000.0
2023-01-13,102.632,102.732,102.752,102.432,300600.0,0.019799999999999998,31599000.0
2023-01-16,102.632,102.782,102.832,102.632,201300.0,0.013300000000000001,21176700.0
2023-01-17,102.732,102.871,103.833,102.732,205800.0,0.013600000000000001,21658100.0
2023-01-18,103.923,102.887,103.923,102.832,204700.0,0.013500000000000002,21540900.0
2023-01-19,102.832,102.862,102.862,102.832,200100.0,0.0132,21056500.0
2023-01-20,102.792,102.792,102.792,102.792,100.0,0.0,10500.0
2023-01-30,102.832,102.832,102.832,102.832,200400.0,0.013300000000000001,21082100.0
2023-01-31,102.882,102.932,102.982,102.882,210700.0,0.013999999999999999,22186700.0
2023-02-01,102.932,102.932,102.932,102.932,200000.0,0.013300000000000001,21060000.0
2023-02-02,102.932,102.932,102.98,102.932,240200.0,0.016,25293100.0
2023-02-03,102.902,102.932,102.932,102.883,200300.0,0.013300000000000001,21085600.0
2023-02-06,102.832,102.932,102.982,102.832,200600.0,0.013300000000000001,21123200.0
2023-02-07,102.932,102.932,102.932,102.932,200000.0,0.013300000000000001,21060000.0
2023-02-08,102.932,102.932,102.932,102.932,200000.0,0.013300000000000001,21060000.0
2023-02-09,102.953,102.962,102.962,102.952,360400.0,0.024,37957300.0
2023-02-10,102.912,102.873,102.962,102.873,320300.0,0.021400000000000002,33721200.0
2023-02-13,102.832,102.832,102.932,102.832,200500.0,0.0134,21094600.0
2023-02-14,102.812,102.802,102.812,102.802,200100.0,0.0134,21044500.0
2023-02-15,102.802,102.902,102.902,102.802,202100.0,0.013500000000000002,21275000.0
2023-02-16,102.897,102.897,102.897,102.897,200000.0,0.0134,21053000.0
2023-02-17,102.911,102.892,102.911,102.892,1180000.0,0.0789,124225400.00000001
2023-02-20,102.732,102.902,102.927,102.732,1105500.0,0.07400000000000001,116397600.0
2023-02-21,102.732,102.882,102.882,102.732,300200.0,0.020099999999999996,31596000.0
2023-02-22,102.8,102.897,102.902,102.8,250500.0,0.0168,26370100.000000004
2023-02-23,102.814,102.912,102.982,102.814,207400.0,0.0139,21847700.0
2023-02-24,102.732,102.922,102.972,102.732,305300.0,0.020499999999999997,32160000.0
2023-02-27,102.832,103.032,103.132,102.832,396300.0,0.026600000000000002,41747600.0
2023-02-28,102.902,102.982,103.032,102.892,200800.0,0.013500000000000002,21156900.0
2023-03-01,102.732,102.993,103.083,102.732,315900.0,0.0212,33296700.0
2023-03-02,103.022,103.021,103.022,102.928,9700.0,0.0007000000000000001,1021400.0
2023-03-03,102.928,102.912,102.931,102.872,408100.0,0.0275,42961600.0
2023-03-06,103.022,103.015,103.022,103.012,350000.0,0.0236,36884000.0
2023-03-07,102.982,103.082,103.082,102.982,301000.0,0.0203,31724899.999999996
2023-03-08,103.432,103.064,104.136,102.732,341000.0,0.023,35953400.0
2023-03-09,102.833,103.065,103.082,102.833,240900.0,0.0163,25401500.0
2023-03-10,102.733,102.922,103.032,102.733,200400.0,0.013500000000000002,21112100.0
2023-03-13,102.932,102.941,102.941,102.932,200200.0,0.013500000000000002,21081100.0
2023-03-14,102.932,103.072,103.077,102.932,300900.0,0.0204,31724800.0
2023-03-15,103.032,102.993,103.032,102.993,200100.0,0.013600000000000001,21090500.0
2023-03-16,103.131,103.032,103.131,103.032,200100.0,0.013600000000000001,21090600.0
2023-03-17,103.002,102.983,103.002,102.983,200100.0,0.013600000000000001,21084500.0
2023-03-20,103.082,103.082,103.082,103.081,200000.0,0.013600000000000001,21090000.0
2023-03-21,103.032,103.032,103.032,103.032,200000.0,0.013600000000000001,21080000.0
2023-03-22,102.734,103.032,103.13,102.734,300500.0,0.0204,31690700.0
2023-03-23,103.042,103.033,103.062,103.032,200900.0,0.0137,21176900.0
2023-03-24,103.037,103.037,103.037,103.037,200000.0,0.013600000000000001,21081000.0
2023-03-27,103.032,103.032,103.092,103.032,205000.0,0.013999999999999999,21611000.0
2023-03-28,103.042,103.042,103.042,103.042,200100.0,0.013600000000000001,21092500.0
2023-03-29,103.072,103.071,103.072,103.071,200100.0,0.013600000000000001,21098500.0
2023-03-30,102.982,103.033,104.082,102.018,228500.0,0.015600000000000001,24084100.0
2023-03-31,102.981,102.93,102.982,102.929,201100.0,0.0137,21181900.0
2023-04-03,103.082,103.063,103.102,103.063,201100.0,0.0137,21212100.0
2023-04-04,102.635,103.082,103.132,102.635,201300.0,0.0138,21237000.0
2023-04-06,103.082,103.112,103.132,103.082,400600.0,0.0274,42262500.0
2023-04-07,103.092,103.083,103.092,103.082,201000.0,0.0138,21197500.0
2023-04-10,103.102,103.102,103.102,103.102,200000.0,0.0137,21094000.0
2023-04-11,103.102,103.102,103.102,103.102,200000.0,0.0137,21094000.0
2023-04-12,103.182,103.032,103.182,103.032,265100.0,0.0182,27974899.999999996
2023-04-13,103.082,103.082,103.082,103.082,200000.0,0.0137,21090000.0
2023-04-14,103.082,103.082,103.082,103.082,180000.0,0.0124,18981000.0
2023-04-17,103.132,103.092,103.188,103.092,135700.0,0.009300000000000001,14316300.000000002
2023-04-18,103.132,103.131,103.132,103.129,857000.0,0.059000000000000004,90412900.00000001
2023-04-19,103.132,103.157,103.157,103.132,70300.0,0.0048,7418400.0
2023-04-20,103.182,103.156,103.182,103.156,400000.0,0.0276,42210900.0
2023-04-21,103.157,103.032,103.157,102.932,144200.0,0.009899999999999999,15211600.0
2023-04-24,103.481,103.166,103.481,103.082,97400.0,0.0067,10274900.0
2023-04-25,103.142,103.132,103.161,103.132,50800.0,0.0034999999999999996,5360900.0
2023-04-26,103.231,103.182,103.231,103.132,50700.0,0.0034999999999999996,5351100.0
2023-04-27,103.157,103.132,103.157,103.131,67500.0,0.004699999999999999,7122600.0
2023-04-28,103.231,103.157,103.231,103.133,62200.0,0.0043,6564800.0
2023-05-04,103.182,103.232,103.232,103.182,55200.0,0.0038,5829800.0
2023-05-05,103.282,103.282,103.282,103.282,50100.0,0.0034999999999999996,5293099.999999999
2023-05-08,103.182,103.184,103.184,103.182,500.0,0.0,52800.0
2023-05-09,103.332,103.362,103.382,103.332,51200.0,0.0036,5414400.000000001
2023-05-10,103.487,103.282,104.491,103.282,91100.0,0.0063,9633600.0
2023-05-11,103.136,103.382,103.482,103.136,89400.0,0.0062,9454800.0
2023-05-12,103.532,103.332,103.532,103.332,50100.0,0.0034999999999999996,5295599.999999999
2023-05-15,102.943,103.482,103.612,102.943,60800.0,0.0042,6429800.0
2023-05-16,103.382,103.402,103.522,103.332,61400.0,0.0043,6491400.0
2023-05-17,103.402,103.582,103.582,103.402,60600.0,0.0042,6419400.000000001
2023-05-18,103.482,103.552,103.552,103.482,59900.0,0.0042,6344600.0
2023-05-19,103.512,103.5,103.522,103.472,64700.0,0.0045000000000000005,6848300.0
2023-05-22,103.532,103.582,103.662,103.532,69200.0,0.0048,7335400.0
2023-05-23,103.532,103.612,103.727,103.522,56400.0,0.0039000000000000003,5973000.0
2023-05-24,103.632,103.632,103.98,103.592,79900.0,0.005600000000000001,8470400.0
2023-05-25,103.632,103.582,103.832,103.582,120600.0,0.0084,12781400.000000002
2023-05-26,103.632,103.642,103.832,103.632,57300.0,0.004,6075100.0
2023-05-29,103.732,103.672,103.832,103.632,147700.0,0.0103,15659500.0
2023-05-30,103.782,103.582,103.882,103.582,105600.0,0.0074,11192200.0
2023-05-31,103.592,103.582,103.592,103.542,71800.0,0.005,7606000.0
2023-06-01,103.592,103.582,103.632,103.581,123400.0,0.0087,13079100.0
2023-06-02,103.537,103.576,103.581,103.537,1300.0,0.0001,137700.0
2023-06-05,103.576,103.632,103.642,103.576,499600.0,0.0351,52961300.0
2023-06-06,103.635,103.601,103.672,103.598,488000.0,0.034300000000000004,51728000.0
2023-06-07,103.682,103.78,103.78,103.682,35500.0,0.0025,3766500.0
2023-06-08,103.732,103.732,103.732,103.732,530000.0,0.0373,56233000.0
2023-06-09,103.782,103.712,103.782,103.682,483000.0,0.034,51238700.0
2023-06-12,103.782,103.769,103.782,103.742,492000.0,0.0347,52207600.0
2023-06-13,103.782,103.892,103.902,103.782,572800.0,0.0404,60848100.00000001
2023-06-14,103.932,103.897,103.932,103.897,403200.0,0.0285,42848500.0
2023-06-15,103.882,103.882,103.902,103.832,477200.0,0.0337,50707700.00000001
2023-06-16,103.837,103.782,103.882,103.781,554300.0,0.0392,58870100.0
2023-06-19,103.812,103.782,103.832,103.752,540200.0,0.0382,57335100.0
2023-06-20,103.802,103.882,103.882,103.802,472500.0,0.0335,50182100.0
2023-06-21,103.9,103.872,103.902,103.872,366800.0,0.026000000000000002,38973700.0
2023-06-26,103.832,103.895,103.902,103.832,537700.0,0.0381,57118600.0
2023-06-27,103.882,103.833,103.882,103.833,471400.0,0.0335,50085400.0
2023-06-28,103.882,103.872,103.882,103.872,470000.0,0.0334,49933300.0
2023-06-29,103.852,103.802,103.852,103.802,421400.0,0.03,44757299.99999999
2023-06-30,103.881,103.874,104.132,103.874,181200.0,0.0129,19259100.0
2023-07-03,103.874,103.867,103.874,103.852,311500.0,0.0222,33087700.0
2023-07-04,103.867,103.847,103.867,103.833,352600.0,0.025099999999999997,37458300.0
2023-07-05,103.862,103.867,103.867,103.862,197000.0,0.013999999999999999,20927399.999999996
2023-07-06,103.838,103.953,104.032,103.838,421600.0,0.0301,44834100.0
2023-07-07,104.032,104.062,104.082,104.032,470500.0,0.0336,50076300.0
2023-07-10,104.082,104.032,104.082,104.032,410100.0,0.029300000000000003,43651500.0
2023-07-11,104.232,104.122,104.332,104.032,443900.0,0.0317,47269600.0
2023-07-12,104.032,104.0,104.032,103.932,381900.0,0.0273,40617200.0
2023-07-13,104.032,103.992,104.032,103.992,414200.0,0.0297,44070900.0
2023-07-14,104.032,104.002,104.037,103.994,319800.0,0.0229,34024300.0
2023-07-17,104.002,104.002,104.012,104.002,417300.0,0.029900000000000003,44391800.0
2023-07-18,104.082,104.057,104.127,104.057,586600.0,0.0421,62438700.0
2023-07-19,104.082,104.081,104.082,104.037,471400.0,0.0338,50174200.0
2023-07-20,104.082,104.107,104.107,104.081,412300.0,0.0296,43898300.0
2023-07-21,104.082,104.152,104.152,104.082,477700.0,0.034300000000000004,50864200.0
2023-07-24,104.182,104.322,104.432,104.182,314400.0,0.0226,33534899.999999996
2023-07-25,104.212,104.232,104.232,104.182,360700.0,0.026000000000000002,38444900.0
2023-07-26,104.212,104.232,104.232,104.182,470900.0,0.0339,50189700.0
2023-07-27,104.232,104.312,104.312,104.232,436100.0,0.031400000000000004,46511200.0
2023-07-28,104.262,104.3,104.312,104.262,351300.0,0.0262,37470800.0
2023-07-31,104.291,104.36,104.42,104.291,426900.0,0.0318,45573300.0
2023-08-01,104.332,104.452,104.482,104.284,368500.0,0.0275,39360100.0
2023-08-02,104.432,104.492,104.578,104.432,372100.0,0.0278,39755200.0
2023-08-03,104.482,104.497,104.586,104.392,361900.0,0.027000000000000003,38687400.0
2023-08-04,104.432,104.532,104.622,104.432,215200.0,0.0161,23010000.0
2023-08-07,104.531,104.581,104.581,104.493,426700.0,0.0319,45624200.0
2023-08-08,104.562,104.662,104.672,104.533,352500.0,0.0264,37721100.0
2023-08-09,104.632,104.762,104.831,104.602,269200.0,0.0202,28837900.0
2023-08-10,104.762,104.742,104.762,104.732,428000.0,0.0321,45843300.0
2023-08-11,104.732,104.703,104.747,104.701,292300.0,0.0219,31308900.0
2023-08-14,104.698,104.732,104.732,104.698,411800.0,0.030899999999999997,44099100.0
2023-08-15,104.682,105.022,105.232,104.682,275500.0,0.0207,29571400.0
2023-08-16,105.022,105.083,106.032,105.022,407900.0,0.030699999999999998,43845900.0
2023-08-17,105.032,105.032,105.432,105.032,456500.0,0.0344,49078000.0
2023-08-18,105.082,105.048,105.332,105.048,489500.0,0.0369,52597800.0
2023-08-21,105.082,105.034,105.102,105.028,427700.0,0.0322,45944200.0
2023-08-22,105.132,105.012,105.132,105.012,411500.0,0.031,44189799.99999999
2023-08-23,105.012,104.978,105.021,104.978,415600.0,0.031400000000000004,44630200.00000001
2023-08-24,104.975,104.974,105.001,104.938,411300.0,0.0311,44150000.0
2023-08-25,104.991,105.016,105.019,104.97,421500.0,0.0319,45262299.99999999
2023-08-28,104.044,104.867,104.882,104.043,358600.0,0.0271,38454800.0
2023-08-29,104.932,104.982,105.039,104.932,61200.0,0.0046,6569800.0
2023-08-30,104.954,105.042,105.048,104.953,530500.0,0.04019999999999999,56983800.0
2023-08-31,105.012,105.012,105.012,104.981,415400.0,0.0315,44594300.0
2023-09-01,104.882,105.002,105.002,104.882,55200.0,0.0042,5926200.0
2023-09-04,104.019,104.834,104.982,104.019,472900.0,0.0359,50734700.0
2023-09-05,104.902,104.923,104.923,104.902,530000.0,0.0403,56863200.0
2023-09-06,105.082,104.926,105.082,104.885,470500.0,0.0358,50481100.0
2023-09-07,104.912,104.909,104.912,104.842,470600.0,0.0358,50484700.0
2023-09-08,104.95,104.93,104.95,104.93,487200.0,0.0371,52275700.0
2023-09-11,104.932,104.931,104.932,104.912,420400.0,0.032,45107500.0
2023-09-12,104.932,104.902,105.132,104.843,445500.0,0.034,47800300.0
2023-09-13,104.931,104.888,104.932,104.732,346900.0,0.0265,37204500.0
2023-09-14,105.182,104.838,105.182,104.834,415100.0,0.0317,44527500.0
2023-09-15,104.902,104.832,104.902,104.832,50300.0,0.0038,5395700.000000001
2023-09-18,104.832,104.852,104.912,104.832,357900.0,0.0274,38377000.0
2023-09-19,104.93,104.834,104.93,104.834,300200.0,0.023,32210500.0
2023-09-20,104.932,104.892,104.932,104.892,406600.0,0.031200000000000002,43619900.0
2023-09-21,104.852,104.872,104.882,104.832,354200.0,0.027200000000000002,37987100.0
2023-09-22,104.912,104.841,104.912,104.753,386500.0,0.0297,41438400.0
2023-09-25,104.882,104.834,105.032,104.834,496300.0,0.0381,53230500.0
2023-09-26,104.312,104.862,104.931,104.312,376300.0,0.028900000000000002,40364300.0
2023-09-27,104.832,104.812,104.872,104.812,76900.0,0.0059,8245500.0
2023-09-28,104.932,104.884,104.932,104.884,55400.0,0.0043,5944400.000000001
2023-10-09,104.833,104.834,104.882,104.833,50600.0,0.0039000000000000003,5426799.999999999
2023-10-10,104.892,104.948,105.034,104.892,720900.0,0.0555,77338200.0
2023-10-11,104.912,104.882,104.912,104.842,410900.0,0.0317,44070500.0
2023-10-12,104.912,104.902,104.912,104.842,590200.0,0.0455,63311200.0
2023-10-13,104.912,104.932,104.932,104.912,590000.0,0.0455,63306000.0
2023-10-16,104.912,104.93,104.932,104.882,410500.0,0.0316,44027600.0
2023-10-17,104.912,104.838,104.917,104.838,470200.0,0.0362,50445100.0
2023-10-18,104.902,104.907,104.907,104.902,530100.0,0.0408,56866200.0
2023-10-19,104.902,104.891,105.002,104.832,514600.0,0.0397,55195900.0
2023-10-20,104.882,104.911,104.919,104.882,62900.0,0.0049,6746300.0
2023-10-23,104.882,104.93,104.93,104.882,480300.0,0.0371,51533800.0
2023-10-24,104.932,104.922,104.932,104.912,425500.0,0.0329,45651600.0
2023-10-25,104.912,104.917,104.917,104.912,470000.0,0.0363,50423700.0
2023-10-26,104.932,104.947,104.947,104.912,425600.0,0.0329,45671300.0
2023-10-27,104.843,104.913,104.932,104.843,481500.0,0.0373,51657800.0
2023-10-30,104.804,104.888,105.032,104.804,453000.0,0.0351,48588700.0
2023-10-31,104.783,104.882,105.091,104.783,582400.0,0.0452,62490500.0
2023-11-01,104.892,104.883,104.972,104.835,510000.0,0.039599999999999996,54735000.0
2023-11-02,104.897,104.918,105.023,104.886,430400.0,0.0334,46181700.0
2023-11-03,104.902,104.992,105.854,104.902,87500.0,0.0068000000000000005,9390100.0
2023-11-06,104.922,104.982,105.184,104.922,521400.0,0.0405,55983900.0
2023-11-07,104.932,104.912,104.982,104.912,470700.0,0.0366,50518300.0
2023-11-08,104.982,105.014,105.073,104.972,508000.0,0.0394,54573100.00000001
2023-11-09,105.012,105.052,106.087,105.012,443800.0,0.0345,47705200.00000001
2023-11-10,105.132,105.092,105.132,105.052,500200.0,0.038900000000000004,53756800.0
2023-11-13,105.052,105.141,105.392,105.052,524700.0,0.0408,56414100.0
2023-11-14,105.132,105.188,105.517,105.132,419600.0,0.0327,45138900.0
2023-11-15,105.192,105.177,105.221,105.134,474000.0,0.037000000000000005,50988800.0
2023-11-16,105.182,105.202,105.272,105.182,501800.0,0.0391,53982100.0
2023-11-17,105.232,105.282,105.382,105.232,358400.0,0.027999999999999997,38596000.0
2023-11-20,105.282,105.371,105.502,105.282,185000.0,0.0144,19922600.0
2023-11-21,108.592,105.237,108.592,105.237,382700.0,0.029900000000000003,41218900.0
2023-11-22,105.132,105.242,105.342,105.132,95800.0,0.0075,10316099.999999998
2023-11-23,105.242,105.134,105.312,105.119,89600.0,0.006999999999999999,9642600.0
2023-11-24,105.232,105.28,105.482,105.232,384200.0,0.0301,41361600.0
2023-11-27,105.272,105.336,105.432,105.272,378500.0,0.0296,40766400.0
2023-11-28,105.272,105.262,105.432,105.262,279800.0,0.0219,30131400.0
2023-11-29,105.282,105.301,105.432,105.253,436200.0,0.0342,46957700.00000001
2023-11-30,105.282,105.272,105.432,105.246,454200.0,0.035699999999999996,48902100.0
2023-12-01,105.282,105.301,105.331,105.252,454400.0,0.035699999999999996,48906500.0
2023-12-04,105.432,105.324,105.432,105.323,390000.0,0.030600000000000002,42008100.00000001
2023-12-05,105.322,105.372,105.381,105.322,333200.0,0.0262,35886400.0
2023-12-06,105.283,105.351,105.351,105.283,470800.0,0.037000000000000005,50703200.0
2023-12-07,105.352,105.34,105.381,105.29,253900.0,0.02,27346400.0
2023-12-08,105.312,105.277,105.341,105.277,350500.0,0.0276,37750400.0
2023-12-11,105.312,105.373,105.432,105.287,482000.0,0.0379,51925500.0
2023-12-12,105.372,105.417,105.472,105.372,98900.0,0.0078000000000000005,10661700.0
2023-12-13,105.336,105.377,105.377,105.333,498500.0,0.0392,53701000.0
2023-12-14,105.381,105.373,105.471,105.373,447000.0,0.0352,48166100.0
2023-12-15,105.43,105.361,114.282,105.333,339600.0,0.026699999999999998,36730900.0
2023-12-18,105.392,105.334,105.402,104.327,512900.0,0.0404,55263100.00000001
2023-12-19,105.422,105.351,105.479,105.351,414600.0,0.0327,44665300.0
2023-12-20,105.3,105.357,105.387,105.3,441600.0,0.0349,47573000.0
2023-12-21,105.357,105.476,105.476,105.353,468300.0,0.037000000000000005,50448600.0
2023-12-22,105.432,105.383,105.432,105.371,467000.0,0.0369,50324799.99999999
2023-12-25,105.332,105.382,105.382,105.332,420400.0,0.0333,45296800.0
2023-12-26,105.392,105.432,105.433,105.392,467100.0,0.037000000000000005,50351400.0
2023-12-27,105.462,105.46,105.462,105.403,470400.0,0.0373,50710600.00000001
2023-12-28,105.432,105.458,105.46,105.386,670900.0,0.053200000000000004,72339100.0
2023-12-29,105.481,105.712,105.712,105.481,627600.0,0.049800000000000004,67806400.0
2024-01-02,105.562,105.535,105.581,105.535,590000.0,0.046799999999999994,63689000.0
2024-01-03,105.582,105.642,105.642,105.581,592400.0,0.047,63971300.0
2024-01-04,105.532,105.563,105.585,105.532,603600.0,0.0479,65152500.0
2024-01-05,105.632,105.827,105.828,105.632,565100.0,0.044800000000000006,61130700.0
2024-01-08,106.632,105.796,106.632,105.632,520100.0,0.041299999999999996,56277500.0
2024-01-09,105.872,105.885,105.922,105.872,530400.0,0.0421,57436500.0
2024-01-10,105.922,105.915,105.922,105.892,591000.0,0.046900000000000004,63997900.0
2024-01-11,105.912,105.951,105.982,105.912,601000.0,0.04769999999999999,65109200.0
2024-01-12,105.932,105.922,105.932,105.922,650100.0,0.0516,70399800.0
2024-01-15,105.932,105.917,105.952,105.912,360900.0,0.0286,39085600.0
2024-01-16,105.409,106.002,106.002,104.982,593000.0,0.047,64244900.0
2024-01-17,105.955,105.991,106.002,105.955,771500.0,0.061200000000000004,83592500.0
2024-01-18,105.992,106.002,106.002,105.992,710000.0,0.056299999999999996,76942200.0
2024-01-19,106.022,106.081,106.081,106.022,650600.0,0.0516,70542600.0
2024-01-22,106.052,106.099,106.099,106.038,650300.0,0.0516,70511500.0
2024-01-23,106.057,106.118,106.118,106.033,653700.0,0.0519,70880600.0
2024-01-24,106.051,106.092,106.101,106.051,590200.0,0.046799999999999994,64012600.0
2024-01-25,106.232,106.137,108.271,106.122,550200.0,0.0436,59707000.0
2024-01-26,106.057,106.122,106.142,106.052,608600.0,0.0483,66032800.0
2024-01-29,106.121,106.152,106.152,106.121,600800.0,0.0443,65198800.0
2024-01-30,106.231,106.252,106.252,106.231,530200.0,0.0391,57589300.0
2024-01-31,106.302,106.328,106.328,106.282,651500.0,0.0481,70786500.0
2024-02-01,106.282,106.382,106.382,106.282,596300.0,0.044000000000000004,64841700.0
2024-02-02,106.35,106.354,106.393,106.35,591300.0,0.0436,64292600.0
2024-02-05,106.431,106.365,109.237,106.357,674700.0,0.049800000000000004,73364300.0
2024-02-06,106.531,106.382,106.608,106.368,592400.0,0.0437,64424100.0
2024-02-07,106.419,106.413,106.458,106.413,540600.0,0.039900000000000005,58817299.99999999
2024-02-08,106.428,106.449,106.532,106.426,616400.0,0.0455,67097700.00000001
2024-02-19,106.487,106.516,106.531,106.482,773800.0,0.0571,84251800.0
2024-02-20,106.522,106.524,106.55,106.508,53000.0,0.0039000000000000003,5770500.0
2024-02-21,106.622,106.536,117.413,106.404,535300.0,0.0395,58300400.0
2024-02-22,106.612,106.605,106.728,106.314,531700.0,0.0392,57934100.0
2024-02-23,106.652,106.657,106.725,106.597,597400.0,0.0441,65138800.0
2024-02-26,106.657,106.682,106.854,106.554,536000.0,0.0395,58450600.00000001
2024-02-27,106.634,106.637,106.87,95.777,664600.0,0.049,72458000.0
2024-02-28,106.682,106.757,106.782,106.682,502800.0,0.0371,54874200.0
2024-02-29,106.782,106.757,106.816,106.75,532300.0,0.0393,58095800.0
2024-03-01,106.752,106.718,106.758,106.704,593800.0,0.0438,64783600.0
2024-03-04,106.842,106.847,106.891,106.804,477100.0,0.0352,52106500.0
2024-03-05,106.954,106.883,106.954,106.848,531000.0,0.0392,58001200.0
2024-03-06,106.783,106.882,106.97,106.77,546400.0,0.0403,59685300.0
2024-03-07,106.965,106.771,106.965,106.709,566500.0,0.0418,61823500.0
2024-03-08,106.881,106.882,106.953,106.881,545700.0,0.0403,59625500.0
2024-03-11,106.685,106.965,107.028,106.685,480800.0,0.0355,52571700.0
2024-03-12,106.994,107.001,107.001,106.919,658400.0,0.048600000000000004,71986400.0
2024-03-13,106.887,107.102,107.113,106.887,651500.0,0.0481,71210300.0
2024-03-14,106.923,106.932,106.943,106.888,842600.0,0.0622,92101800.0
2024-03-15,106.927,106.964,106.965,106.916,608400.0,0.0449,66503600.0
2024-03-18,106.903,107.025,107.025,106.903,664500.0,0.049,72667200.0
2024-03-19,106.985,107.006,107.006,106.959,536400.0,0.039599999999999996,58662500.0
2024-03-20,107.015,106.992,107.027,106.992,60200.0,0.0044,6584800.0
2024-03-21,107.07,107.119,107.14,107.07,432400.0,0.0319,47338400.0
2024-03-22,107.084,107.055,107.091,107.05,667200.0,0.0508,73013400.0
2024-03-25,107.068,107.045,107.072,107.002,728000.0,0.0554,79636500.0
2024-03-26,107.032,107.032,107.079,107.031,540600.0,0.041100000000000005,59162100.0
2024-03-27,107.112,107.134,107.134,107.107,782500.0,0.0596,85679599.99999999
2024-03-28,107.07,107.069,107.123,107.067,612200.0,0.0466,67007900.0
2024-03-29,107.12,107.177,107.177,107.078,786400.0,0.0599,86142700.0
2024-04-01,107.177,107.132,107.206,106.902,795300.0,0.0605,87098200.0
2024-04-02,107.168,107.172,107.177,107.148,772900.0,0.0588,84653400.0
2024-04-03,107.272,107.277,107.304,107.252,777800.0,0.0592,85270000.0
2024-04-08,107.598,107.324,107.598,107.282,784600.0,0.059699999999999996,86068700.00000001
2024-04-09,107.134,107.362,107.365,107.134,968200.0,0.0737,106216000.0
2024-04-10,107.335,107.384,107.384,107.332,721400.0,0.054900000000000004,79171200.0
2024-04-11,107.384,107.339,107.408,107.333,966000.0,0.0751,106002700.0
2024-04-12,107.363,107.411,107.494,107.363,963900.0,0.0611,105830700.0
2024-04-15,107.422,107.458,107.508,107.422,957400.0,0.0701,105168400.0
2024-04-16,108.188,107.482,108.188,107.472,956300.0,0.07,105075600.0
2024-04-17,107.549,107.573,107.58,107.539,958800.0,0.0702,105414800.0
2024-04-18,107.532,107.602,107.602,107.532,961500.0,0.0704,105733200.0
2024-04-19,107.61,107.705,107.708,107.61,623900.0,0.045700000000000005,68664200.0
2024-04-22,107.783,107.832,107.832,107.774,783100.0,0.057300000000000004,86281000.0
2024-04-23,107.837,107.898,107.908,107.837,667700.0,0.0489,73622100.0
2024-04-24,107.836,107.792,107.864,107.774,788000.0,0.057699999999999994,86802500.0
2024-04-25,108.592,107.827,108.592,106.691,602800.0,0.0441,66420600.00000001
2024-04-26,107.698,107.74,107.831,107.698,823300.0,0.0603,90655800.0
2024-04-29,106.758,107.522,107.838,106.758,728200.0,0.0533,80000100.0
2024-04-30,108.532,107.689,108.532,107.532,542800.0,0.0397,59724399.99999999
2024-05-06,107.852,107.751,107.852,107.67,909700.0,0.0666,100167099.99999999
2024-05-07,107.808,107.807,107.845,107.783,832900.0,0.061,91792800.0
2024-05-08,107.805,107.842,107.853,107.792,673100.0,0.0493,74177000.0
2024-05-09,107.768,107.777,107.805,107.762,476800.0,0.0349,52514799.99999999
2024-05-10,107.851,107.852,107.886,107.836,494600.0,0.0362,54514100.0
2024-05-13,107.82,107.882,107.898,107.82,536000.0,0.0392,59093200.0
2024-05-14,107.849,107.911,107.926,107.849,476500.0,0.0349,52534100.0
2024-05-15,108.621,107.963,108.621,107.852,1015900.0,0.07440000000000001,112086400.0
2024-05-16,107.952,107.971,107.976,107.952,909800.0,0.0666,100377900.00000001
2024-05-17,108.032,107.991,108.032,107.93,720700.0,0.0528,79507700.0
2024-05-20,107.955,107.972,107.982,107.92,1133500.0,0.083,125056800.0
2024-05-21,107.982,107.964,107.988,107.942,1254700.0,0.0919,138432000.0
2024-05-22,107.989,108.047,108.051,107.985,893200.0,0.0654,98588100.0
2024-05-23,108.23,108.037,108.23,108.022,1086200.0,0.0795,119932700.0
2024-05-24,108.037,108.061,108.077,108.037,420500.0,0.0308,46438200.0
2024-05-27,108.23,108.092,108.23,107.861,898100.0,0.0658,99214599.99999999
2024-05-28,108.091,108.132,108.132,108.091,421400.0,0.030899999999999997,46560400.0
2024-05-29,108.232,108.19,108.233,108.134,533300.0,0.039,58955400.0
2024-05-30,108.177,108.184,108.212,108.132,535500.0,0.0392,59203400.0
2024-05-31,108.121,108.192,108.201,108.12,453000.0,0.0332,50071200.0
2024-06-03,108.202,108.223,108.227,108.202,533000.0,0.039,58944900.0
2024-06-04,108.264,108.228,108.264,108.218,532600.0,0.039,58914500.0
2024-06-05,108.222,108.267,108.275,108.222,555200.0,0.0407,61418200.0
2024-06-06,108.267,108.248,108.431,108.235,559200.0,0.0409,61861600.0
2024-06-07,108.248,108.347,108.347,108.248,664400.0,0.048600000000000004,73550300.0
2024-06-11,108.366,108.4,108.4,108.366,427000.0,0.0313,47294500.0
2024-06-12,108.362,108.327,108.381,108.327,483800.0,0.0354,53575900.0
2024-06-13,108.382,108.382,108.431,108.376,548200.0,0.0401,60716000.0
2024-06-14,108.447,108.424,108.47,108.408,542000.0,0.0397,60068100.00000001
2024-06-17,108.425,108.472,108.501,108.4,915200.0,0.067,101390600.0
2024-06-18,108.432,108.506,108.506,108.398,500300.0,0.0366,55463700.0
2024-06-19,107.587,108.512,109.612,107.587,576200.0,0.042199999999999994,63873800.0
2024-06-20,108.468,108.578,108.606,108.435,455500.0,0.0334,50507800.0
2024-06-21,108.613,108.532,108.613,108.485,536500.0,0.0393,59496400.0
2024-06-24,108.498,108.597,108.642,108.492,548600.0,0.04019999999999999,60874500.0
2024-06-25,108.622,108.613,108.623,108.588,535000.0,0.0392,59373800.0
2024-06-26,108.614,108.612,108.614,108.596,471700.0,0.0345,52348500.0
2024-06-27,108.613,108.606,108.637,108.601,537900.0,0.0394,59702100.0
2024-06-28,108.585,108.609,108.609,108.585,560900.0,0.04019999999999999,62243100.00000001
2024-07-01,108.62,108.498,108.675,108.471,523400.0,0.0375,58085600.00000001
2024-07-02,108.499,108.642,108.642,108.499,479600.0,0.0344,53236000.0
2024-07-03,108.642,108.686,108.686,108.642,471700.0,0.0338,52368800.0
2024-07-04,108.687,108.684,108.719,108.682,471400.0,0.0338,52349000.0
2024-07-05,108.712,108.659,108.712,108.646,481600.0,0.0345,53473700.0
2024-07-08,108.56,108.601,108.623,108.538,570400.0,0.0409,63280300.0
2024-07-09,108.241,108.683,108.715,108.241,533800.0,0.0382,59277400.0
2024-07-10,108.669,108.724,108.724,108.661,517600.0,0.0371,57489600.0
2024-07-11,108.724,108.715,109.834,107.614,443600.0,0.0318,49278100.00000001
2024-07-12,108.716,108.737,108.757,108.71,553800.0,0.0397,61535800.0
2024-07-15,108.737,108.78,108.795,108.737,486600.0,0.0349,54087200.0
2024-07-16,108.721,108.773,108.808,108.721,1072500.0,0.0768,119189100.0
2024-07-17,108.772,108.807,108.821,108.772,604800.0,0.0433,67239200.0
2024-07-18,108.802,108.78,108.802,108.78,8300.0,0.0006,922600.0
2024-07-19,108.83,108.852,108.864,108.83,606200.0,0.0434,67421600.0
2024-07-22,108.908,108.964,108.967,108.908,602000.0,0.0431,67009000.0
2024-07-23,108.993,109.029,109.029,108.972,535800.0,0.0384,59659000.0
2024-07-24,108.955,108.956,109.031,108.948,545100.0,0.0391,60689700.0
2024-07-25,109.029,109.03,109.03,108.992,502300.0,0.036000000000000004,55943000.0
2024-07-26,109.04,109.07,109.147,109.04,1024000.0,0.07339999999999999,114114599.99999999
2024-07-29,109.072,109.147,109.148,109.072,1460300.0,0.10279999999999999,162811400.0
2024-07-30,109.142,109.127,109.142,109.108,1142400.0,0.08039999999999999,127374800.0
2024-07-31,109.128,109.199,109.218,109.128,1287900.0,0.0906,143688200.0
2024-08-01,109.18,109.239,109.262,109.18,1089800.0,0.0767,121624000.0
2024-08-02,109.24,109.27,109.274,109.22,1266500.0,0.0891,141385600.0
2024-08-05,109.272,109.312,109.312,109.246,988800.0,0.0696,110385400.00000001
2024-08-06,109.24,109.252,109.282,109.225,1221900.0,0.086,136401800.0
2024-08-07,109.172,109.285,109.29,109.172,1167800.0,0.08220000000000001,130385300.0
2024-08-08,109.202,109.235,109.264,109.198,1514300.0,0.1066,168975600.0
2024-08-09,109.144,109.267,109.267,109.14,1536000.0,0.1081,171446300.0
2024-08-12,109.192,109.102,109.192,109.102,1294400.0,0.0911,144324600.0
2024-08-13,109.102,109.23,109.244,109.102,1117400.0,0.0786,124707600.0
2024-08-14,109.232,109.29,109.321,109.232,1286100.0,0.09050000000000001,143611300.0
2024-08-15,109.277,109.216,109.277,109.216,1090400.0,0.0767,121697700.0
2024-08-16,109.267,109.273,109.301,109.267,3847900.0,0.2708,429647100.0
2024-08-19,109.273,109.309,109.327,109.273,2837400.0,0.1997,316797000.0
2024-08-20,106.52,109.288,109.372,106.52,3255900.0,0.22920000000000001,363579000.0
2024-08-21,106.52,109.17,109.381,106.52,660500.0,0.04650000000000001,73659100.0
2024-08-22,109.188,109.261,109.273,109.188,2470800.0,0.1739,275833900.0
2024-08-23,109.232,109.337,109.341,109.232,886800.0,0.062400000000000004,99059300.0
2024-08-26,109.301,109.314,109.324,109.301,1132500.0,0.077,126478100.0
2024-08-27,109.332,109.308,109.334,109.302,950100.0,0.0646,106109700.0
2024-08-28,109.307,109.3,109.316,109.287,1201700.0,0.0817,134206400.0
2024-08-29,109.304,109.277,109.304,109.259,1189000.0,0.0808,132729800.0
2024-08-30,109.293,109.289,109.305,109.253,1244900.0,0.08460000000000001,138990500.0
2024-09-02,109.303,109.412,109.422,109.303,1666100.0,0.1133,186247000.0
2024-09-03,109.382,109.427,109.469,109.382,1305700.0,0.0888,145966100.0
2024-09-04,109.41,109.374,109.429,109.364,1246400.0,0.08470000000000001,139305600.0
2024-09-05,109.477,109.453,109.477,109.447,1303800.0,0.0886,145791600.0
2024-09-06,109.436,109.441,109.479,109.412,1549200.0,0.10529999999999999,173197700.0
2024-09-09,109.541,109.517,109.541,109.499,1370900.0,0.0932,153364500.0
2024-09-10,109.548,109.595,109.597,109.548,1528800.0,0.1039,171121500.0
2024-09-11,109.601,109.642,109.642,109.595,1428600.0,0.0971,160006800.0
2024-09-12,109.632,109.596,109.665,109.595,1251400.0,0.0851,140166600.0
2024-09-13,109.66,109.668,109.685,109.644,1312100.0,0.0892,146997800.0
2024-09-18,109.692,109.726,109.726,109.691,1282300.0,0.0872,143714800.0
2024-09-19,109.753,109.67,109.753,109.657,1211800.0,0.0824,135794300.0
2024-09-20,109.674,109.768,109.777,109.674,1766500.0,0.1201,198053500.0
2024-09-23,109.83,109.718,109.882,109.69,1176000.0,0.08,131804100.0
2024-09-24,109.744,109.634,109.747,109.612,51800.0,0.0034999999999999996,5803200.000000001
2024-09-25,109.5,109.743,109.772,108.973,1906800.0,0.12960000000000002,213806699.99999997
2024-09-26,109.7,109.629,109.7,109.625,429200.0,0.0292,48076800.0
2024-09-27,109.214,109.35,109.575,109.082,47800.0,0.0033,5343000.0
2024-09-30,108.292,109.288,109.412,106.432,22100.0,0.0015,2460700.0
2024-10-08,108.172,109.297,109.307,108.172,1312200.0,0.0892,146499600.0
2024-10-09,109.331,109.487,109.502,109.331,968900.0,0.0659,108334599.99999999
2024-10-10,109.52,109.541,109.632,109.475,1086500.0,0.0739,121572800.0
2024-10-11,109.541,109.532,109.541,109.47,1013900.0,0.0689,113434700.0
2024-10-14,109.532,109.502,109.586,109.497,1070000.0,0.0728,119732300.0
2024-10-15,109.565,109.557,109.576,109.502,889900.0,0.0605,99589100.0
2024-10-16,109.59,109.532,109.59,109.524,1007600.0,0.06849999999999999,112766400.0
2024-10-17,109.589,109.639,109.654,109.589,1010500.0,0.0687,113160600.0
2024-10-18,109.597,109.518,109.597,109.494,27500.0,0.0019,3077500.0
2024-10-21,109.515,109.532,109.605,109.501,1157400.0,0.0787,129538799.99999999
2024-10-22,109.527,109.495,109.595,109.479,1226000.0,0.0834,137170500.0
2024-10-23,109.488,109.515,109.548,109.456,973100.0,0.0662,108858300.0
2024-10-24,109.494,109.504,109.577,109.494,895100.0,0.060899999999999996,100147000.0
2024-10-25,109.507,109.478,109.534,108.95,786000.0,0.053399999999999996,87931700.0
2024-10-28,109.477,109.437,109.477,109.421,1000500.0,0.068,111887900.00000001
2024-10-29,109.461,109.473,109.504,109.456,1019600.0,0.0693,114021700.0
2024-10-30,109.472,109.494,109.531,109.452,838900.0,0.057,93856400.0
2024-10-31,109.472,109.556,109.582,109.472,1102700.0,0.075,123404700.0
2024-11-01,109.562,109.635,109.662,109.562,261300.0,0.0178,29266500.0
2024-11-04,109.647,109.635,109.653,109.633,1151400.0,0.0783,128974300.0
2024-11-05,109.615,109.635,109.659,109.609,976500.0,0.0664,109376700.0
2024-11-06,109.617,109.675,109.694,109.617,888700.0,0.0604,99569100.0
2024-11-07,109.713,109.758,109.758,109.713,950900.0,0.0647,106602800.0
2024-11-08,109.759,109.791,109.809,109.729,963600.0,0.0655,108059300.0
2024-11-11,109.793,109.818,109.846,109.793,887100.0,0.0603,99529400.0
2024-11-12,109.822,109.889,109.924,109.822,1069200.0,0.0727,120051700.0
2024-11-13,109.909,109.768,109.909,109.252,885300.0,0.0602,99314700.0
2024-11-14,109.851,109.821,109.851,109.775,434000.0,0.029500000000000002,48698500.0
2024-11-15,109.845,109.784,109.91,109.265,1075900.0,0.0732,120743000.0
2024-11-18,109.772,109.91,109.953,109.772,970600.0,0.066,108999300.0
2024-11-19,109.895,109.932,109.937,109.895,960900.0,0.0653,107886100.0
2024-11-20,109.932,109.946,109.99,109.888,1147300.0,0.078,128881900.0
2024-11-21,109.855,109.978,109.995,109.855,957500.0,0.06509999999999999,107546100.0
2024-11-22,110.005,109.958,110.005,109.943,1070900.0,0.0728,120288799.99999999
2024-11-25,110.06,110.0,110.077,110.0,1143000.0,0.07769999999999999,128455700.0
2024-11-26,110.018,109.982,110.018,109.974,944800.0,0.0642,106157700.0
2024-11-27,110.057,109.992,110.057,109.973,1154200.0,0.0785,129678700.00000001
2024-11-28,109.999,110.031,110.065,109.993,892300.0,0.060700000000000004,100287600.0
2024-11-29,110.036,110.024,110.088,109.935,1086800.0,0.0739,122146299.99999999
2024-12-02,110.133,110.22,110.226,110.092,903300.0,0.061399999999999996,101694300.0
2024-12-03,110.257,110.182,110.258,110.021,972300.0,0.0661,109427600.0
2024-12-04,110.122,110.278,110.302,110.122,419500.0,0.0285,47250500.0
2024-12-05,110.269,110.266,110.294,110.225,1275100.0,0.0867,143618000.0
2024-12-06,110.3,110.32,110.333,110.288,960100.0,0.0653,108189800.0
2024-12-09,110.32,110.356,110.392,110.288,147300.0,0.01,16607100.0
2024-12-10,110.356,110.52,110.52,110.356,1206200.0,0.08199999999999999,136132600.0
2024-12-11,110.387,110.466,110.507,110.387,1038300.0,0.0706,117161600.0
2024-12-12,110.51,110.51,110.51,110.46,953900.0,0.0649,107647900.00000001
2024-12-13,110.55,110.562,110.611,110.55,975000.0,0.0663,110134100.0
2024-12-16,110.717,110.703,110.762,110.599,1154100.0,0.0785,130505100.0
2024-12-17,110.661,110.722,110.732,110.653,1139800.0,0.0775,128896600.0
2024-12-18,110.699,110.669,110.811,109.682,1010900.0,0.0687,114329100.0
2024-12-19,110.755,110.732,110.755,110.682,1145500.0,0.0779,129555800.0
2024-12-20,110.76,110.807,110.807,110.735,431300.0,0.029300000000000003,48795800.0
2024-12-23,110.88,110.812,110.98,110.777,1269900.0,0.0863,143732100.0
2024-12-24,110.822,110.855,110.917,110.799,866200.0,0.058899999999999994,98068300.0
2024-12-25,110.832,110.865,110.908,110.832,424800.0,0.028900000000000002,48106200.0
2024-12-26,110.867,110.903,110.967,110.867,511900.0,0.0348,57988500.0
2024-12-27,110.955,111.019,111.02,110.954,434800.0,0.0286,49287299.99999999
2024-12-30,111.013,111.014,111.021,111.01,3427700.0,0.2254,388648700.0
2024-12-31,111.057,111.137,111.137,111.057,1944900.0,0.12789999999999999,220674900.00000003
2025-01-02,111.17,111.145,111.171,111.098,3691000.0,0.2427,418920300.0
2025-01-03,111.145,111.266,111.266,111.145,1195700.0,0.0786,135861600.0
2025-01-06,111.232,111.194,111.232,111.137,4386900.0,0.28850000000000003,498058000.0
2025-01-07,111.194,111.134,111.194,111.116,1803200.0,0.1186,204706300.0
2025-01-08,111.134,111.154,111.17,111.11,5486200.0,0.3608,622804100.0
2025-01-09,111.154,111.007,111.154,110.993,6347500.0,0.4174,719957500.0
2025-01-10,111.027,110.976,111.076,110.76,6738000.0,0.43450000000000005,763474200.0
2025-01-13,111.025,110.965,111.025,110.909,6947500.0,0.44770000000000004,787406600.0
2025-01-14,111.033,111.007,111.045,110.966,8902600.0,0.5737,1009281799.9999999
2025-01-15,111.056,111.039,111.062,111.018,7920600.0,0.5104,898249700.0
2025-01-16,111.043,111.049,111.051,110.972,8961900.0,0.5775,1016154700.0
2025-01-17,111.11,110.979,111.11,110.974,9982900.0,0.6433,1131960700.0
2025-01-20,111.053,111.018,111.053,111.011,4920400.0,0.3171,557969800.0
2025-01-21,111.0,111.063,111.079,111.0,10715500.0,0.6905,1215343200.0
2025-01-22,111.063,111.032,111.063,111.013,4518500.0,0.2912,512394000.0
2025-01-23,110.997,110.94,111.005,110.898,5048200.0,0.3212,572076600.0
2025-01-24,110.964,110.934,110.964,110.891,9076400.0,0.5775,1028266100.0
2025-01-27,110.98,111.037,111.037,110.978,8521700.0,0.5422,966309900.0
2025-02-05,111.009,111.081,111.108,111.009,5922400.0,0.3768,671643800.0
2025-02-06,111.082,111.065,111.084,111.052,5048200.0,0.3212,572637500.0
2025-02-07,111.04,111.063,111.089,111.036,5032100.0,0.32020000000000004,570743700.0
2025-02-10,111.092,111.05,111.092,111.037,9979700.0,0.6349,1131991600.0
2025-02-11,111.05,111.082,111.086,111.05,4350400.0,0.2733,493511000.0
2025-02-12,111.082,111.112,111.112,111.082,6401400.0,0.4022,726386100.0
2025-02-13,111.099,111.082,111.112,111.082,8559800.0,0.5378000000000001,971163200.0000001
2025-02-14,111.072,111.019,111.072,111.001,11052900.0,0.6944,1253525700.0
2025-02-17,111.05,110.953,111.05,110.942,18037200.0,1.1332,2044005200.0
2025-02-18,110.949,110.909,110.949,110.882,8639900.0,0.5428000000000001,978697899.9999999
2025-02-19,110.922,110.894,110.922,110.855,6380900.0,0.40090000000000003,722671700.0
2025-02-20,110.857,110.774,110.872,110.774,4298700.0,0.2701,486746700.0
2025-02-21,110.774,110.769,110.832,110.74,14636400.0,0.9195,1656150900.0
2025-02-24,110.725,110.673,110.801,110.649,3213900.0,0.20190000000000002,363592000.0
2025-02-25,110.673,110.695,110.772,110.638,9383100.0,0.5876,1060729100.0
2025-02-26,110.668,110.723,110.723,110.668,6468100.0,0.40509999999999996,731333300.0
2025-02-27,110.591,110.566,110.611,110.552,10927100.0,0.6843,1234276300.0
2025-02-28,110.617,110.62,110.63,110.597,7969200.0,0.4991,900382600.0
2025-03-03,110.621,110.762,110.762,110.621,6771000.0,0.424,765431500.0
2025-03-04,110.762,110.678,110.762,110.677,5196600.0,0.32539999999999997,587543300.0
2025-03-05,110.678,110.715,110.725,110.678,9696500.0,0.6073,1096455300.0
2025-03-06,110.689,110.638,110.689,110.624,13145400.0,0.8233,1485793000.0
2025-03-07,110.604,110.472,110.604,110.43,7963100.0,0.49560000000000004,899017000.0
2025-03-10,110.509,110.462,110.517,110.462,5135100.0,0.3196,579570300.0
2025-03-11,110.511,110.414,110.512,110.392,9653400.0,0.6008,1088737200.0
2025-03-12,110.506,110.521,110.541,110.494,7139000.0,0.4443,805805500.0
2025-03-13,110.522,110.607,110.613,110.514,8448600.0,0.5257999999999999,954528800.0
2025-03-14,110.536,110.662,110.662,110.504,16460700.0,1.0245,1858246900.0
2025-03-17,110.493,110.387,110.493,110.381,15042500.0,0.9362,1696754400.0
2025-03-18,110.481,110.466,110.495,110.454,7722200.0,0.4806,871391100.0
2025-03-19,110.532,110.433,110.532,110.429,9034700.0,0.5623,1019133300.0
2025-03-20,110.512,110.519,110.522,110.465,12647900.0,0.7872,1427297500.0
2025-03-21,110.465,110.464,110.478,110.434,9447600.0,0.5818,1065938800.0
2025-03-24,110.471,110.511,110.522,110.466,4208100.0,0.25920000000000004,475021400.0
2025-03-25,110.561,110.532,110.561,110.53,4069300.0,0.2506,459440700.0
2025-03-26,110.522,110.523,110.542,110.488,10656000.0,0.6563,1202907800.0
2025-03-27,110.534,110.375,110.534,110.361,7450100.0,0.45880000000000004,839937300.0
2025-03-28,110.375,110.348,110.462,110.325,8095400.0,0.4986,912891500.0
2025-03-31,110.51,110.432,110.51,110.38,4054800.0,0.24969999999999998,457302600.0
2025-04-01,110.546,110.467,110.546,110.405,11152700.0,0.6869,1258019400.0
2025-04-02,110.509,110.558,110.569,110.46,12745200.0,0.7848999999999999,1439011900.0
2025-04-03,110.657,110.737,110.75,110.635,2809000.0,0.17300000000000001,317663500.0
2025-04-07,110.957,110.915,110.982,110.862,4288100.0,0.2641,485806500.0
2025-04-08,110.915,110.854,110.916,110.792,14463700.0,0.8908,1637599000.0
2025-04-09,110.85,110.887,110.911,110.824,14887000.0,0.9168000000000001,1685755700.0
2025-04-10,110.889,110.879,110.889,110.766,14451900.0,0.89,1635678500.0
2025-04-11,110.92,110.884,110.928,110.862,11845500.0,0.7295,1341820900.0
2025-04-14,110.893,110.862,110.902,110.852,16840800.0,1.0372,1907042700.0
2025-04-15,110.907,110.862,110.911,110.848,24184400.0,1.4894,2738941599.9999995
2025-04-16,110.914,110.905,110.914,110.87,26114700.0,1.6083,2957912700.0
2025-04-17,110.923,110.875,110.923,110.868,20011200.0,1.2324,2266351300.0
2025-04-18,110.927,110.88,110.927,110.863,28715200.0,1.7685,3252000300.0000005
2025-04-21,110.912,110.848,110.912,110.839,13985100.0,0.8613,1583855500.0
2025-04-22,110.896,110.882,110.896,110.866,17790700.0,1.0957,2014807400.0
2025-04-23,110.912,110.867,110.912,110.834,16950900.0,1.0439,1919471700.0000002
2025-04-24,110.906,110.869,110.906,110.84,18199900.0,1.1209,2061060100.0
2025-04-25,110.899,110.896,110.899,110.84,16278000.0,1.0025,1843613100.0
2025-04-28,110.917,110.927,110.981,110.913,16387800.0,1.0093,1856606600.0
2025-04-30,111.016,110.997,111.43,110.965,35649000.0,2.1955,4041617600.0
2025-05-06,111.019,110.999,111.042,110.991,11259400.0,0.6934,1276481400.0
2025-05-07,111.024,111.045,111.058,111.013,13815500.0,0.8508,1566755200.0
2025-05-08,111.159,111.099,111.159,111.075,21920300.0,1.35,2486736600.0
2025-05-09,111.126,111.125,111.136,111.118,20444000.0,1.2590999999999999,2320320900.0
2025-05-12,111.13,111.131,111.132,111.037,10674900.0,0.6574,1211556000.0
2025-05-13,111.105,111.138,111.146,111.105,12519100.0,0.7709999999999999,1420855200.0
2025-05-14,111.223,111.138,111.223,111.124,16442800.0,1.0126,1866336600.0
2025-05-15,111.151,111.132,111.175,111.118,20727100.0,1.2765,2353084900.0
2025-05-16,111.203,111.132,111.203,111.111,23055500.0,1.4112,2617160800.0
2025-05-19,111.194,111.154,111.194,111.145,10733900.0,0.653,1218505100.0
2025-05-20,111.188,111.15,111.188,111.137,19473500.0,1.1847,2210702400.0
2025-05-21,111.179,111.157,111.179,111.133,26281800.0,1.5988999999999998,2983551000.0
2025-05-22,111.182,111.153,111.182,111.134,23782000.0,1.4468,2699898600.0
2025-05-23,111.196,111.147,111.196,111.144,27033800.0,1.6446,3068898800.0
2025-05-26,111.162,111.153,111.162,110.647,33027300.0,2.0093,3749099699.9999995
2025-05-27,111.162,111.148,111.162,111.136,15592600.0,0.9486,1769918400.0
2025-05-28,111.192,111.152,111.192,111.132,19784600.0,1.2036,2245971700.0
2025-05-29,111.165,111.111,111.165,111.08,19738000.0,1.2008,2239705500.0
2025-05-30,111.19,111.152,111.19,111.146,20682600.0,1.2583,2347854400.0
2025-06-03,111.177,111.162,111.177,111.147,20103700.0,1.2229999999999999,2282549200.0
2025-06-04,111.179,111.19,111.19,111.117,15685900.0,0.9543,1781006900.0
2025-06-05,111.212,111.216,111.223,111.176,25977500.0,1.63,2950734699.9999995
2025-06-06,111.224,111.219,111.264,111.212,12599900.0,0.8068000000000001,1431411600.0
2025-06-09,111.327,111.236,111.327,111.227,33866400.0,2.1685,3847587900.0
2025-06-10,111.242,111.238,111.289,111.238,21023900.0,1.3462,2388774400.0
2025-06-11,111.272,111.262,111.272,111.251,18060000.0,1.1564,2052166500.0
2025-06-12,111.271,111.262,111.272,111.246,13584700.0,0.8698,1543636900.0
2025-06-13,111.297,111.287,111.297,111.266,12427800.0,0.7958,1412283800.0
2025-06-16,111.304,111.319,111.332,111.304,27881200.0,1.7853,3169813500.0
2025-06-17,111.381,111.354,111.384,111.326,19088700.0,1.2223,2170930300.0
2025-06-18,111.368,111.382,111.382,111.362,10205500.0,0.6535,1160773800.0
2025-06-19,111.383,111.382,111.401,111.369,11197500.0,0.7170000000000001,1273854200.0
2025-06-20,111.411,111.432,111.492,111.39,18455900.0,1.1817,2100230700.0
2025-06-23,111.439,111.439,111.443,111.421,16487300.0,1.0556999999999999,1876306500.0
2025-06-24,111.46,111.426,111.469,111.408,7757800.0,0.4886,882989200.0
2025-06-25,111.432,111.431,111.452,111.232,14006000.0,0.8820999999999999,1593980100.0
2025-06-26,111.415,111.425,111.447,111.391,16515600.0,1.0402,1879011200.0
2025-06-27,111.427,111.429,111.46,111.42,2798300.0,0.17620000000000002,318473000.0
2025-06-30,111.457,111.457,111.462,111.41,16219700.0,1.0088,1846060900.0
2025-07-01,111.457,111.459,111.471,111.451,6871700.0,0.3954,782177100.0000001
2025-07-02,111.48,111.47,111.497,111.455,11178700.0,0.6433,1272523600.0
2025-07-03,111.486,111.477,111.491,111.387,12330000.0,0.7437999999999999,1403708200.0
2025-07-04,111.494,111.518,112.133,111.462,23425400.0,1.4303,2667522300.0
2025-07-07,111.515,111.475,111.539,111.453,9256100.0,0.5652,1054184299.9999999
2025-07-08,111.483,111.486,111.505,111.458,1289200.0,0.0787,146778400.0
2025-07-09,111.512,111.484,111.512,111.475,6240300.0,0.381,710476200.0
2025-07-10,111.49,111.454,111.49,111.427,7923900.0,0.4838,902011100.0
2025-07-11,111.512,111.452,111.512,111.437,10147800.0,0.6196,1155105800.0
2025-07-14,111.477,111.44,111.477,111.421,7049600.0,0.4304,802408100.0
2025-07-15,111.452,111.512,111.577,111.452,21036200.0,1.2845,2395643200.0
2025-07-16,111.531,111.521,111.547,111.499,17236200.0,1.0524,1963197500.0
2025-07-17,111.551,111.541,111.562,111.534,24769900.0,1.5124000000000002,2821836500.0
2025-07-18,111.562,111.555,111.567,111.454,26363700.0,1.6098,3003509500.0
2025-07-21,111.564,111.531,111.566,111.468,31985300.0,1.953,3643715400.0
2025-07-22,111.577,111.547,111.642,111.54,23928000.0,1.4609999999999999,2726293000.0
2025-07-23,111.518,111.458,111.518,111.331,13643100.0,0.833,1552856300.0
2025-07-24,111.497,111.373,111.554,111.341,22619700.0,1.3811000000000002,2573259900.0
2025-07-25,111.474,111.387,111.474,111.376,1982000.0,0.1213,225479300.0
2025-07-28,111.462,111.394,111.477,111.276,16706500.0,1.0251000000000001,1900497900.0
2025-07-29,111.421,111.4,111.519,111.384,9035600.0,0.5544,1028206100.0
2025-07-30,111.503,111.478,111.503,111.336,21930000.0,1.3456000000000001,2496073100.0
2025-07-31,111.509,111.511,111.511,111.412,28106100.0,1.7246000000000001,3200434099.9999995
2025-08-01,111.53,111.556,111.557,111.511,28833000.0,1.7691999999999999,3283913800.0
2025-08-04,111.602,111.575,111.602,111.557,29432300.0,1.8059,3354211900.0
2025-08-05,111.592,111.569,111.592,111.542,12852400.0,0.7886,1464401099.9999998
2025-08-06,111.571,111.61,111.7,111.554,16934100.0,1.0391,1929812100.0
2025-08-07,111.642,111.64,111.656,111.622,11815200.0,0.725,1347156200.0
2025-08-08,111.652,111.642,111.663,111.613,17836200.0,1.0944,2033594200.0000002
2025-08-11,111.647,111.599,111.647,111.574,11251900.0,0.6904,1282266900.0
2025-08-12,111.631,111.606,111.661,111.532,3230600.0,0.19820000000000002,368132200.0
2025-08-13,111.607,111.605,111.648,111.457,9600000.0,0.6077,1093957400.0
2025-08-14,111.644,111.585,111.648,111.517,15349900.0,1.0034,1749060900.0
2025-08-15,111.631,111.608,111.651,111.579,13900200.0,0.9087000000000001,1584481400.0000002
2025-08-18,111.642,111.559,111.642,111.529,14143600.0,0.9246,1611472500.0
2025-08-19,111.626,111.606,111.642,111.573,26692000.0,1.7449000000000001,3042170900.0000005
2025-08-20,111.615,111.574,111.652,111.544,3638300.0,0.2378,414740400.0
2025-08-21,111.577,111.592,111.638,111.532,17004600.0,1.1116,1937547100.0
2025-08-22,111.6,111.591,111.6,111.532,18392300.0,1.2023000000000001,2096024800.0
2025-08-25,111.599,111.606,111.629,111.549,6840000.0,0.4471,779719800.0
2025-08-26,111.62,111.563,111.632,111.538,16460000.0,1.0759999999999998,1875322700.0
2025-08-27,111.609,111.654,111.704,111.551,2733200.0,0.1787,311477900.0
2025-08-28,111.649,111.61,111.662,111.61,12595200.0,0.8234,1436141900.0
2025-08-29,111.648,111.666,111.68,111.648,16860300.0,1.1022,1922781000.0
2025-09-01,111.672,111.685,111.698,111.662,7624100.0,0.4984,869642400.0
2025-09-02,111.679,111.698,111.706,111.679,15040100.0,0.9832,1715398800.0
2025-09-03,111.696,111.726,111.736,111.696,15139000.0,0.9895999999999999,1727359500.0
2025-09-04,111.742,111.725,111.751,111.711,18979900.0,1.2407,2165443100.0
2025-09-05,111.771,111.714,111.771,111.648,6702500.0,0.43810000000000004,764685399.9999999
2025-09-08,111.698,111.727,111.743,111.698,9520700.0,0.6224000000000001,1086226700.0
2025-09-09,111.727,111.712,111.742,111.691,16624400.0,1.0867,1896505799.9999998
2025-09-10,111.698,111.674,111.706,111.589,9213300.0,0.6023,1050906700.0
2025-09-11,111.695,111.701,111.742,111.667,1022100.0,0.0668,116571700.0
2025-09-12,111.704,111.699,111.718,111.678,14102300.0,0.9218999999999999,1608649200.0000002
2025-09-15,111.714,111.702,111.721,111.671,843700.0,0.0552,96241500.0
2025-09-16,111.712,111.757,111.757,111.666,16684200.0,1.0906,1902983200.0
2025-09-17,111.726,111.767,111.767,111.689,20512500.0,1.3409,2341027900.0
2025-09-18,111.764,111.751,111.787,111.747,19695600.0,1.2875,2248028300.0
2025-09-19,111.782,111.767,111.797,111.737,1044500.0,0.0683,119235800.0
2025-09-22,111.768,111.795,111.802,111.768,987800.0,0.0637,112750600.0
2025-09-23,111.775,111.797,111.807,111.764,862700.0,0.0557,98477300.0
2025-09-24,111.797,111.788,111.807,111.787,178200.0,0.0115,20342700.0
2025-09-25,111.804,111.753,111.804,111.723,76000.0,0.0049,8673100.0
2025-09-26,111.753,111.774,111.782,111.753,8360300.0,0.5395,954256600.0
2025-09-29,111.767,111.768,111.792,111.767,19008000.0,1.2265000000000001,2169953100.0
2025-09-30,111.797,111.813,111.842,111.757,15830700.0,1.0215,1807221700.0000002
2025-10-09,111.827,111.847,111.866,111.827,12484800.0,0.8056,1425964300.0
2025-10-10,111.867,111.847,111.901,111.847,2000600.0,0.1291,228546699.99999997
2025-10-13,111.863,111.849,111.892,111.843,19860000.0,1.2815,2268336700.0
2025-10-14,111.88,111.901,111.938,111.862,6430500.0,0.41490000000000005,734684600.0000001
2025-10-15,111.877,111.899,111.902,111.877,3675400.0,0.2372,419919300.0
2025-10-16,111.898,111.906,111.915,111.895,23063700.0,1.4882,2635431900.0
2025-10-17,111.987,111.937,111.987,111.912,13441100.0,0.8673000000000001,1536116600.0
2025-10-20,111.901,111.932,111.962,111.901,16353000.0,1.0552,1869171800.0
2025-10-21,111.882,111.929,111.97,111.882,1931100.0,0.1246,220694100.0
2025-10-22,111.882,111.919,111.979,111.882,15177200.0,0.9731000000000001,1734419900.0
2025-10-23,111.919,111.917,111.928,111.917,13891100.0,0.8793000000000001,1587597300.0
2025-10-24,111.883,111.907,111.932,111.883,14833600.0,0.9390000000000001,1695127800.0
2025-10-27,111.915,111.916,111.926,111.81,6382200.0,0.40399999999999997,729370200.0
2025-10-28,111.923,111.954,111.985,111.922,15661400.0,0.6071,1790692400.0
2025-10-29,111.963,111.987,112.023,111.96,20676900.0,0.621,2365093200.0
2025-10-30,112.0,112.014,112.022,111.968,18489300.0,0.4397,2114370300.0
2025-10-31,112.014,112.032,112.07,112.014,21107500.0,0.4991,2414521200.0
2025-11-03,112.032,112.037,112.08,112.016,21758300.0,0.5145000000000001,2489119800.0
2025-11-04,112.064,112.028,112.064,112.004,15933500.0,0.32159999999999994,1822791300.0
2025-11-05,111.998,112.042,112.071,111.998,23969800.0,0.4131,2742239200.0
2025-11-06,112.045,112.041,112.062,112.032,17102800.0,0.282,1956748900.0000002
2025-11-07,112.032,112.033,112.079,112.032,16795700.0,0.27690000000000003,1922039800.0
2025-11-10,112.052,112.052,112.076,112.037,1113700.0,0.0184,127438400.0
2025-11-11,112.082,112.067,112.152,112.06,12750700.0,0.2102,1459197600.0
2025-11-12,112.132,112.104,112.171,112.079,13651900.0,0.22469999999999998,1562697300.0
2025-11-13,112.073,112.103,112.141,112.073,3412200.0,0.0562,390639800.00000006
2025-11-14,112.104,112.122,112.176,112.104,33468600.0,0.5509000000000001,3831937700.0
2025-11-17,112.12,112.127,112.159,112.12,22170800.0,0.36219999999999997,2538613500.0
2025-11-18,112.127,112.18,112.188,112.125,60282900.0,0.9849,6904529200.0
2025-11-19,112.173,112.163,112.175,112.128,59941300.0,0.9793000000000001,6865154500.0
2025-11-20,112.161,112.177,112.191,112.16,66742000.0,1.0886,7645606300.0
2025-11-21,112.152,112.227,112.228,112.152,44240700.0,0.7216,5068690400.0
2025-11-24,112.235,112.215,112.255,112.199,61788300.0,1.0078,7079575800.0
2025-11-25,112.216,112.227,112.227,112.177,42710800.0,0.6967,4893803400.0
2025-11-26,112.227,112.233,112.292,112.169,61278500.0,0.9976,7019849900.0
2025-11-27,112.174,112.229,112.253,112.174,59661900.0,0.9665,6835643000.0
2025-11-28,112.232,112.239,112.306,112.196,53669200.0,0.8695,6150617300.0
2025-12-01,112.237,112.24,112.24,112.193,40027300.0,0.6453,4587212500.0
2025-12-02,112.251,112.24,112.253,112.214,47073000.0,0.7553,5394847700.0
2025-12-03,112.234,112.262,112.272,112.234,40694700.0,0.6487999999999999,4664772000.0
2025-12-04,112.143,112.196,112.197,112.091,36941700.0,0.5866,4230452300.0
2025-12-05,112.196,112.204,112.208,112.162,38748100.0,0.6153,4439469700.0
2025-12-08,112.219,112.159,112.219,112.152,53424100.0,0.8418000000000001,6119215900.0
2025-12-09,112.158,112.139,112.169,112.032,45737200.0,0.7161,5195309100.0
2025-12-10,112.125,112.178,112.185,112.033,48120800.0,0.7534000000000001,5467287100.0
2025-12-11,112.246,112.196,112.246,112.18,37670100.0,0.5898,4281337400.0
2025-12-12,112.238,112.187,112.267,112.172,54853200.0,0.8589,6234291800.000001
2025-12-15,112.227,112.175,112.227,112.148,57257500.0,0.8965000000000001,6506341400.0
2025-12-16,112.125,112.16,112.198,112.125,51134800.0,0.8006,5810193000.0
2025-12-17,112.158,112.206,112.206,112.158,45667000.0,0.715,5189415100.0
2025-12-18,112.218,112.169,112.226,112.163,65691200.0,0.7698,7464267500.0
2025-12-19,112.216,112.207,112.218,112.19,48844300.0,0.5724,5551350000.0
2025-12-22,112.224,112.15,112.224,112.146,49512500.0,0.5802,5625951500.0
2025-12-23,112.174,112.312,112.325,111.838,46038400.0,0.5395,5237262700.0
2025-12-24,112.32,112.327,112.341,112.273,38221000.0,0.4218,4348135100.0
2025-12-25,112.327,112.314,112.327,112.203,36039700.0,0.3775,4098902900.0
2025-12-26,112.308,112.402,112.419,112.308,36536600.0,0.3757,4158759400.0
2025-12-29,112.425,112.331,112.425,112.296,31452600.0,0.3129,3578509099.9999995
2025-12-30,112.308,112.318,112.36,112.298,28455700.0,0.26940000000000003,3237511500.0
2025-12-31,112.341,112.339,112.355,112.299,2205500.0,0.0209,250926500.0
2026-01-05,112.321,112.226,112.321,112.224,15981100.0,0.15130000000000002,1817332300.0
2026-01-06,112.278,112.214,112.278,112.137,58449500.0,0.5695,6643389399.999999
2026-01-07,112.247,112.198,112.247,112.164,43310900.0,0.4445,4922803200.0
2026-01-08,112.246,112.199,112.253,112.131,47028300.0,0.4827,5345905000.0
2026-01-09,112.209,112.255,112.29,112.193,36435200.0,0.38130000000000003,4142574000.0
2026-01-12,112.295,112.288,112.353,112.186,39927300.0,0.4368,4542087000.0
2026-01-13,112.34,112.297,112.348,112.268,44885300.0,0.491,5105612600.0
2026-01-14,112.294,112.336,112.355,112.294,39393100.0,0.4357,4482501600.0
2026-01-15,112.388,112.368,112.399,112.317,13997500.0,0.1548,1593317300.0
2026-01-16,112.398,112.401,112.45,112.329,44017900.0,0.4868,5011702600.0
2026-01-19,112.437,112.399,112.448,112.396,40652500.0,0.4547,4629059200.0
2026-01-20,112.417,112.448,112.488,112.36,28119300.0,0.3181,3202249500.0
2026-01-21,112.471,112.448,112.489,112.436,39071300.0,0.4443,4450577500.0
2026-01-22,112.458,112.457,112.459,112.378,39900600.0,0.456,4544243700.0
2026-01-23,112.517,112.553,112.584,112.467,40023100.0,0.45909999999999995,4563742200.0
2026-01-26,112.583,112.547,112.613,112.54,44298700.0,0.512,5050383600.0
2026-01-27,112.581,112.56,112.597,112.532,45066000.0,0.5257000000000001,5138063200.0
2026-01-28,112.584,112.596,112.684,112.527,34063900.0,0.39740000000000003,3884936599.9999995
2026-01-29,112.601,112.56,112.626,112.522,41114400.0,0.48350000000000004,4687866900.0
2026-01-30,112.569,112.581,112.626,112.558,50006600.0,0.5908,5701927000.0
2026-02-02,112.596,112.598,112.65,112.573,43503100.0,0.5139,4961440300.0
2026-02-03,112.638,112.628,112.638,112.554,40380500.0,0.47700000000000004,4605677700.0
2026-02-04,112.647,112.652,112.658,112.578,40780100.0,0.4818,4653318900.0
2026-02-05,112.714,112.662,112.714,112.622,45807000.0,0.5467,5227163800.0
2026-02-06,112.692,112.652,112.692,112.625,20325500.0,0.2426,2318902000.0
2026-02-09,112.658,112.688,112.688,112.62,34644400.0,0.41350000000000003,3953722000.0
2026-02-10,112.687,112.713,112.713,112.653,36617700.0,0.43700000000000006,4180123100.0
2026-02-11,112.721,112.711,112.738,112.697,47242700.0,0.5638000000000001,5392991500.0
2026-02-12,112.718,112.721,112.722,112.691,33952400.0,0.4052,3876243200.0
2026-02-13,112.783,112.812,112.817,112.739,35614200.0,0.4251,4067160100.0
2026-02-24,112.812,112.783,112.812,112.752,21366900.0,0.255,2440866100.0
2026-02-25,112.787,112.774,112.798,112.765,44164100.0,0.5271,5044932100.0
2026-02-26,112.775,112.716,112.777,112.701,28296000.0,0.33770000000000006,3230882199.9999995
2026-02-27,112.761,112.772,112.773,112.711,34857100.0,0.41600000000000004,3980543900.0
2026-03-02,112.759,112.774,112.796,112.751,28860100.0,0.3444,3296229000.0
2026-03-03,112.792,112.82,112.859,112.756,41861500.0,0.4996,4782153200.0
2026-03-04,112.82,112.859,112.878,112.804,29551800.0,0.3527,3378123300.0
2026-03-05,112.859,112.876,112.888,112.84,35623200.0,0.4252,4072440300.0000005
2026-03-06,112.905,112.887,112.905,112.87,44687700.0,0.5324,5109498700.0
2026-03-09,112.868,112.807,112.868,112.802,30281700.0,0.3608,3460003800.0
2026-03-10,112.852,112.868,112.906,112.85,27577400.0,0.3285,3152365200.0
2026-03-11,112.892,112.877,112.892,112.868,28769100.0,0.3427,3289144099.9999995
2026-03-12,112.876,112.907,112.918,112.876,31280400.0,0.37270000000000003,3577002000.0
2026-03-13,112.908,112.901,112.936,112.89,36363900.0,0.43320000000000003,4158566300.0
2026-03-16,112.909,112.894,112.909,112.867,27605800.0,0.3289,3156639000.0
2026-03-17,112.913,112.912,112.929,112.909,37030600.0,0.4412,4235078900.0
2026-03-18,112.926,112.931,112.942,112.923,26468400.0,0.31379999999999997,3027535800.0
2026-03-19,112.941,112.97,112.972,112.941,23319100.0,0.27649999999999997,2668169800.0
2026-03-20,112.968,112.99,112.999,112.941,22645400.0,0.2685,2591607200.0
2026-03-23,112.991,112.993,113.012,112.991,33597100.0,0.39840000000000003,3845052900.0
2026-03-24,112.999,113.032,113.034,112.999,24387400.0,0.2892,2791649300.0
2026-03-25,113.104,113.044,113.104,113.019,25289400.0,0.2999,2875911800.0
2026-03-26,113.025,113.035,113.051,113.025,34849500.0,0.4132,3963174400.0
2026-03-27,113.04,113.048,113.055,113.035,16565000.0,0.19640000000000002,1883982300.0
2026-03-30,113.041,113.09,113.114,113.039,35959800.0,0.42590000000000006,4091394300.0
2026-03-31,113.09,113.079,113.097,113.061,41202400.0,0.4879,4687923700.0
2026-04-01,113.064,113.091,113.096,113.064,32778200.0,0.3881,3729271700.0
2026-04-02,113.072,113.109,113.11,113.07,32870400.0,0.38880000000000003,3740256400.0
2026-04-03,113.109,113.118,113.123,113.104,21308400.0,0.2514,2424959100.0
2026-04-07,113.123,113.132,113.133,113.1,16492100.0,0.1946,1876987600.0
2026-04-08,113.132,113.119,113.132,113.101,16408700.0,0.1936,1867500900.0
2026-04-09,113.125,113.141,113.141,113.125,34322500.0,0.405,3906518100.0
2026-04-10,113.159,113.155,113.174,113.137,27599400.0,0.3257,3141697199.9999995
2026-04-13,113.165,113.186,113.187,113.165,25967500.0,0.3064,2956918700.0
2026-04-14,113.188,113.203,113.215,113.184,28575000.0,0.3372,3254406599.9999995
2026-04-15,113.198,113.24,113.241,113.198,28438600.0,0.3356,3239582800.0000005
2026-04-16,113.24,113.241,113.259,113.229,32578700.0,0.38439999999999996,3711463100.0
2026-04-17,113.247,113.286,113.341,113.247,32737100.0,0.38630000000000003,3731989900.0
2026-04-20,113.303,113.326,113.326,113.3,31505400.0,0.3718,3591521400.0
2026-04-21,113.377,113.407,113.431,113.336,27519700.0,0.3221,3138303100.0
2026-04-22,113.407,113.411,113.418,113.366,23280200.0,0.2691,2655488800.0
2026-04-23,113.42,113.417,113.425,113.364,22414500.0,0.2569,2556982100.0
2026-04-24,113.414,113.423,113.429,113.382,28045400.0,0.3214,3200314800.0
2026-04-27,113.423,113.379,113.484,113.374,32907600.0,0.3753,3753677400.0
2026-04-28,113.42,113.409,113.434,113.339,39849000.0,0.44909999999999994,4544700900.0
2026-04-29,113.41,113.424,113.441,113.377,30589800.0,0.3429,3490012100.0
2026-04-30,113.448,113.421,113.448,113.402,29109500.0,0.32520000000000004,3321192000.0
2026-05-06,113.434,113.351,113.434,113.341,27197800.0,0.3039,3102093100.0
2026-05-07,113.398,113.406,113.414,113.361,9455800.0,0.1056,1078618700.0
2026-05-08,113.399,113.394,113.41,113.386,16046400.0,0.1793,1830573599.9999998
2026-05-11,113.402,113.397,113.411,113.383,5385200.0,0.0602,614346100.0
2026-05-12,113.402,113.404,113.423,113.363,13126700.0,0.1464,1497475200.0
2026-05-13,113.411,113.386,113.434,113.077,20595600.0,0.2271,2350263400.0
2026-05-14,113.391,113.431,113.439,113.39,30951000.0,0.3394,3531846500.0
2026-05-15,113.455,113.472,113.472,113.424,37794900.0,0.41450000000000004,4314177300.0
2026-05-18,113.472,113.48,113.488,113.456,13166200.0,0.1444,1502974000.0
2026-05-19,113.502,113.514,113.526,113.48,21706800.0,0.23800000000000002,2478915900.0
2026-05-20,113.541,113.529,113.541,113.506,8347600.0,0.0915,953371000.0
2026-05-21,113.519,113.524,113.55,113.514,21932100.0,0.24050000000000002,2504885300.0
2026-05-22,113.517,113.538,113.54,113.517,29917600.0,0.3281,3417128400.0000005
2026-05-25,113.546,113.552,113.557,113.538,13079800.0,0.1434,1494208599.9999998
2026-05-26,113.552,113.581,113.592,113.552,33295500.0,0.3651,3804377800.0000005
2026-05-27,113.579,113.591,113.596,113.577,24219100.0,0.2656,2767564600.0
2026-05-28,113.591,113.622,113.631,113.583,51914100.0,0.5693,5933474500.0
2026-05-29,113.623,113.654,113.665,113.623,10102800.0,0.1108,1155161400.0
2026-06-01,113.659,113.662,113.7,113.579,22536900.0,0.24710000000000001,2576104000.0
2026-06-02,113.654,113.653,113.673,113.637,9771100.0,0.10710000000000001,1117244800.0
2026-06-03,113.648,113.68,113.685,113.635,23964200.0,0.2627,2739882100.0
2026-06-04,113.667,113.681,113.69,113.659,24579800.0,0.26940000000000003,2811043600.0
2026-06-05,113.681,113.677,113.69,113.663,28402800.0,0.31129999999999997,3247955500.0
2026-06-08,113.677,113.654,113.677,113.603,19510800.0,0.213,2230013500.0
2026-06-09,113.634,113.659,113.662,113.626,22679200.0,0.24760000000000001,2593159900.0
2026-06-10,113.656,113.635,113.684,113.631,9713300.0,0.1061,1110715600.0
2026-06-11,113.635,113.586,113.645,113.585,18634000.0,0.2032,2129915799.9999998
2026-06-12,113.593,113.616,113.624,113.593,28721200.0,0.31329999999999997,3282689699.9999995
2026-06-15,113.596,113.632,113.677,113.594,28757100.0,0.3136,3287511000.0
2026-06-16,113.617,113.658,113.659,113.617,18997900.0,0.2072,2171879200.0
2026-06-17,113.658,113.658,113.673,113.638,3924800.0,0.042800000000000005,448770300.0
2026-06-18,113.655,113.685,113.714,113.64,10279700.0,0.1106,1175683700.0
2026-06-22,113.685,113.704,113.725,113.638,7886600.0,0.0848,902205100.0
2026-06-23,113.727,113.666,113.727,113.658,5446200.0,0.0582,619069800.0
2026-06-24,113.667,113.673,113.69,113.642,5687900.0,0.060700000000000004,646584200.0
2026-06-25,113.655,113.693,113.713,113.655,28716600.0,0.3064,3264885700.0
2026-06-26,113.683,113.696,113.703,113.667,18815300.0,0.19149999999999998,2139250100.0
2026-06-29,113.67,113.689,113.727,113.644,3020300.0,0.03,343386200.0
2026-06-30,113.681,113.689,113.709,113.674,22450800.0,0.223,2552355900.0
2026-07-01,113.687,113.65,113.693,113.649,32902300.0,0.3268,3739609400.0
2026-07-02,113.651,113.65,113.678,113.639,8644800.0,0.0859,982481500.0
2026-07-03,113.655,113.646,113.682,113.645,13320300.0,0.1323,1513950400.0
2026-07-06,113.662,113.672,113.685,113.657,15984600.0,0.1588,1817086099.9999998
2026-07-07,113.677,113.69,113.695,113.674,9401500.0,0.0934,1068871300.0
2026-07-08,113.69,113.718,113.718,113.683,28544700.0,0.2836,3245985500.0
2026-07-09,113.715,113.718,113.729,113.705,22436400.0,0.2229,2551566800.0
2026-07-10,113.714,113.732,113.738,113.714,20385200.0,0.21309999999999998,2318483900.0
2026-07-13,113.731,113.752,113.756,113.726,30328200.0,0.317,3449890500.0
2026-07-14,113.763,113.754,113.775,113.739,26018200.0,0.27190000000000003,2960088300.0
2026-07-15,113.751,113.757,113.77,113.743,28416800.0,0.297,3232890200.0
2026-07-16,113.765,113.759,113.765,113.734,9673900.0,0.1011,1100453400.0
2026-07-17,113.76,113.785,113.789,113.752,13231800.0,0.1383,1505398500.0
2026-07-20,113.766,113.766,113.79,113.762,26892600.0,0.2811,3059971900.0
2026-07-21,113.793,113.782,113.794,113.769,26930900.0,0.2815,3064251400.0
2026-07-22,113.78,113.809,113.838,113.78,15131500.0,0.1582,1721877300.0
2026-07-23,113.85,113.83,113.85,113.78,18656000.0,0.195,2123247400.0
2026-07-24,113.831,113.829,113.85,113.809,34989300.0,0.3657,3982791599.9999995
2026-07-27,113.82,113.837,113.84,113.813,22199500.0,0.23199999999999998,2527120000.0
2026-07-28,113.86,113.836,113.86,113.836,25384200.0,0.26530000000000004,2889738200.0
2026-07-29,113.836,113.84,113.85,113.836,20439000.0,0.21359999999999998,2326938900.0
2026-07-30,113.838,113.846,113.85,113.837,16180800.0,0.1691,1842150799.9999998
2026-07-31,113.849,113.861,113.869,113.849,19860500.0,0.2076,2261316600.0
2026-08-03,113.862,113.867,113.879,113.86,19890800.0,0.2079,2264807600.0
2026-08-04,113.861,113.893,113.896,113.85,26536100.0,0.2773,3022350400.0
2026-08-05,113.898,113.9,113.9,113.871,27998300.0,0.2926,3188851900.0
2026-08-06,113.882,113.901,113.905,113.879,39717500.0,0.4143,4523822900.0
2026-08-07,113.916,113.915,113.916,113.898,23727500.0,0.2475,2702822100.0
