date,open,close,high,low,volume,turnover,amount
2020-02-26,0.53,0.554,0.559,0.53,47794700.0,0.0,47247500.0
2020-02-27,0.551,0.555,0.561,0.551,17093400.0,0.0,17041600.0
2020-02-28,0.553,0.533,0.553,0.527,18164200.0,0.0,17797700.0
2020-03-02,0.533,0.558,0.561,0.533,22379100.0,0.0,22296200.0
2020-03-03,0.563,0.562,0.568,0.559,29950800.0,0.0,30036100.0
2020-03-04,0.559,0.565,0.566,0.559,15123100.0,0.0,15167800.0
2020-03-05,0.567,0.579,0.581,0.566,46618100.0,0.0,47334000.0
2020-03-06,0.57,0.571,0.575,0.568,6142900.0,0.0,6211300.0
2020-03-09,0.564,0.557,0.57,0.553,6294900.0,0.0,6280100.0
2020-03-10,0.554,0.568,0.573,0.55,10814200.0,0.0,10869600.0
2020-03-11,0.562,0.56,0.568,0.56,2901700.0,0.0,2914700.0000000005
2020-03-12,0.56,0.546,0.56,0.543,4393900.0,0.0,4343200.0
2020-03-13,0.533,0.532,0.536,0.448,4586400.0,0.0,4400500.0
2020-03-16,0.532,0.52,0.54,0.518,4421200.0,0.0,4277400.0
2020-03-17,0.52,0.515,0.535,0.502,3817000.0,0.0,3650500.0
2020-03-18,0.514,0.501,0.521,0.501,1769500.0,0.0,1688200.0
2020-03-19,0.495,0.485,0.501,0.474,3338300.0,0.0,3081700.0
2020-03-20,0.485,0.497,0.497,0.483,3832500.0,0.0,3566100.0
2020-03-23,0.49,0.471,0.49,0.47,2990400.0,0.0,2730400.0
2020-03-24,0.48,0.489,0.49,0.478,8319100.0,0.0,7706200.0
2020-03-25,0.492,0.507,0.507,0.492,4088500.0,0.0,3863800.0
2020-03-26,0.498,0.5,0.504,0.498,2404700.0,0.0,2263500.0
2020-03-27,0.504,0.507,0.514,0.504,6023700.0,0.0,5711200.0
2020-03-30,0.498,0.503,0.507,0.497,3586400.0,0.0,3379900.0
2020-03-31,0.502,0.497,0.509,0.497,2835000.0,0.0,2670800.0
2020-04-01,0.497,0.492,0.502,0.491,1533600.0,0.0,1441100.0000000002
2020-04-02,0.491,0.501,0.501,0.488,1845800.0,0.0,1724500.0
2020-04-03,0.501,0.498,0.501,0.495,7083500.0,0.0,6644800.0
2020-04-07,0.5,0.507,0.508,0.5,8021100.0,0.0,7583000.0
2020-04-08,0.505,0.505,0.507,0.501,8629800.0,0.0,8163200.000000001
2020-04-09,0.508,0.508,0.509,0.505,662200.0,0.0,626900.0
2020-04-10,0.508,0.501,0.508,0.498,3091400.0,0.0,2909900.0
2020-04-13,0.497,0.497,0.498,0.496,3088100.0,0.0,2893200.0
2020-04-14,0.499,0.505,0.506,0.499,3486300.0,0.0,3290200.0
2020-04-15,0.505,0.501,0.506,0.501,6539900.0,0.0,6167900.0
2020-04-16,0.499,0.504,0.505,0.497,1602300.0,0.0,1508400.0
2020-04-17,0.508,0.507,0.509,0.505,3675400.0,0.0,3478200.0
2020-04-20,0.507,0.504,0.507,0.502,3440000.0,0.0,3247300.0
2020-04-21,0.503,0.496,0.503,0.493,3627000.0,0.0,3399000.0
2020-04-22,0.491,0.498,0.498,0.47,7386100.0,0.0,6900900.0
2020-04-23,0.497,0.495,0.5,0.495,2640600.0,0.0,2472600.0
2020-04-24,0.495,0.489,0.495,0.488,3490600.0,0.0,3248100.0
2020-04-27,0.49,0.494,0.498,0.49,2546300.0,0.0,2383900.0
2020-04-28,0.493,0.489,0.493,0.479,2244900.0,0.0,2086200.0
2020-04-29,0.49,0.499,0.5,0.49,8078000.0,0.0,7580599.999999999
2020-04-30,0.502,0.511,0.512,0.502,10058200.0,0.0,9548700.0
2020-05-06,0.51,0.508,0.51,0.5,4038700.0,0.0,3815299.9999999995
2020-05-07,0.508,0.502,0.508,0.501,6839800.0,0.0,6436600.0
2020-05-08,0.503,0.509,0.509,0.503,7978500.0,0.0,7561700.0
2020-05-11,0.509,0.51,0.512,0.507,8877000.0,0.0,8433400.0
2020-05-12,0.514,0.505,0.514,0.503,1133200.0,0.0,1071100.0
2020-05-13,0.505,0.505,0.505,0.499,6470400.0,0.0,6105000.0
2020-05-14,0.505,0.496,0.505,0.487,8179400.0,0.0,7678800.0
2020-05-15,0.498,0.493,0.499,0.493,10281500.0,0.0,9618400.0
2020-05-18,0.494,0.496,0.499,0.494,1969400.0,0.0,1845800.0000000002
2020-05-19,0.496,0.499,0.504,0.496,2238000.0,0.0,2104900.0
2020-05-20,0.499,0.495,0.499,0.493,6191100.0,0.0,5793500.0
2020-05-21,0.496,0.491,0.497,0.49,1158000.0,0.0,1078400.0
2020-05-22,0.488,0.478,0.488,0.477,2146700.0,0.0,1980500.0
2020-05-25,0.479,0.477,0.48,0.475,1110900.0,0.0,1018900.0
2020-05-26,0.478,0.481,0.481,0.478,3148300.0,0.0,2895000.0
2020-05-27,0.48,0.483,0.484,0.48,3223500.0,0.0,2975200.0
2020-05-28,0.484,0.486,0.49,0.483,12576500.0,0.0,11640900.0
2020-05-29,0.486,0.482,0.486,0.48,12222700.0,0.0,11287500.0
2020-06-01,0.487,0.493,0.494,0.486,13367200.0,0.0,12415600.0
2020-06-02,0.493,0.497,0.497,0.493,13586100.0,0.0,12692300.0
2020-06-03,0.5,0.499,0.506,0.497,13387300.0,0.0,12592400.0
2020-06-04,0.499,0.493,0.499,0.492,8941700.0,0.0,8353700.0
2020-06-05,0.487,0.494,0.494,0.487,14034400.0,0.0,13064200.0
2020-06-08,0.493,0.497,0.499,0.493,9112800.0,0.0,8538800.0
2020-06-09,0.495,0.5,0.501,0.495,12507000.0,0.0,11739500.0
2020-06-10,0.501,0.496,0.501,0.494,13640500.0,0.0,12785900.0
2020-06-11,0.493,0.487,0.494,0.487,14588600.0,0.0,13583300.0
2020-06-12,0.48,0.485,0.485,0.478,14597800.0,0.0,13451199.999999998
2020-06-15,0.479,0.477,0.484,0.476,14957500.0,0.0,13780200.0
2020-06-16,0.48,0.486,0.486,0.479,12810300.0,0.0,11813800.000000002
2020-06-17,0.484,0.489,0.49,0.484,12296900.0,0.0,11392800.0
2020-06-18,0.489,0.496,0.497,0.485,11029200.0,0.0,10284300.0
2020-06-19,0.513,0.497,0.513,0.49,10146200.0,0.0,9494100.0
2020-06-22,0.495,0.494,0.498,0.493,12044900.0,0.0,11266900.0
2020-06-23,0.492,0.49,0.492,0.489,4548300.0,0.0,4232000.0
2020-06-24,0.492,0.496,0.496,0.492,8208300.0,0.0,7677300.0
2020-06-29,0.496,0.488,0.496,0.487,10396700.0,0.0,9669000.0
2020-06-30,0.487,0.492,0.495,0.487,13068000.0,0.0,12171900.0
2020-07-01,0.493,0.506,0.507,0.493,7593900.0,0.0,7145700.000000001
2020-07-02,0.506,0.529,0.53,0.506,11593300.0,0.0,11116199.999999998
2020-07-03,0.529,0.549,0.55,0.529,12473100.0,0.0,12271900.0
2020-07-06,0.551,0.616,0.616,0.551,42033500.0,0.0,43339399.99999999
2020-07-07,0.63,0.601,0.641,0.601,21005400.0,0.0,22187300.0
2020-07-08,0.601,0.612,0.628,0.596,21146400.0,0.0,22171600.0
2020-07-09,0.612,0.618,0.622,0.603,17402400.0,0.0,18385900.0
2020-07-10,0.618,0.595,0.618,0.594,10366200.0,0.0,10819200.0
2020-07-13,0.591,0.611,0.616,0.589,10328700.0,0.0,10793900.000000002
2020-07-14,0.605,0.604,0.618,0.592,11056200.0,0.0,11575800.0
2020-07-15,0.608,0.588,0.608,0.587,7469300.0,0.0,7764000.0
2020-07-16,0.588,0.574,0.608,0.573,9102400.0,0.0,9435800.0
2020-07-17,0.573,0.571,0.583,0.564,12583500.0,0.0,12772900.0
2020-07-20,0.576,0.602,0.602,0.575,11074300.0,0.0,11409800.0
2020-07-21,0.6,0.599,0.609,0.598,10840400.0,0.0,11298800.000000002
2020-07-22,0.609,0.603,0.618,0.6,15012900.0,0.0,15756400.000000002
2020-07-23,0.6,0.597,0.603,0.584,7091900.0,0.0,7345400.0
2020-07-24,0.597,0.572,0.597,0.568,8237000.0,0.0,8466000.0
2020-07-27,0.572,0.57,0.575,0.566,11982600.0,0.0,12114200.0
2020-07-28,0.568,0.573,0.578,0.568,6018900.0,0.0,6113099.999999999
2020-07-29,0.565,0.582,0.583,0.564,7077400.0,0.0,7138700.0
2020-07-30,0.583,0.58,0.586,0.579,8735900.0,0.0,8940900.0
2020-07-31,0.58,0.581,0.591,0.575,4101600.0,0.0,4207600.0
2020-08-03,0.58,0.591,0.592,0.58,9834300.0,0.0,10106100.0
2020-08-04,0.595,0.603,0.605,0.587,16616200.0,0.0,17187500.0
2020-08-05,0.595,0.592,0.595,0.585,7385900.0,0.0,7609400.000000001
2020-08-06,0.592,0.592,0.596,0.585,12453900.0,0.0,12850600.0
2020-08-07,0.585,0.589,0.595,0.583,6927800.0,0.0,7122600.0
2020-08-10,0.589,0.603,0.605,0.585,2846000.0,0.0,2957500.0
2020-08-11,0.6,0.599,0.617,0.598,6820300.0,0.0,7184100.0
2020-08-12,0.581,0.607,0.607,0.581,6431400.0,0.0,6713700.0
2020-08-13,0.607,0.61,0.616,0.607,6741000.0,0.0,7087800.0
2020-08-14,0.615,0.62,0.627,0.609,5660900.0,0.0,5970700.000000001
2020-08-17,0.619,0.643,0.649,0.601,7944300.0,0.0,8548200.0
2020-08-18,0.642,0.64,0.645,0.635,8191800.0,0.0,8860800.0
2020-08-19,0.634,0.643,0.651,0.634,8255500.0,0.0,8939400.0
2020-08-20,0.643,0.631,0.643,0.63,3339200.0,0.0,3586700.0
2020-08-21,0.631,0.633,0.64,0.631,1849500.0,0.0,1986300.0
2020-08-24,0.636,0.632,0.638,0.631,5504100.0,0.0,5915300.0
2020-08-25,0.633,0.627,0.636,0.624,1519600.0,0.0,1623400.0
2020-08-26,0.628,0.62,0.63,0.616,10964500.0,0.0,11664500.0
2020-08-27,0.62,0.621,0.623,0.619,7409000.0,0.0,7865700.000000001
2020-08-28,0.62,0.637,0.637,0.62,1297000.0,0.0,1386000.0
2020-08-31,0.637,0.634,0.647,0.634,7013800.0,0.0,7595500.0
2020-09-01,0.635,0.64,0.64,0.632,7785900.0,0.0,8369299.999999999
2020-09-02,0.641,0.632,0.641,0.627,8509000.0,0.0,9132300.0
2020-09-03,0.63,0.632,0.641,0.618,9052000.0,0.0,9710600.0
2020-09-04,0.629,0.627,0.629,0.619,12399900.0,0.0,13187700.0
2020-09-07,0.625,0.62,0.631,0.62,4082600.0,0.0,4350600.0
2020-09-08,0.62,0.634,0.636,0.62,3530300.0,0.0,3766800.0
2020-09-09,0.634,0.625,0.636,0.625,5655600.0,0.0,6060200.0
2020-09-10,0.625,0.62,0.63,0.62,3383100.0,0.0,3611200.0
2020-09-11,0.615,0.621,0.621,0.615,5619600.0,0.0,5943099.999999999
2020-09-14,0.621,0.623,0.623,0.618,5196200.0,0.0,5504000.0
2020-09-15,0.622,0.625,0.625,0.619,4450200.0,0.0,4722500.0
2020-09-16,0.625,0.628,0.633,0.623,4679500.0,0.0,5001700.0
2020-09-17,0.628,0.625,0.629,0.624,4292600.0,0.0,4587500.0
2020-09-18,0.63,0.641,0.642,0.63,1980500.0,0.0,2128900.0
2020-09-21,0.639,0.635,0.641,0.634,1317200.0,0.0,1416600.0
2020-09-22,0.633,0.621,0.633,0.621,2529600.0,0.0,2697100.0
2020-09-23,0.622,0.618,0.622,0.618,426500.0,0.0,451700.0
2020-09-24,0.615,0.601,0.615,0.601,541200.0,0.0,565600.0
2020-09-25,0.605,0.598,0.605,0.597,197000.0,0.0,204899.99999999997
2020-09-28,0.604,0.601,0.604,0.599,1540400.0,0.0,1604900.0
2020-09-29,0.604,0.602,0.605,0.601,618300.0,0.0,645600.0
2020-09-30,0.603,0.596,0.604,0.592,727200.0,0.0,755100.0
2020-10-09,0.596,0.606,0.618,0.596,205600.0,0.0,215300.0
2020-10-12,0.607,0.62,0.621,0.607,1490700.0,0.0,1577600.0
2020-10-13,0.62,0.621,0.622,0.616,1707700.0,0.0,1808800.0
2020-10-14,0.616,0.618,0.62,0.616,4279300.0,0.0,4528100.0
2020-10-15,0.618,0.622,0.626,0.617,4910700.0,0.0,5225900.0
2020-10-16,0.623,0.629,0.633,0.621,4459800.0,0.0,4770200.0
2020-10-19,0.63,0.626,0.644,0.626,3262300.0,0.0,3497500.0
2020-10-20,0.625,0.623,0.625,0.618,2094400.0,0.0,2220900.0
2020-10-21,0.624,0.628,0.628,0.619,2845700.0,0.0,3025400.0
2020-10-22,0.625,0.626,0.626,0.622,1386700.0,0.0,1475800.0000000002
2020-10-23,0.63,0.628,0.635,0.627,3481200.0,0.0,3725899.9999999995
2020-10-26,0.627,0.62,0.627,0.619,1992800.0,0.0,2112600.0
2020-10-27,0.622,0.618,0.622,0.616,1868900.0,0.0,1977500.0
2020-10-28,0.623,0.614,0.623,0.61,3061500.0,0.0,3223900.0
2020-10-29,0.614,0.615,0.617,0.605,4185000.0,0.0,4389400.0
2020-10-30,0.615,0.609,0.624,0.609,3074600.0,0.0,3248500.0
2020-11-02,0.61,0.615,0.615,0.61,6569500.0,0.0,6913000.0
2020-11-03,0.618,0.623,0.625,0.618,5165000.0,0.0,5481400.0
2020-11-04,0.623,0.63,0.63,0.621,5110700.0,0.0,5443099.999999999
2020-11-05,0.63,0.638,0.64,0.63,4237000.0,0.0,4561400.0
2020-11-06,0.639,0.646,0.646,0.637,8353900.0,0.0,9042000.0
2020-11-09,0.643,0.655,0.659,0.643,5466000.0,0.0,5988900.0
2020-11-10,0.655,0.655,0.665,0.653,3117500.0,0.0,3425400.0
2020-11-11,0.656,0.663,0.669,0.654,4995700.0,0.0,5489800.0
2020-11-12,0.662,0.655,0.662,0.654,4769400.0,0.0,5235000.0
2020-11-13,0.655,0.645,0.655,0.64,5060200.0,0.0,5474000.0
2020-11-16,0.646,0.655,0.655,0.646,5847600.0,0.0,6385700.000000001
2020-11-17,0.655,0.656,0.66,0.655,8758500.0,0.0,9600100.0
2020-11-18,0.656,0.661,0.669,0.654,6232100.0,0.0,6850100.0
2020-11-19,0.661,0.664,0.667,0.66,5542800.0,0.0,6107900.0
2020-11-20,0.662,0.666,0.667,0.66,4287500.0,0.0,4728500.0
2020-11-23,0.67,0.681,0.687,0.67,5290900.0,0.0,5924700.0
2020-11-24,0.68,0.681,0.682,0.678,3681800.0,0.0,4121300.0
2020-11-25,0.689,0.676,0.691,0.673,5416000.0,0.0,6078000.0
2020-11-26,0.678,0.684,0.685,0.675,4765500.0,0.0,5345500.0
2020-11-27,0.686,0.697,0.698,0.685,5736700.0,0.0,6485599.999999999
2020-11-30,0.714,0.697,0.725,0.696,6106700.0,0.0,7021200.0
2020-12-01,0.7,0.705,0.707,0.692,5543300.0,0.0,6311300.0
2020-12-02,0.708,0.704,0.712,0.698,6316700.0,0.0,7244500.0
2020-12-03,0.702,0.693,0.703,0.693,6372000.0,0.0,7244800.0
2020-12-04,0.696,0.687,0.696,0.68,5262000.0,0.0,5909100.0
2020-12-07,0.695,0.67,0.695,0.669,6502400.0,0.0,7238400.0
2020-12-08,0.67,0.663,0.675,0.663,5087800.0,0.0,5637700.0
2020-12-09,0.67,0.66,0.672,0.66,5657800.0,0.0,6275300.0
2020-12-10,0.664,0.657,0.666,0.657,6909100.0,0.0,7601000.0
2020-12-11,0.66,0.651,0.662,0.647,4869300.0,0.0,5324000.0
2020-12-14,0.65,0.645,0.651,0.641,5521700.0,0.0,5993400.0
2020-12-15,0.645,0.639,0.652,0.544,4556700.0,0.0,4906300.0
2020-12-16,0.638,0.643,0.646,0.637,3229500.0,0.0,3495000.0
2020-12-17,0.643,0.651,0.661,0.632,5611900.0,0.0,6089100.0
2020-12-18,0.667,0.655,0.667,0.648,4093900.0,0.0,4497400.0
2020-12-21,0.655,0.66,0.66,0.652,4712100.0,0.0,5164800.0
2020-12-22,0.649,0.632,0.655,0.631,6988900.0,0.0,7559299.999999999
2020-12-23,0.635,0.638,0.64,0.631,6220100.0,0.0,6705000.0
2020-12-24,0.639,0.64,0.644,0.634,4518200.0,0.0,4878000.0
2020-12-25,0.641,0.648,0.651,0.636,6246800.0,0.0,6779100.0
2020-12-28,0.648,0.651,0.654,0.647,5716500.0,0.0,6232300.0
2020-12-29,0.652,0.644,0.653,0.641,2767600.0,0.0,3004900.0
2020-12-30,0.644,0.643,0.649,0.641,5176300.0,0.0,5616900.000000001
2020-12-31,0.644,0.65,0.651,0.641,4441300.0,0.0,4830400.0
2021-01-04,0.646,0.648,0.65,0.641,5235400.0,0.0,5687900.0
2021-01-05,0.642,0.639,0.642,0.631,4046800.0,0.0,4359700.0
2021-01-06,0.641,0.652,0.653,0.641,3745200.0,0.0,4071200.0
2021-01-07,0.653,0.658,0.659,0.649,4510300.0,0.0,4946300.0
2021-01-08,0.658,0.666,0.668,0.658,4363300.0,0.0,4816600.0
2021-01-11,0.668,0.658,0.674,0.657,4206000.0,0.0,4662500.0
2021-01-12,0.658,0.668,0.668,0.655,5582900.0,0.0,6133099.999999999
2021-01-13,0.668,0.678,0.683,0.662,6692900.0,0.0,7439200.0
2021-01-14,0.678,0.677,0.687,0.67,6050600.0,0.0,6769000.0
2021-01-15,0.675,0.682,0.693,0.671,5831000.0,0.0,6567900.0
2021-01-18,0.685,0.686,0.69,0.68,5741300.0,0.0,6458099.999999999
2021-01-19,0.685,0.69,0.696,0.682,6261600.0,0.0,7068500.0
2021-01-20,0.69,0.686,0.697,0.685,5793200.0,0.0,6548800.0
2021-01-21,0.693,0.694,0.699,0.689,4152500.0,0.0,4716500.0
2021-01-22,0.69,0.681,0.69,0.677,4295100.0,0.0,4817000.0
2021-01-25,0.67,0.676,0.676,0.665,6033000.0,0.0,6704900.0
2021-01-26,0.663,0.67,0.679,0.663,3912900.0,0.0,4355600.0
2021-01-27,0.67,0.675,0.683,0.67,5497600.0,0.0,6152000.0
2021-01-28,0.668,0.669,0.67,0.663,5582600.0,0.0,6175300.0
2021-01-29,0.665,0.656,0.668,0.651,6039600.0,0.0,6675200.0
2021-02-01,0.658,0.659,0.659,0.652,4401100.0,0.0,4828900.0
2021-02-02,0.665,0.656,0.665,0.654,4537700.0,0.0,4988700.0
2021-02-03,0.656,0.648,0.656,0.647,7957700.0,0.0,8670800.0
2021-02-04,0.65,0.645,0.65,0.638,3358800.0,0.0,3639300.0
2021-02-05,0.654,0.661,0.662,0.651,5691900.0,0.0,6237000.0
2021-02-08,0.658,0.661,0.664,0.655,5295600.0,0.0,5829200.0
2021-02-09,0.66,0.665,0.665,0.656,3341800.0,0.0,3674900.0
2021-02-10,0.666,0.668,0.673,0.665,2834900.0,0.0,3145700.0
2021-02-18,0.67,0.69,0.696,0.67,3958900.0,0.0,4476300.0
2021-02-19,0.69,0.708,0.712,0.69,6299100.0,0.0,7206700.0
2021-02-22,0.708,0.728,0.737,0.708,6226800.0,0.0,7266900.000000001
2021-02-23,0.74,0.716,0.74,0.711,5205700.0,0.0,6052900.0
2021-02-24,0.716,0.704,0.723,0.701,5066400.0,0.0,5854100.0
2021-02-25,0.691,0.729,0.735,0.691,2224300.0,0.0,2594700.0000000005
2021-02-26,0.76,0.708,0.76,0.705,3122300.0,0.0,3602500.0
2021-03-01,0.693,0.712,0.712,0.691,2493700.0,0.0,2866100.0
2021-03-02,0.712,0.706,0.72,0.699,1779200.0,0.0,2047600.0
2021-03-03,0.709,0.728,0.729,0.708,6671700.0,0.0,7734600.0
2021-03-04,0.725,0.732,0.733,0.717,4593100.0,0.0,5365100.0
2021-03-05,0.73,0.724,0.73,0.715,3012700.0,0.0,3498000.0
2021-03-08,0.723,0.724,0.739,0.723,5289700.0,0.0,6202300.0
2021-03-09,0.724,0.722,0.736,0.711,4996900.0,0.0,5826799.999999999
2021-03-10,0.716,0.714,0.724,0.712,3119000.0,0.0,3616300.0
2021-03-11,0.722,0.736,0.736,0.722,4995600.0,0.0,5846600.0
2021-03-12,0.736,0.768,0.771,0.735,9202000.0,0.0,10992600.0
2021-03-15,0.759,0.776,0.778,0.759,16503200.0,0.0,20024200.0
2021-03-16,0.778,0.78,0.782,0.764,7335800.0,0.0,8905600.0
2021-03-17,0.78,0.766,0.78,0.754,6443700.0,0.0,7747300.0
2021-03-18,0.769,0.772,0.774,0.759,6450800.0,0.0,7764299.999999999
2021-03-19,0.774,0.76,0.774,0.739,6030600.0,0.0,7216100.0
2021-03-22,0.758,0.776,0.776,0.758,4637400.0,0.0,5611200.0
2021-03-23,0.776,0.764,0.776,0.752,5131700.0,0.0,6181799.999999999
2021-03-24,0.759,0.748,0.759,0.743,3730600.0,0.0,4436500.0
2021-03-25,0.742,0.749,0.749,0.737,7576100.0,0.0,8943400.0
2021-03-26,0.736,0.749,0.754,0.736,3414000.0,0.0,4063000.0
2021-03-29,0.751,0.77,0.77,0.751,5133700.0,0.0,6186900.000000001
2021-03-30,0.771,0.771,0.776,0.756,6698800.0,0.0,8056900.000000001
2021-03-31,0.771,0.772,0.775,0.755,4645600.0,0.0,5618000.0
2021-04-01,0.772,0.772,0.773,0.767,2938200.0,0.0,3554100.0000000005
2021-04-02,0.767,0.759,0.767,0.757,2752800.0,0.0,3304500.0
2021-04-06,0.751,0.759,0.763,0.751,4983700.0,0.0,5957900.0
2021-04-07,0.732,0.762,0.768,0.725,2411400.0,0.0,2902300.0
2021-04-08,0.762,0.761,0.772,0.756,4384400.0,0.0,5264299.999999999
2021-04-09,0.761,0.764,0.764,0.755,2999800.0,0.0,3597200.0000000005
2021-04-12,0.764,0.767,0.768,0.757,5694200.0,0.0,6860900.0
2021-04-13,0.77,0.749,0.77,0.748,2839300.0,0.0,3387900.0
2021-04-14,0.748,0.748,0.75,0.74,4454400.0,0.0,5288300.0
2021-04-15,0.748,0.742,0.748,0.74,3676300.0,0.0,4345900.0
2021-04-16,0.742,0.754,0.756,0.742,5312800.0,0.0,6332900.0
2021-04-19,0.755,0.757,0.76,0.755,5927900.0,0.0,7094700.0
2021-04-20,0.756,0.754,0.757,0.753,5818800.0,0.0,6949100.0
2021-04-21,0.752,0.751,0.752,0.746,7239100.0,0.0,8601800.0
2021-04-22,0.748,0.748,0.756,0.746,6795700.0,0.0,8099200.0
2021-04-23,0.745,0.741,0.745,0.738,15449500.0,0.0,18245200.0
2021-04-26,0.741,0.733,0.746,0.733,11829200.0,0.0,13962500.0
2021-04-27,0.733,0.729,0.733,0.724,10823700.0,0.0,12640600.0
2021-04-28,0.729,0.734,0.734,0.729,11216900.0,0.0,13136300.000000002
2021-04-29,0.734,0.744,0.747,0.734,16160200.0,0.0,19116000.0
2021-04-30,0.747,0.735,0.747,0.729,12430400.0,0.0,14604700.0
2021-05-06,0.73,0.742,0.747,0.73,13572700.0,0.0,16082100.0
2021-05-07,0.754,0.756,0.76,0.748,13548300.0,0.0,16169400.0
2021-05-10,0.753,0.763,0.765,0.753,11950700.0,0.0,14316800.0
2021-05-11,0.76,0.766,0.766,0.752,12878300.0,0.0,15469000.0
2021-05-12,0.766,0.767,0.767,0.761,11435400.0,0.0,13769200.0
2021-05-13,0.767,0.756,0.767,0.752,14673300.0,0.0,17541900.0
2021-05-14,0.757,0.757,0.757,0.75,13838000.0,0.0,16521500.0
2021-05-17,0.757,0.76,0.765,0.755,12410800.0,0.0,14899600.0
2021-05-18,0.76,0.767,0.768,0.76,8224000.0,0.0,9905100.0
2021-05-19,0.758,0.754,0.761,0.752,10649300.0,0.0,12724400.0
2021-05-20,0.754,0.747,0.754,0.739,15369100.0,0.0,18177300.0
2021-05-21,0.749,0.748,0.753,0.746,14033700.0,0.0,16679000.0
2021-05-24,0.754,0.749,0.757,0.746,14317900.0,0.0,17075200.0
2021-05-25,0.745,0.761,0.763,0.742,14158000.0,0.0,16888800.0
2021-05-26,0.761,0.767,0.769,0.76,13361800.0,0.0,16093200.0
2021-05-27,0.762,0.765,0.768,0.762,15251000.0,0.0,18385600.0
2021-05-28,0.765,0.762,0.77,0.758,16509300.0,0.0,19885800.0
2021-05-31,0.762,0.759,0.762,0.753,15412800.0,0.0,18426000.0
2021-06-01,0.756,0.758,0.76,0.75,14899900.0,0.0,17786500.0
2021-06-02,0.758,0.764,0.764,0.757,17426500.0,0.0,20911600.0
2021-06-03,0.76,0.772,0.777,0.76,15797100.0,0.0,19140400.0
2021-06-04,0.768,0.77,0.773,0.764,16022600.0,0.0,19336800.0
2021-06-07,0.773,0.763,0.773,0.759,16793700.0,0.0,20188300.0
2021-06-08,0.761,0.766,0.768,0.761,16091700.0,0.0,19379400.0
2021-06-09,0.768,0.773,0.776,0.765,17544800.0,0.0,21218400.0
2021-06-10,0.773,0.771,0.778,0.771,17923700.0,0.0,21779300.0
2021-06-11,0.775,0.772,0.777,0.771,16994200.0,0.0,20653300.0
2021-06-15,0.776,0.762,0.776,0.759,14948800.0,0.0,18009300.0
2021-06-16,0.761,0.764,0.769,0.757,17297600.0,0.0,20834400.0
2021-06-17,0.754,0.758,0.767,0.754,14789600.0,0.0,17771600.0
2021-06-18,0.757,0.748,0.757,0.746,17179000.0,0.0,20469800.0
2021-06-21,0.75,0.747,0.75,0.742,17432200.0,0.0,20640800.0
2021-06-22,0.75,0.752,0.756,0.748,16224900.0,0.0,19343400.0
2021-06-23,0.752,0.761,0.762,0.752,17370200.0,0.0,20783400.0
2021-06-24,0.762,0.767,0.77,0.761,16144900.0,0.0,19478900.0
2021-06-25,0.771,0.776,0.777,0.768,18695100.0,0.0,22668900.0
2021-06-28,0.778,0.773,0.779,0.772,15453100.0,0.0,18765600.0
2021-06-29,0.77,0.762,0.77,0.762,15649900.0,0.0,18854800.0
2021-06-30,0.763,0.765,0.767,0.762,14778400.0,0.0,17802100.0
2021-07-01,0.77,0.767,0.775,0.765,18868900.0,0.0,22821200.0
2021-07-02,0.772,0.759,0.773,0.758,12015000.0,0.0,14488599.999999998
2021-07-05,0.756,0.762,0.765,0.756,13749900.0,0.0,16506700.0
2021-07-06,0.763,0.773,0.774,0.763,21204800.0,0.0,25652700.0
2021-07-07,0.77,0.767,0.772,0.762,18379600.0,0.0,22192300.0
2021-07-08,0.77,0.753,0.77,0.751,19462900.0,0.0,23293400.0
2021-07-09,0.755,0.753,0.757,0.751,16607600.0,0.0,19823000.0
2021-07-12,0.76,0.749,0.762,0.746,16154800.0,0.0,19266700.0
2021-07-13,0.749,0.761,0.762,0.748,13484500.0,0.0,16132600.0
2021-07-14,0.76,0.753,0.76,0.75,17495400.0,0.0,20933000.0
2021-07-15,0.753,0.761,0.763,0.749,16428200.0,0.0,19649100.0
2021-07-16,0.762,0.761,0.767,0.76,17008000.0,0.0,20477300.0
2021-07-19,0.76,0.752,0.76,0.747,16639300.0,0.0,19813100.0
2021-07-20,0.752,0.751,0.752,0.74,19012300.0,0.0,22488400.0
2021-07-21,0.743,0.738,0.75,0.737,16824700.0,0.0,19866600.0
2021-07-22,0.74,0.748,0.75,0.74,15784500.0,0.0,18744200.0
2021-07-23,0.748,0.742,0.753,0.742,13349200.0,0.0,15854600.0
2021-07-26,0.741,0.724,0.741,0.72,17787600.0,0.0,20824800.0
2021-07-27,0.724,0.698,0.726,0.697,21646600.0,0.0,25036300.0
2021-07-28,0.694,0.699,0.705,0.693,14406900.0,0.0,16411400.000000002
2021-07-29,0.703,0.694,0.705,0.691,15275200.0,0.0,17390600.0
2021-07-30,0.695,0.696,0.702,0.688,19222000.0,0.0,21806800.0
2021-08-02,0.69,0.71,0.714,0.687,18477700.0,0.0,20989000.0
2021-08-03,0.704,0.709,0.71,0.704,18880400.0,0.0,21660800.0
2021-08-04,0.708,0.705,0.709,0.703,19932000.0,0.0,22846600.0
2021-08-05,0.707,0.712,0.719,0.707,18084200.0,0.0,20873400.0
2021-08-06,0.721,0.713,0.721,0.703,15933400.0,0.0,18280100.0
2021-08-09,0.709,0.729,0.735,0.709,14819200.0,0.0,17268200.0
2021-08-10,0.729,0.734,0.736,0.722,16611600.0,0.0,19372000.0
2021-08-11,0.739,0.745,0.752,0.737,12909300.0,0.0,15334400.0
2021-08-12,0.747,0.742,0.747,0.741,15852500.0,0.0,18755400.0
2021-08-13,0.741,0.737,0.741,0.735,15252200.0,0.0,17970100.0
2021-08-16,0.736,0.747,0.75,0.736,17822900.0,0.0,21146100.0
2021-08-17,0.747,0.744,0.759,0.742,17974300.0,0.0,21401600.0
2021-08-18,0.742,0.758,0.758,0.74,15082900.0,0.0,17915100.0
2021-08-19,0.754,0.746,0.754,0.745,19956700.0,0.0,23719000.0
2021-08-20,0.747,0.744,0.749,0.738,16704400.0,0.0,19760600.0
2021-08-23,0.746,0.751,0.753,0.745,16700100.0,0.0,19872400.0
2021-08-24,0.752,0.754,0.762,0.751,17712400.0,0.0,21153000.0
2021-08-25,0.752,0.755,0.757,0.751,18557200.0,0.0,22162600.000000004
2021-08-26,0.755,0.752,0.757,0.751,15079800.0,0.0,18014000.0
2021-08-27,0.751,0.752,0.755,0.748,16456300.0,0.0,19611900.0
2021-08-30,0.752,0.742,0.752,0.739,14173500.0,0.0,16768800.000000002
2021-08-31,0.74,0.762,0.762,0.74,15798800.0,0.0,18835700.0
2021-09-01,0.764,0.792,0.798,0.764,19909900.0,0.0,24399500.0
2021-09-02,0.792,0.811,0.811,0.788,20572300.0,0.0,25496100.0
2021-09-03,0.813,0.82,0.828,0.808,19001900.0,0.0,23951000.0
2021-09-06,0.821,0.833,0.836,0.821,16544400.0,0.0,21042000.0
2021-09-07,0.834,0.843,0.845,0.824,22368800.0,0.0,28513200.0
2021-09-08,0.841,0.865,0.868,0.841,19689500.0,0.0,25516200.0
2021-09-09,0.878,0.882,0.885,0.851,23468900.0,0.0,30579400.0
2021-09-10,0.882,0.872,0.893,0.869,19173400.0,0.0,25318200.0
2021-09-13,0.869,0.893,0.893,0.869,23687000.0,0.0,31275300.000000004
2021-09-14,0.893,0.86,0.893,0.855,26895600.0,0.0,35366400.0
2021-09-15,0.856,0.849,0.861,0.844,18625500.0,0.0,24120300.000000004
2021-09-16,0.85,0.836,0.859,0.836,18609300.0,0.0,24018800.0
2021-09-17,0.836,0.843,0.854,0.831,17811500.0,0.0,22904300.0
2021-09-22,0.842,0.89,0.89,0.832,21247800.0,0.0,27705500.0
2021-09-23,0.906,0.898,0.921,0.891,19686700.0,0.0,26543600.0
2021-09-24,0.898,0.868,0.898,0.868,17773700.0,0.0,23554100.0
2021-09-27,0.868,0.851,0.885,0.84,23633100.0,0.0,30731200.0
2021-09-28,0.851,0.882,0.884,0.851,19689200.0,0.0,25772500.0
2021-09-29,0.89,0.861,0.89,0.855,21783600.0,0.0,28500100.000000004
2021-09-30,0.867,0.869,0.873,0.85,37297800.0,0.0,48461200.0
2021-10-08,0.861,0.862,0.883,0.852,18308600.0,0.0,23776500.0
2021-10-11,0.875,0.862,0.875,0.859,19748700.0,0.0,25847100.0
2021-10-12,0.862,0.843,0.864,0.835,21852300.0,0.0,28199699.999999996
2021-10-13,0.841,0.825,0.841,0.813,20234600.0,0.0,25545600.0
2021-10-14,0.824,0.818,0.825,0.813,23953500.0,0.0,30186600.0
2021-10-15,0.813,0.824,0.824,0.811,26485800.0,0.0,33253400.0
2021-10-18,0.826,0.826,0.829,0.813,23719200.0,0.0,29885500.0
2021-10-19,0.826,0.826,0.831,0.816,21256400.0,0.0,26875300.000000004
2021-10-20,0.824,0.828,0.832,0.822,20291500.0,0.0,25711500.0
2021-10-21,0.833,0.841,0.844,0.828,20192100.0,0.0,25780200.0
2021-10-22,0.852,0.826,0.852,0.825,21091300.0,0.0,26943000.0
2021-10-25,0.813,0.831,0.835,0.81,24577500.0,0.0,31152600.000000004
2021-10-26,0.837,0.82,0.837,0.819,21263200.0,0.0,26966400.0
2021-10-27,0.816,0.813,0.819,0.809,20608300.0,0.0,25870500.0
2021-10-28,0.812,0.799,0.812,0.796,24625100.0,0.0,30599100.0
2021-10-29,0.798,0.789,0.799,0.778,23027900.0,0.0,28227199.999999996
2021-11-01,0.789,0.794,0.795,0.783,37265800.0,0.0,45854600.0
2021-11-02,0.789,0.768,0.794,0.761,22359800.0,0.0,27311100.0
2021-11-03,0.767,0.775,0.781,0.767,21829500.0,0.0,26516900.0
2021-11-04,0.776,0.776,0.777,0.767,20012600.0,0.0,24246100.0
2021-11-05,0.771,0.754,0.771,0.752,23237100.0,0.0,27885100.000000004
2021-11-08,0.754,0.75,0.757,0.749,20046100.0,0.0,23928600.0
2021-11-09,0.745,0.749,0.756,0.745,22736200.0,0.0,27089100.0
2021-11-10,0.751,0.748,0.751,0.733,23201400.0,0.0,27317199.999999996
2021-11-11,0.745,0.773,0.775,0.745,22629000.0,0.0,27291200.0
2021-11-12,0.772,0.768,0.775,0.762,16275000.0,0.0,19666600.0
2021-11-15,0.79,0.777,0.79,0.763,20488600.0,0.0,23489600.0
2021-11-16,0.773,0.767,0.775,0.763,21110500.0,0.0,24272700.0
2021-11-17,0.767,0.765,0.767,0.76,14288600.0,0.0,16333100.0
2021-11-18,0.765,0.76,0.766,0.76,21024600.0,0.0,24018600.0
2021-11-19,0.765,0.774,0.777,0.757,21814700.0,0.0,24972100.0
2021-11-22,0.774,0.767,0.774,0.766,18208300.0,0.0,20905400.0
2021-11-23,0.767,0.775,0.778,0.766,22155300.0,0.0,25546000.0
2021-11-24,0.777,0.78,0.782,0.774,21878200.0,0.0,25303500.0
2021-11-25,0.783,0.779,0.785,0.779,22198000.0,0.0,25790700.0
2021-11-26,0.778,0.77,0.778,0.768,18517200.0,0.0,21300300.000000004
2021-11-29,0.761,0.771,0.772,0.759,19851500.0,0.0,22732500.0
2021-11-30,0.77,0.771,0.778,0.763,20022600.0,0.0,23081800.0
2021-12-01,0.765,0.781,0.782,0.765,20713500.0,0.0,23865000.0
2021-12-02,0.778,0.79,0.79,0.778,21138000.0,0.0,24647000.0
2021-12-03,0.788,0.807,0.81,0.788,24330900.0,0.0,28683500.0
2021-12-06,0.815,0.809,0.824,0.809,19298100.0,0.0,23102000.0
2021-12-07,0.809,0.83,0.83,0.809,22872800.0,0.0,27443500.0
2021-12-08,0.821,0.823,0.825,0.814,23834500.0,0.0,28569000.0
2021-12-09,0.819,0.835,0.84,0.819,22867200.0,0.0,27705600.0
2021-12-10,0.83,0.828,0.838,0.822,23422700.0,0.0,28337600.000000004
2021-12-13,0.828,0.822,0.839,0.821,22872700.0,0.0,27712399.999999996
2021-12-14,0.818,0.816,0.819,0.81,23754300.0,0.0,28354300.0
2021-12-15,0.812,0.827,0.829,0.81,22405000.0,0.0,26921900.0
2021-12-16,0.825,0.836,0.836,0.824,20346600.0,0.0,24658900.0
2021-12-17,0.837,0.836,0.842,0.83,25233300.0,0.0,30679200.0
2021-12-20,0.832,0.828,0.836,0.824,22028800.0,0.0,26602199.999999996
2021-12-21,0.825,0.844,0.845,0.825,22608900.0,0.0,27566900.0
2021-12-22,0.851,0.838,0.851,0.835,22544900.0,0.0,27480400.0
2021-12-23,0.832,0.85,0.853,0.832,26279900.0,0.0,32177199.999999996
2021-12-24,0.85,0.847,0.853,0.844,22717000.0,0.0,27912600.000000004
2021-12-27,0.848,0.855,0.863,0.848,18250900.0,0.0,22556300.0
2021-12-28,0.855,0.846,0.855,0.84,19882400.0,0.0,24337100.0
2021-12-29,0.842,0.835,0.842,0.834,23838900.0,0.0,29027300.0
2021-12-30,0.835,0.842,0.845,0.835,28059800.0,0.0,34257600.0
2021-12-31,0.844,0.861,0.862,0.844,29295000.0,0.0,36208200.0
2022-01-04,0.861,0.854,0.861,0.85,42068000.0,0.0,51966500.0
2022-01-05,0.85,0.856,0.862,0.848,25068200.0,0.0,30942100.0
2022-01-06,0.856,0.852,0.857,0.848,23238100.0,0.0,28670600.0
2022-01-07,0.858,0.867,0.873,0.854,22619400.0,0.0,28222600.000000004
2022-01-10,0.866,0.869,0.873,0.86,20013000.0,0.0,24949899.999999996
2022-01-11,0.873,0.874,0.886,0.86,23290800.0,0.0,29205200.0
2022-01-12,0.878,0.863,0.878,0.853,21471600.0,0.0,26647300.0
2022-01-13,0.868,0.857,0.871,0.857,21958000.0,0.0,27302500.0
2022-01-14,0.863,0.836,0.863,0.833,21265500.0,0.0,25982700.0
2022-01-17,0.838,0.833,0.842,0.833,24447700.0,0.0,29779100.0
2022-01-18,0.835,0.868,0.87,0.834,22611800.0,0.0,27821000.0
2022-01-19,0.862,0.873,0.876,0.862,20647400.0,0.0,25857600.000000004
2022-01-20,0.873,0.879,0.885,0.87,21710500.0,0.0,27292100.0
2022-01-21,0.885,0.875,0.885,0.866,19994700.0,0.0,24999200.0
2022-01-24,0.875,0.867,0.878,0.861,22817700.0,0.0,28490500.0
2022-01-25,0.855,0.841,0.87,0.841,19528600.0,0.0,24154600.0
2022-01-26,0.837,0.849,0.851,0.837,21407700.0,0.0,26233900.0
2022-01-27,0.842,0.845,0.855,0.838,24680200.0,0.0,30239100.0
2022-01-28,0.851,0.834,0.851,0.826,27050500.0,0.0,32949400.0
2022-02-07,0.849,0.864,0.864,0.836,21588200.0,0.0,26666600.0
2022-02-08,0.863,0.885,0.885,0.862,22439600.0,0.0,28107900.0
2022-02-09,0.888,0.885,0.891,0.881,19323400.0,0.0,24462600.000000004
2022-02-10,0.891,0.899,0.899,0.878,20459600.0,0.0,26030100.000000004
2022-02-11,0.899,0.901,0.91,0.899,24237400.0,0.0,31125000.0
2022-02-14,0.901,0.883,0.901,0.875,22040600.0,0.0,27827399.999999996
2022-02-15,0.872,0.874,0.889,0.863,23925300.0,0.0,29941200.0
2022-02-16,0.874,0.877,0.881,0.869,21798800.0,0.0,27423000.0
2022-02-17,0.877,0.872,0.877,0.869,22666000.0,0.0,28414200.0
2022-02-18,0.872,0.885,0.887,0.867,20855700.0,0.0,26204800.0
2022-02-21,0.885,0.885,0.885,0.873,24219000.0,0.0,30451200.0
2022-02-22,0.876,0.874,0.879,0.868,25174100.0,0.0,31593300.0
2022-02-23,0.874,0.868,0.874,0.862,22344100.0,0.0,27834600.0
2022-02-24,0.87,0.846,0.87,0.844,19133400.0,0.0,23647100.0
2022-02-25,0.852,0.845,0.854,0.841,22427900.0,0.0,27524699.999999996
2022-02-28,0.845,0.845,0.849,0.839,20930800.0,0.0,25581400.0
2022-03-01,0.847,0.854,0.855,0.842,21757400.0,0.0,26703600.0
2022-03-02,0.849,0.857,0.857,0.849,22919000.0,0.0,28293100.0
2022-03-03,0.857,0.875,0.875,0.857,22013600.0,0.0,27509800.0
2022-03-04,0.875,0.861,0.875,0.852,20551700.0,0.0,25470600.0
2022-03-07,0.867,0.846,0.867,0.845,20691400.0,0.0,25614899.999999996
2022-03-08,0.823,0.82,0.848,0.819,23468600.0,0.0,28466700.0
2022-03-09,0.819,0.8,0.827,0.771,29195800.0,0.0,34867300.0
2022-03-10,0.809,0.813,0.816,0.804,23965300.0,0.0,28548400.0
2022-03-11,0.802,0.814,0.815,0.784,25548600.0,0.0,29920400.0
2022-03-14,0.802,0.793,0.814,0.791,30231700.0,0.0,35898000.0
2022-03-15,0.785,0.736,0.785,0.73,28510000.0,0.0,32546900.0
2022-03-16,0.736,0.755,0.763,0.719,23791100.0,0.0,26463900.0
2022-03-17,0.751,0.768,0.779,0.751,28098900.0,0.0,32361900.0
2022-03-18,0.768,0.79,0.792,0.764,27739900.0,0.0,32077199.999999996
2022-03-21,0.791,0.78,0.791,0.774,24882700.0,0.0,28844200.0
2022-03-22,0.781,0.798,0.804,0.781,23104000.0,0.0,27118400.0
2022-03-23,0.811,0.806,0.811,0.79,21974200.0,0.0,25860100.000000004
2022-03-24,0.8,0.802,0.81,0.797,23339700.0,0.0,27643100.0
2022-03-25,0.8,0.8,0.809,0.796,23119600.0,0.0,27321600.0
2022-03-28,0.785,0.815,0.816,0.785,22484600.0,0.0,26610500.0
2022-03-29,0.817,0.808,0.817,0.805,25141200.0,0.0,29901400.0
2022-03-30,0.814,0.829,0.83,0.81,23999600.0,0.0,28741900.0
2022-03-31,0.827,0.84,0.848,0.827,30333700.0,0.0,37044600.0
2022-04-01,0.84,0.858,0.861,0.834,27197500.0,0.0,33350900.0
2022-04-06,0.861,0.878,0.884,0.857,20843700.0,0.0,26079400.0
2022-04-07,0.877,0.861,0.879,0.86,19287800.0,0.0,24144899.999999996
2022-04-08,0.867,0.877,0.878,0.854,19484100.0,0.0,24209000.0
2022-04-11,0.871,0.857,0.873,0.855,24554000.0,0.0,30617100.0
2022-04-12,0.856,0.864,0.867,0.845,33582900.0,0.0,41398000.0
2022-04-13,0.86,0.855,0.867,0.851,22673900.0,0.0,28101400.0
2022-04-14,0.849,0.861,0.868,0.849,23889100.0,0.0,29600000.0
2022-04-15,0.858,0.863,0.872,0.857,22260300.0,0.0,27723600.0
2022-04-18,0.857,0.846,0.857,0.843,30808900.0,0.0,37961500.0
2022-04-19,0.846,0.854,0.858,0.84,21738300.0,0.0,26718400.0
2022-04-20,0.852,0.836,0.854,0.829,32044000.0,0.0,39170100.0
2022-04-21,0.83,0.814,0.835,0.81,25195900.0,0.0,30421800.0
2022-04-22,0.811,0.839,0.84,0.807,39310400.0,0.0,47411200.0
2022-04-25,0.83,0.806,0.832,0.79,38648600.0,0.0,46272400.0
2022-04-26,0.8,0.783,0.809,0.782,38989500.0,0.0,45868500.0
2022-04-27,0.774,0.786,0.794,0.774,29728900.0,0.0,34644400.0
2022-04-28,0.781,0.8,0.806,0.781,31456400.0,0.0,37097000.0
2022-04-29,0.791,0.824,0.827,0.791,27309100.0,0.0,32375400.0
2022-05-05,0.819,0.83,0.833,0.819,21015500.0,0.0,25325500.0
2022-05-06,0.824,0.8,0.824,0.798,21823000.0,0.0,25903900.0
2022-05-09,0.8,0.801,0.807,0.795,18911100.0,0.0,22345700.0
2022-05-10,0.787,0.806,0.809,0.781,30822000.0,0.0,36217000.0
2022-05-11,0.797,0.805,0.81,0.797,20635500.0,0.0,24437800.000000004
2022-05-12,0.791,0.796,0.803,0.79,22253100.0,0.0,26227399.999999996
2022-05-13,0.8,0.812,0.815,0.8,26602200.0,0.0,31602900.0
2022-05-16,0.813,0.813,0.82,0.806,37412500.0,0.0,44559600.0
2022-05-17,0.8,0.809,0.815,0.8,23086700.0,0.0,27407000.0
2022-05-18,0.803,0.802,0.812,0.797,24456900.0,0.0,28871900.0
2022-05-19,0.793,0.802,0.802,0.791,25427700.0,0.0,29910000.0
2022-05-20,0.795,0.809,0.812,0.795,25822900.0,0.0,30683200.0
2022-05-23,0.809,0.802,0.809,0.8,24199700.0,0.1124,28634100.0
2022-05-24,0.797,0.789,0.804,0.785,26430200.0,0.1245,31079400.0
2022-05-25,0.789,0.797,0.798,0.783,20121000.0,0.09519999999999999,23587600.000000004
2022-05-26,0.797,0.807,0.808,0.797,27234900.0,0.1298,32219400.0
2022-05-27,0.798,0.807,0.811,0.798,25328000.0,0.12279999999999999,30050600.0
2022-05-30,0.805,0.807,0.813,0.803,22990500.0,0.1112,27283700.0
2022-05-31,0.803,0.807,0.808,0.801,28146100.0,0.1374,33343100.0
2022-06-01,0.8,0.807,0.809,0.8,23745400.0,0.1151,28152700.0
2022-06-02,0.804,0.799,0.804,0.798,29312700.0,0.1449,34598900.0
2022-06-06,0.797,0.796,0.8,0.789,25583200.0,0.1264,30010600.0
2022-06-07,0.795,0.798,0.801,0.792,29026500.0,0.146,34162500.0
2022-06-08,0.793,0.803,0.803,0.792,28658500.0,0.1406,33785900.0
2022-06-09,0.799,0.805,0.811,0.799,31134400.0,0.1524,36971600.0
2022-06-10,0.8,0.812,0.813,0.798,30442100.0,0.1497,36051700.0
2022-06-13,0.812,0.799,0.812,0.792,28501000.0,0.1416,33574900.0
2022-06-14,0.796,0.818,0.818,0.793,31123300.0,0.1531,36808600.0
2022-06-15,0.817,0.831,0.844,0.817,27175000.0,0.134,32939600.0
2022-06-16,0.831,0.81,0.834,0.809,36179500.0,0.1788,43389000.0
2022-06-17,0.81,0.817,0.819,0.805,32105200.0,0.1607,38248500.0
2022-06-20,0.811,0.817,0.817,0.811,25431900.0,0.1309,30370900.0
2022-06-21,0.817,0.815,0.82,0.809,28321200.0,0.1484,33888500.0
2022-06-22,0.809,0.804,0.816,0.802,29858500.0,0.1525,35543500.0
2022-06-23,0.803,0.813,0.813,0.799,24162400.0,0.1253,28631700.0
2022-06-24,0.807,0.816,0.816,0.807,30189500.0,0.1566,35957000.0
2022-06-27,0.812,0.813,0.815,0.81,24402400.0,0.1265,29120000.0
2022-06-28,0.813,0.816,0.82,0.811,27735300.0,0.1442,33113000.0
2022-06-29,0.815,0.823,0.826,0.815,30975400.0,0.1594,37266400.0
2022-06-30,0.824,0.828,0.829,0.818,33089400.0,0.1698,39766000.0
2022-07-01,0.825,0.826,0.829,0.822,25241900.0,0.12990000000000002,30428300.0
2022-07-04,0.824,0.824,0.827,0.82,29469800.0,0.154,35469200.0
2022-07-05,0.828,0.826,0.832,0.822,24274400.0,0.1272,29282500.0
2022-07-06,0.826,0.817,0.826,0.811,23438300.0,0.1231,28014300.0
2022-07-07,0.817,0.811,0.819,0.811,21154700.0,0.11349999999999999,25295200.0
2022-07-08,0.817,0.818,0.822,0.814,27232700.0,0.1469,32672300.0
2022-07-11,0.822,0.819,0.822,0.816,25336600.0,0.136,30357900.0
2022-07-12,0.819,0.831,0.832,0.819,26197900.0,0.13949999999999999,31658400.0
2022-07-13,0.832,0.822,0.832,0.82,25139800.0,0.1328,30324200.0
2022-07-14,0.82,0.804,0.82,0.804,19043600.0,0.10060000000000001,22617000.0
2022-07-15,0.8,0.785,0.808,0.784,26429200.0,0.1392,31127300.0
2022-07-18,0.788,0.803,0.804,0.788,28997900.0,0.1516,34226500.0
2022-07-19,0.803,0.806,0.807,0.8,22101700.0,0.1164,26141100.0
2022-07-20,0.806,0.81,0.811,0.806,25837700.0,0.1368,30724300.0
2022-07-21,0.808,0.798,0.808,0.796,24670600.0,0.1331,29101600.0
2022-07-22,0.804,0.801,0.804,0.792,26083600.0,0.1423,30674300.0
2022-07-25,0.795,0.793,0.799,0.792,27213300.0,0.14880000000000002,31996300.0
2022-07-26,0.791,0.803,0.808,0.791,27469000.0,0.14859999999999998,32463500.0
2022-07-27,0.807,0.797,0.807,0.797,23087500.0,0.1229,27241700.0
2022-07-28,0.801,0.797,0.803,0.795,29254900.0,0.1549,34555500.0
2022-07-29,0.793,0.791,0.803,0.789,29828900.0,0.1592,35094100.0
2022-08-01,0.791,0.787,0.791,0.785,24618300.0,0.1321,28759699.999999996
2022-08-02,0.787,0.767,0.787,0.758,26465500.0,0.142,30294699.999999996
2022-08-03,0.769,0.76,0.773,0.759,20494800.0,0.1097,23490600.0
2022-08-04,0.763,0.765,0.765,0.759,20147700.0,0.1084,22999100.0
2022-08-05,0.766,0.778,0.78,0.763,24444000.0,0.1315,28051300.0
2022-08-08,0.781,0.782,0.782,0.777,23731100.0,0.1274,27496400.0
2022-08-09,0.781,0.779,0.781,0.775,25632200.0,0.1376,29645500.0
2022-08-10,0.776,0.777,0.78,0.772,26353700.0,0.1414,30411200.0
2022-08-11,0.776,0.787,0.789,0.776,19125300.0,0.1026,22251600.0
2022-08-12,0.787,0.794,0.797,0.787,22502600.0,0.1208,26402600.000000004
2022-08-15,0.794,0.791,0.794,0.788,25414600.0,0.1364,29743000.0
2022-08-16,0.791,0.789,0.791,0.787,25925400.0,0.1391,30302900.0
2022-08-17,0.789,0.794,0.794,0.783,25490700.0,0.1368,29812700.0
2022-08-18,0.792,0.787,0.792,0.782,25697700.0,0.1379,29965500.0
2022-08-19,0.784,0.788,0.79,0.784,23694300.0,0.1272,27696600.0
2022-08-22,0.788,0.792,0.795,0.788,22233000.0,0.1193,26080100.000000004
2022-08-23,0.792,0.789,0.792,0.785,26581100.0,0.1427,31057399.999999996
2022-08-24,0.789,0.781,0.792,0.78,21591500.0,0.1159,25183500.0
2022-08-25,0.781,0.794,0.794,0.781,26743700.0,0.1435,31185700.0
2022-08-26,0.792,0.793,0.795,0.787,23599900.0,0.1267,27657500.0
2022-08-29,0.787,0.793,0.794,0.778,21411600.0,0.1149,25033500.0
2022-08-30,0.788,0.797,0.799,0.788,22066400.0,0.1184,25923600.0
2022-08-31,0.799,0.798,0.805,0.796,23442100.0,0.1258,27614800.0
2022-09-01,0.799,0.8,0.807,0.798,26556200.0,0.1425,31486100.0
2022-09-02,0.797,0.801,0.804,0.797,24852100.0,0.1334,29371600.0
2022-09-05,0.801,0.81,0.811,0.798,20860100.0,0.1119,24727900.0
2022-09-06,0.812,0.815,0.817,0.812,30040300.0,0.1612,35894700.0
2022-09-07,0.824,0.809,0.824,0.808,27657100.0,0.1484,32925000.0
2022-09-08,0.813,0.814,0.816,0.809,25881900.0,0.1404,30876100.0
2022-09-09,0.824,0.826,0.828,0.815,26793400.0,0.1454,32254600.0
2022-09-13,0.835,0.825,0.835,0.822,25563000.0,0.1387,30896600.0
2022-09-14,0.818,0.82,0.822,0.815,26882100.0,0.1458,32203600.0
2022-09-15,0.82,0.823,0.827,0.813,27459000.0,0.1494,33067000.0
2022-09-16,0.817,0.79,0.817,0.79,23446900.0,0.1282,27787000.0
2022-09-19,0.79,0.788,0.791,0.784,28371800.0,0.1552,33126600.0
2022-09-20,0.784,0.782,0.794,0.782,24660400.0,0.1352,28815400.0
2022-09-21,0.781,0.794,0.795,0.776,28149400.0,0.15439999999999998,32838300.0
2022-09-22,0.788,0.789,0.789,0.785,26054800.0,0.1437,30393100.0
2022-09-23,0.787,0.792,0.798,0.786,20750100.0,0.1144,24306000.0
2022-09-26,0.785,0.768,0.789,0.766,27902400.0,0.1547,32390900.0
2022-09-27,0.768,0.777,0.779,0.763,27649000.0,0.1533,31788100.0
2022-09-28,0.772,0.771,0.778,0.768,28782500.0,0.15960000000000002,33172399.999999996
2022-09-29,0.761,0.758,0.777,0.757,26089600.0,0.1378,29971700.0
2022-09-30,0.753,0.767,0.771,0.753,18938700.0,0.1,21700700.0
2022-10-10,0.751,0.766,0.777,0.751,25935400.0,0.13699999999999998,29891900.0
2022-10-11,0.752,0.764,0.767,0.752,35741000.0,0.1888,40813800.0
2022-10-12,0.754,0.776,0.777,0.754,26070600.0,0.1377,29794300.0
2022-10-13,0.767,0.768,0.773,0.764,20629100.0,0.115,23661500.0
2022-10-14,0.765,0.779,0.781,0.765,25320800.0,0.14279999999999998,29344400.0
2022-10-17,0.769,0.78,0.783,0.769,24155500.0,0.1362,27963100.0
2022-10-18,0.773,0.78,0.786,0.773,19499300.0,0.1103,22657399.999999996
2022-10-19,0.774,0.768,0.781,0.768,24038100.0,0.1379,27766100.0
2022-10-20,0.771,0.764,0.772,0.764,21159500.0,0.12140000000000001,24278600.0
2022-10-21,0.763,0.767,0.774,0.763,17714000.0,0.1016,20396800.0
2022-10-24,0.766,0.75,0.772,0.747,20568000.0,0.11800000000000001,23441200.0
2022-10-25,0.737,0.746,0.754,0.737,22912500.0,0.13140000000000002,25796500.0
2022-10-26,0.745,0.745,0.756,0.742,19447100.0,0.1116,21976700.0
2022-10-27,0.741,0.752,0.755,0.741,22346300.0,0.1285,25311600.0
2022-10-28,0.743,0.732,0.749,0.73,23102900.0,0.1329,25939600.0
2022-10-31,0.741,0.715,0.741,0.715,23868800.0,0.1373,26312600.000000004
2022-11-01,0.715,0.735,0.735,0.715,21834900.0,0.126,24143900.0
2022-11-02,0.716,0.74,0.741,0.716,22148700.0,0.1278,24700300.000000004
2022-11-03,0.73,0.734,0.738,0.73,25561000.0,0.1475,28449699.999999996
2022-11-04,0.725,0.751,0.753,0.725,26030500.0,0.151,29268800.0
2022-11-07,0.746,0.753,0.755,0.746,23422600.0,0.1363,26481500.0
2022-11-08,0.743,0.751,0.753,0.743,20061600.0,0.1167,22675100.000000004
2022-11-09,0.742,0.749,0.757,0.742,21708800.0,0.1263,24589400.0
2022-11-10,0.743,0.749,0.751,0.741,25762300.0,0.1499,29036500.0
2022-11-11,0.753,0.769,0.776,0.753,24900300.0,0.1445,28504200.0
2022-11-14,0.765,0.775,0.784,0.765,22254700.0,0.1291,25810400.0
2022-11-15,0.773,0.784,0.786,0.772,24222800.0,0.1406,28092500.0
2022-11-16,0.779,0.782,0.788,0.779,20730000.0,0.12029999999999999,24154300.0
2022-11-17,0.778,0.782,0.784,0.774,23718000.0,0.1376,27551900.0
2022-11-18,0.779,0.779,0.786,0.779,23437800.0,0.136,27225100.000000004
2022-11-21,0.774,0.773,0.774,0.767,23569900.0,0.1368,27094400.0
2022-11-22,0.767,0.789,0.8,0.767,29590200.0,0.17170000000000002,34464400.0
2022-11-23,0.785,0.801,0.808,0.785,21962000.0,0.1242,25915800.0
2022-11-24,0.805,0.796,0.807,0.795,23865200.0,0.135,28128800.0
2022-11-25,0.79,0.815,0.817,0.79,26031800.0,0.1456,30937900.0
2022-11-28,0.812,0.804,0.812,0.791,24203000.0,0.1353,28529100.0
2022-11-29,0.795,0.827,0.832,0.795,25285900.0,0.1414,30393200.0
2022-11-30,0.813,0.834,0.835,0.813,24164700.0,0.1351,29269800.0
2022-12-01,0.832,0.827,0.843,0.826,25300100.0,0.1419,30699600.0
2022-12-02,0.828,0.825,0.828,0.822,23599300.0,0.1331,28411300.0
2022-12-05,0.822,0.861,0.865,0.822,27406400.0,0.1563,33697500.0
2022-12-06,0.851,0.857,0.866,0.851,24826900.0,0.1416,30785600.0
2022-12-07,0.852,0.854,0.864,0.848,24004400.0,0.1369,29639899.999999996
2022-12-08,0.849,0.854,0.857,0.849,22966500.0,0.13140000000000002,28282900.0
2022-12-09,0.849,0.856,0.86,0.847,21097400.0,0.12140000000000001,25993900.0
2022-12-12,0.874,0.846,0.874,0.844,20732800.0,0.11960000000000001,24453900.0
2022-12-13,0.843,0.845,0.849,0.842,27145000.0,0.1566,31908400.0
2022-12-14,0.84,0.836,0.843,0.835,33293700.0,0.1893,38943500.0
2022-12-15,0.834,0.828,0.84,0.828,22665000.0,0.1323,26337199.999999996
2022-12-16,0.828,0.845,0.845,0.825,23576200.0,0.1392,27551700.0
2022-12-19,0.839,0.822,0.846,0.817,23631200.0,0.14,27479400.0
2022-12-20,0.815,0.808,0.822,0.807,19159200.0,0.11349999999999999,21978400.0
2022-12-21,0.805,0.811,0.816,0.804,20449200.0,0.1211,23339600.0
2022-12-22,0.807,0.808,0.82,0.806,19924300.0,0.11800000000000001,22818400.0
2022-12-23,0.804,0.806,0.812,0.802,21188100.0,0.1255,24093800.0
2022-12-26,0.805,0.802,0.806,0.802,21645000.0,0.1278,24534100.0
2022-12-27,0.801,0.813,0.816,0.801,20596400.0,0.1216,23522900.0
2022-12-28,0.807,0.812,0.817,0.807,21648700.0,0.1278,24740900.0
2022-12-29,0.805,0.803,0.808,0.801,21284300.0,0.1257,24132800.000000004
2022-12-30,0.8,0.813,0.815,0.8,23000600.0,0.1331,26213500.0
2023-01-03,0.803,0.823,0.823,0.803,22355900.0,0.1293,25584200.0
2023-01-04,0.816,0.829,0.829,0.816,19330800.0,0.1109,22323900.0
2023-01-05,0.823,0.83,0.834,0.823,19634400.0,0.11259999999999999,22780300.000000004
2023-01-06,0.824,0.829,0.831,0.824,20551400.0,0.11789999999999999,23792800.000000004
2023-01-09,0.821,0.826,0.831,0.821,20149600.0,0.11560000000000001,23351200.0
2023-01-10,0.821,0.821,0.827,0.821,19387100.0,0.1112,22388600.0
2023-01-11,0.82,0.824,0.829,0.82,19742200.0,0.11320000000000001,22832900.0
2023-01-12,0.82,0.823,0.826,0.819,19281600.0,0.1106,22228400.0
2023-01-13,0.82,0.836,0.836,0.82,19838000.0,0.11380000000000001,22983900.0
2023-01-16,0.836,0.842,0.85,0.836,21073100.0,0.1209,24742600.000000004
2023-01-17,0.842,0.841,0.844,0.838,19468000.0,0.1117,22787399.999999996
2023-01-18,0.836,0.845,0.847,0.836,18417600.0,0.1056,21621900.0
2023-01-19,0.838,0.847,0.849,0.838,18406600.0,0.1056,21590600.0
2023-01-20,0.842,0.857,0.858,0.842,19275600.0,0.1106,22829600.0
2023-01-30,0.861,0.855,0.917,0.855,16445300.0,0.0943,19575600.0
2023-01-31,0.852,0.851,0.858,0.851,20447300.0,0.1173,24222300.0
2023-02-01,0.85,0.861,0.861,0.85,21874000.0,0.1255,25900900.0
2023-02-02,0.857,0.855,0.861,0.854,23823100.0,0.1367,28258600.0
2023-02-03,0.851,0.85,0.853,0.843,23395000.0,0.13419999999999999,27534899.999999996
2023-02-06,0.845,0.841,0.845,0.84,21822000.0,0.1252,25580100.000000004
2023-02-07,0.838,0.843,0.844,0.838,21226700.0,0.12210000000000001,24888800.0
2023-02-08,0.84,0.838,0.846,0.837,20050500.0,0.1153,23494000.0
2023-02-09,0.836,0.845,0.848,0.836,29614500.0,0.17129999999999998,34717000.0
2023-02-10,0.84,0.85,0.852,0.84,22380300.0,0.133,26386100.0
2023-02-13,0.851,0.86,0.86,0.849,18953400.0,0.11289999999999999,22472700.0
2023-02-14,0.855,0.861,0.861,0.855,21101500.0,0.1261,25099600.0
2023-02-15,0.851,0.86,0.863,0.851,22343100.0,0.1335,26580600.0
2023-02-16,0.855,0.857,0.873,0.853,35197000.0,0.21100000000000002,42093900.0
2023-02-17,0.852,0.847,0.862,0.846,24837100.0,0.1604,29439699.999999996
2023-02-20,0.847,0.877,0.877,0.847,48325000.0,0.3121,57836600.0
2023-02-21,0.872,0.885,0.885,0.872,24553800.0,0.18350000000000002,29743900.0
2023-02-22,0.879,0.876,0.881,0.876,25547400.0,0.1909,30895000.0
2023-02-23,0.875,0.875,0.882,0.872,37672400.0,0.2825,45507000.0
2023-02-24,0.877,0.873,0.877,0.868,25576900.0,0.2143,30762199.999999996
2023-02-27,0.869,0.869,0.873,0.867,19169200.0,0.1606,23030200.0
2023-02-28,0.866,0.88,0.881,0.866,24298300.0,0.2036,29261400.0
2023-03-01,0.882,0.896,0.902,0.879,26593400.0,0.2228,32532399.999999996
2023-03-02,0.9,0.904,0.908,0.896,22171900.0,0.182,27348800.0
2023-03-03,0.906,0.923,0.923,0.906,28158800.0,0.2321,34998400.0
2023-03-06,0.922,0.919,0.97,0.918,22992300.0,0.1895,28845400.0
2023-03-07,0.919,0.912,0.937,0.91,31379800.0,0.2586,39519800.0
2023-03-08,0.908,0.914,0.916,0.904,25397400.0,0.2146,31512199.999999996
2023-03-09,0.909,0.915,0.925,0.909,24621500.0,0.20809999999999998,30637199.999999996
2023-03-10,0.913,0.898,0.93,0.897,24196200.0,0.2045,29940600.0
2023-03-13,0.896,0.923,0.923,0.896,31974200.0,0.2713,39722000.0
2023-03-14,0.93,0.915,0.93,0.908,21735500.0,0.19440000000000002,27092600.000000004
2023-03-15,0.92,0.927,0.93,0.914,25034900.0,0.22390000000000002,31293100.0
2023-03-16,0.93,0.923,0.934,0.92,26692600.0,0.23870000000000002,33575800.0
2023-03-17,0.935,0.949,0.95,0.932,48878100.0,0.4371,62244700.0
2023-03-20,0.96,0.938,0.965,0.938,29608300.0,0.2254,37963000.0
2023-03-21,0.94,0.933,0.95,0.931,24260300.0,0.1747,30734200.0
2023-03-22,0.929,0.951,0.951,0.929,28794000.0,0.20670000000000002,36703300.0
2023-03-23,0.945,0.958,0.959,0.944,24232100.0,0.17079999999999998,31005600.0
2023-03-24,0.967,0.95,0.967,0.944,21417600.0,0.1489,27375100.000000004
2023-03-27,0.961,0.934,0.961,0.925,25943500.0,0.1804,32747800.000000004
2023-03-28,0.947,0.933,0.947,0.931,20575700.0,0.1416,26012700.0
2023-03-29,0.95,0.929,0.95,0.924,18876200.0,0.12990000000000002,23740100.000000004
2023-03-30,0.934,0.941,0.943,0.923,22249200.0,0.1531,28069600.0
2023-03-31,0.949,0.944,0.949,0.931,17129200.0,0.11789999999999999,21812199.999999996
2023-04-03,0.949,0.952,0.954,0.945,15972000.0,0.1099,20435600.0
2023-04-04,0.957,0.973,0.975,0.95,25102300.0,0.1727,32549500.0
2023-04-06,0.981,0.975,0.981,0.966,20156300.0,0.1387,26218200.0
2023-04-07,0.984,0.97,0.984,0.967,24915100.0,0.1714,32407399.999999996
2023-04-10,0.978,0.971,0.978,0.969,17772600.0,0.11939999999999999,23162700.0
2023-04-11,0.979,0.978,0.979,0.967,17976900.0,0.1208,23391100.0
2023-04-12,0.99,0.993,0.995,0.976,15811800.0,0.10619999999999999,20886100.0
2023-04-13,1.001,0.987,1.001,0.982,21083200.0,0.1412,27811700.0
2023-04-14,0.998,0.993,0.998,0.983,16552200.0,0.1097,21834699.999999996
2023-04-17,1.0,1.014,1.016,0.988,22426800.0,0.1467,29906400.0
2023-04-18,1.02,1.023,1.025,1.01,16128300.0,0.1032,21700900.0
2023-04-19,1.029,1.012,1.029,1.008,18712600.0,0.1182,25229400.0
2023-04-20,1.015,1.029,1.029,1.009,19614700.0,0.122,26420200.0
2023-04-21,1.028,1.007,1.039,1.006,23836800.0,0.14730000000000001,32288000.0
2023-04-24,1.013,1.015,1.024,1.007,22009000.0,0.1319,29615500.0
2023-04-25,1.016,1.022,1.027,1.009,22211200.0,0.1323,29922800.000000004
2023-04-26,1.025,1.005,1.025,0.993,21676000.0,0.12539999999999998,28992900.0
2023-04-27,1.006,1.014,1.017,0.997,18862200.0,0.1061,25216500.0
2023-04-28,1.016,1.027,1.031,1.014,17836400.0,0.0978,24084899.999999996
2023-05-04,1.028,1.049,1.054,1.012,19200200.0,0.10529999999999999,26185700.0
2023-05-05,1.049,1.049,1.065,1.042,17901700.0,0.0969,24754200.0
2023-05-08,1.046,1.086,1.096,1.046,26750300.0,0.14279999999999998,37654000.0
2023-05-09,1.086,1.071,1.102,1.069,21426300.0,0.1159,30369100.0
2023-05-10,1.068,1.038,1.069,1.033,17352300.0,0.09359999999999999,23969800.0
2023-05-11,1.046,1.031,1.049,1.03,20127400.0,0.10830000000000001,27507199.999999996
2023-05-12,1.046,1.022,1.046,1.022,17900300.0,0.09480000000000001,24358800.0
2023-05-15,1.015,1.027,1.029,0.994,20001800.0,0.1059,26780000.0
2023-05-16,1.027,1.017,1.033,1.015,16413600.0,0.0874,22242199.999999996
2023-05-17,1.017,1.015,1.022,1.007,17807300.0,0.09480000000000001,23901900.0
2023-05-18,1.022,1.029,1.04,1.019,27830400.0,0.1482,37895700.0
2023-05-19,1.028,1.011,1.028,1.009,20060600.0,0.1109,27015000.0
2023-05-22,1.022,1.01,1.022,1.006,17013400.0,0.0941,22843800.0
2023-05-23,1.02,0.992,1.02,0.992,20480800.0,0.11359999999999999,27326800.0
2023-05-24,0.998,0.966,0.998,0.965,17944800.0,0.10210000000000001,23465200.0
2023-05-25,0.967,0.969,0.971,0.954,26131900.0,0.14859999999999998,33837600.0
2023-05-26,0.97,0.978,0.983,0.965,14807300.0,0.08539999999999999,19296700.0
2023-05-29,0.986,1.001,1.005,0.978,16174200.0,0.09359999999999999,21419800.0
2023-05-30,1.0,1.009,1.011,0.993,19518400.0,0.1139,25984400.0
2023-05-31,1.012,1.007,1.012,1.002,23053600.0,0.1338,30806800.0
2023-06-01,1.007,1.003,1.014,0.997,16380600.0,0.0919,21866100.0
2023-06-02,1.01,1.011,1.012,1.004,23555100.0,0.1321,31516000.0
2023-06-05,1.026,1.016,1.026,1.005,15856300.0,0.087,21281600.0
2023-06-06,1.018,1.006,1.027,1.001,16746200.0,0.08990000000000001,22529200.0
2023-06-07,0.999,1.014,1.016,0.999,15560800.0,0.08310000000000001,20882500.0
2023-06-08,1.016,1.035,1.035,1.006,18015000.0,0.0962,24304600.0
2023-06-09,1.035,1.043,1.043,1.028,22746300.0,0.1183,31015700.0
2023-06-12,1.045,1.026,1.045,1.026,30852500.0,0.15289999999999998,42089799.99999999
2023-06-13,1.033,1.03,1.033,1.024,16915000.0,0.0786,22970300.000000004
2023-06-14,1.035,1.027,1.041,1.026,16439700.0,0.07629999999999999,22418400.0
2023-06-15,1.034,1.03,1.035,1.024,15660300.0,0.0727,21269000.0
2023-06-16,1.03,1.031,1.037,1.029,17506000.0,0.08130000000000001,23859200.0
2023-06-19,1.037,1.028,1.037,1.019,15555300.0,0.0722,21081900.0
2023-06-20,1.031,1.016,1.031,1.014,13728300.0,0.0638,18543600.0
2023-06-21,1.016,1.009,1.021,1.005,19440000.0,0.09029999999999999,26092800.000000004
2023-06-26,1.009,0.986,1.009,0.985,17599900.0,0.0817,23305200.0
2023-06-27,0.991,1.009,1.012,0.986,19450000.0,0.09029999999999999,25840900.0
2023-06-28,1.009,1.015,1.017,1.002,18516100.0,0.0862,24785500.0
2023-06-29,1.015,1.02,1.022,1.012,14198900.0,0.0661,19123400.0
2023-06-30,1.02,1.029,1.03,1.017,15785900.0,0.0735,21346800.0
2023-07-03,1.032,1.043,1.043,1.03,14021100.0,0.06480000000000001,19135000.0
2023-07-04,1.043,1.034,1.043,1.029,22213100.0,0.10220000000000001,30348900.0
2023-07-05,1.035,1.031,1.037,1.028,21763200.0,0.0977,29642300.0
2023-07-06,1.034,1.028,1.037,1.026,13804300.0,0.0599,18806300.0
2023-07-07,1.027,1.032,1.035,1.025,11609800.0,0.0501,15764800.0
2023-07-10,1.032,1.034,1.037,1.026,12694300.0,0.0545,17267400.0
2023-07-11,1.032,1.038,1.039,1.03,11663400.0,0.05,15916800.0
2023-07-12,1.045,1.027,1.046,1.015,12690400.0,0.0542,17343900.0
2023-07-13,1.034,1.058,1.058,1.033,22603000.0,0.0965,31131800.0
2023-07-14,1.059,1.07,1.075,1.057,12609600.0,0.052000000000000005,17571200.0
2023-07-17,1.07,1.066,1.07,1.057,15186900.0,0.06269999999999999,21125100.000000004
2023-07-18,1.066,1.063,1.066,1.057,15623000.0,0.0645,21753100.0
2023-07-19,1.065,1.066,1.068,1.058,15266300.0,0.062400000000000004,21245900.0
2023-07-20,1.073,1.054,1.073,1.05,17265000.0,0.0704,24049699.999999996
2023-07-21,1.052,1.052,1.056,1.047,16114900.0,0.0645,22268400.0
2023-07-24,1.059,1.055,1.06,1.045,14988900.0,0.058499999999999996,20721700.0
2023-07-25,1.056,1.074,1.074,1.056,17453000.0,0.068,24396800.0
2023-07-26,1.081,1.065,1.081,1.062,19509300.0,0.07440000000000001,27277600.000000004
2023-07-27,1.072,1.06,1.074,1.058,15954800.0,0.0593,22288400.0
2023-07-28,1.062,1.088,1.089,1.059,14548600.0,0.054000000000000006,20342400.0
2023-07-31,1.095,1.094,1.101,1.085,21115800.0,0.0781,30060600.0
2023-08-01,1.093,1.089,1.099,1.088,23073500.0,0.08460000000000001,32805500.0
2023-08-02,1.095,1.077,1.095,1.073,20199900.0,0.0722,28531800.0
2023-08-03,1.074,1.084,1.084,1.069,20301000.0,0.071,28540200.0
2023-08-04,1.087,1.084,1.097,1.082,19173400.0,0.067,27209500.0
2023-08-07,1.084,1.072,1.084,1.07,20745600.0,0.0721,29132000.0
2023-08-08,1.077,1.071,1.077,1.064,26572500.0,0.0907,37165600.0
2023-08-09,1.071,1.072,1.072,1.066,32236600.0,0.1118,45094399.99999999
2023-08-10,1.071,1.073,1.075,1.066,16407600.0,0.0582,22983900.0
2023-08-11,1.075,1.05,1.075,1.049,19138800.0,0.0678,26613200.0
2023-08-14,1.047,1.045,1.07,1.034,20891100.0,0.07400000000000001,28679000.0
2023-08-15,1.057,1.058,1.061,1.044,24698300.0,0.0867,34120900.0
2023-08-16,1.064,1.058,1.064,1.05,27791500.0,0.0964,38514300.0
2023-08-17,1.052,1.055,1.059,1.046,24587300.0,0.0824,33945000.0
2023-08-18,1.057,1.053,1.066,1.053,30787500.0,0.1008,42812200.0
2023-08-21,1.046,1.044,1.061,1.043,40237900.0,0.1286,55655900.0
2023-08-22,1.045,1.053,1.054,1.038,22710300.0,0.0681,31236400.0
2023-08-23,1.053,1.046,1.057,1.046,23507100.0,0.0696,32463000.0
2023-08-24,1.05,1.04,1.051,1.037,19889900.0,0.0583,27375100.000000004
2023-08-25,1.038,1.043,1.051,1.036,23689900.0,0.0689,32520700.0
2023-08-28,1.086,1.055,1.101,1.048,27114300.0,0.0784,37862900.0
2023-08-29,1.062,1.048,1.062,1.039,31945900.0,0.092,44071200.0
2023-08-30,1.044,1.042,1.05,1.039,48113200.0,0.1362,66205900.0
2023-08-31,1.041,1.042,1.049,1.036,26263100.0,0.07519999999999999,36019400.0
2023-09-01,1.044,1.054,1.054,1.042,20605300.0,0.059500000000000004,28431700.0
2023-09-04,1.054,1.08,1.08,1.054,33803800.0,0.09759999999999999,47316600.0
2023-09-05,1.08,1.07,1.08,1.063,24200500.0,0.0681,33840500.0
2023-09-06,1.069,1.066,1.069,1.06,27894700.0,0.0776,38860000.0
2023-09-07,1.066,1.057,1.07,1.057,31850900.0,0.08710000000000001,44417200.0
2023-09-08,1.06,1.052,1.06,1.048,27356500.0,0.0728,37839700.0
2023-09-11,1.048,1.066,1.067,1.048,22251000.0,0.058899999999999994,30916000.0
2023-09-12,1.066,1.064,1.066,1.061,20201200.0,0.053399999999999996,28147600.000000004
2023-09-13,1.064,1.066,1.071,1.059,29351200.0,0.07690000000000001,40937200.0
2023-09-14,1.068,1.077,1.078,1.063,27975200.0,0.07200000000000001,39149200.0
2023-09-15,1.083,1.07,1.083,1.064,25894500.0,0.06570000000000001,36349100.0
2023-09-18,1.064,1.069,1.072,1.06,23927200.0,0.0594,33381100.0
2023-09-19,1.069,1.079,1.082,1.069,21997800.0,0.0535,30953400.0
2023-09-20,1.084,1.083,1.086,1.076,27175700.0,0.0654,38338900.0
2023-09-21,1.082,1.077,1.084,1.07,30658600.0,0.0725,43108700.0
2023-09-22,1.076,1.083,1.084,1.068,23569200.0,0.0546,33087199.999999996
2023-09-25,1.083,1.083,1.087,1.076,25034000.0,0.0572,35379800.0
2023-09-26,1.086,1.078,1.086,1.074,30127200.0,0.0677,42424900.0
2023-09-27,1.074,1.071,1.078,1.065,29686400.0,0.065,41585200.00000001
2023-09-28,1.072,1.065,1.072,1.062,17587600.0,0.0381,24545000.0
2023-10-09,1.062,1.06,1.063,1.048,25909000.0,0.056100000000000004,35905500.0
2023-10-10,1.062,1.05,1.065,1.049,29302100.0,0.0638,40528500.0
2023-10-11,1.052,1.043,1.053,1.042,32631700.0,0.0713,44978300.0
2023-10-12,1.048,1.057,1.058,1.046,22798800.0,0.0507,31559300.0
2023-10-13,1.055,1.054,1.057,1.048,25621800.0,0.0571,35428600.0
2023-10-16,1.055,1.056,1.057,1.049,22580600.0,0.0506,31230200.0
2023-10-17,1.056,1.064,1.064,1.055,23069000.0,0.051699999999999996,32050400.0
2023-10-18,1.064,1.059,1.067,1.057,26610500.0,0.059699999999999996,37042000.0
2023-10-19,1.057,1.027,1.057,1.027,22762200.0,0.050199999999999995,31141700.0
2023-10-20,1.027,1.026,1.03,1.02,40463200.0,0.0886,54789399.99999999
2023-10-23,1.021,1.008,1.022,1.002,24945400.0,0.0519,33516300.0
2023-10-24,1.007,1.016,1.016,1.004,19342000.0,0.0405,25876200.0
2023-10-25,1.022,1.023,1.026,1.018,28290300.0,0.058899999999999994,38220000.0
2023-10-26,1.024,1.032,1.033,1.014,25969900.0,0.0508,35158500.0
2023-10-27,1.031,1.04,1.043,1.031,23554900.0,0.0466,32235900.0
2023-10-30,1.04,1.02,1.04,1.016,42187200.0,0.0834,56992400.0
2023-10-31,1.019,1.017,1.02,1.01,29777500.0,0.060700000000000004,39980800.0
2023-11-01,1.017,1.017,1.019,1.01,21467900.0,0.0444,28857399.999999996
2023-11-02,1.02,1.017,1.026,1.015,18171100.0,0.037599999999999995,24539600.0
2023-11-03,1.021,1.015,1.023,1.014,29709700.0,0.0613,40073700.0
2023-11-06,1.013,1.008,1.017,1.006,23916800.0,0.0506,32019100.0
2023-11-07,1.008,1.008,1.01,1.002,16514400.0,0.0353,22045200.0
2023-11-08,1.007,1.003,1.007,0.997,32434400.0,0.0697,43191899.99999999
2023-11-09,0.998,1.008,1.008,0.998,30331400.0,0.0667,40488800.0
2023-11-10,1.008,1.001,1.008,0.996,19939200.0,0.045,26501000.0
2023-11-13,1.001,0.999,1.002,0.991,18789700.0,0.0424,24901800.0
2023-11-14,0.999,1.002,1.003,0.996,22476300.0,0.051,29901500.0
2023-11-15,1.004,1.009,1.009,1.003,18912800.0,0.0436,25276300.0
2023-11-16,1.009,1.005,1.01,1.004,139388700.0,0.32280000000000003,186437900.0
2023-11-17,1.006,1.004,1.006,0.998,17206900.0,0.0345,22904600.0
2023-11-20,1.004,1.006,1.008,1.0,11016100.0,0.0222,14705200.0
2023-11-21,1.006,1.013,1.019,1.006,30948600.0,0.0625,41619700.0
2023-11-22,1.012,1.008,1.015,1.008,13584000.0,0.024900000000000002,18218700.0
2023-11-23,1.013,1.012,1.013,1.004,15789600.0,0.028900000000000002,21139200.0
2023-11-24,1.012,1.014,1.014,1.01,21666000.0,0.0397,29066600.0
2023-11-27,1.017,1.011,1.018,1.002,16050200.0,0.0296,21454899.999999996
2023-11-28,1.013,1.011,1.013,1.004,15638300.0,0.0288,20931600.0
2023-11-29,1.01,1.003,1.011,1.001,14577000.0,0.026699999999999998,19450200.0
2023-11-30,1.003,1.011,1.011,1.002,14774800.0,0.0271,19758200.0
2023-12-01,1.009,1.01,1.012,1.005,13712700.0,0.025099999999999997,18365800.0
2023-12-04,1.01,1.008,1.012,0.981,15955500.0,0.029300000000000003,21357900.0
2023-12-05,1.006,0.992,1.008,0.991,17719600.0,0.032400000000000005,23591000.0
2023-12-06,0.992,0.985,0.992,0.98,18014300.0,0.0329,23702700.0
2023-12-07,0.986,0.988,0.993,0.978,37115600.0,0.0679,48822000.0
2023-12-08,0.988,0.991,0.998,0.986,16820200.0,0.031200000000000002,22266200.0
2023-12-11,0.989,0.99,0.996,0.97,20085700.0,0.0373,26291500.0
2023-12-12,0.99,0.997,0.999,0.986,20077700.0,0.0373,26603800.0
2023-12-13,0.999,0.988,1.003,0.988,26831200.0,0.049800000000000004,35522800.0
2023-12-14,0.988,0.989,0.995,0.987,23232800.0,0.043,30660000.0
2023-12-15,0.993,0.98,0.993,0.979,14593400.0,0.0269,19216100.0
2023-12-18,0.989,0.979,0.989,0.973,25344800.0,0.0467,29639600.0
2023-12-19,0.979,0.975,0.979,0.971,43935100.0,0.0781,51095500.0
2023-12-20,0.976,0.971,0.982,0.97,17716000.0,0.0325,20679300.0
2023-12-21,0.971,0.974,0.974,0.963,32875400.0,0.0604,38078200.0
2023-12-22,0.974,0.976,0.98,0.971,16659500.0,0.0294,19417000.0
2023-12-25,0.975,0.977,0.978,0.971,20214300.0,0.0354,23517199.999999996
2023-12-26,0.978,0.981,0.982,0.977,27547900.0,0.048,32232500.0
2023-12-27,0.98,0.988,0.988,0.975,32447500.0,0.056100000000000004,37988100.0
2023-12-28,0.986,0.988,0.992,0.985,42952600.0,0.0721,50623400.0
2023-12-29,0.987,0.99,0.992,0.986,42530200.0,0.06559999999999999,50114600.0
2024-01-02,0.99,0.996,1.001,0.99,19839800.0,0.030600000000000002,23570900.0
2024-01-03,1.003,1.006,1.006,0.995,17654900.0,0.027200000000000002,21044500.0
2024-01-04,1.004,1.008,1.01,0.999,24124100.0,0.0371,28809400.0
2024-01-05,1.007,1.011,1.023,1.004,19994600.0,0.0305,24134300.0
2024-01-08,1.012,1.001,1.012,1.0,20651300.0,0.0315,24670000.0
2024-01-09,0.994,1.008,1.008,0.993,22003900.0,0.0334,26198500.0
2024-01-10,1.009,1.008,1.009,1.004,16786100.0,0.0253,20096300.0
2024-01-11,1.008,1.004,1.008,1.0,21064600.0,0.0317,25163900.0
2024-01-12,1.0,1.01,1.015,0.999,19026100.0,0.0286,22857600.000000004
2024-01-15,1.011,1.021,1.023,1.009,30315600.0,0.0455,36592000.0
2024-01-16,1.023,1.028,1.028,1.015,29675900.0,0.0438,35946100.0
2024-01-17,1.028,1.013,1.028,1.012,20169700.0,0.0292,24492000.0
2024-01-18,1.012,1.011,1.012,0.979,46353500.0,0.0666,54938000.0
2024-01-19,1.007,1.007,1.012,0.998,29188100.0,0.0407,34924300.0
2024-01-22,1.008,0.984,1.008,0.975,24110600.0,0.0332,28679000.0
2024-01-23,0.974,0.986,0.992,0.97,26165300.0,0.0359,30573800.0
2024-01-24,0.992,1.011,1.013,0.989,24864700.0,0.0338,29547900.0
2024-01-25,1.015,1.04,1.041,1.015,37660600.0,0.0513,45995800.0
2024-01-26,1.044,1.058,1.059,1.038,89859100.0,0.1217,111327099.99999999
2024-01-29,1.059,1.067,1.077,1.058,39420300.0,0.05,49532600.0
2024-01-30,1.069,1.055,1.072,1.052,46188100.0,0.057699999999999994,57857200.0
2024-01-31,1.05,1.056,1.061,1.046,27857600.0,0.0338,34702300.0
2024-02-01,1.055,1.05,1.056,1.044,27108900.0,0.0326,33655600.0
2024-02-02,1.05,1.05,1.064,1.025,43726300.0,0.0524,54405500.0
2024-02-05,1.035,1.068,1.069,1.032,47867300.0,0.055999999999999994,59462800.0
2024-02-06,1.067,1.084,1.085,1.053,218196700.0,0.25079999999999997,275341300.0
2024-02-07,1.078,1.093,1.095,1.07,55643500.0,0.0564,70860700.0
2024-02-08,1.093,1.091,1.097,1.083,49711400.0,0.04769999999999999,63700100.0
2024-02-19,1.091,1.11,1.11,1.079,140548700.0,0.1349,181542300.0
2024-02-20,1.111,1.123,1.125,1.103,27132100.0,0.023399999999999997,35464100.0
2024-02-21,1.122,1.128,1.14,1.116,37217800.0,0.0318,49020000.0
2024-02-22,1.126,1.133,1.133,1.12,45433500.0,0.0382,59848000.0
2024-02-23,1.133,1.126,1.14,1.123,46226200.0,0.0379,61012400.0
2024-02-26,1.126,1.104,1.128,1.103,44588200.0,0.0362,58014300.0
2024-02-27,1.098,1.108,1.113,1.098,38776100.0,0.0318,50263300.0
2024-02-28,1.111,1.108,1.119,1.102,32747800.0,0.027000000000000003,42541500.0
2024-02-29,1.109,1.117,1.119,1.104,26056200.0,0.0216,33954200.0
2024-03-01,1.118,1.119,1.123,1.116,19922200.0,0.0166,26070200.0
2024-03-04,1.115,1.121,1.122,1.114,23500600.0,0.0195,30721300.0
2024-03-05,1.12,1.134,1.136,1.118,23382900.0,0.019299999999999998,30792199.999999996
2024-03-06,1.135,1.132,1.14,1.13,28830400.0,0.023700000000000002,38231600.0
2024-03-07,1.131,1.141,1.147,1.131,40490100.0,0.033,53780300.0
2024-03-08,1.142,1.144,1.144,1.134,45523500.0,0.036000000000000004,60556899.99999999
2024-03-11,1.144,1.135,1.149,1.126,216855800.0,0.1678,286758600.0
2024-03-12,1.133,1.109,1.134,1.108,98766200.0,0.0859,129340800.0
2024-03-13,1.108,1.105,1.109,1.099,132197200.0,0.1166,171320600.0
2024-03-14,1.107,1.109,1.113,1.1,68394700.0,0.0558,88873100.0
2024-03-15,1.111,1.113,1.114,1.105,39132200.0,0.030899999999999997,50815600.00000001
2024-03-18,1.113,1.113,1.116,1.107,38130600.0,0.03,49627500.0
2024-03-19,1.11,1.108,1.114,1.105,26924400.0,0.0213,35015000.0
2024-03-20,1.108,1.107,1.111,1.099,21786800.0,0.0173,28221000.0
2024-03-21,1.107,1.107,1.111,1.105,84477100.0,0.06709999999999999,109614700.0
2024-03-22,1.107,1.101,1.107,1.093,24837900.0,0.0196,32007800.000000004
2024-03-25,1.102,1.107,1.119,1.1,61988700.0,0.049100000000000005,80709500.0
2024-03-26,1.11,1.112,1.112,1.105,23020100.0,0.0179,29881900.0
2024-03-27,1.111,1.112,1.12,1.106,40479700.0,0.0315,52802500.0
2024-03-28,1.107,1.104,1.112,1.098,37688800.0,0.0296,48776800.0
2024-03-29,1.099,1.12,1.12,1.099,66753900.0,0.0524,87038799.99999999
2024-04-01,1.12,1.126,1.126,1.117,41702400.0,0.032,54713000.0
2024-04-02,1.126,1.135,1.136,1.126,28442800.0,0.022099999999999998,37591600.0
2024-04-03,1.134,1.137,1.137,1.126,67131300.0,0.054400000000000004,88850000.0
2024-04-08,1.131,1.137,1.148,1.127,37104400.0,0.0301,49376000.0
2024-04-09,1.136,1.128,1.138,1.124,43807200.0,0.0359,57780700.0
2024-04-10,1.128,1.13,1.139,1.126,48994000.0,0.0408,64836700.0
2024-04-11,1.129,1.142,1.146,1.122,67494300.0,0.0574,89810000.0
2024-04-12,1.142,1.139,1.146,1.136,18183400.0,0.015,24210700.0
2024-04-15,1.142,1.166,1.168,1.138,44735500.0,0.037000000000000005,60346300.0
2024-04-16,1.166,1.171,1.18,1.157,34310200.0,0.027999999999999997,46573000.0
2024-04-17,1.17,1.186,1.186,1.152,38377800.0,0.031400000000000004,52101899.99999999
2024-04-18,1.18,1.186,1.2,1.18,38344800.0,0.0311,52930600.00000001
2024-04-19,1.181,1.196,1.2,1.179,32560900.0,0.026099999999999998,45036200.0
2024-04-22,1.2,1.174,1.204,1.173,44881500.0,0.0358,62000400.0
2024-04-23,1.175,1.154,1.179,1.152,38699100.0,0.0304,52347500.0
2024-04-24,1.152,1.161,1.162,1.148,23312500.0,0.018000000000000002,31307000.0
2024-04-25,1.162,1.165,1.165,1.154,23828700.0,0.0184,32146400.0
2024-04-26,1.165,1.161,1.168,1.147,40453900.0,0.031,54516400.0
2024-04-29,1.155,1.154,1.158,1.142,36487500.0,0.0276,48981000.0
2024-04-30,1.143,1.162,1.166,1.143,21578700.0,0.0163,29125600.0
2024-05-06,1.161,1.17,1.171,1.158,22558100.0,0.0171,30567900.0
2024-05-07,1.171,1.166,1.171,1.161,33161600.0,0.025099999999999997,44948400.0
2024-05-08,1.161,1.166,1.171,1.161,42052900.0,0.031400000000000004,57009900.0
2024-05-09,1.161,1.177,1.179,1.161,26507700.0,0.0195,36068900.0
2024-05-10,1.179,1.184,1.186,1.175,35840800.0,0.026099999999999998,49039000.0
2024-05-13,1.18,1.195,1.197,1.178,66280500.0,0.0479,91012099.99999999
2024-05-14,1.192,1.187,1.195,1.184,58084600.0,0.0406,80214400.0
2024-05-15,1.183,1.177,1.188,1.177,72130100.0,0.049,99145900.0
2024-05-16,1.18,1.178,1.187,1.177,41786100.0,0.0274,57273600.0
2024-05-17,1.178,1.19,1.191,1.174,48696700.0,0.031400000000000004,66715000.0
2024-05-20,1.186,1.191,1.197,1.185,34465800.0,0.0218,47567200.0
2024-05-21,1.187,1.192,1.193,1.186,23465900.0,0.0147,32386900.0
2024-05-22,1.193,1.194,1.203,1.19,39495000.0,0.0248,54790900.0
2024-05-23,1.192,1.18,1.194,1.177,22872700.0,0.014499999999999999,31453200.0
2024-05-24,1.179,1.182,1.193,1.178,20252600.0,0.0128,27877500.0
2024-05-27,1.182,1.198,1.198,1.182,20982700.0,0.013300000000000001,28988600.0
2024-05-28,1.199,1.193,1.201,1.19,44556000.0,0.0281,61744000.0
2024-05-29,1.193,1.19,1.2,1.187,20273600.0,0.0126,28051000.0
2024-05-30,1.192,1.189,1.204,1.186,22033700.0,0.0137,30550700.0
2024-05-31,1.191,1.188,1.194,1.185,20736400.0,0.0128,28578400.0
2024-06-03,1.187,1.178,1.187,1.17,25835400.0,0.0159,35365000.0
2024-06-04,1.178,1.186,1.187,1.172,28578800.0,0.0175,39103800.0
2024-06-05,1.181,1.173,1.185,1.171,20407000.0,0.0125,27917199.999999996
2024-06-06,1.174,1.175,1.184,1.171,41889600.0,0.0255,57279600.0
2024-06-07,1.175,1.184,1.185,1.174,18559900.0,0.011200000000000002,25405500.0
2024-06-11,1.183,1.166,1.184,1.16,37155200.0,0.0223,50532200.0
2024-06-12,1.164,1.173,1.174,1.158,33318400.0,0.02,45064799.99999999
2024-06-13,1.174,1.162,1.175,1.158,33246800.0,0.019799999999999998,45096100.0
2024-06-14,1.156,1.161,1.165,1.154,17874500.0,0.0105,24124200.0
2024-06-17,1.161,1.148,1.161,1.144,15723800.0,0.009300000000000001,21066000.0
2024-06-18,1.148,1.155,1.156,1.138,21751300.0,0.0128,29135500.0
2024-06-19,1.155,1.154,1.159,1.152,26487000.0,0.015600000000000001,35627600.0
2024-06-20,1.154,1.153,1.158,1.151,34164700.0,0.0202,45909900.0
2024-06-21,1.154,1.156,1.159,1.15,25874400.0,0.0154,34784800.0
2024-06-24,1.155,1.147,1.156,1.142,23306200.0,0.0139,31188400.0
2024-06-25,1.147,1.155,1.16,1.146,18733200.0,0.011200000000000002,25147199.999999996
2024-06-26,1.155,1.158,1.16,1.15,20631000.0,0.0123,27724899.999999996
2024-06-27,1.158,1.161,1.165,1.153,34735900.0,0.0208,46867200.0
2024-06-28,1.163,1.173,1.173,1.157,29908100.0,0.0178,40564400.0
2024-07-01,1.174,1.189,1.189,1.169,27174500.0,0.016,37332100.0
2024-07-02,1.19,1.193,1.193,1.183,17699600.0,0.0104,24379100.0
2024-07-03,1.194,1.183,1.194,1.18,18787600.0,0.011000000000000001,25848200.0
2024-07-04,1.18,1.181,1.191,1.177,26434100.0,0.0155,36257400.0
2024-07-05,1.178,1.173,1.184,1.162,30092800.0,0.0177,40985700.0
2024-07-08,1.173,1.171,1.176,1.168,19895000.0,0.011699999999999999,27092000.0
2024-07-09,1.17,1.185,1.188,1.165,17921300.0,0.0105,24432900.0
2024-07-10,1.185,1.175,1.186,1.173,29855400.0,0.0176,40827200.0
2024-07-11,1.181,1.183,1.184,1.175,14965400.0,0.0088,20500500.0
2024-07-12,1.183,1.184,1.186,1.181,15544400.0,0.0091,21348800.0
2024-07-15,1.182,1.192,1.193,1.176,27131700.0,0.0159,37281600.0
2024-07-16,1.191,1.19,1.194,1.183,17877800.0,0.0104,24655800.0
2024-07-17,1.191,1.19,1.192,1.182,23498700.0,0.0137,32333000.0
2024-07-18,1.185,1.196,1.197,1.178,108047200.0,0.06269999999999999,148689400.0
2024-07-19,1.197,1.191,1.197,1.183,39853300.0,0.024900000000000002,54893000.0
2024-07-22,1.196,1.179,1.197,1.169,30571200.0,0.0194,40270700.0
2024-07-23,1.176,1.168,1.179,1.167,60626100.0,0.0385,79828700.0
2024-07-24,1.164,1.169,1.172,1.161,22661900.0,0.0141,29626400.0
2024-07-25,1.169,1.161,1.17,1.153,34449100.0,0.021400000000000002,44869300.0
2024-07-26,1.166,1.16,1.167,1.152,19041300.0,0.0118,24699600.0
2024-07-29,1.16,1.168,1.169,1.154,17916900.0,0.0111,23343200.0
2024-07-30,1.161,1.157,1.164,1.153,21840400.0,0.013500000000000002,28308100.0
2024-07-31,1.157,1.163,1.166,1.156,72359500.0,0.0446,94121600.0
2024-08-01,1.16,1.165,1.172,1.16,26062200.0,0.0159,34066900.0
2024-08-02,1.165,1.164,1.168,1.159,23598000.0,0.0144,30771300.0
2024-08-05,1.163,1.152,1.167,1.15,29690900.0,0.0181,38559200.0
2024-08-06,1.148,1.142,1.153,1.133,23056100.0,0.013999999999999999,29523000.0
2024-08-07,1.141,1.146,1.15,1.138,32306300.0,0.0197,41484600.0
2024-08-08,1.147,1.154,1.157,1.144,34101000.0,0.0208,43964799.99999999
2024-08-09,1.155,1.15,1.158,1.149,33204300.0,0.020099999999999996,42974399.99999999
2024-08-12,1.15,1.148,1.155,1.146,22587300.0,0.0138,29117300.0
2024-08-13,1.15,1.151,1.154,1.145,15662300.0,0.0096,20205900.0
2024-08-14,1.147,1.145,1.15,1.143,12699800.0,0.0078000000000000005,16336600.0
2024-08-15,1.146,1.158,1.159,1.141,24202500.0,0.0149,31260700.0
2024-08-16,1.16,1.16,1.163,1.156,17020400.0,0.0103,22113700.0
2024-08-19,1.162,1.173,1.173,1.16,12904000.0,0.0077,16895100.0
2024-08-20,1.174,1.166,1.174,1.161,19701500.0,0.011699999999999999,25723600.0
2024-08-21,1.164,1.16,1.164,1.155,20604200.0,0.0121,26748600.0
2024-08-22,1.159,1.16,1.163,1.158,23966600.0,0.0138,31164500.0
2024-08-23,1.162,1.169,1.169,1.158,12978800.0,0.0074,16917200.0
2024-08-26,1.168,1.162,1.169,1.154,33523300.0,0.0191,43467900.0
2024-08-27,1.162,1.161,1.163,1.158,14270000.0,0.008199999999999999,18556500.0
2024-08-28,1.16,1.151,1.161,1.146,19354200.0,0.0111,24993800.0
2024-08-29,1.15,1.133,1.15,1.132,19698100.0,0.0113,25138800.0
2024-08-30,1.136,1.131,1.14,1.125,64314700.0,0.037000000000000005,82043300.0
2024-09-02,1.128,1.127,1.132,1.121,23495700.0,0.0139,29803100.0
2024-09-03,1.127,1.123,1.128,1.117,41568200.0,0.024700000000000003,52383000.0
2024-09-04,1.121,1.12,1.126,1.117,15935100.0,0.0096,20103300.0
2024-09-05,1.12,1.12,1.122,1.113,16217300.0,0.0098,20371100.0
2024-09-06,1.119,1.112,1.126,1.11,12157400.0,0.0072,15303100.0
2024-09-09,1.109,1.095,1.109,1.092,13574200.0,0.0079,16817900.0
2024-09-10,1.094,1.098,1.1,1.089,23048300.0,0.0134,28446500.0
2024-09-11,1.096,1.082,1.096,1.077,45651700.0,0.026600000000000002,55819600.0
2024-09-12,1.081,1.082,1.086,1.078,18415000.0,0.0109,22489699.999999996
2024-09-13,1.08,1.079,1.093,1.079,24001300.0,0.0144,29438100.0
2024-09-18,1.078,1.091,1.091,1.075,39645600.0,0.023700000000000002,48464200.0
2024-09-19,1.09,1.096,1.1,1.083,12715100.0,0.0076,15668599.999999998
2024-09-20,1.095,1.098,1.098,1.088,8152800.0,0.0049,10041300.0
2024-09-23,1.096,1.108,1.109,1.096,8670800.0,0.0052,10791099.999999998
2024-09-24,1.109,1.151,1.152,1.109,19361600.0,0.0116,24628100.0
2024-09-25,1.16,1.17,1.192,1.158,26569100.0,0.0158,35063000.0
2024-09-26,1.17,1.221,1.221,1.168,14477300.0,0.0086,19277500.0
2024-09-27,1.235,1.222,1.249,1.182,18861600.0,0.011200000000000002,25631400.0
2024-09-30,1.222,1.312,1.345,1.222,75874000.0,0.045899999999999996,107514900.0
2024-10-08,1.45,1.351,1.45,1.31,34970900.0,0.0212,52629900.0
2024-10-09,1.33,1.234,1.33,1.212,22742300.0,0.0139,31940500.0
2024-10-10,1.249,1.283,1.307,1.242,69375400.0,0.0424,97731000.0
2024-10-11,1.29,1.259,1.29,1.246,20907400.0,0.013000000000000001,29519899.999999996
2024-10-14,1.26,1.289,1.299,1.26,21766600.0,0.013600000000000001,30923800.0
2024-10-15,1.29,1.263,1.297,1.262,19696300.0,0.012,27978300.0
2024-10-16,1.26,1.281,1.29,1.258,35975600.0,0.0212,50974399.99999999
2024-10-17,1.29,1.264,1.293,1.262,13773500.0,0.008,19525100.0
2024-10-18,1.263,1.275,1.29,1.241,25230800.0,0.014499999999999999,35401600.0
2024-10-21,1.288,1.262,1.29,1.248,14081000.0,0.008,19668000.0
2024-10-22,1.26,1.267,1.269,1.257,12999600.0,0.0075,18229700.0
2024-10-23,1.265,1.271,1.274,1.265,66848400.0,0.038,94241700.0
2024-10-24,1.267,1.26,1.271,1.257,8876400.0,0.0052,12442800.0
2024-10-25,1.26,1.261,1.265,1.255,22077300.0,0.0128,30881400.0
2024-10-28,1.261,1.263,1.263,1.248,19726200.0,0.0115,27570500.0
2024-10-29,1.26,1.25,1.269,1.249,19827800.0,0.0115,27733600.0
2024-10-30,1.25,1.24,1.257,1.234,22134100.0,0.0129,30652900.0
2024-10-31,1.234,1.238,1.244,1.228,15235800.0,0.0088,20975900.0
2024-11-01,1.238,1.252,1.258,1.234,21568800.0,0.0126,29972000.0
2024-11-04,1.25,1.259,1.26,1.24,17726900.0,0.0104,24654200.0
2024-11-05,1.255,1.277,1.278,1.254,22852600.0,0.0134,32073700.0
2024-11-06,1.277,1.278,1.282,1.27,30259500.0,0.0177,42851100.0
2024-11-07,1.271,1.311,1.312,1.271,25010800.0,0.0147,35768900.0
2024-11-08,1.315,1.297,1.32,1.288,20131400.0,0.0118,28977000.0
2024-11-11,1.295,1.29,1.295,1.269,27271000.0,0.016,38756000.0
2024-11-12,1.293,1.293,1.312,1.29,42087700.0,0.024700000000000003,60577200.0
2024-11-13,1.295,1.3,1.305,1.29,36204000.0,0.0213,52115800.0
2024-11-14,1.299,1.28,1.299,1.278,25023800.0,0.0148,35769500.0
2024-11-15,1.28,1.278,1.289,1.274,61937500.0,0.0366,87987700.0
2024-11-18,1.287,1.29,1.311,1.284,35449800.0,0.0208,50951300.0
2024-11-19,1.289,1.287,1.296,1.273,20284400.0,0.0116,28868700.0
2024-11-20,1.285,1.289,1.29,1.281,15364200.0,0.0085,21904600.0
2024-11-21,1.287,1.288,1.288,1.281,54684100.0,0.0287,77956500.0
2024-11-22,1.288,1.255,1.29,1.253,28679000.0,0.0148,40587000.0
2024-11-25,1.251,1.255,1.266,1.25,34299500.0,0.0176,47951100.0
2024-11-26,1.249,1.258,1.263,1.249,18518300.0,0.0095,25848600.0
2024-11-27,1.257,1.273,1.274,1.249,36334400.0,0.018500000000000003,50962800.0
2024-11-28,1.273,1.27,1.278,1.269,17367800.0,0.0088,24547000.0
2024-11-29,1.27,1.284,1.288,1.27,21412000.0,0.0108,30471500.0
2024-12-02,1.283,1.287,1.287,1.277,17694200.0,0.0089,25149899.999999996
2024-12-03,1.287,1.303,1.303,1.281,49831400.0,0.025,71345800.0
2024-12-04,1.302,1.303,1.309,1.292,44043600.0,0.021400000000000002,63511300.0
2024-12-05,1.3,1.303,1.306,1.299,23743900.0,0.011200000000000002,34248200.0
2024-12-06,1.303,1.325,1.325,1.303,21732600.0,0.0098,31639600.0
2024-12-09,1.336,1.33,1.338,1.317,39845600.0,0.0178,58496700.0
2024-12-10,1.356,1.331,1.358,1.327,61292100.0,0.0269,90570600.0
2024-12-11,1.323,1.331,1.337,1.323,17909000.0,0.0078000000000000005,26354500.0
2024-12-12,1.337,1.357,1.359,1.329,46702000.0,0.020099999999999996,69185100.0
2024-12-13,1.353,1.334,1.355,1.331,74688200.0,0.031400000000000004,110578400.0
2024-12-16,1.335,1.348,1.355,1.333,51984100.0,0.0212,77140300.0
2024-12-17,1.351,1.354,1.366,1.344,73820600.0,0.029300000000000003,106442600.0
2024-12-18,1.354,1.371,1.378,1.354,82247300.0,0.0315,119772700.0
2024-12-19,1.369,1.348,1.369,1.344,172056700.0,0.060700000000000004,247299900.00000003
2024-12-20,1.348,1.335,1.348,1.332,123121500.0,0.040999999999999995,175613600.0
2024-12-23,1.336,1.34,1.35,1.332,75266400.0,0.0245,107466900.0
2024-12-24,1.34,1.35,1.35,1.336,53421800.0,0.0171,76340300.0
2024-12-25,1.35,1.358,1.36,1.347,85622100.0,0.026699999999999998,123252900.00000001
2024-12-26,1.36,1.351,1.363,1.346,105261000.0,0.031400000000000004,151137900.0
2024-12-27,1.351,1.354,1.355,1.339,127365800.0,0.0364,182514000.0
2024-12-30,1.353,1.361,1.364,1.353,59056100.0,0.0166,85273300.0
2024-12-31,1.363,1.353,1.369,1.352,96384800.0,0.026600000000000002,139482100.0
2025-01-02,1.357,1.324,1.36,1.316,154180400.0,0.040999999999999995,221043700.0
2025-01-03,1.326,1.31,1.328,1.307,144418300.0,0.0375,202557300.0
2025-01-06,1.314,1.311,1.314,1.295,86144500.0,0.022000000000000002,119805500.0
2025-01-07,1.311,1.313,1.313,1.299,56717000.0,0.0143,79017200.0
2025-01-08,1.311,1.317,1.322,1.3,113028900.0,0.027999999999999997,158132800.0
2025-01-09,1.316,1.305,1.316,1.303,84913400.0,0.0207,118217000.0
2025-01-10,1.305,1.287,1.307,1.286,79481400.0,0.0195,109650700.0
2025-01-13,1.28,1.27,1.285,1.263,129426000.0,0.031400000000000004,176026600.0
2025-01-14,1.272,1.294,1.298,1.272,71434700.0,0.0175,97828000.0
2025-01-15,1.295,1.296,1.307,1.29,31202000.0,0.0076,43188000.0
2025-01-16,1.301,1.303,1.308,1.296,49803600.0,0.012199999999999999,69071800.0
2025-01-17,1.302,1.303,1.308,1.292,63448800.0,0.0154,87978100.0
2025-01-20,1.308,1.3,1.31,1.298,51838100.0,0.0125,72069600.0
2025-01-21,1.301,1.293,1.303,1.288,55577900.0,0.013300000000000001,76641900.0
2025-01-22,1.288,1.279,1.293,1.274,55666500.0,0.013300000000000001,75962100.0
2025-01-23,1.285,1.298,1.304,1.285,60669900.0,0.014499999999999999,83827600.0
2025-01-24,1.299,1.306,1.309,1.289,52911600.0,0.0126,73171000.0
2025-01-27,1.303,1.32,1.324,1.303,46491200.0,0.011000000000000001,65261200.0
2025-02-05,1.325,1.294,1.326,1.292,95866200.0,0.0222,133281100.0
2025-02-06,1.292,1.295,1.299,1.285,114775000.0,0.026099999999999998,158065600.0
2025-02-07,1.292,1.299,1.301,1.287,119564500.0,0.026699999999999998,164964700.0
2025-02-10,1.299,1.298,1.304,1.295,64810100.0,0.0144,89660500.0
2025-02-11,1.298,1.304,1.305,1.298,93614900.0,0.0207,129870600.0
2025-02-12,1.304,1.301,1.304,1.294,62401300.0,0.0139,86329599.99999999
2025-02-13,1.3,1.299,1.308,1.298,77016000.0,0.0173,106892300.0
2025-02-14,1.299,1.307,1.308,1.296,75038600.0,0.0168,104038799.99999999
2025-02-17,1.307,1.304,1.308,1.296,72407700.0,0.0161,100418100.0
2025-02-18,1.304,1.309,1.316,1.302,85446000.0,0.0189,119152500.0
2025-02-19,1.308,1.304,1.308,1.3,62359100.0,0.0137,86565800.0
2025-02-20,1.304,1.299,1.306,1.295,56635500.0,0.0123,78380300.0
2025-02-21,1.3,1.292,1.3,1.288,58604100.0,0.0128,80708200.0
2025-02-24,1.292,1.291,1.296,1.288,41889000.0,0.0091,57672700.00000001
2025-02-25,1.291,1.28,1.291,1.278,102684200.0,0.022000000000000002,140750400.0
2025-02-26,1.284,1.29,1.291,1.281,58147600.0,0.0124,79819700.0
2025-02-27,1.29,1.304,1.311,1.288,63804800.0,0.013600000000000001,88292500.0
2025-02-28,1.301,1.296,1.31,1.295,78256700.0,0.0166,108737800.0
2025-03-03,1.299,1.295,1.302,1.281,75266600.0,0.0158,103781900.0
2025-03-04,1.296,1.292,1.296,1.288,46163700.0,0.0097,63580300.0
2025-03-05,1.292,1.299,1.302,1.29,85987800.0,0.018000000000000002,118686700.0
2025-03-06,1.3,1.297,1.303,1.291,71758100.0,0.0151,99044900.0
2025-03-07,1.297,1.296,1.3,1.293,57087800.0,0.012,78899700.0
2025-03-10,1.298,1.29,1.298,1.286,41050000.0,0.0086,56453300.0
2025-03-11,1.29,1.295,1.296,1.282,54087600.0,0.0113,74305300.0
2025-03-12,1.293,1.29,1.296,1.289,36919800.0,0.0077,50805100.0
2025-03-13,1.29,1.295,1.3,1.289,64187500.0,0.013500000000000002,88592800.0
2025-03-14,1.297,1.311,1.312,1.297,69987800.0,0.0148,97472600.0
2025-03-17,1.313,1.311,1.314,1.31,79012200.0,0.0166,110370600.0
2025-03-18,1.312,1.308,1.312,1.305,58817800.0,0.0124,81962600.0
2025-03-19,1.308,1.315,1.316,1.306,50822600.0,0.010700000000000001,70990000.0
2025-03-20,1.315,1.307,1.316,1.305,57557700.0,0.012199999999999999,80326000.0
2025-03-21,1.305,1.307,1.317,1.302,44103600.0,0.009300000000000001,61502500.0
2025-03-24,1.308,1.316,1.317,1.306,77523800.0,0.0163,108408000.0
2025-03-25,1.316,1.326,1.327,1.314,75330400.0,0.0158,105847300.0
2025-03-26,1.322,1.321,1.325,1.317,54097000.0,0.0113,76057500.0
2025-03-27,1.318,1.325,1.329,1.318,72827800.0,0.015,102713300.0
2025-03-28,1.326,1.324,1.327,1.321,91986700.0,0.0187,129626400.0
2025-03-31,1.327,1.329,1.339,1.323,85608100.0,0.0172,121177200.0
2025-04-01,1.329,1.334,1.335,1.324,123289800.0,0.024300000000000002,174366800.0
2025-04-02,1.331,1.338,1.34,1.331,89834000.0,0.0176,127758300.0
2025-04-03,1.334,1.34,1.342,1.326,64698100.0,0.0126,91772300.0
2025-04-07,1.321,1.277,1.324,1.244,139748700.0,0.027000000000000003,191336000.0
2025-04-08,1.275,1.307,1.309,1.275,124953500.0,0.024,171990800.00000003
2025-04-09,1.299,1.303,1.308,1.281,154506300.0,0.0292,213359600.0
2025-04-10,1.31,1.311,1.314,1.301,145195300.0,0.027000000000000003,202161400.0
2025-04-11,1.307,1.304,1.31,1.296,74511500.0,0.0138,103359700.0
2025-04-14,1.309,1.309,1.31,1.302,38488100.0,0.0070999999999999995,53539399.99999999
2025-04-15,1.31,1.32,1.321,1.307,65041200.0,0.012,91016000.0
2025-04-16,1.315,1.333,1.335,1.315,82106400.0,0.0151,115535200.0
2025-04-17,1.33,1.333,1.334,1.325,54554600.0,0.01,77167400.0
2025-04-18,1.329,1.335,1.337,1.329,76825400.0,0.0139,108903700.00000001
2025-04-21,1.335,1.33,1.341,1.328,59402900.0,0.010700000000000001,84306000.0
2025-04-22,1.329,1.334,1.339,1.328,49814000.0,0.009000000000000001,70750400.0
2025-04-23,1.338,1.326,1.338,1.325,66439000.0,0.011899999999999999,93958300.0
2025-04-24,1.326,1.334,1.336,1.324,66079500.0,0.011699999999999999,93699300.0
2025-04-25,1.334,1.329,1.337,1.325,70469200.0,0.0124,99693600.0
2025-04-28,1.334,1.341,1.343,1.33,55890900.0,0.0098,79591100.0
2025-04-29,1.335,1.335,1.34,1.331,51960800.0,0.0091,73779200.0
2025-04-30,1.333,1.321,1.335,1.319,112847500.0,0.0196,159003300.0
2025-05-06,1.321,1.319,1.324,1.311,134209800.0,0.023,187982300.0
2025-05-07,1.322,1.33,1.331,1.321,54887800.0,0.009399999999999999,77487700.0
2025-05-08,1.33,1.334,1.336,1.327,64862900.0,0.0111,91939500.0
2025-05-09,1.335,1.343,1.344,1.334,96071400.0,0.0167,136983600.0
2025-05-12,1.341,1.344,1.348,1.338,68803600.0,0.012,98295700.0
2025-05-13,1.344,1.352,1.354,1.343,61648500.0,0.010700000000000001,88371100.0
2025-05-14,1.352,1.359,1.359,1.346,108062500.0,0.019,155177000.0
2025-05-15,1.359,1.354,1.363,1.354,61157600.0,0.0108,88215400.00000001
2025-05-16,1.354,1.347,1.355,1.339,58595700.0,0.0104,83934100.0
2025-05-19,1.348,1.353,1.354,1.348,80627300.0,0.014199999999999999,115901100.0
2025-05-20,1.355,1.358,1.36,1.353,58370300.0,0.0102,84167099.99999999
2025-05-21,1.355,1.367,1.37,1.355,70324600.0,0.0121,101952600.0
2025-05-22,1.365,1.37,1.371,1.361,55038900.0,0.009399999999999999,79945100.0
2025-05-23,1.372,1.359,1.378,1.358,78141600.0,0.013300000000000001,113587000.0
2025-05-26,1.355,1.35,1.361,1.347,119785300.0,0.020099999999999996,172519199.99999997
2025-05-27,1.35,1.352,1.356,1.348,91370500.0,0.0152,131355800.0
2025-05-28,1.352,1.355,1.357,1.35,76715100.0,0.0126,110317800.0
2025-05-29,1.358,1.354,1.358,1.352,95005100.0,0.0155,136679300.0
2025-05-30,1.354,1.363,1.364,1.353,112351400.0,0.0181,162262600.0
2025-06-03,1.358,1.366,1.369,1.353,64949500.0,0.0104,93961299.99999999
2025-06-04,1.366,1.371,1.372,1.365,61579100.0,0.009899999999999999,89527400.0
2025-06-05,1.372,1.362,1.374,1.359,70269600.0,0.011200000000000002,101833799.99999999
2025-06-06,1.362,1.363,1.366,1.361,142965100.0,0.0226,207058800.0
2025-06-09,1.362,1.365,1.366,1.359,88701600.0,0.0139,128319800.0
2025-06-10,1.365,1.366,1.376,1.361,98045600.0,0.0154,142414100.0
2025-06-11,1.366,1.371,1.372,1.365,102643900.0,0.0161,149129100.0
2025-06-12,1.369,1.37,1.371,1.363,60286100.0,0.009399999999999999,87604300.0
2025-06-13,1.368,1.363,1.371,1.36,132322200.0,0.020499999999999997,191963000.0
2025-06-16,1.362,1.365,1.367,1.359,191170200.0,0.0291,276499600.0
2025-06-17,1.365,1.365,1.371,1.362,80058000.0,0.0121,116254599.99999999
2025-06-18,1.365,1.369,1.37,1.362,80512300.0,0.0121,116853300.0
2025-06-19,1.368,1.365,1.369,1.36,84970700.0,0.0127,123250900.0
2025-06-20,1.362,1.376,1.377,1.362,118230900.0,0.0175,172159600.0
2025-06-23,1.374,1.378,1.379,1.363,98783900.0,0.0147,143952100.0
2025-06-24,1.374,1.38,1.383,1.373,120569600.0,0.0179,176405800.00000003
2025-06-25,1.38,1.386,1.388,1.374,129166000.0,0.0192,189378400.0
2025-06-26,1.384,1.391,1.393,1.383,78493100.0,0.0116,115642200.0
2025-06-27,1.388,1.377,1.398,1.373,119582400.0,0.0176,175917900.0
2025-06-30,1.377,1.375,1.378,1.369,202089600.0,0.0292,294752900.0
2025-07-01,1.375,1.383,1.384,1.375,108216200.0,0.0155,158632800.0
2025-07-02,1.383,1.396,1.397,1.383,125633200.0,0.0178,185498300.00000003
2025-07-03,1.398,1.396,1.401,1.391,99149600.0,0.0139,146880000.0
2025-07-04,1.397,1.41,1.414,1.396,111194200.0,0.0155,165657400.00000003
2025-07-07,1.41,1.411,1.411,1.403,72877700.0,0.0102,108809200.0
2025-07-08,1.41,1.407,1.415,1.403,121799200.0,0.017,182008900.0
2025-07-09,1.408,1.417,1.418,1.408,177312000.0,0.024300000000000002,265705500.0
2025-07-10,1.413,1.424,1.428,1.413,157527900.0,0.0212,237176100.0
2025-07-11,1.424,1.415,1.433,1.413,210648400.0,0.0279,317761500.0
2025-07-14,1.415,1.422,1.429,1.414,318437000.0,0.040999999999999995,480235100.0
2025-07-15,1.426,1.413,1.426,1.407,315935100.0,0.0395,461310700.0
2025-07-16,1.414,1.408,1.414,1.402,202501600.0,0.0248,293423700.0
2025-07-17,1.409,1.408,1.413,1.404,348894200.0,0.041299999999999996,506006600.00000006
2025-07-18,1.408,1.414,1.415,1.408,120513700.0,0.0141,175006500.0
2025-07-21,1.415,1.422,1.423,1.415,122464200.0,0.014199999999999999,178626300.0
2025-07-22,1.423,1.435,1.436,1.415,157597600.0,0.0181,230437300.0
2025-07-23,1.433,1.431,1.442,1.428,115138300.0,0.0131,169892300.0
2025-07-24,1.432,1.425,1.432,1.421,144461500.0,0.0163,211576300.0
2025-07-25,1.421,1.416,1.426,1.413,139411300.0,0.0155,203689500.0
2025-07-28,1.415,1.41,1.417,1.407,188027600.0,0.0206,272844300.0
2025-07-29,1.408,1.402,1.411,1.398,180210900.0,0.0196,260440000.0
2025-07-30,1.402,1.411,1.419,1.401,92071500.0,0.01,133633900.0
2025-07-31,1.41,1.39,1.41,1.386,149401900.0,0.0161,213771000.0
2025-08-01,1.39,1.388,1.394,1.383,108289300.0,0.0116,154636500.0
2025-08-04,1.384,1.393,1.393,1.383,141055300.0,0.0149,201703100.0
2025-08-05,1.392,1.403,1.406,1.391,124240000.0,0.013000000000000001,178926100.0
2025-08-06,1.403,1.405,1.408,1.401,65093200.0,0.0068000000000000005,93994000.0
2025-08-07,1.405,1.409,1.41,1.403,76708800.0,0.008,110959200.0
2025-08-08,1.405,1.412,1.415,1.405,54968400.0,0.005699999999999999,79804000.0
2025-08-11,1.413,1.402,1.413,1.401,157096600.0,0.0165,226670900.0
2025-08-12,1.402,1.406,1.413,1.401,92477500.0,0.0096,133997200.0
2025-08-13,1.406,1.4,1.409,1.397,125189800.0,0.0131,180468700.0
2025-08-14,1.4,1.396,1.406,1.393,115446100.0,0.0121,166287200.0
2025-08-15,1.396,1.392,1.396,1.381,160224200.0,0.0169,228662700.0
2025-08-18,1.395,1.388,1.395,1.385,142642900.0,0.0151,203742000.0
2025-08-19,1.388,1.388,1.39,1.386,145840500.0,0.0155,208242800.0
2025-08-20,1.386,1.397,1.399,1.38,145395200.0,0.015600000000000001,208133600.0
2025-08-21,1.398,1.405,1.406,1.393,87308100.0,0.009399999999999999,125923400.0
2025-08-22,1.405,1.403,1.406,1.392,105790700.0,0.0113,152079900.0
2025-08-25,1.403,1.417,1.418,1.4,133649000.0,0.0144,193620099.99999997
2025-08-26,1.414,1.411,1.417,1.41,83332500.0,0.0091,121144599.99999999
2025-08-27,1.414,1.387,1.414,1.385,134841500.0,0.0147,193726699.99999997
2025-08-28,1.387,1.384,1.391,1.372,101007100.0,0.011000000000000001,143827100.0
2025-08-29,1.385,1.383,1.402,1.382,122838100.0,0.0132,175839500.0
2025-09-01,1.383,1.378,1.391,1.375,143929200.0,0.0154,204377700.0
2025-09-02,1.377,1.386,1.386,1.376,133397000.0,0.0144,189705600.0
2025-09-03,1.384,1.372,1.389,1.37,78007800.0,0.0084,110438500.0
2025-09-04,1.371,1.375,1.378,1.359,127002600.0,0.0137,178508300.00000003
2025-09-05,1.376,1.374,1.376,1.366,73702400.0,0.0079,103967800.0
2025-09-08,1.375,1.38,1.381,1.368,86578000.0,0.009300000000000001,122755500.0
2025-09-09,1.379,1.383,1.383,1.376,90884400.0,0.0098,129067099.99999999
2025-09-10,1.384,1.38,1.384,1.375,62602000.0,0.0068000000000000005,88875400.00000001
2025-09-11,1.379,1.387,1.388,1.373,92799700.0,0.01,131717300.0
2025-09-12,1.387,1.377,1.39,1.374,110554100.0,0.011899999999999999,156863400.0
2025-09-15,1.375,1.367,1.377,1.366,111091500.0,0.011899999999999999,156715700.0
2025-09-16,1.367,1.36,1.37,1.359,100736500.0,0.0108,141440600.0
2025-09-17,1.359,1.365,1.367,1.357,79054000.0,0.0085,110925100.0
2025-09-18,1.364,1.345,1.364,1.34,169524000.0,0.0181,235845300.0
2025-09-19,1.344,1.349,1.35,1.338,106265500.0,0.011399999999999999,147133400.0
2025-09-22,1.349,1.339,1.349,1.335,76055100.0,0.008100000000000001,104990000.0
2025-09-23,1.339,1.345,1.349,1.332,196100100.0,0.0212,271098200.0
2025-09-24,1.345,1.354,1.355,1.342,133558200.0,0.014499999999999999,185332800.0
2025-09-25,1.354,1.355,1.357,1.349,143846800.0,0.015600000000000001,200200099.99999997
2025-09-26,1.356,1.356,1.36,1.351,83362700.0,0.0091,116378900.0
2025-09-29,1.357,1.355,1.362,1.346,115807900.0,0.0126,161210000.0
2025-09-30,1.351,1.347,1.353,1.347,55430700.0,0.006,77034600.0
2025-10-09,1.347,1.361,1.362,1.344,112297400.0,0.0123,156402900.0
2025-10-10,1.36,1.378,1.383,1.356,167340900.0,0.0184,236246300.0
2025-10-13,1.368,1.373,1.374,1.351,125814600.0,0.0138,176375099.99999997
2025-10-14,1.372,1.386,1.387,1.366,188790700.0,0.0207,267791600.0
2025-10-15,1.386,1.391,1.393,1.383,133135100.0,0.014499999999999999,190122200.0
2025-10-16,1.391,1.4,1.401,1.39,105315900.0,0.0115,151330200.0
2025-10-17,1.398,1.394,1.409,1.39,146326200.0,0.0159,210720200.0
2025-10-20,1.393,1.397,1.397,1.382,150565600.0,0.016200000000000003,215498800.0
2025-10-21,1.394,1.394,1.4,1.391,125537700.0,0.013500000000000002,180195099.99999997
2025-10-22,1.393,1.404,1.406,1.392,93947000.0,0.0101,135406400.0
2025-10-23,1.405,1.41,1.413,1.4,165426500.0,0.0178,239523700.0
2025-10-24,1.41,1.405,1.413,1.404,105513000.0,0.011399999999999999,152810900.0
2025-10-27,1.405,1.414,1.419,1.401,120744200.0,0.013000000000000001,175139900.00000003
2025-10-28,1.413,1.405,1.416,1.404,192295200.0,0.021,278506600.0
2025-10-29,1.408,1.401,1.408,1.393,91235700.0,0.0101,131373799.99999999
2025-10-30,1.4,1.411,1.418,1.4,131995700.0,0.0146,191559900.00000003
2025-10-31,1.409,1.407,1.412,1.4,80253300.0,0.0089,115924800.0
2025-11-03,1.406,1.419,1.419,1.406,85569200.0,0.0095,124418400.0
2025-11-04,1.418,1.424,1.431,1.417,93864100.0,0.0105,137412000.0
2025-11-05,1.42,1.42,1.425,1.412,123476100.0,0.0138,180467200.0
2025-11-06,1.415,1.431,1.435,1.415,99696900.0,0.0111,146668800.0
2025-11-07,1.43,1.432,1.438,1.429,90684900.0,0.0101,133502000.0
2025-11-10,1.433,1.445,1.446,1.428,87937100.0,0.0097,130144200.0
2025-11-11,1.444,1.441,1.445,1.435,69788900.0,0.0077,103307600.0
2025-11-12,1.443,1.45,1.455,1.441,101283400.0,0.0111,150954100.0
2025-11-13,1.451,1.445,1.451,1.435,102314500.0,0.011200000000000002,151522300.0
2025-11-14,1.445,1.44,1.452,1.438,115237900.0,0.0125,171270500.0
2025-11-17,1.437,1.427,1.439,1.425,126924900.0,0.0137,186482300.0
2025-11-18,1.431,1.421,1.432,1.416,164547900.0,0.0178,240564100.0
2025-11-19,1.421,1.43,1.433,1.42,103898200.0,0.011200000000000002,152506200.0
2025-11-20,1.427,1.434,1.443,1.425,114812200.0,0.0123,169417300.0
2025-11-21,1.429,1.415,1.435,1.413,152106800.0,0.0163,222221000.0
2025-11-24,1.415,1.406,1.42,1.406,114485100.0,0.012199999999999999,166158300.00000003
2025-11-25,1.406,1.414,1.415,1.401,174153400.0,0.0184,252146300.0
2025-11-26,1.414,1.409,1.419,1.405,122616400.0,0.013000000000000001,177678200.0
2025-11-27,1.409,1.413,1.417,1.403,105276800.0,0.0111,152671700.0
2025-11-28,1.41,1.408,1.413,1.406,100338200.0,0.0106,145440700.0
2025-12-01,1.409,1.417,1.417,1.408,111571000.0,0.011699999999999999,162128000.0
2025-12-02,1.417,1.419,1.421,1.414,88330400.0,0.0092,128741000.0
2025-12-03,1.419,1.422,1.428,1.415,85744200.0,0.0089,125398200.0
2025-12-04,1.42,1.415,1.424,1.412,70907600.0,0.0074,103249100.0
2025-12-05,1.416,1.413,1.418,1.406,80322500.0,0.0083,116601299.99999999
2025-12-08,1.415,1.406,1.417,1.4,117561800.0,0.012,169880200.0
2025-12-09,1.407,1.395,1.408,1.391,116171800.0,0.0118,166939400.0
2025-12-10,1.395,1.391,1.396,1.386,160181600.0,0.016200000000000003,229296000.0
2025-12-11,1.393,1.385,1.394,1.383,85739000.0,0.0086,122361400.0
2025-12-12,1.386,1.383,1.386,1.379,122408400.0,0.012,173965500.0
2025-12-15,1.385,1.385,1.39,1.379,103412100.0,0.01,144243100.0
2025-12-16,1.384,1.38,1.387,1.377,162059900.0,0.015600000000000001,225583200.0
2025-12-17,1.382,1.387,1.389,1.374,135642400.0,0.013000000000000001,188663000.0
2025-12-18,1.386,1.395,1.397,1.381,85434000.0,0.008100000000000001,119535000.0
2025-12-19,1.395,1.396,1.4,1.39,132377200.0,0.0125,186035099.99999997
2025-12-22,1.397,1.391,1.398,1.389,131921200.0,0.0124,184999500.0
2025-12-23,1.391,1.392,1.397,1.389,70714800.0,0.0066,99178700.00000001
2025-12-24,1.391,1.392,1.392,1.385,71212600.0,0.0067,99575900.0
2025-12-25,1.393,1.393,1.397,1.39,96077800.0,0.009000000000000001,134874600.0
2025-12-26,1.394,1.391,1.394,1.387,80130600.0,0.0075,112161800.0
2025-12-29,1.389,1.388,1.395,1.388,89906100.0,0.0084,125881800.0
2025-12-30,1.388,1.385,1.388,1.38,82731700.0,0.0077,115356700.0
2025-12-31,1.384,1.391,1.391,1.384,75857000.0,0.0070999999999999995,106029800.0
2026-01-05,1.394,1.388,1.395,1.385,141032600.0,0.0131,197239800.0
2026-01-06,1.387,1.398,1.398,1.384,129618900.0,0.0121,181762800.0
2026-01-07,1.396,1.402,1.405,1.396,124408400.0,0.0116,175527400.00000003
2026-01-08,1.402,1.398,1.402,1.394,64103800.0,0.006,90185100.0
2026-01-09,1.398,1.404,1.405,1.396,83701600.0,0.0078000000000000005,118042200.0
2026-01-12,1.404,1.403,1.404,1.397,50678800.0,0.004699999999999999,71503400.0
2026-01-13,1.403,1.402,1.411,1.4,87029200.0,0.008199999999999999,123338799.99999999
2026-01-14,1.401,1.392,1.406,1.391,110298100.0,0.0104,155550800.0
2026-01-15,1.388,1.385,1.394,1.382,117579200.0,0.0111,164501300.0
2026-01-16,1.386,1.38,1.39,1.375,120158500.0,0.0113,167380099.99999997
2026-01-19,1.375,1.382,1.385,1.375,95847200.0,0.009000000000000001,133271700.0
2026-01-20,1.383,1.405,1.406,1.381,181506800.0,0.0171,255171000.0
2026-01-21,1.406,1.394,1.406,1.391,117714000.0,0.0111,165559800.0
2026-01-22,1.393,1.395,1.4,1.393,106812500.0,0.01,150125300.0
2026-01-23,1.393,1.389,1.396,1.387,98459900.0,0.0092,137953200.0
2026-01-26,1.389,1.394,1.397,1.382,112187500.0,0.0106,157081200.0
2026-01-27,1.392,1.381,1.394,1.38,98325200.0,0.0092,137397900.0
2026-01-28,1.381,1.395,1.403,1.38,130313600.0,0.0123,182970300.0
2026-01-29,1.394,1.415,1.416,1.389,173831900.0,0.0165,245077700.0
2026-01-30,1.415,1.402,1.418,1.398,113459700.0,0.0108,161009400.0
2026-02-02,1.397,1.389,1.408,1.386,255266100.0,0.0241,359115899.99999994
2026-02-03,1.389,1.382,1.399,1.374,155055700.0,0.014499999999999999,215790400.0
2026-02-04,1.379,1.403,1.404,1.379,122195100.0,0.0115,171731500.0
2026-02-05,1.404,1.412,1.415,1.401,118828300.0,0.011200000000000002,168516600.0
2026-02-06,1.413,1.408,1.413,1.402,82094500.0,0.0078000000000000005,116566000.0
2026-02-09,1.41,1.417,1.417,1.408,80115100.0,0.0076,114020100.0
2026-02-10,1.416,1.418,1.419,1.413,68468900.0,0.006500000000000001,97668600.0
2026-02-11,1.416,1.421,1.422,1.412,50851200.0,0.0048,72658100.0
2026-02-12,1.42,1.411,1.421,1.41,80251900.0,0.0076,114293500.0
2026-02-13,1.413,1.4,1.413,1.397,137038700.0,0.0129,193870000.0
2026-02-24,1.404,1.406,1.41,1.402,110886500.0,0.0104,157045900.0
2026-02-25,1.407,1.4,1.416,1.399,122855900.0,0.011399999999999999,174274199.99999997
2026-02-26,1.403,1.401,1.41,1.397,76337300.0,0.0070999999999999995,107699300.0
2026-02-27,1.4,1.407,1.41,1.399,78450800.0,0.0072,111137300.0
2026-03-02,1.407,1.419,1.421,1.4,122398000.0,0.0113,174339900.00000003
2026-03-03,1.416,1.426,1.44,1.416,138223700.0,0.0128,198467700.0
2026-03-04,1.426,1.41,1.426,1.402,136621100.0,0.0126,193879100.0
2026-03-05,1.413,1.413,1.417,1.405,81021800.0,0.0075,115162099.99999999
2026-03-06,1.414,1.422,1.423,1.409,91393000.0,0.0084,130181700.0
2026-03-09,1.427,1.42,1.43,1.419,99416400.0,0.0092,142420900.0
2026-03-10,1.417,1.418,1.421,1.409,81360200.0,0.0074,116026700.0
2026-03-11,1.419,1.436,1.44,1.411,115567900.0,0.0106,166103800.0
2026-03-12,1.435,1.445,1.448,1.433,132631300.0,0.012199999999999999,192468000.0
2026-03-13,1.445,1.447,1.456,1.442,125512900.0,0.0116,182934500.0
2026-03-16,1.447,1.451,1.454,1.442,131042000.0,0.0121,191240900.0
2026-03-17,1.448,1.456,1.459,1.448,107095300.0,0.0098,156891800.0
2026-03-18,1.454,1.447,1.459,1.438,204889200.0,0.0187,298486900.0
2026-03-19,1.442,1.446,1.453,1.439,135769900.0,0.0123,197790200.0
2026-03-20,1.444,1.433,1.449,1.431,155559000.0,0.0141,225803100.0
2026-03-23,1.427,1.391,1.43,1.387,206357100.0,0.018600000000000002,291752900.0
2026-03-24,1.399,1.419,1.422,1.394,175684500.0,0.0158,248800200.0
2026-03-25,1.42,1.425,1.427,1.404,164107000.0,0.0147,233999900.00000003
2026-03-26,1.424,1.426,1.433,1.424,101292000.0,0.0091,145673800.0
2026-03-27,1.425,1.425,1.43,1.418,110426900.0,0.009899999999999999,158351100.0
2026-03-30,1.417,1.427,1.428,1.415,107450900.0,0.0096,153796200.0
2026-03-31,1.427,1.427,1.439,1.425,124108700.0,0.0111,178947599.99999997
2026-04-01,1.429,1.43,1.434,1.426,133430700.0,0.011899999999999999,192022200.0
2026-04-02,1.428,1.435,1.435,1.426,90594000.0,0.008,130614200.0
2026-04-03,1.435,1.418,1.435,1.414,98026100.0,0.0086,140173700.0
2026-04-07,1.419,1.409,1.419,1.405,158675600.0,0.0138,225448700.0
2026-04-08,1.413,1.42,1.421,1.408,152744900.0,0.0132,217254900.00000003
2026-04-09,1.415,1.409,1.42,1.408,97009600.0,0.0083,138020400.0
2026-04-10,1.41,1.408,1.411,1.406,145570600.0,0.0124,206489199.99999997
2026-04-13,1.407,1.401,1.408,1.397,116352500.0,0.009899999999999999,164097900.0
2026-04-14,1.403,1.405,1.406,1.39,132306000.0,0.0111,186639100.0
2026-04-15,1.405,1.414,1.415,1.405,92218600.0,0.0078000000000000005,130969000.0
2026-04-16,1.414,1.416,1.42,1.412,80434700.0,0.0068000000000000005,114626900.0
2026-04-17,1.411,1.409,1.415,1.409,66464900.0,0.005600000000000001,94503700.00000001
2026-04-20,1.409,1.413,1.414,1.406,81190100.0,0.0068000000000000005,115335500.0
2026-04-21,1.413,1.427,1.428,1.413,91013400.0,0.0076,130538200.0
2026-04-22,1.423,1.42,1.424,1.418,73415400.0,0.0062,105049500.0
2026-04-23,1.42,1.429,1.43,1.418,110382700.0,0.009300000000000001,158331200.0
2026-04-24,1.427,1.429,1.43,1.421,61605900.0,0.0052,88508200.0
2026-04-27,1.428,1.423,1.431,1.421,72939100.0,0.0060999999999999995,104706200.00000001
2026-04-28,1.423,1.431,1.432,1.419,214328800.0,0.0178,307783000.0
2026-04-29,1.431,1.435,1.44,1.429,82458900.0,0.0068000000000000005,119023600.0
2026-04-30,1.434,1.431,1.438,1.427,110553700.0,0.0092,159386800.0
2026-05-06,1.428,1.426,1.43,1.415,145838000.0,0.0121,208439800.0
2026-05-07,1.426,1.421,1.427,1.419,242039600.0,0.0197,346980800.0
2026-05-08,1.421,1.419,1.427,1.417,119193000.0,0.0097,170551000.0
2026-05-11,1.417,1.427,1.428,1.413,112195900.0,0.0091,160522500.0
2026-05-12,1.427,1.427,1.433,1.424,128406300.0,0.0104,184751200.0
2026-05-13,1.428,1.422,1.43,1.418,87454100.0,0.006999999999999999,125249500.0
2026-05-14,1.421,1.421,1.428,1.418,148655000.0,0.011899999999999999,213118500.0
2026-05-15,1.421,1.413,1.422,1.411,167040800.0,0.013300000000000001,238449000.0
2026-05-18,1.413,1.411,1.416,1.406,152290700.0,0.012,216138000.0
2026-05-19,1.41,1.427,1.43,1.41,162417300.0,0.0129,232849300.0
2026-05-20,1.424,1.412,1.425,1.41,155254100.0,0.0123,221172900.0
2026-05-21,1.411,1.405,1.414,1.402,151357100.0,0.011899999999999999,214899000.0
2026-05-22,1.405,1.398,1.405,1.393,122625500.0,0.0096,172587900.0
2026-05-25,1.398,1.399,1.403,1.391,109278300.0,0.0085,153911800.0
2026-05-26,1.399,1.402,1.402,1.393,101053100.0,0.0079,142436800.0
2026-05-27,1.398,1.399,1.402,1.391,114981400.0,0.009000000000000001,161723400.0
2026-05-28,1.399,1.394,1.402,1.392,96113800.0,0.0075,135119900.0
2026-05-29,1.392,1.42,1.422,1.39,172687400.0,0.013500000000000002,245688900.0
2026-06-01,1.42,1.436,1.436,1.412,243680800.0,0.0191,349166400.0
2026-06-02,1.433,1.433,1.447,1.429,200721500.0,0.0158,290377500.0
2026-06-03,1.433,1.422,1.433,1.411,149965500.0,0.0118,214252200.0
2026-06-04,1.419,1.407,1.424,1.403,150236400.0,0.011699999999999999,213293800.0
2026-06-05,1.407,1.406,1.42,1.404,132245700.0,0.0103,187992100.0
2026-06-08,1.402,1.4,1.406,1.394,186357700.0,0.0143,262674800.0
2026-06-09,1.4,1.403,1.407,1.396,114994700.0,0.0088,162176400.0
2026-06-10,1.403,1.412,1.412,1.4,125802900.0,0.0096,178317800.0
2026-06-11,1.413,1.408,1.414,1.402,135377200.0,0.0104,191751100.0
2026-06-12,1.403,1.42,1.42,1.401,137976500.0,0.0106,195887400.00000003
2026-06-15,1.418,1.406,1.42,1.401,182902600.0,0.013999999999999999,259520600.0
2026-06-16,1.406,1.39,1.407,1.386,319427700.0,0.024,448517699.99999994
2026-06-17,1.389,1.379,1.392,1.375,297480600.0,0.022000000000000002,414453800.0
2026-06-18,1.374,1.351,1.377,1.343,368060500.0,0.0269,503794500.0
2026-06-22,1.345,1.354,1.358,1.32,287960400.0,0.0209,388221600.00000006
2026-06-23,1.352,1.352,1.371,1.351,264510600.0,0.019299999999999998,362333500.0
2026-06-24,1.358,1.334,1.358,1.331,165906700.0,0.0121,223983700.0
2026-06-25,1.327,1.324,1.339,1.322,160608100.0,0.011699999999999999,214868900.0
2026-06-26,1.324,1.31,1.326,1.305,162139000.0,0.0118,214729600.0
2026-06-29,1.307,1.325,1.325,1.29,162773400.0,0.011899999999999999,214727400.00000003
2026-06-30,1.319,1.3,1.321,1.295,135776100.0,0.009899999999999999,178201300.0
2026-07-01,1.296,1.317,1.323,1.296,220883900.0,0.016,290659900.0
2026-07-02,1.323,1.335,1.34,1.32,174981700.0,0.0126,234377200.0
2026-07-03,1.34,1.337,1.346,1.327,263624000.0,0.018799999999999997,355272699.99999994
2026-07-06,1.336,1.358,1.359,1.328,143462300.0,0.0102,194186100.0
2026-07-07,1.357,1.344,1.359,1.339,260006800.0,0.0183,352732200.0
2026-07-08,1.345,1.361,1.362,1.34,134321800.0,0.009399999999999999,183010000.0
2026-07-09,1.359,1.346,1.359,1.344,202632900.0,0.014199999999999999,275427600.0
2026-07-10,1.342,1.353,1.355,1.335,147412200.0,0.0103,199542800.0
2026-07-13,1.349,1.366,1.368,1.347,142194800.0,0.01,194867100.0
2026-07-14,1.365,1.38,1.383,1.362,217018800.0,0.0151,300884100.0
2026-07-15,1.378,1.394,1.397,1.367,137359300.0,0.0096,190263900.0
2026-07-16,1.391,1.384,1.4,1.381,135299300.0,0.009399999999999999,187801300.0
2026-07-17,1.385,1.396,1.402,1.385,158663200.0,0.0111,221578700.0
2026-07-20,1.396,1.431,1.431,1.393,232060400.0,0.0163,328764100.00000006
2026-07-21,1.428,1.416,1.453,1.413,382226400.0,0.0271,547022900.0
2026-07-22,1.41,1.422,1.423,1.4,133072700.0,0.0095,187647700.0
2026-07-23,1.42,1.427,1.429,1.414,125867200.0,0.009000000000000001,179312000.0
2026-07-24,1.428,1.416,1.433,1.415,104673900.0,0.0075,149144800.0
2026-07-27,1.416,1.419,1.423,1.413,116596100.0,0.0084,165306600.0
2026-07-28,1.422,1.429,1.43,1.41,120985400.0,0.0087,171973600.0
2026-07-29,1.43,1.443,1.451,1.425,279505800.0,0.0203,403766500.0
2026-07-30,1.444,1.467,1.467,1.441,235449500.0,0.0172,342981100.0
2026-07-31,1.445,1.458,1.458,1.43,222693600.0,0.016200000000000003,321001800.0
2026-08-03,1.454,1.454,1.467,1.449,95919500.0,0.006999999999999999,139613300.0
2026-08-04,1.446,1.422,1.451,1.421,155980000.0,0.011399999999999999,223189500.0
2026-08-05,1.415,1.404,1.422,1.401,263934400.0,0.019,371284200.0
2026-08-06,1.4,1.406,1.407,1.393,160907000.0,0.0116,225358900.0
2026-08-07,1.406,1.395,1.406,1.389,197942400.0,0.014199999999999999,275999600.0
