symbol,model,entry_time,exit_time,side,entry_price,exit_price,weight,regime,PnL,exit_reason,bars_held
BTC-USD,SCORE,2024-09-18 04:00:00+00:00,2024-09-18 05:00:00+00:00,1.0,60518.13109375,60428.34546875,0.3421132670912563,transition,-780.8311398983492,signal_change,1
BTC-USD,SCORE,2024-09-19 00:00:00+00:00,2024-09-19 04:00:00+00:00,1.0,61760.119375,62119.36109375,0.3252191875580774,transition,1635.0133806165368,signal_change,4
BTC-USD,SCORE,2024-09-19 12:00:00+00:00,2024-09-19 15:00:00+00:00,1.0,62669.35375,62943.00171875,0.3079992645128067,transition,1099.2411943468558,signal_change,3
BTC-USD,SCORE,2024-09-19 17:00:00+00:00,2024-09-19 19:00:00+00:00,1.0,63568.37328125,63653.39625,0.31510964340117653,trend,171.07185017926204,signal_change,2
BTC-USD,SCORE,2024-09-19 23:00:00+00:00,2024-09-20 00:00:00+00:00,1.0,62961.135,62958.380625,0.39340648206134876,shock,-332.6989216396511,signal_change,1
BTC-USD,SCORE,2024-09-20 04:00:00+00:00,2024-09-20 08:00:00+00:00,1.0,63751.58421875,63536.0915625,0.41459479092100293,shock,-1735.0744496482023,signal_change,4
BTC-USD,SCORE,2024-09-22 00:00:00+00:00,2024-09-22 01:00:00+00:00,1.0,63420.4553125,63241.46265625,0.3493972549946559,range,-1265.4970104907313,signal_change,1
BTC-USD,SCORE,2024-09-22 04:00:00+00:00,2024-09-22 05:00:00+00:00,1.0,63131.01390625,63107.1228125,0.9613208473270407,transition,-1131.4240860353736,signal_change,1
BTC-USD,SCORE,2024-09-22 10:00:00+00:00,2024-09-22 12:00:00+00:00,-1.0,62735.70484375,62815.494375,0.31830442331745035,transition,-783.3518130836751,signal_change,2
BTC-USD,SCORE,2024-09-22 13:00:00+00:00,2024-09-22 16:00:00+00:00,-1.0,62798.24,62676.04515625,0.85136374658612,transition,263.9205525542957,signal_change,3
BTC-USD,SCORE,2024-09-22 19:00:00+00:00,2024-09-22 20:00:00+00:00,-1.0,62974.536875,63203.51,0.7243207706449135,range,-2623.161334227807,signal_change,1
BTC-USD,SCORE,2024-09-22 22:00:00+00:00,2024-09-22 22:00:00+00:00,-1.0,62825.36890625,63333.64427734375,0.1890575550603755,shock,1370.5583069121967,stop,1
BTC-USD,SCORE,2024-09-22 23:00:00+00:00,2024-09-23 00:00:00+00:00,1.0,63900.5959375,63614.1696875,0.18461390210553918,shock,-971.4003103017217,signal_change,1
BTC-USD,SCORE,2024-09-23 02:00:00+00:00,2024-09-23 03:00:00+00:00,1.0,63853.885,63935.943125,0.47044500133583717,transition,226.89523975664054,signal_change,1
BTC-USD,SCORE,2024-09-23 04:00:00+00:00,2024-09-23 05:00:00+00:00,1.0,64370.70140625,63931.4040625,0.14595387613474076,transition,-1107.3500026772072,signal_change,1
BTC-USD,SCORE,2024-09-23 15:00:00+00:00,2024-09-23 17:00:00+00:00,1.0,63397.76390625,63261.59546875,0.3731979336967521,transition,-1087.505256116395,signal_change,2
BTC-USD,SCORE,2024-09-24 18:00:00+00:00,2024-09-24 19:00:00+00:00,1.0,63793.8146875,63726.06421875,0.18068144654668347,transition,-334.1206650110099,signal_change,1
BTC-USD,SCORE,2024-09-24 20:00:00+00:00,2024-09-24 22:00:00+00:00,1.0,64316.338125,64031.65015625,0.47727687323523893,shock,-2476.449884396729,signal_change,2
BTC-USD,SCORE,2024-09-24 23:00:00+00:00,2024-09-25 00:00:00+00:00,1.0,64611.0959375,64269.974375,0.4461689527254724,transition,-2685.6880161461013,signal_change,1
BTC-USD,SCORE,2024-09-26 06:00:00+00:00,2024-09-26 07:00:00+00:00,-1.0,63584.27515625,63714.5803125,0.5655447381425067,transition,-1441.6701298490873,signal_change,1
BTC-USD,SCORE,2024-09-26 11:00:00+00:00,2024-09-26 15:00:00+00:00,1.0,64364.95140625,64429.63404296875,0.190352194355988,transition,39.92651527098127,stop,5
BTC-USD,SCORE,2024-09-26 16:00:00+00:00,2024-09-26 18:00:00+00:00,1.0,65249.5178125,65152.26734375,0.16042990117781145,transition,-361.8727160411309,signal_change,2
BTC-USD,SCORE,2024-09-26 19:00:00+00:00,2024-09-26 20:00:00+00:00,1.0,65289.62328125,64750.04078125,0.4369513406287647,transition,-3904.858239570244,signal_change,1
BTC-USD,SCORE,2024-09-26 22:00:00+00:00,2024-09-26 23:00:00+00:00,1.0,65054.74046875,65087.6384375,0.4371211439323067,transition,-126.47290289541743,signal_change,1
BTC-USD,SCORE,2024-09-27 08:00:00+00:00,2024-09-27 10:00:00+00:00,1.0,65502.81078125,65771.4275,0.42379698710166636,transition,1372.2577711548265,signal_change,2
BTC-USD,SCORE,2024-09-29 01:00:00+00:00,2024-09-29 02:00:00+00:00,-1.0,65686.39625,65874.51,0.3172157361224578,transition,-1103.5385816477476,signal_change,1
BTC-USD,SCORE,2024-09-29 06:00:00+00:00,2024-09-29 07:00:00+00:00,-1.0,65606.130625,65508.55296875,0.33308385032362536,transition,269.28003772309745,signal_change,1
BTC-USD,SCORE,2024-09-29 08:00:00+00:00,2024-09-29 09:00:00+00:00,-1.0,65484.505625,65574.713125,0.34020270362867616,transition,-681.676758517577,signal_change,1
BTC-USD,SCORE,2024-09-29 14:00:00+00:00,2024-09-29 15:00:00+00:00,1.0,65801.431875,65710.0525,1.044388481616894,range,-2242.6323466510376,signal_change,1
BTC-USD,SCORE,2024-09-29 16:00:00+00:00,2024-09-29 17:00:00+00:00,1.0,65759.5959375,65774.911875,0.3629731134617457,transition,-201.6837128304913,signal_change,1
BTC-USD,SCORE,2024-09-29 18:00:00+00:00,2024-09-29 19:00:00+00:00,1.0,65836.1115625,65803.365,1.0687321209352785,transition,-1357.2361885416426,signal_change,1
BTC-USD,SCORE,2024-09-30 00:00:00+00:00,2024-09-30 01:00:00+00:00,-1.0,65613.380625,65476.1271875,0.9577510135781858,shock,1359.6509629077195,signal_change,1
BTC-USD,SCORE,2024-09-30 02:00:00+00:00,2024-09-30 06:00:00+00:00,-1.0,64768.02125,64525.21703125,0.5431460804415043,shock,1802.3503079476536,signal_change,4
BTC-USD,SCORE,2024-09-30 07:00:00+00:00,2024-09-30 08:00:00+00:00,-1.0,64365.44703125,64564.89671875,0.6937682723410208,transition,-2995.627883809992,signal_change,1
BTC-USD,SCORE,2024-09-30 09:00:00+00:00,2024-09-30 12:00:00+00:00,-1.0,64310.865,63831.81859375,0.5855834519838344,transition,3376.1530070878407,signal_change,3
BTC-USD,SCORE,2024-09-30 13:00:00+00:00,2024-09-30 20:00:00+00:00,-1.0,64041.87671875,63453.50609375,0.5376362752890945,transition,2185.783954882553,signal_change,7
BTC-USD,SCORE,2024-10-01 00:00:00+00:00,2024-10-01 01:00:00+00:00,-1.0,63320.24390625,63495.97875,0.4258729697084031,transition,-1433.6809905520972,signal_change,1
BTC-USD,SCORE,2024-10-01 14:00:00+00:00,2024-10-01 17:00:00+00:00,-1.0,62872.615,62337.363515625,0.16486276788886303,shock,676.9550700413205,stop,4
BTC-USD,SCORE,2024-10-01 18:00:00+00:00,2024-10-01 20:00:00+00:00,-1.0,62136.1775,61626.72240234375,0.3733754552782861,transition,1538.8621877482717,stop,3
BTC-USD,SCORE,2024-10-01 21:00:00+00:00,2024-10-02 00:00:00+00:00,-1.0,60790.365,60824.84203125,0.22183763610103766,shock,-388.85540142979505,signal_change,3
BTC-USD,SCORE,2024-10-02 11:00:00+00:00,2024-10-02 12:00:00+00:00,-1.0,61179.65796875,61162.02171875,0.2850370257132614,transition,-316.2617809620034,signal_change,1
BTC-USD,SCORE,2024-10-02 13:00:00+00:00,2024-10-02 14:00:00+00:00,-1.0,60802.349375,61339.13890625,0.28631863985817274,transition,-2927.1739150727035,signal_change,1
BTC-USD,SCORE,2024-10-02 20:00:00+00:00,2024-10-02 21:00:00+00:00,-1.0,60175.865,60910.150625,0.3101378627627417,transition,-4298.605678843804,signal_change,1
BTC-USD,SCORE,2024-10-03 08:00:00+00:00,2024-10-03 10:00:00+00:00,-1.0,60958.4040625,60705.37328125,0.3071662835289736,transition,1031.8874269121618,signal_change,2
BTC-USD,SCORE,2024-10-03 15:00:00+00:00,2024-10-03 16:00:00+00:00,-1.0,60175.43921875,60617.17015625,0.3222388222955268,transition,-2476.088601608623,signal_change,1
BTC-USD,SCORE,2024-10-03 18:00:00+00:00,2024-10-03 19:00:00+00:00,-1.0,60600.91578125,60714.80296875,0.3318005905114814,range,-1050.4610763885858,signal_change,1
BTC-USD,SCORE,2024-10-04 13:00:00+00:00,2024-10-04 14:00:00+00:00,1.0,61914.99828125,61569.8571875,0.14845251066658233,transition,-921.440114870027,signal_change,1
BTC-USD,SCORE,2024-10-04 17:00:00+00:00,2024-10-04 18:00:00+00:00,1.0,62246.81859375,61997.5915625,0.43256520689173067,transition,-2021.7308900573685,signal_change,1
BTC-USD,SCORE,2024-10-05 04:00:00+00:00,2024-10-05 05:00:00+00:00,1.0,61878.963125,61939.90015625,0.5035970636560743,transition,90.02526794156194,signal_change,1
BTC-USD,SCORE,2024-10-06 15:00:00+00:00,2024-10-06 17:00:00+00:00,1.0,62709.3771875,62594.95484375,0.334365005712155,shock,-852.1885951258644,signal_change,2
BTC-USD,SCORE,2024-10-07 00:00:00+00:00,2024-10-07 00:00:00+00:00,1.0,62817.13890625,63012.35328125,0.6985473773797217,shock,1563.0694958833187,stop,1
BTC-USD,SCORE,2024-10-07 01:00:00+00:00,2024-10-07 03:00:00+00:00,1.0,63662.84203125,63631.411875,0.4876751934844253,shock,-611.1271985673678,signal_change,2
BTC-USD,SCORE,2024-10-07 04:00:00+00:00,2024-10-07 05:00:00+00:00,1.0,63513.525625,63467.8103125,0.6330692522862034,transition,-934.207185751696,signal_change,1
BTC-USD,SCORE,2024-10-07 07:00:00+00:00,2024-10-07 09:00:00+00:00,1.0,63696.01390625,63560.911875,0.5790539260378844,transition,-1640.3956976146733,signal_change,2
BTC-USD,SCORE,2024-10-07 10:00:00+00:00,2024-10-07 11:00:00+00:00,1.0,63194.369375,62892.92359375,0.5304198682434695,transition,-2860.4123935326625,signal_change,1
BTC-USD,SCORE,2024-10-07 12:00:00+00:00,2024-10-07 13:00:00+00:00,1.0,63114.5725,62861.43921875,0.5012172387903937,transition,-2327.3637271668,signal_change,1
BTC-USD,SCORE,2024-10-07 14:00:00+00:00,2024-10-07 16:00:00+00:00,1.0,63444.24828125,63644.75953125,0.45613041174777386,shock,1051.632084062864,signal_change,2
BTC-USD,SCORE,2024-10-08 00:00:00+00:00,2024-10-08 01:00:00+00:00,-1.0,62227.6540625,62525.35375,0.36645812612730894,transition,-1822.6463071711205,signal_change,1
BTC-USD,SCORE,2024-10-09 13:00:00+00:00,2024-10-09 15:00:00+00:00,-1.0,61931.6540625,61817.963125,0.17368446678085844,transition,454.4919378431447,signal_change,2
BTC-USD,SCORE,2024-10-09 17:00:00+00:00,2024-10-09 18:00:00+00:00,-1.0,61754.82203125,61699.74046875,0.5713802368910804,transition,-21.165521068438835,signal_change,1
BTC-USD,SCORE,2024-10-09 19:00:00+00:00,2024-10-09 23:00:00+00:00,-1.0,61137.0759375,60751.306875,0.39535084631547474,shock,2078.058080126218,signal_change,4
BTC-USD,SCORE,2024-10-10 00:00:00+00:00,2024-10-10 02:00:00+00:00,-1.0,60580.84546875,60730.13890625,0.5039936284720996,transition,-1129.415850792164,signal_change,2
BTC-USD,SCORE,2024-10-10 10:00:00+00:00,2024-10-10 11:00:00+00:00,-1.0,60896.3415625,60999.20140625,0.4960418407782981,transition,-1445.4620753291001,signal_change,1
BTC-USD,SCORE,2024-10-10 18:00:00+00:00,2024-10-10 20:00:00+00:00,-1.0,59433.1384375,59689.07640625,0.8417273200904537,shock,-3340.7972903433456,signal_change,2
BTC-USD,SCORE,2024-10-11 14:00:00+00:00,2024-10-11 22:00:00+00:00,1.0,61668.00609375,62851.5759375,0.48127645661556057,transition,8470.155397413499,signal_change,8
BTC-USD,SCORE,2024-10-12 01:00:00+00:00,2024-10-12 02:00:00+00:00,1.0,62828.90453125,62719.630625,0.5036000870053532,trend,-1236.9338238899509,signal_change,1
BTC-USD,SCORE,2024-10-13 03:00:00+00:00,2024-10-13 04:00:00+00:00,1.0,62845.38109375,62694.1071875,0.7893088853383351,transition,-2445.054003429056,signal_change,1
BTC-USD,SCORE,2024-10-13 15:00:00+00:00,2024-10-13 16:00:00+00:00,-1.0,62220.255625,62600.523111979164,1.6364186136894974,transition,8076.351748668921,stop,2
BTC-USD,SCORE,2024-10-13 17:00:00+00:00,2024-10-13 19:00:00+00:00,-1.0,62607.33375,62395.4396875,0.2643957444899385,shock,552.6125250787845,signal_change,2
BTC-USD,SCORE,2024-10-13 22:00:00+00:00,2024-10-14 00:00:00+00:00,-1.0,62895.57984375,62843.5959375,0.2369835232302865,shock,-29.65875399618082,signal_change,2
BTC-USD,SCORE,2024-10-14 01:00:00+00:00,2024-10-14 02:00:00+00:00,-1.0,62502.10328125,62589.41625,0.6551836306400839,transition,-1647.5049160462193,signal_change,1
BTC-USD,SCORE,2024-10-14 04:00:00+00:00,2024-10-14 05:00:00+00:00,1.0,64246.41234375,64102.43921875,0.18219393288272664,shock,-537.8649951351455,signal_change,1
BTC-USD,SCORE,2024-10-14 07:00:00+00:00,2024-10-14 09:00:00+00:00,1.0,64052.650625,64374.8571875,0.4683525057262208,transition,1927.8303874029993,signal_change,2
BTC-USD,SCORE,2024-10-14 10:00:00+00:00,2024-10-14 12:00:00+00:00,1.0,64777.02171875,64877.8025,0.4293383193944644,transition,315.0600190089517,signal_change,2
BTC-USD,SCORE,2024-10-14 13:00:00+00:00,2024-10-14 17:00:00+00:00,1.0,64831.96703125,65664.2478125,0.40954353556499906,transition,4796.465742685005,signal_change,4
BTC-USD,SCORE,2024-10-14 20:00:00+00:00,2024-10-14 21:00:00+00:00,1.0,65922.29125,65917.77125,0.3894486782919987,trend,-330.6725289215874,signal_change,1
BTC-USD,SCORE,2024-10-14 23:00:00+00:00,2024-10-15 00:00:00+00:00,1.0,66434.8771875,66064.0759375,0.3773957099956143,transition,-2352.15100235951,signal_change,1
BTC-USD,SCORE,2024-10-15 14:00:00+00:00,2024-10-15 14:00:00+00:00,1.0,67645.60375,66700.55924479167,0.24212760295210778,shock,-3485.4842198972315,stop,1
BTC-USD,SCORE,2024-10-15 15:00:00+00:00,2024-10-15 16:00:00+00:00,-1.0,65361.99390625,65999.885,0.11148896161003098,range,-921.1966116025446,signal_change,1
BTC-USD,SCORE,2024-10-16 11:00:00+00:00,2024-10-16 13:00:00+00:00,1.0,67670.838125,67827.8259375,0.2628051810476932,transition,390.3781708278494,signal_change,2
BTC-USD,SCORE,2024-10-17 08:00:00+00:00,2024-10-17 09:00:00+00:00,1.0,67256.0646875,67426.4509375,0.4667526554156058,transition,784.830810062272,signal_change,1
BTC-USD,SCORE,2024-10-17 18:00:00+00:00,2024-10-17 20:00:00+00:00,-1.0,67270.33375,66822.0178125,0.4812419090214411,shock,3042.0909622850486,signal_change,2
BTC-USD,SCORE,2024-10-18 01:00:00+00:00,2024-10-18 01:00:00+00:00,-1.0,67187.818125,67928.26236979167,0.46022591965054294,shock,4582.67229967664,stop,1
BTC-USD,SCORE,2024-10-18 03:00:00+00:00,2024-10-18 04:00:00+00:00,1.0,68068.400625,67527.6071875,0.15709020855279202,shock,-1345.48962537838,signal_change,1
BTC-USD,SCORE,2024-10-18 04:00:00+00:00,2024-10-18 05:00:00+00:00,-1.0,67527.6071875,67712.4475,0.1582265820627678,transition,-500.0524783873358,signal_change,1
BTC-USD,SCORE,2024-10-18 15:00:00+00:00,2024-10-18 17:00:00+00:00,1.0,68427.0490625,68790.3025,0.16991146653285505,transition,748.3981255034413,signal_change,2
BTC-USD,SCORE,2024-10-20 14:00:00+00:00,2024-10-20 17:00:00+00:00,1.0,68431.713125,68495.349375,0.4794382339028688,shock,61.678672883222305,signal_change,3
BTC-USD,SCORE,2024-10-20 19:00:00+00:00,2024-10-20 20:00:00+00:00,1.0,68588.7521875,68489.224375,1.3153334750371972,transition,-2893.987005697784,signal_change,1
BTC-USD,SCORE,2024-10-20 23:00:00+00:00,2024-10-21 00:00:00+00:00,1.0,69147.8225,69009.3571875,0.3404661125378378,shock,-930.2366185536787,signal_change,1
BTC-USD,SCORE,2024-10-21 01:00:00+00:00,2024-10-21 02:00:00+00:00,1.0,69129.8771875,68812.9909765625,0.870320622086426,transition,-4563.235515432169,stop,2
BTC-USD,SCORE,2024-10-21 04:00:00+00:00,2024-10-21 05:00:00+00:00,1.0,68906.8146875,69010.1071875,0.7556574010293885,transition,511.3899598225796,signal_change,1
BTC-USD,SCORE,2024-10-21 14:00:00+00:00,2024-10-21 19:00:00+00:00,-1.0,67278.6853125,67800.8019921875,0.3711740374195603,transition,2147.475192689923,stop,6
BTC-USD,SCORE,2024-10-22 09:00:00+00:00,2024-10-22 10:00:00+00:00,-1.0,66897.8728125,66908.2834375,0.4517680829059288,transition,-160.07998384926157,signal_change,1
BTC-USD,SCORE,2024-10-23 16:00:00+00:00,2024-10-23 19:00:00+00:00,-1.0,66156.27125,66170.63158203124,0.18730163210339762,shock,987.1634031980615,stop,4
BTC-USD,SCORE,2024-10-23 20:00:00+00:00,2024-10-23 21:00:00+00:00,-1.0,66375.5290625,66588.7209375,0.48004161944117874,transition,-1909.036104314592,signal_change,1
BTC-USD,SCORE,2024-10-24 14:00:00+00:00,2024-10-24 15:00:00+00:00,1.0,67842.338125,67731.161875,0.4672987583240002,transition,-1106.5511024140305,signal_change,1
BTC-USD,SCORE,2024-10-24 20:00:00+00:00,2024-10-24 23:00:00+00:00,1.0,68247.0646875,68149.99,0.520847181155086,transition,-1121.5802530606463,signal_change,3
BTC-USD,SCORE,2024-10-25 08:00:00+00:00,2024-10-25 10:00:00+00:00,1.0,67460.26,67776.5759375,0.5291269246876633,transition,1991.5123439112808,signal_change,2
BTC-USD,SCORE,2024-10-25 12:00:00+00:00,2024-10-25 13:00:00+00:00,1.0,68071.3303125,68021.64625,0.5332080959661009,transition,-792.0432027420925,signal_change,1
BTC-USD,SCORE,2024-10-25 15:00:00+00:00,2024-10-25 15:00:00+00:00,1.0,68292.681875,67571.32747395833,0.4689537313230775,range,-5168.8917304106235,stop,1
BTC-USD,SCORE,2024-10-25 18:00:00+00:00,2024-10-25 18:00:00+00:00,-1.0,66803.6696875,67298.0070703125,0.26752943459264394,shock,1703.611710544617,stop,1
BTC-USD,SCORE,2024-10-25 19:00:00+00:00,2024-10-25 21:00:00+00:00,-1.0,66932.7634375,66753.9709375,0.13432807041806052,transition,160.29939003890223,signal_change,2
BTC-USD,SCORE,2024-10-26 00:00:00+00:00,2024-10-26 02:00:00+00:00,-1.0,66599.005625,66600.713125,0.12206203778694928,transition,-121.49978004169012,signal_change,2
BTC-USD,SCORE,2024-10-27 04:00:00+00:00,2024-10-27 05:00:00+00:00,1.0,67188.4553125,67056.8025,1.0529081629524555,transition,-2807.4064988487066,signal_change,1
BTC-USD,SCORE,2024-10-27 13:00:00+00:00,2024-10-27 15:00:00+00:00,1.0,67304.1975,67631.2321875,0.39761816083294266,transition,1553.9527611041465,signal_change,2
BTC-USD,SCORE,2024-10-27 18:00:00+00:00,2024-10-27 21:00:00+00:00,1.0,67663.47875,67692.02125,1.1277042845580107,transition,-413.69520438385854,signal_change,3
BTC-USD,SCORE,2024-10-27 22:00:00+00:00,2024-10-28 00:00:00+00:00,1.0,67947.838125,67974.58375,0.989300679839383,shock,-388.1470496784779,signal_change,2
BTC-USD,SCORE,2024-10-28 03:00:00+00:00,2024-10-28 04:00:00+00:00,1.0,67715.838125,67647.911875,0.9061568542633982,transition,-1575.7065643497294,signal_change,1
BTC-USD,SCORE,2024-10-28 05:00:00+00:00,2024-10-28 07:00:00+00:00,1.0,67671.4240625,67874.7566015625,0.8674239007704017,transition,1839.9046969926508,stop,3
BTC-USD,SCORE,2024-10-28 08:00:00+00:00,2024-10-28 09:00:00+00:00,1.0,68332.6271875,68242.880625,0.25831242554557665,transition,-526.7921597524293,signal_change,1
BTC-USD,SCORE,2024-10-28 11:00:00+00:00,2024-10-28 15:00:00+00:00,1.0,68543.463125,68454.546640625,0.6792261654077237,transition,-1369.1802424900948,stop,5
BTC-USD,SCORE,2024-10-28 18:00:00+00:00,2024-10-28 21:00:00+00:00,1.0,68930.838125,69610.7790625,0.5517251318284542,transition,4806.61880706185,signal_change,3
BTC-USD,SCORE,2024-10-28 23:00:00+00:00,2024-10-29 00:00:00+00:00,1.0,69905.135,69911.7321875,0.5217306881196683,trend,-356.42728073451167,signal_change,1
BTC-USD,SCORE,2024-10-29 02:00:00+00:00,2024-10-29 02:00:00+00:00,1.0,70214.91625,70278.343515625,0.45476200549327006,shock,45.29889000444945,stop,1
BTC-USD,SCORE,2024-10-29 03:00:00+00:00,2024-10-29 04:00:00+00:00,1.0,71127.1896875,70872.6384375,0.30879276011208323,trend,-1308.4075016001811,signal_change,1
BTC-USD,SCORE,2024-10-29 07:00:00+00:00,2024-10-29 08:00:00+00:00,1.0,71213.0646875,70934.6775,0.4507148058895185,trend,-2050.0893292664755,signal_change,1
BTC-USD,SCORE,2024-10-29 15:00:00+00:00,2024-10-29 18:00:00+00:00,1.0,71849.619375,72700.8571875,0.4218691702265392,trend,4484.291833179717,signal_change,3
BTC-USD,SCORE,2024-10-29 19:00:00+00:00,2024-10-29 20:00:00+00:00,1.0,73161.5803125,72520.755625,0.4153527295909459,trend,-3849.6236237776984,signal_change,1
BTC-USD,SCORE,2024-10-29 21:00:00+00:00,2024-10-29 22:00:00+00:00,1.0,72310.3146875,72269.0603125,0.38337266632968453,transition,-506.9953737599682,signal_change,1
BTC-USD,SCORE,2024-10-31 15:00:00+00:00,2024-10-31 21:00:00+00:00,-1.0,70734.8415625,69932.3459375,0.3112285021469571,transition,3468.3762233348043,signal_change,6
BTC-USD,SCORE,2024-11-01 00:00:00+00:00,2024-11-01 01:00:00+00:00,-1.0,70202.865,70090.0334375,0.4495980890485987,transition,20.186266136797542,signal_change,1
BTC-USD,SCORE,2024-11-01 02:00:00+00:00,2024-11-01 05:00:00+00:00,-1.0,69301.2478125,69520.0646875,0.811093560062673,shock,-2641.984387549794,signal_change,3
BTC-USD,SCORE,2024-11-01 07:00:00+00:00,2024-11-01 09:00:00+00:00,-1.0,69186.568125,69304.0646875,0.3848807804174478,transition,-822.3654379621725,signal_change,2
BTC-USD,SCORE,2024-11-01 11:00:00+00:00,2024-11-01 12:00:00+00:00,-1.0,69912.2478125,69952.7053125,0.3860511968519893,transition,-507.1150448253751,signal_change,1
BTC-USD,SCORE,2024-11-01 16:00:00+00:00,2024-11-01 19:00:00+00:00,-1.0,69364.036875,69105.4396875,0.11171419692050255,shock,333.89513457573594,signal_change,3
BTC-USD,SCORE,2024-11-01 20:00:00+00:00,2024-11-01 21:00:00+00:00,-1.0,69233.0134375,69195.338125,0.31667041314118655,transition,-31.956491778010914,signal_change,1
BTC-USD,SCORE,2024-11-02 20:00:00+00:00,2024-11-02 21:00:00+00:00,1.0,69497.9240625,69525.4665625,0.8457547698947628,transition,-329.449787412681,signal_change,1
BTC-USD,SCORE,2024-11-03 01:00:00+00:00,2024-11-03 02:00:00+00:00,-1.0,69152.20875,68586.0832421875,0.8917796022746391,shock,-4399.734796159443,stop,2
BTC-USD,SCORE,2024-11-03 03:00:00+00:00,2024-11-03 04:00:00+00:00,-1.0,68149.8415625,68620.41471354167,0.5086669894920341,transition,-447.98449630075424,stop,2
BTC-USD,SCORE,2024-11-03 05:00:00+00:00,2024-11-03 07:00:00+00:00,-1.0,68558.115,68551.1896875,0.7070481346851336,transition,-553.3543072323321,signal_change,2
BTC-USD,SCORE,2024-11-03 10:00:00+00:00,2024-11-03 11:00:00+00:00,-1.0,68214.661875,68416.588125,0.633453566745092,transition,-2546.0119938776515,signal_change,1
BTC-USD,SCORE,2024-11-03 12:00:00+00:00,2024-11-03 13:00:00+00:00,-1.0,68328.849375,68468.8225,0.6235064972012603,transition,-2027.6060370404207,signal_change,1
BTC-USD,SCORE,2024-11-03 15:00:00+00:00,2024-11-03 16:00:00+00:00,-1.0,67750.4509375,68357.466796875,0.5606798225150987,transition,-652.8282015784384,stop,2
BTC-USD,SCORE,2024-11-03 17:00:00+00:00,2024-11-03 18:00:00+00:00,-1.0,68127.9821875,68378.3615625,0.5453692234941981,transition,-1544.2020165085653,signal_change,1
BTC-USD,SCORE,2024-11-03 19:00:00+00:00,2024-11-03 20:00:00+00:00,-1.0,67990.4978125,68699.52213541667,0.4838841334525814,transition,-4047.462226518932,stop,2
BTC-USD,SCORE,2024-11-04 22:00:00+00:00,2024-11-04 22:00:00+00:00,-1.0,67097.4353125,68014.80924479167,0.37089845721045994,shock,4523.355197547322,stop,1
BTC-USD,SCORE,2024-11-04 23:00:00+00:00,2024-11-05 00:00:00+00:00,-1.0,67890.02125,67785.2053125,0.12822228360698423,transition,109.92499751809984,signal_change,1
BTC-USD,SCORE,2024-11-05 15:00:00+00:00,2024-11-05 16:00:00+00:00,1.0,69946.5490625,69587.5446875,0.371377421387059,transition,-2096.660313772534,signal_change,1
BTC-USD,SCORE,2024-11-05 17:00:00+00:00,2024-11-05 18:00:00+00:00,1.0,70196.744375,69995.14625,0.38682995152817884,transition,-1349.5311828236122,signal_change,1
BTC-USD,SCORE,2024-11-05 21:00:00+00:00,2024-11-05 22:00:00+00:00,1.0,69440.1271875,69157.318125,0.12183081420854476,transition,-563.5309808904194,signal_change,1
BTC-USD,SCORE,2024-11-06 01:00:00+00:00,2024-11-06 02:00:00+00:00,1.0,71134.4709375,71245.788828125,0.11061386030488789,transition,80.1452036223444,stop,2
BTC-USD,SCORE,2024-11-06 03:00:00+00:00,2024-11-06 08:00:00+00:00,1.0,73119.8225,73410.7321875,0.18444591635950447,shock,591.3564319685768,signal_change,5
BTC-USD,SCORE,2024-11-06 09:00:00+00:00,2024-11-06 10:00:00+00:00,1.0,73475.385,73808.130625,0.2111963249840727,transition,747.0633081808321,signal_change,1
BTC-USD,SCORE,2024-11-06 19:00:00+00:00,2024-11-06 22:00:00+00:00,1.0,75304.4553125,75959.630625,0.212693251865233,trend,1598.2958747937594,signal_change,3
BTC-USD,SCORE,2024-11-07 17:00:00+00:00,2024-11-07 20:00:00+00:00,1.0,75989.744375,76560.224375,0.41061931039404553,transition,2616.8912970640376,signal_change,3
BTC-USD,SCORE,2024-11-08 01:00:00+00:00,2024-11-08 02:00:00+00:00,1.0,76068.29125,76047.3103125,0.42876384889748564,transition,-439.9693442705574,signal_change,1
BTC-USD,SCORE,2024-11-08 08:00:00+00:00,2024-11-08 09:00:00+00:00,1.0,76262.4709375,75878.615,0.1498632156007652,transition,-833.5131709645784,signal_change,1
BTC-USD,SCORE,2024-11-08 14:00:00+00:00,2024-11-08 15:00:00+00:00,1.0,76328.9865625,75801.2946875,0.41493116746173375,transition,-3047.4521034577197,signal_change,1
BTC-USD,SCORE,2024-11-08 16:00:00+00:00,2024-11-08 17:00:00+00:00,1.0,76467.3928125,76013.2790625,0.1498303703366737,range,-958.1879753528435,signal_change,1
BTC-USD,SCORE,2024-11-09 07:00:00+00:00,2024-11-09 08:00:00+00:00,1.0,76554.4709375,76559.4821875,0.5163198559444859,transition,-359.8124279866753,signal_change,1
BTC-USD,SCORE,2024-11-10 00:00:00+00:00,2024-11-10 02:00:00+00:00,1.0,76721.0959375,76742.0290625,0.28807086719284486,transition,-140.18221157868754,signal_change,2
BTC-USD,SCORE,2024-11-10 03:00:00+00:00,2024-11-10 04:00:00+00:00,1.0,77078.369375,78125.2097265625,0.25279857560018454,transition,3058.161053064991,stop,2
BTC-USD,SCORE,2024-11-10 05:00:00+00:00,2024-11-10 08:00:00+00:00,1.0,79086.025625,78857.5759375,0.37791187752391164,shock,-1325.043732348686,signal_change,3
BTC-USD,SCORE,2024-11-10 09:00:00+00:00,2024-11-10 17:00:00+00:00,1.0,79140.3615625,79816.39625,0.49856440850416994,trend,3664.9120409457278,signal_change,8
BTC-USD,SCORE,2024-11-10 18:00:00+00:00,2024-11-10 20:00:00+00:00,1.0,80443.306875,79756.786875,0.39094220263716795,trend,-3467.4656293938046,signal_change,2
BTC-USD,SCORE,2024-11-10 22:00:00+00:00,2024-11-11 00:00:00+00:00,1.0,79925.04125,80444.115,0.2957925004653205,transition,1605.6205413901753,signal_change,2
BTC-USD,SCORE,2024-11-11 15:00:00+00:00,2024-11-11 18:00:00+00:00,1.0,82580.385,84717.036875,0.27072473272277287,shock,6433.973186467234,signal_change,3
BTC-USD,SCORE,2024-11-11 19:00:00+00:00,2024-11-12 00:00:00+00:00,1.0,85886.9553125,86937.7194921875,0.26590234675534674,trend,2960.742925242721,stop,6
BTC-USD,SCORE,2024-11-12 01:00:00+00:00,2024-11-12 02:00:00+00:00,1.0,89029.6975,87147.27083333333,0.23514841986143697,trend,-4973.514579580433,stop,2
BTC-USD,SCORE,2024-11-12 04:00:00+00:00,2024-11-12 05:00:00+00:00,1.0,88189.5490625,88535.193125,0.21581990363742393,trend,643.7222450981217,signal_change,1
BTC-USD,SCORE,2024-11-12 07:00:00+00:00,2024-11-12 08:00:00+00:00,1.0,89638.838125,89086.08375,0.21095559995464225,trend,-1406.3556009413296,signal_change,1
BTC-USD,SCORE,2024-11-12 09:00:00+00:00,2024-11-12 10:00:00+00:00,1.0,89381.635,87750.4275,0.3975714503716945,transition,-7237.798882761832,signal_change,1
BTC-USD,SCORE,2024-11-13 15:00:00+00:00,2024-11-13 18:00:00+00:00,1.0,91643.7521875,92280.1071875,0.07241759656390513,shock,425.23432261372864,signal_change,3
BTC-USD,SCORE,2024-11-15 00:00:00+00:00,2024-11-15 01:00:00+00:00,-1.0,87302.5290625,87909.244375,0.2269336276051115,transition,-1924.7214897662616,signal_change,1
BTC-USD,SCORE,2024-11-15 13:00:00+00:00,2024-11-15 14:00:00+00:00,-1.0,89775.4509375,90153.0490625,0.0832658605978302,transition,-542.8682823295837,signal_change,1
BTC-USD,SCORE,2024-11-15 21:00:00+00:00,2024-11-15 22:00:00+00:00,1.0,91474.150625,91734.818125,0.09163259662652716,transition,177.515484171004,signal_change,1
BTC-USD,SCORE,2024-11-17 03:00:00+00:00,2024-11-17 04:00:00+00:00,-1.0,90069.33375,90271.8615625,0.17641720615320156,transition,-345.30707408148305,signal_change,1
BTC-USD,SCORE,2024-11-17 05:00:00+00:00,2024-11-17 06:00:00+00:00,-1.0,90578.849375,90481.8303125,0.498278955743839,transition,-182.30310177611852,signal_change,1
BTC-USD,SCORE,2024-11-17 15:00:00+00:00,2024-11-17 16:00:00+00:00,-1.0,90290.74,90263.4475,0.47761007129633715,range,-552.1162006776135,signal_change,1
BTC-USD,SCORE,2024-11-17 21:00:00+00:00,2024-11-18 00:00:00+00:00,-1.0,89637.2790625,89849.775625,0.4598319195822139,transition,-1245.7504024535992,signal_change,3
BTC-USD,SCORE,2024-11-18 07:00:00+00:00,2024-11-18 09:00:00+00:00,1.0,92039.51,91795.1696875,0.1543559827543813,shock,-503.24660783673966,signal_change,2
BTC-USD,SCORE,2024-11-18 12:00:00+00:00,2024-11-18 13:00:00+00:00,-1.0,90267.1853125,90529.963125,0.13845078366163555,shock,-696.6304867460113,signal_change,1
BTC-USD,SCORE,2024-11-18 14:00:00+00:00,2024-11-18 14:00:00+00:00,-1.0,89501.9275,90744.390625,0.12698993611429002,range,1565.8948916642685,stop,1
BTC-USD,SCORE,2024-11-18 16:00:00+00:00,2024-11-18 17:00:00+00:00,1.0,92379.91625,91430.6540625,0.10716693302915144,shock,-1121.3433986003647,signal_change,1
BTC-USD,SCORE,2024-11-19 13:00:00+00:00,2024-11-19 14:00:00+00:00,1.0,92513.494375,91208.099375,0.2758872241066381,transition,-3881.273295377837,signal_change,1
BTC-USD,SCORE,2024-11-19 15:00:00+00:00,2024-11-19 16:00:00+00:00,1.0,91904.385,92488.52125,0.30768985256184994,shock,1604.750145257875,signal_change,1
BTC-USD,SCORE,2024-11-19 18:00:00+00:00,2024-11-19 20:00:00+00:00,1.0,92906.22875,93338.3103125,0.12017915244867224,transition,440.6632305815043,signal_change,2
BTC-USD,SCORE,2024-11-20 04:00:00+00:00,2024-11-20 05:00:00+00:00,1.0,92137.6271875,92205.8728125,0.3517630525817647,transition,-19.696934960552312,signal_change,1
BTC-USD,SCORE,2024-11-20 09:00:00+00:00,2024-11-20 10:00:00+00:00,1.0,93277.6896875,93164.9509375,0.35121055275863644,transition,-663.7157031942686,signal_change,1
BTC-USD,SCORE,2024-11-20 12:00:00+00:00,2024-11-20 13:00:00+00:00,1.0,93560.1740625,93664.4275,0.350210020824008,transition,103.57743785397133,signal_change,1
BTC-USD,SCORE,2024-11-20 14:00:00+00:00,2024-11-20 15:00:00+00:00,1.0,94455.3615625,94785.2009375,0.37575389794883957,shock,950.6183551814954,signal_change,1
BTC-USD,SCORE,2024-11-20 16:00:00+00:00,2024-11-20 16:00:00+00:00,1.0,94853.525625,93525.6796875,0.12410278266446226,shock,-1729.3237447907684,stop,1
BTC-USD,SCORE,2024-11-20 17:00:00+00:00,2024-11-20 18:00:00+00:00,1.0,94176.4865625,94045.4821875,0.12484408504344609,transition,-257.05753785740166,signal_change,1
BTC-USD,SCORE,2024-11-21 00:00:00+00:00,2024-11-21 02:00:00+00:00,1.0,94350.7678125,94798.3025,0.39507474065829956,transition,1463.3582444314213,signal_change,2
BTC-USD,SCORE,2024-11-21 03:00:00+00:00,2024-11-21 08:00:00+00:00,1.0,94487.54125,96945.099375,0.36957600952920683,shock,8750.144828758213,signal_change,5
BTC-USD,SCORE,2024-11-21 11:00:00+00:00,2024-11-21 13:00:00+00:00,1.0,97747.2834375,97331.2946875,0.34527241733957004,transition,-1657.1323573683364,signal_change,2
BTC-USD,SCORE,2024-11-21 16:00:00+00:00,2024-11-21 17:00:00+00:00,1.0,96698.8459375,97186.0603125,0.3328204202034796,transition,1337.045503784526,signal_change,1
BTC-USD,SCORE,2024-11-21 20:00:00+00:00,2024-11-21 21:00:00+00:00,1.0,97904.306875,98291.70875,0.32896148630133404,transition,985.0633398317887,signal_change,1
BTC-USD,SCORE,2024-11-21 23:00:00+00:00,2024-11-22 00:00:00+00:00,1.0,98427.7521875,98453.693125,0.3294191159917388,transition,-167.97725648852787,signal_change,1
BTC-USD,SCORE,2024-11-22 07:00:00+00:00,2024-11-22 09:00:00+00:00,1.0,99077.9084375,98909.9665625,0.13524686338166306,transition,-320.0609634181268,signal_change,2
BTC-USD,SCORE,2024-11-23 15:00:00+00:00,2024-11-23 16:00:00+00:00,1.0,98898.6896875,98589.755625,0.257591277118691,shock,-960.1844381205702,signal_change,1
BTC-USD,SCORE,2024-11-23 17:00:00+00:00,2024-11-23 18:00:00+00:00,-1.0,97865.4040625,98077.4865625,0.244123864685622,transition,-625.1346336964689,signal_change,1
BTC-USD,SCORE,2024-11-24 12:00:00+00:00,2024-11-24 17:00:00+00:00,-1.0,97389.2634375,96432.306875,0.20527275306333292,shock,1766.2055522174057,signal_change,5
BTC-USD,SCORE,2024-11-25 15:00:00+00:00,2024-11-25 16:00:00+00:00,-1.0,95403.661875,96015.5959375,0.1303071865172822,shock,-1232.945586832087,signal_change,1
BTC-USD,SCORE,2024-11-25 18:00:00+00:00,2024-11-26 02:00:00+00:00,-1.0,95235.02125,94871.7678125,0.35752904887794257,transition,1145.2796947802296,signal_change,8
BTC-USD,SCORE,2024-11-26 09:00:00+00:00,2024-11-26 10:00:00+00:00,-1.0,93145.33375,93560.8928125,0.25982080508676736,transition,-1505.4885558344297,signal_change,1
BTC-USD,SCORE,2024-11-26 11:00:00+00:00,2024-11-26 15:00:00+00:00,-1.0,92316.83375,93321.2365625,0.23908477774141504,transition,-3026.0062908399304,signal_change,4
BTC-USD,SCORE,2024-11-26 21:00:00+00:00,2024-11-26 22:00:00+00:00,-1.0,91035.0446875,91658.4240625,0.22251971040861193,transition,-1923.525495705009,signal_change,1
BTC-USD,SCORE,2024-11-27 16:00:00+00:00,2024-11-27 19:00:00+00:00,1.0,95724.900625,96225.1696875,0.6650192285002222,transition,2776.407158522898,signal_change,3
BTC-USD,SCORE,2024-11-27 20:00:00+00:00,2024-11-27 21:00:00+00:00,1.0,96749.66625,96612.7165625,0.12848061509744096,trend,-269.0191569927384,signal_change,1
BTC-USD,SCORE,2024-11-28 00:00:00+00:00,2024-11-28 02:00:00+00:00,1.0,95948.7521875,96360.2790625,0.3837923501736056,trend,1269.559541297368,signal_change,2
BTC-USD,SCORE,2024-11-28 04:00:00+00:00,2024-11-28 05:00:00+00:00,1.0,95555.1740625,95813.161875,0.381532598798222,transition,686.3736924071015,signal_change,1
BTC-USD,SCORE,2024-11-28 11:00:00+00:00,2024-11-28 13:00:00+00:00,1.0,94994.619375,95540.3884375,0.3705345594898811,transition,1737.0019722202155,signal_change,2
BTC-USD,SCORE,2024-11-29 03:00:00+00:00,2024-11-29 04:00:00+00:00,1.0,96769.181875,96617.5290625,0.4852334211156333,transition,-1090.678862546708,signal_change,1
BTC-USD,SCORE,2024-11-29 12:00:00+00:00,2024-11-29 13:00:00+00:00,1.0,97281.3303125,96938.39625,0.4863650850956457,shock,-1995.8120065882406,signal_change,1
BTC-USD,SCORE,2024-11-29 15:00:00+00:00,2024-11-29 17:00:00+00:00,1.0,98110.5646875,97867.9353125,0.16835534862211757,shock,-520.5363496957331,signal_change,2
BTC-USD,SCORE,2024-11-29 19:00:00+00:00,2024-11-29 20:00:00+00:00,1.0,97252.6271875,97419.58375,0.4486669437083651,transition,388.89684942373736,signal_change,1
BTC-USD,SCORE,2024-12-01 03:00:00+00:00,2024-12-01 04:00:00+00:00,-1.0,95846.943125,96361.5959375,0.2510858006663132,transition,-1488.1856214190539,signal_change,1
BTC-USD,SCORE,2024-12-01 14:00:00+00:00,2024-12-01 16:00:00+00:00,1.0,97151.3615625,97105.661875,0.7501276787864195,transition,-899.505783051535,signal_change,2
BTC-USD,SCORE,2024-12-01 18:00:00+00:00,2024-12-01 19:00:00+00:00,1.0,97368.0021875,97187.6540625,0.7329279645915173,transition,-1834.9294651247005,signal_change,1
BTC-USD,SCORE,2024-12-01 22:00:00+00:00,2024-12-02 00:00:00+00:00,1.0,97835.400625,97280.255625,0.6733509442839685,transition,-4108.183371157295,signal_change,2
BTC-USD,SCORE,2024-12-02 01:00:00+00:00,2024-12-02 03:00:00+00:00,1.0,97545.60375,97707.380625,0.6304179414568896,transition,511.4017825856115,signal_change,2
BTC-USD,SCORE,2024-12-02 08:00:00+00:00,2024-12-02 14:00:00+00:00,-1.0,96038.1696875,95700.85375,0.4902806244149884,transition,1617.8064386549127,signal_change,6
BTC-USD,SCORE,2024-12-02 15:00:00+00:00,2024-12-02 16:00:00+00:00,-1.0,96376.8728125,97164.775625,0.3971080790515348,shock,-3624.7569797637757,signal_change,1
BTC-USD,SCORE,2024-12-02 17:00:00+00:00,2024-12-02 20:00:00+00:00,-1.0,96223.08375,95829.8771875,0.32694028625570504,shock,964.1666752798284,signal_change,3
BTC-USD,SCORE,2024-12-03 14:00:00+00:00,2024-12-03 14:00:00+00:00,-1.0,93645.6228125,95023.72005208333,0.34556434369422445,transition,4509.037796487979,stop,1
BTC-USD,SCORE,2024-12-03 16:00:00+00:00,2024-12-03 17:00:00+00:00,-1.0,95707.1853125,95169.5178125,0.35462016119018425,transition,1421.6476941464614,signal_change,1
BTC-USD,SCORE,2024-12-03 21:00:00+00:00,2024-12-03 23:00:00+00:00,1.0,95671.79125,96166.3025,0.4064047763403308,transition,1674.1925102482903,signal_change,2
BTC-USD,SCORE,2024-12-04 02:00:00+00:00,2024-12-04 03:00:00+00:00,1.0,96306.7990625,95850.7478125,0.39030831618698425,range,-2042.1544679315382,signal_change,1
BTC-USD,SCORE,2024-12-04 19:00:00+00:00,2024-12-04 20:00:00+00:00,1.0,96269.5959375,97367.402109375,0.4432140004021059,shock,4430.115226836477,stop,2
BTC-USD,SCORE,2024-12-04 21:00:00+00:00,2024-12-05 01:00:00+00:00,1.0,98948.91625,98465.3415625,0.26332718479968825,transition,-1403.729266361121,signal_change,4
BTC-USD,SCORE,2024-12-05 03:00:00+00:00,2024-12-05 06:00:00+00:00,1.0,101291.7521875,102547.52125,0.10520973337828664,shock,1164.626040515922,signal_change,3
BTC-USD,SCORE,2024-12-05 08:00:00+00:00,2024-12-05 10:00:00+00:00,1.0,102296.4865625,102745.64625,0.25618267867341754,transition,874.2849858510094,signal_change,2
BTC-USD,SCORE,2024-12-05 13:00:00+00:00,2024-12-05 14:00:00+00:00,1.0,102992.8459375,102854.318125,0.25053385358932295,transition,-509.670084804931,signal_change,1
BTC-USD,SCORE,2024-12-05 23:00:00+00:00,2024-12-06 00:00:00+00:00,-1.0,96772.3259375,97060.8303125,0.1836886564207684,transition,-723.5210508042844,signal_change,1
BTC-USD,SCORE,2024-12-06 19:00:00+00:00,2024-12-06 20:00:00+00:00,1.0,101488.76,101622.9196875,0.251683729469241,transition,124.28707545540061,signal_change,1
BTC-USD,SCORE,2024-12-08 10:00:00+00:00,2024-12-08 11:00:00+00:00,-1.0,98953.6384375,99333.9396875,0.2250650600460278,transition,-1100.1782291311333,signal_change,1
BTC-USD,SCORE,2024-12-08 13:00:00+00:00,2024-12-08 15:00:00+00:00,1.0,99986.713125,99807.24,0.20543727323540928,shock,-499.37971274540587,signal_change,2
BTC-USD,SCORE,2024-12-09 00:00:00+00:00,2024-12-09 00:00:00+00:00,1.0,101212.4865625,100176.17708333333,0.16833755550473814,shock,-1757.3032574669032,stop,1
BTC-USD,SCORE,2024-12-09 01:00:00+00:00,2024-12-09 05:00:00+00:00,-1.0,99685.349375,99478.51,0.1674630600455681,shock,331.3062092640802,signal_change,4
BTC-USD,SCORE,2024-12-09 12:00:00+00:00,2024-12-09 13:00:00+00:00,-1.0,98059.2790625,98556.16625,0.41412511142228187,transition,-2195.6801138254727,signal_change,1
BTC-USD,SCORE,2024-12-09 16:00:00+00:00,2024-12-10 00:00:00+00:00,-1.0,97789.3415625,97391.338125,0.113532701527753,transition,219.6888561182597,signal_change,8
BTC-USD,SCORE,2024-12-10 18:00:00+00:00,2024-12-10 19:00:00+00:00,-1.0,94558.8259375,95115.66625,0.22793730576965926,transition,-1374.233766878473,signal_change,1
BTC-USD,SCORE,2024-12-11 16:00:00+00:00,2024-12-11 17:00:00+00:00,1.0,100462.5334375,100650.1071875,0.23190389370625053,shock,232.76180158056974,signal_change,1
BTC-USD,SCORE,2024-12-11 20:00:00+00:00,2024-12-11 23:00:00+00:00,1.0,101214.8615625,101324.349375,0.3672121718252026,transition,98.60858937519856,signal_change,3
BTC-USD,SCORE,2024-12-12 04:00:00+00:00,2024-12-12 05:00:00+00:00,1.0,101080.885,100700.786875,0.3747762135574234,transition,-1608.516499759111,signal_change,1
BTC-USD,SCORE,2024-12-12 06:00:00+00:00,2024-12-12 07:00:00+00:00,1.0,100645.54125,100566.0134375,0.3716175940010218,transition,-555.2820156868136,signal_change,1
BTC-USD,SCORE,2024-12-12 14:00:00+00:00,2024-12-12 16:00:00+00:00,1.0,100930.713125,101841.568125,0.3892320535306636,transition,3001.1286010711847,signal_change,2
BTC-USD,SCORE,2024-12-12 20:00:00+00:00,2024-12-12 21:00:00+00:00,-1.0,99504.2790625,99974.2990625,0.13232271731492581,transition,-852.9279633514841,signal_change,1
BTC-USD,SCORE,2024-12-13 03:00:00+00:00,2024-12-13 04:00:00+00:00,-1.0,99489.9509375,99751.41625,0.4082748235113567,transition,-1398.3093494117668,signal_change,1
BTC-USD,SCORE,2024-12-14 00:00:00+00:00,2024-12-14 01:00:00+00:00,1.0,101434.6271875,101296.599375,0.46684237574069287,transition,-947.6608285229611,signal_change,1
BTC-USD,SCORE,2024-12-14 02:00:00+00:00,2024-12-14 03:00:00+00:00,1.0,102159.869375,102054.224375,0.15708295310225595,transition,-270.4366811911802,signal_change,1
BTC-USD,SCORE,2024-12-14 14:00:00+00:00,2024-12-14 15:00:00+00:00,1.0,101162.1271875,101416.161875,0.4989878019722835,transition,801.0407822957387,signal_change,1
BTC-USD,SCORE,2024-12-15 05:00:00+00:00,2024-12-15 06:00:00+00:00,1.0,102323.385,102113.9040625,0.22407146973498832,transition,-599.3311583812857,signal_change,1
BTC-USD,SCORE,2024-12-15 10:00:00+00:00,2024-12-15 11:00:00+00:00,1.0,102194.900625,102253.4040625,0.6270578336509194,transition,-134.16533178056045,signal_change,1
BTC-USD,SCORE,2024-12-15 12:00:00+00:00,2024-12-15 14:00:00+00:00,1.0,102632.963125,102750.9821875,0.596420248322791,shock,196.25014179773484,signal_change,2
BTC-USD,SCORE,2024-12-15 15:00:00+00:00,2024-12-15 16:00:00+00:00,1.0,102930.91625,102679.0759375,0.60577211691273,transition,-1846.281563868875,signal_change,1
BTC-USD,SCORE,2024-12-15 17:00:00+00:00,2024-12-15 18:00:00+00:00,1.0,103065.338125,103114.89625,0.6008208015296135,transition,-179.86846340243542,signal_change,1
BTC-USD,SCORE,2024-12-15 22:00:00+00:00,2024-12-15 23:00:00+00:00,1.0,102811.60375,103555.3210546875,0.21706256520793804,transition,1306.1310169413043,stop,2
BTC-USD,SCORE,2024-12-16 00:00:00+00:00,2024-12-16 00:00:00+00:00,1.0,104447.6740625,104766.1696875,0.33664278580464746,shock,710.2351311143193,stop,1
BTC-USD,SCORE,2024-12-16 01:00:00+00:00,2024-12-16 03:00:00+00:00,1.0,105405.1428125,104525.52125,0.17100667850336368,trend,-1467.8765839687514,signal_change,2
BTC-USD,SCORE,2024-12-16 15:00:00+00:00,2024-12-16 19:00:00+00:00,1.0,105348.3459375,107127.099375,0.36872630708992127,transition,5540.11493882089,signal_change,4
BTC-USD,SCORE,2024-12-16 20:00:00+00:00,2024-12-16 21:00:00+00:00,1.0,106600.91625,105783.849375,0.3258622760580614,transition,-2602.68974054651,signal_change,1
BTC-USD,SCORE,2024-12-17 15:00:00+00:00,2024-12-17 15:00:00+00:00,1.0,108239.4240625,106905.98893229167,0.3993223415770692,shock,-4925.6836270452095,stop,1
BTC-USD,SCORE,2024-12-18 02:00:00+00:00,2024-12-18 08:00:00+00:00,-1.0,105388.5759375,104231.7365625,0.12148358147862587,shock,1056.1934374948078,signal_change,6
BTC-USD,SCORE,2024-12-18 20:00:00+00:00,2024-12-18 23:00:00+00:00,-1.0,102733.0134375,101077.66625,0.28771618791503945,shock,3839.2092875065528,signal_change,3
BTC-USD,SCORE,2024-12-19 00:00:00+00:00,2024-12-19 04:00:00+00:00,-1.0,100150.27125,101123.135,0.2793365539685148,transition,-2994.1789929486577,signal_change,4
BTC-USD,SCORE,2024-12-19 16:00:00+00:00,2024-12-19 17:00:00+00:00,-1.0,100585.6853125,100639.5959375,0.266996052744813,transition,-85.00007396356382,signal_change,1
BTC-USD,SCORE,2024-12-19 18:00:00+00:00,2024-12-19 20:00:00+00:00,-1.0,98634.24,97085.2521875,0.23138399415541255,transition,3509.872294182243,signal_change,2
BTC-USD,SCORE,2024-12-20 07:00:00+00:00,2024-12-20 15:00:00+00:00,-1.0,97169.286875,95550.76,0.20676229955635247,transition,2286.5634186429725,signal_change,8
BTC-USD,SCORE,2024-12-21 12:00:00+00:00,2024-12-21 13:00:00+00:00,1.0,98232.2990625,97115.83375,0.10516800669827862,transition,-1206.8108546742903,signal_change,1
BTC-USD,SCORE,2024-12-22 05:00:00+00:00,2024-12-22 07:00:00+00:00,-1.0,96064.6384375,96677.119375,0.3794564323473556,transition,-2409.8380621148804,signal_change,2
BTC-USD,SCORE,2024-12-22 15:00:00+00:00,2024-12-22 17:00:00+00:00,-1.0,95276.349375,95638.275625,0.13910069150180815,shock,-432.8532094990996,signal_change,2
BTC-USD,SCORE,2024-12-22 19:00:00+00:00,2024-12-22 22:00:00+00:00,-1.0,95874.6696875,95110.213125,0.3675640894100403,transition,2254.7268525708478,signal_change,3
BTC-USD,SCORE,2024-12-22 23:00:00+00:00,2024-12-23 03:00:00+00:00,-1.0,95459.7009375,95873.213125,0.35400570004943915,transition,7108.3546365827615,stop,5
BTC-USD,SCORE,2024-12-23 07:00:00+00:00,2024-12-23 08:00:00+00:00,-1.0,94787.2165625,95310.0725,0.3077792871368552,transition,-1898.7640010326038,signal_change,1
BTC-USD,SCORE,2024-12-23 14:00:00+00:00,2024-12-23 20:00:00+00:00,-1.0,94789.4196875,92896.0490625,0.28227277518510685,transition,5178.546869133566,signal_change,6
BTC-USD,SCORE,2024-12-24 15:00:00+00:00,2024-12-24 18:00:00+00:00,1.0,97389.4396875,98833.4040625,0.32560007744273045,transition,4331.675778178265,signal_change,3
BTC-USD,SCORE,2024-12-25 11:00:00+00:00,2024-12-25 14:00:00+00:00,1.0,98358.775625,98413.0603125,0.12636100357294844,transition,-28.694987684160935,signal_change,3
BTC-USD,SCORE,2024-12-26 00:00:00+00:00,2024-12-26 01:00:00+00:00,1.0,99376.01,98960.1540625,0.455927143577068,transition,-2171.825975407744,signal_change,1
BTC-USD,SCORE,2024-12-26 02:00:00+00:00,2024-12-26 03:00:00+00:00,1.0,99013.135,98659.615,0.4542889780763218,transition,-1893.004967413937,signal_change,1
BTC-USD,SCORE,2024-12-26 04:00:00+00:00,2024-12-26 05:00:00+00:00,1.0,98883.494375,98237.1540625,0.4374663210632524,range,-3053.9827828445264,signal_change,1
BTC-USD,SCORE,2024-12-26 09:00:00+00:00,2024-12-26 11:00:00+00:00,-1.0,95807.224375,95396.8771875,0.2580404419779353,transition,871.4587152158724,signal_change,2
BTC-USD,SCORE,2024-12-26 15:00:00+00:00,2024-12-26 20:00:00+00:00,-1.0,95316.7790625,96005.1740625,0.3847095283633449,transition,-3130.363905100611,signal_change,5
BTC-USD,SCORE,2024-12-27 08:00:00+00:00,2024-12-27 08:00:00+00:00,-1.0,94996.255625,96235.52734375,0.13504647581883114,range,1565.2257270531272,stop,1
BTC-USD,SCORE,2024-12-27 10:00:00+00:00,2024-12-27 11:00:00+00:00,1.0,96693.1896875,96469.255625,0.3580905064621585,transition,-1057.822745373119,signal_change,1
BTC-USD,SCORE,2024-12-27 16:00:00+00:00,2024-12-27 19:00:00+00:00,-1.0,94400.9353125,94413.4475,0.11347396860551587,transition,-193.80023452490542,signal_change,3
BTC-USD,SCORE,2024-12-29 00:00:00+00:00,2024-12-29 01:00:00+00:00,1.0,95143.1271875,94981.5759375,0.7852978914475596,transition,-1856.6033600378628,signal_change,1
BTC-USD,SCORE,2024-12-29 03:00:00+00:00,2024-12-29 06:00:00+00:00,1.0,94983.9475,94960.20875,0.8036544174258421,transition,-797.2669036292566,signal_change,3
BTC-USD,SCORE,2024-12-29 08:00:00+00:00,2024-12-29 09:00:00+00:00,1.0,95095.3225,94972.7165625,0.29084969732325056,transition,-573.7197260823864,signal_change,1
BTC-USD,SCORE,2024-12-29 17:00:00+00:00,2024-12-29 18:00:00+00:00,-1.0,93706.02125,93781.885,0.2770443034219028,shock,-483.3365905216024,signal_change,1
BTC-USD,SCORE,2024-12-29 19:00:00+00:00,2024-12-30 01:00:00+00:00,-1.0,93492.9978125,93930.70921875,0.7755335880402978,transition,4916.592992885332,stop,7
BTC-USD,SCORE,2024-12-30 02:00:00+00:00,2024-12-30 06:00:00+00:00,-1.0,93758.39625,93373.7678125,0.6203257509271823,transition,2369.144091756815,signal_change,4
BTC-USD,SCORE,2024-12-30 07:00:00+00:00,2024-12-30 09:00:00+00:00,-1.0,93678.0290625,93660.4709375,0.5376087745298638,transition,-876.2061979124853,signal_change,2
BTC-USD,SCORE,2024-12-30 13:00:00+00:00,2024-12-30 17:00:00+00:00,-1.0,93608.9509375,91929.9084375,0.44820700533817603,shock,7442.673174246577,signal_change,4
BTC-USD,SCORE,2024-12-30 19:00:00+00:00,2024-12-30 20:00:00+00:00,1.0,94480.60375,94318.7165625,0.13167204480669292,transition,-316.66028295946444,signal_change,1
BTC-USD,SCORE,2024-12-31 22:00:00+00:00,2024-12-31 23:00:00+00:00,1.0,93716.22875,93308.2321875,0.13172128365063765,shock,-649.0865680253817,signal_change,1
BTC-USD,SCORE,2025-01-01 22:00:00+00:00,2025-01-02 00:00:00+00:00,1.0,94786.72875,94390.2634375,0.5757171717171717,transition,-2742.734250200648,signal_change,2
BTC-USD,SCORE,2025-01-02 01:00:00+00:00,2025-01-02 04:00:00+00:00,1.0,94901.385,94841.3728125,0.20645722529146043,transition,-280.6375476216648,signal_change,3
BTC-USD,SCORE,2025-01-02 05:00:00+00:00,2025-01-02 15:00:00+00:00,1.0,95515.963125,96299.849375,0.5503369458187278,transition,3882.914624465063,signal_change,9
BTC-USD,SCORE,2025-01-02 16:00:00+00:00,2025-01-02 16:00:00+00:00,1.0,96379.838125,96131.7566015625,0.18209505804691023,trend,-587.9139352054398,stop,1
BTC-USD,SCORE,2025-01-02 17:00:00+00:00,2025-01-02 20:00:00+00:00,1.0,97162.1115625,97223.724375,0.48701369287110174,transition,-67.43218312002011,signal_change,3
BTC-USD,SCORE,2025-01-03 20:00:00+00:00,2025-01-03 21:00:00+00:00,1.0,98571.3459375,98304.9353125,0.6048994752129621,transition,-2025.7190406015095,signal_change,1
BTC-USD,SCORE,2025-01-03 22:00:00+00:00,2025-01-03 23:00:00+00:00,1.0,98255.72875,98272.193125,0.6281679759092702,transition,-379.20165473920326,signal_change,1
BTC-USD,SCORE,2025-01-04 00:00:00+00:00,2025-01-04 03:00:00+00:00,1.0,98167.5803125,98265.52125,0.6170397715617333,shock,117.3744116375774,signal_change,3
BTC-USD,SCORE,2025-01-05 18:00:00+00:00,2025-01-05 19:00:00+00:00,-1.0,97708.74,97890.431875,0.8612026912794574,range,-2331.646250776829,signal_change,1
BTC-USD,SCORE,2025-01-05 23:00:00+00:00,2025-01-06 00:00:00+00:00,1.0,98673.54125,98448.661875,0.8497724134438462,range,-2487.800357570829,signal_change,1
BTC-USD,SCORE,2025-01-06 02:00:00+00:00,2025-01-06 03:00:00+00:00,1.0,98717.9709375,98791.4665625,0.7358475489516153,shock,-39.11763546269691,signal_change,1
BTC-USD,SCORE,2025-01-06 04:00:00+00:00,2025-01-06 08:00:00+00:00,1.0,99141.650625,99287.99,0.7088887919359045,transition,455.8229224514115,signal_change,4
BTC-USD,SCORE,2025-01-06 12:00:00+00:00,2025-01-06 13:00:00+00:00,1.0,99254.338125,99171.3728125,0.6062695617203085,transition,-941.4026593951829,signal_change,1
BTC-USD,SCORE,2025-01-06 14:00:00+00:00,2025-01-06 14:00:00+00:00,1.0,99477.29125,99572.8874609375,0.5076374036977195,shock,77.37201591275286,stop,1
BTC-USD,SCORE,2025-01-06 15:00:00+00:00,2025-01-06 15:00:00+00:00,1.0,100717.275625,100745.83375,0.1613224194927798,shock,-79.07071109723105,stop,1
BTC-USD,SCORE,2025-01-06 16:00:00+00:00,2025-01-06 19:00:00+00:00,1.0,102136.3303125,101829.9275,0.15701984886909134,shock,-565.8781360073045,signal_change,3
BTC-USD,SCORE,2025-01-07 16:00:00+00:00,2025-01-08 01:00:00+00:00,-1.0,97914.8571875,97247.41625,0.33747113977478704,trend,2116.1147595338775,signal_change,9
BTC-USD,SCORE,2025-01-08 03:00:00+00:00,2025-01-08 11:00:00+00:00,-1.0,96868.2478125,95930.1975,0.41114381279068346,trend,3514.428457224196,signal_change,8
BTC-USD,SCORE,2025-01-08 12:00:00+00:00,2025-01-08 16:00:00+00:00,-1.0,95100.9275,95453.01,0.3308547044258462,trend,-810.7634129988992,signal_change,4
BTC-USD,SCORE,2025-01-08 18:00:00+00:00,2025-01-08 19:00:00+00:00,-1.0,94027.74,94236.3771875,0.11049812137599663,transition,-264.8511337964695,signal_change,1
BTC-USD,SCORE,2025-01-09 03:00:00+00:00,2025-01-09 04:00:00+00:00,-1.0,94739.005625,93990.744375,0.301190356227644,transition,1817.7198679429707,signal_change,1
BTC-USD,SCORE,2025-01-09 09:00:00+00:00,2025-01-09 10:00:00+00:00,-1.0,92974.5915625,93480.29125,0.301700961406758,transition,-1905.4626257420725,signal_change,1
BTC-USD,SCORE,2025-01-09 14:00:00+00:00,2025-01-09 15:00:00+00:00,-1.0,91900.64625,92827.41625,0.3004838168476988,transition,-2322.2341706393195,signal_change,1
BTC-USD,SCORE,2025-01-09 21:00:00+00:00,2025-01-10 00:00:00+00:00,-1.0,92070.49,92530.0021875,0.10188007093880293,transition,-456.79314300559633,signal_change,3
BTC-USD,SCORE,2025-01-10 14:00:00+00:00,2025-01-10 16:00:00+00:00,1.0,93619.8771875,93726.08375,0.3105161280067227,transition,102.06583321501716,signal_change,2
BTC-USD,SCORE,2025-01-10 18:00:00+00:00,2025-01-10 19:00:00+00:00,1.0,95750.3928125,94863.5134375,0.10220924540785431,transition,-977.4457793677825,signal_change,1
BTC-USD,SCORE,2025-01-10 20:00:00+00:00,2025-01-10 21:00:00+00:00,1.0,95313.6975,94674.33375,0.3012999830760465,transition,-2147.647394060775,signal_change,1
BTC-USD,SCORE,2025-01-12 10:00:00+00:00,2025-01-12 11:00:00+00:00,-1.0,93852.14625,93951.0959375,0.3300449567565165,transition,-605.3872930936719,signal_change,1
BTC-USD,SCORE,2025-01-12 14:00:00+00:00,2025-01-12 15:00:00+00:00,1.0,94632.76,94753.786875,0.3085833757433876,transition,139.65694617110861,signal_change,1
BTC-USD,SCORE,2025-01-12 16:00:00+00:00,2025-01-12 17:00:00+00:00,1.0,95054.9396875,95022.4509375,0.2957171441906683,transition,-319.4687642807744,signal_change,1
BTC-USD,SCORE,2025-01-12 23:00:00+00:00,2025-01-13 00:00:00+00:00,-1.0,94055.7009375,94489.806875,0.7904358822702869,shock,-4032.499455777304,signal_change,1
BTC-USD,SCORE,2025-01-13 02:00:00+00:00,2025-01-13 05:00:00+00:00,-1.0,94168.005625,94491.01,0.20444150172600115,shock,-832.7580543663213,signal_change,3
BTC-USD,SCORE,2025-01-13 07:00:00+00:00,2025-01-13 14:00:00+00:00,-1.0,93571.70875,91457.0334375,0.4811002830562034,transition,14405.955013133418,stop,8
BTC-USD,SCORE,2025-01-13 15:00:00+00:00,2025-01-13 19:00:00+00:00,-1.0,91877.630625,92032.3928125,0.10581411896195178,transition,-422.9121784691284,signal_change,4
BTC-USD,SCORE,2025-01-14 10:00:00+00:00,2025-01-14 11:00:00+00:00,1.0,97094.0490625,96628.599375,0.29052885952085766,transition,-1551.5762313187454,signal_change,1
BTC-USD,SCORE,2025-01-14 23:00:00+00:00,2025-01-15 00:00:00+00:00,1.0,96667.47875,96552.5134375,0.3840003169683736,transition,-728.2407860385314,signal_change,1
BTC-USD,SCORE,2025-01-15 02:00:00+00:00,2025-01-15 03:00:00+00:00,1.0,97323.5021875,96825.9040625,0.37414360744146735,transition,-2107.4239439490325,signal_change,1
BTC-USD,SCORE,2025-01-15 04:00:00+00:00,2025-01-15 06:00:00+00:00,1.0,97275.2209375,96982.74,0.363025035410024,transition,-1314.0055683806975,signal_change,2
BTC-USD,SCORE,2025-01-15 14:00:00+00:00,2025-01-15 16:00:00+00:00,1.0,98957.744375,99003.4275,0.28099690832839064,shock,-86.41620985280679,signal_change,2
BTC-USD,SCORE,2025-01-15 20:00:00+00:00,2025-01-15 22:00:00+00:00,1.0,99863.66625,99700.115,0.41143114560431426,transition,-950.7928598849633,signal_change,2
BTC-USD,SCORE,2025-01-16 00:00:00+00:00,2025-01-16 02:00:00+00:00,1.0,100500.3615625,100082.9978125,0.38825461658873633,transition,-1819.89575492197,signal_change,2
BTC-USD,SCORE,2025-01-16 09:00:00+00:00,2025-01-16 10:00:00+00:00,1.0,98943.10375,99133.3728125,0.3907987879509759,transition,415.0502972983481,signal_change,1
BTC-USD,SCORE,2025-01-16 18:00:00+00:00,2025-01-16 19:00:00+00:00,1.0,99869.0490625,99515.64625,0.37469353666360666,range,-1539.24621783805,signal_change,1
BTC-USD,SCORE,2025-01-17 02:00:00+00:00,2025-01-17 03:00:00+00:00,1.0,101649.0490625,101063.661875,0.12303175196419663,shock,-762.6429136958449,signal_change,1
BTC-USD,SCORE,2025-01-17 09:00:00+00:00,2025-01-17 10:00:00+00:00,1.0,102086.8146875,101849.1540625,0.36212529349668326,transition,-1069.4532433794516,signal_change,1
BTC-USD,SCORE,2025-01-17 11:00:00+00:00,2025-01-17 12:00:00+00:00,1.0,102272.85375,102229.24,0.35738192752109926,transition,-413.57561080641165,signal_change,1
BTC-USD,SCORE,2025-01-17 13:00:00+00:00,2025-01-17 14:00:00+00:00,1.0,102743.3225,102498.5446875,0.35635062363861436,transition,-1068.986430792745,signal_change,1
BTC-USD,SCORE,2025-01-17 15:00:00+00:00,2025-01-17 21:00:00+00:00,1.0,103379.8146875,104682.24,0.3984577190180674,shock,4461.132324348052,signal_change,6
BTC-USD,SCORE,2025-01-18 05:00:00+00:00,2025-01-18 06:00:00+00:00,1.0,103583.91625,102802.786875,0.3750152435913075,transition,-2961.065444902032,signal_change,1
BTC-USD,SCORE,2025-01-18 07:00:00+00:00,2025-01-18 08:00:00+00:00,1.0,103412.213125,102736.6228125,0.35530918883003865,transition,-2458.343346981657,signal_change,1
BTC-USD,SCORE,2025-01-19 08:00:00+00:00,2025-01-19 09:00:00+00:00,1.0,104995.7365625,104249.599375,0.39350902436566443,transition,-2926.860318370231,signal_change,1
BTC-USD,SCORE,2025-01-19 10:00:00+00:00,2025-01-19 12:00:00+00:00,1.0,105017.385,104233.5603125,0.12373284212756959,transition,-960.5257748043388,signal_change,2
BTC-USD,SCORE,2025-01-19 13:00:00+00:00,2025-01-19 14:00:00+00:00,1.0,104778.619375,104704.64625,0.3635208645277539,transition,-512.5647813495968,signal_change,1
BTC-USD,SCORE,2025-01-19 15:00:00+00:00,2025-01-19 16:00:00+00:00,1.0,105067.4865625,104715.70875,0.37324133420232913,range,-1450.2725942659117,signal_change,1
BTC-USD,SCORE,2025-01-19 20:00:00+00:00,2025-01-19 21:00:00+00:00,1.0,106037.60375,104710.33203125,0.400106922440763,transition,-4977.478135991581,stop,2
BTC-USD,SCORE,2025-01-19 22:00:00+00:00,2025-01-19 23:00:00+00:00,-1.0,103472.380625,102535.937734375,0.10711867660963069,shock,-256.1898648726544,stop,2
BTC-USD,SCORE,2025-01-20 00:00:00+00:00,2025-01-20 04:00:00+00:00,-1.0,101165.724375,101765.4865625,0.08485052613461669,shock,-406.3473582982079,signal_change,4
BTC-USD,SCORE,2025-01-21 21:00:00+00:00,2025-01-21 23:00:00+00:00,1.0,106144.5021875,106003.52125,0.23257232037019862,transition,-453.62306918360645,signal_change,2
BTC-USD,SCORE,2025-01-22 09:00:00+00:00,2025-01-22 10:00:00+00:00,1.0,105248.244375,104961.036875,0.31471996020710113,transition,-1031.7467868641254,signal_change,1
BTC-USD,SCORE,2025-01-23 02:00:00+00:00,2025-01-23 08:00:00+00:00,-1.0,102878.9353125,102539.2990625,0.13404844987980324,shock,28.262448921000384,signal_change,6
BTC-USD,SCORE,2025-01-23 10:00:00+00:00,2025-01-23 14:00:00+00:00,-1.0,101654.693125,102480.6271875,0.3335919740333355,transition,-3271.6661410743573,signal_change,4
BTC-USD,SCORE,2025-01-23 21:00:00+00:00,2025-01-23 22:00:00+00:00,-1.0,103092.5915625,103126.3146875,0.0761662974219506,transition,-165.20201746206436,signal_change,1
BTC-USD,SCORE,2025-01-25 22:00:00+00:00,2025-01-25 23:00:00+00:00,1.0,105083.119375,105061.818125,0.8020689620897363,transition,-743.6612213364514,signal_change,1
BTC-USD,SCORE,2025-01-26 05:00:00+00:00,2025-01-26 06:00:00+00:00,1.0,105159.135,105068.0525,0.32136605754166236,transition,-494.72694807807613,signal_change,1
BTC-USD,SCORE,2025-01-26 22:00:00+00:00,2025-01-26 23:00:00+00:00,-1.0,104630.7946875,103464.4738671875,1.052666121796809,shock,-5745.290052450398,stop,2
BTC-USD,SCORE,2025-01-27 00:00:00+00:00,2025-01-27 00:00:00+00:00,-1.0,102613.9978125,102698.1828515625,0.4927339802882885,shock,9.101531006287559,stop,1
BTC-USD,SCORE,2025-01-27 01:00:00+00:00,2025-01-27 12:00:00+00:00,-1.0,101696.7478125,99690.88890625,0.46421571517669385,shock,15630.421141042345,stop,12
BTC-USD,SCORE,2025-01-27 13:00:00+00:00,2025-01-27 14:00:00+00:00,-1.0,100639.7478125,102245.236328125,0.31317286391202004,transition,4905.946273612443,stop,2
BTC-USD,SCORE,2025-01-27 15:00:00+00:00,2025-01-27 20:00:00+00:00,-1.0,101994.6775,99674.4553125,0.27462559804306974,transition,6050.18948581516,signal_change,5
BTC-USD,SCORE,2025-01-27 22:00:00+00:00,2025-01-27 23:00:00+00:00,-1.0,101365.318125,101704.3146875,0.21647979429356468,transition,-771.3607340080125,signal_change,1
BTC-USD,SCORE,2025-01-28 02:00:00+00:00,2025-01-28 03:00:00+00:00,-1.0,101363.5525,102388.1271875,0.23363455811696654,transition,-2106.551806890598,signal_change,1
BTC-USD,SCORE,2025-01-29 13:00:00+00:00,2025-01-29 15:00:00+00:00,-1.0,102227.0134375,101986.275625,0.4107712276326428,shock,457.0487310397756,signal_change,2
BTC-USD,SCORE,2025-01-29 20:00:00+00:00,2025-01-29 23:00:00+00:00,1.0,103695.635,103468.3415625,0.14080563073435387,shock,-393.52332674321997,signal_change,3
BTC-USD,SCORE,2025-01-30 01:00:00+00:00,2025-01-30 07:00:00+00:00,1.0,104028.963125,105196.7165625,0.4200030841711212,transition,4113.981058487062,signal_change,6
BTC-USD,SCORE,2025-01-30 15:00:00+00:00,2025-01-30 17:00:00+00:00,1.0,105892.9240625,105638.33375,0.3779911163406932,transition,-1144.2480334034872,signal_change,2
BTC-USD,SCORE,2025-01-31 17:00:00+00:00,2025-01-31 18:00:00+00:00,-1.0,105060.536875,104578.04125,0.4987544648923122,transition,961.9409222956124,signal_change,1
BTC-USD,SCORE,2025-01-31 19:00:00+00:00,2025-02-01 00:00:00+00:00,-1.0,102643.0525,102405.400625,0.3019588508319324,shock,422.129536682482,signal_change,5
BTC-USD,SCORE,2025-02-01 11:00:00+00:00,2025-02-01 12:00:00+00:00,-1.0,101620.9040625,101995.72875,0.4753398217348503,transition,-1868.4209983364499,signal_change,1
BTC-USD,SCORE,2025-02-01 23:00:00+00:00,2025-02-02 01:00:00+00:00,-1.0,100643.5759375,101249.7678125,0.6334924574731614,shock,-3966.725907241952,signal_change,2
BTC-USD,SCORE,2025-02-02 03:00:00+00:00,2025-02-02 03:00:00+00:00,-1.0,100468.64625,100651.4055078125,0.5109246100595483,shock,489.20824046589905,stop,1
BTC-USD,SCORE,2025-02-02 04:00:00+00:00,2025-02-02 05:00:00+00:00,-1.0,99199.70875,100200.85091145833,0.3481762769884876,transition,445.1625107822874,stop,2
BTC-USD,SCORE,2025-02-02 06:00:00+00:00,2025-02-02 09:00:00+00:00,-1.0,100262.33375,99814.0646875,0.4795316531131898,transition,1591.4018685879237,signal_change,3
BTC-USD,SCORE,2025-02-02 11:00:00+00:00,2025-02-02 16:00:00+00:00,-1.0,99388.6696875,99314.431875,0.43523707288922175,transition,283.71567019903983,signal_change,5
BTC-USD,SCORE,2025-02-02 17:00:00+00:00,2025-02-02 21:00:00+00:00,-1.0,98235.2165625,97586.3146875,0.3488975616330278,shock,599.5916707612532,signal_change,4
BTC-USD,SCORE,2025-02-02 22:00:00+00:00,2025-02-02 23:00:00+00:00,-1.0,96945.365,97869.869375,0.28897488230582624,transition,-3256.004196379631,signal_change,1
BTC-USD,SCORE,2025-02-03 00:00:00+00:00,2025-02-03 01:00:00+00:00,-1.0,97663.9040625,95430.9475,0.2592006517768879,shock,-930.1173098286654,stop,2
BTC-USD,SCORE,2025-02-03 02:00:00+00:00,2025-02-03 06:00:00+00:00,-1.0,93335.4509375,94236.119375,0.1340148201493991,shock,-1437.8853995570644,signal_change,4
BTC-USD,SCORE,2025-02-03 07:00:00+00:00,2025-02-03 08:00:00+00:00,-1.0,93973.943125,95419.5803125,0.18076706963442776,transition,-2698.265619217226,signal_change,1
BTC-USD,SCORE,2025-02-03 10:00:00+00:00,2025-02-03 11:00:00+00:00,-1.0,95497.99,95772.244375,0.17860067345137148,transition,-556.1007253812646,signal_change,1
BTC-USD,SCORE,2025-02-03 20:00:00+00:00,2025-02-03 21:00:00+00:00,1.0,102005.04125,101192.5525,0.16725270451037852,transition,-1370.300657656038,signal_change,1
BTC-USD,SCORE,2025-02-04 21:00:00+00:00,2025-02-05 00:00:00+00:00,-1.0,98506.536875,97807.85375,0.0924617794214391,shock,461.81672847113686,signal_change,3
BTC-USD,SCORE,2025-02-05 07:00:00+00:00,2025-02-05 08:00:00+00:00,-1.0,97673.6775,97909.1975,0.27557187175016656,transition,-887.1762043995147,signal_change,1
BTC-USD,SCORE,2025-02-05 13:00:00+00:00,2025-02-05 14:00:00+00:00,-1.0,98089.724375,98613.1740625,0.27953658189926484,transition,-1499.952901379691,signal_change,1
BTC-USD,SCORE,2025-02-06 07:00:00+00:00,2025-02-06 08:00:00+00:00,1.0,98406.3928125,98222.0446875,0.40460442513476547,transition,-1007.1081676585712,signal_change,1
BTC-USD,SCORE,2025-02-06 11:00:00+00:00,2025-02-06 13:00:00+00:00,1.0,99071.7678125,98362.08375,0.4133163934747273,transition,-3062.869303774843,signal_change,2
BTC-USD,SCORE,2025-02-06 15:00:00+00:00,2025-02-06 18:00:00+00:00,-1.0,97848.2946875,96800.431875,0.4001029116896026,shock,3412.1647069485944,signal_change,3
BTC-USD,SCORE,2025-02-06 20:00:00+00:00,2025-02-06 21:00:00+00:00,-1.0,95927.068125,96876.3771875,0.38818864414759086,transition,-3607.6528762224043,signal_change,1
BTC-USD,SCORE,2025-02-07 09:00:00+00:00,2025-02-07 10:00:00+00:00,-1.0,97037.4821875,97320.5334375,0.3546898249136334,transition,-1415.3484649009224,signal_change,1
BTC-USD,SCORE,2025-02-07 15:00:00+00:00,2025-02-07 15:00:00+00:00,1.0,99535.7678125,98007.70833333333,0.11242857136770563,shock,-1680.7470415950554,stop,1
BTC-USD,SCORE,2025-02-07 21:00:00+00:00,2025-02-07 22:00:00+00:00,-1.0,95765.411875,95993.4475,0.3292307809104623,transition,-969.9676165939492,signal_change,1
BTC-USD,SCORE,2025-02-09 02:00:00+00:00,2025-02-09 03:00:00+00:00,1.0,97006.056875,96762.9040625,0.8156799466226539,range,-2488.191170939588,signal_change,1
BTC-USD,SCORE,2025-02-09 07:00:00+00:00,2025-02-09 08:00:00+00:00,1.0,97003.1584375,97197.5915625,0.2946879752739,transition,326.3678544949146,signal_change,1
BTC-USD,SCORE,2025-02-09 10:00:00+00:00,2025-02-09 11:00:00+00:00,1.0,96932.306875,96783.20875,0.3024175036201482,transition,-651.0930340085015,signal_change,1
BTC-USD,SCORE,2025-02-09 12:00:00+00:00,2025-02-09 13:00:00+00:00,1.0,96544.2365625,96534.0915625,0.2979598025266393,transition,-248.16820948570248,signal_change,1
BTC-USD,SCORE,2025-02-09 22:00:00+00:00,2025-02-09 22:00:00+00:00,-1.0,94850.4353125,95717.12369791667,0.38718472556711225,shock,2968.908562498386,stop,1
BTC-USD,SCORE,2025-02-09 23:00:00+00:00,2025-02-10 00:00:00+00:00,-1.0,95876.4353125,96488.463125,0.18621442647241462,shock,-1273.5976836261493,signal_change,1
BTC-USD,SCORE,2025-02-10 03:00:00+00:00,2025-02-10 03:00:00+00:00,-1.0,95811.911875,96915.02018229167,0.15352121303690655,transition,1515.5919146254312,stop,1
BTC-USD,SCORE,2025-02-10 19:00:00+00:00,2025-02-10 20:00:00+00:00,1.0,97578.7365625,97407.1071875,0.35800917795567977,transition,-845.5642092651644,signal_change,1
BTC-USD,SCORE,2025-02-11 02:00:00+00:00,2025-02-11 03:00:00+00:00,1.0,98048.6115625,97787.6696875,0.17540636373464016,transition,-559.9030323131486,signal_change,1
BTC-USD,SCORE,2025-02-11 17:00:00+00:00,2025-02-11 19:00:00+00:00,-1.0,96345.9040625,95449.8459375,0.616225811730601,transition,4161.048968362607,signal_change,2
BTC-USD,SCORE,2025-02-11 20:00:00+00:00,2025-02-11 21:00:00+00:00,-1.0,95061.89625,95923.84114583333,0.19336942984987143,transition,802.2596774404956,stop,2
BTC-USD,SCORE,2025-02-11 23:00:00+00:00,2025-02-12 02:00:00+00:00,-1.0,95564.1853125,96172.7521875,0.46494362456845856,transition,-2975.032876057596,signal_change,3
BTC-USD,SCORE,2025-02-12 04:00:00+00:00,2025-02-12 06:00:00+00:00,-1.0,95281.568125,95878.04125,0.464316639950163,transition,-2927.646931348305,signal_change,2
BTC-USD,SCORE,2025-02-12 13:00:00+00:00,2025-02-12 13:00:00+00:00,-1.0,95993.9353125,95874.1730859375,0.41265600854307277,shock,-777.9599532347385,stop,1
BTC-USD,SCORE,2025-02-12 14:00:00+00:00,2025-02-12 16:00:00+00:00,-1.0,94817.4509375,96006.49739583333,0.14066187170108851,transition,-1105.39599096247,stop,3
BTC-USD,SCORE,2025-02-12 18:00:00+00:00,2025-02-12 19:00:00+00:00,1.0,97396.8928125,96930.4509375,0.1242306710462512,transition,-637.9632672080896,signal_change,1
BTC-USD,SCORE,2025-02-12 23:00:00+00:00,2025-02-13 00:00:00+00:00,1.0,97830.8615625,97867.45875,0.36385689308658326,transition,-142.37848769987986,signal_change,1
BTC-USD,SCORE,2025-02-13 20:00:00+00:00,2025-02-13 21:00:00+00:00,-1.0,95631.7946875,96294.8615625,0.15923178816505343,transition,-1029.8639043340972,signal_change,1
BTC-USD,SCORE,2025-02-14 10:00:00+00:00,2025-02-14 11:00:00+00:00,1.0,97133.306875,97023.005625,0.5435701411627234,transition,-964.6897614830938,signal_change,1
BTC-USD,SCORE,2025-02-14 16:00:00+00:00,2025-02-14 17:00:00+00:00,1.0,96946.6428125,97654.89625,0.5278581134798961,transition,3142.560337400459,signal_change,1
BTC-USD,SCORE,2025-02-14 18:00:00+00:00,2025-02-14 19:00:00+00:00,1.0,98557.3303125,98232.130625,0.34762400790060816,transition,-1310.05976403907,signal_change,1
BTC-USD,SCORE,2025-02-14 22:00:00+00:00,2025-02-14 23:00:00+00:00,1.0,97491.8928125,97132.52125,0.4543265984752897,transition,-1870.024523616786,signal_change,1
BTC-USD,SCORE,2025-02-15 00:00:00+00:00,2025-02-15 01:00:00+00:00,1.0,97502.3771875,97471.036875,0.4527946574841924,transition,-465.1283367351205,signal_change,1
BTC-USD,SCORE,2025-02-15 23:00:00+00:00,2025-02-16 00:00:00+00:00,1.0,97537.6428125,97586.349375,1.1442389865470441,transition,-315.43009680143706,signal_change,1
BTC-USD,SCORE,2025-02-16 03:00:00+00:00,2025-02-16 04:00:00+00:00,-1.0,97530.6775,97559.0178125,1.3120654661733004,transition,-1285.4043715948715,signal_change,1
BTC-USD,SCORE,2025-02-16 09:00:00+00:00,2025-02-16 10:00:00+00:00,-1.0,97168.0915625,97355.0490625,0.46379554193852485,transition,-1288.9804139569835,signal_change,1
BTC-USD,SCORE,2025-02-16 11:00:00+00:00,2025-02-16 12:00:00+00:00,-1.0,97205.5446875,97343.01,0.4767099632327487,transition,-923.4889139474711,signal_change,1
BTC-USD,SCORE,2025-02-16 13:00:00+00:00,2025-02-16 14:00:00+00:00,-1.0,97136.365,96871.056875,1.3232857739878894,transition,1893.1921496121677,signal_change,1
BTC-USD,SCORE,2025-02-16 15:00:00+00:00,2025-02-16 16:00:00+00:00,-1.0,96978.2478125,96951.66625,1.304086413463104,transition,-1440.5323053796192,signal_change,1
BTC-USD,SCORE,2025-02-16 20:00:00+00:00,2025-02-16 21:00:00+00:00,-1.0,97068.1853125,96916.588125,0.43325608914505026,transition,210.47004372833342,signal_change,1
BTC-USD,SCORE,2025-02-17 00:00:00+00:00,2025-02-17 02:00:00+00:00,-1.0,96137.8728125,96510.26,0.6856035097943128,shock,-2895.790333351994,signal_change,2
BTC-USD,SCORE,2025-02-17 04:00:00+00:00,2025-02-17 06:00:00+00:00,-1.0,96217.7478125,96252.8771875,0.8769114945615364,transition,-748.2268856482767,signal_change,2
BTC-USD,SCORE,2025-02-17 07:00:00+00:00,2025-02-17 10:00:00+00:00,-1.0,96390.70875,96175.556875,0.8038077476549079,transition,691.9312263067937,signal_change,3
BTC-USD,SCORE,2025-02-17 12:00:00+00:00,2025-02-17 13:00:00+00:00,-1.0,96058.3571875,96453.900625,0.7521719837451539,transition,-3332.110095296913,signal_change,1
BTC-USD,SCORE,2025-02-17 16:00:00+00:00,2025-02-17 18:00:00+00:00,-1.0,95675.4665625,95567.6896875,0.21484181333905303,shock,11.444036148139531,signal_change,2
BTC-USD,SCORE,2025-02-17 19:00:00+00:00,2025-02-17 20:00:00+00:00,-1.0,95328.77125,95554.04125,0.5839297912305867,transition,-1828.8009793555639,signal_change,1
BTC-USD,SCORE,2025-02-18 07:00:00+00:00,2025-02-18 08:00:00+00:00,-1.0,95342.8571875,95446.0334375,0.5511535180259036,transition,-1242.6497706334412,signal_change,1
BTC-USD,SCORE,2025-02-18 18:00:00+00:00,2025-02-18 21:00:00+00:00,-1.0,93827.193125,94117.431875,0.9878186332271909,shock,-5298.502443663387,signal_change,3
BTC-USD,SCORE,2025-02-18 22:00:00+00:00,2025-02-18 23:00:00+00:00,-1.0,94986.0525,95276.588125,0.45239216719581826,transition,-1206.6799321215965,signal_change,1
BTC-USD,SCORE,2025-02-19 01:00:00+00:00,2025-02-19 02:00:00+00:00,-1.0,95330.4509375,95429.369375,0.46239495586189844,transition,-536.0371762622074,signal_change,1
BTC-USD,SCORE,2025-02-19 11:00:00+00:00,2025-02-19 12:00:00+00:00,1.0,96304.7678125,96390.9978125,0.47144615953061997,transition,40.08078519809533,signal_change,1
BTC-USD,SCORE,2025-02-19 18:00:00+00:00,2025-02-19 19:00:00+00:00,1.0,96382.5021875,95648.2790625,0.17960212696259656,transition,-1354.7420906219927,signal_change,1
BTC-USD,SCORE,2025-02-20 00:00:00+00:00,2025-02-20 01:00:00+00:00,1.0,96628.4084375,96813.7634375,0.6051854431708513,transition,605.0098486802829,signal_change,1
BTC-USD,SCORE,2025-02-20 02:00:00+00:00,2025-02-20 03:00:00+00:00,1.0,96747.8615625,97146.7321875,0.6132222018684741,transition,1823.6555182256545,signal_change,1
BTC-USD,SCORE,2025-02-20 04:00:00+00:00,2025-02-20 06:00:00+00:00,1.0,97067.056875,96915.9665625,0.21571695202214272,transition,-455.3320236859038,signal_change,2
BTC-USD,SCORE,2025-02-20 10:00:00+00:00,2025-02-20 11:00:00+00:00,1.0,97193.119375,97372.0915625,0.6453087724778511,transition,602.0032556988159,signal_change,1
BTC-USD,SCORE,2025-02-20 13:00:00+00:00,2025-02-20 14:00:00+00:00,1.0,97437.1740625,97567.1696875,0.6422303415191163,transition,307.34514281220504,signal_change,1
BTC-USD,SCORE,2025-02-20 15:00:00+00:00,2025-02-20 16:00:00+00:00,1.0,96973.6740625,96908.974375,0.6451465731981924,transition,-849.5247678763841,signal_change,1
BTC-USD,SCORE,2025-02-20 17:00:00+00:00,2025-02-20 20:00:00+00:00,1.0,97555.35375,98457.286875,0.5999258743833825,transition,4535.590319958657,signal_change,3
BTC-USD,SCORE,2025-02-20 22:00:00+00:00,2025-02-20 23:00:00+00:00,1.0,98129.4240625,98170.2478125,0.6546886195369203,transition,-226.76348271906832,signal_change,1
BTC-USD,SCORE,2025-02-21 10:00:00+00:00,2025-02-21 13:00:00+00:00,1.0,98369.01,98927.8884375,0.6777893854053575,transition,2977.5667579642277,signal_change,3
BTC-USD,SCORE,2025-02-21 14:00:00+00:00,2025-02-21 14:00:00+00:00,1.0,99374.135,98615.611328125,0.22803742928578968,transition,-1738.4132837504744,stop,1
BTC-USD,SCORE,2025-02-21 16:00:00+00:00,2025-02-21 17:00:00+00:00,1.0,98107.588125,98229.255625,0.19586061032627075,transition,77.7515272026808,signal_change,1
BTC-USD,SCORE,2025-02-21 18:00:00+00:00,2025-02-21 22:00:00+00:00,-1.0,96968.1071875,95321.35375,0.17204427594171232,shock,2461.3224124393296,signal_change,4
BTC-USD,SCORE,2025-02-22 22:00:00+00:00,2025-02-22 23:00:00+00:00,1.0,96672.806875,96640.5290625,0.3661777736114499,transition,-375.7108118322931,signal_change,1
BTC-USD,SCORE,2025-02-23 00:00:00+00:00,2025-02-23 01:00:00+00:00,1.0,96571.056875,96657.161875,0.4176170552754771,transition,34.4284146587206,signal_change,1
BTC-USD,SCORE,2025-02-23 13:00:00+00:00,2025-02-23 14:00:00+00:00,-1.0,95742.7634375,95938.994375,2.5,transition,-6890.496346692703,signal_change,1
BTC-USD,SCORE,2025-02-23 16:00:00+00:00,2025-02-23 18:00:00+00:00,-1.0,95450.5525,95664.79125,1.2160827962640874,transition,-3338.2985469701907,signal_change,2
BTC-USD,SCORE,2025-02-23 23:00:00+00:00,2025-02-23 23:00:00+00:00,-1.0,95813.1696875,96258.80208333333,0.37809237869552764,shock,1301.8313543504637,stop,1
BTC-USD,SCORE,2025-02-24 00:00:00+00:00,2025-02-24 07:00:00+00:00,-1.0,96267.8415625,95868.35375,0.3665629492735152,transition,1560.3485402643412,signal_change,7
BTC-USD,SCORE,2025-02-24 10:00:00+00:00,2025-02-24 11:00:00+00:00,-1.0,95762.64625,95654.4709375,0.7112321705891693,transition,269.67456075478174,signal_change,1
BTC-USD,SCORE,2025-02-24 15:00:00+00:00,2025-02-25 03:00:00+00:00,-1.0,94614.9040625,92343.8225,0.3929997114579132,shock,8339.172941329469,signal_change,12
BTC-USD,SCORE,2025-02-25 08:00:00+00:00,2025-02-25 18:00:00+00:00,-1.0,89266.64625,87152.181875,0.1824798825419817,trend,3898.4788657479344,signal_change,10
BTC-USD,SCORE,2025-02-25 21:00:00+00:00,2025-02-25 22:00:00+00:00,-1.0,88187.0759375,88692.213125,0.19107369642434424,transition,-765.040315429538,signal_change,1
BTC-USD,SCORE,2025-02-26 00:00:00+00:00,2025-02-26 02:00:00+00:00,-1.0,88491.3259375,88609.4240625,0.20503200539880784,transition,-750.9913184608807,signal_change,2
BTC-USD,SCORE,2025-02-26 15:00:00+00:00,2025-02-26 16:00:00+00:00,1.0,87661.431875,87454.161875,0.09415706509412565,range,-270.48245554800576,signal_change,1
BTC-USD,SCORE,2025-02-26 19:00:00+00:00,2025-02-26 21:00:00+00:00,-1.0,84084.6540625,84272.088125,0.08186304563230531,shock,-423.07288573314514,signal_change,2
BTC-USD,SCORE,2025-02-26 22:00:00+00:00,2025-02-27 00:00:00+00:00,-1.0,84439.318125,84136.3146875,0.21932752196207653,transition,865.327661595547,signal_change,2
BTC-USD,SCORE,2025-02-27 02:00:00+00:00,2025-02-27 03:00:00+00:00,-1.0,84653.2790625,84222.7678125,0.21080391803526025,transition,772.748319271828,signal_change,1
BTC-USD,SCORE,2025-02-27 04:00:00+00:00,2025-02-27 05:00:00+00:00,-1.0,85134.2165625,85047.5803125,0.20606197802905285,transition,172.24028017217267,signal_change,1
BTC-USD,SCORE,2025-02-28 02:00:00+00:00,2025-02-28 02:00:00+00:00,-1.0,81728.8415625,82618.4113671875,0.07237708095358707,shock,663.6066137256731,stop,1
BTC-USD,SCORE,2025-02-28 03:00:00+00:00,2025-02-28 09:00:00+00:00,-1.0,80741.4196875,78900.1271875,0.07146942286706882,transition,1374.8244897731659,signal_change,6
BTC-USD,SCORE,2025-02-28 10:00:00+00:00,2025-02-28 11:00:00+00:00,-1.0,80307.70875,79965.76,0.1756249631644209,trend,699.9301361486087,signal_change,1
BTC-USD,SCORE,2025-03-01 05:00:00+00:00,2025-03-01 06:00:00+00:00,1.0,86176.79125,85592.24,0.21517699844983973,transition,-1488.005521642816,signal_change,1
BTC-USD,SCORE,2025-03-01 23:00:00+00:00,2025-03-02 00:00:00+00:00,1.0,86086.1271875,86024.3415625,0.40558710223924577,transition,-560.4733092856425,signal_change,1
BTC-USD,SCORE,2025-03-02 01:00:00+00:00,2025-03-02 02:00:00+00:00,1.0,85990.8615625,86311.02125,0.43745388523000794,transition,1162.9583110327685,signal_change,1
BTC-USD,SCORE,2025-03-02 10:00:00+00:00,2025-03-02 11:00:00+00:00,1.0,85870.0646875,85954.9196875,0.5405794946168845,transition,92.39754874436758,signal_change,1
BTC-USD,SCORE,2025-03-02 16:00:00+00:00,2025-03-02 16:00:00+00:00,1.0,87428.9084375,89670.613046875,0.1164441756281733,shock,2635.490096274634,stop,1
BTC-USD,SCORE,2025-03-02 17:00:00+00:00,2025-03-02 17:00:00+00:00,1.0,91371.0178125,92469.8562109375,0.19308707483668908,shock,1980.637106601972,stop,1
BTC-USD,SCORE,2025-03-02 18:00:00+00:00,2025-03-02 18:00:00+00:00,1.0,94335.0021875,92489.99088541667,0.0881432198910203,shock,-1643.3152232890475,stop,1
BTC-USD,SCORE,2025-03-02 19:00:00+00:00,2025-03-02 22:00:00+00:00,1.0,92797.150625,94261.49,0.08640931979448373,trend,1180.1383352749028,signal_change,3
BTC-USD,SCORE,2025-03-02 23:00:00+00:00,2025-03-03 00:00:00+00:00,1.0,94288.306875,94292.2321875,0.23818867388154283,trend,-165.35996316631048,signal_change,1
BTC-USD,SCORE,2025-03-03 02:00:00+00:00,2025-03-03 03:00:00+00:00,1.0,93069.6584375,93276.4196875,0.22576845132249684,transition,293.59081110247485,signal_change,1
BTC-USD,SCORE,2025-03-03 10:00:00+00:00,2025-03-03 11:00:00+00:00,1.0,91861.0959375,92480.0759375,0.1871166462212723,transition,1017.1521296522258,signal_change,1
BTC-USD,SCORE,2025-03-03 19:00:00+00:00,2025-03-03 22:00:00+00:00,-1.0,87053.8728125,85279.1896875,0.18220220975990217,transition,3960.088052636686,signal_change,3
BTC-USD,SCORE,2025-03-04 02:00:00+00:00,2025-03-04 03:00:00+00:00,-1.0,83301.380625,83873.8459375,0.3030818980304433,transition,-2811.1318966697063,signal_change,1
BTC-USD,SCORE,2025-03-04 04:00:00+00:00,2025-03-04 05:00:00+00:00,-1.0,83919.755625,83356.869375,0.15062517666923667,transition,219.57285147589135,signal_change,1
BTC-USD,SCORE,2025-03-04 06:00:00+00:00,2025-03-04 07:00:00+00:00,-1.0,84199.8025,83793.2209375,0.15418537094282964,transition,465.9747688747411,signal_change,1
BTC-USD,SCORE,2025-03-04 14:00:00+00:00,2025-03-04 15:00:00+00:00,-1.0,82716.380625,83109.4396875,0.16831116825872958,transition,-2934.796112184571,signal_change,1
BTC-USD,SCORE,2025-03-04 18:00:00+00:00,2025-03-04 19:00:00+00:00,-1.0,85382.3259375,86764.54125,0.17429011922994495,range,-2960.939320161193,signal_change,1
BTC-USD,SCORE,2025-03-05 11:00:00+00:00,2025-03-05 15:00:00+00:00,1.0,89907.4240625,89027.7165625,0.19496785290675672,transition,-1867.401475611882,signal_change,4
BTC-USD,SCORE,2025-03-06 00:00:00+00:00,2025-03-06 01:00:00+00:00,1.0,90613.244375,90057.2165625,0.2593744193899373,transition,-1637.3693839107227,signal_change,1
BTC-USD,SCORE,2025-03-06 02:00:00+00:00,2025-03-06 05:00:00+00:00,1.0,91097.4475,92300.6853125,0.254185371360113,transition,2862.7876939956936,signal_change,3
BTC-USD,SCORE,2025-03-06 06:00:00+00:00,2025-03-06 08:00:00+00:00,1.0,92760.463125,91376.318125,0.24359050247506048,transition,-3499.9482271139836,signal_change,2
BTC-USD,SCORE,2025-03-06 15:00:00+00:00,2025-03-06 16:00:00+00:00,1.0,89721.01,90861.83375,0.258162849311336,transition,2791.8926028126225,signal_change,1
BTC-USD,SCORE,2025-03-06 18:00:00+00:00,2025-03-06 19:00:00+00:00,-1.0,88622.33375,88401.6271875,0.25418892477409916,transition,405.59998326831055,signal_change,1
BTC-USD,SCORE,2025-03-07 00:00:00+00:00,2025-03-07 00:00:00+00:00,-1.0,89959.1540625,88481.5725,0.18322702784098513,shock,-2876.567257576633,stop,1
BTC-USD,SCORE,2025-03-07 01:00:00+00:00,2025-03-07 01:00:00+00:00,-1.0,85383.755625,87849.18424479167,0.12503863942984242,shock,3189.4162921167936,stop,1
BTC-USD,SCORE,2025-03-07 02:00:00+00:00,2025-03-07 05:00:00+00:00,-1.0,88240.4275,87623.635,0.06175206556797596,shock,213.55345619666616,signal_change,3
BTC-USD,SCORE,2025-03-07 10:00:00+00:00,2025-03-07 11:00:00+00:00,-1.0,88916.08375,89217.8225,0.1825321043430445,transition,-673.2598004034592,signal_change,1
BTC-USD,SCORE,2025-03-07 16:00:00+00:00,2025-03-07 18:00:00+00:00,-1.0,88482.7478125,87655.838125,0.057400608382148596,transition,656.4303207915522,signal_change,2
BTC-USD,SCORE,2025-03-07 22:00:00+00:00,2025-03-07 23:00:00+00:00,-1.0,86304.8571875,86564.04125,0.1524822219145384,transition,-1143.4190757238666,signal_change,1
BTC-USD,SCORE,2025-03-09 11:00:00+00:00,2025-03-09 12:00:00+00:00,-1.0,84894.6228125,85004.2521875,0.2217408470382768,transition,-503.3361877287175,signal_change,1
BTC-USD,SCORE,2025-03-09 13:00:00+00:00,2025-03-10 02:00:00+00:00,-1.0,84575.4978125,81882.840078125,0.5720810363175203,trend,18134.504506719386,stop,14
BTC-USD,SCORE,2025-03-10 03:00:00+00:00,2025-03-10 05:00:00+00:00,-1.0,82204.5290625,82622.4240625,0.28662498270878684,transition,-1578.795353230504,signal_change,2
BTC-USD,SCORE,2025-03-10 09:00:00+00:00,2025-03-10 09:00:00+00:00,-1.0,81348.4275,83117.30729166667,0.232830697567597,transition,4519.59164761887,stop,1
BTC-USD,SCORE,2025-03-10 10:00:00+00:00,2025-03-10 11:00:00+00:00,-1.0,82480.7321875,82415.5803125,0.23190170168106533,transition,524.5451887492773,signal_change,1
BTC-USD,SCORE,2025-03-10 15:00:00+00:00,2025-03-10 17:00:00+00:00,-1.0,79865.068125,78972.869375,0.06508746653860716,transition,366.94908562027433,signal_change,2
BTC-USD,SCORE,2025-03-10 18:00:00+00:00,2025-03-10 21:00:00+00:00,-1.0,78412.4665625,79277.588125,0.17558587599208805,transition,-2326.235052204055,signal_change,3
BTC-USD,SCORE,2025-03-11 02:00:00+00:00,2025-03-11 03:00:00+00:00,-1.0,79066.77125,79318.0178125,0.1645286607384415,transition,-705.257811846761,signal_change,1
BTC-USD,SCORE,2025-03-11 19:00:00+00:00,2025-03-11 20:00:00+00:00,1.0,83252.8225,83118.7946875,0.20402027604457734,transition,-456.1836526255509,signal_change,1
BTC-USD,SCORE,2025-03-12 08:00:00+00:00,2025-03-12 09:00:00+00:00,1.0,82384.6584375,82681.4978125,0.24728690516160848,transition,643.5208695408257,signal_change,1
BTC-USD,SCORE,2025-03-12 13:00:00+00:00,2025-03-12 14:00:00+00:00,1.0,84096.3146875,82597.161875,0.08186535637890899,transition,-1417.8481662700033,signal_change,1
BTC-USD,SCORE,2025-03-13 10:00:00+00:00,2025-03-13 11:00:00+00:00,1.0,83417.0021875,83168.865,0.30376343917209137,transition,-1063.7071457306085,signal_change,1
BTC-USD,SCORE,2025-03-13 18:00:00+00:00,2025-03-13 19:00:00+00:00,-1.0,80026.411875,80768.6584375,0.33306446833592074,transition,-3261.5053789149856,signal_change,1
BTC-USD,SCORE,2025-03-13 21:00:00+00:00,2025-03-13 22:00:00+00:00,-1.0,80327.536875,80732.119375,0.32192156492195745,transition,-1773.2207628246276,signal_change,1
BTC-USD,SCORE,2025-03-14 12:00:00+00:00,2025-03-14 13:00:00+00:00,1.0,83224.4553125,83416.9040625,0.3624559428055712,transition,505.0666549224359,signal_change,1
BTC-USD,SCORE,2025-03-14 15:00:00+00:00,2025-03-14 18:00:00+00:00,1.0,83549.6584375,84374.8025,0.36135637128402837,shock,3038.5455884831513,signal_change,3
BTC-USD,SCORE,2025-03-14 19:00:00+00:00,2025-03-14 20:00:00+00:00,1.0,84573.6271875,84521.9978125,0.1343394173518571,shock,-175.34255512936164,signal_change,1
BTC-USD,SCORE,2025-03-14 21:00:00+00:00,2025-03-14 22:00:00+00:00,1.0,84149.66625,84222.9821875,0.3799449137455951,trend,24.876949254229757,signal_change,1
BTC-USD,SCORE,2025-03-14 23:00:00+00:00,2025-03-15 00:00:00+00:00,1.0,84431.1896875,83989.7946875,0.3832279754784956,transition,-2136.912897978959,signal_change,1
BTC-USD,SCORE,2025-03-15 10:00:00+00:00,2025-03-15 11:00:00+00:00,1.0,83948.6584375,83921.0134375,0.4456871853067423,transition,-464.68348882348164,signal_change,1
BTC-USD,SCORE,2025-03-16 11:00:00+00:00,2025-03-16 11:00:00+00:00,-1.0,83693.161875,83240.027578125,0.2556325681098156,shock,-1465.756883902593,stop,1
BTC-USD,SCORE,2025-03-16 12:00:00+00:00,2025-03-16 13:00:00+00:00,-1.0,82408.6384375,82992.85286458333,0.4959751242006913,transition,-1317.828306310042,stop,2
BTC-USD,SCORE,2025-03-16 14:00:00+00:00,2025-03-16 14:00:00+00:00,-1.0,82597.974375,83237.79557291667,0.6511694530653779,transition,4159.853726985286,stop,1
BTC-USD,SCORE,2025-03-16 16:00:00+00:00,2025-03-16 16:00:00+00:00,-1.0,83323.5290625,84072.22916666667,0.5578936475858879,shock,4219.007906268261,stop,1
BTC-USD,SCORE,2025-03-16 17:00:00+00:00,2025-03-16 18:00:00+00:00,-1.0,83605.58375,83899.0021875,0.1897268352730528,transition,-708.2328411504636,signal_change,1
BTC-USD,SCORE,2025-03-16 19:00:00+00:00,2025-03-17 01:00:00+00:00,-1.0,83663.5525,83046.9475,0.49452582862060007,transition,2897.5705042208,signal_change,6
BTC-USD,SCORE,2025-03-17 06:00:00+00:00,2025-03-17 07:00:00+00:00,-1.0,83133.49,83200.4240625,0.3794400550006412,transition,-708.5206695528492,signal_change,1
BTC-USD,SCORE,2025-03-17 19:00:00+00:00,2025-03-17 20:00:00+00:00,1.0,84499.635,84475.2634375,0.39533797303917384,transition,-400.1374443323298,signal_change,1
BTC-USD,SCORE,2025-03-18 07:00:00+00:00,2025-03-18 08:00:00+00:00,-1.0,82453.45875,83196.5646875,0.39606010109874024,transition,-3253.4972251164286,signal_change,1
BTC-USD,SCORE,2025-03-18 14:00:00+00:00,2025-03-18 15:00:00+00:00,-1.0,81373.0134375,81750.775625,0.27038115411030283,shock,-1658.4508631647248,signal_change,1
BTC-USD,SCORE,2025-03-18 21:00:00+00:00,2025-03-18 22:00:00+00:00,-1.0,82003.9978125,81999.650625,0.4060229543524478,transition,-173.17906207582638,signal_change,1
BTC-USD,SCORE,2025-03-18 23:00:00+00:00,2025-03-19 00:00:00+00:00,-1.0,82406.536875,82702.775625,0.13857145074019647,transition,-612.617127673659,signal_change,1
BTC-USD,SCORE,2025-03-19 01:00:00+00:00,2025-03-19 02:00:00+00:00,-1.0,83149.4353125,82627.119375,0.40166761518849026,transition,1305.2823531685178,signal_change,1
BTC-USD,SCORE,2025-03-19 12:00:00+00:00,2025-03-19 15:00:00+00:00,1.0,83875.806875,84305.911875,0.4629641798584292,transition,1852.8178136634747,signal_change,3
BTC-USD,SCORE,2025-03-19 16:00:00+00:00,2025-03-19 17:00:00+00:00,1.0,84738.7209375,83916.50065104167,1.0288730437123639,transition,-10011.370191012698,stop,2
BTC-USD,SCORE,2025-03-19 18:00:00+00:00,2025-03-19 18:00:00+00:00,1.0,84190.775625,84309.257578125,0.43924461798818176,shock,244.41321650747653,stop,1
BTC-USD,SCORE,2025-03-19 19:00:00+00:00,2025-03-19 21:00:00+00:00,1.0,85683.6271875,85363.9040625,0.2997751348496801,shock,-1245.148145387658,signal_change,2
BTC-USD,SCORE,2025-03-19 23:00:00+00:00,2025-03-20 01:00:00+00:00,1.0,86224.4240625,86085.0290625,0.3961711342862962,trend,-864.2942264839328,signal_change,2
BTC-USD,SCORE,2025-03-20 03:00:00+00:00,2025-03-20 04:00:00+00:00,1.0,86082.713125,85894.4353125,0.3608467106008132,transition,-986.1252035858365,signal_change,1
BTC-USD,SCORE,2025-03-20 17:00:00+00:00,2025-03-20 18:00:00+00:00,-1.0,83730.6384375,84048.0959375,0.2898154876142114,range,-1030.3887036690141,signal_change,1
BTC-USD,SCORE,2025-03-21 08:00:00+00:00,2025-03-21 09:00:00+00:00,-1.0,83893.7321875,83967.5725,0.4072592877937266,transition,-666.5926271926592,signal_change,1
BTC-USD,SCORE,2025-03-23 00:00:00+00:00,2025-03-23 01:00:00+00:00,-1.0,83831.8259375,83998.3771875,0.44463993438206495,transition,-1112.928665680537,signal_change,1
BTC-USD,SCORE,2025-03-23 05:00:00+00:00,2025-03-23 06:00:00+00:00,-1.0,84105.599375,84216.6584375,0.46372830602212206,transition,-962.2595376559385,signal_change,1
BTC-USD,SCORE,2025-03-23 12:00:00+00:00,2025-03-23 18:00:00+00:00,1.0,84685.2678125,84999.2790625,0.44954863220984426,transition,1191.4612573128545,signal_change,6
BTC-USD,SCORE,2025-03-23 19:00:00+00:00,2025-03-23 20:00:00+00:00,1.0,84978.8146875,85004.8415625,0.35360833921342893,transition,-159.20506015579656,signal_change,1
BTC-USD,SCORE,2025-03-23 23:00:00+00:00,2025-03-24 01:00:00+00:00,1.0,85383.8146875,85818.456796875,0.8881455307777493,shock,3470.011476814083,stop,3
BTC-USD,SCORE,2025-03-24 03:00:00+00:00,2025-03-24 10:00:00+00:00,1.0,85919.5334375,87202.1775,0.24791998707111737,shock,3195.35942772135,signal_change,7
BTC-USD,SCORE,2025-03-24 11:00:00+00:00,2025-03-24 12:00:00+00:00,1.0,87813.5646875,87681.7790625,0.5754351374122642,transition,-1215.016973707173,signal_change,1
BTC-USD,SCORE,2025-03-24 14:00:00+00:00,2025-03-24 17:00:00+00:00,1.0,87704.0646875,88044.036875,0.5121896933482969,shock,1446.5126014055725,signal_change,3
BTC-USD,SCORE,2025-03-24 18:00:00+00:00,2025-03-24 20:00:00+00:00,1.0,88459.135,88284.33375,0.4770655678817286,transition,-1214.7589198391206,signal_change,2
BTC-USD,SCORE,2025-03-24 22:00:00+00:00,2025-03-24 23:00:00+00:00,1.0,88160.0959375,87461.9509375,0.42542465294966636,transition,-3398.697722158981,signal_change,1
BTC-USD,SCORE,2025-03-26 08:00:00+00:00,2025-03-26 09:00:00+00:00,1.0,88170.0021875,87983.443125,0.48923734091955956,transition,-1302.7709299812732,signal_change,1
BTC-USD,SCORE,2025-03-26 13:00:00+00:00,2025-03-26 13:00:00+00:00,1.0,87815.4709375,86952.85221354167,0.5035622019265386,transition,-4879.19993690275,stop,1
BTC-USD,SCORE,2025-03-26 15:00:00+00:00,2025-03-26 16:00:00+00:00,-1.0,86789.3884375,86744.6115625,0.17665548658731486,transition,27.753035340506294,signal_change,1
BTC-USD,SCORE,2025-03-26 18:00:00+00:00,2025-03-26 19:00:00+00:00,-1.0,86550.0915625,86217.7053125,0.49206350433149604,transition,1393.0322767677965,signal_change,1
BTC-USD,SCORE,2025-03-26 20:00:00+00:00,2025-03-26 21:00:00+00:00,-1.0,86573.3259375,87253.0490625,0.4709268521215037,transition,-2881.3774521045943,signal_change,1
BTC-USD,SCORE,2025-03-27 15:00:00+00:00,2025-03-27 16:00:00+00:00,1.0,87279.2678125,86959.224375,0.4871010792492294,transition,-1970.6747466619993,signal_change,1
BTC-USD,SCORE,2025-03-28 04:00:00+00:00,2025-03-28 12:00:00+00:00,-1.0,86783.8259375,85212.2053125,0.514667022278346,transition,8264.582208092632,signal_change,8
BTC-USD,SCORE,2025-03-28 13:00:00+00:00,2025-03-28 14:00:00+00:00,-1.0,85015.880625,84969.025625,0.4776183145112077,transition,-344.61138163470764,signal_change,1
BTC-USD,SCORE,2025-03-28 15:00:00+00:00,2025-03-28 18:00:00+00:00,-1.0,84153.8259375,83934.8225,0.48821316197014203,trend,1085.0613349893147,signal_change,3
BTC-USD,SCORE,2025-03-28 21:00:00+00:00,2025-03-28 22:00:00+00:00,-1.0,83756.318125,83989.8771875,0.5009453190923967,trend,-1174.380221658018,signal_change,1
BTC-USD,SCORE,2025-03-29 11:00:00+00:00,2025-03-29 13:00:00+00:00,-1.0,82870.0525,82434.2365625,0.47932320762706077,trend,2267.1317206757726,signal_change,2
BTC-USD,SCORE,2025-03-30 02:00:00+00:00,2025-03-30 03:00:00+00:00,-1.0,82917.0603125,83325.4084375,0.5307204783109769,transition,-2331.348894677669,signal_change,1
BTC-USD,SCORE,2025-03-31 01:00:00+00:00,2025-03-31 05:00:00+00:00,-1.0,81541.1384375,81826.119375,0.1650585795558818,transition,-626.2797161580755,signal_change,4
BTC-USD,SCORE,2025-03-31 06:00:00+00:00,2025-03-31 12:00:00+00:00,-1.0,82142.5134375,82797.0598046875,0.45472093706528954,transition,2976.804581871446,stop,7
BTC-USD,SCORE,2025-03-31 15:00:00+00:00,2025-03-31 16:00:00+00:00,1.0,83663.5725,83405.08375,0.12349377000689961,transition,-439.2846468338266,signal_change,1
BTC-USD,SCORE,2025-04-01 09:00:00+00:00,2025-04-01 10:00:00+00:00,1.0,84118.7365625,84341.45875,0.3916912531105883,transition,660.9733073527298,signal_change,1
BTC-USD,SCORE,2025-04-01 16:00:00+00:00,2025-04-01 19:00:00+00:00,1.0,85361.72875,85122.005625,0.14127827078286329,transition,-466.27952331284774,signal_change,3
BTC-USD,SCORE,2025-04-01 21:00:00+00:00,2025-04-01 22:00:00+00:00,1.0,85254.29125,85264.255625,0.45980886920482483,transition,-287.1191199576598,signal_change,1
BTC-USD,SCORE,2025-04-02 00:00:00+00:00,2025-04-02 01:00:00+00:00,1.0,85173.4553125,84970.9665625,0.4588487447967982,transition,-1331.4643572266423,signal_change,1
BTC-USD,SCORE,2025-04-02 02:00:00+00:00,2025-04-02 03:00:00+00:00,1.0,85122.213125,84759.3259375,0.45269816141155295,transition,-2090.075301481997,signal_change,1
BTC-USD,SCORE,2025-04-02 08:00:00+00:00,2025-04-02 09:00:00+00:00,1.0,84418.3615625,84659.8259375,0.45920036505012374,transition,860.4751662880387,signal_change,1
BTC-USD,SCORE,2025-04-02 13:00:00+00:00,2025-04-02 15:00:00+00:00,1.0,85013.9475,85877.2634375,0.40350178330589626,transition,3431.8963527754263,signal_change,2
BTC-USD,SCORE,2025-04-02 16:00:00+00:00,2025-04-02 19:00:00+00:00,1.0,86734.025625,86374.0134375,0.31005472736109463,transition,-1401.2838091735232,signal_change,3
BTC-USD,SCORE,2025-04-02 22:00:00+00:00,2025-04-03 03:00:00+00:00,-1.0,84599.64625,83741.8459375,0.09810209657093001,shock,821.6353986458599,signal_change,5
BTC-USD,SCORE,2025-04-03 13:00:00+00:00,2025-04-03 14:00:00+00:00,-1.0,81946.74,82252.7678125,0.2618311433676192,transition,-1244.3677585565497,signal_change,1
BTC-USD,SCORE,2025-04-04 08:00:00+00:00,2025-04-04 10:00:00+00:00,1.0,83975.85375,82926.0612890625,0.13047402807340505,transition,-1568.5598505336695,stop,3
BTC-USD,SCORE,2025-04-04 11:00:00+00:00,2025-04-04 12:00:00+00:00,-1.0,82699.9040625,82661.0959375,0.10765643219653437,transition,35.72237099187453,signal_change,1
BTC-USD,SCORE,2025-04-04 13:00:00+00:00,2025-04-04 14:00:00+00:00,1.0,82798.8146875,83347.036875,0.3151017756177915,transition,1669.798059354817,signal_change,1
BTC-USD,SCORE,2025-04-04 17:00:00+00:00,2025-04-04 19:00:00+00:00,1.0,83345.2678125,83934.4275,0.28238744769254315,transition,1626.5408241084826,signal_change,2
BTC-USD,SCORE,2025-04-06 08:00:00+00:00,2025-04-06 09:00:00+00:00,-1.0,82976.3259375,82991.885,0.7355672655132897,transition,-644.3928798439983,signal_change,1
BTC-USD,SCORE,2025-04-06 11:00:00+00:00,2025-04-06 12:00:00+00:00,-1.0,82820.4275,82802.97875,0.7445330457751427,transition,-336.62152856711805,signal_change,1
BTC-USD,SCORE,2025-04-06 17:00:00+00:00,2025-04-06 17:00:00+00:00,-1.0,81948.45875,81635.1105859375,0.22073741772491912,shock,-932.181941050733,stop,1
BTC-USD,SCORE,2025-04-06 18:00:00+00:00,2025-04-06 18:00:00+00:00,-1.0,80755.255625,80084.7492578125,0.35716939572609524,shock,-2966.2667796856977,stop,1
BTC-USD,SCORE,2025-04-06 19:00:00+00:00,2025-04-07 01:00:00+00:00,-1.0,79015.2165625,78774.6887109375,0.34164751165867335,shock,4465.8790527112305,stop,7
BTC-USD,SCORE,2025-04-07 02:00:00+00:00,2025-04-07 06:00:00+00:00,-1.0,79115.615,77024.7053125,0.30725520530542266,trend,8756.982895522915,stop,5
BTC-USD,SCORE,2025-04-07 07:00:00+00:00,2025-04-07 08:00:00+00:00,-1.0,74727.2165625,76458.32096354167,0.43378312054971846,trend,4993.027869782593,stop,2
BTC-USD,SCORE,2025-04-07 09:00:00+00:00,2025-04-07 13:00:00+00:00,-1.0,76176.224375,78081.79817708333,0.19992497982538798,transition,-972.3355424636945,stop,5
BTC-USD,SCORE,2025-04-07 15:00:00+00:00,2025-04-07 17:00:00+00:00,-1.0,79031.8259375,77409.66625,0.05330589195994148,transition,1059.692385759156,signal_change,2
BTC-USD,SCORE,2025-04-09 00:00:00+00:00,2025-04-09 04:00:00+00:00,-1.0,76261.0915625,76763.84984375,0.26660112682273135,transition,9736.47926519019,stop,5
BTC-USD,SCORE,2025-04-09 05:00:00+00:00,2025-04-09 06:00:00+00:00,-1.0,76362.193125,76676.275625,0.08678033966520557,transition,-283.5293688598116,signal_change,1
BTC-USD,SCORE,2025-04-09 07:00:00+00:00,2025-04-09 09:00:00+00:00,-1.0,76774.24,77259.385,0.24183843124292914,shock,-1931.040411519072,signal_change,2
BTC-USD,SCORE,2025-04-09 12:00:00+00:00,2025-04-09 13:00:00+00:00,-1.0,76178.4353125,76738.431875,0.07685942067024444,transition,-707.6982563445149,signal_change,1
BTC-USD,SCORE,2025-04-09 18:00:00+00:00,2025-04-09 19:00:00+00:00,1.0,82167.4709375,81785.6696875,0.0706425612488256,shock,-359.7030906877183,signal_change,1
BTC-USD,SCORE,2025-04-09 20:00:00+00:00,2025-04-09 23:00:00+00:00,1.0,82288.213125,83032.3728125,0.20244805567369914,transition,1561.0991504535766,signal_change,3
BTC-USD,SCORE,2025-04-11 03:00:00+00:00,2025-04-11 04:00:00+00:00,-1.0,80288.130625,80780.619375,0.29109310103051367,transition,-1765.9836913340516,signal_change,1
BTC-USD,SCORE,2025-04-11 18:00:00+00:00,2025-04-11 19:00:00+00:00,1.0,83859.9084375,83605.3884375,0.300350591009911,transition,-1075.4574029270264,signal_change,1
BTC-USD,SCORE,2025-04-11 20:00:00+00:00,2025-04-11 23:00:00+00:00,1.0,83802.056875,83389.224375,0.3065513875211666,transition,-1638.411528729269,signal_change,3
BTC-USD,SCORE,2025-04-12 15:00:00+00:00,2025-04-12 16:00:00+00:00,1.0,84830.76,84980.9196875,0.9167516655244857,transition,827.0321553361844,signal_change,1
BTC-USD,SCORE,2025-04-12 17:00:00+00:00,2025-04-12 18:00:00+00:00,1.0,84625.9240625,84729.3884375,0.5154460623063867,transition,202.7416080320349,signal_change,1
BTC-USD,SCORE,2025-04-12 22:00:00+00:00,2025-04-12 23:00:00+00:00,1.0,85381.0178125,85335.3884375,0.5104006453933957,transition,-634.994063199986,signal_change,1
BTC-USD,SCORE,2025-04-13 02:00:00+00:00,2025-04-13 05:00:00+00:00,1.0,85278.4084375,84563.3884375,0.1652748982894478,transition,-1412.0399148512565,signal_change,3
BTC-USD,SCORE,2025-04-13 06:00:00+00:00,2025-04-13 07:00:00+00:00,1.0,84489.29125,84587.8571875,0.1557723756959063,transition,53.08908339996886,signal_change,1
BTC-USD,SCORE,2025-04-13 11:00:00+00:00,2025-04-13 12:00:00+00:00,1.0,84671.5334375,84481.443125,0.42972447654386425,transition,-1216.8453843294478,signal_change,1
BTC-USD,SCORE,2025-04-13 20:00:00+00:00,2025-04-13 22:00:00+00:00,-1.0,83926.83375,83560.4240625,0.3906724294303227,transition,956.1245916922212,signal_change,2
BTC-USD,SCORE,2025-04-13 23:00:00+00:00,2025-04-14 00:00:00+00:00,-1.0,83232.849375,83706.9553125,0.3633254443823302,transition,-2094.148947186036,signal_change,1
BTC-USD,SCORE,2025-04-14 01:00:00+00:00,2025-04-14 02:00:00+00:00,-1.0,84320.3415625,84080.2521875,0.3512136597080378,transition,566.9182924694229,signal_change,1
BTC-USD,SCORE,2025-04-14 04:00:00+00:00,2025-04-14 05:00:00+00:00,-1.0,84533.3025,84849.0959375,0.11782673060302767,transition,-637.7145947592958,signal_change,1
BTC-USD,SCORE,2025-04-14 15:00:00+00:00,2025-04-14 15:00:00+00:00,1.0,85325.6115625,83810.27604166667,0.27754700671094806,shock,-4779.352628385631,stop,1
BTC-USD,SCORE,2025-04-15 08:00:00+00:00,2025-04-15 09:00:00+00:00,1.0,85695.6975,85799.6228125,0.40682270851745417,transition,154.74382693897348,signal_change,1
BTC-USD,SCORE,2025-04-15 10:00:00+00:00,2025-04-15 11:00:00+00:00,1.0,85955.713125,85630.7009375,0.4129847889758547,transition,-1746.200453395123,signal_change,1
BTC-USD,SCORE,2025-04-16 00:00:00+00:00,2025-04-16 02:00:00+00:00,-1.0,83617.474375,83603.4084375,0.49335439791352503,transition,-415.1320690416754,signal_change,2
BTC-USD,SCORE,2025-04-16 06:00:00+00:00,2025-04-16 07:00:00+00:00,-1.0,83363.036875,83638.5334375,0.49010972027166505,transition,-2036.268032519988,signal_change,1
BTC-USD,SCORE,2025-04-16 10:00:00+00:00,2025-04-16 11:00:00+00:00,-1.0,83627.943125,83940.3303125,0.4726861103860491,transition,-1996.4504683613877,signal_change,1
BTC-USD,SCORE,2025-04-16 12:00:00+00:00,2025-04-16 13:00:00+00:00,-1.0,84025.224375,83766.0646875,0.46320654380826487,transition,928.142988873469,signal_change,1
BTC-USD,SCORE,2025-04-16 18:00:00+00:00,2025-04-16 18:00:00+00:00,-1.0,83314.8415625,84381.91927083333,0.13781991206919275,shock,1519.1350822977877,stop,1
BTC-USD,SCORE,2025-04-18 00:00:00+00:00,2025-04-18 01:00:00+00:00,1.0,84921.135,84766.036875,0.5757907909678469,transition,-1390.2500650072077,signal_change,1
BTC-USD,SCORE,2025-04-19 06:00:00+00:00,2025-04-19 07:00:00+00:00,1.0,85076.713125,84918.005625,0.43062962718450265,transition,-1053.7759018934476,signal_change,1
BTC-USD,SCORE,2025-04-19 11:00:00+00:00,2025-04-19 13:00:00+00:00,1.0,85241.213125,85285.64625,0.4061117694615237,transition,-103.88285297701927,signal_change,2
BTC-USD,SCORE,2025-04-19 14:00:00+00:00,2025-04-19 15:00:00+00:00,1.0,85464.7990625,85374.2634375,1.1688268921224176,transition,-1991.8594058866083,signal_change,1
BTC-USD,SCORE,2025-04-19 16:00:00+00:00,2025-04-19 16:00:00+00:00,1.0,85165.775625,84752.07942708333,0.35885401040568315,transition,-1857.5030009962063,stop,1
BTC-USD,SCORE,2025-04-19 18:00:00+00:00,2025-04-19 19:00:00+00:00,1.0,85199.8459375,85127.6228125,0.3420684002421724,transition,-514.6570016755784,signal_change,1
BTC-USD,SCORE,2025-04-20 08:00:00+00:00,2025-04-20 09:00:00+00:00,-1.0,84786.9665625,84634.4396875,0.3738187561305418,transition,277.4535248177348,signal_change,1
BTC-USD,SCORE,2025-04-20 10:00:00+00:00,2025-04-20 11:00:00+00:00,-1.0,84536.2321875,84170.0021875,0.9935276568208681,transition,3305.7651966382227,signal_change,1
BTC-USD,SCORE,2025-04-20 12:00:00+00:00,2025-04-20 14:00:00+00:00,-1.0,84131.7165625,84348.0646875,0.9223822322697105,transition,-3217.92864916693,signal_change,2
BTC-USD,SCORE,2025-04-20 15:00:00+00:00,2025-04-20 16:00:00+00:00,-1.0,84627.8571875,84354.2678125,0.9047301016753176,transition,1907.7770974254386,signal_change,1
BTC-USD,SCORE,2025-04-20 22:00:00+00:00,2025-04-20 23:00:00+00:00,-1.0,85002.0603125,84826.0178125,0.8949140876474977,transition,1195.440071519319,signal_change,1
BTC-USD,SCORE,2025-04-21 01:00:00+00:00,2025-04-21 04:00:00+00:00,1.0,86553.3615625,87189.5134375,0.2211519362689192,shock,1328.4143040453946,signal_change,3
BTC-USD,SCORE,2025-04-21 05:00:00+00:00,2025-04-21 06:00:00+00:00,1.0,87346.6115625,87547.3884375,0.5693557896448379,transition,782.1525610183935,signal_change,1
BTC-USD,SCORE,2025-04-21 07:00:00+00:00,2025-04-21 08:00:00+00:00,1.0,87501.5021875,87436.1853125,0.5761606508540658,transition,-818.0278033903173,signal_change,1
BTC-USD,SCORE,2025-04-21 09:00:00+00:00,2025-04-21 10:00:00+00:00,1.0,87583.5725,87501.724375,0.5563252779132353,trend,-885.0717250833617,signal_change,1
BTC-USD,SCORE,2025-04-21 12:00:00+00:00,2025-04-21 13:00:00+00:00,1.0,86978.635,87041.4665625,0.5393531359950184,transition,-38.55901764913318,signal_change,1
BTC-USD,SCORE,2025-04-21 14:00:00+00:00,2025-04-21 14:00:00+00:00,1.0,87063.6740625,87021.566171875,0.4711453858517545,shock,-554.2937889283344,stop,1
BTC-USD,SCORE,2025-04-21 15:00:00+00:00,2025-04-21 16:00:00+00:00,1.0,88232.0725,88080.3571875,0.1634192339711155,trend,-377.0916552266424,signal_change,1
BTC-USD,SCORE,2025-04-21 18:00:00+00:00,2025-04-21 19:00:00+00:00,1.0,86755.744375,86806.6384375,0.3979500345540027,transition,-77.83979695477626,signal_change,1
BTC-USD,SCORE,2025-04-21 20:00:00+00:00,2025-04-21 21:00:00+00:00,1.0,87430.0021875,87279.24,0.3915965505574051,transition,-904.6925217729655,signal_change,1
BTC-USD,SCORE,2025-04-22 14:00:00+00:00,2025-04-22 15:00:00+00:00,1.0,90222.7678125,90823.380625,0.41682137746642967,transition,2232.0756798660345,signal_change,1
BTC-USD,SCORE,2025-04-22 16:00:00+00:00,2025-04-22 17:00:00+00:00,1.0,90941.275625,90736.3259375,0.4243251984388019,trend,-1187.509063929176,signal_change,1
BTC-USD,SCORE,2025-04-22 18:00:00+00:00,2025-04-22 20:00:00+00:00,1.0,91486.0021875,91529.0759375,0.42864289520892,trend,-128.74859858851056,signal_change,2
BTC-USD,SCORE,2025-04-22 21:00:00+00:00,2025-04-22 21:00:00+00:00,1.0,91164.3615625,91598.3025,0.37415186865912015,shock,1356.0990317508179,stop,1
BTC-USD,SCORE,2025-04-22 22:00:00+00:00,2025-04-23 01:00:00+00:00,1.0,93026.1115625,92905.849375,0.2564742859169036,trend,-484.1943421073744,signal_change,3
BTC-USD,SCORE,2025-04-23 03:00:00+00:00,2025-04-23 04:00:00+00:00,1.0,92895.7990625,93181.4821875,0.36233245046994633,trend,755.0841608924628,signal_change,1
BTC-USD,SCORE,2025-04-23 07:00:00+00:00,2025-04-23 08:00:00+00:00,1.0,93645.525625,94146.880625,0.3561057986481328,trend,1485.2621378075191,signal_change,1
BTC-USD,SCORE,2025-04-23 09:00:00+00:00,2025-04-23 10:00:00+00:00,1.0,94302.35375,93923.9665625,0.347217151783059,trend,-1534.8604707544703,signal_change,1
BTC-USD,SCORE,2025-04-23 11:00:00+00:00,2025-04-23 12:00:00+00:00,1.0,93740.8928125,93484.943125,0.33561228823071626,transition,-1086.0264006029279,signal_change,1
BTC-USD,SCORE,2025-04-23 17:00:00+00:00,2025-04-23 18:00:00+00:00,1.0,93663.6975,93914.2634375,0.3450373966068487,transition,592.3926374682101,signal_change,1
BTC-USD,SCORE,2025-04-24 08:00:00+00:00,2025-04-24 09:00:00+00:00,-1.0,92213.8728125,92046.385,0.4214613209223771,transition,622.4776261114501,signal_change,1
BTC-USD,SCORE,2025-04-25 01:00:00+00:00,2025-04-25 02:00:00+00:00,1.0,93930.10375,93709.8259375,0.516494424023962,range,-1489.4058189891653,signal_change,1
BTC-USD,SCORE,2025-04-25 04:00:00+00:00,2025-04-25 05:00:00+00:00,1.0,93327.1428125,93104.865,0.49675022749532854,transition,-1446.9519366513691,signal_change,1
BTC-USD,SCORE,2025-04-25 06:00:00+00:00,2025-04-25 07:00:00+00:00,1.0,93238.6740625,93580.1228125,0.49715892567346015,transition,1300.1615917420136,signal_change,1
BTC-USD,SCORE,2025-04-25 08:00:00+00:00,2025-04-25 09:00:00+00:00,1.0,93803.5178125,93704.7946875,0.5255431973919107,transition,-891.2191824297529,signal_change,1
BTC-USD,SCORE,2025-04-25 14:00:00+00:00,2025-04-25 16:00:00+00:00,1.0,94474.1896875,95141.4275,0.46909769647488525,shock,2695.7041953803882,signal_change,2
BTC-USD,SCORE,2025-04-25 19:00:00+00:00,2025-04-25 20:00:00+00:00,1.0,95018.9475,95355.849375,0.4284397890067383,transition,1078.2264812093217,signal_change,1
BTC-USD,SCORE,2025-04-25 23:00:00+00:00,2025-04-26 00:00:00+00:00,1.0,94911.994375,94708.255625,0.4210567551376553,transition,-1139.3233188563213,signal_change,1
BTC-USD,SCORE,2025-04-26 06:00:00+00:00,2025-04-26 07:00:00+00:00,1.0,94672.5178125,94675.505625,0.47969614491529894,transition,-338.19825656553576,signal_change,1
BTC-USD,SCORE,2025-04-27 02:00:00+00:00,2025-04-27 05:00:00+00:00,-1.0,94185.9821875,94050.2053125,0.2872913666538278,transition,-29.195643041686083,signal_change,3
BTC-USD,SCORE,2025-04-27 06:00:00+00:00,2025-04-27 07:00:00+00:00,-1.0,93965.5525,94064.8459375,0.28294512180789444,transition,-360.7861602809843,signal_change,1
BTC-USD,SCORE,2025-04-28 00:00:00+00:00,2025-04-28 01:00:00+00:00,-1.0,93767.9821875,93452.744375,0.7650051322062731,transition,1784.3105645194953,signal_change,1
BTC-USD,SCORE,2025-04-28 03:00:00+00:00,2025-04-28 04:00:00+00:00,-1.0,93631.3025,93874.1740625,0.26576595684189575,shock,-937.4959344196014,signal_change,1
BTC-USD,SCORE,2025-04-28 08:00:00+00:00,2025-04-28 09:00:00+00:00,1.0,94727.775625,94738.52125,0.7467916164492691,transition,-470.4374948912669,signal_change,1
BTC-USD,SCORE,2025-04-28 11:00:00+00:00,2025-04-28 13:00:00+00:00,1.0,95086.01,94478.976328125,0.660218066062251,shock,-4342.454443658135,stop,3
BTC-USD,SCORE,2025-04-28 16:00:00+00:00,2025-04-28 17:00:00+00:00,-1.0,93849.6228125,93775.1271875,0.17124855923942522,range,177.68189096450214,signal_change,1
BTC-USD,SCORE,2025-04-29 18:00:00+00:00,2025-04-29 20:00:00+00:00,1.0,95253.3615625,95339.4040625,0.6001192324320075,transition,56.603145124718935,signal_change,2
BTC-USD,SCORE,2025-04-29 23:00:00+00:00,2025-04-30 00:00:00+00:00,-1.0,94190.4196875,94272.22875,0.20083492585237675,transition,-361.2898581465688,signal_change,1
BTC-USD,SCORE,2025-04-30 14:00:00+00:00,2025-04-30 14:00:00+00:00,-1.0,93076.7321875,94034.505859375,0.1714419801172572,shock,1484.4509345180968,stop,1
BTC-USD,SCORE,2025-04-30 15:00:00+00:00,2025-04-30 16:00:00+00:00,-1.0,93775.4821875,94021.3615625,0.17136760889373404,shock,-586.2291386871306,signal_change,1
BTC-USD,SCORE,2025-05-01 10:00:00+00:00,2025-05-01 12:00:00+00:00,1.0,95646.5178125,96213.5446875,0.49285171330959665,transition,2307.144408992688,signal_change,2
BTC-USD,SCORE,2025-05-01 13:00:00+00:00,2025-05-01 14:00:00+00:00,1.0,96394.5959375,95895.911875,0.5466508369957077,shock,-2988.9058229505886,signal_change,1
BTC-USD,SCORE,2025-05-01 15:00:00+00:00,2025-05-01 17:00:00+00:00,1.0,96911.3928125,97066.0759375,0.19686947986444056,trend,143.0463040324085,signal_change,2
BTC-USD,SCORE,2025-05-01 18:00:00+00:00,2025-05-01 20:00:00+00:00,1.0,96817.8146875,96546.3415625,0.5520545642310055,transition,-1814.8902707532072,signal_change,2
BTC-USD,SCORE,2025-05-02 00:00:00+00:00,2025-05-02 01:00:00+00:00,1.0,96491.54125,97054.08375,0.5624576601217215,transition,2575.782527458228,signal_change,1
BTC-USD,SCORE,2025-05-02 03:00:00+00:00,2025-05-02 04:00:00+00:00,1.0,96982.2678125,97125.693125,0.5684897464621294,transition,352.19764470900293,signal_change,1
BTC-USD,SCORE,2025-05-02 07:00:00+00:00,2025-05-02 08:00:00+00:00,1.0,96724.0490625,96381.7790625,0.5523194610608723,transition,-2189.664819682155,signal_change,1
BTC-USD,SCORE,2025-05-03 11:00:00+00:00,2025-05-03 12:00:00+00:00,-1.0,95929.286875,95961.5490625,0.699433459058372,transition,-644.6191787417887,signal_change,1
BTC-USD,SCORE,2025-05-03 19:00:00+00:00,2025-05-03 20:00:00+00:00,-1.0,96168.193125,96376.806875,1.0303040012471276,transition,-2910.0038852217776,signal_change,1
BTC-USD,SCORE,2025-05-03 21:00:00+00:00,2025-05-03 22:00:00+00:00,-1.0,96366.0915625,96302.6428125,1.1177362597496827,transition,280.12025805280246,signal_change,1
BTC-USD,SCORE,2025-05-04 00:00:00+00:00,2025-05-04 01:00:00+00:00,-1.0,95853.4821875,95901.3771875,1.105519440166437,transition,-1229.2957142009413,signal_change,1
BTC-USD,SCORE,2025-05-04 03:00:00+00:00,2025-05-04 04:00:00+00:00,-1.0,95919.0290625,95765.6428125,0.3604516855914021,transition,-52.579381915201765,signal_change,1
BTC-USD,SCORE,2025-05-04 07:00:00+00:00,2025-05-04 08:00:00+00:00,-1.0,95931.724375,95914.2990625,0.99963609412033,transition,-29.51826865634729,signal_change,1
BTC-USD,SCORE,2025-05-04 16:00:00+00:00,2025-05-04 17:00:00+00:00,-1.0,95473.4196875,95351.6896875,0.9717068354369905,transition,638.4537228371814,signal_change,1
BTC-USD,SCORE,2025-05-04 20:00:00+00:00,2025-05-04 21:00:00+00:00,-1.0,95582.943125,95721.66625,0.9883229663334705,transition,-1724.4826143268174,signal_change,1
BTC-USD,SCORE,2025-05-04 22:00:00+00:00,2025-05-04 22:00:00+00:00,-1.0,95703.0525,95611.9523828125,0.8711669661030101,shock,-1382.647521093292,stop,1
BTC-USD,SCORE,2025-05-04 23:00:00+00:00,2025-05-05 05:00:00+00:00,-1.0,95012.9978125,94412.8615625,0.566734586032538,shock,2665.713401612302,signal_change,6
BTC-USD,SCORE,2025-05-05 11:00:00+00:00,2025-05-05 14:00:00+00:00,-1.0,94140.5525,94192.869375,0.6674916872944915,transition,97.5235324187843,signal_change,3
BTC-USD,SCORE,2025-05-05 15:00:00+00:00,2025-05-05 18:00:00+00:00,-1.0,93884.5446875,94509.29125,0.5844062013288098,shock,-3951.963034154563,signal_change,3
BTC-USD,SCORE,2025-05-05 22:00:00+00:00,2025-05-05 23:00:00+00:00,-1.0,94836.536875,95039.97875,0.5100734144204202,range,-1401.8720921069087,signal_change,1
BTC-USD,SCORE,2025-05-06 04:00:00+00:00,2025-05-06 05:00:00+00:00,1.0,94449.0021875,94586.880625,0.5887251064492174,transition,349.9547259734831,signal_change,1
BTC-USD,SCORE,2025-05-06 23:00:00+00:00,2025-05-07 02:00:00+00:00,1.0,96354.525625,97233.14625,0.1875490047680315,shock,1405.7666970674975,signal_change,3
BTC-USD,SCORE,2025-05-07 04:00:00+00:00,2025-05-07 05:00:00+00:00,1.0,96502.994375,96558.02125,0.496278680328412,transition,-103.23696088625664,signal_change,1
BTC-USD,SCORE,2025-05-07 12:00:00+00:00,2025-05-07 13:00:00+00:00,1.0,97020.8146875,96974.7478125,0.5126850285549049,transition,-590.6077913264398,signal_change,1
BTC-USD,SCORE,2025-05-07 16:00:00+00:00,2025-05-07 18:00:00+00:00,1.0,96941.385,96437.7009375,0.19115737302275324,shock,-1034.0565501582842,signal_change,2
BTC-USD,SCORE,2025-05-07 19:00:00+00:00,2025-05-07 21:00:00+00:00,1.0,96597.1428125,96801.755625,0.17459050283818336,transition,210.38854929651967,signal_change,2
BTC-USD,SCORE,2025-05-07 22:00:00+00:00,2025-05-08 00:00:00+00:00,1.0,97144.400625,97037.6775,0.5427735046089179,shock,-929.1534309372908,signal_change,2
BTC-USD,SCORE,2025-05-08 04:00:00+00:00,2025-05-08 05:00:00+00:00,1.0,99150.4475,99022.0915625,0.5256258531909861,transition,-991.9326261220058,signal_change,1
BTC-USD,SCORE,2025-05-08 08:00:00+00:00,2025-05-08 10:00:00+00:00,1.0,99261.2521875,99811.52125,0.5154134583869775,transition,2199.379819821319,signal_change,2
BTC-USD,SCORE,2025-05-08 11:00:00+00:00,2025-05-08 12:00:00+00:00,1.0,99819.181875,99442.77125,0.5017075098191077,transition,-2069.344296625884,signal_change,1
BTC-USD,SCORE,2025-05-08 16:00:00+00:00,2025-05-08 18:00:00+00:00,1.0,101013.0959375,101044.02125,0.4363383759796657,trend,-192.17524729642093,signal_change,2
BTC-USD,SCORE,2025-05-08 21:00:00+00:00,2025-05-09 01:00:00+00:00,1.0,102611.0334375,102807.9509375,0.4072651912606651,trend,413.6572321438592,signal_change,4
BTC-USD,SCORE,2025-05-09 08:00:00+00:00,2025-05-09 10:00:00+00:00,1.0,103704.4709375,102918.89625,0.38235756607445265,transition,-2883.8665881555903,signal_change,2
BTC-USD,SCORE,2025-05-09 11:00:00+00:00,2025-05-09 12:00:00+00:00,1.0,103280.806875,102937.615,0.3602985061031983,transition,-1333.9396647341575,signal_change,1
BTC-USD,SCORE,2025-05-10 17:00:00+00:00,2025-05-10 18:00:00+00:00,1.0,103423.056875,103175.64625,0.2946161412808032,range,-843.2611713141254,signal_change,1
BTC-USD,SCORE,2025-05-10 23:00:00+00:00,2025-05-10 23:00:00+00:00,1.0,103617.8771875,103890.941171875,0.2678750354550525,shock,440.2549534326374,stop,1
BTC-USD,SCORE,2025-05-11 00:00:00+00:00,2025-05-11 01:00:00+00:00,1.0,104692.9709375,103956.46614583333,0.49617369189644084,transition,-3485.5861100165826,stop,2
BTC-USD,SCORE,2025-05-11 04:00:00+00:00,2025-05-11 05:00:00+00:00,1.0,104049.0334375,104129.911875,0.6206420241614488,transition,-12.818573277634073,signal_change,1
BTC-USD,SCORE,2025-05-11 15:00:00+00:00,2025-05-11 16:00:00+00:00,1.0,104185.385,104153.536875,0.5517873232470599,transition,-544.6004333485553,signal_change,1
BTC-USD,SCORE,2025-05-11 19:00:00+00:00,2025-05-11 20:00:00+00:00,1.0,104562.1975,104447.193125,0.5212756043064757,transition,-883.3102352129076,signal_change,1
BTC-USD,SCORE,2025-05-12 08:00:00+00:00,2025-05-12 10:00:00+00:00,1.0,104486.931875,104433.49,0.17700388402433007,transition,-206.6086209458221,signal_change,2
BTC-USD,SCORE,2025-05-12 13:00:00+00:00,2025-05-12 14:00:00+00:00,-1.0,103909.2790625,104301.0178125,0.48005304712262814,transition,-1798.2664646848502,signal_change,1
BTC-USD,SCORE,2025-05-12 15:00:00+00:00,2025-05-12 17:00:00+00:00,-1.0,102791.8259375,102848.0178125,0.3011300550878105,transition,-323.75855726506865,signal_change,2
BTC-USD,SCORE,2025-05-12 19:00:00+00:00,2025-05-12 22:00:00+00:00,-1.0,101665.6696875,102514.6115625,0.7812589148278287,transition,-6779.146455079956,signal_change,3
BTC-USD,SCORE,2025-05-13 03:00:00+00:00,2025-05-13 05:00:00+00:00,-1.0,102063.130625,102704.6896875,0.37885106539758134,transition,-2540.68927849386,signal_change,2
BTC-USD,SCORE,2025-05-13 06:00:00+00:00,2025-05-13 07:00:00+00:00,-1.0,102464.099375,102543.5021875,0.36884650545893255,transition,-537.9993855787777,signal_change,1
BTC-USD,SCORE,2025-05-13 18:00:00+00:00,2025-05-13 19:00:00+00:00,1.0,104292.7834375,104380.2790625,0.4775801299906043,transition,16.159249228738048,signal_change,1
BTC-USD,SCORE,2025-05-13 20:00:00+00:00,2025-05-13 21:00:00+00:00,1.0,104846.1584375,104611.1540625,0.496230526536155,transition,-1326.4648753011988,signal_change,1
BTC-USD,SCORE,2025-05-13 22:00:00+00:00,2025-05-13 23:00:00+00:00,1.0,104370.0646875,104011.8571875,0.5041002231971254,transition,-1872.740979495368,signal_change,1
BTC-USD,SCORE,2025-05-14 00:00:00+00:00,2025-05-14 01:00:00+00:00,1.0,104159.994375,103927.8103125,0.5140729991323889,transition,-1363.4687098472295,signal_change,1
BTC-USD,SCORE,2025-05-14 04:00:00+00:00,2025-05-14 05:00:00+00:00,1.0,103535.588125,103715.3884375,0.2105541470399648,transition,172.37635392239383,signal_change,1
BTC-USD,SCORE,2025-05-14 08:00:00+00:00,2025-05-14 09:00:00+00:00,1.0,103706.41625,103240.2790625,0.6176522704169659,transition,-2860.6472974570515,signal_change,1
BTC-USD,SCORE,2025-05-15 04:00:00+00:00,2025-05-15 05:00:00+00:00,-1.0,102757.2321875,102897.2053125,0.6321206425331477,transition,-1262.8084005106875,signal_change,1
BTC-USD,SCORE,2025-05-15 06:00:00+00:00,2025-05-15 07:00:00+00:00,-1.0,102408.08375,102287.8928125,0.5971472248461037,transition,742.2149248741367,signal_change,1
BTC-USD,SCORE,2025-05-15 08:00:00+00:00,2025-05-15 09:00:00+00:00,-1.0,101956.3415625,102260.22875,0.39928368017524646,transition,-1756.630687169817,signal_change,1
BTC-USD,SCORE,2025-05-15 11:00:00+00:00,2025-05-15 12:00:00+00:00,-1.0,101825.0525,102754.294921875,0.5508542206584315,transition,-1193.7118492224474,stop,2
BTC-USD,SCORE,2025-05-15 14:00:00+00:00,2025-05-15 15:00:00+00:00,-1.0,102126.9821875,101967.619375,0.519741117896973,transition,542.4868003157595,signal_change,1
BTC-USD,SCORE,2025-05-16 02:00:00+00:00,2025-05-16 03:00:00+00:00,1.0,104057.7053125,104183.0134375,0.4124637265767972,transition,144.6737906858627,signal_change,1
BTC-USD,SCORE,2025-05-16 10:00:00+00:00,2025-05-16 11:00:00+00:00,1.0,103805.5178125,103851.24,0.44254716342552775,transition,-138.37712688497407,signal_change,1
BTC-USD,SCORE,2025-05-17 10:00:00+00:00,2025-05-17 11:00:00+00:00,-1.0,102920.661875,102902.2209375,0.6510218263613667,transition,-117.43092699667703,signal_change,1
BTC-USD,SCORE,2025-05-17 19:00:00+00:00,2025-05-17 20:00:00+00:00,-1.0,103022.036875,103181.244375,0.7776094651336185,transition,-1926.2364504167876,signal_change,1
BTC-USD,SCORE,2025-05-18 14:00:00+00:00,2025-05-18 14:00:00+00:00,1.0,104743.2365625,104621.0525,1.7537577984676391,transition,-2988.1535805706535,stop,1
BTC-USD,SCORE,2025-05-18 15:00:00+00:00,2025-05-18 18:00:00+00:00,1.0,105266.931875,104874.0759375,0.8298151113878115,shock,-3242.3325408934606,signal_change,3
BTC-USD,SCORE,2025-05-18 23:00:00+00:00,2025-05-19 00:00:00+00:00,1.0,105948.525625,105281.52515625,0.17802997479697563,shock,-1080.9516853412545,stop,2
BTC-USD,SCORE,2025-05-19 02:00:00+00:00,2025-05-19 03:00:00+00:00,1.0,105045.6975,104636.036875,0.4218720825485218,transition,-1703.8021810209964,signal_change,1
BTC-USD,SCORE,2025-05-19 05:00:00+00:00,2025-05-19 06:00:00+00:00,-1.0,103013.1228125,103045.97875,0.37373285480943913,transition,-216.1454877529273,signal_change,1
BTC-USD,SCORE,2025-05-19 07:00:00+00:00,2025-05-19 08:00:00+00:00,-1.0,102230.005625,103244.26,0.34556970731700937,transition,-3108.986685896794,signal_change,1
BTC-USD,SCORE,2025-05-20 11:00:00+00:00,2025-05-20 12:00:00+00:00,1.0,105053.47875,105214.1696875,0.4141499564124891,transition,258.00047560458563,signal_change,1
BTC-USD,SCORE,2025-05-20 18:00:00+00:00,2025-05-20 19:00:00+00:00,1.0,106231.619375,105307.1775,0.43367125892467634,transition,-3522.1387651215223,signal_change,1
BTC-USD,SCORE,2025-05-20 20:00:00+00:00,2025-05-20 22:00:00+00:00,1.0,107051.275625,106664.4353125,0.14033806425908313,transition,-527.5749742083481,signal_change,2
BTC-USD,SCORE,2025-05-21 02:00:00+00:00,2025-05-21 03:00:00+00:00,-1.0,106523.8259375,106891.994375,0.13716614818106784,transition,-513.9891357677395,signal_change,1
BTC-USD,SCORE,2025-05-21 06:00:00+00:00,2025-05-21 08:00:00+00:00,1.0,107589.41625,106536.3259375,0.3986827314649902,transition,-3583.5067469269275,signal_change,2
BTC-USD,SCORE,2025-05-21 15:00:00+00:00,2025-05-21 17:00:00+00:00,1.0,108975.9396875,107415.47265625,0.3493400871639669,transition,-4462.4013813303545,stop,3
BTC-USD,SCORE,2025-05-22 01:00:00+00:00,2025-05-22 02:00:00+00:00,1.0,109916.9475,109926.0446875,0.2913312168771559,transition,-175.98731773392944,signal_change,1
BTC-USD,SCORE,2025-05-22 04:00:00+00:00,2025-05-22 05:00:00+00:00,1.0,111746.1271875,111492.2165625,0.28088297980177385,transition,-726.456130294788,signal_change,1
BTC-USD,SCORE,2025-05-22 10:00:00+00:00,2025-05-22 11:00:00+00:00,1.0,110794.5334375,110793.2478125,0.2778871057358471,transition,-189.7490635148699,signal_change,1
BTC-USD,SCORE,2025-05-22 13:00:00+00:00,2025-05-22 14:00:00+00:00,1.0,111551.5959375,110915.64625,0.2787546113053209,transition,-1525.2647923810132,signal_change,1
BTC-USD,SCORE,2025-05-23 12:00:00+00:00,2025-05-23 13:00:00+00:00,-1.0,109040.0915625,109265.9933984375,0.15692782869649927,shock,1395.7187362923564,stop,2
BTC-USD,SCORE,2025-05-23 14:00:00+00:00,2025-05-23 16:00:00+00:00,-1.0,109763.9821875,108961.1271875,0.4285201016342205,transition,1430.9986436904578,signal_change,2
BTC-USD,SCORE,2025-05-23 17:00:00+00:00,2025-05-23 19:00:00+00:00,-1.0,109045.2634375,108814.588125,0.41570878933983046,transition,646.7980734070945,signal_change,2
BTC-USD,SCORE,2025-05-23 23:00:00+00:00,2025-05-24 01:00:00+00:00,-1.0,107811.6071875,107390.369375,0.38210054001510035,transition,1084.653754900311,signal_change,2
BTC-USD,SCORE,2025-05-24 10:00:00+00:00,2025-05-24 11:00:00+00:00,-1.0,108191.3415625,109102.0646875,0.3530699813548788,transition,-2766.5881529095527,signal_change,1
BTC-USD,SCORE,2025-05-24 22:00:00+00:00,2025-05-24 23:00:00+00:00,1.0,108823.0803125,108059.9978125,0.5729162847329593,transition,-3764.214659345736,signal_change,1
BTC-USD,SCORE,2025-05-25 10:00:00+00:00,2025-05-25 11:00:00+00:00,-1.0,107126.161875,106978.181875,0.21915046309354108,transition,194.93394897904875,signal_change,1
BTC-USD,SCORE,2025-05-25 16:00:00+00:00,2025-05-25 17:00:00+00:00,-1.0,106999.49,107185.97875,0.6103060906704632,transition,-1154.0074489377484,signal_change,1
BTC-USD,SCORE,2025-05-25 19:00:00+00:00,2025-05-25 20:00:00+00:00,-1.0,107445.8415625,107738.838125,0.6005638299107299,transition,-2154.6963899071466,signal_change,1
BTC-USD,SCORE,2025-05-25 23:00:00+00:00,2025-05-26 00:00:00+00:00,1.0,109188.7521875,109020.786875,0.18893717909373883,transition,-368.64295651493455,signal_change,1
BTC-USD,SCORE,2025-05-26 03:00:00+00:00,2025-05-26 04:00:00+00:00,1.0,109437.7053125,109666.1696875,0.5459196880191928,transition,585.816934603832,signal_change,1
BTC-USD,SCORE,2025-05-26 06:00:00+00:00,2025-05-26 07:00:00+00:00,1.0,109680.2053125,109983.8571875,0.5511745243679448,transition,904.9630183214306,signal_change,1
BTC-USD,SCORE,2025-05-26 08:00:00+00:00,2025-05-26 09:00:00+00:00,1.0,110120.1271875,109700.8728125,0.560783620507776,transition,-2158.146598555029,signal_change,1
BTC-USD,SCORE,2025-05-26 12:00:00+00:00,2025-05-26 13:00:00+00:00,1.0,109769.650625,109868.9353125,0.5895152060991957,transition,51.22116875043946,signal_change,1
BTC-USD,SCORE,2025-05-26 18:00:00+00:00,2025-05-26 19:00:00+00:00,1.0,109186.7834375,109113.99,0.5272594064464494,transition,-644.447719731169,signal_change,1
BTC-USD,SCORE,2025-05-26 20:00:00+00:00,2025-05-26 22:00:00+00:00,1.0,109145.72875,109373.630625,0.5259472228386399,transition,565.0076409925284,signal_change,2
BTC-USD,SCORE,2025-05-27 02:00:00+00:00,2025-05-27 03:00:00+00:00,-1.0,108381.20875,108320.9865625,0.19274488571814447,transition,-5.8791608820186525,signal_change,1
BTC-USD,SCORE,2025-05-27 07:00:00+00:00,2025-05-27 08:00:00+00:00,-1.0,108897.8025,109486.0803125,0.5115573203999738,transition,-2640.896651082871,signal_change,1
BTC-USD,SCORE,2025-05-28 00:00:00+00:00,2025-05-28 01:00:00+00:00,-1.0,108981.1775,109228.4084375,0.4640211403159432,range,-1218.3597827664423,signal_change,1
BTC-USD,SCORE,2025-05-28 16:00:00+00:00,2025-05-28 17:00:00+00:00,-1.0,107139.45875,107387.588125,0.6229877552253689,transition,-1601.1769594926611,signal_change,1
BTC-USD,SCORE,2025-05-28 21:00:00+00:00,2025-05-28 22:00:00+00:00,-1.0,107343.8259375,107521.494375,0.21543426501073806,transition,-171.18370076383837,signal_change,1
BTC-USD,SCORE,2025-05-29 00:00:00+00:00,2025-05-29 01:00:00+00:00,-1.0,107796.3259375,108267.04125,0.2093363637345662,transition,-491.29281598329436,signal_change,1
BTC-USD,SCORE,2025-05-29 05:00:00+00:00,2025-05-29 06:00:00+00:00,-1.0,107586.14625,107696.056875,0.5605638193972363,transition,-811.9108706991966,signal_change,1
BTC-USD,SCORE,2025-05-29 07:00:00+00:00,2025-05-29 08:00:00+00:00,-1.0,107920.2009375,107876.088125,0.5674562046445614,transition,-89.82058738614847,signal_change,1
BTC-USD,SCORE,2025-05-29 12:00:00+00:00,2025-05-29 13:00:00+00:00,-1.0,108778.1384375,108468.5725,0.5696808196398486,transition,830.0227490294827,signal_change,1
BTC-USD,SCORE,2025-05-29 17:00:00+00:00,2025-05-29 18:00:00+00:00,-1.0,106773.14625,106325.8146875,0.5036827738259227,transition,1506.0718359710077,signal_change,1
BTC-USD,SCORE,2025-05-29 19:00:00+00:00,2025-05-29 20:00:00+00:00,-1.0,105844.0603125,105730.47875,0.5082624071975234,transition,-23.89153849889516,signal_change,1
BTC-USD,SCORE,2025-05-29 21:00:00+00:00,2025-05-29 22:00:00+00:00,-1.0,106161.33375,106434.51,0.18149729870311102,transition,-536.9480164803346,signal_change,1
BTC-USD,SCORE,2025-05-29 23:00:00+00:00,2025-05-30 02:00:00+00:00,-1.0,105948.2634375,105676.4475,0.5046780959442279,transition,588.7285868445333,signal_change,3
BTC-USD,SCORE,2025-05-30 03:00:00+00:00,2025-05-30 04:00:00+00:00,-1.0,105994.0915625,106034.650625,0.16313588135083676,transition,-33.80942459242627,signal_change,1
BTC-USD,SCORE,2025-05-30 06:00:00+00:00,2025-05-30 09:00:00+00:00,-1.0,106105.5525,105200.8459375,0.47875020563974746,transition,2551.5963462976,signal_change,3
BTC-USD,SCORE,2025-05-30 16:00:00+00:00,2025-05-30 18:00:00+00:00,-1.0,105543.318125,104178.056875,0.4161593188594443,shock,4368.369091948086,signal_change,2
BTC-USD,SCORE,2025-06-01 03:00:00+00:00,2025-06-01 04:00:00+00:00,1.0,104240.400625,104442.599375,0.8680639464292285,transition,825.6897201880247,signal_change,1
BTC-USD,SCORE,2025-06-01 05:00:00+00:00,2025-06-01 06:00:00+00:00,1.0,104655.29125,104577.95875,0.3091087800361555,transition,-397.8714465333974,signal_change,1
BTC-USD,SCORE,2025-06-01 17:00:00+00:00,2025-06-01 18:00:00+00:00,1.0,105093.8303125,105113.443125,0.846545033571615,transition,-434.2418550047221,signal_change,1
BTC-USD,SCORE,2025-06-01 20:00:00+00:00,2025-06-01 21:00:00+00:00,1.0,105146.994375,104989.411875,0.7851631366164489,transition,-1507.5552808819982,signal_change,1
BTC-USD,SCORE,2025-06-01 22:00:00+00:00,2025-06-01 23:00:00+00:00,1.0,105512.1584375,105541.3259375,0.7572723484565365,transition,-330.83934581087556,signal_change,1
BTC-USD,SCORE,2025-06-02 08:00:00+00:00,2025-06-02 09:00:00+00:00,1.0,105420.3771875,105366.3259375,0.7021553891233859,transition,-768.4357707009781,signal_change,1
BTC-USD,SCORE,2025-06-02 15:00:00+00:00,2025-06-02 16:00:00+00:00,-1.0,104201.9509375,104466.244375,0.2094392915607778,transition,-450.24258829482403,signal_change,1
BTC-USD,SCORE,2025-06-03 01:00:00+00:00,2025-06-03 02:00:00+00:00,1.0,106326.5646875,106500.7009375,0.557668542965516,transition,388.521794983794,signal_change,1
BTC-USD,SCORE,2025-06-03 14:00:00+00:00,2025-06-03 14:00:00+00:00,1.0,105518.556875,105412.2058203125,0.6185131171329873,transition,-931.2945136672458,stop,1
BTC-USD,SCORE,2025-06-03 16:00:00+00:00,2025-06-03 17:00:00+00:00,1.0,106668.8225,105892.380625,0.6018872142106927,transition,-4043.808522354113,signal_change,1
BTC-USD,SCORE,2025-06-04 02:00:00+00:00,2025-06-04 03:00:00+00:00,-1.0,105648.255625,105542.744375,0.6493670435837969,transition,70.89109789669928,signal_change,1
BTC-USD,SCORE,2025-06-05 00:00:00+00:00,2025-06-05 01:00:00+00:00,-1.0,104749.8415625,104997.0334375,0.7690365600585938,transition,-2036.5869236830722,signal_change,1
BTC-USD,SCORE,2025-06-05 07:00:00+00:00,2025-06-05 08:00:00+00:00,-1.0,104492.5915625,104553.2834375,0.7007114209220093,transition,-796.7711535409754,signal_change,1
BTC-USD,SCORE,2025-06-05 14:00:00+00:00,2025-06-05 16:00:00+00:00,-1.0,104493.45875,104569.10375,0.21545342213190125,shock,-742.8963315956419,signal_change,2
BTC-USD,SCORE,2025-06-05 17:00:00+00:00,2025-06-06 01:00:00+00:00,-1.0,103336.1853125,101942.838125,0.1980108490966578,transition,2061.02247743565,signal_change,8
BTC-USD,SCORE,2025-06-06 02:00:00+00:00,2025-06-06 03:00:00+00:00,-1.0,101895.4665625,102228.8615625,0.40961381875030356,transition,-815.992928660395,signal_change,1
BTC-USD,SCORE,2025-06-06 08:00:00+00:00,2025-06-06 09:00:00+00:00,-1.0,103209.83375,103576.3615625,0.3989314940859484,transition,-1484.6544862156131,signal_change,1
BTC-USD,SCORE,2025-06-06 21:00:00+00:00,2025-06-06 22:00:00+00:00,1.0,104566.806875,104476.115,0.21188496312301583,shock,-291.18275776087415,signal_change,1
BTC-USD,SCORE,2025-06-06 23:00:00+00:00,2025-06-07 00:00:00+00:00,1.0,104577.2834375,104391.6540625,0.22095294351095265,transition,-468.7440674803115,signal_change,1
BTC-USD,SCORE,2025-06-07 02:00:00+00:00,2025-06-07 03:00:00+00:00,1.0,104557.16625,104641.036875,0.6662797013574211,transition,0.9002117617766316,signal_change,1
BTC-USD,SCORE,2025-06-07 04:00:00+00:00,2025-06-07 05:00:00+00:00,1.0,104957.681875,104901.9275,0.6851290904730398,transition,-750.8881867887587,signal_change,1
BTC-USD,SCORE,2025-06-07 10:00:00+00:00,2025-06-07 11:00:00+00:00,1.0,104917.244375,105206.7634375,0.6797352076419296,transition,1094.8993215172381,signal_change,1
BTC-USD,SCORE,2025-06-07 13:00:00+00:00,2025-06-07 14:00:00+00:00,1.0,105516.26,105725.880625,0.7064225935961491,transition,689.8231242289977,signal_change,1
BTC-USD,SCORE,2025-06-07 19:00:00+00:00,2025-06-07 20:00:00+00:00,1.0,105649.4475,105778.52125,0.8551558402593916,transition,296.7162769305427,signal_change,1
BTC-USD,SCORE,2025-06-08 02:00:00+00:00,2025-06-08 03:00:00+00:00,1.0,105754.181875,105536.95875,0.3244814651721377,transition,-763.7175353916666,signal_change,1
BTC-USD,SCORE,2025-06-08 11:00:00+00:00,2025-06-08 12:00:00+00:00,1.0,105403.85375,105715.411875,1.04296015467924,transition,1850.6599700829004,signal_change,1
BTC-USD,SCORE,2025-06-08 13:00:00+00:00,2025-06-08 14:00:00+00:00,1.0,105761.806875,105668.8884375,1.1272801529250243,range,-1562.2134139445977,signal_change,1
BTC-USD,SCORE,2025-06-08 16:00:00+00:00,2025-06-08 18:00:00+00:00,1.0,106038.8771875,106154.5446875,0.39737805412580934,transition,95.35955108201267,signal_change,2
BTC-USD,SCORE,2025-06-08 19:00:00+00:00,2025-06-08 20:00:00+00:00,1.0,106361.900625,106347.7165625,1.2006470184373057,transition,-923.6718139499187,signal_change,1
BTC-USD,SCORE,2025-06-08 22:00:00+00:00,2025-06-08 22:00:00+00:00,1.0,106411.3928125,105918.82486979167,1.0741943695816245,range,-4800.481299279075,stop,1
BTC-USD,SCORE,2025-06-09 05:00:00+00:00,2025-06-09 06:00:00+00:00,-1.0,105519.880625,105475.244375,1.0307964869737363,range,-619.9518358030768,signal_change,1
BTC-USD,SCORE,2025-06-09 10:00:00+00:00,2025-06-09 13:00:00+00:00,1.0,106677.338125,107799.3025,0.2877529489625102,shock,2282.046436096225,signal_change,3
BTC-USD,SCORE,2025-06-09 15:00:00+00:00,2025-06-09 16:00:00+00:00,1.0,107648.6740625,107749.1775,0.23893129255236212,transition,26.126342478587844,signal_change,1
BTC-USD,SCORE,2025-06-09 18:00:00+00:00,2025-06-09 19:00:00+00:00,1.0,108402.2053125,108520.9821875,0.6527996615653386,transition,158.00426449838926,signal_change,1
BTC-USD,SCORE,2025-06-09 20:00:00+00:00,2025-06-09 21:00:00+00:00,1.0,108641.0646875,108765.068125,0.6352144956744937,transition,177.58935601640508,signal_change,1
BTC-USD,SCORE,2025-06-09 22:00:00+00:00,2025-06-10 00:00:00+00:00,1.0,109998.431875,110301.3884375,0.20144868367269908,trend,322.7478550732077,signal_change,2
BTC-USD,SCORE,2025-06-10 08:00:00+00:00,2025-06-10 09:00:00+00:00,1.0,109265.1115625,109100.5603125,0.5271689229106334,transition,-997.8347370905158,signal_change,1
BTC-USD,SCORE,2025-06-10 16:00:00+00:00,2025-06-10 17:00:00+00:00,1.0,109055.0490625,108726.568125,0.5582370229199057,transition,-1744.255740143122,signal_change,1
BTC-USD,SCORE,2025-06-11 15:00:00+00:00,2025-06-11 16:00:00+00:00,1.0,109878.6896875,109744.3259375,0.642368561293082,transition,-1062.846550066465,signal_change,1
BTC-USD,SCORE,2025-06-11 23:00:00+00:00,2025-06-12 00:00:00+00:00,-1.0,108440.974375,108687.66625,0.7127492891359479,transition,-1771.5305394598481,signal_change,1
BTC-USD,SCORE,2025-06-12 02:00:00+00:00,2025-06-12 03:00:00+00:00,-1.0,108503.2009375,108392.9240625,0.6966958897280423,transition,-496.6482486490503,signal_change,1
BTC-USD,SCORE,2025-06-12 04:00:00+00:00,2025-06-12 07:00:00+00:00,-1.0,107879.8728125,107917.9396875,0.6379350149999191,transition,-697.8542724634588,signal_change,3
BTC-USD,SCORE,2025-06-12 12:00:00+00:00,2025-06-12 13:00:00+00:00,-1.0,106926.4040625,107000.3225,0.600615655438816,trend,-520.3039104578361,signal_change,1
BTC-USD,SCORE,2025-06-12 17:00:00+00:00,2025-06-12 19:00:00+00:00,-1.0,107707.7634375,107571.681875,0.1959832784161221,shock,96.68834211331604,signal_change,2
BTC-USD,SCORE,2025-06-12 21:00:00+00:00,2025-06-12 23:00:00+00:00,-1.0,106005.6228125,105932.306875,0.33489003207500617,transition,63.441545065267995,signal_change,2
BTC-USD,SCORE,2025-06-13 01:00:00+00:00,2025-06-13 04:00:00+00:00,-1.0,103869.74,104375.6271875,0.2713871927801512,transition,-1440.0000299359492,signal_change,3
BTC-USD,SCORE,2025-06-13 06:00:00+00:00,2025-06-13 07:00:00+00:00,-1.0,104084.0134375,104726.9240625,0.357977795283936,transition,-1707.935353489681,signal_change,1
BTC-USD,SCORE,2025-06-13 08:00:00+00:00,2025-06-13 10:00:00+00:00,-1.0,104939.3571875,104883.635,0.3518156898063846,transition,-123.58543235203229,signal_change,2
BTC-USD,SCORE,2025-06-13 16:00:00+00:00,2025-06-13 17:00:00+00:00,-1.0,105477.99,105825.4396875,0.352577860886467,transition,-1106.7118759162227,signal_change,1
BTC-USD,SCORE,2025-06-14 21:00:00+00:00,2025-06-14 22:00:00+00:00,-1.0,104943.14625,105388.9084375,0.3058254495075486,transition,-1513.9248885651014,signal_change,1
BTC-USD,SCORE,2025-06-14 23:00:00+00:00,2025-06-15 00:00:00+00:00,-1.0,105454.5290625,105473.744375,0.3219569118248307,transition,-211.6343638111327,signal_change,1
BTC-USD,SCORE,2025-06-15 06:00:00+00:00,2025-06-15 06:00:00+00:00,1.0,106114.60375,105504.06315104167,0.8641245714590386,shock,-4573.210971224481,stop,1
BTC-USD,SCORE,2025-06-15 15:00:00+00:00,2025-06-15 16:00:00+00:00,1.0,105683.29125,105591.0134375,0.7999866417523179,transition,-1074.7474047483138,signal_change,1
BTC-USD,SCORE,2025-06-15 17:00:00+00:00,2025-06-15 18:00:00+00:00,1.0,105593.5725,105711.599375,0.8277825676455534,transition,210.45173578364387,signal_change,1
BTC-USD,SCORE,2025-06-16 05:00:00+00:00,2025-06-16 06:00:00+00:00,1.0,106401.213125,106580.2634375,0.7107265720740008,transition,502.79852445777044,signal_change,1
BTC-USD,SCORE,2025-06-16 08:00:00+00:00,2025-06-16 10:00:00+00:00,1.0,107077.4475,106963.380625,0.2509797305656866,transition,-375.5275106787473,signal_change,2
BTC-USD,SCORE,2025-06-16 12:00:00+00:00,2025-06-16 13:00:00+00:00,1.0,106893.9396875,106707.08375,0.6973614980488129,transition,-1425.4253941973743,signal_change,1
BTC-USD,SCORE,2025-06-16 15:00:00+00:00,2025-06-16 16:00:00+00:00,1.0,107563.588125,107486.224375,0.6493313246468664,transition,-789.8239697227596,signal_change,1
BTC-USD,SCORE,2025-06-16 17:00:00+00:00,2025-06-16 18:00:00+00:00,1.0,107816.775625,107785.9040625,0.6357097385501375,transition,-552.4120637399828,signal_change,1
BTC-USD,SCORE,2025-06-16 19:00:00+00:00,2025-06-16 22:00:00+00:00,1.0,108309.338125,107587.0603125,0.608790236674718,trend,-3630.498813332582,stop,4
BTC-USD,SCORE,2025-06-17 01:00:00+00:00,2025-06-17 03:00:00+00:00,1.0,107281.5178125,107528.77125,0.18260532910615593,transition,218.68959878112733,signal_change,2
BTC-USD,SCORE,2025-06-17 04:00:00+00:00,2025-06-17 05:00:00+00:00,1.0,107627.650625,107358.2634375,0.49741442889760906,transition,-1307.9454526618397,signal_change,1
BTC-USD,SCORE,2025-06-17 12:00:00+00:00,2025-06-17 13:00:00+00:00,-1.0,105652.24,105531.9553125,0.4794400958253849,transition,87.42769935134561,signal_change,1
BTC-USD,SCORE,2025-06-17 14:00:00+00:00,2025-06-17 15:00:00+00:00,-1.0,105322.9665625,104885.9553125,0.48622768410481587,transition,700.6478155320053,signal_change,1
BTC-USD,SCORE,2025-06-17 16:00:00+00:00,2025-06-17 19:00:00+00:00,-1.0,104251.2478125,104431.525625,0.8996306910535782,trend,-1786.894425628232,signal_change,3
BTC-USD,SCORE,2025-06-17 21:00:00+00:00,2025-06-17 23:00:00+00:00,-1.0,104396.27125,104244.744375,0.4206368719120136,transition,31.08347516312506,signal_change,2
BTC-USD,SCORE,2025-06-18 19:00:00+00:00,2025-06-18 20:00:00+00:00,-1.0,103661.5603125,103880.5803125,0.49218363334005427,transition,-1548.5721422387696,signal_change,1
BTC-USD,SCORE,2025-06-19 06:00:00+00:00,2025-06-19 07:00:00+00:00,-1.0,104915.818125,104731.8146875,0.4739583098883656,transition,284.01169647138863,signal_change,1
BTC-USD,SCORE,2025-06-19 16:00:00+00:00,2025-06-19 17:00:00+00:00,-1.0,104121.286875,104025.9396875,0.5639607644532219,transition,597.4493761423784,signal_change,1
BTC-USD,SCORE,2025-06-20 08:00:00+00:00,2025-06-20 11:00:00+00:00,1.0,105816.244375,105990.24,0.47552164267209546,transition,318.3428887198129,signal_change,3
BTC-USD,SCORE,2025-06-20 12:00:00+00:00,2025-06-20 13:00:00+00:00,1.0,105997.6740625,105994.865,0.6766862078425179,transition,-443.9123785615877,signal_change,1
BTC-USD,SCORE,2025-06-20 14:00:00+00:00,2025-06-20 14:00:00+00:00,1.0,105647.1740625,104758.85546875,0.5857706666901195,shock,-4277.759970470623,stop,1
BTC-USD,SCORE,2025-06-20 15:00:00+00:00,2025-06-20 16:00:00+00:00,-1.0,103979.380625,104228.025625,0.19997199774800328,shock,-594.0825238612679,signal_change,1
BTC-USD,SCORE,2025-06-20 18:00:00+00:00,2025-06-20 20:00:00+00:00,-1.0,103296.161875,103363.85375,0.18810457845468173,transition,-564.6846274874406,signal_change,2
BTC-USD,SCORE,2025-06-20 23:00:00+00:00,2025-06-21 00:00:00+00:00,-1.0,103128.8103125,103309.8459375,0.5185669442736133,transition,-1085.0753674075197,signal_change,1
BTC-USD,SCORE,2025-06-21 20:00:00+00:00,2025-06-21 20:00:00+00:00,-1.0,102283.755625,102876.48502604167,0.3036710298687305,transition,1193.0828717698896,stop,1
BTC-USD,SCORE,2025-06-21 22:00:00+00:00,2025-06-21 23:00:00+00:00,-1.0,101485.5134375,102178.06705729167,0.5145911762853386,transition,-252.65871739501677,stop,2
BTC-USD,SCORE,2025-06-22 00:00:00+00:00,2025-06-22 00:00:00+00:00,-1.0,102160.7634375,103024.853515625,0.5954753180880137,shock,3590.838827087199,stop,1
BTC-USD,SCORE,2025-06-22 02:00:00+00:00,2025-06-22 05:00:00+00:00,-1.0,102421.443125,102623.9865625,0.5403312497467904,transition,-1618.2592072640264,signal_change,3
BTC-USD,SCORE,2025-06-22 08:00:00+00:00,2025-06-22 09:00:00+00:00,-1.0,102473.1228125,102733.1428125,0.5033808846874347,transition,-1278.101149768408,signal_change,1
BTC-USD,SCORE,2025-06-22 14:00:00+00:00,2025-06-22 20:00:00+00:00,-1.0,100893.693125,98939.1271875,0.1249455061983471,shock,1885.4960965200153,signal_change,6
BTC-USD,SCORE,2025-06-23 18:00:00+00:00,2025-06-23 22:00:00+00:00,1.0,102551.900625,103812.9821875,0.11976982772933392,transition,1083.9148105957356,signal_change,4
BTC-USD,SCORE,2025-06-23 23:00:00+00:00,2025-06-24 01:00:00+00:00,1.0,105678.8615625,105198.755625,0.6959528448780522,transition,-2941.761370196526,signal_change,2
BTC-USD,SCORE,2025-06-24 06:00:00+00:00,2025-06-24 07:00:00+00:00,1.0,105476.7834375,105785.630625,0.34833402148313647,transition,584.146882663644,signal_change,1
BTC-USD,SCORE,2025-06-24 09:00:00+00:00,2025-06-24 10:00:00+00:00,1.0,105081.681875,105281.89625,0.33093186629870747,transition,288.4298570356043,signal_change,1
BTC-USD,SCORE,2025-06-24 17:00:00+00:00,2025-06-24 18:00:00+00:00,1.0,106279.9396875,106108.880625,0.15236563901366254,shock,-289.712040773563,signal_change,1
BTC-USD,SCORE,2025-06-25 02:00:00+00:00,2025-06-25 03:00:00+00:00,1.0,106428.3146875,106523.693125,0.5866271058500355,transition,44.30686663908284,signal_change,1
BTC-USD,SCORE,2025-06-25 05:00:00+00:00,2025-06-25 06:00:00+00:00,1.0,106254.2678125,106272.9665625,0.5968023756938794,transition,-293.9242708639648,signal_change,1
BTC-USD,SCORE,2025-06-25 10:00:00+00:00,2025-06-25 15:00:00+00:00,1.0,106675.1975,106850.90015625,0.642649857754713,shock,440.10601812741425,stop,6
BTC-USD,SCORE,2025-06-25 16:00:00+00:00,2025-06-25 17:00:00+00:00,1.0,107072.5490625,107207.0290625,0.6093809284149446,transition,218.9318473665274,signal_change,1
BTC-USD,SCORE,2025-06-25 20:00:00+00:00,2025-06-25 21:00:00+00:00,1.0,107752.3225,107845.83375,0.6332388615678215,transition,33.64446979181804,signal_change,1
BTC-USD,SCORE,2025-06-26 04:00:00+00:00,2025-06-26 05:00:00+00:00,1.0,107929.119375,107873.865,0.6245867596638351,transition,-646.7729249099762,signal_change,1
BTC-USD,SCORE,2025-06-26 09:00:00+00:00,2025-06-26 10:00:00+00:00,1.0,107821.025625,107382.865,0.6198749351752336,transition,-2377.1168402561993,signal_change,1
BTC-USD,SCORE,2025-06-26 23:00:00+00:00,2025-06-27 00:00:00+00:00,-1.0,107028.2634375,106981.400625,0.699227916890829,transition,72.80793605281374,signal_change,1
BTC-USD,SCORE,2025-06-27 15:00:00+00:00,2025-06-27 15:00:00+00:00,-1.0,106583.7165625,107371.88216145833,0.6812995299052459,range,3532.376296134977,stop,1
BTC-USD,SCORE,2025-06-28 19:00:00+00:00,2025-06-28 20:00:00+00:00,1.0,107355.16625,107262.3259375,1.6370978927184032,transition,-2151.481371785754,signal_change,1
BTC-USD,SCORE,2025-06-28 23:00:00+00:00,2025-06-29 00:00:00+00:00,1.0,107382.2990625,107321.95875,1.8085227766392993,transition,-1939.169594981681,signal_change,1
BTC-USD,SCORE,2025-06-29 09:00:00+00:00,2025-06-29 14:00:00+00:00,1.0,107730.5490625,108081.8415625,1.8207047062442325,shock,3507.345844903696,signal_change,5
BTC-USD,SCORE,2025-06-29 19:00:00+00:00,2025-06-29 20:00:00+00:00,1.0,107663.3146875,107438.9509375,1.3103290495289086,transition,-2980.728330619492,signal_change,1
BTC-USD,SCORE,2025-06-29 23:00:00+00:00,2025-06-30 02:00:00+00:00,1.0,108167.338125,108544.24,0.37280767267092424,transition,787.0449122503023,signal_change,3
BTC-USD,SCORE,2025-06-30 10:00:00+00:00,2025-06-30 11:00:00+00:00,-1.0,107504.6775,107656.9475,0.892804535637149,transition,-1440.8644307863976,signal_change,1
BTC-USD,SCORE,2025-06-30 13:00:00+00:00,2025-06-30 16:00:00+00:00,-1.0,107661.5603125,107581.76,0.8884676340810765,transition,26.37883172106632,signal_change,3
BTC-USD,SCORE,2025-07-01 03:00:00+00:00,2025-07-01 04:00:00+00:00,-1.0,107126.33375,107230.4709375,0.7595815133986543,transition,-1166.2049648055988,signal_change,1
BTC-USD,SCORE,2025-07-01 09:00:00+00:00,2025-07-01 10:00:00+00:00,-1.0,106743.70875,106588.1428125,0.7383601148410294,transition,386.5175277515269,signal_change,1
BTC-USD,SCORE,2025-07-01 15:00:00+00:00,2025-07-01 16:00:00+00:00,-1.0,105952.9353125,106027.3303125,0.6929338492796832,transition,-985.6530824482188,signal_change,1
BTC-USD,SCORE,2025-07-01 17:00:00+00:00,2025-07-01 18:00:00+00:00,-1.0,106114.349375,106274.4553125,0.7014933884702347,transition,-1409.845967074298,signal_change,1
BTC-USD,SCORE,2025-07-01 20:00:00+00:00,2025-07-01 22:00:00+00:00,-1.0,105441.380625,105797.35375,0.23410778232048193,transition,-820.0712927174238,signal_change,2
BTC-USD,SCORE,2025-07-01 23:00:00+00:00,2025-07-02 00:00:00+00:00,-1.0,105657.8884375,105695.16625,0.6710925220039531,transition,-683.5147145079102,signal_change,1
BTC-USD,SCORE,2025-07-02 02:00:00+00:00,2025-07-02 03:00:00+00:00,-1.0,105739.20875,105927.525625,0.6435472541658559,transition,-1362.3348923833425,signal_change,1
BTC-USD,SCORE,2025-07-02 04:00:00+00:00,2025-07-02 05:00:00+00:00,-1.0,106206.0290625,106394.10375,0.639963951684918,transition,-1140.843356382006,signal_change,1
BTC-USD,SCORE,2025-07-02 09:00:00+00:00,2025-07-02 10:00:00+00:00,1.0,107768.97875,107666.5759375,0.6357897504982654,transition,-866.187504470761,signal_change,1
BTC-USD,SCORE,2025-07-02 11:00:00+00:00,2025-07-02 12:00:00+00:00,1.0,107839.79125,107505.0759375,0.6305173938476624,transition,-1913.6150080115976,signal_change,1
BTC-USD,SCORE,2025-07-02 13:00:00+00:00,2025-07-02 14:00:00+00:00,1.0,107405.369375,107820.52125,0.21882669979909058,transition,520.0961273012012,signal_change,1
BTC-USD,SCORE,2025-07-02 15:00:00+00:00,2025-07-02 21:00:00+00:00,1.0,108189.338125,109224.9821875,0.6882293868312283,transition,4686.629963095692,signal_change,6
BTC-USD,SCORE,2025-07-02 22:00:00+00:00,2025-07-03 00:00:00+00:00,1.0,109543.619375,108851.224375,0.6353903262910479,transition,-3533.915524165492,signal_change,2
BTC-USD,SCORE,2025-07-03 10:00:00+00:00,2025-07-03 11:00:00+00:00,1.0,109999.3928125,109881.7634375,0.6186639226715388,transition,-898.9335595224424,signal_change,1
BTC-USD,SCORE,2025-07-03 14:00:00+00:00,2025-07-03 15:00:00+00:00,1.0,110304.5021875,109779.130625,0.190633241521276,shock,-823.395923673383,signal_change,1
BTC-USD,SCORE,2025-07-04 16:00:00+00:00,2025-07-04 18:00:00+00:00,-1.0,107634.974375,107928.5021875,0.317738927918095,shock,-825.1887097915435,signal_change,2
BTC-USD,SCORE,2025-07-04 19:00:00+00:00,2025-07-04 20:00:00+00:00,-1.0,107517.5290625,107494.0959375,0.8932960161186129,trend,-376.1854634317443,signal_change,1
BTC-USD,SCORE,2025-07-05 04:00:00+00:00,2025-07-05 05:00:00+00:00,-1.0,108200.8884375,108171.2053125,0.8745401477985469,transition,-560.9656594471278,signal_change,1
BTC-USD,SCORE,2025-07-05 11:00:00+00:00,2025-07-05 12:00:00+00:00,-1.0,108164.83375,108179.2209375,0.956089574223245,transition,-735.6571516454868,signal_change,1
BTC-USD,SCORE,2025-07-05 21:00:00+00:00,2025-07-05 22:00:00+00:00,1.0,108140.5021875,108111.568125,1.4248235118490975,transition,-1175.873064067671,signal_change,1
BTC-USD,SCORE,2025-07-06 00:00:00+00:00,2025-07-06 01:00:00+00:00,1.0,108247.4240625,108243.95875,1.6248611594350206,range,-1043.612173470589,signal_change,1
BTC-USD,SCORE,2025-07-06 02:00:00+00:00,2025-07-06 03:00:00+00:00,1.0,108244.6896875,108155.005625,1.7769036679586232,transition,-2229.4938625504983,signal_change,1
BTC-USD,SCORE,2025-07-06 14:00:00+00:00,2025-07-06 16:00:00+00:00,1.0,108834.54125,108958.70875,0.5254781327398687,transition,137.46615684708024,signal_change,2
BTC-USD,SCORE,2025-07-06 17:00:00+00:00,2025-07-06 18:00:00+00:00,1.0,108845.713125,108929.4196875,1.4588128473354458,transition,-35.69718846799822,signal_change,1
BTC-USD,SCORE,2025-07-06 21:00:00+00:00,2025-07-06 21:00:00+00:00,1.0,108740.9240625,108949.8132421875,1.0902798405815004,transition,939.0541229715909,stop,1
BTC-USD,SCORE,2025-07-06 22:00:00+00:00,2025-07-06 23:00:00+00:00,1.0,109257.963125,109246.5446875,1.053720139090337,transition,-733.728713562793,signal_change,1
BTC-USD,SCORE,2025-07-07 00:00:00+00:00,2025-07-07 01:00:00+00:00,1.0,109209.1584375,108854.9353125,0.9732060032684152,transition,-3024.8401470621247,signal_change,1
BTC-USD,SCORE,2025-07-07 03:00:00+00:00,2025-07-07 04:00:00+00:00,1.0,109393.1740625,109397.380625,0.8713219174601464,transition,-508.3876750184688,signal_change,1
BTC-USD,SCORE,2025-07-07 15:00:00+00:00,2025-07-07 16:00:00+00:00,-1.0,108243.74,108314.4240625,0.7674226155438733,transition,-761.2009611986148,signal_change,1
BTC-USD,SCORE,2025-07-07 17:00:00+00:00,2025-07-07 19:00:00+00:00,-1.0,107949.3571875,108006.7990625,0.7188384468222019,transition,-751.9336426696236,signal_change,2
BTC-USD,SCORE,2025-07-07 21:00:00+00:00,2025-07-07 22:00:00+00:00,-1.0,107909.0525,108174.056875,0.7731673897045483,transition,-2309.5806739749305,signal_change,1
BTC-USD,SCORE,2025-07-07 23:00:00+00:00,2025-07-08 00:00:00+00:00,-1.0,108030.1540625,108280.3928125,0.7823029170922758,transition,-2052.5665046702393,signal_change,1
BTC-USD,SCORE,2025-07-08 04:00:00+00:00,2025-07-08 05:00:00+00:00,-1.0,107912.911875,108010.2209375,0.27886502896003224,transition,-349.0124404489952,signal_change,1
BTC-USD,SCORE,2025-07-08 19:00:00+00:00,2025-07-08 20:00:00+00:00,1.0,109159.85375,108777.630625,0.7909234677116243,transition,-2582.201301978265,signal_change,1
BTC-USD,SCORE,2025-07-08 22:00:00+00:00,2025-07-08 23:00:00+00:00,1.0,108912.2053125,108945.115,0.8076574415275108,transition,-304.41917481743053,signal_change,1
BTC-USD,SCORE,2025-07-09 13:00:00+00:00,2025-07-09 14:00:00+00:00,1.0,109349.494375,109204.818125,0.30810759011330685,range,-494.7703375014214,signal_change,1
BTC-USD,SCORE,2025-07-09 16:00:00+00:00,2025-07-09 17:00:00+00:00,1.0,109118.1975,109434.693125,0.3044847723223852,transition,483.2867907333211,signal_change,1
BTC-USD,SCORE,2025-07-09 19:00:00+00:00,2025-07-09 19:00:00+00:00,1.0,109563.6740625,110725.253671875,0.7091252781673911,shock,5256.405900383355,stop,1
BTC-USD,SCORE,2025-07-09 20:00:00+00:00,2025-07-09 20:00:00+00:00,1.0,111713.4475,110851.95572916667,0.22494693690316767,shock,-1458.3607251516862,stop,1
BTC-USD,SCORE,2025-07-09 22:00:00+00:00,2025-07-09 23:00:00+00:00,1.0,110919.900625,111431.224375,0.21272113070972617,transition,615.9842159161319,signal_change,1
BTC-USD,SCORE,2025-07-10 05:00:00+00:00,2025-07-10 06:00:00+00:00,1.0,111198.0021875,111162.224375,0.5918328416571624,transition,-505.0916191679579,signal_change,1
BTC-USD,SCORE,2025-07-10 17:00:00+00:00,2025-07-10 19:00:00+00:00,1.0,112685.35375,113531.9275,1.1051480109078635,transition,5633.126180399065,signal_change,2
BTC-USD,SCORE,2025-07-10 21:00:00+00:00,2025-07-10 21:00:00+00:00,1.0,113593.775625,115031.8483984375,0.19551153467334612,shock,1776.0080928035195,stop,1
BTC-USD,SCORE,2025-07-10 22:00:00+00:00,2025-07-11 00:00:00+00:00,1.0,116448.01,115984.161875,0.38602310261041306,trend,-1417.7226876052503,signal_change,2
BTC-USD,SCORE,2025-07-11 03:00:00+00:00,2025-07-11 05:00:00+00:00,1.0,116681.1115625,116897.8259375,0.495236742330171,trend,400.85320092434836,signal_change,2
BTC-USD,SCORE,2025-07-11 06:00:00+00:00,2025-07-11 07:00:00+00:00,1.0,117887.5021875,117660.5525,0.8792096145886178,trend,-1836.3461767778344,signal_change,1
BTC-USD,SCORE,2025-07-11 08:00:00+00:00,2025-07-11 09:00:00+00:00,1.0,117586.0021875,118008.4040625,0.42340506776268205,trend,903.8243896911054,signal_change,1
BTC-USD,SCORE,2025-07-11 10:00:00+00:00,2025-07-11 11:00:00+00:00,1.0,118500.91625,117990.2478125,0.4004290368521684,trend,-1566.5163751469497,signal_change,1
BTC-USD,SCORE,2025-07-12 09:00:00+00:00,2025-07-12 10:00:00+00:00,1.0,117951.635,118172.95875,0.6834326573517143,transition,561.6781070335696,signal_change,1
BTC-USD,SCORE,2025-07-13 12:00:00+00:00,2025-07-13 17:00:00+00:00,1.0,118069.6428125,118581.724375,1.0985380141671002,transition,2968.585471882417,signal_change,5
BTC-USD,SCORE,2025-07-13 18:00:00+00:00,2025-07-13 19:00:00+00:00,1.0,118723.5803125,119019.8728125,0.9270107891998466,transition,1205.5788353582823,signal_change,1
BTC-USD,SCORE,2025-07-13 20:00:00+00:00,2025-07-13 22:00:00+00:00,1.0,119025.6584375,118643.9978125,0.8943157092390907,shock,-2753.654423189132,signal_change,2
BTC-USD,SCORE,2025-07-14 00:00:00+00:00,2025-07-14 01:00:00+00:00,1.0,119118.806875,119117.411875,0.7882320909449654,transition,-490.2872995899888,signal_change,1
BTC-USD,SCORE,2025-07-14 02:00:00+00:00,2025-07-14 03:00:00+00:00,1.0,119132.51,119807.8562109375,0.7446868357613148,trend,2774.0856377247446,stop,2
BTC-USD,SCORE,2025-07-14 04:00:00+00:00,2025-07-14 07:00:00+00:00,1.0,120771.775625,122085.83375,0.22119058780137724,shock,1712.9635712792347,signal_change,3
BTC-USD,SCORE,2025-07-14 08:00:00+00:00,2025-07-14 09:00:00+00:00,1.0,122720.3459375,122575.7790625,0.5320451834979057,trend,-810.413269119129,signal_change,1
BTC-USD,SCORE,2025-07-14 13:00:00+00:00,2025-07-14 15:00:00+00:00,1.0,121900.04125,120650.53776041667,0.4866693899924032,shock,-4143.2850752425,stop,3
BTC-USD,SCORE,2025-07-15 16:00:00+00:00,2025-07-15 17:00:00+00:00,-1.0,116376.7321875,117245.0725,0.36927132321340395,transition,-1811.9251345985635,signal_change,1
BTC-USD,SCORE,2025-07-15 20:00:00+00:00,2025-07-15 21:00:00+00:00,-1.0,116501.505625,116552.8303125,0.3640484724161337,transition,-361.4836238790477,signal_change,1
BTC-USD,SCORE,2025-07-16 00:00:00+00:00,2025-07-16 01:00:00+00:00,-1.0,117780.349375,118123.1115625,0.34866865460986035,transition,-951.8856765626048,signal_change,1
BTC-USD,SCORE,2025-07-16 15:00:00+00:00,2025-07-16 17:00:00+00:00,1.0,119048.306875,119343.45875,0.16996112502395738,shock,217.33229489858806,signal_change,2
BTC-USD,SCORE,2025-07-16 19:00:00+00:00,2025-07-16 20:00:00+00:00,1.0,119599.04125,119317.865,0.5073728831399054,transition,-1218.196088243606,signal_change,1
BTC-USD,SCORE,2025-07-16 22:00:00+00:00,2025-07-16 23:00:00+00:00,1.0,119494.9553125,118712.8259375,0.17388853241982308,transition,-972.0726269108634,signal_change,1
BTC-USD,SCORE,2025-07-17 00:00:00+00:00,2025-07-17 01:00:00+00:00,1.0,118722.8146875,118959.1071875,0.5071102635852343,transition,458.5642965522663,signal_change,1
BTC-USD,SCORE,2025-07-17 03:00:00+00:00,2025-07-17 04:00:00+00:00,1.0,118326.7834375,118141.6696875,0.47700571081300885,transition,-857.7341473224719,signal_change,1
BTC-USD,SCORE,2025-07-18 02:00:00+00:00,2025-07-18 03:00:00+00:00,1.0,120437.9240625,120191.8259375,0.439267520379174,transition,-948.786947886317,signal_change,1
BTC-USD,SCORE,2025-07-18 06:00:00+00:00,2025-07-18 07:00:00+00:00,1.0,120655.838125,120353.786875,0.15117431612745874,transition,-378.9746025115465,signal_change,1
BTC-USD,SCORE,2025-07-18 13:00:00+00:00,2025-07-18 14:00:00+00:00,1.0,119448.7678125,118815.4821875,0.4145290197735108,transition,-1917.985015198033,signal_change,1
BTC-USD,SCORE,2025-07-18 22:00:00+00:00,2025-07-18 23:00:00+00:00,-1.0,117677.224375,117765.5959375,0.16049411465285904,shock,-196.96097297538296,signal_change,1
BTC-USD,SCORE,2025-07-20 10:00:00+00:00,2025-07-20 11:00:00+00:00,-1.0,118019.5446875,117946.3928125,1.056376312471791,transition,-71.03555124769224,signal_change,1
BTC-USD,SCORE,2025-07-20 12:00:00+00:00,2025-07-20 13:00:00+00:00,-1.0,117903.115,118114.2678125,1.0544338837402873,shock,-1922.777320920176,signal_change,1
BTC-USD,SCORE,2025-07-20 15:00:00+00:00,2025-07-20 17:00:00+00:00,1.0,118467.713125,118524.8415625,1.1066595303892548,transition,-266.13054429329736,signal_change,2
BTC-USD,SCORE,2025-07-20 19:00:00+00:00,2025-07-20 20:00:00+00:00,1.0,118394.5959375,118246.39625,1.0368385625138425,transition,-1603.425429185805,signal_change,1
BTC-USD,SCORE,2025-07-20 23:00:00+00:00,2025-07-21 02:00:00+00:00,-1.0,117510.318125,117346.2053125,0.30472304414003043,transition,146.54121806703512,signal_change,3
BTC-USD,SCORE,2025-07-21 07:00:00+00:00,2025-07-21 08:00:00+00:00,1.0,119183.869375,119362.08375,0.6660388006490755,transition,348.0962972039762,signal_change,1
BTC-USD,SCORE,2025-07-21 16:00:00+00:00,2025-07-21 17:00:00+00:00,-1.0,118372.1228125,117843.6975,0.4893332403335664,transition,1376.9894983850625,signal_change,1
BTC-USD,SCORE,2025-07-21 20:00:00+00:00,2025-07-21 22:00:00+00:00,-1.0,116762.4275,117278.3146875,0.4440216465445174,transition,-1744.7173620260917,signal_change,2
BTC-USD,SCORE,2025-07-22 05:00:00+00:00,2025-07-22 07:00:00+00:00,-1.0,116639.49,117848.9475,0.42814724853357283,transition,-3468.671455485819,signal_change,2
BTC-USD,SCORE,2025-07-22 08:00:00+00:00,2025-07-22 09:00:00+00:00,-1.0,117970.9275,118316.681875,0.4305922177527894,transition,-1157.7514054986975,signal_change,1
BTC-USD,SCORE,2025-07-22 13:00:00+00:00,2025-07-22 14:00:00+00:00,1.0,119320.931875,118156.3025,0.43605796455908125,transition,-3445.3272565834245,signal_change,1
BTC-USD,SCORE,2025-07-22 21:00:00+00:00,2025-07-22 22:00:00+00:00,1.0,119787.3146875,119446.8025,0.4367221739573114,transition,-1184.4432222658077,signal_change,1
BTC-USD,SCORE,2025-07-23 05:00:00+00:00,2025-07-23 06:00:00+00:00,1.0,119010.619375,118681.6384375,0.4942090545743804,transition,-1309.049560573334,signal_change,1
BTC-USD,SCORE,2025-07-24 05:00:00+00:00,2025-07-24 08:00:00+00:00,-1.0,118026.95875,118478.9240625,0.19372741982620717,transition,-745.8362916251448,signal_change,3
BTC-USD,SCORE,2025-07-25 02:00:00+00:00,2025-07-25 07:00:00+00:00,-1.0,117477.9196875,115368.54125,0.5107738991727566,transition,6418.601479645094,signal_change,5
BTC-USD,SCORE,2025-07-25 08:00:00+00:00,2025-07-25 10:00:00+00:00,-1.0,115335.08375,116059.6271875,0.45829954898988645,transition,-1757.7578201944934,signal_change,2
BTC-USD,SCORE,2025-07-25 13:00:00+00:00,2025-07-25 14:00:00+00:00,-1.0,116097.7634375,116194.7365625,0.4321863335620182,transition,-271.7609589697221,signal_change,1
BTC-USD,SCORE,2025-07-25 15:00:00+00:00,2025-07-25 16:00:00+00:00,-1.0,114972.318125,115777.9865625,0.42349013239356126,transition,-2514.4242309928336,signal_change,1
BTC-USD,SCORE,2025-07-25 18:00:00+00:00,2025-07-25 19:00:00+00:00,-1.0,116139.224375,116473.1271875,0.4376198430494918,transition,-1694.67380625004,signal_change,1
BTC-USD,SCORE,2025-07-26 16:00:00+00:00,2025-07-26 17:00:00+00:00,1.0,118177.0490625,118104.224375,0.9456192603882477,trend,-992.7150829125547,signal_change,1
BTC-USD,SCORE,2025-07-26 23:00:00+00:00,2025-07-27 00:00:00+00:00,1.0,118085.806875,117991.4353125,0.4346076630453408,transition,-514.4930443396979,signal_change,1
BTC-USD,SCORE,2025-07-27 03:00:00+00:00,2025-07-27 04:00:00+00:00,1.0,118339.51,118221.6228125,0.4674201688458766,transition,-621.1907661953921,signal_change,1
BTC-USD,SCORE,2025-07-27 14:00:00+00:00,2025-07-27 16:00:00+00:00,1.0,118241.2834375,118614.6775,0.5096884314321846,transition,887.6094038322733,signal_change,2
BTC-USD,SCORE,2025-07-27 17:00:00+00:00,2025-07-27 20:00:00+00:00,1.0,119068.3459375,119005.568125,0.41537158955840053,transition,-407.8338109346687,signal_change,3
BTC-USD,SCORE,2025-07-27 23:00:00+00:00,2025-07-28 00:00:00+00:00,1.0,119550.135,119443.943125,1.0018321255880387,transition,-1250.8503592731463,signal_change,1
BTC-USD,SCORE,2025-07-28 03:00:00+00:00,2025-07-28 04:00:00+00:00,1.0,119429.5490625,119296.7634375,0.8718290179943499,transition,-1230.6132769635706,signal_change,1
BTC-USD,SCORE,2025-07-28 06:00:00+00:00,2025-07-28 07:00:00+00:00,1.0,119547.7053125,119482.89625,0.8243705405993004,transition,-815.6178607146599,signal_change,1
BTC-USD,SCORE,2025-07-28 09:00:00+00:00,2025-07-28 10:00:00+00:00,1.0,119083.66625,118955.0290625,0.7539712770979339,transition,-1043.828162041069,signal_change,1
BTC-USD,SCORE,2025-07-28 12:00:00+00:00,2025-07-28 13:00:00+00:00,1.0,118818.79125,118856.99,0.7441343883700303,transition,-262.02122660696455,signal_change,1
BTC-USD,SCORE,2025-07-28 15:00:00+00:00,2025-07-28 17:00:00+00:00,-1.0,117984.0915625,118000.8928125,0.6542028968795628,transition,-715.3337363327774,signal_change,2
BTC-USD,SCORE,2025-07-28 18:00:00+00:00,2025-07-28 19:00:00+00:00,-1.0,117665.83375,117763.60375,0.6965230064927717,transition,-1105.3539328019035,signal_change,1
BTC-USD,SCORE,2025-07-28 20:00:00+00:00,2025-07-28 21:00:00+00:00,-1.0,118002.33375,118047.1584375,0.6622857961258906,transition,-305.0052406570455,signal_change,1
BTC-USD,SCORE,2025-07-29 05:00:00+00:00,2025-07-29 06:00:00+00:00,-1.0,118526.411875,118788.9396875,0.6501554271253677,transition,-1718.054507705002,signal_change,1
BTC-USD,SCORE,2025-07-29 16:00:00+00:00,2025-07-29 17:00:00+00:00,-1.0,117395.630625,117712.29125,0.6158089063992684,transition,-1290.304464138764,signal_change,1
BTC-USD,SCORE,2025-07-30 12:00:00+00:00,2025-07-30 13:00:00+00:00,-1.0,117584.115,117785.9240625,0.6635476643930399,transition,-1456.715208586998,signal_change,1
BTC-USD,SCORE,2025-07-30 19:00:00+00:00,2025-07-30 21:00:00+00:00,-1.0,116405.615,117118.8928125,0.20176733149309137,shock,-920.3832611750355,signal_change,2
BTC-USD,SCORE,2025-07-31 17:00:00+00:00,2025-07-31 18:00:00+00:00,1.0,118510.5021875,117752.849375,0.6357270440525631,range,-3326.5759791294945,signal_change,1
BTC-USD,SCORE,2025-07-31 21:00:00+00:00,2025-07-31 22:00:00+00:00,-1.0,116482.83375,116533.400625,0.23866197059411973,transition,566.8569623470189,signal_change,1
BTC-USD,SCORE,2025-07-31 23:00:00+00:00,2025-08-01 02:00:00+00:00,-1.0,116049.8103125,115888.7824609375,0.64508099116935,shock,5303.389090617751,stop,4
BTC-USD,SCORE,2025-08-01 08:00:00+00:00,2025-08-01 12:00:00+00:00,-1.0,115049.4196875,115270.135,0.48908904159405087,trend,-748.58375655208,signal_change,4
BTC-USD,SCORE,2025-08-01 13:00:00+00:00,2025-08-01 14:00:00+00:00,-1.0,115717.5134375,114320.8146875,0.4125462709636658,shock,3659.752562972232,signal_change,1
BTC-USD,SCORE,2025-08-01 15:00:00+00:00,2025-08-01 16:00:00+00:00,-1.0,115585.74,115352.6584375,0.13454759131099167,shock,92.55757316245868,signal_change,1
BTC-USD,SCORE,2025-08-01 18:00:00+00:00,2025-08-01 21:00:00+00:00,-1.0,114429.2009375,113923.1740625,0.37346315979349276,transition,1400.7364632503359,signal_change,3
BTC-USD,SCORE,2025-08-02 00:00:00+00:00,2025-08-02 01:00:00+00:00,-1.0,113251.880625,113766.135,0.3843310080844745,transition,-1386.2676481707003,signal_change,1
BTC-USD,SCORE,2025-08-03 19:00:00+00:00,2025-08-03 20:00:00+00:00,1.0,114383.650625,114285.9509375,0.2862306886785421,transition,-347.1871698987385,signal_change,1
BTC-USD,SCORE,2025-08-03 21:00:00+00:00,2025-08-03 23:00:00+00:00,1.0,114425.744375,114291.9196875,0.8809377445591998,transition,-1271.205911266517,signal_change,2
BTC-USD,SCORE,2025-08-04 00:00:00+00:00,2025-08-04 01:00:00+00:00,1.0,114217.4865625,114898.1540625,0.9392690596994905,shock,3542.6440341374687,signal_change,1
BTC-USD,SCORE,2025-08-04 02:00:00+00:00,2025-08-04 03:00:00+00:00,1.0,114722.275625,114785.9275,0.9296014991763809,transition,-167.84469160323803,signal_change,1
BTC-USD,SCORE,2025-08-04 04:00:00+00:00,2025-08-04 05:00:00+00:00,1.0,114596.4553125,114384.33375,0.934307513609762,transition,-1819.6536320403065,signal_change,1
BTC-USD,SCORE,2025-08-04 07:00:00+00:00,2025-08-04 09:00:00+00:00,1.0,114436.41625,114532.89625,0.3164856412330331,transition,10.52851945820403,signal_change,2
BTC-USD,SCORE,2025-08-04 12:00:00+00:00,2025-08-04 13:00:00+00:00,1.0,114497.181875,114494.4196875,0.8963958168025505,transition,-541.5592675303367,signal_change,1
BTC-USD,SCORE,2025-08-04 15:00:00+00:00,2025-08-04 18:00:00+00:00,1.0,114715.275625,115267.8415625,0.28195855766991357,transition,829.6471759886886,signal_change,3
BTC-USD,SCORE,2025-08-05 15:00:00+00:00,2025-08-05 17:00:00+00:00,-1.0,113008.6775,113134.400625,0.20692923278031766,shock,-247.74682319857897,signal_change,2
BTC-USD,SCORE,2025-08-05 21:00:00+00:00,2025-08-05 22:00:00+00:00,-1.0,113648.4978125,113582.97875,0.61629526155515,transition,-465.4665238560099,signal_change,1
BTC-USD,SCORE,2025-08-06 03:00:00+00:00,2025-08-06 04:00:00+00:00,-1.0,113638.7009375,113508.6740625,0.5966193540795391,transition,-180.60169806772916,signal_change,1
BTC-USD,SCORE,2025-08-06 15:00:00+00:00,2025-08-06 18:00:00+00:00,1.0,115161.4865625,115575.8728125,0.2373308860130369,shock,487.3644744580423,signal_change,3
BTC-USD,SCORE,2025-08-06 19:00:00+00:00,2025-08-06 20:00:00+00:00,1.0,115450.79125,115279.5915625,0.6702238732480785,transition,-1121.0399084428423,signal_change,1
BTC-USD,SCORE,2025-08-06 21:00:00+00:00,2025-08-06 22:00:00+00:00,1.0,115082.7678125,115096.89625,0.6791237021887847,transition,-336.66903213702994,signal_change,1
BTC-USD,SCORE,2025-08-06 23:00:00+00:00,2025-08-07 00:00:00+00:00,1.0,115134.463125,114989.9196875,0.7192791013314422,transition,-1081.4620214519696,signal_change,1
BTC-USD,SCORE,2025-08-07 04:00:00+00:00,2025-08-07 05:00:00+00:00,1.0,114579.72875,114371.9040625,0.6956009831620824,transition,-1327.868747784925,signal_change,1
BTC-USD,SCORE,2025-08-07 11:00:00+00:00,2025-08-07 14:00:00+00:00,1.0,116464.9084375,116672.89625,0.2475128772300427,shock,178.08386700346017,signal_change,3
BTC-USD,SCORE,2025-08-07 20:00:00+00:00,2025-08-07 21:00:00+00:00,1.0,117518.51,117239.411875,0.6857123335356968,transition,-1587.3060154687635,signal_change,1
BTC-USD,SCORE,2025-08-08 01:00:00+00:00,2025-08-08 02:00:00+00:00,1.0,117277.1115625,116900.1384375,0.6227370962203485,transition,-1818.7743869314668,signal_change,1
BTC-USD,SCORE,2025-08-08 09:00:00+00:00,2025-08-08 10:00:00+00:00,1.0,116655.6740625,116713.8103125,0.618929355852811,transition,-135.6895764253764,signal_change,1
BTC-USD,SCORE,2025-08-09 11:00:00+00:00,2025-08-09 12:00:00+00:00,1.0,117463.10375,117114.2946875,0.8405159856692451,transition,-2298.6916670664896,signal_change,1
BTC-USD,SCORE,2025-08-10 04:00:00+00:00,2025-08-10 05:00:00+00:00,1.0,118513.463125,118492.02125,0.30422847301183864,transition,-215.91721567177194,signal_change,1
BTC-USD,SCORE,2025-08-10 15:00:00+00:00,2025-08-10 16:00:00+00:00,1.0,118786.0178125,118840.7478125,0.7308046396843438,transition,-179.4657008126538,signal_change,1
BTC-USD,SCORE,2025-08-10 23:00:00+00:00,2025-08-11 02:00:00+00:00,1.0,119242.1584375,120310.1355078125,0.6673466694440116,transition,3931.518344247498,stop,4
BTC-USD,SCORE,2025-08-11 03:00:00+00:00,2025-08-11 04:00:00+00:00,1.0,121898.994375,121819.724375,0.42885565132205355,shock,-452.2088673463537,signal_change,1
BTC-USD,SCORE,2025-08-11 05:00:00+00:00,2025-08-11 06:00:00+00:00,1.0,122086.9865625,122030.6775,0.6087020612360919,trend,-557.7177488307914,signal_change,1
BTC-USD,SCORE,2025-08-11 07:00:00+00:00,2025-08-11 08:00:00+00:00,1.0,122292.1271875,121552.7946875,0.6034210226743524,transition,-2997.3819668249994,signal_change,1
BTC-USD,SCORE,2025-08-11 10:00:00+00:00,2025-08-11 11:00:00+00:00,1.0,121351.8771875,121222.365,0.5972772459960161,transition,-806.03545831168,signal_change,1
BTC-USD,SCORE,2025-08-11 12:00:00+00:00,2025-08-11 13:00:00+00:00,1.0,120580.1740625,119592.0915625,0.545740480269752,transition,-3543.3631481654456,signal_change,1
BTC-USD,SCORE,2025-08-12 07:00:00+00:00,2025-08-12 08:00:00+00:00,-1.0,118849.83375,118984.26,0.5261110916039191,transition,-885.5746271991305,signal_change,1
BTC-USD,SCORE,2025-08-12 21:00:00+00:00,2025-08-12 22:00:00+00:00,1.0,120151.2521875,119845.161875,0.5967115693235423,transition,-1433.4060267685145,signal_change,1
BTC-USD,SCORE,2025-08-12 23:00:00+00:00,2025-08-13 01:00:00+00:00,1.0,120060.97875,119692.6696875,0.6033655839532736,transition,-1670.6926073886912,signal_change,2
BTC-USD,SCORE,2025-08-13 07:00:00+00:00,2025-08-13 08:00:00+00:00,1.0,119399.6584375,119525.0134375,0.5623893474837954,transition,100.40251625216445,signal_change,1
BTC-USD,SCORE,2025-08-13 10:00:00+00:00,2025-08-13 13:00:00+00:00,1.0,120113.5021875,120257.3259375,0.5596804018386149,transition,160.26240458248427,signal_change,3
BTC-USD,SCORE,2025-08-13 14:00:00+00:00,2025-08-13 15:00:00+00:00,1.0,121723.3459375,120910.9821875,0.18412408647990255,shock,-984.4485923912127,signal_change,1
BTC-USD,SCORE,2025-08-13 19:00:00+00:00,2025-08-13 22:00:00+00:00,1.0,121593.338125,122686.2009375,0.5104687705496078,transition,2986.0308860482683,signal_change,3
BTC-USD,SCORE,2025-08-14 00:00:00+00:00,2025-08-14 02:00:00+00:00,1.0,123339.775625,123390.08375,0.46926938275345914,transition,-129.82871609796393,signal_change,2
BTC-USD,SCORE,2025-08-14 03:00:00+00:00,2025-08-14 04:00:00+00:00,1.0,123675.7053125,123385.7478125,0.46236901903430355,transition,-1042.1676676843067,signal_change,1
BTC-USD,SCORE,2025-08-14 07:00:00+00:00,2025-08-14 08:00:00+00:00,1.0,121828.5725,121679.1071875,0.4412360140330094,transition,-640.1840574876011,signal_change,1
BTC-USD,SCORE,2025-08-14 13:00:00+00:00,2025-08-14 15:00:00+00:00,-1.0,118660.349375,118915.7053125,0.1343993123438416,transition,-182.38048281352815,signal_change,2
BTC-USD,SCORE,2025-08-14 17:00:00+00:00,2025-08-14 18:00:00+00:00,-1.0,117883.318125,117912.01,0.38074524603563015,transition,-292.4689031434987,signal_change,1
BTC-USD,SCORE,2025-08-14 21:00:00+00:00,2025-08-14 22:00:00+00:00,-1.0,117962.865,117970.4240625,0.38812701456398024,transition,-223.44965148585098,signal_change,1
BTC-USD,SCORE,2025-08-15 16:00:00+00:00,2025-08-15 17:00:00+00:00,-1.0,117322.6071875,117431.4709375,0.599928086025396,transition,-831.756933147786,signal_change,1
BTC-USD,SCORE,2025-08-15 20:00:00+00:00,2025-08-15 21:00:00+00:00,-1.0,116988.02125,117387.806875,0.5947101942244055,transition,-1557.472966141461,signal_change,1
BTC-USD,SCORE,2025-08-16 00:00:00+00:00,2025-08-16 01:00:00+00:00,-1.0,117400.24,117807.775625,0.6046251288633103,transition,-2032.183119479173,signal_change,1
BTC-USD,SCORE,2025-08-16 06:00:00+00:00,2025-08-16 07:00:00+00:00,-1.0,117681.99,117459.4475,0.6268501209928711,transition,324.95651555358154,signal_change,1
BTC-USD,SCORE,2025-08-16 08:00:00+00:00,2025-08-16 09:00:00+00:00,-1.0,117697.724375,117717.0178125,0.6333948952893336,transition,-540.8940762185734,signal_change,1
BTC-USD,SCORE,2025-08-16 11:00:00+00:00,2025-08-16 13:00:00+00:00,-1.0,117456.52125,117816.8771875,0.6512694214661217,transition,-1828.8772309801077,signal_change,2
BTC-USD,SCORE,2025-08-16 21:00:00+00:00,2025-08-16 22:00:00+00:00,1.0,117720.5646875,117544.4509375,1.1073279332863233,transition,-1799.2402028385432,signal_change,1
BTC-USD,SCORE,2025-08-17 06:00:00+00:00,2025-08-17 07:00:00+00:00,1.0,118081.54125,118014.2478125,1.4405862129802258,transition,-1393.0507537608323,signal_change,1
BTC-USD,SCORE,2025-08-17 08:00:00+00:00,2025-08-17 09:00:00+00:00,1.0,118080.26,118449.39625,1.4068283152658152,transition,2303.6907133726154,signal_change,1
BTC-USD,SCORE,2025-08-17 10:00:00+00:00,2025-08-17 11:00:00+00:00,1.0,118398.619375,118435.9978125,1.4530454956523962,transition,-497.8293212257546,signal_change,1
BTC-USD,SCORE,2025-08-17 14:00:00+00:00,2025-08-17 15:00:00+00:00,1.0,118477.275625,118236.9196875,1.4287974441497944,transition,-2853.838840937819,signal_change,1
BTC-USD,SCORE,2025-08-17 18:00:00+00:00,2025-08-17 18:00:00+00:00,1.0,117966.963125,117473.298828125,0.41675625022255103,transition,-1461.9776819675235,stop,1
BTC-USD,SCORE,2025-08-18 02:00:00+00:00,2025-08-18 06:00:00+00:00,-1.0,116390.0290625,115760.47875,0.5701883375721524,shock,2021.7447272708635,signal_change,4
BTC-USD,SCORE,2025-08-18 07:00:00+00:00,2025-08-18 11:00:00+00:00,-1.0,115397.14625,115118.275625,0.703948277082063,transition,518.9486598625209,signal_change,4
BTC-USD,SCORE,2025-08-18 12:00:00+00:00,2025-08-18 13:00:00+00:00,-1.0,115016.4196875,115523.54125,0.6565632717888219,transition,-2308.7860127474246,signal_change,1
BTC-USD,SCORE,2025-08-18 14:00:00+00:00,2025-08-18 15:00:00+00:00,-1.0,114930.9196875,115863.27083333333,0.6202783371832221,transition,-2365.817228362074,stop,2
BTC-USD,SCORE,2025-08-18 16:00:00+00:00,2025-08-18 17:00:00+00:00,-1.0,116210.2790625,116051.869375,0.5937154922635264,transition,155.01697419622204,signal_change,1
BTC-USD,SCORE,2025-08-18 18:00:00+00:00,2025-08-18 19:00:00+00:00,-1.0,116499.8884375,116652.7053125,0.5794490635608253,transition,-161.6536347112596,signal_change,1
BTC-USD,SCORE,2025-08-19 15:00:00+00:00,2025-08-19 19:00:00+00:00,-1.0,113881.4665625,113047.885,0.1800468230692886,shock,765.3651165016681,signal_change,4
BTC-USD,SCORE,2025-08-19 20:00:00+00:00,2025-08-19 22:00:00+00:00,-1.0,113177.1228125,113399.6584375,0.5013592901870512,transition,-1123.3125851330017,signal_change,2
BTC-USD,SCORE,2025-08-20 00:00:00+00:00,2025-08-20 02:00:00+00:00,-1.0,112852.099375,112984.4396875,0.5297178400793293,transition,-705.5627182162339,signal_change,2
BTC-USD,SCORE,2025-08-20 13:00:00+00:00,2025-08-20 14:00:00+00:00,-1.0,113684.1540625,112703.994375,0.5509641648095862,transition,1909.7071166537771,signal_change,1
BTC-USD,SCORE,2025-08-20 22:00:00+00:00,2025-08-20 23:00:00+00:00,1.0,114371.7678125,114586.8884375,0.5004558897605027,transition,379.0219185450193,signal_change,1
BTC-USD,SCORE,2025-08-21 08:00:00+00:00,2025-08-21 09:00:00+00:00,1.0,113889.76,113584.0759375,0.48920245522587624,transition,-1195.38910049401,signal_change,1
BTC-USD,SCORE,2025-08-21 13:00:00+00:00,2025-08-21 14:00:00+00:00,-1.0,113066.4275,113478.869375,0.5193694372885231,transition,-2150.95769933625,signal_change,1
BTC-USD,SCORE,2025-08-21 17:00:00+00:00,2025-08-21 18:00:00+00:00,-1.0,112379.130625,112398.0021875,0.5724721164940386,transition,-484.61054499894146,signal_change,1
BTC-USD,SCORE,2025-08-21 20:00:00+00:00,2025-08-21 21:00:00+00:00,-1.0,112126.974375,112376.01,0.20645142705012595,transition,-784.1346971397936,signal_change,1
BTC-USD,SCORE,2025-08-22 01:00:00+00:00,2025-08-22 02:00:00+00:00,-1.0,112596.3415625,112802.431875,0.6125260445014964,transition,-1333.4253551617587,signal_change,1
BTC-USD,SCORE,2025-08-22 05:00:00+00:00,2025-08-22 06:00:00+00:00,-1.0,112800.9040625,113213.6271875,0.5986341798593545,transition,-1858.7843225968293,signal_change,1
BTC-USD,SCORE,2025-08-22 07:00:00+00:00,2025-08-22 08:00:00+00:00,-1.0,112981.08375,113075.306875,0.5951465872150073,transition,-769.9101637753231,signal_change,1
BTC-USD,SCORE,2025-08-22 11:00:00+00:00,2025-08-22 12:00:00+00:00,-1.0,112517.911875,112320.556875,0.578867618338132,transition,478.3006267770321,signal_change,1
BTC-USD,SCORE,2025-08-22 14:00:00+00:00,2025-08-22 14:00:00+00:00,-1.0,113463.6071875,114703.892578125,0.1635229149902129,shock,1148.5556726802836,stop,1
BTC-USD,SCORE,2025-08-22 15:00:00+00:00,2025-08-22 17:00:00+00:00,1.0,115847.463125,116140.4275,0.15713949325158053,shock,190.57905058519395,signal_change,2
BTC-USD,SCORE,2025-08-22 21:00:00+00:00,2025-08-22 22:00:00+00:00,1.0,117027.0178125,116988.4978125,0.4521025960510716,transition,-354.61886576206234,signal_change,1
BTC-USD,SCORE,2025-08-23 00:00:00+00:00,2025-08-23 01:00:00+00:00,1.0,116920.8771875,116828.0134375,0.44581048169533866,transition,-493.442700563532,signal_change,1
BTC-USD,SCORE,2025-08-24 02:00:00+00:00,2025-08-24 03:00:00+00:00,-1.0,115410.8571875,115010.4553125,1.0203081269701195,transition,1810.1738367577404,signal_change,1
BTC-USD,SCORE,2025-08-24 06:00:00+00:00,2025-08-24 07:00:00+00:00,-1.0,114951.45875,114851.431875,1.1093996641108057,transition,388.8067803284661,signal_change,1
BTC-USD,SCORE,2025-08-24 10:00:00+00:00,2025-08-24 12:00:00+00:00,-1.0,114820.130625,114716.9084375,1.0509772595058031,shock,141.43745020609583,signal_change,2
BTC-USD,SCORE,2025-08-24 13:00:00+00:00,2025-08-24 14:00:00+00:00,-1.0,114649.8884375,114538.1428125,1.1227838451074126,transition,-177.03906189192543,signal_change,1
BTC-USD,SCORE,2025-08-24 17:00:00+00:00,2025-08-24 18:00:00+00:00,-1.0,114234.443125,114338.8928125,0.4032886974598025,transition,-404.7965480271818,signal_change,1
BTC-USD,SCORE,2025-08-24 19:00:00+00:00,2025-08-24 19:00:00+00:00,-1.0,114600.411875,112603.6457421875,0.7060276243771434,shock,-8947.516525318442,stop,1
BTC-USD,SCORE,2025-08-24 20:00:00+00:00,2025-08-24 21:00:00+00:00,-1.0,112441.0915625,113177.922109375,0.4535804882945047,shock,702.8182271483389,stop,2
BTC-USD,SCORE,2025-08-24 22:00:00+00:00,2025-08-24 23:00:00+00:00,-1.0,112976.2634375,113438.5959375,0.20671207353512505,transition,-652.1109371975941,signal_change,1
BTC-USD,SCORE,2025-08-25 00:00:00+00:00,2025-08-25 02:00:00+00:00,-1.0,113465.1696875,113061.4084375,0.5326734527311087,transition,1063.4175098225421,signal_change,2
BTC-USD,SCORE,2025-08-25 05:00:00+00:00,2025-08-25 06:00:00+00:00,-1.0,112758.52125,112343.119375,0.4955932240383174,transition,942.2539694838466,signal_change,1
BTC-USD,SCORE,2025-08-25 07:00:00+00:00,2025-08-25 09:00:00+00:00,-1.0,111896.0759375,111449.41625,0.46379399165815105,transition,530.2804291900106,signal_change,2
BTC-USD,SCORE,2025-08-25 11:00:00+00:00,2025-08-25 12:00:00+00:00,-1.0,110972.6228125,111332.1740625,0.42680812065347806,transition,-557.018741329586,signal_change,1
BTC-USD,SCORE,2025-08-25 14:00:00+00:00,2025-08-25 15:00:00+00:00,-1.0,111464.974375,112263.2365625,0.3842522338697415,transition,-1832.543220078348,signal_change,1
BTC-USD,SCORE,2025-08-25 21:00:00+00:00,2025-08-25 23:00:00+00:00,-1.0,109620.005625,110183.01,0.38336411324360803,transition,-1500.0249443166422,signal_change,2
BTC-USD,SCORE,2025-08-26 01:00:00+00:00,2025-08-26 02:00:00+00:00,-1.0,109237.6696875,109907.135,0.37465798210530293,transition,-1447.8598750947153,signal_change,1
BTC-USD,SCORE,2025-08-26 03:00:00+00:00,2025-08-26 04:00:00+00:00,-1.0,109730.615,109887.8225,0.37803940543729986,transition,-488.7040860963204,signal_change,1
BTC-USD,SCORE,2025-08-26 19:00:00+00:00,2025-08-26 20:00:00+00:00,-1.0,110700.8884375,111130.5178125,0.4193968804874717,shock,-1424.440155511486,signal_change,1
BTC-USD,SCORE,2025-08-26 21:00:00+00:00,2025-08-27 00:00:00+00:00,1.0,111334.650625,111797.99,0.16351389444821932,shock,374.7279899515409,signal_change,3
BTC-USD,SCORE,2025-08-27 09:00:00+00:00,2025-08-27 10:00:00+00:00,1.0,110738.5490625,110821.5290625,0.5218391806734283,transition,-18.187200835893748,signal_change,1
BTC-USD,SCORE,2025-08-27 12:00:00+00:00,2025-08-27 13:00:00+00:00,1.0,111320.4865625,111355.318125,0.19573308685221855,transition,-65.08382545987993,signal_change,1
BTC-USD,SCORE,2025-08-27 15:00:00+00:00,2025-08-27 16:00:00+00:00,1.0,111809.6740625,112024.5603125,0.5569136619209571,transition,425.92479032802544,signal_change,1
BTC-USD,SCORE,2025-08-27 20:00:00+00:00,2025-08-27 21:00:00+00:00,1.0,112061.1975,112408.911875,0.5585100669664094,transition,877.3799971474323,signal_change,1
BTC-USD,SCORE,2025-08-28 05:00:00+00:00,2025-08-28 07:00:00+00:00,1.0,112958.8225,113223.505625,0.4987833584635821,transition,526.1974143701883,signal_change,2
BTC-USD,SCORE,2025-08-28 08:00:00+00:00,2025-08-28 09:00:00+00:00,1.0,113144.1975,113165.161875,0.5019978308314318,transition,-211.12231601938683,signal_change,1
BTC-USD,SCORE,2025-08-28 12:00:00+00:00,2025-08-28 13:00:00+00:00,1.0,112919.463125,113268.8571875,0.5061487613689508,transition,793.8179606599731,signal_change,1
BTC-USD,SCORE,2025-08-29 06:00:00+00:00,2025-08-29 12:00:00+00:00,-1.0,111323.193125,110098.5725,0.6318676867586939,transition,4592.256831341763,signal_change,6
BTC-USD,SCORE,2025-08-29 13:00:00+00:00,2025-08-29 13:00:00+00:00,-1.0,110742.6228125,110730.9328515625,0.48217239278871576,shock,-300.9938625577179,stop,1
BTC-USD,SCORE,2025-08-29 14:00:00+00:00,2025-08-29 17:00:00+00:00,-1.0,109092.33375,108744.72875,0.16099390534493113,shock,274.2788969178479,signal_change,3
BTC-USD,SCORE,2025-08-29 18:00:00+00:00,2025-08-29 19:00:00+00:00,-1.0,108471.8259375,108156.775625,0.4662226916292958,transition,578.4180266814942,signal_change,1
BTC-USD,SCORE,2025-08-29 21:00:00+00:00,2025-08-29 22:00:00+00:00,-1.0,107787.115,108468.0725,0.4323610792377673,transition,-1909.8486983165874,signal_change,1
BTC-USD,SCORE,2025-08-29 23:00:00+00:00,2025-08-30 01:00:00+00:00,-1.0,108384.5915625,108276.635,0.436618913518871,transition,6.275676959788683,signal_change,2
BTC-USD,SCORE,2025-08-30 03:00:00+00:00,2025-08-30 04:00:00+00:00,-1.0,107816.755625,108406.9240625,0.43702076242984883,transition,-1910.6004035983613,signal_change,1
BTC-USD,SCORE,2025-08-30 05:00:00+00:00,2025-08-30 06:00:00+00:00,-1.0,108450.20875,108369.04125,0.44331800558915746,transition,39.00343074193741,signal_change,1
BTC-USD,SCORE,2025-08-31 00:00:00+00:00,2025-08-31 03:00:00+00:00,1.0,108823.400625,109234.0134375,0.8778554049139001,transition,1789.6372752284558,signal_change,3
BTC-USD,SCORE,2025-08-31 06:00:00+00:00,2025-08-31 07:00:00+00:00,1.0,108755.0725,108727.1071875,0.35402139259610976,transition,-257.44375455252725,signal_change,1
BTC-USD,SCORE,2025-08-31 13:00:00+00:00,2025-08-31 14:00:00+00:00,-1.0,108378.099375,108451.1115625,1.0199066595130124,range,-549.2310616766404,signal_change,1
BTC-USD,SCORE,2025-09-01 00:00:00+00:00,2025-09-01 02:00:00+00:00,-1.0,108250.2478125,108167.2053125,0.8769428681685044,shock,-338.6090562709078,signal_change,2
BTC-USD,SCORE,2025-09-01 04:00:00+00:00,2025-09-01 07:00:00+00:00,-1.0,107681.818125,108069.3928125,0.7991882519482709,transition,-2472.620993051256,signal_change,3
BTC-USD,SCORE,2025-09-01 22:00:00+00:00,2025-09-01 23:00:00+00:00,-1.0,107789.4196875,108458.8146875,0.45479029473714094,transition,-2225.8436722808933,signal_change,1
BTC-USD,SCORE,2025-09-02 00:00:00+00:00,2025-09-02 01:00:00+00:00,1.0,109212.2678125,109023.4196875,0.4618062141975452,transition,-796.4075774702162,signal_change,1
BTC-USD,SCORE,2025-09-02 04:00:00+00:00,2025-09-02 05:00:00+00:00,1.0,110310.9865625,110288.4821875,0.46049304005834896,transition,-314.8914307870226,signal_change,1
BTC-USD,SCORE,2025-09-02 07:00:00+00:00,2025-09-02 08:00:00+00:00,1.0,110389.244375,110247.1071875,0.5164972823300175,transition,-733.7312572717221,signal_change,1
BTC-USD,SCORE,2025-09-02 14:00:00+00:00,2025-09-02 16:00:00+00:00,1.0,111156.0178125,110808.974375,0.1512392097305927,shock,-402.6967680073758,signal_change,2
BTC-USD,SCORE,2025-09-03 11:00:00+00:00,2025-09-03 12:00:00+00:00,1.0,111450.9709375,111477.33375,0.50464764848487,transition,-193.35547248472045,signal_change,1
BTC-USD,SCORE,2025-09-03 15:00:00+00:00,2025-09-03 16:00:00+00:00,1.0,112278.8615625,112238.2165625,0.21195593189142023,transition,-167.38555898191515,signal_change,1
BTC-USD,SCORE,2025-09-03 19:00:00+00:00,2025-09-03 20:00:00+00:00,1.0,112028.9553125,112244.5759375,0.5878667778874374,transition,448.7687354877746,signal_change,1
BTC-USD,SCORE,2025-09-04 02:00:00+00:00,2025-09-04 03:00:00+00:00,1.0,111971.97875,111491.365,0.2097602881364238,range,-726.0175616845017,signal_change,1
BTC-USD,SCORE,2025-09-05 00:00:00+00:00,2025-09-05 03:00:00+00:00,-1.0,110729.4275,111343.9709375,0.20197747112742287,transition,-958.3013516015333,signal_change,3
BTC-USD,SCORE,2025-09-05 08:00:00+00:00,2025-09-05 09:00:00+00:00,1.0,112967.1740625,112630.615,0.19930686567714406,transition,-510.7764940989796,signal_change,1
BTC-USD,SCORE,2025-09-05 13:00:00+00:00,2025-09-05 14:00:00+00:00,1.0,113224.97875,112221.916015625,0.1972043293617336,transition,-1292.009639917149,stop,2
BTC-USD,SCORE,2025-09-07 04:00:00+00:00,2025-09-07 05:00:00+00:00,-1.0,110643.9275,110575.6740625,1.521825707850189,transition,-318.64394586549116,signal_change,1
BTC-USD,SCORE,2025-09-07 11:00:00+00:00,2025-09-07 12:00:00+00:00,1.0,111203.1896875,111243.005625,1.3144426136442309,transition,-393.05293259191205,signal_change,1
BTC-USD,SCORE,2025-09-07 16:00:00+00:00,2025-09-07 17:00:00+00:00,1.0,111307.1271875,111217.974375,1.3625513324177796,transition,-1473.0430484741555,signal_change,1
BTC-USD,SCORE,2025-09-07 19:00:00+00:00,2025-09-07 20:00:00+00:00,1.0,111044.0178125,111255.318125,1.364794836285921,transition,1012.8644299042446,signal_change,1
BTC-USD,SCORE,2025-09-07 21:00:00+00:00,2025-09-07 22:00:00+00:00,1.0,111329.41625,111082.4509375,1.3091383263102652,transition,-2665.8649060063644,signal_change,1
BTC-USD,SCORE,2025-09-08 02:00:00+00:00,2025-09-08 03:00:00+00:00,1.0,110893.8459375,111227.58375,1.068894690534626,transition,1586.5633096345896,signal_change,1
BTC-USD,SCORE,2025-09-08 06:00:00+00:00,2025-09-08 07:00:00+00:00,1.0,111038.8225,111121.08375,1.0056443296539632,transition,-40.55165013201923,signal_change,1
BTC-USD,SCORE,2025-09-08 11:00:00+00:00,2025-09-08 12:00:00+00:00,1.0,112022.4865625,112057.0446875,0.33058174465563406,transition,-109.5678817414149,signal_change,1
BTC-USD,SCORE,2025-09-08 13:00:00+00:00,2025-09-08 14:00:00+00:00,1.0,112033.6584375,111896.8259375,0.9226411948727412,transition,-1256.5675339679262,signal_change,1
BTC-USD,SCORE,2025-09-08 15:00:00+00:00,2025-09-08 16:00:00+00:00,1.0,112616.275625,112608.8103125,0.29879459665978564,transition,-174.14122495458656,signal_change,1
BTC-USD,SCORE,2025-09-09 05:00:00+00:00,2025-09-09 06:00:00+00:00,1.0,112022.1584375,112199.818125,0.7636385967959477,transition,403.1054004212667,signal_change,1
BTC-USD,SCORE,2025-09-09 07:00:00+00:00,2025-09-09 08:00:00+00:00,1.0,113025.5959375,112991.255625,0.25199627126350566,transition,-187.19443382215735,signal_change,1
BTC-USD,SCORE,2025-09-09 15:00:00+00:00,2025-09-09 17:00:00+00:00,-1.0,111781.911875,110967.619375,0.6585594739295064,shock,2782.965497617512,signal_change,2
BTC-USD,SCORE,2025-09-09 22:00:00+00:00,2025-09-09 23:00:00+00:00,-1.0,111298.3728125,111554.60375,0.6719051432129808,transition,-1385.6401453061176,signal_change,1
BTC-USD,SCORE,2025-09-10 09:00:00+00:00,2025-09-10 10:00:00+00:00,-1.0,112373.2478125,112270.431875,0.697033083224608,transition,14.285808968836932,signal_change,1
BTC-USD,SCORE,2025-09-10 13:00:00+00:00,2025-09-10 15:00:00+00:00,1.0,113353.79125,113895.7321875,0.6280553560319088,shock,1685.106559467894,signal_change,2
BTC-USD,SCORE,2025-09-10 17:00:00+00:00,2025-09-10 18:00:00+00:00,1.0,113755.3303125,113737.9665625,0.7014607058279348,trend,-451.61236948456235,signal_change,1
BTC-USD,SCORE,2025-09-10 19:00:00+00:00,2025-09-10 21:00:00+00:00,1.0,113630.7990625,113631.1071875,0.6714295373440755,transition,-361.4532399637192,signal_change,2
BTC-USD,SCORE,2025-09-11 00:00:00+00:00,2025-09-11 01:00:00+00:00,1.0,113963.10375,113899.3259375,0.7150655316672361,trend,-656.1674293023301,signal_change,1
BTC-USD,SCORE,2025-09-11 04:00:00+00:00,2025-09-11 05:00:00+00:00,1.0,114414.1428125,114150.4821875,0.7014149061554084,trend,-1467.8290329622823,signal_change,1
BTC-USD,SCORE,2025-09-11 15:00:00+00:00,2025-09-11 16:00:00+00:00,1.0,114495.8146875,114200.7478125,0.7239504346217865,transition,-1644.3094797839449,signal_change,1
BTC-USD,SCORE,2025-09-11 17:00:00+00:00,2025-09-11 18:00:00+00:00,1.0,114523.54125,114585.0525,0.7451986259720419,transition,-131.68097555391657,signal_change,1
BTC-USD,SCORE,2025-09-11 23:00:00+00:00,2025-09-12 02:00:00+00:00,1.0,115145.79125,115451.411875,0.7247387680173721,transition,903.4663528284491,signal_change,3
BTC-USD,SCORE,2025-09-12 04:00:00+00:00,2025-09-12 05:00:00+00:00,1.0,115212.5959375,115399.4665625,0.6648782204163575,transition,366.8499150682772,signal_change,1
BTC-USD,SCORE,2025-09-12 17:00:00+00:00,2025-09-12 22:00:00+00:00,1.0,115494.79125,115944.0603125,0.7920520568452776,transition,1647.2846777205907,signal_change,5
BTC-USD,SCORE,2025-09-13 11:00:00+00:00,2025-09-13 12:00:00+00:00,1.0,115992.0803125,116035.7165625,0.8848050257513159,transition,-252.9226644173764,signal_change,1
BTC-USD,SCORE,2025-09-14 08:00:00+00:00,2025-09-14 09:00:00+00:00,1.0,115852.66625,115983.0446875,0.4707192437309755,range,103.03366696056132,signal_change,1
BTC-USD,SCORE,2025-09-14 15:00:00+00:00,2025-09-14 17:00:00+00:00,-1.0,115447.70875,115508.525625,1.2420207924125934,transition,-907.3011684151193,signal_change,2
BTC-USD,SCORE,2025-09-14 19:00:00+00:00,2025-09-14 20:00:00+00:00,-1.0,115439.77125,115647.2990625,1.3087532051093127,transition,-2194.9786081966613,signal_change,1
BTC-USD,SCORE,2025-09-15 00:00:00+00:00,2025-09-15 02:00:00+00:00,-1.0,115377.83375,115252.7678125,0.35896108589093745,shock,245.1068472945023,signal_change,2
BTC-USD,SCORE,2025-09-15 03:00:00+00:00,2025-09-15 04:00:00+00:00,-1.0,115420.20875,115498.6975,0.9988323080351414,transition,-1677.7058327558887,signal_change,1
BTC-USD,SCORE,2025-09-15 06:00:00+00:00,2025-09-15 07:00:00+00:00,1.0,116552.7209375,116158.3103125,0.3007327566445071,transition,-842.0796605086335,signal_change,1
BTC-USD,SCORE,2025-09-15 09:00:00+00:00,2025-09-15 12:00:00+00:00,-1.0,114799.9196875,115078.7521875,0.24642583503047677,transition,-712.3899476967201,signal_change,3
BTC-USD,SCORE,2025-09-15 13:00:00+00:00,2025-09-15 15:00:00+00:00,-1.0,114780.5134375,114713.431875,0.6740356518870949,transition,-415.238830308961,signal_change,2
BTC-USD,SCORE,2025-09-16 15:00:00+00:00,2025-09-16 16:00:00+00:00,1.0,115290.775625,115877.849375,0.8598307365425402,transition,2460.8808091993733,signal_change,1
BTC-USD,SCORE,2025-09-16 17:00:00+00:00,2025-09-16 19:00:00+00:00,1.0,116050.35375,116452.849375,0.8041899446861611,transition,1436.5826000714255,signal_change,2
BTC-USD,SCORE,2025-09-16 22:00:00+00:00,2025-09-16 23:00:00+00:00,1.0,116871.5803125,116893.49,0.820527121070036,transition,-337.476951004634,signal_change,1
BTC-USD,SCORE,2025-09-17 00:00:00+00:00,2025-09-17 01:00:00+00:00,1.0,116850.6115625,116654.0290625,0.8103536435342644,transition,-1349.0798992811606,signal_change,1
BTC-USD,SCORE,2025-09-17 03:00:00+00:00,2025-09-17 04:00:00+00:00,1.0,116795.7209375,116461.4196875,0.8163754071884153,transition,-2001.0977505802548,signal_change,1
BTC-USD,SCORE,2025-09-17 07:00:00+00:00,2025-09-17 08:00:00+00:00,1.0,117274.3459375,117231.08375,0.8213011649895597,transition,-640.7967125536742,signal_change,1
BTC-USD,SCORE,2025-09-17 19:00:00+00:00,2025-09-17 20:00:00+00:00,-1.0,115258.3025,116064.94140625,0.2510056465711366,transition,-236.96028434518672,stop,2
BTC-USD,SCORE,2025-09-18 04:00:00+00:00,2025-09-18 06:00:00+00:00,1.0,117759.6740625,117310.1384375,0.5632982914508912,transition,-1733.7669147170618,signal_change,2
BTC-USD,SCORE,2025-09-18 15:00:00+00:00,2025-09-18 16:00:00+00:00,1.0,117686.8928125,117631.9196875,0.5928057040624132,transition,-499.49406752173365,signal_change,1
BTC-USD,SCORE,2025-09-18 19:00:00+00:00,2025-09-18 20:00:00+00:00,1.0,117858.275625,117486.5915625,0.24158417294268916,transition,-634.3703526458912,signal_change,1
BTC-USD,SCORE,2025-09-19 01:00:00+00:00,2025-09-19 02:00:00+00:00,1.0,117443.3303125,117274.7790625,0.8084962238606043,transition,-1199.142608404829,signal_change,1
BTC-USD,SCORE,2025-09-19 13:00:00+00:00,2025-09-19 14:00:00+00:00,-1.0,116209.2634375,116332.7834375,0.938238741472244,transition,-1458.1130455107416,signal_change,1
BTC-USD,SCORE,2025-09-19 16:00:00+00:00,2025-09-19 18:00:00+00:00,-1.0,115938.2634375,115605.025625,0.900987046679234,transition,1067.5668915262677,signal_change,2
BTC-USD,SCORE,2025-09-19 19:00:00+00:00,2025-09-19 20:00:00+00:00,-1.0,115457.89625,115175.931875,1.828044444352621,trend,1270.4992040451002,signal_change,1
BTC-USD,SCORE,2025-09-19 21:00:00+00:00,2025-09-19 22:00:00+00:00,-1.0,115368.505625,115522.838125,0.9138550719860912,transition,-1336.7387426728126,signal_change,1
BTC-USD,SCORE,2025-09-20 09:00:00+00:00,2025-09-20 10:00:00+00:00,-1.0,115784.2790625,115720.213125,1.1626433191008416,transition,-275.3535432632328,signal_change,1
BTC-USD,SCORE,2025-09-20 23:00:00+00:00,2025-09-21 00:00:00+00:00,1.0,115845.056875,115732.7946875,1.8367941127237333,range,-2148.9927755617555,signal_change,1
BTC-USD,SCORE,2025-09-21 12:00:00+00:00,2025-09-21 13:00:00+00:00,-1.0,115669.6228125,115770.150625,1.697560307792183,transition,-1738.386986009457,signal_change,1
BTC-USD,SCORE,2025-09-21 21:00:00+00:00,2025-09-21 22:00:00+00:00,-1.0,115432.6071875,115457.2678125,1.5670569399922953,transition,-1222.1587772516768,signal_change,1
BTC-USD,SCORE,2025-09-22 00:00:00+00:00,2025-09-22 00:00:00+00:00,-1.0,115270.70875,115169.6262109375,0.42256632965875374,shock,-465.411739194891,stop,1
BTC-USD,SCORE,2025-09-22 01:00:00+00:00,2025-09-22 05:00:00+00:00,-1.0,114428.3884375,114492.213125,0.7966415717972415,shock,-621.6986076515775,signal_change,4
BTC-USD,SCORE,2025-09-22 06:00:00+00:00,2025-09-22 06:00:00+00:00,-1.0,114345.4196875,113299.5959375,0.7898231234293623,shock,-5149.738692909548,stop,1
BTC-USD,SCORE,2025-09-22 07:00:00+00:00,2025-09-22 11:00:00+00:00,-1.0,112905.33375,112875.931875,0.5326901660910311,shock,-260.4933716332373,signal_change,4
BTC-USD,SCORE,2025-09-22 12:00:00+00:00,2025-09-22 13:00:00+00:00,-1.0,112956.3259375,112838.22875,0.7067862319165649,transition,155.1829810309284,signal_change,1
BTC-USD,SCORE,2025-09-22 14:00:00+00:00,2025-09-22 16:00:00+00:00,-1.0,113221.5446875,112909.306875,0.6492945899788823,transition,695.2844212839889,signal_change,2
BTC-USD,SCORE,2025-09-22 17:00:00+00:00,2025-09-22 19:00:00+00:00,-1.0,112695.724375,112527.5178125,0.6323544004604238,trend,345.12799085332,signal_change,2
BTC-USD,SCORE,2025-09-22 20:00:00+00:00,2025-09-22 22:00:00+00:00,-1.0,112184.2790625,113055.1271875,0.5582200218577547,transition,-2961.103542168165,signal_change,2
BTC-USD,SCORE,2025-09-22 23:00:00+00:00,2025-09-23 00:00:00+00:00,-1.0,112740.4665625,112771.76,0.5594548855057998,transition,-299.0715880066441,signal_change,1
BTC-USD,SCORE,2025-09-23 19:00:00+00:00,2025-09-23 20:00:00+00:00,-1.0,111800.4196875,111676.885,0.6404638510753033,transition,296.2026562965008,signal_change,1
BTC-USD,SCORE,2025-09-24 04:00:00+00:00,2025-09-24 05:00:00+00:00,-1.0,111757.7634375,112196.5334375,0.6839515986883372,shock,-1834.999183806681,signal_change,1
BTC-USD,SCORE,2025-09-24 15:00:00+00:00,2025-09-24 16:00:00+00:00,1.0,113755.7365625,113368.5525,0.2320083523320478,shock,-630.8280401451984,signal_change,1
BTC-USD,SCORE,2025-09-25 00:00:00+00:00,2025-09-25 01:00:00+00:00,1.0,113340.0725,113090.7009375,0.7248450178127496,transition,-1404.4780033424947,signal_change,1
BTC-USD,SCORE,2025-09-25 05:00:00+00:00,2025-09-25 07:00:00+00:00,-1.0,111763.9275,111553.744375,0.6812211875686011,transition,614.8961410949344,signal_change,2
BTC-USD,SCORE,2025-09-25 09:00:00+00:00,2025-09-25 11:00:00+00:00,-1.0,111766.2165625,111681.0334375,0.6434551394777549,transition,10.28573492820206,signal_change,2
BTC-USD,SCORE,2025-09-25 13:00:00+00:00,2025-09-25 15:00:00+00:00,-1.0,111153.89625,111613.5021875,0.5796972099407472,shock,-1824.6692267486947,signal_change,2
BTC-USD,SCORE,2025-09-25 18:00:00+00:00,2025-09-25 22:00:00+00:00,-1.0,108858.99,109461.994375,0.3252123155360368,shock,-1408.4204287757618,signal_change,4
BTC-USD,SCORE,2025-09-26 00:00:00+00:00,2025-09-26 01:00:00+00:00,-1.0,109014.0915625,109525.088125,0.424552317305848,transition,-1470.697866417241,signal_change,1
BTC-USD,SCORE,2025-09-26 08:00:00+00:00,2025-09-26 09:00:00+00:00,-1.0,109473.599375,109616.6896875,0.4503983474151879,transition,-587.7973901725171,signal_change,1
BTC-USD,SCORE,2025-09-26 15:00:00+00:00,2025-09-26 16:00:00+00:00,-1.0,108911.4353125,109073.8146875,0.4445935936806943,transition,-833.1980516313881,signal_change,1
BTC-USD,SCORE,2025-09-28 12:00:00+00:00,2025-09-28 13:00:00+00:00,1.0,109418.66625,109341.193125,0.6734562800532397,transition,-649.0597695241449,signal_change,1
BTC-USD,SCORE,2025-09-28 15:00:00+00:00,2025-09-28 19:00:00+00:00,1.0,109880.744375,110301.8884375,1.6692672301433706,shock,3230.6235426023354,signal_change,4
BTC-USD,SCORE,2025-09-28 21:00:00+00:00,2025-09-28 22:00:00+00:00,1.0,110835.0803125,111226.9665625,0.43810717202109895,shock,769.3602300617273,stop,2
BTC-USD,SCORE,2025-09-28 23:00:00+00:00,2025-09-29 01:00:00+00:00,1.0,111952.5021875,112284.9509375,0.3620642259368985,shock,504.149970013214,signal_change,2
BTC-USD,SCORE,2025-09-29 03:00:00+00:00,2025-09-29 04:00:00+00:00,1.0,111775.01,111906.2478125,0.9338926871267819,trend,224.21290555399352,signal_change,1
BTC-USD,SCORE,2025-09-29 05:00:00+00:00,2025-09-29 07:00:00+00:00,1.0,111857.744375,111681.8728125,0.9057078802943057,trend,-1381.5002418579115,signal_change,2
BTC-USD,SCORE,2025-09-29 08:00:00+00:00,2025-09-29 11:00:00+00:00,1.0,111880.7678125,112138.630625,0.8464967168791039,trend,816.7320452230512,signal_change,3
BTC-USD,SCORE,2025-09-29 14:00:00+00:00,2025-09-29 16:00:00+00:00,1.0,113290.5490625,113862.5525,0.47854208978124213,shock,1309.5495083406518,signal_change,2
BTC-USD,SCORE,2025-09-29 18:00:00+00:00,2025-09-29 19:00:00+00:00,1.0,114119.4396875,114088.0290625,0.6421379821762764,trend,-444.6444467715917,signal_change,1
BTC-USD,SCORE,2025-09-29 20:00:00+00:00,2025-09-29 22:00:00+00:00,1.0,114300.7209375,114255.1853125,0.6564808436882649,trend,-506.2598376232738,signal_change,2
BTC-USD,SCORE,2025-09-30 07:00:00+00:00,2025-09-30 08:00:00+00:00,1.0,113936.1896875,113764.7790625,0.7129912062464454,transition,-1056.2280534284505,signal_change,1
BTC-USD,SCORE,2025-09-30 11:00:00+00:00,2025-09-30 12:00:00+00:00,1.0,112986.0725,113100.8728125,0.6716307358367031,transition,92.91302132385198,signal_change,1
BTC-USD,SCORE,2025-10-01 09:00:00+00:00,2025-10-01 11:00:00+00:00,1.0,116126.6115625,116311.849375,0.2002627848243816,transition,102.52140123055192,signal_change,2
BTC-USD,SCORE,2025-10-01 12:00:00+00:00,2025-10-01 13:00:00+00:00,1.0,116816.35375,116431.70875,0.5532392731699652,transition,-1453.692738088619,signal_change,1
BTC-USD,SCORE,2025-10-01 15:00:00+00:00,2025-10-01 18:00:00+00:00,1.0,117368.463125,116886.8884375,0.5842722741582381,trend,-1832.582384310139,signal_change,3
BTC-USD,SCORE,2025-10-02 00:00:00+00:00,2025-10-02 02:00:00+00:00,1.0,118625.8146875,118694.9275,1.1068761966586556,trend,-154.3345380250555,signal_change,2
BTC-USD,SCORE,2025-10-02 03:00:00+00:00,2025-10-02 04:00:00+00:00,1.0,118777.1975,118797.0915625,0.5563612648770868,trend,-224.83515232629895,signal_change,1
BTC-USD,SCORE,2025-10-02 09:00:00+00:00,2025-10-02 11:00:00+00:00,1.0,118702.3771875,118675.974375,0.23460225540389307,shock,-152.95175511430773,signal_change,2
BTC-USD,SCORE,2025-10-02 14:00:00+00:00,2025-10-02 15:00:00+00:00,1.0,119658.4709375,118882.27125,0.6336640628739961,transition,-2946.6601420330935,signal_change,1
BTC-USD,SCORE,2025-10-02 16:00:00+00:00,2025-10-02 17:00:00+00:00,1.0,119974.16625,119788.39625,0.5946261285842491,transition,-886.949154700926,signal_change,1
BTC-USD,SCORE,2025-10-02 19:00:00+00:00,2025-10-02 21:00:00+00:00,1.0,120574.3928125,120675.6540625,0.6051042929905409,shock,15.665537064306804,signal_change,2
BTC-USD,SCORE,2025-10-03 09:00:00+00:00,2025-10-03 13:00:00+00:00,1.0,120113.7521875,120446.505625,0.6085267512464827,transition,760.2663402359394,signal_change,4
BTC-USD,SCORE,2025-10-03 16:00:00+00:00,2025-10-03 17:00:00+00:00,1.0,122383.4240625,122383.2937109375,0.2098172886891727,shock,-105.65984614221031,stop,2
BTC-USD,SCORE,2025-10-03 18:00:00+00:00,2025-10-03 19:00:00+00:00,1.0,122137.775625,122598.39625,0.5413869325215871,transition,1020.8775992839348,signal_change,1
BTC-USD,SCORE,2025-10-04 05:00:00+00:00,2025-10-04 06:00:00+00:00,1.0,122570.2521875,122582.411875,0.537453339308703,transition,-239.67260941758695,signal_change,1
BTC-USD,SCORE,2025-10-05 03:00:00+00:00,2025-10-05 03:00:00+00:00,1.0,124113.8928125,123404.52213541667,0.6107795238156424,transition,-2530.4205440750707,stop,1
BTC-USD,SCORE,2025-10-05 04:00:00+00:00,2025-10-05 04:00:00+00:00,1.0,123836.556875,124311.3444921875,0.7526342282273117,shock,1445.9244132557858,stop,1
BTC-USD,SCORE,2025-10-05 05:00:00+00:00,2025-10-05 07:00:00+00:00,1.0,125188.16625,125007.7165625,0.25941534236294594,shock,-369.1184463852695,signal_change,2
BTC-USD,SCORE,2025-10-05 08:00:00+00:00,2025-10-05 09:00:00+00:00,1.0,124742.650625,124597.6853125,0.714923451396194,transition,-889.826930852555,signal_change,1
BTC-USD,SCORE,2025-10-05 11:00:00+00:00,2025-10-05 12:00:00+00:00,1.0,123074.9865625,123490.3103125,0.588812458451036,transition,960.0453686601373,signal_change,1
BTC-USD,SCORE,2025-10-06 12:00:00+00:00,2025-10-06 17:00:00+00:00,1.0,124267.619375,125490.3415625,0.6580164995983759,transition,3769.6535870134276,signal_change,5
BTC-USD,SCORE,2025-10-06 18:00:00+00:00,2025-10-06 21:00:00+00:00,1.0,125223.244375,125245.9665625,0.5755993832315484,transition,-219.8152466716672,signal_change,3
BTC-USD,SCORE,2025-10-06 22:00:00+00:00,2025-10-06 23:00:00+00:00,1.0,125201.8225,125063.33375,0.5501630958422933,transition,-669.0611893391253,signal_change,1
BTC-USD,SCORE,2025-10-07 15:00:00+00:00,2025-10-07 20:00:00+00:00,-1.0,122799.2165625,121742.6740625,0.35479804329605674,shock,1855.0143430017272,signal_change,5
BTC-USD,SCORE,2025-10-07 21:00:00+00:00,2025-10-07 22:00:00+00:00,-1.0,122035.0759375,122037.0490625,0.49816044702102097,transition,96.24454800465001,signal_change,1
BTC-USD,SCORE,2025-10-08 01:00:00+00:00,2025-10-08 03:00:00+00:00,-1.0,121993.865,122105.5725,0.4882688720438018,transition,-536.9078310202979,signal_change,2
BTC-USD,SCORE,2025-10-08 05:00:00+00:00,2025-10-08 06:00:00+00:00,-1.0,121934.14625,121429.9396875,0.4561460469483476,transition,1475.1453043461677,signal_change,1
BTC-USD,SCORE,2025-10-08 08:00:00+00:00,2025-10-08 09:00:00+00:00,-1.0,121623.255625,122432.588125,0.4342147355899441,transition,-2082.822495173006,signal_change,1
BTC-USD,SCORE,2025-10-08 12:00:00+00:00,2025-10-08 13:00:00+00:00,-1.0,122921.0446875,122664.2834375,0.4354233907038736,transition,481.2769659355658,signal_change,1
BTC-USD,SCORE,2025-10-08 18:00:00+00:00,2025-10-08 19:00:00+00:00,1.0,124093.4240625,123507.83375,0.4727830723560268,transition,-1666.8026623262838,signal_change,1
BTC-USD,SCORE,2025-10-08 22:00:00+00:00,2025-10-08 23:00:00+00:00,1.0,123272.22875,123287.7321875,0.48612718851995323,transition,-208.86490519292948,signal_change,1
BTC-USD,SCORE,2025-10-09 13:00:00+00:00,2025-10-09 14:00:00+00:00,1.0,123600.51,122435.24,0.1736824309962251,shock,-1131.7064945333868,signal_change,1
BTC-USD,SCORE,2025-10-09 15:00:00+00:00,2025-10-09 20:00:00+00:00,-1.0,121598.9665625,120998.806875,0.1615229322050283,shock,390.6858087289661,signal_change,5
BTC-USD,SCORE,2025-10-10 00:00:00+00:00,2025-10-10 01:00:00+00:00,-1.0,121727.224375,121829.275625,0.4764510348767757,transition,-517.8042692060899,signal_change,1
BTC-USD,SCORE,2025-10-10 08:00:00+00:00,2025-10-10 09:00:00+00:00,-1.0,120972.0134375,121685.6428125,0.4737760092425463,transition,-1773.1852192446604,signal_change,1
BTC-USD,SCORE,2025-10-10 16:00:00+00:00,2025-10-10 17:00:00+00:00,-1.0,119040.2946875,118306.963125,0.17505712735421272,transition,525.7337506016346,signal_change,1
BTC-USD,SCORE,2025-10-10 18:00:00+00:00,2025-10-10 19:00:00+00:00,-1.0,117705.7946875,117265.244375,0.5031196976398215,transition,694.3113264091944,signal_change,1
BTC-USD,SCORE,2025-10-10 20:00:00+00:00,2025-10-10 20:00:00+00:00,-1.0,116672.99,116253.234609375,0.13629465889822065,shock,-380.65773945829613,stop,1
BTC-USD,SCORE,2025-10-10 21:00:00+00:00,2025-10-10 21:00:00+00:00,-1.0,114253.615,108375.3488671875,0.08739674006872115,shock,-2898.2480283337463,stop,1
BTC-USD,SCORE,2025-10-10 22:00:00+00:00,2025-10-11 05:00:00+00:00,-1.0,113989.4353125,113060.900625,0.0823687958192886,trend,367.834023756909,signal_change,7
BTC-USD,SCORE,2025-10-11 07:00:00+00:00,2025-10-11 09:00:00+00:00,-1.0,112212.9196875,111414.2678125,0.17347303372419878,trend,441.2514204789109,signal_change,2
BTC-USD,SCORE,2025-10-11 15:00:00+00:00,2025-10-11 16:00:00+00:00,-1.0,112102.6853125,111941.9865625,0.18325440406480867,transition,4.481772889837941,signal_change,1
BTC-USD,SCORE,2025-10-12 14:00:00+00:00,2025-10-12 14:00:00+00:00,-1.0,111331.3571875,112784.68294270833,0.1352333497439628,shock,1048.2814006381577,stop,1
BTC-USD,SCORE,2025-10-12 16:00:00+00:00,2025-10-12 20:00:00+00:00,1.0,113273.0803125,114417.3103125,0.12471075491768996,shock,734.2045764990066,signal_change,4
BTC-USD,SCORE,2025-10-12 21:00:00+00:00,2025-10-12 22:00:00+00:00,1.0,115022.635,115646.9040625,0.36489554594969875,transition,1071.3832446640417,signal_change,1
BTC-USD,SCORE,2025-10-12 23:00:00+00:00,2025-10-13 00:00:00+00:00,1.0,115386.338125,115091.0290625,0.3572859425275051,transition,-762.7745781131182,signal_change,1
BTC-USD,SCORE,2025-10-13 01:00:00+00:00,2025-10-13 03:00:00+00:00,1.0,115401.8615625,115464.4275,0.36304490206369433,trend,-57.620995072485414,signal_change,2
BTC-USD,SCORE,2025-10-13 08:00:00+00:00,2025-10-13 10:00:00+00:00,1.0,115449.619375,115203.7165625,0.3905726073762685,transition,-726.0833042699201,signal_change,2
BTC-USD,SCORE,2025-10-14 04:00:00+00:00,2025-10-14 05:00:00+00:00,-1.0,113622.3571875,113129.8928125,0.16114011049442623,transition,417.58940276931133,signal_change,1
BTC-USD,SCORE,2025-10-14 07:00:00+00:00,2025-10-14 08:00:00+00:00,-1.0,112083.33375,111796.994375,0.1452083525314397,transition,458.4134128693973,signal_change,1
BTC-USD,SCORE,2025-10-14 09:00:00+00:00,2025-10-14 10:00:00+00:00,-1.0,111895.5446875,111374.0959375,0.3974755844965794,transition,1009.8226896626476,signal_change,1
BTC-USD,SCORE,2025-10-14 11:00:00+00:00,2025-10-14 12:00:00+00:00,-1.0,110722.8103125,111430.3146875,0.1322719083174714,transition,-634.20752894461,signal_change,1
BTC-USD,SCORE,2025-10-14 13:00:00+00:00,2025-10-14 14:00:00+00:00,-1.0,110885.3103125,111116.0021875,0.37546997763553636,transition,66.08606216324779,signal_change,1
BTC-USD,SCORE,2025-10-14 16:00:00+00:00,2025-10-14 21:00:00+00:00,-1.0,112944.9040625,113034.41625,0.3634441450317978,transition,-168.81020940896445,signal_change,5
BTC-USD,SCORE,2025-10-15 09:00:00+00:00,2025-10-15 10:00:00+00:00,1.0,112975.4709375,112606.0759375,0.35345998272776935,transition,-913.0891649590907,signal_change,1
BTC-USD,SCORE,2025-10-15 22:00:00+00:00,2025-10-15 23:00:00+00:00,-1.0,110918.036875,110748.9240625,0.40106043531685,transition,162.831335324336,signal_change,1
BTC-USD,SCORE,2025-10-16 06:00:00+00:00,2025-10-16 07:00:00+00:00,-1.0,110997.443125,111748.5803125,0.41210635618889047,transition,-1742.6885734340347,signal_change,1
BTC-USD,SCORE,2025-10-16 08:00:00+00:00,2025-10-16 09:00:00+00:00,-1.0,110658.0759375,110862.6584375,0.13969384921127928,transition,-216.07480259856823,signal_change,1
BTC-USD,SCORE,2025-10-16 10:00:00+00:00,2025-10-16 12:00:00+00:00,-1.0,111195.3728125,111453.744375,0.1297547208694097,transition,-239.2363739720034,signal_change,2
BTC-USD,SCORE,2025-10-16 15:00:00+00:00,2025-10-16 21:00:00+00:00,-1.0,110596.9040625,107945.9475,0.34576798639802375,shock,5735.8775404922335,signal_change,6
BTC-USD,SCORE,2025-10-16 23:00:00+00:00,2025-10-17 00:00:00+00:00,-1.0,107840.505625,108202.9240625,0.31659977219576535,transition,-751.194697116453,signal_change,1
BTC-USD,SCORE,2025-10-17 07:00:00+00:00,2025-10-17 10:00:00+00:00,-1.0,106777.45875,104606.5178125,0.2990529861514809,transition,3229.4084906083845,signal_change,3
BTC-USD,SCORE,2025-10-17 11:00:00+00:00,2025-10-17 14:00:00+00:00,-1.0,104751.8025,105744.8771875,0.28318952142801807,transition,-2287.2654297979752,signal_change,3
BTC-USD,SCORE,2025-10-19 05:00:00+00:00,2025-10-19 06:00:00+00:00,1.0,107081.7990625,106915.77125,0.30198371550159386,range,-452.7920244458095,signal_change,1
BTC-USD,SCORE,2025-10-19 10:00:00+00:00,2025-10-19 12:00:00+00:00,1.0,107610.681875,107815.2009375,0.24705085693249523,transition,173.3701467987664,signal_change,2
BTC-USD,SCORE,2025-10-19 14:00:00+00:00,2025-10-19 17:00:00+00:00,1.0,108111.1896875,108672.3259375,0.641236165172944,transition,1793.5648357725827,signal_change,3
BTC-USD,SCORE,2025-10-19 18:00:00+00:00,2025-10-19 21:00:00+00:00,1.0,109173.135,108916.6775,0.6082497079807029,transition,-1223.2244473808641,signal_change,3
BTC-USD,SCORE,2025-10-19 23:00:00+00:00,2025-10-20 00:00:00+00:00,1.0,109191.181875,108671.8025,0.5526700095757658,transition,-1959.6067373956557,signal_change,1
BTC-USD,SCORE,2025-10-20 01:00:00+00:00,2025-10-20 03:00:00+00:00,1.0,108083.7365625,108808.89625,0.5135236898431108,transition,1929.877855203244,signal_change,2
BTC-USD,SCORE,2025-10-20 04:00:00+00:00,2025-10-20 08:00:00+00:00,1.0,110216.135,111209.64625,0.4422964093278624,transition,2315.092422564293,signal_change,4
BTC-USD,SCORE,2025-10-20 18:00:00+00:00,2025-10-20 20:00:00+00:00,1.0,110311.2678125,110856.1775,0.15411158491338237,transition,409.03258976085766,signal_change,2
BTC-USD,SCORE,2025-10-21 05:00:00+00:00,2025-10-21 06:00:00+00:00,-1.0,107823.0603125,107578.0803125,0.9429049609839107,transition,958.9333957093122,signal_change,1
BTC-USD,SCORE,2025-10-21 07:00:00+00:00,2025-10-21 08:00:00+00:00,-1.0,107964.505625,108131.35375,0.46072655204039686,transition,-642.5478976716413,signal_change,1
BTC-USD,SCORE,2025-10-21 13:00:00+00:00,2025-10-21 14:00:00+00:00,-1.0,108886.943125,110158.67122395833,0.4262110856222538,transition,5425.149138471793,stop,2
BTC-USD,SCORE,2025-10-21 16:00:00+00:00,2025-10-21 17:00:00+00:00,1.0,113440.3928125,112575.7946875,0.1209604163858512,shock,-659.685297872335,signal_change,1
BTC-USD,SCORE,2025-10-21 23:00:00+00:00,2025-10-22 02:00:00+00:00,-1.0,109110.83375,108410.60375,0.28162150505942946,transition,958.7034834754065,signal_change,3
BTC-USD,SCORE,2025-10-23 07:00:00+00:00,2025-10-23 08:00:00+00:00,1.0,110241.66625,109303.4665625,0.7835323239361358,transition,-4717.791461310178,signal_change,1
BTC-USD,SCORE,2025-10-23 11:00:00+00:00,2025-10-23 12:00:00+00:00,1.0,109464.9865625,109274.3103125,0.4095538253959346,transition,-668.6310421360573,signal_change,1
BTC-USD,SCORE,2025-10-23 13:00:00+00:00,2025-10-23 14:00:00+00:00,1.0,109181.0803125,109512.349375,0.4286304654162338,transition,613.9510515879826,signal_change,1
BTC-USD,SCORE,2025-10-23 19:00:00+00:00,2025-10-23 20:00:00+00:00,1.0,110591.91625,110272.0446875,0.4358346479332535,transition,-1033.6195890831102,signal_change,1
BTC-USD,SCORE,2025-10-24 05:00:00+00:00,2025-10-24 07:00:00+00:00,1.0,111229.3615625,111480.4821875,0.4436200561885519,transition,414.3086309410826,signal_change,2
BTC-USD,SCORE,2025-10-24 10:00:00+00:00,2025-10-24 11:00:00+00:00,1.0,111337.775625,111157.755625,0.48720890359177954,transition,-755.5128013746288,signal_change,1
BTC-USD,SCORE,2025-10-24 13:00:00+00:00,2025-10-24 14:00:00+00:00,1.0,111308.744375,110096.98111979167,0.1601568497136069,transition,-1201.842658548916,stop,2
BTC-USD,SCORE,2025-10-24 22:00:00+00:00,2025-10-24 23:00:00+00:00,1.0,111113.4709375,111064.974375,0.5431995053801372,transition,-429.65704514543967,signal_change,1
BTC-USD,SCORE,2025-10-25 00:00:00+00:00,2025-10-25 01:00:00+00:00,1.0,111042.22875,110797.130625,0.5542316857890754,transition,-1064.984617500401,signal_change,1
BTC-USD,SCORE,2025-10-25 17:00:00+00:00,2025-10-25 18:00:00+00:00,1.0,111384.369375,111372.7009375,0.3363817469627712,transition,-194.26472490315228,signal_change,1
BTC-USD,SCORE,2025-10-26 00:00:00+00:00,2025-10-26 02:00:00+00:00,1.0,111650.650625,111648.943125,1.1181217257620075,transition,-581.6637063497676,signal_change,2
BTC-USD,SCORE,2025-10-26 10:00:00+00:00,2025-10-26 11:00:00+00:00,1.0,112494.681875,112505.023203125,0.4045612911515404,transition,-182.5943644487558,stop,2
BTC-USD,SCORE,2025-10-26 12:00:00+00:00,2025-10-26 15:00:00+00:00,1.0,113292.463125,113555.2946875,0.354756918926894,shock,343.8139851939409,signal_change,3
BTC-USD,SCORE,2025-10-26 17:00:00+00:00,2025-10-26 18:00:00+00:00,1.0,113531.0178125,113455.14625,0.9314933246958993,transition,-871.8129469308516,signal_change,1
BTC-USD,SCORE,2025-10-26 22:00:00+00:00,2025-10-26 22:00:00+00:00,1.0,113450.8615625,113897.866953125,0.7681595157308957,shock,1535.282534330956,stop,1
BTC-USD,SCORE,2025-10-26 23:00:00+00:00,2025-10-27 02:00:00+00:00,1.0,114664.7990625,115285.6775,0.25809939350528116,trend,759.9967957101329,signal_change,3
BTC-USD,SCORE,2025-10-27 03:00:00+00:00,2025-10-27 04:00:00+00:00,1.0,114890.8928125,114976.33375,0.6536879864776519,trend,-23.719979631180692,signal_change,1
BTC-USD,SCORE,2025-10-27 05:00:00+00:00,2025-10-27 09:00:00+00:00,1.0,115243.8771875,115006.6696875,0.6429167327621238,trend,-1169.0496341300877,signal_change,4
BTC-USD,SCORE,2025-10-27 16:00:00+00:00,2025-10-27 17:00:00+00:00,1.0,114951.2365625,115497.0759375,0.5708489311221978,transition,1436.9520915706898,signal_change,1
BTC-USD,SCORE,2025-10-27 18:00:00+00:00,2025-10-27 19:00:00+00:00,1.0,115707.838125,115344.505625,0.5616221006410586,transition,-1414.2615549536908,signal_change,1
BTC-USD,SCORE,2025-10-28 18:00:00+00:00,2025-10-28 19:00:00+00:00,-1.0,115315.9353125,114977.556875,0.5260628620467711,transition,955.152539673107,signal_change,1
BTC-USD,SCORE,2025-10-28 20:00:00+00:00,2025-10-29 03:00:00+00:00,-1.0,113662.3728125,112687.650625,0.4631378074427432,shock,2310.6802732179776,signal_change,7
BTC-USD,SCORE,2025-10-29 11:00:00+00:00,2025-10-29 12:00:00+00:00,-1.0,112888.161875,113164.181875,0.471470214135817,transition,-1065.452506869691,signal_change,1
BTC-USD,SCORE,2025-10-29 17:00:00+00:00,2025-10-29 18:00:00+00:00,-1.0,111141.5759375,111817.8225,0.4830617553474318,transition,-1957.104151752831,signal_change,1
BTC-USD,SCORE,2025-10-29 19:00:00+00:00,2025-10-29 20:00:00+00:00,-1.0,110819.8884375,110716.0959375,0.15196294482650158,shock,13.236300957283063,signal_change,1
BTC-USD,SCORE,2025-10-30 05:00:00+00:00,2025-10-30 05:00:00+00:00,-1.0,108599.818125,110239.14453125,0.23572286704871745,shock,2150.077440443954,stop,1
BTC-USD,SCORE,2025-10-30 06:00:00+00:00,2025-10-30 08:00:00+00:00,-1.0,110297.755625,111341.525625,0.11516183761810404,shock,-775.2042100403728,signal_change,2
BTC-USD,SCORE,2025-10-30 10:00:00+00:00,2025-10-30 12:00:00+00:00,-1.0,110137.255625,109776.0334375,0.31250391088828994,transition,421.27306027981876,signal_change,2
BTC-USD,SCORE,2025-10-30 13:00:00+00:00,2025-10-30 15:00:00+00:00,-1.0,108345.224375,108312.869375,0.2851650507109034,transition,-134.77931647274187,signal_change,2
BTC-USD,SCORE,2025-10-30 18:00:00+00:00,2025-10-30 19:00:00+00:00,-1.0,107474.865,106822.119375,0.30146436964217055,transition,785.2065332441103,signal_change,1
BTC-USD,SCORE,2025-10-31 16:00:00+00:00,2025-10-31 17:00:00+00:00,1.0,110169.2521875,108605.5446875,0.12180278247681268,transition,-1170.983236199339,signal_change,1
BTC-USD,SCORE,2025-10-31 19:00:00+00:00,2025-10-31 20:00:00+00:00,1.0,109393.681875,109806.0759375,0.3519004069323277,transition,668.0268438565163,signal_change,1
BTC-USD,SCORE,2025-11-01 17:00:00+00:00,2025-11-01 18:00:00+00:00,1.0,110499.9475,110294.8103125,0.28666375652268095,transition,-487.3347915736258,signal_change,1
BTC-USD,SCORE,2025-11-01 23:00:00+00:00,2025-11-02 00:00:00+00:00,1.0,110039.869375,110048.0525,0.3521043042890593,transition,-163.4318333252212,signal_change,1
BTC-USD,SCORE,2025-11-02 05:00:00+00:00,2025-11-02 08:00:00+00:00,1.0,110626.8459375,110875.99,1.0414267884251698,shock,965.6591871362914,signal_change,3
BTC-USD,SCORE,2025-11-02 09:00:00+00:00,2025-11-02 10:00:00+00:00,1.0,110792.9475,110663.7478125,0.9244434147583028,transition,-1163.4798577728411,signal_change,1
BTC-USD,SCORE,2025-11-02 12:00:00+00:00,2025-11-02 13:00:00+00:00,1.0,111094.7678125,110712.661875,0.8197914981611003,transition,-2220.5270807656048,signal_change,1
BTC-USD,SCORE,2025-11-03 03:00:00+00:00,2025-11-03 06:00:00+00:00,-1.0,109020.2321875,107592.0178125,0.5429620005092519,shock,4364.195078909645,signal_change,3
BTC-USD,SCORE,2025-11-03 08:00:00+00:00,2025-11-03 10:00:00+00:00,-1.0,107492.99,107218.869375,0.5184651600694155,transition,1191.2238762454062,signal_change,2
BTC-USD,SCORE,2025-11-03 11:00:00+00:00,2025-11-03 12:00:00+00:00,-1.0,106909.943125,107993.740234375,0.49724861641487916,transition,-2237.7941041607532,stop,2
BTC-USD,SCORE,2025-11-03 13:00:00+00:00,2025-11-03 14:00:00+00:00,-1.0,107740.599375,107892.869375,0.4992018597442851,transition,-591.3443799965527,signal_change,1
BTC-USD,SCORE,2025-11-03 15:00:00+00:00,2025-11-03 15:00:00+00:00,-1.0,108011.14625,107575.2707421875,0.41319528411196804,shock,-1278.042295940109,stop,1
BTC-USD,SCORE,2025-11-03 16:00:00+00:00,2025-11-03 17:00:00+00:00,-1.0,105724.4509375,107086.6328125,0.2742022906892715,shock,-1179.5921169404223,stop,2
BTC-USD,SCORE,2025-11-03 18:00:00+00:00,2025-11-03 23:00:00+00:00,-1.0,107372.630625,106439.7053125,0.12673438956690544,transition,768.9707023449914,signal_change,5
BTC-USD,SCORE,2025-11-04 06:00:00+00:00,2025-11-04 10:00:00+00:00,-1.0,104225.2009375,103727.4553125,0.5841889870025634,transition,236.7546772351592,signal_change,4
BTC-USD,SCORE,2025-11-04 14:00:00+00:00,2025-11-04 15:00:00+00:00,-1.0,103866.7165625,104525.4553125,0.2802642508664049,transition,-969.9809915757678,signal_change,1
BTC-USD,SCORE,2025-11-04 18:00:00+00:00,2025-11-04 20:00:00+00:00,-1.0,101118.8884375,100458.056875,0.5482325341757077,transition,2026.0958043194448,signal_change,2
BTC-USD,SCORE,2025-11-04 21:00:00+00:00,2025-11-05 00:00:00+00:00,-1.0,100701.0525,101517.0959375,0.0875009314001555,transition,-570.8675518596714,signal_change,3
BTC-USD,SCORE,2025-11-05 03:00:00+00:00,2025-11-05 04:00:00+00:00,-1.0,101675.911875,102094.72875,0.23234771618719868,transition,-798.5343674190628,signal_change,1
BTC-USD,SCORE,2025-11-05 05:00:00+00:00,2025-11-05 06:00:00+00:00,-1.0,101974.4196875,101795.885,0.24850956022306286,transition,195.3608027778592,signal_change,1
BTC-USD,SCORE,2025-11-06 08:00:00+00:00,2025-11-06 09:00:00+00:00,1.0,103189.04125,103194.08375,0.14506968703751702,transition,-69.50776568192316,signal_change,1
BTC-USD,SCORE,2025-11-06 11:00:00+00:00,2025-11-06 12:00:00+00:00,1.0,102811.181875,103199.8884375,0.14833328538611593,transition,282.0735189643028,signal_change,1
BTC-USD,SCORE,2025-11-06 16:00:00+00:00,2025-11-06 19:00:00+00:00,-1.0,101975.70875,101635.806875,0.12912304604331212,transition,95.77753719599833,signal_change,3
BTC-USD,SCORE,2025-11-06 21:00:00+00:00,2025-11-06 22:00:00+00:00,-1.0,100860.130625,101067.806875,0.33228502149913436,transition,-599.0852669300158,signal_change,1
BTC-USD,SCORE,2025-11-06 23:00:00+00:00,2025-11-07 01:00:00+00:00,-1.0,101416.2009375,101458.744375,0.1169888132092992,transition,-166.6818784695342,signal_change,2
BTC-USD,SCORE,2025-11-07 03:00:00+00:00,2025-11-07 04:00:00+00:00,-1.0,101892.974375,101866.7053125,0.11604050378384424,transition,-79.29179416095982,signal_change,1
BTC-USD,SCORE,2025-11-07 05:00:00+00:00,2025-11-07 06:00:00+00:00,-1.0,101973.1540625,102385.6896875,0.3426389083192672,transition,-985.3727154835892,signal_change,1
BTC-USD,SCORE,2025-11-07 10:00:00+00:00,2025-11-07 14:00:00+00:00,-1.0,100963.8259375,100266.650625,0.3289587905637843,transition,1339.3509998399004,signal_change,4
BTC-USD,SCORE,2025-11-07 19:00:00+00:00,2025-11-07 21:00:00+00:00,1.0,102483.3928125,103766.349375,0.34990891687870856,transition,2609.6397068862834,signal_change,2
BTC-USD,SCORE,2025-11-07 22:00:00+00:00,2025-11-07 23:00:00+00:00,1.0,103839.635,103608.45875,0.3541563676877843,transition,-686.5561421092407,signal_change,1
BTC-USD,SCORE,2025-11-09 05:00:00+00:00,2025-11-09 06:00:00+00:00,-1.0,101701.4665625,101895.66625,0.230142320158591,transition,-365.6161836664851,signal_change,1
BTC-USD,SCORE,2025-11-09 12:00:00+00:00,2025-11-09 13:00:00+00:00,1.0,102208.91625,102065.224375,0.7129357284949831,range,-1005.4086754583858,signal_change,1
BTC-USD,SCORE,2025-11-09 14:00:00+00:00,2025-11-09 17:00:00+00:00,1.0,102901.2678125,103819.6853125,0.6339598293517,shock,3285.7303633111187,signal_change,3
BTC-USD,SCORE,2025-11-09 18:00:00+00:00,2025-11-09 19:00:00+00:00,1.0,103617.9553125,104507.8103125,0.5593388533442442,shock,2794.1363262785085,signal_change,1
BTC-USD,SCORE,2025-11-09 20:00:00+00:00,2025-11-10 00:00:00+00:00,1.0,104788.0725,104684.0241796875,0.546759145432491,transition,-631.3705623731789,stop,5
BTC-USD,SCORE,2025-11-10 01:00:00+00:00,2025-11-10 02:00:00+00:00,1.0,106284.1740625,105727.786875,0.30815408930304855,shock,-1197.570903959736,signal_change,1
BTC-USD,SCORE,2025-11-10 03:00:00+00:00,2025-11-10 04:00:00+00:00,1.0,106066.494375,106021.4196875,0.4445967316067552,trend,-350.0430688447372,signal_change,1
BTC-USD,SCORE,2025-11-10 07:00:00+00:00,2025-11-10 08:00:00+00:00,1.0,106216.3146875,106442.286875,0.4383979050964044,trend,373.5799924746784,signal_change,1
BTC-USD,SCORE,2025-11-10 10:00:00+00:00,2025-11-10 11:00:00+00:00,1.0,106424.66625,106001.7790625,0.41802875755510976,transition,-1282.420584588942,signal_change,1
BTC-USD,SCORE,2025-11-11 03:00:00+00:00,2025-11-11 04:00:00+00:00,1.0,106662.79125,106446.6540625,0.42605463588843906,transition,-772.3283186943333,signal_change,1
BTC-USD,SCORE,2025-11-11 06:00:00+00:00,2025-11-11 07:00:00+00:00,-1.0,105240.33375,105234.3928125,0.40604080254654196,transition,-199.57943638434924,signal_change,1
BTC-USD,SCORE,2025-11-11 14:00:00+00:00,2025-11-11 15:00:00+00:00,-1.0,104366.1853125,104613.85375,0.14945250504693436,shock,20.436236877544502,signal_change,1
BTC-USD,SCORE,2025-11-12 09:00:00+00:00,2025-11-12 10:00:00+00:00,-1.0,104168.7165625,104560.8225,0.4862737505726315,transition,-1000.9168208325385,signal_change,1
BTC-USD,SCORE,2025-11-12 16:00:00+00:00,2025-11-12 21:00:00+00:00,-1.0,102173.4196875,101523.3928125,0.148507663101281,shock,546.8574102787188,signal_change,5
BTC-USD,SCORE,2025-11-13 00:00:00+00:00,2025-11-13 03:00:00+00:00,-1.0,101661.0525,102061.3615625,0.4149230916152034,transition,-1230.441405727019,signal_change,3
BTC-USD,SCORE,2025-11-13 05:00:00+00:00,2025-11-13 06:00:00+00:00,-1.0,102135.365,103133.275625,0.12518084686575603,range,-1045.0159171228659,signal_change,1
BTC-USD,SCORE,2025-11-13 14:00:00+00:00,2025-11-13 15:00:00+00:00,-1.0,102297.7946875,102913.04125,0.3412107827620561,transition,-1347.9010072750248,signal_change,1
BTC-USD,SCORE,2025-11-13 18:00:00+00:00,2025-11-13 22:00:00+00:00,-1.0,99614.255625,98765.1428125,0.30980247167918695,shock,1457.209660254027,signal_change,4
BTC-USD,SCORE,2025-11-14 00:00:00+00:00,2025-11-14 02:00:00+00:00,-1.0,99690.39625,99290.7990625,0.2763085549055522,transition,882.9110558811917,signal_change,2
BTC-USD,SCORE,2025-11-14 05:00:00+00:00,2025-11-14 07:00:00+00:00,-1.0,97774.08375,97364.8459375,0.26467376384554514,transition,974.2997359409062,signal_change,2
BTC-USD,SCORE,2025-11-14 08:00:00+00:00,2025-11-14 09:00:00+00:00,-1.0,97102.5603125,97343.150625,0.25329145680136317,transition,-637.3367674696275,signal_change,1
BTC-USD,SCORE,2025-11-14 11:00:00+00:00,2025-11-14 16:00:00+00:00,-1.0,96670.70875,96718.0490625,0.24525696864256274,transition,-456.7450160382102,signal_change,5
BTC-USD,SCORE,2025-11-14 21:00:00+00:00,2025-11-14 22:00:00+00:00,-1.0,94269.0603125,94978.244375,0.22536756586626505,transition,-1282.290702711704,signal_change,1
BTC-USD,SCORE,2025-11-15 03:00:00+00:00,2025-11-15 04:00:00+00:00,-1.0,96312.6540625,96314.79125,0.2298691055311605,transition,-178.69090838330223,signal_change,1
BTC-USD,SCORE,2025-11-16 17:00:00+00:00,2025-11-16 18:00:00+00:00,-1.0,94162.4821875,95104.29947916667,0.49955660659082995,transition,3373.5072953437275,stop,2
BTC-USD,SCORE,2025-11-16 19:00:00+00:00,2025-11-16 21:00:00+00:00,-1.0,94004.8571875,94050.4475,0.4358141658994861,transition,-1086.5726127536013,signal_change,2
BTC-USD,SCORE,2025-11-16 22:00:00+00:00,2025-11-17 00:00:00+00:00,-1.0,93437.3571875,94605.54231770833,0.40373775648338617,transition,-1105.6232324418663,stop,3
BTC-USD,SCORE,2025-11-17 14:00:00+00:00,2025-11-17 14:00:00+00:00,-1.0,93838.9509375,95477.478515625,0.28875453111794797,transition,3071.099915993914,stop,1
BTC-USD,SCORE,2025-11-17 16:00:00+00:00,2025-11-17 17:00:00+00:00,-1.0,93858.661875,94188.463125,0.281949279047068,range,-893.1714738142168,signal_change,1
BTC-USD,SCORE,2025-11-17 18:00:00+00:00,2025-11-17 19:00:00+00:00,-1.0,92685.8025,92468.0334375,0.2744252278059936,transition,325.18698863368917,signal_change,1
BTC-USD,SCORE,2025-11-17 20:00:00+00:00,2025-11-17 22:00:00+00:00,-1.0,91571.5603125,91815.35375,0.26637601459728905,shock,-642.0667646186007,signal_change,2
BTC-USD,SCORE,2025-11-18 02:00:00+00:00,2025-11-18 06:00:00+00:00,-1.0,91570.1540625,89966.775625,0.29906167487566465,transition,2660.170619161196,signal_change,4
BTC-USD,SCORE,2025-11-18 08:00:00+00:00,2025-11-18 09:00:00+00:00,-1.0,90391.1696875,91149.713125,0.2583841048847287,transition,-1526.7428854497111,signal_change,1
BTC-USD,SCORE,2025-11-18 12:00:00+00:00,2025-11-18 13:00:00+00:00,-1.0,91476.4978125,91373.4553125,0.2546238559951444,transition,198.13571155495248,signal_change,1
BTC-USD,SCORE,2025-11-18 15:00:00+00:00,2025-11-18 16:00:00+00:00,-1.0,91323.8025,92845.01,0.2728983894457262,transition,-3216.949322078245,signal_change,1
BTC-USD,SCORE,2025-11-19 17:00:00+00:00,2025-11-19 23:00:00+00:00,-1.0,89842.411875,90842.74828125,0.3063322668348762,shock,-387.6213874045618,stop,7
BTC-USD,SCORE,2025-11-20 17:00:00+00:00,2025-11-20 22:00:00+00:00,-1.0,87680.068125,87214.400625,0.09521874379788843,transition,280.14786545687497,signal_change,5
BTC-USD,SCORE,2025-11-21 00:00:00+00:00,2025-11-21 01:00:00+00:00,-1.0,86523.943125,87227.4475,0.25898994465651665,transition,-1077.0245538663523,signal_change,1
BTC-USD,SCORE,2025-11-21 03:00:00+00:00,2025-11-21 05:00:00+00:00,-1.0,85461.7009375,85948.7053125,0.23995675874684042,transition,-1091.8750371856086,signal_change,2
BTC-USD,SCORE,2025-11-21 08:00:00+00:00,2025-11-21 13:00:00+00:00,-1.0,83911.9196875,84269.9240625,0.15030648258725762,trend,1969.7188687193327,stop,6
BTC-USD,SCORE,2025-11-21 14:00:00+00:00,2025-11-21 15:00:00+00:00,-1.0,84035.818125,84938.181875,0.1740500963555457,transition,-1538.988449308586,signal_change,1
BTC-USD,SCORE,2025-11-21 16:00:00+00:00,2025-11-21 17:00:00+00:00,-1.0,82866.068125,84849.2678125,0.05831112856417428,transition,-797.6481549971776,signal_change,1
BTC-USD,SCORE,2025-11-21 18:00:00+00:00,2025-11-21 19:00:00+00:00,-1.0,84799.2790625,84531.0646875,0.16827073669070045,transition,299.85017653436387,signal_change,1
BTC-USD,SCORE,2025-11-21 20:00:00+00:00,2025-11-21 21:00:00+00:00,-1.0,84150.1696875,84502.385,0.16623693501160763,transition,-548.4097365442326,signal_change,1
BTC-USD,SCORE,2025-11-22 17:00:00+00:00,2025-11-22 18:00:00+00:00,1.0,84611.2209375,84549.4040625,0.10976387159758738,transition,-106.72001334314346,signal_change,1
BTC-USD,SCORE,2025-11-23 02:00:00+00:00,2025-11-23 06:00:00+00:00,1.0,85835.5178125,86287.74,0.15089330940182097,shock,428.5103711445934,signal_change,4
BTC-USD,SCORE,2025-11-23 08:00:00+00:00,2025-11-23 09:00:00+00:00,1.0,85735.744375,86108.318125,0.14931896439411432,transition,336.6519264969434,signal_change,1
BTC-USD,SCORE,2025-11-23 12:00:00+00:00,2025-11-24 00:00:00+00:00,1.0,86264.4709375,86794.39625,0.15628772609845176,transition,544.4364270482373,signal_change,12
BTC-USD,SCORE,2025-11-24 14:00:00+00:00,2025-11-24 15:00:00+00:00,-1.0,86089.9665625,86030.181875,0.10875502962317363,transition,308.81121134105604,signal_change,1
BTC-USD,SCORE,2025-11-24 19:00:00+00:00,2025-11-24 20:00:00+00:00,1.0,88674.8771875,88307.3884375,0.2909370737456288,transition,-915.6414908163064,signal_change,1
BTC-USD,SCORE,2025-11-24 21:00:00+00:00,2025-11-24 22:00:00+00:00,1.0,89113.7053125,88777.036875,0.2888957853630523,transition,-841.4061647043624,signal_change,1
BTC-USD,SCORE,2025-11-25 20:00:00+00:00,2025-11-25 21:00:00+00:00,-1.0,86848.3259375,87336.900625,0.386487985457368,transition,-1915.3091821406624,signal_change,1
BTC-USD,SCORE,2025-11-26 18:00:00+00:00,2025-11-26 20:00:00+00:00,1.0,89908.8146875,89924.005625,0.12517384209107055,shock,-49.69195158799292,signal_change,2
BTC-USD,SCORE,2025-11-27 03:00:00+00:00,2025-11-27 04:00:00+00:00,1.0,91399.3303125,91138.7321875,0.13752812615405682,transition,-318.05319562838105,signal_change,1
BTC-USD,SCORE,2025-11-27 14:00:00+00:00,2025-11-27 15:00:00+00:00,1.0,90845.4475,90780.0915625,0.4160327995991028,trend,-400.1405292176056,signal_change,1
BTC-USD,SCORE,2025-11-27 16:00:00+00:00,2025-11-27 17:00:00+00:00,1.0,90935.91625,91448.7165625,0.4391951947295097,trend,1343.942355035051,signal_change,1
BTC-USD,SCORE,2025-11-27 18:00:00+00:00,2025-11-27 20:00:00+00:00,1.0,91480.2521875,91542.52125,0.18705173119609908,shock,-13.27435805827372,signal_change,2
BTC-USD,SCORE,2025-11-28 15:00:00+00:00,2025-11-28 16:00:00+00:00,1.0,92224.3459375,91445.52515625,0.18358266010347674,transition,-1074.581045777257,stop,2
BTC-USD,SCORE,2025-11-28 17:00:00+00:00,2025-11-28 19:00:00+00:00,-1.0,90948.380625,90841.6975,0.1592730140372198,shock,223.1091419131719,signal_change,2
BTC-USD,SCORE,2025-11-30 13:00:00+00:00,2025-11-30 16:00:00+00:00,1.0,91457.0178125,91455.3884375,0.27267211005279773,shock,-139.90386922574632,signal_change,3
BTC-USD,SCORE,2025-12-01 00:00:00+00:00,2025-12-01 00:00:00+00:00,-1.0,90379.83375,88438.494375,0.16700122396664993,shock,-2354.8573839241008,stop,1
BTC-USD,SCORE,2025-12-01 01:00:00+00:00,2025-12-01 09:00:00+00:00,-1.0,87049.8103125,86866.2209375,0.31962007835682177,shock,329.82216043512454,signal_change,8
BTC-USD,SCORE,2025-12-01 11:00:00+00:00,2025-12-01 13:00:00+00:00,-1.0,86644.24,85418.2990625,0.38123791770626686,trend,2853.6848601363877,signal_change,2
BTC-USD,SCORE,2025-12-01 14:00:00+00:00,2025-12-01 15:00:00+00:00,-1.0,85983.1071875,86014.76,0.34763433177689895,trend,-1008.3233216999024,stop,2
BTC-USD,SCORE,2025-12-01 16:00:00+00:00,2025-12-01 19:00:00+00:00,-1.0,84653.5915625,85218.275625,0.2869900553277683,trend,-1189.743181064761,signal_change,3
BTC-USD,SCORE,2025-12-01 20:00:00+00:00,2025-12-01 21:00:00+00:00,-1.0,85021.865,85455.1896875,0.26577759242350935,transition,-1044.4649877881648,signal_change,1
BTC-USD,SCORE,2025-12-02 12:00:00+00:00,2025-12-02 13:00:00+00:00,1.0,87381.4240625,87284.8571875,0.3276821602050352,transition,-393.5002935817747,signal_change,1
BTC-USD,SCORE,2025-12-02 15:00:00+00:00,2025-12-02 17:00:00+00:00,1.0,89255.9240625,90833.2321875,0.6565311479138772,trend,6979.178769506358,signal_change,2
BTC-USD,SCORE,2025-12-02 18:00:00+00:00,2025-12-02 19:00:00+00:00,1.0,91494.41625,91963.6071875,0.3328913955475614,trend,917.0117823130028,signal_change,1
BTC-USD,SCORE,2025-12-02 20:00:00+00:00,2025-12-02 22:00:00+00:00,1.0,91945.8459375,91635.1696875,0.32599713649928413,trend,-860.3857753430282,signal_change,2
BTC-USD,SCORE,2025-12-03 03:00:00+00:00,2025-12-03 04:00:00+00:00,1.0,92813.1428125,92710.0603125,0.33952726454517457,trend,-413.35068610922355,signal_change,1
BTC-USD,SCORE,2025-12-03 05:00:00+00:00,2025-12-03 08:00:00+00:00,1.0,93369.4865625,93019.3415625,0.3298919719815228,trend,-954.2505090066396,signal_change,3
BTC-USD,SCORE,2025-12-03 15:00:00+00:00,2025-12-03 16:00:00+00:00,1.0,92479.0803125,92380.33375,0.3527679547546001,shock,-418.9076423033401,signal_change,1
BTC-USD,SCORE,2025-12-03 23:00:00+00:00,2025-12-04 00:00:00+00:00,1.0,93805.994375,93463.3728125,0.36580271295803146,transition,-1034.5776103014325,signal_change,1
BTC-USD,SCORE,2025-12-04 20:00:00+00:00,2025-12-04 21:00:00+00:00,-1.0,92067.2790625,92514.6740625,0.12853349780781084,transition,-487.4022152338846,signal_change,1
BTC-USD,SCORE,2025-12-05 05:00:00+00:00,2025-12-05 06:00:00+00:00,-1.0,92044.4665625,91944.088125,0.41883788511605313,transition,110.10737255189527,signal_change,1
BTC-USD,SCORE,2025-12-05 10:00:00+00:00,2025-12-05 12:00:00+00:00,-1.0,91159.8025,91381.8146875,0.4104944089232555,transition,-916.7641329533194,signal_change,2
BTC-USD,SCORE,2025-12-05 15:00:00+00:00,2025-12-05 16:00:00+00:00,-1.0,90292.02125,90079.176015625,0.4042317446701383,shock,-966.7607161982393,stop,2
BTC-USD,SCORE,2025-12-05 17:00:00+00:00,2025-12-05 20:00:00+00:00,-1.0,88900.9196875,89680.0725,0.2520302493343321,transition,-1686.9148981581538,signal_change,3
BTC-USD,SCORE,2025-12-05 21:00:00+00:00,2025-12-05 23:00:00+00:00,-1.0,89323.0525,89282.66625,0.37052508410596136,transition,-157.89117328366743,signal_change,2
BTC-USD,SCORE,2025-12-07 14:00:00+00:00,2025-12-07 14:00:00+00:00,-1.0,89070.70875,88790.4230859375,0.23951386146513698,shock,-595.748938378126,stop,1
BTC-USD,SCORE,2025-12-07 15:00:00+00:00,2025-12-07 15:00:00+00:00,-1.0,88250.9509375,88965.49153645833,0.43839277315472436,shock,2013.6660527170366,stop,1
BTC-USD,SCORE,2025-12-07 18:00:00+00:00,2025-12-07 20:00:00+00:00,1.0,90990.35375,91401.005625,0.17959394015606187,shock,421.07257002204335,signal_change,2
BTC-USD,SCORE,2025-12-08 02:00:00+00:00,2025-12-08 04:00:00+00:00,1.0,90910.8303125,91132.6775,0.37258382370888404,transition,388.83850397814075,signal_change,2
BTC-USD,SCORE,2025-12-09 16:00:00+00:00,2025-12-09 18:00:00+00:00,1.0,92656.3928125,93874.6696875,0.13057517619783618,shock,1025.3062133515186,signal_change,2
BTC-USD,SCORE,2025-12-09 23:00:00+00:00,2025-12-10 00:00:00+00:00,1.0,92903.54125,92705.865,0.3588808594193072,transition,-665.4723709228529,signal_change,1
BTC-USD,SCORE,2025-12-10 05:00:00+00:00,2025-12-10 06:00:00+00:00,1.0,92567.3225,92600.349375,0.387417140840145,transition,-108.72330277059913,signal_change,1
BTC-USD,SCORE,2025-12-10 11:00:00+00:00,2025-12-10 13:00:00+00:00,1.0,92292.838125,92007.24,0.36208392236909587,transition,-892.4104893107184,signal_change,2
BTC-USD,SCORE,2025-12-11 02:00:00+00:00,2025-12-11 05:00:00+00:00,-1.0,90709.58375,90466.5178125,0.37787904883574286,transition,312.7648127765384,signal_change,3
BTC-USD,SCORE,2025-12-11 16:00:00+00:00,2025-12-11 17:00:00+00:00,-1.0,89912.9821875,89718.22875,0.34694633285149773,transition,571.0967740368795,signal_change,1
BTC-USD,SCORE,2025-12-12 07:00:00+00:00,2025-12-12 13:00:00+00:00,1.0,92532.4084375,92435.4821875,0.3736113223254,transition,-435.82465500195724,signal_change,6
BTC-USD,SCORE,2025-12-12 14:00:00+00:00,2025-12-12 15:00:00+00:00,1.0,92310.181875,91097.20833333333,0.38166436585669566,transition,-3356.3802416526382,stop,2
BTC-USD,SCORE,2025-12-12 16:00:00+00:00,2025-12-12 17:00:00+00:00,-1.0,89972.2165625,90123.306875,0.11557231691059475,shock,47.11133971583381,signal_change,1
BTC-USD,SCORE,2025-12-13 03:00:00+00:00,2025-12-13 04:00:00+00:00,-1.0,90245.599375,90359.963125,0.5295699740497635,transition,-571.359332049799,signal_change,1
BTC-USD,SCORE,2025-12-14 10:00:00+00:00,2025-12-14 11:00:00+00:00,-1.0,90038.5759375,89845.635,0.42127341313856387,transition,242.63857085757957,signal_change,1
BTC-USD,SCORE,2025-12-14 12:00:00+00:00,2025-12-14 13:00:00+00:00,-1.0,89415.786875,89432.931875,0.3430708161334648,transition,-282.53384751691215,signal_change,1
BTC-USD,SCORE,2025-12-14 17:00:00+00:00,2025-12-14 18:00:00+00:00,-1.0,88847.880625,88835.150625,0.8281130598658593,transition,-585.7974098043355,signal_change,1
BTC-USD,SCORE,2025-12-14 20:00:00+00:00,2025-12-14 21:00:00+00:00,-1.0,88660.568125,88584.525625,0.7371122972637719,transition,-67.3717454922496,signal_change,1
BTC-USD,SCORE,2025-12-14 22:00:00+00:00,2025-12-14 23:00:00+00:00,-1.0,88469.036875,88514.963125,0.714150698825401,trend,767.0691843032074,signal_change,1
BTC-USD,SCORE,2025-12-15 15:00:00+00:00,2025-12-15 22:00:00+00:00,-1.0,88091.3728125,86205.6271875,0.14555604190719587,shock,1825.8751410345174,signal_change,7
BTC-USD,SCORE,2025-12-15 23:00:00+00:00,2025-12-16 00:00:00+00:00,-1.0,86238.8025,86424.4475,0.37278413791592785,transition,-681.3634033189413,signal_change,1
BTC-USD,SCORE,2025-12-16 04:00:00+00:00,2025-12-16 05:00:00+00:00,-1.0,85837.77125,85804.650625,0.3854102131736359,trend,-77.62803552489329,signal_change,1
BTC-USD,SCORE,2025-12-16 08:00:00+00:00,2025-12-16 09:00:00+00:00,-1.0,86007.2009375,86266.2053125,0.36608612833738047,transition,-710.1612025011916,signal_change,1
BTC-USD,SCORE,2025-12-16 14:00:00+00:00,2025-12-16 15:00:00+00:00,-1.0,86507.443125,87255.0725,0.34903884304109734,transition,-1873.150292188646,signal_change,1
BTC-USD,SCORE,2025-12-17 01:00:00+00:00,2025-12-17 02:00:00+00:00,1.0,87536.7990625,87532.8884375,0.3962233399121411,transition,-209.85123411680894,signal_change,1
BTC-USD,SCORE,2025-12-17 16:00:00+00:00,2025-12-17 18:00:00+00:00,-1.0,87222.411875,86394.6975,0.10790194568704115,shock,545.7198911412142,signal_change,2
BTC-USD,SCORE,2025-12-17 19:00:00+00:00,2025-12-17 22:00:00+00:00,-1.0,85793.1540625,85945.2209375,0.29609237089880824,transition,-501.8449359465284,signal_change,3
BTC-USD,SCORE,2025-12-18 20:00:00+00:00,2025-12-18 21:00:00+00:00,-1.0,84460.9665625,85134.10375,0.31271299992842644,transition,-11.175830267838137,signal_change,1
BTC-USD,SCORE,2025-12-21 00:00:00+00:00,2025-12-21 02:00:00+00:00,1.0,88339.9709375,88000.630625,0.47129638732167883,shock,-1370.9338438034436,signal_change,2
BTC-USD,SCORE,2025-12-21 03:00:00+00:00,2025-12-21 04:00:00+00:00,-1.0,87924.1540625,88038.3928125,0.4542378669287197,transition,-637.3024159164054,signal_change,1
BTC-USD,SCORE,2025-12-21 09:00:00+00:00,2025-12-21 12:00:00+00:00,1.0,88592.8303125,88591.1384375,0.4200833381708031,shock,-213.91047713477064,signal_change,3
BTC-USD,SCORE,2025-12-21 14:00:00+00:00,2025-12-21 15:00:00+00:00,-1.0,87666.39625,88027.7678125,0.31834300003767474,transition,-936.6317292647049,signal_change,1
BTC-USD,SCORE,2025-12-22 08:00:00+00:00,2025-12-22 10:00:00+00:00,1.0,89118.744375,89792.2165625,0.5307514949250719,transition,2233.1619392028606,signal_change,2
BTC-USD,SCORE,2025-12-22 12:00:00+00:00,2025-12-22 14:00:00+00:00,1.0,89915.8928125,89889.5525,0.530827291591504,transition,-360.883562052687,signal_change,2
BTC-USD,SCORE,2025-12-22 15:00:00+00:00,2025-12-22 17:00:00+00:00,1.0,90096.3303125,89214.84895833333,0.17815897528694036,shock,-1182.117067020496,stop,3
BTC-USD,SCORE,2025-12-22 20:00:00+00:00,2025-12-22 21:00:00+00:00,-1.0,88034.3259375,88321.2678125,0.15479439405753684,transition,-571.969871062699,signal_change,1
BTC-USD,SCORE,2025-12-23 06:00:00+00:00,2025-12-23 10:00:00+00:00,-1.0,87625.5915625,87473.9475,0.4357941979484495,transition,176.6755141207087,signal_change,4
BTC-USD,SCORE,2025-12-23 15:00:00+00:00,2025-12-23 16:00:00+00:00,-1.0,86822.3728125,87417.994375,0.47802214278544025,transition,-2341.6554987751715,signal_change,1
BTC-USD,SCORE,2025-12-23 19:00:00+00:00,2025-12-23 20:00:00+00:00,-1.0,87933.8025,87709.72875,0.16384562469504438,transition,206.87675144277654,signal_change,1
BTC-USD,SCORE,2025-12-25 09:00:00+00:00,2025-12-25 10:00:00+00:00,1.0,87525.869375,87459.4275,0.25820447993463286,transition,-250.3179692898477,signal_change,1
BTC-USD,SCORE,2025-12-26 00:00:00+00:00,2025-12-26 02:00:00+00:00,-1.0,87214.49,87379.9709375,0.28440908118437336,transition,-502.442527324933,signal_change,2
BTC-USD,SCORE,2025-12-26 03:00:00+00:00,2025-12-26 04:00:00+00:00,1.0,89099.0178125,88688.6384375,0.2189058859913241,shock,-735.0802069281241,signal_change,1
BTC-USD,SCORE,2025-12-26 05:00:00+00:00,2025-12-26 06:00:00+00:00,1.0,88893.8146875,88924.1853125,0.2069136409899571,transition,-58.84954442579181,signal_change,1
BTC-USD,SCORE,2025-12-26 07:00:00+00:00,2025-12-26 08:00:00+00:00,1.0,89072.8928125,88394.3884375,0.5240878203069016,transition,-2734.778371938347,signal_change,1
BTC-USD,SCORE,2025-12-26 16:00:00+00:00,2025-12-26 18:00:00+00:00,-1.0,87063.70875,87235.6584375,0.15501949010252142,transition,-272.7506621298407,signal_change,2
BTC-USD,SCORE,2025-12-27 23:00:00+00:00,2025-12-28 03:00:00+00:00,1.0,87509.41625,87743.89625,0.5886767654343776,shock,682.717147661675,signal_change,4
BTC-USD,SCORE,2025-12-28 09:00:00+00:00,2025-12-28 10:00:00+00:00,1.0,87733.6115625,87737.74,1.5700802315366098,transition,-730.4577965714448,signal_change,1
BTC-USD,SCORE,2025-12-28 11:00:00+00:00,2025-12-28 12:00:00+00:00,1.0,87788.369375,87813.83375,0.5509663179227595,transition,-173.46857108102307,signal_change,1
BTC-USD,SCORE,2025-12-28 13:00:00+00:00,2025-12-28 15:00:00+00:00,1.0,87772.8303125,87848.39625,1.5902255341318694,transition,58.63595081150061,signal_change,2
BTC-USD,SCORE,2025-12-28 17:00:00+00:00,2025-12-28 18:00:00+00:00,1.0,87749.4553125,87693.3728125,1.5175000337979425,transition,-1346.8239220484036,signal_change,1
BTC-USD,SCORE,2025-12-29 01:00:00+00:00,2025-12-29 01:00:00+00:00,1.0,88226.6975,87858.115234375,0.4193202126024726,shock,-1284.9884990639312,stop,1
BTC-USD,SCORE,2025-12-29 02:00:00+00:00,2025-12-29 02:00:00+00:00,1.0,88353.5178125,88582.81421875,0.35774993278405454,shock,394.4867018363131,stop,1
BTC-USD,SCORE,2025-12-29 03:00:00+00:00,2025-12-29 03:00:00+00:00,1.0,89086.8225,89264.1530859375,0.30762744744111076,shock,225.09213733316403,stop,1
BTC-USD,SCORE,2025-12-29 04:00:00+00:00,2025-12-29 07:00:00+00:00,1.0,90012.6428125,89672.7009375,0.5909247381352644,shock,-1662.8552640891617,signal_change,3
BTC-USD,SCORE,2025-12-29 08:00:00+00:00,2025-12-29 09:00:00+00:00,1.0,89505.29125,88912.12630208333,0.7540348331551577,transition,-3434.5739286082717,stop,2
BTC-USD,SCORE,2025-12-29 13:00:00+00:00,2025-12-29 14:00:00+00:00,-1.0,87252.3103125,87255.900625,0.5245280306322602,transition,-22.3876938417677,signal_change,1
BTC-USD,SCORE,2025-12-29 15:00:00+00:00,2025-12-29 16:00:00+00:00,-1.0,87288.5915625,87600.4553125,0.4740998960296865,range,-1502.9771832711872,signal_change,1
BTC-USD,SCORE,2025-12-30 10:00:00+00:00,2025-12-30 11:00:00+00:00,1.0,87878.885,87843.2634375,0.21170646275947153,shock,-155.27312930402172,signal_change,1
BTC-USD,SCORE,2025-12-30 15:00:00+00:00,2025-12-30 17:00:00+00:00,1.0,88811.79125,88146.1745703125,0.42806910257603853,shock,-2160.0864230094317,stop,3
BTC-USD,SCORE,2025-12-30 18:00:00+00:00,2025-12-30 19:00:00+00:00,1.0,88302.4865625,88240.755625,0.5761923062534223,transition,-523.4589876029764,signal_change,1
BTC-USD,SCORE,2025-12-31 00:00:00+00:00,2025-12-31 01:00:00+00:00,1.0,88407.7365625,88148.661875,0.5701906679568187,transition,-1287.7655086457635,signal_change,1
BTC-USD,SCORE,2025-12-31 02:00:00+00:00,2025-12-31 03:00:00+00:00,1.0,88501.5021875,88575.70875,0.5588357829145102,transition,12.828702246621958,signal_change,1
BTC-USD,SCORE,2025-12-31 06:00:00+00:00,2025-12-31 07:00:00+00:00,1.0,88352.7678125,88401.95875,0.5782746301915014,transition,-85.13897438827908,signal_change,1
BTC-USD,SCORE,2025-12-31 12:00:00+00:00,2025-12-31 13:00:00+00:00,1.0,88910.51,88680.64625,0.6175960646353176,transition,-1262.7894910590437,signal_change,1
BTC-USD,SCORE,2025-12-31 20:00:00+00:00,2025-12-31 21:00:00+00:00,-1.0,87419.880625,87531.6428125,0.6969737069917361,transition,-904.537858688137,signal_change,1
BTC-USD,SCORE,2026-01-01 05:00:00+00:00,2026-01-01 06:00:00+00:00,-1.0,87452.7790625,87555.4553125,0.7999029574311673,transition,-982.046261288986,signal_change,1
BTC-USD,SCORE,2026-01-01 18:00:00+00:00,2026-01-01 19:00:00+00:00,1.0,88239.400625,88062.9665625,1.2095697153435465,transition,-2033.9496860302409,signal_change,1
BTC-USD,SCORE,2026-01-01 23:00:00+00:00,2026-01-02 02:00:00+00:00,1.0,88530.3303125,88535.255625,2.343564610784312,shock,-1052.6236732505404,signal_change,3
BTC-USD,SCORE,2026-01-02 03:00:00+00:00,2026-01-02 05:00:00+00:00,1.0,88519.619375,88529.6384375,1.0347215304556858,shock,-425.23822044623256,signal_change,2
BTC-USD,SCORE,2026-01-02 07:00:00+00:00,2026-01-02 13:00:00+00:00,1.0,88830.1975,89312.8571875,0.9469114712022034,transition,2619.4077474157307,signal_change,6
BTC-USD,SCORE,2026-01-02 15:00:00+00:00,2026-01-02 15:00:00+00:00,1.0,89728.6740625,88993.99934895833,0.2127635002148975,shock,-1147.6337397717564,stop,1
BTC-USD,SCORE,2026-01-02 16:00:00+00:00,2026-01-02 16:00:00+00:00,1.0,89318.4240625,89464.292734375,0.18588777917427637,shock,92.73607739967034,stop,1
BTC-USD,SCORE,2026-01-02 17:00:00+00:00,2026-01-02 18:00:00+00:00,1.0,90338.5334375,90320.3025,0.1835228611422215,shock,-110.1437927806806,signal_change,1
BTC-USD,SCORE,2026-01-04 01:00:00+00:00,2026-01-04 03:00:00+00:00,1.0,91293.3615625,91088.58375,0.5817160786937997,transition,-1060.1899195891865,signal_change,2
BTC-USD,SCORE,2026-01-04 04:00:00+00:00,2026-01-04 05:00:00+00:00,1.0,91217.7990625,91349.1384375,0.8353632785433142,transition,319.07895757442304,signal_change,1
BTC-USD,SCORE,2026-01-04 08:00:00+00:00,2026-01-04 13:00:00+00:00,1.0,91487.400625,91080.818125,0.8686326846610264,transition,-2723.719514313704,signal_change,5
BTC-USD,SCORE,2026-01-04 20:00:00+00:00,2026-01-04 21:00:00+00:00,1.0,91100.7990625,91259.6071875,0.8271610772633602,transition,464.031183686149,signal_change,1
BTC-USD,SCORE,2026-01-05 01:00:00+00:00,2026-01-05 01:00:00+00:00,1.0,92339.213125,92271.3718359375,0.2691429753713691,shock,-246.19979506133342,stop,1
BTC-USD,SCORE,2026-01-05 02:00:00+00:00,2026-01-05 04:00:00+00:00,1.0,92913.41625,92841.49,0.26245822320649453,shock,-246.010504978573,signal_change,2
BTC-USD,SCORE,2026-01-05 12:00:00+00:00,2026-01-05 13:00:00+00:00,1.0,93083.213125,92802.7790625,0.678922551545778,transition,-1540.915300778087,signal_change,1
BTC-USD,SCORE,2026-01-05 15:00:00+00:00,2026-01-05 20:00:00+00:00,1.0,93370.8928125,94219.380625,0.5715219793372511,shock,2811.547983804554,signal_change,5
BTC-USD,SCORE,2026-01-05 21:00:00+00:00,2026-01-05 22:00:00+00:00,1.0,94146.8303125,94082.9275,0.4816964945165995,transition,-425.0783261121569,signal_change,1
BTC-USD,SCORE,2026-01-06 17:00:00+00:00,2026-01-06 20:00:00+00:00,-1.0,92650.880625,92053.635,0.49800112617797154,transition,1679.8963656647645,signal_change,3
BTC-USD,SCORE,2026-01-06 22:00:00+00:00,2026-01-06 23:00:00+00:00,-1.0,93230.1540625,93272.963125,0.16067679246878652,transition,-179.948155670366,signal_change,1
BTC-USD,SCORE,2026-01-07 01:00:00+00:00,2026-01-07 03:00:00+00:00,-1.0,92637.4040625,92900.76,0.4274841109158641,transition,-852.7457874982337,signal_change,2
BTC-USD,SCORE,2026-01-07 10:00:00+00:00,2026-01-07 11:00:00+00:00,-1.0,91569.224375,91880.8615625,0.39475537273591443,transition,-927.2814486255381,signal_change,1
BTC-USD,SCORE,2026-01-08 04:00:00+00:00,2026-01-08 05:00:00+00:00,-1.0,90726.5525,90989.6896875,0.5117805940808788,transition,-860.4587717654937,signal_change,1
BTC-USD,SCORE,2026-01-08 07:00:00+00:00,2026-01-08 10:00:00+00:00,-1.0,89831.8025,89892.588125,0.3218055648223165,transition,-233.71216933150797,signal_change,3
BTC-USD,SCORE,2026-01-08 12:00:00+00:00,2026-01-08 13:00:00+00:00,-1.0,90082.255625,89866.3303125,0.4488774414049799,transition,325.6939702416204,signal_change,1
BTC-USD,SCORE,2026-01-09 07:00:00+00:00,2026-01-09 08:00:00+00:00,1.0,91024.6740625,90649.49,0.18789816508457724,shock,-550.6411080616506,signal_change,1
BTC-USD,SCORE,2026-01-09 14:00:00+00:00,2026-01-09 15:00:00+00:00,1.0,90480.244375,90038.865,0.5254522234538235,range,-1774.1050451006663,signal_change,1
BTC-USD,SCORE,2026-01-09 17:00:00+00:00,2026-01-09 18:00:00+00:00,1.0,91516.181875,91343.5290625,0.47570562239818376,range,-757.6957002829365,signal_change,1
BTC-USD,SCORE,2026-01-09 20:00:00+00:00,2026-01-09 21:00:00+00:00,-1.0,90144.7946875,90166.150625,0.4460367312426788,transition,-388.90704543208165,signal_change,1
BTC-USD,SCORE,2026-01-11 07:00:00+00:00,2026-01-11 08:00:00+00:00,1.0,90634.10375,90597.4275,0.7215072445732368,transition,-514.3456482400923,signal_change,1
BTC-USD,SCORE,2026-01-11 13:00:00+00:00,2026-01-11 15:00:00+00:00,1.0,90826.3225,90673.6276953125,1.961172831862392,transition,-2892.497639627441,stop,3
BTC-USD,SCORE,2026-01-11 17:00:00+00:00,2026-01-11 19:00:00+00:00,1.0,90912.35375,90757.1540625,1.5091871926508689,transition,-2224.398969085122,signal_change,2
BTC-USD,SCORE,2026-01-11 22:00:00+00:00,2026-01-11 23:00:00+00:00,1.0,90623.994375,90400.2009375,1.2337676803206175,transition,-2362.9074755453375,signal_change,1
BTC-USD,SCORE,2026-01-12 00:00:00+00:00,2026-01-12 02:00:00+00:00,1.0,90851.9084375,91409.130625,0.36671118094801347,transition,1139.8516592886604,stop,3
BTC-USD,SCORE,2026-01-12 03:00:00+00:00,2026-01-12 04:00:00+00:00,1.0,92098.6115625,91694.4040625,0.27271244586769317,shock,-827.8111774705394,signal_change,1
BTC-USD,SCORE,2026-01-12 05:00:00+00:00,2026-01-12 06:00:00+00:00,1.0,92035.6584375,91984.6696875,0.7294764981202834,transition,-576.9084988026182,signal_change,1
BTC-USD,SCORE,2026-01-12 17:00:00+00:00,2026-01-12 17:00:00+00:00,1.0,92049.5334375,91018.443359375,0.4433028927114884,transition,-3104.3741124565036,stop,1
BTC-USD,SCORE,2026-01-13 10:00:00+00:00,2026-01-13 11:00:00+00:00,1.0,92201.4240625,92038.286875,0.4914428890879053,transition,-732.779990233453,signal_change,1
BTC-USD,SCORE,2026-01-13 12:00:00+00:00,2026-01-13 13:00:00+00:00,1.0,91932.1584375,92013.0446875,0.17381102045090818,transition,8.006396486692914,signal_change,1
BTC-USD,SCORE,2026-01-13 14:00:00+00:00,2026-01-13 15:00:00+00:00,1.0,91926.338125,92421.349375,0.16803981578337032,transition,446.74099655280884,signal_change,1
BTC-USD,SCORE,2026-01-13 16:00:00+00:00,2026-01-13 17:00:00+00:00,1.0,93500.4709375,93347.0915625,0.47579297994601794,transition,-673.7046462544153,signal_change,1
BTC-USD,SCORE,2026-01-13 20:00:00+00:00,2026-01-13 22:00:00+00:00,1.0,94222.4865625,94069.4978125,0.5102093693174024,transition,-715.2218525421342,signal_change,2
BTC-USD,SCORE,2026-01-13 23:00:00+00:00,2026-01-14 00:00:00+00:00,1.0,95648.713125,95363.2946875,0.15253517212804413,trend,-333.9647963333217,signal_change,1
BTC-USD,SCORE,2026-01-14 04:00:00+00:00,2026-01-14 05:00:00+00:00,1.0,95694.431875,95191.1228125,0.4193811112098955,transition,-1469.7692517819348,signal_change,1
BTC-USD,SCORE,2026-01-14 15:00:00+00:00,2026-01-14 17:00:00+00:00,1.0,96450.119375,97245.52125,0.4337377884164491,transition,1860.6148205594402,signal_change,2
BTC-USD,SCORE,2026-01-14 18:00:00+00:00,2026-01-14 19:00:00+00:00,1.0,96953.8459375,96801.8259375,0.40322359678310465,transition,-552.7061762738481,signal_change,1
BTC-USD,SCORE,2026-01-15 09:00:00+00:00,2026-01-15 11:00:00+00:00,1.0,96617.713125,96788.49,0.41892112982740526,transition,235.8796816168048,signal_change,2
BTC-USD,SCORE,2026-01-15 19:00:00+00:00,2026-01-15 21:00:00+00:00,-1.0,95797.9509375,95177.4865625,0.43983655226725954,transition,1629.3463770234641,signal_change,2
BTC-USD,SCORE,2026-01-18 01:00:00+00:00,2026-01-18 03:00:00+00:00,-1.0,95062.1228125,94980.306875,0.5156885799299789,shock,33.87067834078704,signal_change,2
BTC-USD,SCORE,2026-01-18 15:00:00+00:00,2026-01-18 16:00:00+00:00,-1.0,94931.943125,95082.838125,1.4454882306833567,transition,-2098.4202973152787,signal_change,1
BTC-USD,SCORE,2026-01-19 00:00:00+00:00,2026-01-19 00:00:00+00:00,-1.0,93646.9040625,93147.37328125,0.565349781502843,shock,-2004.5480031011543,stop,1
BTC-USD,SCORE,2026-01-19 01:00:00+00:00,2026-01-19 05:00:00+00:00,-1.0,92703.4040625,92631.0021875,0.537287108539426,shock,-295.2428956788931,signal_change,4
BTC-USD,SCORE,2026-01-19 06:00:00+00:00,2026-01-19 07:00:00+00:00,-1.0,92481.115,92534.494375,0.7237989299190716,trend,-365.0212322063736,signal_change,1
BTC-USD,SCORE,2026-01-19 09:00:00+00:00,2026-01-19 10:00:00+00:00,-1.0,93238.880625,92993.8459375,0.6638705035703729,transition,700.1113246527451,signal_change,1
BTC-USD,SCORE,2026-01-19 13:00:00+00:00,2026-01-19 14:00:00+00:00,-1.0,93013.0915625,92974.22875,0.6428513700406259,transition,-62.94500488298995,signal_change,1
BTC-USD,SCORE,2026-01-19 23:00:00+00:00,2026-01-20 00:00:00+00:00,-1.0,92516.0759375,92583.650625,0.6883661063696063,shock,-349.3749649262585,signal_change,1
BTC-USD,SCORE,2026-01-20 06:00:00+00:00,2026-01-20 08:00:00+00:00,-1.0,91556.8884375,91083.26,0.22265549816575717,transition,573.8586352538089,signal_change,2
BTC-USD,SCORE,2026-01-20 14:00:00+00:00,2026-01-21 00:00:00+00:00,-1.0,90869.0525,88321.29125,0.5786799446344677,transition,9199.828927457509,signal_change,10
BTC-USD,SCORE,2026-01-21 01:00:00+00:00,2026-01-21 02:00:00+00:00,-1.0,88814.411875,88912.35375,0.39730879358930127,trend,-428.1144141475694,signal_change,1
BTC-USD,SCORE,2026-01-21 03:00:00+00:00,2026-01-21 04:00:00+00:00,-1.0,88940.70875,89315.8928125,0.39659157621720126,transition,-1164.1423182208853,signal_change,1
BTC-USD,SCORE,2026-01-21 13:00:00+00:00,2026-01-21 14:00:00+00:00,-1.0,88655.0446875,88599.60375,0.3829945908930677,transition,-547.878918383701,signal_change,1
BTC-USD,SCORE,2026-01-21 15:00:00+00:00,2026-01-21 16:00:00+00:00,-1.0,89722.8728125,90192.3928125,0.38398419588153226,range,-1580.805951932079,signal_change,1
BTC-USD,SCORE,2026-01-21 17:00:00+00:00,2026-01-21 19:00:00+00:00,-1.0,87527.5446875,88390.3146875,0.11812143950972437,shock,-710.221951274281,signal_change,2
BTC-USD,SCORE,2026-01-22 11:00:00+00:00,2026-01-22 12:00:00+00:00,1.0,90005.0959375,89853.255625,0.3514174888399337,transition,-507.7975294936559,signal_change,1
BTC-USD,SCORE,2026-01-23 07:00:00+00:00,2026-01-23 08:00:00+00:00,-1.0,89390.755625,89440.5334375,0.5897740796010503,transition,-446.41781577778573,signal_change,1
BTC-USD,SCORE,2026-01-23 09:00:00+00:00,2026-01-23 11:00:00+00:00,-1.0,89128.2165625,88925.7521875,0.5575216397337704,transition,603.8657351606307,signal_change,2
BTC-USD,SCORE,2026-01-23 12:00:00+00:00,2026-01-23 13:00:00+00:00,-1.0,89088.9509375,89153.306875,0.5452169302734357,transition,-652.5286886830398,signal_change,1
BTC-USD,SCORE,2026-01-23 18:00:00+00:00,2026-01-23 19:00:00+00:00,1.0,90484.463125,90425.8025,0.17056575843388241,transition,-143.31902662959297,signal_change,1
BTC-USD,SCORE,2026-01-25 00:00:00+00:00,2026-01-25 01:00:00+00:00,-1.0,89095.45875,89168.0959375,0.6064723408132122,shock,-459.7300412735773,signal_change,1
BTC-USD,SCORE,2026-01-25 04:00:00+00:00,2026-01-25 08:00:00+00:00,-1.0,88840.0525,88521.5178125,0.5894550225275769,shock,1014.75774015676,signal_change,4
BTC-USD,SCORE,2026-01-25 09:00:00+00:00,2026-01-25 11:00:00+00:00,-1.0,88184.5525,88525.67317708333,0.9056340080848027,trend,-2292.778517730288,stop,3
BTC-USD,SCORE,2026-01-25 12:00:00+00:00,2026-01-25 13:00:00+00:00,-1.0,88440.3103125,88826.51171875,1.1477415667829869,transition,-779.5672459525238,stop,2
BTC-USD,SCORE,2026-01-25 14:00:00+00:00,2026-01-25 15:00:00+00:00,-1.0,88790.2009375,88580.6584375,1.0893301925013972,transition,1077.9698976834038,signal_change,1
BTC-USD,SCORE,2026-01-25 16:00:00+00:00,2026-01-25 16:00:00+00:00,-1.0,88332.8415625,88278.67796875,0.9390742748486314,shock,-767.6311088763825,stop,1
BTC-USD,SCORE,2026-01-25 17:00:00+00:00,2026-01-25 18:00:00+00:00,-1.0,87963.1696875,87760.7590234375,0.31860306135685557,transition,454.3583320631485,stop,2
BTC-USD,SCORE,2026-01-25 19:00:00+00:00,2026-01-25 19:00:00+00:00,-1.0,87296.2009375,87145.0441796875,0.4747843411073024,shock,-694.8952056269865,stop,1
BTC-USD,SCORE,2026-01-25 20:00:00+00:00,2026-01-26 01:00:00+00:00,-1.0,86402.255625,87065.41080729167,0.4568129582923863,shock,-218.58345035416835,stop,6
BTC-USD,SCORE,2026-01-26 02:00:00+00:00,2026-01-26 05:00:00+00:00,-1.0,87568.5525,87617.16625,0.49605803914731916,transition,-320.7040403696981,signal_change,3
BTC-USD,SCORE,2026-01-26 16:00:00+00:00,2026-01-26 17:00:00+00:00,-1.0,87553.255625,87539.306875,0.40272182048076804,transition,-188.37030769478508,signal_change,1
BTC-USD,SCORE,2026-01-27 17:00:00+00:00,2026-01-27 17:00:00+00:00,1.0,88527.1896875,87664.13216145833,0.17727391578866375,range,-1078.542451484333,stop,1
BTC-USD,SCORE,2026-01-27 21:00:00+00:00,2026-01-27 22:00:00+00:00,1.0,89295.1584375,88947.8025,0.17016068728052564,transition,-459.2402349626267,signal_change,1
BTC-USD,SCORE,2026-01-27 23:00:00+00:00,2026-01-28 00:00:00+00:00,1.0,89135.9240625,89129.89625,0.49128277729637604,transition,-245.19264335612675,signal_change,1
BTC-USD,SCORE,2026-01-28 02:00:00+00:00,2026-01-28 03:00:00+00:00,1.0,89282.0334375,89141.95875,0.49510894937975203,transition,-674.167918082833,signal_change,1
BTC-USD,SCORE,2026-01-28 11:00:00+00:00,2026-01-28 15:00:00+00:00,1.0,89299.1896875,89490.45875,0.46656908818535364,transition,365.99527466365333,signal_change,4
BTC-USD,SCORE,2026-01-28 19:00:00+00:00,2026-01-28 21:00:00+00:00,1.0,89434.5646875,89014.7790625,0.4616065555920741,transition,-1457.4501570008015,signal_change,2
BTC-USD,SCORE,2026-01-29 03:00:00+00:00,2026-01-29 04:00:00+00:00,-1.0,87724.411875,87916.713125,0.1508736742333579,transition,-301.93167927678024,signal_change,1
BTC-USD,SCORE,2026-01-29 15:00:00+00:00,2026-01-29 15:00:00+00:00,-1.0,86885.568125,85979.980703125,0.3848012759200824,shock,-2473.8318247227,stop,1
BTC-USD,SCORE,2026-01-29 16:00:00+00:00,2026-01-29 21:00:00+00:00,-1.0,84780.3571875,84068.1896875,0.2643715239591516,shock,1672.75646226925,signal_change,5
BTC-USD,SCORE,2026-01-29 22:00:00+00:00,2026-01-29 23:00:00+00:00,-1.0,84384.70875,84422.7678125,0.36078262016182744,trend,-312.1529406196877,signal_change,1
BTC-USD,SCORE,2026-01-30 02:00:00+00:00,2026-01-30 04:00:00+00:00,-1.0,82350.1540625,82551.76,0.5926747951048467,trend,-1370.0491715896455,signal_change,2
BTC-USD,SCORE,2026-01-30 05:00:00+00:00,2026-01-30 08:00:00+00:00,-1.0,82784.0759375,82688.2834375,0.28797072203587776,transition,-34.89365655115978,signal_change,3
BTC-USD,SCORE,2026-01-30 14:00:00+00:00,2026-01-30 16:00:00+00:00,-1.0,82610.83375,82770.181875,0.24921192433746717,transition,-391.8661607635976,signal_change,2
BTC-USD,SCORE,2026-01-31 15:00:00+00:00,2026-01-31 16:00:00+00:00,-1.0,81367.0759375,81181.5725,0.124491498505445,transition,199.41391324800384,signal_change,1
BTC-USD,SCORE,2026-01-31 17:00:00+00:00,2026-01-31 18:00:00+00:00,-1.0,80232.4040625,78161.66234375,0.10534334541920308,shock,672.4789185613615,stop,2
BTC-USD,SCORE,2026-01-31 19:00:00+00:00,2026-01-31 20:00:00+00:00,-1.0,77932.786875,77661.0490625,0.5487589958112896,trend,-443.6962501603989,signal_change,1
BTC-USD,SCORE,2026-01-31 22:00:00+00:00,2026-01-31 23:00:00+00:00,-1.0,78177.4509375,78084.3771875,0.26918518040040534,trend,-146.8247637746506,signal_change,1
BTC-USD,SCORE,2026-02-01 00:00:00+00:00,2026-02-01 03:00:00+00:00,-1.0,78655.08375,78856.29125,0.2540942431670137,trend,-447.39942539603294,signal_change,3
BTC-USD,SCORE,2026-02-01 06:00:00+00:00,2026-02-01 08:00:00+00:00,-1.0,78524.255625,78269.713125,0.23648802705192495,trend,311.84208575709783,signal_change,2
BTC-USD,SCORE,2026-02-01 11:00:00+00:00,2026-02-01 12:00:00+00:00,-1.0,78195.0525,78675.838125,0.22414590036403864,transition,-877.5787619095424,signal_change,1
BTC-USD,SCORE,2026-02-01 14:00:00+00:00,2026-02-01 15:00:00+00:00,-1.0,78191.380625,78204.0490625,0.23106934187518946,transition,-476.71521347588236,signal_change,1
BTC-USD,SCORE,2026-02-01 16:00:00+00:00,2026-02-01 17:00:00+00:00,-1.0,77521.89625,77414.213125,0.23064966791180336,transition,205.07388442188068,signal_change,1
BTC-USD,SCORE,2026-02-02 00:00:00+00:00,2026-02-02 01:00:00+00:00,-1.0,76899.443125,77613.963125,0.08998568461802994,transition,-478.4416876308651,signal_change,1
BTC-USD,SCORE,2026-02-02 03:00:00+00:00,2026-02-02 08:00:00+00:00,-1.0,76403.0290625,76550.1115625,0.22205601859545998,shock,-623.944868222594,signal_change,5
BTC-USD,SCORE,2026-02-03 17:00:00+00:00,2026-02-03 20:00:00+00:00,-1.0,76452.224375,75336.5490625,0.19062225376307,shock,2558.3201540091673,stop,4
BTC-USD,SCORE,2026-02-03 21:00:00+00:00,2026-02-04 00:00:00+00:00,-1.0,76405.1228125,75621.7365625,0.07555327963235522,transition,387.1023188632294,signal_change,3
BTC-USD,SCORE,2026-02-04 06:00:00+00:00,2026-02-04 07:00:00+00:00,-1.0,76185.193125,76552.275625,0.21355450154336347,transition,-689.2869906017645,signal_change,1
BTC-USD,SCORE,2026-02-04 14:00:00+00:00,2026-02-04 17:00:00+00:00,-1.0,74772.0603125,73513.9709375,0.2012907563903182,transition,1764.0764604531887,signal_change,3
BTC-USD,SCORE,2026-02-05 02:00:00+00:00,2026-02-05 07:00:00+00:00,-1.0,72259.9509375,70804.4475,0.20417810857518492,transition,2331.504341040882,signal_change,5
BTC-USD,SCORE,2026-02-05 10:00:00+00:00,2026-02-05 15:00:00+00:00,-1.0,71413.3025,69328.6584375,0.1818162132184137,transition,2943.2191579566697,signal_change,5
BTC-USD,SCORE,2026-02-05 16:00:00+00:00,2026-02-06 01:00:00+00:00,-1.0,67372.911875,64213.91576171875,0.10947129748256254,transition,4290.169008571117,stop,10
BTC-USD,SCORE,2026-02-06 02:00:00+00:00,2026-02-06 03:00:00+00:00,-1.0,65560.9509375,64896.13890625,0.11242351642706878,transition,796.3866181478595,signal_change,1
BTC-USD,SCORE,2026-02-07 04:00:00+00:00,2026-02-07 05:00:00+00:00,1.0,70873.5021875,70722.5915625,0.16254801064685628,transition,-277.11149528394014,signal_change,1
BTC-USD,SCORE,2026-02-07 08:00:00+00:00,2026-02-07 09:00:00+00:00,1.0,68076.01,68485.5603125,0.05542047557239643,transition,168.34538717619816,signal_change,1
BTC-USD,SCORE,2026-02-07 11:00:00+00:00,2026-02-07 12:00:00+00:00,1.0,67986.7209375,67943.161875,0.162158754114991,transition,-136.01831015077403,signal_change,1
BTC-USD,SCORE,2026-02-07 13:00:00+00:00,2026-02-07 14:00:00+00:00,1.0,68963.5959375,68982.6384375,0.15938091197428678,transition,-48.60979722547327,signal_change,1
BTC-USD,SCORE,2026-02-08 09:00:00+00:00,2026-02-08 10:00:00+00:00,1.0,70586.16625,70154.3571875,0.301181820925857,transition,-1212.3452543151816,signal_change,1
BTC-USD,SCORE,2026-02-08 21:00:00+00:00,2026-02-08 23:00:00+00:00,1.0,70801.3771875,71010.4665625,0.11748507159007139,transition,147.50093325296035,signal_change,2
BTC-USD,SCORE,2026-02-09 01:00:00+00:00,2026-02-09 02:00:00+00:00,1.0,70465.1584375,70320.193125,0.2891260102006244,transition,-479.91739456490654,signal_change,1
BTC-USD,SCORE,2026-02-09 04:00:00+00:00,2026-02-09 05:00:00+00:00,1.0,71276.8928125,70954.505625,0.2774126580114248,transition,-857.2188407480471,signal_change,1
BTC-USD,SCORE,2026-02-09 07:00:00+00:00,2026-02-09 08:00:00+00:00,1.0,70609.869375,70424.5446875,0.26915759545125745,transition,-534.0432270972722,signal_change,1
BTC-USD,SCORE,2026-02-09 11:00:00+00:00,2026-02-09 12:00:00+00:00,-1.0,68665.24,68801.244375,0.26238790849932864,transition,-411.02295524364615,signal_change,1
BTC-USD,SCORE,2026-02-09 15:00:00+00:00,2026-02-09 16:00:00+00:00,-1.0,69253.14625,69517.5646875,0.08742541158451672,transition,-182.1810830092585,signal_change,1
BTC-USD,SCORE,2026-02-09 19:00:00+00:00,2026-02-09 20:00:00+00:00,-1.0,70357.39625,70907.5803125,0.23497586267623874,transition,-1075.685692106731,signal_change,1
BTC-USD,SCORE,2026-02-10 07:00:00+00:00,2026-02-10 08:00:00+00:00,-1.0,68865.943125,68863.619375,0.250265408788373,transition,-247.6042576323853,signal_change,1
BTC-USD,SCORE,2026-02-11 02:00:00+00:00,2026-02-11 04:00:00+00:00,-1.0,68927.6071875,68134.885,0.2942609455499936,transition,1624.3681729161497,signal_change,2
BTC-USD,SCORE,2026-02-11 05:00:00+00:00,2026-02-11 09:00:00+00:00,-1.0,67541.1853125,66967.025625,0.10072175488489078,transition,484.96005033476644,signal_change,4
BTC-USD,SCORE,2026-02-11 11:00:00+00:00,2026-02-11 13:00:00+00:00,-1.0,66498.4275,67086.556875,0.277061593262924,transition,-1557.9690856589123,signal_change,2
BTC-USD,SCORE,2026-02-11 14:00:00+00:00,2026-02-11 14:00:00+00:00,-1.0,67415.2790625,68401.715078125,0.09216451101352474,shock,736.4131400851952,stop,1
BTC-USD,SCORE,2026-02-11 15:00:00+00:00,2026-02-11 18:00:00+00:00,-1.0,66549.130625,66481.385,0.09294108064049969,shock,-106.02583734727763,signal_change,3
BTC-USD,SCORE,2026-02-11 20:00:00+00:00,2026-02-11 21:00:00+00:00,-1.0,67546.9665625,67523.431875,0.25519554748132284,transition,-330.3126486725363,signal_change,1
BTC-USD,SCORE,2026-02-11 22:00:00+00:00,2026-02-11 23:00:00+00:00,-1.0,67760.20875,67389.1740625,0.08667247017504258,transition,182.9146632092069,signal_change,1
BTC-USD,SCORE,2026-02-12 01:00:00+00:00,2026-02-12 02:00:00+00:00,-1.0,67451.20875,67654.1428125,0.2370682849317169,transition,-473.48872588993686,signal_change,1
BTC-USD,SCORE,2026-02-12 12:00:00+00:00,2026-02-12 13:00:00+00:00,1.0,68108.85375,67818.661875,0.2561537383074127,transition,-748.6502609390402,signal_change,1
BTC-USD,SCORE,2026-02-12 17:00:00+00:00,2026-02-12 20:00:00+00:00,-1.0,65785.7790625,65740.4396875,0.09364516806437523,transition,-74.48718976568637,signal_change,3
BTC-USD,SCORE,2026-02-12 21:00:00+00:00,2026-02-12 22:00:00+00:00,-1.0,65338.65015625,65753.885,0.2775018180478976,transition,-1054.8918806517981,signal_change,1
BTC-USD,SCORE,2026-02-13 00:00:00+00:00,2026-02-13 01:00:00+00:00,-1.0,66202.6540625,65908.213125,0.28354826790872656,transition,388.3677569107742,signal_change,1
BTC-USD,SCORE,2026-02-13 08:00:00+00:00,2026-02-13 09:00:00+00:00,-1.0,66155.3415625,66619.1896875,0.2859639279318968,transition,-1201.3146721830774,signal_change,1
BTC-USD,SCORE,2026-02-13 16:00:00+00:00,2026-02-13 17:00:00+00:00,1.0,68632.4475,68918.1696875,0.10977532879356335,shock,212.2278373017951,signal_change,1
BTC-USD,SCORE,2026-02-13 18:00:00+00:00,2026-02-13 19:00:00+00:00,1.0,68998.931875,69100.2478125,0.1131720722507662,shock,43.474500855966305,signal_change,1
BTC-USD,SCORE,2026-02-14 01:00:00+00:00,2026-02-14 02:00:00+00:00,1.0,69057.3615625,68927.3571875,0.39711847128215555,transition,-612.7525793451916,signal_change,1
BTC-USD,SCORE,2026-02-14 07:00:00+00:00,2026-02-14 08:00:00+00:00,1.0,68899.244375,69184.8415625,0.434721111496502,trend,835.3164788708436,signal_change,1
BTC-USD,SCORE,2026-02-14 09:00:00+00:00,2026-02-14 10:00:00+00:00,1.0,69708.3928125,69689.4821875,0.8740844150329573,trend,-538.8522801119148,signal_change,1
BTC-USD,SCORE,2026-02-14 12:00:00+00:00,2026-02-14 13:00:00+00:00,1.0,70459.6896875,69592.439453125,0.804675751699784,transition,-6063.731593358136,stop,2
BTC-USD,SCORE,2026-02-14 14:00:00+00:00,2026-02-14 15:00:00+00:00,1.0,69430.275625,69675.630625,0.42504426800708284,transition,661.4620891833948,signal_change,1
BTC-USD,SCORE,2026-02-14 23:00:00+00:00,2026-02-15 00:00:00+00:00,1.0,69932.275625,69758.5290625,0.5170896393848909,transition,-967.0907655673072,signal_change,1
BTC-USD,SCORE,2026-02-15 04:00:00+00:00,2026-02-15 07:00:00+00:00,1.0,69929.2209375,70376.8884375,0.4455398403144739,shock,1416.5506593268642,signal_change,3
BTC-USD,SCORE,2026-02-15 08:00:00+00:00,2026-02-15 09:00:00+00:00,1.0,70782.1896875,70407.02125,0.4218551344266388,transition,-1466.4396649463765,signal_change,1
BTC-USD,SCORE,2026-02-15 19:00:00+00:00,2026-02-15 21:00:00+00:00,-1.0,68449.6540625,68417.0334375,0.13772706461942932,transition,-55.68258693689447,signal_change,2
BTC-USD,SCORE,2026-02-16 03:00:00+00:00,2026-02-16 04:00:00+00:00,-1.0,68296.8571875,68388.3928125,0.3832496891255232,transition,-428.8441540874656,signal_change,1
BTC-USD,SCORE,2026-02-16 06:00:00+00:00,2026-02-16 07:00:00+00:00,-1.0,68361.161875,68422.01,0.3804098939213065,transition,-358.3770168557831,signal_change,1
BTC-USD,SCORE,2026-02-16 15:00:00+00:00,2026-02-16 17:00:00+00:00,-1.0,68382.14625,67850.5490625,0.11568844590170622,shock,478.36791790397444,signal_change,2
BTC-USD,SCORE,2026-02-16 23:00:00+00:00,2026-02-17 00:00:00+00:00,-1.0,68568.6228125,68852.838125,0.3427945229637305,range,-907.7214500644392,signal_change,1
BTC-USD,SCORE,2026-02-17 15:00:00+00:00,2026-02-17 16:00:00+00:00,-1.0,66837.193125,67319.1584375,0.35792370620849706,range,-1839.0218667917698,signal_change,1
BTC-USD,SCORE,2026-02-18 19:00:00+00:00,2026-02-18 23:00:00+00:00,-1.0,66320.99,66383.1271875,0.3698446909990415,shock,-504.71842007125076,signal_change,4
BTC-USD,SCORE,2026-02-19 01:00:00+00:00,2026-02-19 02:00:00+00:00,-1.0,66413.0134375,66836.0803125,0.380098501809693,transition,-1471.2772989165774,signal_change,1
BTC-USD,SCORE,2026-02-19 14:00:00+00:00,2026-02-19 15:00:00+00:00,-1.0,65891.7790625,66399.5646875,0.13321549468626784,shock,-705.3765712508196,signal_change,1
BTC-USD,SCORE,2026-02-19 18:00:00+00:00,2026-02-19 19:00:00+00:00,-1.0,66320.6384375,67005.47875,0.39512895577648693,transition,-1921.8285003806668,signal_change,1
BTC-USD,SCORE,2026-02-19 23:00:00+00:00,2026-02-20 02:00:00+00:00,1.0,66926.6896875,67255.5525,0.4101868982201955,transition,945.3858302378487,signal_change,3
BTC-USD,SCORE,2026-02-20 04:00:00+00:00,2026-02-20 05:00:00+00:00,1.0,67334.6115625,67235.1071875,0.4201296143059044,transition,-537.5043959197569,signal_change,1
BTC-USD,SCORE,2026-02-20 06:00:00+00:00,2026-02-20 08:00:00+00:00,1.0,67757.8459375,67804.130625,0.14215706263404623,transition,-9.298311977070163,signal_change,2
BTC-USD,SCORE,2026-02-20 10:00:00+00:00,2026-02-20 11:00:00+00:00,1.0,68187.9865625,67904.39625,0.41209445830195973,transition,-1146.6684704615427,signal_change,1
BTC-USD,SCORE,2026-02-20 13:00:00+00:00,2026-02-20 13:00:00+00:00,1.0,67514.650625,66663.66927083333,0.39211931524330346,shock,-2943.368359596965,stop,1
BTC-USD,SCORE,2026-02-20 14:00:00+00:00,2026-02-20 15:00:00+00:00,1.0,66783.838125,66683.0525,0.14395937435370829,shock,-183.53001005606302,stop,2
BTC-USD,SCORE,2026-02-20 16:00:00+00:00,2026-02-20 20:00:00+00:00,1.0,67578.8146875,67628.1540625,0.38561910563502405,transition,-11.017272511691587,signal_change,4
BTC-USD,SCORE,2026-02-21 14:00:00+00:00,2026-02-21 17:00:00+00:00,1.0,68246.838125,68297.255625,0.1826232622122793,shock,-4.673474182564021,signal_change,3
BTC-USD,SCORE,2026-02-22 07:00:00+00:00,2026-02-22 08:00:00+00:00,1.0,68034.7521875,67996.5915625,0.26855560828959507,shock,-203.55809617715698,signal_change,1
BTC-USD,SCORE,2026-02-22 14:00:00+00:00,2026-02-22 15:00:00+00:00,-1.0,67640.2165625,67430.275625,0.27038312897162803,transition,335.26085775437065,signal_change,1
BTC-USD,SCORE,2026-02-22 16:00:00+00:00,2026-02-22 17:00:00+00:00,-1.0,67670.20875,67608.6428125,0.2744942568144162,transition,3.943304916408678,signal_change,1
BTC-USD,SCORE,2026-02-22 18:00:00+00:00,2026-02-22 19:00:00+00:00,-1.0,67338.443125,67409.9475,0.7634374631338037,transition,-791.4793863577721,signal_change,1
BTC-USD,SCORE,2026-02-22 22:00:00+00:00,2026-02-22 23:00:00+00:00,-1.0,67586.0525,67642.525625,0.8119084582399301,transition,-1163.3548152814851,signal_change,1
BTC-USD,SCORE,2026-02-23 01:00:00+00:00,2026-02-23 01:00:00+00:00,-1.0,66720.865,65397.5637109375,0.34580510639060574,shock,-3960.2302381002614,stop,1
BTC-USD,SCORE,2026-02-23 02:00:00+00:00,2026-02-23 05:00:00+00:00,-1.0,64424.26734375,65090.889322916664,0.3398477248133636,shock,-467.2762235145681,stop,4
BTC-USD,SCORE,2026-02-23 06:00:00+00:00,2026-02-23 07:00:00+00:00,-1.0,65024.75953125,65782.37272135416,0.4338287937776628,transition,-2621.155323031173,stop,2
BTC-USD,SCORE,2026-02-23 08:00:00+00:00,2026-02-23 10:00:00+00:00,-1.0,65941.08375,66393.619375,0.41340134083404806,transition,-1711.1176080880466,signal_change,2
BTC-USD,SCORE,2026-02-23 11:00:00+00:00,2026-02-23 13:00:00+00:00,-1.0,66319.7634375,66294.7053125,0.375975876905051,transition,129.87379708743518,signal_change,2
BTC-USD,SCORE,2026-02-23 14:00:00+00:00,2026-02-23 15:00:00+00:00,-1.0,66132.7009375,65906.275625,0.35950366653554766,transition,744.7409899888023,signal_change,1
BTC-USD,SCORE,2026-02-23 17:00:00+00:00,2026-02-23 21:00:00+00:00,-1.0,65402.15015625,64440.0803125,0.3252439544926608,transition,2539.1202471665456,signal_change,4
BTC-USD,SCORE,2026-02-24 14:00:00+00:00,2026-02-24 15:00:00+00:00,-1.0,62910.318125,63454.61546875,0.30106636451986174,transition,-1645.322039530352,signal_change,1
BTC-USD,SCORE,2026-02-25 02:00:00+00:00,2026-02-25 03:00:00+00:00,1.0,65914.9475,65913.0915625,0.1115581367887023,shock,-50.652108010869526,signal_change,1
BTC-USD,SCORE,2026-02-25 09:00:00+00:00,2026-02-25 10:00:00+00:00,1.0,65515.86546875,65552.943125,0.3353574126100492,transition,-43.08867458563401,signal_change,1
BTC-USD,SCORE,2026-02-25 13:00:00+00:00,2026-02-25 14:00:00+00:00,1.0,66106.525625,66256.5134375,0.32073405276792344,transition,257.9834726640676,signal_change,1
BTC-USD,SCORE,2026-02-25 15:00:00+00:00,2026-02-25 23:00:00+00:00,1.0,66969.60375,68458.0446875,0.32857967980279906,shock,3860.5887952021653,signal_change,8
BTC-USD,SCORE,2026-02-26 00:00:00+00:00,2026-02-26 02:00:00+00:00,1.0,67982.35375,68216.365,0.24701929360865532,transition,361.0859478295133,signal_change,2
BTC-USD,SCORE,2026-02-26 05:00:00+00:00,2026-02-26 06:00:00+00:00,1.0,68561.869375,68435.0446875,0.27830274851625664,transition,-407.3900971797923,signal_change,1
BTC-USD,SCORE,2026-02-26 07:00:00+00:00,2026-02-26 08:00:00+00:00,1.0,68175.6584375,67851.224375,0.09514533230601956,transition,-292.06995097730004,signal_change,1
BTC-USD,SCORE,2026-02-26 10:00:00+00:00,2026-02-26 11:00:00+00:00,1.0,68582.4240625,68292.0525,0.2650609643784696,transition,-736.2013728403612,signal_change,1
BTC-USD,SCORE,2026-02-27 05:00:00+00:00,2026-02-27 06:00:00+00:00,-1.0,67737.1228125,67708.681875,0.3572863090898221,transition,-20.300665443359286,signal_change,1
BTC-USD,SCORE,2026-02-27 10:00:00+00:00,2026-02-27 11:00:00+00:00,-1.0,67384.818125,66696.5725,0.34911476827669563,transition,2103.780322183315,signal_change,1
BTC-USD,SCORE,2026-02-27 12:00:00+00:00,2026-02-27 15:00:00+00:00,-1.0,66133.5290625,65901.0646875,0.11541120581267358,transition,245.53019407338815,signal_change,3
BTC-USD,SCORE,2026-02-27 23:00:00+00:00,2026-02-28 00:00:00+00:00,-1.0,65576.3025,65869.338125,0.3568701661725715,transition,-1097.8623065153738,signal_change,1
BTC-USD,SCORE,2026-02-28 07:00:00+00:00,2026-02-28 11:00:00+00:00,-1.0,63245.11890625,63995.900625,0.20534194654057014,shock,-1457.9809020607045,signal_change,4
BTC-USD,SCORE,2026-02-28 15:00:00+00:00,2026-02-28 16:00:00+00:00,-1.0,64449.13453125,64847.69359375,0.2910902952575597,transition,-1192.7187968642468,signal_change,1
BTC-USD,SCORE,2026-02-28 20:00:00+00:00,2026-02-28 21:00:00+00:00,1.0,66390.0646875,66959.64625,0.2665435917653803,transition,1138.7033145474359,signal_change,1
BTC-USD,SCORE,2026-02-28 23:00:00+00:00,2026-03-01 00:00:00+00:00,1.0,67117.0021875,66997.24,0.2578215202649132,transition,-366.99646015842274,signal_change,1
BTC-USD,SCORE,2026-03-01 02:00:00+00:00,2026-03-01 04:00:00+00:00,1.0,67334.72875,67574.7009375,0.23017836511599016,transition,351.05912571363433,signal_change,2
BTC-USD,SCORE,2026-03-01 05:00:00+00:00,2026-03-01 06:00:00+00:00,1.0,67341.26,67311.661875,0.22337385000550833,transition,-152.52209609917458,signal_change,1
BTC-USD,SCORE,2026-03-01 17:00:00+00:00,2026-03-01 18:00:00+00:00,1.0,66168.1975,65999.9978125,0.2649476604795757,transition,-487.67396724296094,signal_change,1
BTC-USD,SCORE,2026-03-01 23:00:00+00:00,2026-03-02 00:00:00+00:00,-1.0,65230.64625,65758.1115625,0.2689908481743238,transition,-1206.2402614138605,signal_change,1
BTC-USD,SCORE,2026-03-02 08:00:00+00:00,2026-03-02 09:00:00+00:00,-1.0,65977.1853125,66274.4553125,0.27033945663348663,transition,-689.6431484591159,signal_change,1
BTC-USD,SCORE,2026-03-02 10:00:00+00:00,2026-03-02 11:00:00+00:00,-1.0,66162.599375,66301.556875,0.2753769705667018,transition,-261.62961536651835,signal_change,1
BTC-USD,SCORE,2026-03-02 14:00:00+00:00,2026-03-02 14:00:00+00:00,-1.0,65452.20875,66774.11653645833,0.2536661060314662,shock,2695.794719933393,stop,1
BTC-USD,SCORE,2026-03-02 16:00:00+00:00,2026-03-02 18:00:00+00:00,1.0,69127.8303125,69182.974375,0.08149937408020323,shock,1.190124862700383,signal_change,2
BTC-USD,SCORE,2026-03-03 03:00:00+00:00,2026-03-03 04:00:00+00:00,1.0,68524.838125,68364.45875,0.26474165013519335,transition,-457.7714296752899,signal_change,1
BTC-USD,SCORE,2026-03-04 08:00:00+00:00,2026-03-04 12:00:00+00:00,1.0,69513.713125,71115.9040625,0.24603405428371172,shock,3010.9154365868626,signal_change,4
BTC-USD,SCORE,2026-03-04 13:00:00+00:00,2026-03-04 18:00:00+00:00,1.0,71340.7365625,73243.8415625,0.24445531567023823,trend,3489.504870584301,signal_change,5
BTC-USD,SCORE,2026-03-04 20:00:00+00:00,2026-03-04 21:00:00+00:00,1.0,73669.5803125,73110.6228125,0.24796166739928294,trend,-1158.0898290800963,signal_change,1
BTC-USD,SCORE,2026-03-04 22:00:00+00:00,2026-03-04 23:00:00+00:00,1.0,73334.5334375,72710.6775,0.24031350410749994,transition,-1242.8437644422306,signal_change,1
BTC-USD,SCORE,2026-03-06 03:00:00+00:00,2026-03-06 04:00:00+00:00,-1.0,71233.1853125,71085.6428125,0.30306759032391856,transition,264.1051494972565,signal_change,1
BTC-USD,SCORE,2026-03-06 13:00:00+00:00,2026-03-06 16:00:00+00:00,-1.0,69998.7790625,68506.588125,0.11166657482753209,shock,1209.6161233871,signal_change,3
BTC-USD,SCORE,2026-03-07 20:00:00+00:00,2026-03-07 21:00:00+00:00,-1.0,67087.1228125,67401.6896875,0.2151678508920875,transition,-702.2753421012817,signal_change,1
BTC-USD,SCORE,2026-03-08 02:00:00+00:00,2026-03-08 04:00:00+00:00,-1.0,67299.7946875,67009.3225,0.5900184958682617,transition,746.7333690451367,signal_change,2
BTC-USD,SCORE,2026-03-08 05:00:00+00:00,2026-03-08 07:00:00+00:00,-1.0,66635.24,67162.806875,0.5609990832602008,transition,-2976.4389931561045,signal_change,2
BTC-USD,SCORE,2026-03-08 13:00:00+00:00,2026-03-08 15:00:00+00:00,-1.0,67316.9275,67321.431875,0.4883891055145627,shock,2.920225799698912,signal_change,2
BTC-USD,SCORE,2026-03-08 17:00:00+00:00,2026-03-08 19:00:00+00:00,-1.0,66859.77125,66823.9475,0.47131829014532833,transition,-302.39513035328247,signal_change,2
BTC-USD,SCORE,2026-03-08 22:00:00+00:00,2026-03-08 22:00:00+00:00,-1.0,66976.661875,66909.9865625,0.3975025792372961,shock,-394.37710643950425,stop,1
BTC-USD,SCORE,2026-03-08 23:00:00+00:00,2026-03-09 03:00:00+00:00,-1.0,66215.1071875,66602.0178125,0.13346387751139127,transition,-433.9907568938559,signal_change,4
BTC-USD,SCORE,2026-03-09 14:00:00+00:00,2026-03-09 17:00:00+00:00,1.0,69000.838125,68971.8259375,0.2847812865145854,shock,-191.27643091812894,signal_change,3
BTC-USD,SCORE,2026-03-10 03:00:00+00:00,2026-03-10 04:00:00+00:00,1.0,70285.91625,69474.1540625,0.27755333602175014,transition,-1889.6872828502546,signal_change,1
BTC-USD,SCORE,2026-03-10 08:00:00+00:00,2026-03-10 09:00:00+00:00,1.0,70392.400625,70670.4821875,0.2850509578799673,transition,493.3287903859499,signal_change,1
BTC-USD,SCORE,2026-03-10 16:00:00+00:00,2026-03-10 17:00:00+00:00,1.0,71382.9475,71269.1540625,0.2655952868792763,transition,-349.6470454816202,signal_change,1
BTC-USD,SCORE,2026-03-11 00:00:00+00:00,2026-03-11 01:00:00+00:00,1.0,69956.9396875,70053.4978125,0.26295256871045236,transition,83.91825252127796,signal_change,1
BTC-USD,SCORE,2026-03-12 10:00:00+00:00,2026-03-12 13:00:00+00:00,1.0,70041.3615625,70394.89625,0.34908471239126454,transition,815.6847163200789,signal_change,3
BTC-USD,SCORE,2026-03-12 21:00:00+00:00,2026-03-12 22:00:00+00:00,-1.0,70215.849375,70298.6896875,0.36687080108095116,transition,-819.3311815700426,signal_change,1
BTC-USD,SCORE,2026-03-13 01:00:00+00:00,2026-03-13 03:00:00+00:00,1.0,71624.4240625,71170.2634375,0.11803648470797949,transition,-463.36319704413927,signal_change,2
BTC-USD,SCORE,2026-03-13 07:00:00+00:00,2026-03-13 10:00:00+00:00,1.0,71324.0803125,72019.6853125,0.3314283511649365,transition,1626.1438145093898,signal_change,3
BTC-USD,SCORE,2026-03-13 11:00:00+00:00,2026-03-13 12:00:00+00:00,1.0,72475.3928125,72235.880625,0.33475926447637594,transition,-757.1390104995804,signal_change,1
BTC-USD,SCORE,2026-03-13 14:00:00+00:00,2026-03-13 15:00:00+00:00,1.0,73410.2053125,72419.8415625,0.31679021501205523,transition,-2490.582237782442,signal_change,1
BTC-USD,SCORE,2026-03-13 17:00:00+00:00,2026-03-13 18:00:00+00:00,1.0,71889.2365625,71028.08375,0.28495597168768666,shock,-1993.8064923045035,signal_change,1
BTC-USD,SCORE,2026-03-15 03:00:00+00:00,2026-03-15 04:00:00+00:00,1.0,71460.5334375,71343.443125,0.2684028452473282,transition,-357.1478184877984,signal_change,1
BTC-USD,SCORE,2026-03-15 10:00:00+00:00,2026-03-15 11:00:00+00:00,1.0,71799.3771875,71787.20875,0.7835008533502346,transition,-414.32248201134394,signal_change,1
BTC-USD,SCORE,2026-03-15 12:00:00+00:00,2026-03-15 13:00:00+00:00,1.0,71832.7834375,71616.865,0.7736659210803968,transition,-1603.9919046534005,signal_change,1
BTC-USD,SCORE,2026-03-15 14:00:00+00:00,2026-03-15 16:00:00+00:00,1.0,71610.1428125,71487.0446875,0.26657915510278696,transition,-364.8860461269129,signal_change,2
BTC-USD,SCORE,2026-03-15 18:00:00+00:00,2026-03-15 19:00:00+00:00,1.0,71801.2834375,71417.755625,0.668952621040314,shock,-2229.674395911554,signal_change,1
BTC-USD,SCORE,2026-03-15 20:00:00+00:00,2026-03-15 21:00:00+00:00,1.0,71562.3225,71730.74,0.2248967965721281,transition,188.95628814282753,signal_change,1
BTC-USD,SCORE,2026-03-15 22:00:00+00:00,2026-03-15 22:00:00+00:00,1.0,72108.650625,71994.380625,0.18371973785007772,shock,-237.03318146469647,stop,1
BTC-USD,SCORE,2026-03-15 23:00:00+00:00,2026-03-16 01:00:00+00:00,1.0,72734.5178125,72563.14625,0.17993666770268008,transition,-306.81547872182074,signal_change,2
BTC-USD,SCORE,2026-03-16 02:00:00+00:00,2026-03-16 03:00:00+00:00,1.0,72738.9396875,72541.911875,0.4848991971267788,transition,-919.425431936603,signal_change,1
BTC-USD,SCORE,2026-03-16 04:00:00+00:00,2026-03-16 08:00:00+00:00,1.0,73582.4396875,73458.255625,0.14455322709435944,transition,-191.6196339864817,signal_change,4
BTC-USD,SCORE,2026-03-16 13:00:00+00:00,2026-03-16 14:00:00+00:00,1.0,73881.6428125,74075.6696875,0.34237075043319004,transition,336.939032368123,signal_change,1
BTC-USD,SCORE,2026-03-16 15:00:00+00:00,2026-03-16 16:00:00+00:00,1.0,73540.900625,73281.411875,0.3015970481983909,transition,-704.2011890312981,signal_change,1
BTC-USD,SCORE,2026-03-16 17:00:00+00:00,2026-03-16 19:00:00+00:00,1.0,73922.1428125,73881.64625,0.30004557507632823,transition,-217.92283999799702,signal_change,2
BTC-USD,SCORE,2026-03-17 01:00:00+00:00,2026-03-17 03:00:00+00:00,1.0,75286.54125,75190.9353125,0.31242289853107785,transition,-345.64813235859015,signal_change,2
BTC-USD,SCORE,2026-03-18 12:00:00+00:00,2026-03-18 18:00:00+00:00,-1.0,72969.7321875,71775.635,0.13169946634248303,shock,1420.7224776105309,signal_change,6
BTC-USD,SCORE,2026-03-18 19:00:00+00:00,2026-03-18 21:00:00+00:00,-1.0,71184.4665625,71234.8459375,0.3697194005520056,transition,-334.3892934308376,signal_change,2
BTC-USD,SCORE,2026-03-18 22:00:00+00:00,2026-03-18 23:00:00+00:00,-1.0,71218.255625,71119.5490625,0.37629717483072334,transition,5.471833557783327,signal_change,1
BTC-USD,SCORE,2026-03-19 05:00:00+00:00,2026-03-19 06:00:00+00:00,-1.0,70854.7321875,70834.150625,0.3887933741599959,trend,-116.54888412592041,signal_change,1
BTC-USD,SCORE,2026-03-19 08:00:00+00:00,2026-03-19 12:00:00+00:00,-1.0,70202.64625,69934.681875,0.1234211904569699,trend,234.8422585091895,signal_change,4
BTC-USD,SCORE,2026-03-19 17:00:00+00:00,2026-03-19 18:00:00+00:00,-1.0,69467.7009375,69850.22875,0.33325184324784307,transition,-1175.780420352393,signal_change,1
BTC-USD,SCORE,2026-03-20 17:00:00+00:00,2026-03-20 19:00:00+00:00,1.0,69819.056875,69750.9275,0.3827427859012948,range,-364.8860468217106,signal_change,2
BTC-USD,SCORE,2026-03-20 23:00:00+00:00,2026-03-21 00:00:00+00:00,1.0,70783.885,70517.6071875,0.38715786539142,transition,-950.1757472270298,signal_change,1
BTC-USD,SCORE,2026-03-22 00:00:00+00:00,2026-03-22 02:00:00+00:00,-1.0,68903.20875,69140.4758203125,0.45171331579890767,shock,245.99033584319454,stop,3
BTC-USD,SCORE,2026-03-22 03:00:00+00:00,2026-03-22 06:00:00+00:00,-1.0,69279.0446875,69146.0646875,0.6178160232706278,transition,359.68582398556845,signal_change,3
BTC-USD,SCORE,2026-03-22 09:00:00+00:00,2026-03-22 10:00:00+00:00,-1.0,68799.2634375,68820.3928125,0.5655529671604356,transition,-309.0828796063412,signal_change,1
BTC-USD,SCORE,2026-03-22 12:00:00+00:00,2026-03-22 13:00:00+00:00,-1.0,68213.7321875,68895.37825520833,1.0072269060060572,transition,-2069.11158230571,stop,2
BTC-USD,SCORE,2026-03-22 14:00:00+00:00,2026-03-22 15:00:00+00:00,-1.0,68709.0759375,68708.7521875,0.4966364003437316,transition,-182.89892375232614,signal_change,1
BTC-USD,SCORE,2026-03-22 20:00:00+00:00,2026-03-22 21:00:00+00:00,-1.0,68194.036875,68185.525625,0.4689103444570794,transition,-196.6231978128921,signal_change,1
BTC-USD,SCORE,2026-03-22 22:00:00+00:00,2026-03-23 00:00:00+00:00,-1.0,67877.443125,67854.994375,0.4113567042326424,transition,-38.290466961169244,signal_change,2
BTC-USD,SCORE,2026-03-23 07:00:00+00:00,2026-03-23 08:00:00+00:00,-1.0,67852.115,68303.525625,0.36467324747832486,transition,-1496.562299486775,signal_change,1
BTC-USD,SCORE,2026-03-23 12:00:00+00:00,2026-03-23 15:00:00+00:00,1.0,70082.0490625,71457.4275,0.10084512456430908,transition,1007.8718220254666,signal_change,3
BTC-USD,SCORE,2026-03-23 17:00:00+00:00,2026-03-23 19:00:00+00:00,1.0,70561.5725,71075.14625,0.2421757171831166,transition,838.3925252720528,signal_change,2
BTC-USD,SCORE,2026-03-24 18:00:00+00:00,2026-03-24 20:00:00+00:00,-1.0,69284.5290625,69318.806875,0.38930340052005635,transition,-143.90598546803054,signal_change,2
BTC-USD,SCORE,2026-03-25 06:00:00+00:00,2026-03-25 07:00:00+00:00,1.0,71092.900625,70982.911875,0.3782649260071756,transition,-475.14706692371897,signal_change,1
BTC-USD,SCORE,2026-03-25 12:00:00+00:00,2026-03-25 14:00:00+00:00,1.0,71705.8459375,71564.5759375,0.37906315606101393,transition,-561.5354755710575,signal_change,2
BTC-USD,SCORE,2026-03-26 06:00:00+00:00,2026-03-26 08:00:00+00:00,-1.0,69976.6540625,70063.7053125,0.4182272004575528,transition,-535.5475810512316,signal_change,2
BTC-USD,SCORE,2026-03-26 10:00:00+00:00,2026-03-26 12:00:00+00:00,-1.0,69563.9509375,69255.963125,0.14558294775648073,transition,263.80009184055336,signal_change,2
BTC-USD,SCORE,2026-03-26 14:00:00+00:00,2026-03-26 17:00:00+00:00,-1.0,69600.411875,68884.6896875,0.4263121124708904,transition,2078.20274797785,signal_change,3
BTC-USD,SCORE,2026-03-26 19:00:00+00:00,2026-03-26 20:00:00+00:00,-1.0,68435.4978125,68510.29125,0.15607296785909305,trend,-338.6134563340246,signal_change,1
BTC-USD,SCORE,2026-03-26 21:00:00+00:00,2026-03-26 23:00:00+00:00,-1.0,68969.7478125,68851.04125,0.42360637240544863,transition,336.45390792721884,signal_change,2
BTC-USD,SCORE,2026-03-27 05:00:00+00:00,2026-03-27 06:00:00+00:00,-1.0,68542.08375,68578.9865625,0.43640503786852525,shock,-337.573948689578,signal_change,1
BTC-USD,SCORE,2026-03-27 08:00:00+00:00,2026-03-27 10:00:00+00:00,-1.0,68480.599375,67641.9084375,0.39853950511436836,transition,2274.6111707561804,signal_change,2
BTC-USD,SCORE,2026-03-27 11:00:00+00:00,2026-03-27 19:00:00+00:00,-1.0,66460.5290625,65817.0803125,0.2540441501792219,transition,1141.6519393656952,signal_change,8
BTC-USD,SCORE,2026-03-29 02:00:00+00:00,2026-03-29 05:00:00+00:00,1.0,66516.7678125,66682.02125,0.7190491783958516,transition,652.9132208030983,signal_change,3
BTC-USD,SCORE,2026-03-29 12:00:00+00:00,2026-03-29 14:00:00+00:00,1.0,66770.6584375,66518.8103125,0.6834891136764312,transition,-1685.3319208838986,signal_change,2
BTC-USD,SCORE,2026-03-29 20:00:00+00:00,2026-03-29 22:00:00+00:00,-1.0,66294.14625,66672.9396875,0.6895027011565592,transition,-2460.0786908439854,signal_change,2
BTC-USD,SCORE,2026-03-29 23:00:00+00:00,2026-03-30 00:00:00+00:00,-1.0,65802.6775,66391.86002604167,0.39182789465716505,shock,713.4183850165488,stop,2
BTC-USD,SCORE,2026-03-30 05:00:00+00:00,2026-03-30 06:00:00+00:00,1.0,67559.150625,67452.443125,0.4423659825979474,transition,-564.4118575424353,signal_change,1
BTC-USD,SCORE,2026-03-30 13:00:00+00:00,2026-03-30 14:00:00+00:00,1.0,67853.7053125,67461.20875,0.40618876602468645,transition,-1432.4477898172372,signal_change,1
BTC-USD,SCORE,2026-03-30 15:00:00+00:00,2026-03-30 16:00:00+00:00,1.0,67753.5725,67587.193125,0.384813825941955,transition,-669.1272391404746,signal_change,1
BTC-USD,SCORE,2026-03-31 02:00:00+00:00,2026-03-31 03:00:00+00:00,1.0,67901.2678125,67932.036875,0.40825578375198324,transition,-75.62243183449239,signal_change,1
BTC-USD,SCORE,2026-03-31 10:00:00+00:00,2026-03-31 12:00:00+00:00,-1.0,66107.4978125,66629.9475,0.3510566920566583,transition,-1673.3919364847427,signal_change,2
BTC-USD,SCORE,2026-03-31 23:00:00+00:00,2026-04-01 00:00:00+00:00,1.0,68135.41625,68224.45875,0.29885318497945496,transition,80.4819098892719,signal_change,1
BTC-USD,SCORE,2026-04-01 03:00:00+00:00,2026-04-01 04:00:00+00:00,-1.0,67599.7946875,68097.22875,0.3170869592110737,transition,-1309.684756211221,signal_change,1
BTC-USD,SCORE,2026-04-01 07:00:00+00:00,2026-04-01 08:00:00+00:00,1.0,69079.150625,68653.99,0.30131455565410603,transition,-1111.6134546973092,signal_change,1
BTC-USD,SCORE,2026-04-01 13:00:00+00:00,2026-04-01 14:00:00+00:00,1.0,68346.681875,68082.6853125,0.33534880115220606,transition,-828.0958008444032,signal_change,1
BTC-USD,SCORE,2026-04-02 02:00:00+00:00,2026-04-02 06:00:00+00:00,-1.0,67334.1775,66585.10375,0.12348340127690412,transition,655.0277829099675,signal_change,4
BTC-USD,SCORE,2026-04-02 12:00:00+00:00,2026-04-02 13:00:00+00:00,-1.0,66201.99,66025.463125,0.3855339548970953,transition,338.2689783598944,signal_change,1
BTC-USD,SCORE,2026-04-02 14:00:00+00:00,2026-04-02 16:00:00+00:00,-1.0,66249.2478125,67114.15625,0.3869774269016413,transition,-822.0084619635202,stop,3
BTC-USD,SCORE,2026-04-02 18:00:00+00:00,2026-04-02 19:00:00+00:00,-1.0,66667.8103125,66969.369375,0.39198163811881415,transition,-1087.862928197774,signal_change,1
BTC-USD,SCORE,2026-04-04 08:00:00+00:00,2026-04-04 09:00:00+00:00,1.0,67011.6428125,66913.0290625,1.0777607818054085,range,-1291.3315263514999,signal_change,1
BTC-USD,SCORE,2026-04-04 16:00:00+00:00,2026-04-04 17:00:00+00:00,1.0,67368.838125,67357.255625,0.4701438596673219,transition,-240.46202643276973,signal_change,1
BTC-USD,SCORE,2026-04-04 20:00:00+00:00,2026-04-04 22:00:00+00:00,1.0,67278.650625,67349.380625,1.362825957908234,transition,179.02411466065809,signal_change,2
BTC-USD,SCORE,2026-04-05 02:00:00+00:00,2026-04-05 05:00:00+00:00,1.0,67074.1428125,67085.7321875,1.2460797251490106,transition,-411.72297810886147,signal_change,3
BTC-USD,SCORE,2026-04-05 07:00:00+00:00,2026-04-05 08:00:00+00:00,-1.0,66812.568125,66793.6115625,0.38050273594622197,transition,-114.69685765382624,signal_change,1
BTC-USD,SCORE,2026-04-05 13:00:00+00:00,2026-04-05 15:00:00+00:00,-1.0,66771.5290625,66903.1115625,0.36605707612389815,transition,-550.4071282293298,signal_change,2
BTC-USD,SCORE,2026-04-05 16:00:00+00:00,2026-04-05 17:00:00+00:00,-1.0,67281.08375,67195.2521875,0.333580230472711,transition,117.18812159082765,signal_change,1
BTC-USD,SCORE,2026-04-05 23:00:00+00:00,2026-04-05 23:00:00+00:00,1.0,68309.338125,68272.1394140625,0.23333455772708225,shock,-164.86132838945053,stop,1
BTC-USD,SCORE,2026-04-06 00:00:00+00:00,2026-04-06 02:00:00+00:00,1.0,68978.9240625,68780.3415625,0.22009148322568484,shock,-424.8173775706032,signal_change,2
BTC-USD,SCORE,2026-04-06 03:00:00+00:00,2026-04-06 04:00:00+00:00,1.0,69207.9709375,69082.068125,0.5712286702652405,transition,-784.9150200117493,signal_change,1
BTC-USD,SCORE,2026-04-06 05:00:00+00:00,2026-04-06 06:00:00+00:00,1.0,69118.1271875,69174.6071875,0.5726098429075576,trend,4.973319591044913,signal_change,1
BTC-USD,SCORE,2026-04-06 09:00:00+00:00,2026-04-06 11:00:00+00:00,1.0,69210.869375,69755.95875,0.4917053514128403,trend,1822.0778973552647,signal_change,2
BTC-USD,SCORE,2026-04-06 15:00:00+00:00,2026-04-06 16:00:00+00:00,1.0,69645.2678125,69947.6775,0.4784158020714653,trend,890.5301474227665,signal_change,1
BTC-USD,SCORE,2026-04-06 18:00:00+00:00,2026-04-06 20:00:00+00:00,1.0,69563.025625,69732.99,0.43708575067674754,transition,379.54985864971957,signal_change,2
BTC-USD,SCORE,2026-04-07 12:00:00+00:00,2026-04-07 13:00:00+00:00,-1.0,68342.49,68379.7990625,0.4373888445830413,transition,-533.8962137272188,signal_change,1
BTC-USD,SCORE,2026-04-07 14:00:00+00:00,2026-04-07 15:00:00+00:00,-1.0,68232.193125,67856.088125,0.43062116416269147,transition,663.9732975351393,signal_change,1
BTC-USD,SCORE,2026-04-07 16:00:00+00:00,2026-04-07 17:00:00+00:00,-1.0,68151.7009375,68213.9396875,0.15268987164690656,transition,-144.18761717019186,signal_change,1
BTC-USD,SCORE,2026-04-07 20:00:00+00:00,2026-04-07 21:00:00+00:00,-1.0,69001.286875,69834.09635416667,0.41595673791022375,transition,678.6663778022654,stop,2
BTC-USD,SCORE,2026-04-07 23:00:00+00:00,2026-04-08 01:00:00+00:00,1.0,71482.6115625,71688.7790625,0.12525517012248197,shock,139.1662558317811,signal_change,2
BTC-USD,SCORE,2026-04-08 13:00:00+00:00,2026-04-08 14:00:00+00:00,1.0,72072.5959375,71199.07984375,0.3483100493832797,transition,-2379.4375614924747,stop,2
BTC-USD,SCORE,2026-04-09 16:00:00+00:00,2026-04-09 17:00:00+00:00,1.0,72122.2365625,72262.64625,0.15463477159245853,shock,93.50821550533317,signal_change,1
BTC-USD,SCORE,2026-04-09 21:00:00+00:00,2026-04-09 22:00:00+00:00,1.0,72414.76,72258.2478125,0.4287283784942648,transition,-667.2342266595352,signal_change,1
BTC-USD,SCORE,2026-04-09 23:00:00+00:00,2026-04-10 03:00:00+00:00,1.0,71962.494375,71961.474375,0.3994770094617472,transition,-168.70557145391027,signal_change,4
BTC-USD,SCORE,2026-04-10 05:00:00+00:00,2026-04-10 06:00:00+00:00,1.0,72101.900625,72124.4665625,0.3977032960246344,transition,-101.71328639529031,signal_change,1
BTC-USD,SCORE,2026-04-10 12:00:00+00:00,2026-04-10 13:00:00+00:00,1.0,72123.66625,72259.9275,0.38604659219206183,transition,220.48214031505069,signal_change,1
BTC-USD,SCORE,2026-04-10 14:00:00+00:00,2026-04-10 16:00:00+00:00,1.0,72328.6896875,72431.099375,0.392104469208014,shock,133.37495370850232,signal_change,2
BTC-USD,SCORE,2026-04-10 21:00:00+00:00,2026-04-10 22:00:00+00:00,1.0,73371.963125,73202.286875,0.44548824243499985,transition,-727.9105448108513,signal_change,1
BTC-USD,SCORE,2026-04-11 19:00:00+00:00,2026-04-11 20:00:00+00:00,1.0,73555.79125,73687.0915625,0.7913564083810781,transition,408.1973689304697,signal_change,1
BTC-USD,SCORE,2026-04-12 02:00:00+00:00,2026-04-12 07:00:00+00:00,-1.0,71662.8571875,71673.463125,0.40737490173153007,transition,-219.92308765668565,signal_change,5
BTC-USD,SCORE,2026-04-12 09:00:00+00:00,2026-04-12 11:00:00+00:00,-1.0,71650.3259375,71465.1740625,0.5813344799355196,transition,603.2878810800485,signal_change,2
BTC-USD,SCORE,2026-04-12 12:00:00+00:00,2026-04-12 17:00:00+00:00,-1.0,71493.9821875,70959.0021875,0.5505971747718267,transition,2395.5341763347324,signal_change,5
BTC-USD,SCORE,2026-04-12 23:00:00+00:00,2026-04-13 00:00:00+00:00,-1.0,70917.5525,70741.306875,0.5589649933603309,trend,360.7015042567407,signal_change,1
BTC-USD,SCORE,2026-04-13 08:00:00+00:00,2026-04-13 10:00:00+00:00,-1.0,70810.33375,70791.635,0.6375284652549451,shock,-159.70632846896206,signal_change,2
BTC-USD,SCORE,2026-04-13 14:00:00+00:00,2026-04-13 18:00:00+00:00,1.0,71657.2990625,72168.9665625,0.5561753764924702,shock,1869.9928262633632,signal_change,4
BTC-USD,SCORE,2026-04-13 19:00:00+00:00,2026-04-13 22:00:00+00:00,1.0,72454.0178125,73208.83375,0.4332476339117532,transition,2209.6162856219157,signal_change,3
BTC-USD,SCORE,2026-04-13 23:00:00+00:00,2026-04-14 01:00:00+00:00,1.0,74547.0021875,74145.911875,0.8293023872390825,trend,-2724.3545892731318,signal_change,2
BTC-USD,SCORE,2026-04-14 02:00:00+00:00,2026-04-14 03:00:00+00:00,1.0,74404.7209375,74365.77125,0.4152497553698677,transition,-290.78369795147194,signal_change,1
BTC-USD,SCORE,2026-04-14 14:00:00+00:00,2026-04-14 16:00:00+00:00,1.0,75532.8146875,75390.9509375,0.4044224101580613,transition,-571.0678718940211,signal_change,2
BTC-USD,SCORE,2026-04-15 01:00:00+00:00,2026-04-15 02:00:00+00:00,1.0,74585.2834375,74645.4509375,0.41418305842949726,transition,1.365344439002456,signal_change,1
BTC-USD,SCORE,2026-04-15 20:00:00+00:00,2026-04-15 22:00:00+00:00,1.0,75057.6896875,74784.7009375,0.42405402056929115,transition,-993.9452536371147,signal_change,2
BTC-USD,SCORE,2026-04-16 06:00:00+00:00,2026-04-16 07:00:00+00:00,1.0,75097.6975,75031.7321875,0.4104959273917004,transition,-363.2516760000011,signal_change,1
BTC-USD,SCORE,2026-04-16 09:00:00+00:00,2026-04-16 10:00:00+00:00,1.0,74679.26,74611.8728125,0.4202119006378432,transition,-376.8661419502031,signal_change,1
BTC-USD,SCORE,2026-04-16 12:00:00+00:00,2026-04-16 13:00:00+00:00,1.0,74593.338125,74628.7790625,0.4308282904206582,transition,-73.77040084083444,signal_change,1
BTC-USD,SCORE,2026-04-16 16:00:00+00:00,2026-04-16 17:00:00+00:00,1.0,74746.01,74167.8728125,0.1265419717652046,shock,-568.5892625118819,signal_change,1
BTC-USD,SCORE,2026-04-17 09:00:00+00:00,2026-04-17 11:00:00+00:00,1.0,75821.9865625,75292.4978125,0.35198671689243477,shock,-1440.4818926482335,signal_change,2
BTC-USD,SCORE,2026-04-17 13:00:00+00:00,2026-04-17 17:00:00+00:00,1.0,76260.01,77898.7478125,0.3444368114116095,shock,3725.2639855139364,signal_change,4
BTC-USD,SCORE,2026-04-17 18:00:00+00:00,2026-04-17 19:00:00+00:00,1.0,77576.26,77210.1228125,0.35685286415938494,transition,-1040.0075219217692,signal_change,1
BTC-USD,SCORE,2026-04-19 02:00:00+00:00,2026-04-19 05:00:00+00:00,-1.0,75643.661875,75695.0725,0.6269938578683495,trend,-533.6309287126126,signal_change,3
BTC-USD,SCORE,2026-04-19 07:00:00+00:00,2026-04-19 09:00:00+00:00,-1.0,75426.9509375,75292.5490625,0.20809450918255187,shock,105.71104205731788,signal_change,2
BTC-USD,SCORE,2026-04-19 16:00:00+00:00,2026-04-19 17:00:00+00:00,-1.0,75885.6071875,75419.3615625,0.19558202756040355,transition,559.4750224232504,signal_change,1
BTC-USD,SCORE,2026-04-19 18:00:00+00:00,2026-04-19 21:00:00+00:00,-1.0,74793.8728125,74662.5725,0.1846138101992756,shock,91.75708636476237,signal_change,3
BTC-USD,SCORE,2026-04-19 22:00:00+00:00,2026-04-20 04:00:00+00:00,-1.0,74423.9821875,74666.088125,0.4717495322948731,shock,-1023.2907652838485,signal_change,6
BTC-USD,SCORE,2026-04-20 15:00:00+00:00,2026-04-20 16:00:00+00:00,-1.0,75090.74,75753.1584375,0.37502925081177046,range,-1882.0417022448062,signal_change,1
BTC-USD,SCORE,2026-04-20 19:00:00+00:00,2026-04-20 22:00:00+00:00,1.0,76483.3771875,76053.99,0.37256563828272765,transition,-1253.3419087350612,signal_change,3
BTC-USD,SCORE,2026-04-21 08:00:00+00:00,2026-04-21 09:00:00+00:00,1.0,76125.6428125,76545.599375,0.14380286704533304,transition,354.7667086444195,signal_change,1
BTC-USD,SCORE,2026-04-22 14:00:00+00:00,2026-04-22 18:00:00+00:00,1.0,78897.619375,78945.20875,0.3917639636640902,trend,-36.309083157835175,signal_change,4
BTC-USD,SCORE,2026-04-22 22:00:00+00:00,2026-04-22 23:00:00+00:00,1.0,78785.2521875,78623.9665625,0.42401046025104605,transition,-631.892276096709,signal_change,1
BTC-USD,SCORE,2026-04-23 01:00:00+00:00,2026-04-23 03:00:00+00:00,1.0,78442.1584375,77969.5915625,0.4063795324195587,transition,-1450.0804641649709,signal_change,2
BTC-USD,SCORE,2026-04-23 11:00:00+00:00,2026-04-23 12:00:00+00:00,-1.0,77463.3415625,77722.338125,0.4163081326618362,transition,-898.8927815450485,signal_change,1
BTC-USD,SCORE,2026-04-23 18:00:00+00:00,2026-04-23 20:00:00+00:00,-1.0,77766.943125,77732.5490625,0.13590131932367588,transition,-44.623162311801146,signal_change,2
BTC-USD,SCORE,2026-04-24 12:00:00+00:00,2026-04-24 13:00:00+00:00,1.0,78272.97875,78290.630625,0.14478000305458627,transition,-43.306419453383256,signal_change,1
BTC-USD,SCORE,2026-04-24 22:00:00+00:00,2026-04-25 00:00:00+00:00,-1.0,77572.0290625,77471.1896875,0.4878552835781677,transition,186.92150587644014,signal_change,2
BTC-USD,SCORE,2026-04-26 06:00:00+00:00,2026-04-26 07:00:00+00:00,1.0,78025.0178125,78039.6696875,0.33937030366288806,transition,-108.19673439507896,signal_change,1
BTC-USD,SCORE,2026-04-26 08:00:00+00:00,2026-04-26 09:00:00+00:00,1.0,78135.681875,78039.9275,0.9612316549069917,transition,-1012.9548589651303,signal_change,1
BTC-USD,SCORE,2026-04-26 14:00:00+00:00,2026-04-26 16:00:00+00:00,1.0,77975.72875,78084.380625,0.9179518890878208,transition,282.4691703762622,signal_change,2
BTC-USD,SCORE,2026-04-26 18:00:00+00:00,2026-04-26 21:00:00+00:00,1.0,78054.056875,78230.068125,0.9656915423205145,transition,729.4055865326585,signal_change,3
BTC-USD,SCORE,2026-04-26 22:00:00+00:00,2026-04-27 03:00:00+00:00,1.0,78388.2990625,79123.4275,0.6901662664783698,shock,3079.131820501148,signal_change,5
BTC-USD,SCORE,2026-04-27 06:00:00+00:00,2026-04-27 07:00:00+00:00,-1.0,77779.4978125,77695.01,0.16381153822626612,shock,-4.090084343854805,signal_change,1
BTC-USD,SCORE,2026-04-27 16:00:00+00:00,2026-04-27 19:00:00+00:00,-1.0,76748.9196875,76802.0334375,0.2691144216255774,transition,-273.7761335860067,signal_change,3
BTC-USD,SCORE,2026-04-28 09:00:00+00:00,2026-04-28 10:00:00+00:00,-1.0,76852.1071875,76580.6584375,0.5213715619872731,transition,698.0703009766535,signal_change,1
BTC-USD,SCORE,2026-04-28 12:00:00+00:00,2026-04-28 13:00:00+00:00,-1.0,76249.99,76362.01,0.49654668573992095,transition,-736.6348302085195,signal_change,1
BTC-USD,SCORE,2026-04-28 14:00:00+00:00,2026-04-28 15:00:00+00:00,-1.0,76170.3571875,75943.29125,0.4940178541932959,transition,585.8009296184593,signal_change,1
BTC-USD,SCORE,2026-04-29 05:00:00+00:00,2026-04-29 06:00:00+00:00,1.0,77266.806875,77276.1384375,0.5826593810498042,transition,-207.37836587497222,signal_change,1
BTC-USD,SCORE,2026-04-29 10:00:00+00:00,2026-04-29 12:00:00+00:00,1.0,77686.556875,77587.318125,0.5732998006310944,transition,-623.5296124639028,signal_change,2
BTC-USD,SCORE,2026-04-29 13:00:00+00:00,2026-04-29 14:00:00+00:00,1.0,77116.5178125,76753.7790625,0.5417772859459042,transition,-1558.9207063390634,signal_change,1
BTC-USD,SCORE,2026-04-29 16:00:00+00:00,2026-04-29 18:00:00+00:00,-1.0,75815.7321875,76224.7834375,0.17393603376550837,transition,-331.1024571746834,signal_change,2
BTC-USD,SCORE,2026-04-29 19:00:00+00:00,2026-04-29 20:00:00+00:00,-1.0,75486.9978125,75523.2678125,0.15404927475309127,transition,-114.17839056996438,signal_change,1
BTC-USD,SCORE,2026-04-29 21:00:00+00:00,2026-04-29 22:00:00+00:00,-1.0,75642.443125,75883.60375,0.4241377278098243,transition,-991.4038590369983,signal_change,1
BTC-USD,SCORE,2026-04-30 03:00:00+00:00,2026-04-30 04:00:00+00:00,-1.0,75663.7165625,75902.869375,0.40243006113157276,transition,-822.8724965754631,signal_change,1
BTC-USD,SCORE,2026-05-01 04:00:00+00:00,2026-05-01 06:00:00+00:00,1.0,77109.7365625,77144.8025,0.20182570825431337,transition,-36.00866920097484,signal_change,2
BTC-USD,SCORE,2026-05-01 08:00:00+00:00,2026-05-01 10:00:00+00:00,1.0,77097.51,77249.9978125,0.597276272414982,transition,365.4182643433037,signal_change,2
BTC-USD,SCORE,2026-05-01 12:00:00+00:00,2026-05-01 19:00:00+00:00,1.0,77466.35375,78455.7478125,0.5789975869842336,transition,3602.421658575214,signal_change,7
BTC-USD,SCORE,2026-05-01 22:00:00+00:00,2026-05-01 23:00:00+00:00,1.0,78207.7209375,78132.1071875,0.46914763888780325,transition,-433.58793469070173,signal_change,1
BTC-USD,SCORE,2026-05-02 22:00:00+00:00,2026-05-02 23:00:00+00:00,1.0,78724.6975,78818.8025,0.3475385603206649,transition,71.74853303398447,signal_change,1
BTC-USD,SCORE,2026-05-03 00:00:00+00:00,2026-05-03 01:00:00+00:00,1.0,78682.3225,78551.693125,0.3450836106244443,transition,-443.75192127277745,signal_change,1
BTC-USD,SCORE,2026-05-03 10:00:00+00:00,2026-05-03 11:00:00+00:00,1.0,78526.0334375,78394.5525,0.9986925002114649,transition,-1290.0485035936113,signal_change,1
BTC-USD,SCORE,2026-05-03 12:00:00+00:00,2026-05-03 14:00:00+00:00,1.0,78666.463125,78661.6228125,0.3270402470226875,shock,-146.68628468078938,signal_change,2
BTC-USD,SCORE,2026-05-03 15:00:00+00:00,2026-05-03 16:00:00+00:00,1.0,78721.869375,78656.83375,0.3238806251828658,transition,-274.3246438606615,signal_change,1
BTC-USD,SCORE,2026-05-03 18:00:00+00:00,2026-05-03 19:00:00+00:00,1.0,78728.85375,78732.2634375,0.9075331396186543,transition,-357.56625010500534,signal_change,1
BTC-USD,SCORE,2026-05-03 21:00:00+00:00,2026-05-03 22:00:00+00:00,1.0,78922.60375,78869.286875,0.30429301177964224,transition,-233.49730533768866,signal_change,1
BTC-USD,SCORE,2026-05-04 00:00:00+00:00,2026-05-04 01:00:00+00:00,-1.0,78546.0525,78543.54125,0.2569988374046489,shock,-81.87311580057673,signal_change,1
BTC-USD,SCORE,2026-05-04 02:00:00+00:00,2026-05-04 06:00:00+00:00,1.0,79848.0021875,80003.4978125,0.20894025031922536,shock,125.88055635093822,signal_change,4
BTC-USD,SCORE,2026-05-04 07:00:00+00:00,2026-05-04 08:00:00+00:00,1.0,79853.72875,79673.27125,0.5068108734808803,transition,-806.3178070806381,signal_change,1
BTC-USD,SCORE,2026-05-04 15:00:00+00:00,2026-05-04 17:00:00+00:00,1.0,80225.8303125,80049.4509375,0.338655853671974,transition,-527.1502058968609,signal_change,2
BTC-USD,SCORE,2026-05-05 13:00:00+00:00,2026-05-05 15:00:00+00:00,1.0,81284.681875,81329.52125,0.41343666675270063,transition,-53.33119437617485,signal_change,2
BTC-USD,SCORE,2026-05-05 21:00:00+00:00,2026-05-05 22:00:00+00:00,1.0,81650.0178125,80896.63216145833,0.540301766787506,transition,-2811.5680577345374,stop,2
BTC-USD,SCORE,2026-05-05 23:00:00+00:00,2026-05-06 03:00:00+00:00,1.0,81113.1115625,81358.5134375,0.5076600563239435,transition,584.0859074944245,signal_change,4
BTC-USD,SCORE,2026-05-06 09:00:00+00:00,2026-05-06 13:00:00+00:00,1.0,81966.85375,82196.5603125,0.48947423401576273,transition,507.51495808074276,signal_change,4
BTC-USD,SCORE,2026-05-07 16:00:00+00:00,2026-05-07 20:00:00+00:00,-1.0,79865.24,80162.0021875,0.17830833626433384,shock,-330.3050350488575,signal_change,4
BTC-USD,SCORE,2026-05-07 22:00:00+00:00,2026-05-08 00:00:00+00:00,-1.0,79695.9665625,80028.0021875,0.4888805013008905,transition,-1052.3686086347348,signal_change,2
BTC-USD,SCORE,2026-05-08 04:00:00+00:00,2026-05-08 05:00:00+00:00,-1.0,79552.4665625,79633.0178125,0.1788576295712094,transition,-192.7640478769759,signal_change,1
BTC-USD,SCORE,2026-05-08 07:00:00+00:00,2026-05-08 08:00:00+00:00,-1.0,79480.0759375,79642.713125,0.5204828720085372,transition,-728.4265052398796,signal_change,1
BTC-USD,SCORE,2026-05-08 13:00:00+00:00,2026-05-08 14:00:00+00:00,-1.0,80024.7634375,79633.0490625,0.5167371375970908,transition,1314.735930171585,signal_change,1
BTC-USD,SCORE,2026-05-09 00:00:00+00:00,2026-05-09 01:00:00+00:00,1.0,80188.3928125,80219.49,0.6102795525969915,transition,-129.89859748658603,signal_change,1
BTC-USD,SCORE,2026-05-10 01:00:00+00:00,2026-05-10 02:00:00+00:00,1.0,80658.9709375,80659.9275,0.3541812978408523,transition,-144.02386443364276,signal_change,1
BTC-USD,SCORE,2026-05-10 11:00:00+00:00,2026-05-10 13:00:00+00:00,1.0,80859.9475,80921.33375,0.38256254415093666,shock,-7.9476866727502795,signal_change,2
BTC-USD,SCORE,2026-05-10 14:00:00+00:00,2026-05-10 19:00:00+00:00,1.0,80954.0334375,81265.5290625,1.078511529998457,transition,1692.6994748634309,signal_change,5
BTC-USD,SCORE,2026-05-10 20:00:00+00:00,2026-05-10 20:00:00+00:00,1.0,81435.01,80950.82356770833,0.8336217400950658,shock,-2908.4702344213583,stop,1
BTC-USD,SCORE,2026-05-10 22:00:00+00:00,2026-05-10 22:00:00+00:00,-1.0,80664.99,81277.98763020833,0.23419792278468776,shock,819.0877967434343,stop,1
BTC-USD,SCORE,2026-05-10 23:00:00+00:00,2026-05-11 00:00:00+00:00,1.0,82068.7990625,81504.8103125,0.2287739890413909,shock,-903.1298973561923,stop,2
BTC-USD,SCORE,2026-05-12 15:00:00+00:00,2026-05-12 17:00:00+00:00,-1.0,80518.27125,80007.463125,0.5578005821599981,transition,1898.9689668886467,signal_change,2
BTC-USD,SCORE,2026-05-13 13:00:00+00:00,2026-05-13 15:00:00+00:00,-1.0,80172.4978125,79734.0490625,0.18900560093472554,shock,477.27047425284366,signal_change,2
BTC-USD,SCORE,2026-05-13 16:00:00+00:00,2026-05-13 17:00:00+00:00,-1.0,78761.27125,79528.70247395833,0.3606013544753422,shock,216.05986627139885,stop,2
BTC-USD,SCORE,2026-05-13 19:00:00+00:00,2026-05-13 20:00:00+00:00,-1.0,79567.9275,79611.369375,0.5266874743170821,transition,-329.73489115398854,signal_change,1
BTC-USD,SCORE,2026-05-13 22:00:00+00:00,2026-05-13 23:00:00+00:00,-1.0,79405.02125,79396.6584375,0.5223569595268365,transition,-166.96524483541782,signal_change,1
BTC-USD,SCORE,2026-05-14 03:00:00+00:00,2026-05-14 07:00:00+00:00,-1.0,79306.49,79768.41625,0.5152571809946913,transition,-1797.9173736381035,signal_change,4
BTC-USD,SCORE,2026-05-14 09:00:00+00:00,2026-05-14 10:00:00+00:00,-1.0,79798.49,79599.79125,0.47057714766539616,transition,462.00513428405935,signal_change,1
BTC-USD,SCORE,2026-05-14 15:00:00+00:00,2026-05-14 19:00:00+00:00,1.0,80954.088125,81600.536875,0.17162191625484624,transition,635.6565939742206,signal_change,4
BTC-USD,SCORE,2026-05-15 08:00:00+00:00,2026-05-15 09:00:00+00:00,1.0,80820.0021875,80641.9978125,0.3992732927343457,transition,-618.1832542400102,signal_change,1
BTC-USD,SCORE,2026-05-15 14:00:00+00:00,2026-05-15 16:00:00+00:00,-1.0,78729.20875,79141.369375,0.27170561636677015,transition,-745.0869704474644,signal_change,2
BTC-USD,SCORE,2026-05-15 22:00:00+00:00,2026-05-15 23:00:00+00:00,-1.0,78931.9821875,79059.0334375,0.4542817767190194,transition,-569.7210491297084,signal_change,1
BTC-USD,SCORE,2026-05-16 08:00:00+00:00,2026-05-16 09:00:00+00:00,-1.0,78324.599375,78373.4865625,0.5758195247903247,transition,-421.13853769766564,signal_change,1
BTC-USD,SCORE,2026-05-16 10:00:00+00:00,2026-05-16 13:00:00+00:00,-1.0,78042.7790625,77973.2209375,0.5530007890588764,trend,24.808652680260877,signal_change,3
BTC-USD,SCORE,2026-05-17 02:00:00+00:00,2026-05-17 03:00:00+00:00,-1.0,77693.24,77855.2834375,0.7540188575045453,transition,-1231.0269139010823,signal_change,1
BTC-USD,SCORE,2026-05-17 23:00:00+00:00,2026-05-17 23:00:00+00:00,-1.0,77919.9978125,77608.900625,0.23055237464211953,shock,-565.9255696722789,stop,1
BTC-USD,SCORE,2026-05-18 00:00:00+00:00,2026-05-18 05:00:00+00:00,-1.0,77407.99,76993.9865625,0.22548014218704987,shock,542.2459692925988,signal_change,5
BTC-USD,SCORE,2026-05-18 06:00:00+00:00,2026-05-18 11:00:00+00:00,-1.0,76868.5290625,76729.8225,0.585136117501643,transition,397.22871311197207,signal_change,5
BTC-USD,SCORE,2026-05-18 12:00:00+00:00,2026-05-18 18:00:00+00:00,-1.0,77251.5915625,76627.056875,0.523408542079021,transition,1789.1002705373692,signal_change,6
BTC-USD,SCORE,2026-05-18 19:00:00+00:00,2026-05-18 20:00:00+00:00,-1.0,76187.7634375,76905.01,0.4034487651540576,transition,-1863.952011648409,signal_change,1
BTC-USD,SCORE,2026-05-18 21:00:00+00:00,2026-05-18 22:00:00+00:00,-1.0,76855.3571875,77059.0725,0.3964254547720161,transition,-645.3452796541318,signal_change,1
BTC-USD,SCORE,2026-05-20 06:00:00+00:00,2026-05-20 07:00:00+00:00,1.0,77140.1896875,77348.9821875,0.19381108871494043,transition,189.0521810947333,signal_change,1
BTC-USD,SCORE,2026-05-20 10:00:00+00:00,2026-05-20 11:00:00+00:00,1.0,77407.8928125,77433.6384375,0.5811820066201284,transition,-139.18949378159223,signal_change,1
BTC-USD,SCORE,2026-05-20 17:00:00+00:00,2026-05-20 19:00:00+00:00,1.0,77251.3771875,77322.5525,0.559227502976238,transition,35.428288163425805,signal_change,2
BTC-USD,SCORE,2026-05-20 21:00:00+00:00,2026-05-20 22:00:00+00:00,1.0,77623.0334375,77412.568125,0.18765764621969905,transition,-337.34487097345806,signal_change,1
BTC-USD,SCORE,2026-05-21 01:00:00+00:00,2026-05-21 03:00:00+00:00,1.0,77912.1975,77875.8728125,0.5436111846648995,transition,-351.90941292802984,signal_change,2
BTC-USD,SCORE,2026-05-21 11:00:00+00:00,2026-05-21 12:00:00+00:00,-1.0,77113.6071875,77126.619375,0.17868041429963016,transition,-51.75135525632942,signal_change,1
BTC-USD,SCORE,2026-05-22 08:00:00+00:00,2026-05-22 09:00:00+00:00,-1.0,77323.661875,77159.9709375,0.5580488071252377,transition,243.23151826595696,signal_change,1
BTC-USD,SCORE,2026-05-22 19:00:00+00:00,2026-05-22 19:00:00+00:00,-1.0,76433.4821875,76489.7941796875,0.21615286680996737,shock,-7.024921739224894,stop,1
BTC-USD,SCORE,2026-05-22 20:00:00+00:00,2026-05-23 00:00:00+00:00,-1.0,75783.74,75462.9865625,0.2137012925385986,transition,441.70378543490614,signal_change,4
BTC-USD,SCORE,2026-05-23 01:00:00+00:00,2026-05-23 02:00:00+00:00,-1.0,75275.6384375,75411.2678125,0.2012739858389855,trend,-243.02699421787815,signal_change,1
BTC-USD,SCORE,2026-05-23 05:00:00+00:00,2026-05-23 06:00:00+00:00,-1.0,75455.1071875,75398.6896875,0.5976805957670811,trend,-7.650190983868995,signal_change,1
BTC-USD,SCORE,2026-05-23 08:00:00+00:00,2026-05-23 09:00:00+00:00,-1.0,74521.130625,74590.0334375,1.0605302228113176,trend,-1000.2098008447717,signal_change,1
BTC-USD,SCORE,2026-05-23 10:00:00+00:00,2026-05-23 11:00:00+00:00,-1.0,74589.4275,74633.5021875,0.5318240505236747,trend,-327.59838292577206,signal_change,1
BTC-USD,SCORE,2026-05-23 21:00:00+00:00,2026-05-23 21:00:00+00:00,1.0,77234.7521875,76500.36458333333,0.18279286509622303,shock,-961.5199870038574,stop,1
BTC-USD,SCORE,2026-05-24 10:00:00+00:00,2026-05-24 14:00:00+00:00,1.0,76932.0021875,76698.6071875,0.19070106431142753,trend,-371.591930417738,signal_change,4
BTC-USD,SCORE,2026-05-24 15:00:00+00:00,2026-05-24 16:00:00+00:00,1.0,76354.01,76282.6228125,0.5375412891178778,transition,-474.591769556654,signal_change,1
BTC-USD,SCORE,2026-05-25 10:00:00+00:00,2026-05-25 11:00:00+00:00,1.0,77532.0803125,77460.036875,0.5834751350815884,transition,-512.9599702394318,signal_change,1
BTC-USD,SCORE,2026-05-25 16:00:00+00:00,2026-05-25 17:00:00+00:00,1.0,77569.04125,77663.14625,0.216795982902255,transition,45.455072540866446,signal_change,1
BTC-USD,SCORE,2026-05-25 20:00:00+00:00,2026-05-25 21:00:00+00:00,1.0,77361.3225,77206.4821875,0.6064736292962357,transition,-862.8718376021349,signal_change,1
BTC-USD,SCORE,2026-05-25 22:00:00+00:00,2026-05-25 23:00:00+00:00,1.0,77300.0178125,77016.8728125,0.243069722240154,shock,-550.2200579573885,signal_change,1
BTC-USD,SCORE,2026-05-26 05:00:00+00:00,2026-05-26 06:00:00+00:00,-1.0,76660.83375,76825.088125,0.681232986777306,transition,-1124.2343266321145,signal_change,1
BTC-USD,SCORE,2026-05-26 07:00:00+00:00,2026-05-26 08:00:00+00:00,-1.0,76829.9821875,76630.01,0.6924918015426161,transition,631.5155887831962,signal_change,1
BTC-USD,SCORE,2026-05-26 12:00:00+00:00,2026-05-26 13:00:00+00:00,-1.0,77103.8025,77053.6115625,0.604105378256444,transition,18.32021625208266,signal_change,1
BTC-USD,SCORE,2026-05-26 15:00:00+00:00,2026-05-26 20:00:00+00:00,-1.0,76801.693125,75930.0178125,0.16662753729260252,transition,920.7633550775221,signal_change,5
BTC-USD,SCORE,2026-05-26 22:00:00+00:00,2026-05-26 23:00:00+00:00,-1.0,75789.786875,75643.7209375,0.42045642784083875,transition,311.35910131706197,signal_change,1
BTC-USD,SCORE,2026-05-27 14:00:00+00:00,2026-05-27 15:00:00+00:00,-1.0,74954.943125,74852.35375,0.5099371981490168,transition,-84.99557269417556,signal_change,1
BTC-USD,SCORE,2026-05-27 22:00:00+00:00,2026-05-28 01:00:00+00:00,-1.0,74326.4196875,74458.838125,0.4946884695100862,transition,-520.6878913040308,signal_change,3
BTC-USD,SCORE,2026-05-28 03:00:00+00:00,2026-05-28 03:00:00+00:00,-1.0,74141.9665625,74225.379140625,0.4276589377498572,shock,70.35725191625096,stop,1
BTC-USD,SCORE,2026-05-28 04:00:00+00:00,2026-05-28 07:00:00+00:00,-1.0,73130.0134375,73075.8928125,0.29634275678380506,shock,63.18816901237355,signal_change,3
BTC-USD,SCORE,2026-05-28 08:00:00+00:00,2026-05-28 09:00:00+00:00,-1.0,73356.1071875,73186.338125,0.4055368304408803,transition,268.61979077920387,signal_change,1
BTC-USD,SCORE,2026-05-28 11:00:00+00:00,2026-05-28 12:00:00+00:00,-1.0,73268.599375,73368.369375,0.40496889026866906,transition,-484.5156337513275,signal_change,1
BTC-USD,SCORE,2026-05-28 15:00:00+00:00,2026-05-28 16:00:00+00:00,-1.0,72852.286875,72770.0178125,0.3970510840036222,transition,-52.04192435675914,signal_change,1
BTC-USD,SCORE,2026-05-29 09:00:00+00:00,2026-05-29 10:00:00+00:00,1.0,73548.01,73635.9665625,0.46931998068136366,transition,93.98742611769728,signal_change,1
BTC-USD,SCORE,2026-05-29 16:00:00+00:00,2026-05-29 17:00:00+00:00,1.0,73727.0334375,73951.02125,0.16660492040642316,transition,188.8287750074396,signal_change,1
BTC-USD,SCORE,2026-05-31 02:00:00+00:00,2026-05-31 04:00:00+00:00,1.0,73937.60375,74032.0525,1.0162702702702704,transition,245.3543829977778,signal_change,2
BTC-USD,SCORE,2026-05-31 08:00:00+00:00,2026-05-31 13:00:00+00:00,1.0,73752.85375,73806.39625,1.1142977741707918,transition,-42.37253439929145,signal_change,5
BTC-USD,SCORE,2026-05-31 17:00:00+00:00,2026-05-31 18:00:00+00:00,-1.0,73420.49,73612.5725,0.9726007658722375,transition,-1729.8831325113397,signal_change,1
BTC-USD,SCORE,2026-05-31 21:00:00+00:00,2026-05-31 22:00:00+00:00,-1.0,73632.0134375,73766.1115625,0.3190540877043128,transition,-518.4284887872941,signal_change,1
BTC-USD,SCORE,2026-06-01 00:00:00+00:00,2026-06-01 01:00:00+00:00,-1.0,73575.1696875,73782.1584375,0.7784203238205663,shock,-1407.7898007916037,signal_change,1
BTC-USD,SCORE,2026-06-01 02:00:00+00:00,2026-06-01 02:00:00+00:00,-1.0,73174.5603125,73701.13216145833,0.24489195337778608,shock,788.4744038372976,stop,1
BTC-USD,SCORE,2026-06-01 03:00:00+00:00,2026-06-01 20:00:00+00:00,-1.0,73711.9821875,71478.6896875,0.24046942255353104,shock,3618.3596290111705,signal_change,17
BTC-USD,SCORE,2026-06-01 22:00:00+00:00,2026-06-01 23:00:00+00:00,-1.0,70949.99,71305.8771875,0.3761886201424715,transition,-1110.8644084704176,signal_change,1
BTC-USD,SCORE,2026-06-02 02:00:00+00:00,2026-06-02 03:00:00+00:00,-1.0,70535.4275,70738.01,0.3813222298186086,trend,-698.2880893154176,signal_change,1
BTC-USD,SCORE,2026-06-02 06:00:00+00:00,2026-06-02 09:00:00+00:00,-1.0,70167.443125,69738.9396875,0.36948966273740036,trend,1144.2415055720942,signal_change,3
BTC-USD,SCORE,2026-06-02 10:00:00+00:00,2026-06-02 11:00:00+00:00,-1.0,69318.08375,69535.119375,0.35147020270216917,trend,-759.6390715863704,signal_change,1
BTC-USD,SCORE,2026-06-02 13:00:00+00:00,2026-06-02 17:00:00+00:00,-1.0,68884.14625,67304.431875,0.37102768074800285,transition,4244.863099203538,signal_change,4
BTC-USD,SCORE,2026-06-02 18:00:00+00:00,2026-06-03 02:00:00+00:00,-1.0,67356.4509375,66818.01,0.32469748212593086,trend,1162.5647815448585,signal_change,8
BTC-USD,SCORE,2026-06-03 03:00:00+00:00,2026-06-03 05:00:00+00:00,-1.0,66530.1696875,67291.63158203124,0.2586342626441631,trend,2026.775161503036,stop,3
BTC-USD,SCORE,2026-06-03 06:00:00+00:00,2026-06-03 08:00:00+00:00,-1.0,67223.661875,67113.338125,0.08715174919026039,transition,19.977195937719586,signal_change,2
BTC-USD,SCORE,2026-06-03 09:00:00+00:00,2026-06-03 10:00:00+00:00,-1.0,66925.9665625,66971.85375,0.2502267067337803,transition,-216.84692673494612,signal_change,1
BTC-USD,SCORE,2026-06-03 12:00:00+00:00,2026-06-03 13:00:00+00:00,-1.0,66969.6228125,66984.650625,0.25111414251247527,transition,-121.95759177253863,signal_change,1
BTC-USD,SCORE,2026-06-03 22:00:00+00:00,2026-06-03 23:00:00+00:00,-1.0,65610.9821875,64808.7209375,0.2599904623463777,transition,1511.9713862136518,signal_change,1
BTC-USD,SCORE,2026-06-04 00:00:00+00:00,2026-06-04 03:00:00+00:00,-1.0,64051.99,63669.324453125,0.23706110455101492,shock,2632.066866256963,stop,4
BTC-USD,SCORE,2026-06-04 05:00:00+00:00,2026-06-04 06:00:00+00:00,-1.0,64325.57984375,63865.01,0.20942191504298638,transition,587.5745404111129,signal_change,1
BTC-USD,SCORE,2026-06-04 10:00:00+00:00,2026-06-04 14:00:00+00:00,-1.0,63153.6696875,64199.01,0.19077387394241344,transition,-1581.0216024006652,signal_change,4
BTC-USD,SCORE,2026-06-05 07:00:00+00:00,2026-06-05 08:00:00+00:00,-1.0,61870.00171875,63034.31859375,0.06441124564988346,transition,-663.7861329040799,signal_change,1
BTC-USD,SCORE,2026-06-05 14:00:00+00:00,2026-06-05 18:00:00+00:00,-1.0,60665.3884375,60749.900625,0.18324275653019662,shock,-248.11729200167136,signal_change,4
BTC-USD,SCORE,2026-06-05 19:00:00+00:00,2026-06-05 20:00:00+00:00,-1.0,59346.54859375,61272.614908854164,0.15645214637192625,transition,26.789843263315333,stop,2
BTC-USD,SCORE,2026-06-05 21:00:00+00:00,2026-06-05 22:00:00+00:00,-1.0,61625.68140625,61600.01,0.053401418172801966,transition,-60.60921388024241,signal_change,1
BTC-USD,SCORE,2026-06-06 00:00:00+00:00,2026-06-06 01:00:00+00:00,-1.0,61048.18921875,61260.70140625,0.14708436287891358,transition,-281.38713580491117,signal_change,1
BTC-USD,SCORE,2026-06-07 02:00:00+00:00,2026-06-07 03:00:00+00:00,1.0,61432.150625,61466.8103125,0.29899898795553087,transition,-36.40201356615079,signal_change,1
BTC-USD,SCORE,2026-06-07 08:00:00+00:00,2026-06-07 11:00:00+00:00,1.0,62374.51,62345.75953125,0.1264129331820278,shock,-79.75699379935081,signal_change,3
BTC-USD,SCORE,2026-06-07 12:00:00+00:00,2026-06-07 12:00:00+00:00,1.0,62600.0490625,61720.985026041664,0.3519330897693499,transition,-2691.718234389863,stop,1
BTC-USD,SCORE,2026-06-07 13:00:00+00:00,2026-06-07 16:00:00+00:00,1.0,61860.17015625,62074.161875,0.355996365456505,transition,486.0659066704227,signal_change,3
BTC-USD,SCORE,2026-06-07 21:00:00+00:00,2026-06-07 22:00:00+00:00,1.0,61853.99046875,61824.5915625,0.31589036980590135,transition,-206.49349198594368,signal_change,1
BTC-USD,SCORE,2026-06-07 23:00:00+00:00,2026-06-08 01:00:00+00:00,1.0,62822.01,63620.9196875,0.09510699023152108,transition,579.5805227265466,signal_change,2
BTC-USD,SCORE,2026-06-08 14:00:00+00:00,2026-06-08 17:00:00+00:00,1.0,63727.97875,63501.318125,0.2546572622681965,transition,-568.6391410401524,signal_change,3
BTC-USD,SCORE,2026-06-08 21:00:00+00:00,2026-06-08 22:00:00+00:00,1.0,63475.97875,63676.29859375,0.09313435148048933,transition,112.59938600053445,signal_change,1
BTC-USD,SCORE,2026-06-09 05:00:00+00:00,2026-06-09 06:00:00+00:00,1.0,63208.869375,63316.95875,0.32090913531224174,transition,149.69518741160428,signal_change,1
BTC-USD,SCORE,2026-06-09 15:00:00+00:00,2026-06-09 16:00:00+00:00,-1.0,61503.9509375,61063.01,0.3311058115157376,trend,1006.9876432334215,signal_change,1
BTC-USD,SCORE,2026-06-09 17:00:00+00:00,2026-06-09 21:00:00+00:00,-1.0,61342.36109375,62113.47875,0.11472683698659067,transition,-778.0502748244661,signal_change,4
BTC-USD,SCORE,2026-06-09 22:00:00+00:00,2026-06-10 00:00:00+00:00,-1.0,61720.07984375,61699.22875,0.3260453192449339,transition,-4.593787977176618,signal_change,2
BTC-USD,SCORE,2026-06-10 12:00:00+00:00,2026-06-10 13:00:00+00:00,-1.0,60984.90015625,61989.129231770836,0.306272753529137,transition,-273.38070892837595,stop,2
BTC-USD,SCORE,2026-06-11 04:00:00+00:00,2026-06-11 06:00:00+00:00,1.0,62611.24828125,62543.32984375,0.28724706119747867,transition,-277.69711418715053,signal_change,2
BTC-USD,SCORE,2026-06-11 10:00:00+00:00,2026-06-11 12:00:00+00:00,1.0,62853.2209375,63047.86890625,0.3084864787576106,transition,363.36783952562956,signal_change,2
BTC-USD,SCORE,2026-06-11 13:00:00+00:00,2026-06-11 14:00:00+00:00,1.0,62923.81859375,63022.04078125,0.11764065101020083,shock,45.9034933351642,signal_change,1
BTC-USD,SCORE,2026-06-11 18:00:00+00:00,2026-06-11 19:00:00+00:00,1.0,63556.02171875,63384.911875,0.12611962696311824,transition,-226.0810776572726,signal_change,1
BTC-USD,SCORE,2026-06-11 20:00:00+00:00,2026-06-11 21:00:00+00:00,1.0,63584.24828125,63329.00171875,0.35107405732573954,transition,-867.0598012058836,signal_change,1
BTC-USD,SCORE,2026-06-12 01:00:00+00:00,2026-06-12 02:00:00+00:00,1.0,63575.77171875,63350.4509375,0.3925521903234292,transition,-873.2992797746097,signal_change,1
BTC-USD,SCORE,2026-06-12 05:00:00+00:00,2026-06-12 06:00:00+00:00,1.0,63624.49046875,63261.54859375,0.39684472216074246,transition,-1319.6635144243428,signal_change,1
BTC-USD,SCORE,2026-06-12 15:00:00+00:00,2026-06-12 16:00:00+00:00,1.0,63937.95921875,63549.97828125,0.3592202340181283,transition,-1257.914770804296,signal_change,1
BTC-USD,SCORE,2026-06-13 13:00:00+00:00,2026-06-13 14:00:00+00:00,1.0,64104.588125,64061.99,0.5911075362926502,transition,-440.40222425423565,signal_change,1
BTC-USD,SCORE,2026-06-13 22:00:00+00:00,2026-06-13 23:00:00+00:00,1.0,64444.09984375,64420.6384375,0.772625784948201,transition,-457.17173149597363,signal_change,1
BTC-USD,SCORE,2026-06-14 00:00:00+00:00,2026-06-14 03:00:00+00:00,1.0,64415.6896875,64456.25953125,0.7565522468372546,transition,-65.31583719830812,signal_change,3
BTC-USD,SCORE,2026-06-14 05:00:00+00:00,2026-06-14 06:00:00+00:00,1.0,64319.9709375,64331.54078125,0.796136126683737,transition,-250.8181276045822,signal_change,1
BTC-USD,SCORE,2026-06-14 07:00:00+00:00,2026-06-14 08:00:00+00:00,1.0,64258.26,64390.15015625,0.2757821604479484,transition,175.23473009479164,signal_change,1
BTC-USD,SCORE,2026-06-14 15:00:00+00:00,2026-06-14 16:00:00+00:00,-1.0,63943.24,63975.95140625,0.2505392961528685,transition,-207.53049578765632,signal_change,1
BTC-USD,SCORE,2026-06-14 22:00:00+00:00,2026-06-15 01:00:00+00:00,1.0,65300.02171875,65594.33375,0.20124735392407034,shock,378.8932686416481,signal_change,3
BTC-USD,SCORE,2026-06-15 02:00:00+00:00,2026-06-15 03:00:00+00:00,1.0,65487.09984375,65434.47828125,0.509280443702058,transition,-414.7186157480568,signal_change,1
BTC-USD,SCORE,2026-06-15 04:00:00+00:00,2026-06-15 05:00:00+00:00,1.0,65894.0490625,65598.380625,0.4766497186766094,transition,-1278.577640347345,signal_change,1
BTC-USD,SCORE,2026-06-15 12:00:00+00:00,2026-06-15 19:00:00+00:00,1.0,66206.01,66730.99,0.42729545967735194,transition,1547.7646787295807,signal_change,7
BTC-USD,SCORE,2026-06-16 15:00:00+00:00,2026-06-16 16:00:00+00:00,-1.0,65601.14625,65825.22875,0.41989477531963676,transition,-808.9543809954943,signal_change,1
BTC-USD,SCORE,2026-06-17 00:00:00+00:00,2026-06-17 01:00:00+00:00,-1.0,65616.630625,65649.5803125,0.4285273573947905,transition,-250.40763696615494,signal_change,1
BTC-USD,SCORE,2026-06-17 08:00:00+00:00,2026-06-17 09:00:00+00:00,-1.0,65463.4196875,64857.27953125,0.44752485850327917,trend,1884.6750014604047,signal_change,1
BTC-USD,SCORE,2026-06-17 10:00:00+00:00,2026-06-17 13:00:00+00:00,-1.0,64854.99,64975.74828125,0.16124261982020713,transition,-238.15290753677326,signal_change,3
BTC-USD,SCORE,2026-06-17 20:00:00+00:00,2026-06-17 21:00:00+00:00,-1.0,64216.47828125,64373.76,0.11819993523977508,transition,-189.44213218686622,signal_change,1
BTC-USD,SCORE,2026-06-17 22:00:00+00:00,2026-06-17 23:00:00+00:00,-1.0,64181.00171875,64241.56078125,0.32833326566783516,transition,-251.6204548050181,signal_change,1
BTC-USD,SCORE,2026-06-18 01:00:00+00:00,2026-06-18 02:00:00+00:00,-1.0,64399.97828125,64495.681875,0.3284359471068812,transition,-322.1610393169186,signal_change,1
BTC-USD,SCORE,2026-06-18 04:00:00+00:00,2026-06-18 06:00:00+00:00,-1.0,64215.04078125,63920.54125,0.3138441985942778,transition,600.6230028398148,signal_change,2
BTC-USD,SCORE,2026-06-18 14:00:00+00:00,2026-06-18 15:00:00+00:00,-1.0,63911.95875,63713.5490625,0.3201186375387747,transition,275.12081078593167,signal_change,1
BTC-USD,SCORE,2026-06-18 16:00:00+00:00,2026-06-18 17:00:00+00:00,-1.0,62276.54078125,62619.99046875,0.6093180960564374,transition,-1777.6481900424876,signal_change,1
BTC-USD,SCORE,2026-06-18 18:00:00+00:00,2026-06-18 19:00:00+00:00,-1.0,62530.65015625,62631.588125,0.32372716303881394,transition,-343.09879283375295,signal_change,1
BTC-USD,SCORE,2026-06-19 00:00:00+00:00,2026-06-19 01:00:00+00:00,-1.0,62883.52125,62955.400625,0.3760501877314557,transition,-336.49574774669253,signal_change,1
BTC-USD,SCORE,2026-06-19 08:00:00+00:00,2026-06-19 09:00:00+00:00,-1.0,62561.2009375,62546.49828125,0.3800115848997479,transition,-3.718857966357504,signal_change,1
BTC-USD,SCORE,2026-06-19 10:00:00+00:00,2026-06-19 11:00:00+00:00,-1.0,62317.099375,62466.31859375,0.3809946703452482,transition,-615.6799603710333,signal_change,1
BTC-USD,SCORE,2026-06-20 00:00:00+00:00,2026-06-20 02:00:00+00:00,1.0,63469.9709375,63508.15015625,0.46556458372436565,transition,-46.76781377161683,signal_change,2
BTC-USD,SCORE,2026-06-20 09:00:00+00:00,2026-06-20 10:00:00+00:00,1.0,63367.31078125,63669.43140625,0.5255243548943552,transition,1053.066595010506,signal_change,1
BTC-USD,SCORE,2026-06-20 15:00:00+00:00,2026-06-20 17:00:00+00:00,1.0,63900.01,63957.97046875,0.18374705720784748,shock,10.340777197333985,signal_change,2
BTC-USD,SCORE,2026-06-21 00:00:00+00:00,2026-06-21 01:00:00+00:00,1.0,64229.681875,64212.79859375,0.6099672514402872,transition,-328.31286781763947,signal_change,1
BTC-USD,SCORE,2026-06-21 04:00:00+00:00,2026-06-21 06:00:00+00:00,1.0,64345.06859375,64178.00171875,0.6252523874228894,transition,-1074.4209166271614,signal_change,2
BTC-USD,SCORE,2026-06-21 11:00:00+00:00,2026-06-21 13:00:00+00:00,1.0,64287.9396875,64101.86890625,0.6313462311799509,shock,-1177.348635328515,signal_change,2
BTC-USD,SCORE,2026-06-21 19:00:00+00:00,2026-06-21 20:00:00+00:00,1.0,64130.54125,64125.18921875,0.8067406662915081,transition,-359.11370575309684,signal_change,1
BTC-USD,SCORE,2026-06-22 00:00:00+00:00,2026-06-22 00:00:00+00:00,-1.0,63235.61890625,63777.922200520836,0.5883513723607005,shock,2302.5963962135306,stop,1
BTC-USD,SCORE,2026-06-22 01:00:00+00:00,2026-06-22 01:00:00+00:00,-1.0,63836.04859375,64445.990559895836,0.18515544339548629,shock,819.7303922747708,stop,1
BTC-USD,SCORE,2026-06-22 13:00:00+00:00,2026-06-22 15:00:00+00:00,1.0,65077.59984375,64901.54859375,0.4125062483395161,shock,-724.8754053715484,signal_change,2
BTC-USD,SCORE,2026-06-23 06:00:00+00:00,2026-06-23 11:00:00+00:00,-1.0,63307.97828125,62245.97875,0.38408064128613645,transition,3180.3306479339803,signal_change,5
BTC-USD,SCORE,2026-06-24 03:00:00+00:00,2026-06-24 05:00:00+00:00,-1.0,62564.57984375,62671.7990625,0.4180690181303795,transition,-466.5262242829552,signal_change,2
BTC-USD,SCORE,2026-06-24 12:00:00+00:00,2026-06-24 13:00:00+00:00,1.0,62837.9709375,62535.6696875,0.4771621756583724,transition,-1361.00199491513,signal_change,1
BTC-USD,SCORE,2026-06-24 14:00:00+00:00,2026-06-24 20:00:00+00:00,-1.0,61194.00171875,60346.0891015625,0.2914852772395174,shock,4271.647964626499,stop,7
BTC-USD,SCORE,2026-06-24 21:00:00+00:00,2026-06-24 22:00:00+00:00,-1.0,60894.5603125,61014.84984375,0.2925396904652383,transition,-489.5131278831847,signal_change,1
BTC-USD,SCORE,2026-06-25 14:00:00+00:00,2026-06-25 14:00:00+00:00,-1.0,58218.25953125,59600.583984375,0.07516178355198552,shock,881.1453269674689,stop,1
BTC-USD,SCORE,2026-06-25 15:00:00+00:00,2026-06-25 16:00:00+00:00,-1.0,59361.74,59469.63109375,0.07586572620324206,shock,-85.10212029181702,signal_change,1
BTC-USD,SCORE,2026-06-26 03:00:00+00:00,2026-06-26 03:00:00+00:00,-1.0,58475.9509375,59962.533854166664,0.20162277259636607,transition,2540.4102576312416,stop,1
BTC-USD,SCORE,2026-06-26 05:00:00+00:00,2026-06-26 06:00:00+00:00,-1.0,59835.52125,59841.369375,0.20654503769568092,transition,-161.5934143979633,signal_change,1
BTC-USD,SCORE,2026-06-26 09:00:00+00:00,2026-06-26 10:00:00+00:00,-1.0,60162.099375,59638.9396875,0.19132540185082775,transition,759.9281767800339,signal_change,1
BTC-USD,SCORE,2026-06-26 13:00:00+00:00,2026-06-26 14:00:00+00:00,-1.0,59104.79078125,60014.181875,0.20600995993693527,shock,-1874.669414326248,signal_change,1
BTC-USD,SCORE,2026-06-27 19:00:00+00:00,2026-06-27 20:00:00+00:00,1.0,60457.52171875,60084.8884375,0.5520937489903928,transition,-1971.5966446523073,signal_change,1
BTC-USD,SCORE,2026-06-27 23:00:00+00:00,2026-06-28 00:00:00+00:00,1.0,60132.119375,59934.82984375,0.19549910474783985,range,-407.71943421898754,signal_change,1
BTC-USD,SCORE,2026-06-28 02:00:00+00:00,2026-06-28 03:00:00+00:00,1.0,60131.150625,60073.99,0.5759353899294808,transition,-514.7184857246566,signal_change,1
BTC-USD,SCORE,2026-06-28 10:00:00+00:00,2026-06-28 11:00:00+00:00,-1.0,60169.77125,60075.95140625,0.5684633780327336,transition,211.63708894312725,signal_change,1
BTC-USD,SCORE,2026-06-28 15:00:00+00:00,2026-06-28 16:00:00+00:00,-1.0,59939.2790625,59807.04125,0.5613774604711197,transition,446.11481338294993,signal_change,1
BTC-USD,SCORE,2026-06-28 17:00:00+00:00,2026-06-28 18:00:00+00:00,-1.0,59593.50171875,59483.3615625,0.18872325149138802,transition,69.42498243084006,signal_change,1
BTC-USD,SCORE,2026-06-28 23:00:00+00:00,2026-06-28 23:00:00+00:00,-1.0,58947.82984375,59602.428059895836,0.454272619903078,shock,2390.943914004162,stop,1
BTC-USD,SCORE,2026-06-29 00:00:00+00:00,2026-06-29 01:00:00+00:00,-1.0,59478.7790625,59562.13109375,0.1495683561890129,shock,-202.5545885251061,signal_change,1
BTC-USD,SCORE,2026-06-29 02:00:00+00:00,2026-06-29 03:00:00+00:00,-1.0,59333.4196875,59974.000234375,0.39108742528464824,shock,-166.12505524991377,stop,2
BTC-USD,SCORE,2026-06-29 09:00:00+00:00,2026-06-29 10:00:00+00:00,-1.0,59741.70875,59975.31859375,0.3575404891772674,transition,-820.0457394641357,signal_change,1
BTC-USD,SCORE,2026-06-29 13:00:00+00:00,2026-06-29 16:00:00+00:00,-1.0,59864.99,59716.0490625,0.10539054530994668,transition,107.27855219667902,signal_change,3
BTC-USD,SCORE,2026-06-30 11:00:00+00:00,2026-06-30 12:00:00+00:00,-1.0,59239.11109375,59075.6584375,0.35172747728105214,transition,345.67910152729866,signal_change,1
BTC-USD,SCORE,2026-06-30 13:00:00+00:00,2026-06-30 14:00:00+00:00,-1.0,58322.068125,59095.695638020836,0.3789341537933301,transition,358.64909546538615,stop,2
BTC-USD,SCORE,2026-06-30 17:00:00+00:00,2026-06-30 18:00:00+00:00,-1.0,58393.70875,58325.95921875,0.40470673799922213,transition,74.62254901744677,signal_change,1
BTC-USD,SCORE,2026-06-30 22:00:00+00:00,2026-06-30 23:00:00+00:00,-1.0,58562.36109375,58509.56078125,0.41294304454658565,transition,-10.157771823307087,signal_change,1
BTC-USD,SCORE,2026-07-01 00:00:00+00:00,2026-07-01 01:00:00+00:00,-1.0,58541.54078125,58486.8615625,0.4233896312858009,transition,32.61957386284851,signal_change,1
BTC-USD,SCORE,2026-07-01 02:00:00+00:00,2026-07-01 04:00:00+00:00,-1.0,58686.29859375,59096.27953125,0.13161554283124602,transition,-536.8490166815493,signal_change,2
BTC-USD,SCORE,2026-07-01 11:00:00+00:00,2026-07-01 12:00:00+00:00,-1.0,58580.29859375,58558.51,0.3432483526165919,transition,55.42257353242975,signal_change,1
BTC-USD,SCORE,2026-07-01 15:00:00+00:00,2026-07-01 17:00:00+00:00,1.0,59462.900625,59860.47046875,0.11921238588279057,transition,361.7083156446944,signal_change,2
BTC-USD,SCORE,2026-07-01 22:00:00+00:00,2026-07-02 00:00:00+00:00,1.0,60748.3303125,59950.47828125,0.3017082413527406,transition,-2160.325281398834,signal_change,2
BTC-USD,SCORE,2026-07-02 10:00:00+00:00,2026-07-02 15:00:00+00:00,1.0,61089.17015625,61613.24,0.29013207850673084,transition,1151.8860343333117,signal_change,5
BTC-USD,SCORE,2026-07-03 21:00:00+00:00,2026-07-03 22:00:00+00:00,1.0,62727.838125,62668.22046875,0.35085032006656464,transition,-314.3505712137316,signal_change,1
BTC-USD,SCORE,2026-07-03 23:00:00+00:00,2026-07-04 00:00:00+00:00,1.0,62512.7990625,62520.22046875,0.17574785496209536,transition,-61.253478436259314,signal_change,1
BTC-USD,SCORE,2026-07-04 01:00:00+00:00,2026-07-04 03:00:00+00:00,1.0,62693.369375,62481.93921875,0.5057803197358278,transition,-1078.3656345821234,signal_change,2
BTC-USD,SCORE,2026-07-04 18:00:00+00:00,2026-07-04 20:00:00+00:00,1.0,63230.95140625,63232.40015625,0.6298680385631471,transition,-249.46473003411438,signal_change,2
BTC-USD,SCORE,2026-07-05 00:00:00+00:00,2026-07-05 01:00:00+00:00,1.0,63086.45921875,62932.54859375,0.6874163569566349,transition,-1135.7049686794765,signal_change,1
BTC-USD,SCORE,2026-07-05 17:00:00+00:00,2026-07-05 18:00:00+00:00,-1.0,62582.50171875,62571.4084375,0.23501569385010393,transition,-74.49622099033215,signal_change,1
BTC-USD,SCORE,2026-07-05 23:00:00+00:00,2026-07-06 00:00:00+00:00,1.0,63674.01,63581.18140625,0.20398767391094183,shock,-234.41711456240338,signal_change,1
BTC-USD,SCORE,2026-07-06 12:00:00+00:00,2026-07-06 15:00:00+00:00,-1.0,62411.99,62363.30052734375,0.4509070759087152,shock,2715.3230008241676,stop,4
BTC-USD,SCORE,2026-07-06 17:00:00+00:00,2026-07-06 18:00:00+00:00,1.0,63681.63890625,63545.75953125,0.12177558088171592,transition,-182.6955693404044,signal_change,1
BTC-USD,SCORE,2026-07-06 22:00:00+00:00,2026-07-06 23:00:00+00:00,1.0,64438.02171875,64197.8103125,0.35187766586673563,transition,-814.3792432041902,signal_change,1
BTC-USD,SCORE,2026-07-08 02:00:00+00:00,2026-07-08 03:00:00+00:00,-1.0,62978.5603125,62955.900625,0.3610950936091898,transition,33.204500981977546,signal_change,1
BTC-USD,SCORE,2026-07-08 09:00:00+00:00,2026-07-08 11:00:00+00:00,-1.0,61945.3884375,62117.06859375,0.11490437083873689,shock,-230.05124547274497,signal_change,2
BTC-USD,SCORE,2026-07-09 07:00:00+00:00,2026-07-09 08:00:00+00:00,1.0,62892.619375,62953.97046875,0.3911950816886364,range,34.907797687278936,signal_change,1
BTC-USD,SCORE,2026-07-09 13:00:00+00:00,2026-07-09 14:00:00+00:00,1.0,62562.01,62992.95875,0.14948199040978113,transition,464.1414505874509,signal_change,1
BTC-USD,SCORE,2026-07-09 19:00:00+00:00,2026-07-09 20:00:00+00:00,1.0,63175.67015625,63204.99,0.41635615807226684,transition,-71.51064559223816,signal_change,1
BTC-USD,SCORE,2026-07-10 00:00:00+00:00,2026-07-10 01:00:00+00:00,1.0,63170.97875,63070.099375,0.41371602478263936,transition,-506.28440638706275,signal_change,1
BTC-USD,SCORE,2026-07-10 02:00:00+00:00,2026-07-10 04:00:00+00:00,1.0,63717.02953125,63911.22828125,0.4134262037632487,trend,473.8349501864188,signal_change,2
BTC-USD,SCORE,2026-07-10 05:00:00+00:00,2026-07-10 07:00:00+00:00,1.0,64004.04125,63820.11109375,0.4338460053284621,transition,-813.0475376273934,signal_change,2
BTC-USD,SCORE,2026-07-10 17:00:00+00:00,2026-07-10 18:00:00+00:00,1.0,64072.49046875,63779.27125,0.46467158333052666,transition,-1273.229863012212,signal_change,1
BTC-USD,SCORE,2026-07-10 21:00:00+00:00,2026-07-10 22:00:00+00:00,1.0,63788.77171875,63961.5915625,0.1620045986238046,transition,157.268541857688,signal_change,1
BTC-USD,SCORE,2026-07-11 00:00:00+00:00,2026-07-11 01:00:00+00:00,1.0,64125.29125,64076.5290625,0.47952131570216044,transition,-380.6207437063953,signal_change,1
BTC-USD,SCORE,2026-07-12 00:00:00+00:00,2026-07-12 01:00:00+00:00,-1.0,63773.5915625,64129.736979166664,0.31342433969990346,shock,711.3398759388479,stop,2
BTC-USD,SCORE,2026-07-12 07:00:00+00:00,2026-07-12 08:00:00+00:00,-1.0,63714.74,63843.70921875,0.8105119509778073,transition,-1164.5772578261958,signal_change,1
BTC-USD,SCORE,2026-07-12 09:00:00+00:00,2026-07-12 10:00:00+00:00,-1.0,63941.43140625,63915.20921875,0.2732178924870034,shock,-54.10814623659516,signal_change,1
BTC-USD,SCORE,2026-07-13 02:00:00+00:00,2026-07-13 07:00:00+00:00,-1.0,63327.04859375,62758.49828125,0.2287871828509675,shock,1001.3824913625289,signal_change,5
BTC-USD,SCORE,2026-07-13 08:00:00+00:00,2026-07-13 09:00:00+00:00,-1.0,62935.9509375,63131.51,0.5745852059248342,transition,-1243.7605103766318,signal_change,1
BTC-USD,SCORE,2026-07-13 11:00:00+00:00,2026-07-13 20:00:00+00:00,-1.0,62810.99,62189.54125,0.5657915921523943,transition,2350.137745516836,signal_change,9
BTC-USD,SCORE,2026-07-13 23:00:00+00:00,2026-07-14 00:00:00+00:00,-1.0,61843.40015625,62276.88109375,0.13756430546400208,transition,-520.7830930976106,signal_change,1
BTC-USD,SCORE,2026-07-14 13:00:00+00:00,2026-07-14 14:00:00+00:00,1.0,63885.31078125,63774.97046875,0.1571311321251893,transition,-202.29348869619298,signal_change,1
BTC-USD,SCORE,2026-07-14 16:00:00+00:00,2026-07-14 17:00:00+00:00,1.0,64728.0490625,64690.57984375,0.4449529933016462,trend,-312.4102194976206,signal_change,1
BTC-USD,SCORE,2026-07-14 23:00:00+00:00,2026-07-15 01:00:00+00:00,1.0,64815.838125,64789.97828125,0.463124006573203,trend,-281.44679513753556,signal_change,2
BTC-USD,SCORE,2026-07-15 07:00:00+00:00,2026-07-15 09:00:00+00:00,1.0,64781.4709375,64714.50953125,0.4310794444449279,transition,-400.22642799932714,signal_change,2
BTC-USD,SCORE,2026-07-15 14:00:00+00:00,2026-07-15 16:00:00+00:00,1.0,65078.63890625,65388.70875,0.1654836304293956,shock,333.11584011272544,signal_change,2
BTC-USD,SCORE,2026-07-16 09:00:00+00:00,2026-07-16 11:00:00+00:00,-1.0,64071.7009375,64175.02171875,0.16723572966418854,shock,-180.65097974016146,signal_change,2
BTC-USD,SCORE,2026-07-16 23:00:00+00:00,2026-07-17 01:00:00+00:00,-1.0,63898.2009375,63836.45140625,0.4889211995002498,transition,60.62680374347565,signal_change,2
BTC-USD,SCORE,2026-07-17 02:00:00+00:00,2026-07-17 04:00:00+00:00,-1.0,63464.61890625,63508.1584375,0.4740371479519972,transition,-358.2430083516286,signal_change,2
BTC-USD,SCORE,2026-07-17 06:00:00+00:00,2026-07-17 08:00:00+00:00,-1.0,62765.47828125,62766.088125,0.8974829063263432,transition,-441.1241668316913,signal_change,2
BTC-USD,SCORE,2026-07-17 14:00:00+00:00,2026-07-17 16:00:00+00:00,-1.0,63135.00171875,63381.99828125,0.482464468184854,transition,-1317.9915468444565,signal_change,2
BTC-USD,SCORE,2026-07-18 13:00:00+00:00,2026-07-18 14:00:00+00:00,1.0,64164.49046875,64076.1384375,0.7656560101585405,transition,-843.5946468718719,signal_change,1
BTC-USD,SCORE,2026-07-18 21:00:00+00:00,2026-07-18 22:00:00+00:00,1.0,64652.67015625,64692.00171875,0.43019126318432643,transition,-41.76988859262582,signal_change,1
BTC-USD,SCORE,2026-07-18 23:00:00+00:00,2026-07-19 02:00:00+00:00,1.0,64764.338125,64724.99,0.44171626556900573,trend,-314.1931928459443,signal_change,3
BTC-USD,SCORE,2026-07-19 03:00:00+00:00,2026-07-19 04:00:00+00:00,1.0,64784.09984375,64670.11109375,0.41534148127617776,transition,-536.8811154695443,signal_change,1
BTC-USD,SCORE,2026-07-19 07:00:00+00:00,2026-07-19 08:00:00+00:00,1.0,64668.09984375,64677.99,1.1163484111947897,trend,-364.61658531844887,signal_change,1
BTC-USD,SCORE,2026-07-19 09:00:00+00:00,2026-07-19 11:00:00+00:00,1.0,64672.31859375,64550.68140625,1.0517471551985997,transition,-1420.9510014950642,signal_change,2
BTC-USD,SCORE,2026-07-19 13:00:00+00:00,2026-07-19 16:00:00+00:00,1.0,64399.2990625,64532.47046875,0.9826647007134027,shock,625.5098462421067,signal_change,3
BTC-USD,SCORE,2026-07-19 23:00:00+00:00,2026-07-20 00:00:00+00:00,-1.0,64626.00171875,64685.619375,0.30020496120631235,transition,-242.59699328603253,signal_change,1
BTC-USD,SCORE,2026-07-20 01:00:00+00:00,2026-07-20 03:00:00+00:00,-1.0,64510.93921875,64775.7990625,0.2444293756829524,transition,-602.742577463321,signal_change,2
BTC-USD,SCORE,2026-07-20 05:00:00+00:00,2026-07-20 10:00:00+00:00,-1.0,64503.00171875,64137.4709375,0.21705561846500523,shock,521.7993254801052,signal_change,5
BTC-USD,SCORE,2026-07-20 14:00:00+00:00,2026-07-20 15:00:00+00:00,-1.0,64285.47828125,64404.01,0.4431230365518005,transition,-191.69708235779373,signal_change,1
BTC-USD,SCORE,2026-07-20 16:00:00+00:00,2026-07-20 17:00:00+00:00,1.0,65562.01,65459.22046875,0.13780207462396069,transition,-164.085405032981,signal_change,1
BTC-USD,SCORE,2026-07-21 07:00:00+00:00,2026-07-21 08:00:00+00:00,1.0,65856.2209375,66145.3415625,0.4182374742655731,transition,754.4796808735932,signal_change,1
BTC-USD,SCORE,2026-07-21 14:00:00+00:00,2026-07-21 16:00:00+00:00,1.0,66743.7209375,66647.568125,0.4804823002530709,transition,-541.6524848779526,signal_change,2
BTC-USD,SCORE,2026-07-21 18:00:00+00:00,2026-07-21 19:00:00+00:00,1.0,66180.431875,66278.6384375,0.5508918395804508,transition,189.25389781694253,signal_change,1
BTC-USD,SCORE,2026-07-21 22:00:00+00:00,2026-07-21 23:00:00+00:00,1.0,66329.9865625,66263.661875,0.5740029718687527,transition,-519.7435440684316,signal_change,1
BTC-USD,SCORE,2026-07-22 01:00:00+00:00,2026-07-22 04:00:00+00:00,1.0,66583.3615625,66153.77125,0.5831244982124354,transition,-2126.2581111221725,signal_change,3
BTC-USD,SCORE,2026-07-22 05:00:00+00:00,2026-07-22 06:00:00+00:00,1.0,66336.01,65937.3103125,0.5851526149942282,transition,-1993.662119419682,signal_change,1
BTC-USD,SCORE,2026-07-22 10:00:00+00:00,2026-07-22 11:00:00+00:00,-1.0,65884.2790625,65998.088125,0.6008192584884618,transition,-855.7140543532316,signal_change,1
BTC-USD,SCORE,2026-07-23 02:00:00+00:00,2026-07-23 03:00:00+00:00,-1.0,65789.74,65781.6428125,0.5385092869752092,transition,-145.50128391641942,signal_change,1
BTC-USD,SCORE,2026-07-23 13:00:00+00:00,2026-07-23 14:00:00+00:00,-1.0,65131.99,64844.5490625,0.18931072340439398,transition,364.9838097065717,signal_change,1
BTC-USD,SCORE,2026-07-23 15:00:00+00:00,2026-07-23 19:00:00+00:00,-1.0,64853.1384375,64823.06859375,0.19602745226054136,transition,12.613108677056701,signal_change,4
BTC-USD,SCORE,2026-07-23 20:00:00+00:00,2026-07-23 22:00:00+00:00,-1.0,64763.568125,65120.20921875,0.5833495837816015,transition,-1829.9118263728192,signal_change,2
BTC-USD,SCORE,2026-07-23 23:00:00+00:00,2026-07-24 00:00:00+00:00,-1.0,65134.52125,65057.52171875,0.5918140594404228,transition,168.7050195770346,signal_change,1
BTC-USD,SCORE,2026-07-24 11:00:00+00:00,2026-07-24 12:00:00+00:00,-1.0,64903.07984375,65012.13890625,0.5619545046393296,transition,-824.4875128174718,signal_change,1
BTC-USD,SCORE,2026-07-24 14:00:00+00:00,2026-07-24 15:00:00+00:00,-1.0,64094.99,63980.38890625,0.36797411457038115,transition,105.24610174107903,signal_change,1
BTC-USD,SCORE,2026-07-24 16:00:00+00:00,2026-07-24 17:00:00+00:00,-1.0,64026.97828125,63887.31078125,0.1773894692752722,transition,114.4094752490287,signal_change,1
BTC-USD,SCORE,2026-07-24 22:00:00+00:00,2026-07-24 23:00:00+00:00,-1.0,64088.07984375,64100.52953125,0.5513702046923791,transition,-271.6379501786897,signal_change,1
BTC-USD,SCORE,2026-07-25 10:00:00+00:00,2026-07-25 11:00:00+00:00,-1.0,63947.65015625,64000.088125,0.7375084213479859,transition,-591.5750611278378,signal_change,1
BTC-USD,SCORE,2026-07-26 02:00:00+00:00,2026-07-26 03:00:00+00:00,1.0,64407.99828125,64464.72046875,1.3621516098277706,transition,53.687705985769924,signal_change,1
BTC-USD,SCORE,2026-07-26 05:00:00+00:00,2026-07-26 06:00:00+00:00,1.0,64465.088125,64357.97046875,1.4136747547960995,transition,-1720.571059970048,signal_change,1
BTC-USD,SCORE,2026-07-26 07:00:00+00:00,2026-07-26 08:00:00+00:00,1.0,64372.84984375,64310.7009375,1.3516261504232245,transition,-1175.922336945084,signal_change,1
BTC-USD,SCORE,2026-07-26 13:00:00+00:00,2026-07-26 14:00:00+00:00,1.0,64404.02953125,64466.4509375,1.3881343828635915,transition,114.74578021780854,signal_change,1
BTC-USD,SCORE,2026-07-26 15:00:00+00:00,2026-07-26 19:00:00+00:00,1.0,64658.99828125,64686.18921875,0.4564997368990834,transition,-85.23045991917296,signal_change,4
BTC-USD,SCORE,2026-07-26 23:00:00+00:00,2026-07-27 00:00:00+00:00,1.0,65375.01,65053.360026041664,0.35548610028762917,shock,-1000.4583499772334,stop,2
BTC-USD,SCORE,2026-07-27 02:00:00+00:00,2026-07-27 05:00:00+00:00,1.0,65141.45140625,65229.52125,0.9002216863826237,transition,243.463286692607,signal_change,3
BTC-USD,SCORE,2026-07-27 07:00:00+00:00,2026-07-27 08:00:00+00:00,1.0,65348.99828125,65175.47828125,0.7949898614437018,transition,-1348.5227164184255,signal_change,1
BTC-USD,SCORE,2026-07-27 09:00:00+00:00,2026-07-27 12:00:00+00:00,1.0,65088.17015625,65053.161875,0.770023442431493,transition,-503.7568652467784,signal_change,3
BTC-USD,SCORE,2026-07-27 14:00:00+00:00,2026-07-27 14:00:00+00:00,1.0,65166.6896875,64587.275716145836,0.5575709255818632,range,-2643.5119449716385,stop,1
BTC-USD,SCORE,2026-07-27 23:00:00+00:00,2026-07-28 03:00:00+00:00,-1.0,63732.72828125,63115.56859375,0.16015575178193925,transition,694.9687392647364,signal_change,4
BTC-USD,SCORE,2026-07-28 14:00:00+00:00,2026-07-28 15:00:00+00:00,-1.0,63081.65015625,63332.99828125,0.4834457448859717,transition,-1149.6970845176288,signal_change,1
BTC-USD,SCORE,2026-07-28 16:00:00+00:00,2026-07-28 17:00:00+00:00,-1.0,63851.20875,63960.01,0.47107095465283955,transition,-669.3024430769053,signal_change,1
BTC-USD,SCORE,2026-07-28 18:00:00+00:00,2026-07-28 19:00:00+00:00,-1.0,63619.45875,63668.74828125,0.46353811028220987,transition,-268.36463219811975,signal_change,1
BTC-USD,SCORE,2026-07-28 21:00:00+00:00,2026-07-28 22:00:00+00:00,-1.0,63834.47046875,63907.74046875,0.4693349172394697,transition,-337.7139435877386,signal_change,1
BTC-USD,SCORE,2026-07-29 03:00:00+00:00,2026-07-29 04:00:00+00:00,1.0,63891.67015625,63673.7790625,0.5009099622402964,transition,-1022.3356675179807,signal_change,1
BTC-USD,SCORE,2026-07-29 05:00:00+00:00,2026-07-29 08:00:00+00:00,1.0,63882.95921875,64487.2009375,0.4931096750754705,transition,2062.2347212251516,signal_change,3
BTC-USD,SCORE,2026-07-29 09:00:00+00:00,2026-07-29 11:00:00+00:00,1.0,64340.38890625,64395.32984375,0.46989421531742515,transition,13.885983671800105,signal_change,2
BTC-USD,SCORE,2026-07-29 19:00:00+00:00,2026-07-29 19:00:00+00:00,1.0,64430.59984375,63643.3935546875,0.14122766964938113,shock,-893.4506123373405,stop,1
BTC-USD,SCORE,2026-07-29 20:00:00+00:00,2026-07-29 22:00:00+00:00,-1.0,63523.4196875,63778.4396875,0.13777256081426376,transition,-321.8114003276854,signal_change,2
BTC-USD,SCORE,2026-07-31 02:00:00+00:00,2026-07-31 03:00:00+00:00,1.0,64482.99828125,64230.02125,0.554615463318271,transition,-1269.465287202219,signal_change,1
BTC-USD,SCORE,2026-07-31 14:00:00+00:00,2026-07-31 17:00:00+00:00,-1.0,63192.47046875,62795.38890625,0.5009996904918471,shock,1174.2231342658117,signal_change,3
BTC-USD,SCORE,2026-07-31 19:00:00+00:00,2026-07-31 20:00:00+00:00,-1.0,63026.45875,62896.76,0.4757350179726709,transition,325.46837438975206,signal_change,1
BTC-USD,SCORE,2026-08-01 15:00:00+00:00,2026-08-01 16:00:00+00:00,1.0,63066.1896875,62941.3884375,0.37809287861349195,shock,-509.50700029366124,signal_change,1
BTC-USD,SCORE,2026-08-01 19:00:00+00:00,2026-08-01 21:00:00+00:00,-1.0,62509.82984375,62603.49828125,0.4018884825625365,transition,-456.7061080750318,signal_change,2
BTC-USD,SCORE,2026-08-02 03:00:00+00:00,2026-08-02 06:00:00+00:00,1.0,63390.51,63396.18140625,0.3432190830976724,transition,-117.66446644945111,signal_change,3
BTC-USD,SCORE,2026-08-02 08:00:00+00:00,2026-08-02 09:00:00+00:00,1.0,63441.369375,63130.0290625,0.8988539970133288,range,-2481.1455575028517,signal_change,1
BTC-USD,SCORE,2026-08-02 22:00:00+00:00,2026-08-03 00:00:00+00:00,1.0,63589.06078125,63178.412109375,0.7713721955604599,transition,-2694.3517080924216,stop,3
BTC-USD,SCORE,2026-08-03 07:00:00+00:00,2026-08-03 09:00:00+00:00,-1.0,62542.61890625,62476.81078125,0.6958483621908166,shock,288.91606358210066,signal_change,2
BTC-USD,SCORE,2026-08-03 11:00:00+00:00,2026-08-03 12:00:00+00:00,-1.0,62658.0603125,62480.0490625,0.6697485563696308,transition,685.6628591656387,signal_change,1
BTC-USD,SCORE,2026-08-03 13:00:00+00:00,2026-08-03 13:00:00+00:00,-1.0,62617.318125,63152.871419270836,0.590921419970593,shock,2197.082466062384,stop,1
BTC-USD,SCORE,2026-08-03 15:00:00+00:00,2026-08-03 16:00:00+00:00,1.0,63913.6115625,63628.568125,0.1814279791300584,shock,-459.84333464674796,signal_change,1
BTC-USD,SCORE,2026-08-04 19:00:00+00:00,2026-08-04 20:00:00+00:00,1.0,64263.06078125,64208.911875,0.539516362324924,transition,-426.55156541523735,signal_change,1
BTC-USD,SCORE,2026-08-04 21:00:00+00:00,2026-08-04 22:00:00+00:00,1.0,64299.088125,64142.29078125,0.5340143762929369,transition,-831.7286543609285,signal_change,1
BTC-USD,SCORE,2026-08-05 00:00:00+00:00,2026-08-05 01:00:00+00:00,1.0,64041.6115625,63946.97828125,0.5241185039571754,transition,-573.1480836689886,signal_change,1
BTC-USD,SCORE,2026-08-05 04:00:00+00:00,2026-08-05 05:00:00+00:00,1.0,64128.01,64110.99,0.5549932456764721,transition,-283.62904531517347,signal_change,1
BTC-USD,SCORE,2026-08-05 07:00:00+00:00,2026-08-05 08:00:00+00:00,1.0,64199.31078125,64109.95875,0.5495082920437786,transition,-577.2159426731632,signal_change,1
BTC-USD,SCORE,2026-08-05 09:00:00+00:00,2026-08-05 10:00:00+00:00,1.0,64063.04125,64097.27125,0.5474393347549397,transition,-69.75356615947169,signal_change,1
BTC-USD,SCORE,2026-08-05 13:00:00+00:00,2026-08-05 15:00:00+00:00,1.0,64277.06078125,64434.25953125,0.19063797431390805,transition,149.99869529648748,signal_change,2
BTC-USD,SCORE,2026-08-05 17:00:00+00:00,2026-08-05 18:00:00+00:00,1.0,64615.38890625,64694.24,0.5647182576328015,transition,113.45046454066616,signal_change,1
BTC-USD,SCORE,2026-08-05 22:00:00+00:00,2026-08-05 23:00:00+00:00,1.0,64674.338125,64557.068125,0.6036701902336655,transition,-755.4385246378351,signal_change,1
BTC-USD,SCORE,2026-08-06 05:00:00+00:00,2026-08-06 07:00:00+00:00,1.0,64674.0803125,64793.93140625,0.6958859362609646,transition,350.25313545541763,signal_change,2
BTC-USD,SCORE,2026-08-06 10:00:00+00:00,2026-08-06 11:00:00+00:00,1.0,64615.9396875,64558.18140625,0.6845103842815925,transition,-554.7341977415501,signal_change,1
BTC-USD,SCORE,2026-08-06 12:00:00+00:00,2026-08-06 13:00:00+00:00,1.0,64546.81078125,64337.79859375,0.71507879684147,transition,-1379.7390362016158,signal_change,1
BTC-USD,SCORE,2026-08-07 07:00:00+00:00,2026-08-07 08:00:00+00:00,-1.0,64241.45875,64257.63890625,0.7446492424493885,transition,-445.764983953768,signal_change,1
BTC-USD,SCORE,2026-08-07 11:00:00+00:00,2026-08-07 14:00:00+00:00,1.0,64856.99828125,64950.0290625,0.24552056401504713,transition,75.7753286204861,signal_change,3
BTC-USD,SCORE,2026-08-07 18:00:00+00:00,2026-08-07 19:00:00+00:00,1.0,64711.13890625,64697.72046875,0.6845538082515678,transition,-328.427041684024,signal_change,1
BTC-USD,SCORE,2026-08-09 08:00:00+00:00,2026-08-09 10:00:00+00:00,-1.0,64770.86109375,64832.31859375,0.7005480348861773,shock,-582.8607959003973,signal_change,2
BTC-USD,SCORE,2026-08-09 14:00:00+00:00,2026-08-09 15:00:00+00:00,1.0,65178.6896875,65219.99,0.6319865632199241,transition,-50.12967002156957,signal_change,1
BTC-USD,SCORE,2026-08-09 22:00:00+00:00,2026-08-09 22:00:00+00:00,1.0,65160.369375,65087.98267578125,1.571735298144456,transition,-1426.9997225625289,stop,1
BTC-USD,SCORE,2026-08-10 07:00:00+00:00,2026-08-10 08:00:00+00:00,1.0,65254.119375,65152.599375,0.8885339079893345,transition,-991.4587538163458,signal_change,1
BTC-USD,SCORE,2026-08-10 13:00:00+00:00,2026-08-10 20:00:00+00:00,-1.0,64805.68921875,63978.67015625,0.7380513262943328,shock,4222.816718621067,signal_change,7
BTC-USD,SCORE,2026-08-11 16:00:00+00:00,2026-08-11 17:00:00+00:00,-1.0,63486.02125,63438.72875,0.8227781765002897,shock,-44.90054346515052,signal_change,1
BTC-USD,SCORE,2026-08-12 03:00:00+00:00,2026-08-12 04:00:00+00:00,-1.0,63694.97828125,63766.42015625,0.2607175202734462,transition,-221.8321807185288,signal_change,1
BTC-USD,SCORE,2026-08-12 09:00:00+00:00,2026-08-12 10:00:00+00:00,-1.0,63730.95875,64054.7990625,0.7104833425166799,transition,-1965.517257187865,signal_change,1
BTC-USD,SCORE,2026-08-12 13:00:00+00:00,2026-08-12 14:00:00+00:00,-1.0,64067.22828125,63743.119375,0.23637476113266545,transition,346.36500314751606,signal_change,1
BTC-USD,SCORE,2026-08-12 15:00:00+00:00,2026-08-12 16:00:00+00:00,-1.0,63296.68921875,63367.26,0.24185748525440234,transition,-225.10047952140775,signal_change,1
BTC-USD,SCORE,2026-08-13 17:00:00+00:00,2026-08-13 18:00:00+00:00,-1.0,63033.4196875,63064.6584375,0.22123420335585708,transition,-154.0283573578403,signal_change,1
BTC-USD,SCORE,2026-08-14 05:00:00+00:00,2026-08-14 06:00:00+00:00,-1.0,63307.130625,63314.52953125,0.6765663782566138,transition,-294.2914421219208,signal_change,1
BTC-USD,SCORE,2026-08-14 07:00:00+00:00,2026-08-14 12:00:00+00:00,-1.0,62903.15015625,62800.59984375,0.6321177702388132,transition,317.47394976053897,signal_change,5
BTC-USD,SCORE,2026-08-14 13:00:00+00:00,2026-08-14 16:00:00+00:00,-1.0,62668.661875,63119.2209375,0.6612121487284367,transition,-454.53236439358625,stop,4
BTC-USD,SCORE,2026-08-15 20:00:00+00:00,2026-08-15 21:00:00+00:00,1.0,63051.400625,63030.5290625,1.6661801987217655,transition,-893.7152450927841,signal_change,1
BTC-USD,SCORE,2026-08-16 17:00:00+00:00,2026-08-16 17:00:00+00:00,1.0,63195.63890625,63060.8818359375,0.8193349809031678,transition,-1137.4265703759745,stop,1
BTC-USD,SCORE,2026-08-16 22:00:00+00:00,2026-08-16 23:00:00+00:00,-1.0,62856.99,62908.48119140625,1.7613582127953082,shock,374.0406102414363,stop,2
BTC-USD,SCORE,2026-08-17 00:00:00+00:00,2026-08-17 01:00:00+00:00,-1.0,62832.43921875,62984.4475,1.5551584432156529,shock,999.089861026659,stop,2
BTC-USD,SCORE,2026-08-17 03:00:00+00:00,2026-08-17 07:00:00+00:00,1.0,63346.52171875,63605.97828125,0.4186003526578359,shock,652.7977512911538,signal_change,4
BTC-USD,SCORE,2026-08-17 11:00:00+00:00,2026-08-17 12:00:00+00:00,1.0,63606.588125,63565.911875,0.8633998827315588,transition,-589.4703933153003,signal_change,1
BTC-USD,SCORE,2026-08-17 14:00:00+00:00,2026-08-17 17:00:00+00:00,1.0,63591.2990625,64060.349375,0.747689534154812,transition,2327.265823929717,signal_change,3
BTC-USD,SCORE,2026-08-17 18:00:00+00:00,2026-08-17 20:00:00+00:00,1.0,64293.9396875,64260.8884375,0.6442189033983381,transition,-402.7933077096661,signal_change,2
BTC-USD,SCORE,2026-08-18 14:00:00+00:00,2026-08-18 14:00:00+00:00,1.0,64158.181875,64282.24244140625,0.6689469753346241,shock,360.5396402855565,stop,1
BTC-USD,SCORE,2026-08-18 15:00:00+00:00,2026-08-18 16:00:00+00:00,1.0,64696.3303125,64819.65015625,0.24198935798550453,transition,127.33525662381473,signal_change,1
BTC-USD,SCORE,2026-08-19 13:00:00+00:00,2026-08-19 14:00:00+00:00,1.0,64812.17015625,65288.29029296875,0.7754374949489926,transition,2415.1389919673356,stop,2
BTC-USD,SCORE,2026-08-19 15:00:00+00:00,2026-08-19 15:00:00+00:00,1.0,65926.2834375,68515.7741796875,0.16677768803159146,shock,3071.2765128050214,stop,1
BTC-USD,SCORE,2026-08-19 16:00:00+00:00,2026-08-19 17:00:00+00:00,1.0,68588.369375,67847.28971354167,0.161650739754525,shock,-904.7097948824224,stop,2
BTC-USD,SCORE,2026-08-19 18:00:00+00:00,2026-08-20 00:00:00+00:00,1.0,68187.0178125,69298.7790625,0.14832465786196353,trend,1104.6510333901413,signal_change,6
BTC-USD,SCORE,2026-08-20 01:00:00+00:00,2026-08-20 02:00:00+00:00,1.0,69385.7678125,69682.286875,0.31021683435008096,trend,519.0427061299822,signal_change,1
BTC-USD,SCORE,2026-08-20 04:00:00+00:00,2026-08-20 06:00:00+00:00,1.0,69130.1975,69368.4509375,0.28590728306408164,trend,365.3350100878099,signal_change,2
BTC-USD,SCORE,2026-08-20 07:00:00+00:00,2026-08-20 12:00:00+00:00,1.0,69792.056875,71886.3415625,0.27099984956379825,trend,3808.4387243500287,signal_change,5
BTC-USD,SCORE,2026-08-20 17:00:00+00:00,2026-08-20 18:00:00+00:00,1.0,72820.619375,72733.818125,0.09611476899564221,trend,-93.15372131401318,signal_change,1
BTC-USD,SCORE,2026-08-21 01:00:00+00:00,2026-08-21 01:00:00+00:00,1.0,73658.7834375,73664.5769140625,0.2761564074637048,trend,-96.94376023012272,stop,1
BTC-USD,SCORE,2026-08-21 02:00:00+00:00,2026-08-21 03:00:00+00:00,1.0,75107.1428125,74444.27125,0.539457593935066,trend,-2524.1936428104887,signal_change,1
BTC-USD,SCORE,2026-08-21 06:00:00+00:00,2026-08-21 08:00:00+00:00,1.0,75391.1584375,77051.5925390625,0.2635106544690417,trend,2692.037371686456,stop,3
BTC-USD,SCORE,2026-08-21 09:00:00+00:00,2026-08-21 09:00:00+00:00,1.0,79189.2834375,77468.193359375,0.07919695458316169,shock,-868.3153207751026,stop,1
BTC-USD,SCORE,2026-08-21 10:00:00+00:00,2026-08-21 11:00:00+00:00,1.0,77861.5334375,77814.39625,0.07959338827500062,transition,-54.33388291542284,signal_change,1
BTC-USD,SCORE,2026-08-21 13:00:00+00:00,2026-08-21 14:00:00+00:00,1.0,77229.72875,77217.4821875,0.07230804572803264,transition,-33.6677741159115,signal_change,1
BTC-USD,SCORE,2026-08-21 15:00:00+00:00,2026-08-21 16:00:00+00:00,1.0,77403.0725,77190.74,0.20630045845056796,transition,-354.9039506060788,signal_change,1
BTC-USD,SCORE,2026-08-21 20:00:00+00:00,2026-08-21 21:00:00+00:00,1.0,77028.01,77492.380625,0.19856523516017918,transition,503.71893008052064,signal_change,1
BTC-USD,SCORE,2026-08-21 22:00:00+00:00,2026-08-22 00:00:00+00:00,1.0,78503.3928125,78325.5290625,0.19046127986689673,transition,-283.7122755586726,signal_change,2
BTC-USD,SCORE,2026-08-22 06:00:00+00:00,2026-08-22 07:00:00+00:00,1.0,77343.556875,77475.5603125,0.06805288718241972,transition,29.945915600225035,signal_change,1
BTC-USD,SCORE,2026-08-23 06:00:00+00:00,2026-08-23 07:00:00+00:00,-1.0,76099.99,76090.8303125,0.4852775987722806,transition,-148.8488239527429,signal_change,1
BTC-USD,SCORE,2026-08-23 22:00:00+00:00,2026-08-23 23:00:00+00:00,1.0,77866.8928125,77612.5134375,0.46116103292342836,transition,-909.9733580423979,signal_change,1
BTC-USD,SCORE,2026-08-24 00:00:00+00:00,2026-08-24 02:00:00+00:00,1.0,77733.713125,76913.0525,0.43915238153432073,transition,-2416.3152679347622,signal_change,2
BTC-USD,SCORE,2026-08-24 02:00:00+00:00,2026-08-24 03:00:00+00:00,-1.0,76913.0525,77474.16625,0.4000130437267407,transition,-1521.4387010029025,signal_change,1
BTC-USD,SCORE,2026-08-24 12:00:00+00:00,2026-08-24 14:00:00+00:00,1.0,78400.7209375,78578.6775,0.35807539012720563,shock,260.2393687888149,signal_change,2
BTC-USD,SCORE,2026-08-24 15:00:00+00:00,2026-08-24 16:00:00+00:00,1.0,79486.1115625,79091.3728125,0.30786470855707276,transition,-853.2223734417507,signal_change,1
BTC-USD,SCORE,2026-08-24 18:00:00+00:00,2026-08-24 19:00:00+00:00,1.0,78763.72875,78935.068125,0.28636422517951043,transition,188.89889930621104,signal_change,1
BTC-USD,SCORE,2026-08-25 03:00:00+00:00,2026-08-25 04:00:00+00:00,1.0,80643.931875,80458.24,0.2753908958156294,transition,-410.20563781923846,signal_change,1
BTC-USD,SCORE,2026-08-26 13:00:00+00:00,2026-08-26 14:00:00+00:00,-1.0,78298.2634375,78410.7678125,0.38731306351915606,transition,-586.1911748259313,signal_change,1
BTC-USD,SCORE,2026-08-26 16:00:00+00:00,2026-08-26 17:00:00+00:00,-1.0,78005.4275,77999.79125,0.13666009605887403,transition,-18.17604924866397,signal_change,1
BTC-USD,SCORE,2026-08-27 00:00:00+00:00,2026-08-27 01:00:00+00:00,1.0,79019.72875,78677.9978125,0.42768631447101657,range,-1049.8832648837863,signal_change,1
BTC-USD,SCORE,2026-08-27 09:00:00+00:00,2026-08-27 13:00:00+00:00,1.0,79755.2678125,79272.49,0.14819949917735778,transition,-485.4026036883573,signal_change,4
BTC-USD,SCORE,2026-08-27 15:00:00+00:00,2026-08-27 20:00:00+00:00,1.0,80221.4475,79934.52125,0.4084997804634308,transition,-853.0159209993758,signal_change,5
BTC-USD,SCORE,2026-08-28 02:00:00+00:00,2026-08-28 04:00:00+00:00,1.0,80511.26,79818.193125,0.3761077572845154,transition,-1687.601154678022,signal_change,2
BTC-USD,SCORE,2026-08-28 17:00:00+00:00,2026-08-28 18:00:00+00:00,-1.0,77791.193125,77901.2521875,0.2543872229227865,transition,-266.7666486248338,signal_change,1
BTC-USD,SCORE,2026-08-30 02:00:00+00:00,2026-08-30 03:00:00+00:00,1.0,78076.9084375,78097.64625,0.33644004942592837,transition,-85.39893570489517,signal_change,1
BTC-USD,SCORE,2026-08-30 05:00:00+00:00,2026-08-30 06:00:00+00:00,1.0,78117.3928125,78138.58375,0.9616610766486814,transition,-241.48753627281616,signal_change,1
BTC-USD,SCORE,2026-08-30 13:00:00+00:00,2026-08-30 15:00:00+00:00,1.0,78764.806875,78778.380625,0.6199146268342405,shock,-184.5583723226872,signal_change,2
BTC-USD,SCORE,2026-08-30 16:00:00+00:00,2026-08-30 19:00:00+00:00,1.0,78827.1271875,79028.036875,0.8578607664981267,trend,712.1403752257204,signal_change,3
BTC-USD,SCORE,2026-08-30 22:00:00+00:00,2026-08-30 23:00:00+00:00,1.0,78601.8771875,78415.8728125,0.6605696606514984,transition,-993.1124232348357,signal_change,1
BTC-USD,SCORE,2026-08-31 00:00:00+00:00,2026-08-31 01:00:00+00:00,-1.0,77657.443125,77897.7209375,0.1824780541650041,transition,-389.6696182085403,signal_change,1
BTC-USD,SCORE,2026-08-31 02:00:00+00:00,2026-08-31 04:00:00+00:00,-1.0,77621.068125,77751.01,0.4811364926839921,transition,-530.1035836662045,signal_change,2
BTC-USD,SCORE,2026-08-31 14:00:00+00:00,2026-08-31 15:00:00+00:00,-1.0,77844.2165625,78605.01,0.36628185332639535,transition,-1581.6487111906372,signal_change,1
BTC-USD,SCORE,2026-09-01 03:00:00+00:00,2026-09-01 04:00:00+00:00,1.0,78422.47875,78653.9196875,0.443397528827048,transition,449.43324905941944,signal_change,1
BTC-USD,SCORE,2026-09-01 09:00:00+00:00,2026-09-01 10:00:00+00:00,-1.0,77874.99,77885.3615625,0.4339069242168069,transition,-232.53316295368356,signal_change,1
BTC-USD,SCORE,2026-09-01 19:00:00+00:00,2026-09-01 20:00:00+00:00,-1.0,77111.27125,77277.16625,0.15467872096088794,transition,-197.791991094003,signal_change,1
BTC-USD,SCORE,2026-09-02 13:00:00+00:00,2026-09-02 14:00:00+00:00,-1.0,76565.39625,77085.01,0.40168254586224134,transition,-1572.352049545391,signal_change,1
BTC-USD,SCORE,2026-09-02 16:00:00+00:00,2026-09-02 18:00:00+00:00,-1.0,77244.5134375,77351.4709375,0.3999618694758673,transition,-411.47065938964505,signal_change,2
BTC-USD,SCORE,2026-09-03 03:00:00+00:00,2026-09-03 04:00:00+00:00,1.0,77760.3225,77673.9509375,0.15713474502094876,transition,-140.96773572331506,signal_change,1
BTC-USD,SCORE,2026-09-03 13:00:00+00:00,2026-09-03 14:00:00+00:00,1.0,78614.91625,79107.89625,0.4640034890262765,transition,1189.910453896474,stop,2
BTC-USD,SCORE,2026-09-03 15:00:00+00:00,2026-09-04 01:00:00+00:00,1.0,80519.4475,80979.099375,0.28570590529244266,shock,669.3259589580535,signal_change,10
BTC-USD,SCORE,2026-09-04 09:00:00+00:00,2026-09-04 10:00:00+00:00,1.0,81143.0021875,81039.89625,0.3637476879597418,transition,-354.89243474387797,signal_change,1
BTC-USD,SCORE,2026-09-04 11:00:00+00:00,2026-09-04 12:00:00+00:00,1.0,81191.9865625,81221.1775,0.3618254663872298,transition,-75.09124966231218,signal_change,1
BTC-USD,SCORE,2026-09-05 18:00:00+00:00,2026-09-05 19:00:00+00:00,1.0,80064.7209375,79737.888671875,0.42836755451704084,transition,-984.7234236943361,stop,2
BTC-USD,SCORE,2026-09-06 00:00:00+00:00,2026-09-06 01:00:00+00:00,1.0,79835.5803125,79872.2321875,1.2205080850708228,transition,-195.7600664679772,signal_change,1
BTC-USD,SCORE,2026-09-06 02:00:00+00:00,2026-09-06 03:00:00+00:00,1.0,79974.0021875,79906.99,1.2166933723509925,transition,-935.4005616279976,signal_change,1
BTC-USD,SCORE,2026-09-06 04:00:00+00:00,2026-09-06 05:00:00+00:00,1.0,80031.8928125,79867.7478125,1.164071850150874,transition,-1554.3660501786617,signal_change,1
BTC-USD,SCORE,2026-09-06 06:00:00+00:00,2026-09-06 07:00:00+00:00,1.0,79992.16625,79782.7165625,1.081212854949438,transition,-1725.3023958647473,signal_change,1
BTC-USD,SCORE,2026-09-06 10:00:00+00:00,2026-09-06 11:00:00+00:00,1.0,79890.4865625,80000.6228125,1.029812610414034,transition,276.707136864116,signal_change,1
BTC-USD,SCORE,2026-09-06 15:00:00+00:00,2026-09-06 16:00:00+00:00,-1.0,79542.068125,79706.2521875,0.31894687646537795,transition,-430.53611220520946,signal_change,1
BTC-USD,SCORE,2026-09-06 23:00:00+00:00,2026-09-07 01:00:00+00:00,1.0,80052.7365625,80154.8103125,0.8691216603584353,transition,192.14812206285276,signal_change,2
BTC-USD,SCORE,2026-09-07 04:00:00+00:00,2026-09-07 05:00:00+00:00,-1.0,79580.5134375,79702.431875,0.7117284750117717,transition,-822.6019026725777,signal_change,1
BTC-USD,SCORE,2026-09-07 07:00:00+00:00,2026-09-07 09:00:00+00:00,-1.0,79638.693125,79426.588125,0.6863552816009457,shock,662.9321272955632,signal_change,2
BTC-USD,SCORE,2026-09-07 14:00:00+00:00,2026-09-07 15:00:00+00:00,-1.0,79337.0525,79179.01,0.6562801655015227,transition,324.1341989426469,signal_change,1
BTC-USD,SCORE,2026-09-07 16:00:00+00:00,2026-09-07 17:00:00+00:00,-1.0,78815.036875,79010.9865625,0.6347484664886984,transition,-970.7618036114641,signal_change,1
BTC-USD,SCORE,2026-09-07 23:00:00+00:00,2026-09-08 00:00:00+00:00,-1.0,78923.9821875,79076.2521875,0.6593014789681739,transition,-957.5153721527346,signal_change,1
BTC-USD,SCORE,2026-09-08 03:00:00+00:00,2026-09-08 05:00:00+00:00,-1.0,78913.9978125,78649.8928125,0.7005365723345719,transition,827.4041372789246,signal_change,2
BTC-USD,SCORE,2026-09-08 06:00:00+00:00,2026-09-08 11:00:00+00:00,-1.0,78561.7478125,78550.8615625,0.6636520933004454,shock,-83.89399278166519,signal_change,5
BTC-USD,SCORE,2026-09-08 12:00:00+00:00,2026-09-08 15:00:00+00:00,-1.0,78401.8728125,78647.090078125,0.6194807422904363,transition,-357.29932440626806,stop,4
BTC-USD,SCORE,2026-09-08 20:00:00+00:00,2026-09-08 21:00:00+00:00,-1.0,78429.8728125,78482.463125,0.5168964869627857,transition,-352.63940537030686,signal_change,1
BTC-USD,SCORE,2026-09-09 13:00:00+00:00,2026-09-09 14:00:00+00:00,1.0,79588.1584375,79050.6696875,0.4954978312616357,transition,-1735.482994894659,signal_change,1
BTC-USD,SCORE,2026-09-09 23:00:00+00:00,2026-09-10 00:00:00+00:00,-1.0,77906.411875,78283.9865625,0.42926153797827127,range,-1155.7659782859414,signal_change,1
BTC-USD,SCORE,2026-09-10 01:00:00+00:00,2026-09-10 02:00:00+00:00,-1.0,78151.70875,78063.72875,0.4183947943198074,transition,29.772296114449958,signal_change,1
BTC-USD,SCORE,2026-09-10 13:00:00+00:00,2026-09-10 15:00:00+00:00,-1.0,76855.7009375,77390.8225,0.30715561388293716,transition,-1096.2493797095437,signal_change,2
BTC-USD,SCORE,2026-09-10 18:00:00+00:00,2026-09-10 19:00:00+00:00,-1.0,77286.036875,77207.0178125,0.4796546888268834,transition,-39.63371807052758,signal_change,1
BTC-USD,SCORE,2026-09-10 22:00:00+00:00,2026-09-10 23:00:00+00:00,-1.0,77125.9665625,76805.2678125,0.5031196425921283,transition,765.1603590793773,signal_change,1
BTC-USD,SCORE,2026-09-11 00:00:00+00:00,2026-09-11 01:00:00+00:00,-1.0,76530.193125,76880.1271875,0.5005460129928813,transition,-1229.419616430593,signal_change,1
BTC-USD,SCORE,2026-09-11 14:00:00+00:00,2026-09-11 15:00:00+00:00,1.0,79148.1115625,78829.99,0.1406507927231383,shock,-311.1378181195907,signal_change,1
BTC-USD,SCORE,2026-09-12 22:00:00+00:00,2026-09-12 23:00:00+00:00,1.0,77240.7990625,77219.818125,1.7011560604104814,transition,-836.3101787129699,signal_change,1
BTC-USD,SCORE,2026-09-13 02:00:00+00:00,2026-09-13 03:00:00+00:00,1.0,77299.3225,77268.0134375,1.741169487348012,range,-960.6651152201443,signal_change,1
BTC-USD,SCORE,2026-09-13 08:00:00+00:00,2026-09-13 08:00:00+00:00,-1.0,77093.24,77114.4387109375,0.5250528901315002,shock,-126.06814414915274,stop,1
BTC-USD,SCORE,2026-09-13 09:00:00+00:00,2026-09-13 14:00:00+00:00,-1.0,76777.6696875,76821.01,0.9669551403708546,shock,-572.8647907952429,signal_change,5
BTC-USD,SCORE,2026-09-13 15:00:00+00:00,2026-09-13 16:00:00+00:00,-1.0,77182.08375,77110.213125,1.0805481856700228,transition,127.41015052844676,signal_change,1
BTC-USD,SCORE,2026-09-13 23:00:00+00:00,2026-09-14 01:00:00+00:00,-1.0,76665.130625,77064.2785546875,0.31150205969960076,transition,246.11478556482842,stop,3
BTC-USD,SCORE,2026-09-14 14:00:00+00:00,2026-09-14 20:00:00+00:00,1.0,78145.963125,78984.9978125,0.18069833021322365,transition,818.026491170442,signal_change,6
BTC-USD,SCORE,2026-09-14 21:00:00+00:00,2026-09-14 22:00:00+00:00,1.0,79106.5021875,78761.068125,0.43216202136531345,transition,-1021.3985472278055,signal_change,1
BTC-USD,SCORE,2026-09-15 08:00:00+00:00,2026-09-15 09:00:00+00:00,-1.0,76893.89625,76955.0725,0.4592593444490464,transition,-334.50870240100113,signal_change,1
BTC-USD,SCORE,2026-09-15 15:00:00+00:00,2026-09-15 17:00:00+00:00,-1.0,75835.8728125,76329.9709375,0.44009484227675416,transition,-1475.4689732699171,signal_change,2
BTC-USD,SCORE,2026-09-15 19:00:00+00:00,2026-09-15 21:00:00+00:00,-1.0,75902.536875,75873.931875,0.12321622975585698,shock,-20.623531654901562,signal_change,2
BTC-USD,SCORE,2026-09-16 01:00:00+00:00,2026-09-16 03:00:00+00:00,-1.0,75715.4196875,75870.088125,0.3379197211424945,transition,-348.94330968404745,eod_flatten,3
