symbol,model,entry_time,exit_time,side,entry_price,exit_price,weight,regime,PnL,exit_reason,bars_held
BZ=F,SCORE,2024-04-24 12:00:00+00:00,2024-04-24 15:00:00+00:00,1.0,88.30000091552735,87.81874584197998,0.1823308237931277,transition,-1090.8888980986703,stop,4
BZ=F,SCORE,2024-04-24 16:00:00+00:00,2024-04-24 17:00:00+00:00,1.0,88.05000091552735,87.83999847412109,0.1795701932911466,range,-522.4817998384148,signal_change,1
BZ=F,SCORE,2024-04-25 14:00:00+00:00,2024-04-25 15:00:00+00:00,-1.0,87.72000335693359,87.42000366210938,0.16821180406119174,transition,293.81599542485765,signal_change,1
BZ=F,SCORE,2024-04-25 19:00:00+00:00,2024-04-25 20:00:00+00:00,1.0,89.17000366210938,89.21000122070312,0.06153744368183923,shock,-4.6540973172807725,signal_change,1
BZ=F,SCORE,2024-04-26 16:00:00+00:00,2024-04-26 17:00:00+00:00,1.0,89.53999877929688,89.33999847412109,0.1695321620787438,transition,-466.941607824986,signal_change,1
BZ=F,SCORE,2024-04-26 18:00:00+00:00,2024-04-26 20:00:00+00:00,1.0,89.46999908447266,89.29999755859374,0.18484137173356682,transition,-447.2862278121775,signal_change,2
BZ=F,SCORE,2024-04-29 13:00:00+00:00,2024-04-29 14:00:00+00:00,-1.0,88.78000091552734,88.92999816894532,0.1982996905147884,transition,-616.1990379576959,signal_change,1
BZ=F,SCORE,2024-04-29 15:00:00+00:00,2024-04-29 16:00:00+00:00,-1.0,88.18999694824218,88.49999786376954,0.19245732773252336,transition,-905.7910874120575,signal_change,1
BZ=F,SCORE,2024-04-29 17:00:00+00:00,2024-04-29 20:00:00+00:00,-1.0,88.57000183105468,88.52000213623047,0.19283590854038976,transition,221.61347183582217,signal_change,3
BZ=F,SCORE,2024-04-30 14:00:00+00:00,2024-04-30 15:00:00+00:00,-1.0,87.57000183105468,87.7400033569336,0.05808118906328471,shock,-129.71451010966737,signal_change,1
BZ=F,SCORE,2024-05-01 16:00:00+00:00,2024-05-01 22:00:00+00:00,-1.0,83.61000274658203,83.56999755859376,0.0783801312176082,shock,88.46082679974637,signal_change,5
BZ=F,SCORE,2024-05-02 07:00:00+00:00,2024-05-02 08:00:00+00:00,-1.0,83.8900015258789,84.17000366210938,0.12584747522538284,trend,-426.2860121945263,signal_change,1
BZ=F,SCORE,2024-05-02 09:00:00+00:00,2024-05-02 10:00:00+00:00,-1.0,84.18000244140624,84.2400033569336,0.12244186098089471,trend,-152.44945349073438,signal_change,1
BZ=F,SCORE,2024-05-02 11:00:00+00:00,2024-05-02 12:00:00+00:00,-1.0,83.93000244140624,84.31000305175782,0.12369861357046663,trend,-536.0675909519816,signal_change,1
BZ=F,SCORE,2024-05-02 13:00:00+00:00,2024-05-02 17:00:00+00:00,-1.0,83.67000030517578,83.7400033569336,0.11246633091838604,trend,-76.52224671111753,signal_change,4
BZ=F,SCORE,2024-05-05 22:00:00+00:00,2024-05-05 23:00:00+00:00,-1.0,82.97000335693359,83.34000183105469,0.030130625831594447,transition,-185.97612737919374,signal_change,1
BZ=F,SCORE,2024-05-07 16:00:00+00:00,2024-05-07 17:00:00+00:00,1.0,83.17999816894532,83.47000335693359,0.12472101440464936,shock,365.6812299124096,signal_change,1
BZ=F,SCORE,2024-05-07 18:00:00+00:00,2024-05-07 19:00:00+00:00,1.0,83.45999694824219,83.2599966430664,0.05130455305381586,shock,-149.94949545124166,signal_change,1
BZ=F,SCORE,2024-05-08 08:00:00+00:00,2024-05-08 10:00:00+00:00,-1.0,82.12999938964843,82.19000030517579,0.17217405291895058,transition,-135.03642287728175,signal_change,2
BZ=F,SCORE,2024-05-08 12:00:00+00:00,2024-05-08 13:00:00+00:00,-1.0,82.17000030517578,82.31000305175782,0.17076682970068222,transition,-381.7916740948028,signal_change,1
BZ=F,SCORE,2024-05-08 16:00:00+00:00,2024-05-08 17:00:00+00:00,1.0,83.69000030517579,83.40000366210937,0.1677340867253017,transition,-668.2175293256878,signal_change,1
BZ=F,SCORE,2024-05-09 08:00:00+00:00,2024-05-09 09:00:00+00:00,1.0,84.14999938964844,84.17000030517578,0.19604852257191668,trend,-58.4604799378635,signal_change,1
BZ=F,SCORE,2024-05-09 11:00:00+00:00,2024-05-09 12:00:00+00:00,1.0,84.31999755859376,84.10000061035156,0.19779788433689413,transition,-618.7336872440278,signal_change,1
BZ=F,SCORE,2024-05-09 13:00:00+00:00,2024-05-09 15:00:00+00:00,1.0,84.05000091552735,83.48583475748698,0.18942875286245967,transition,-1366.1649246551362,stop,3
BZ=F,SCORE,2024-05-09 16:00:00+00:00,2024-05-09 17:00:00+00:00,1.0,83.52000213623047,83.65999816894531,0.0706133332842697,shock,79.63876866624908,signal_change,1
BZ=F,SCORE,2024-05-09 19:00:00+00:00,2024-05-09 22:00:00+00:00,1.0,84.06000305175782,84.19999908447265,0.20569982753136246,transition,230.1151092519074,signal_change,2
BZ=F,SCORE,2024-05-10 07:00:00+00:00,2024-05-10 08:00:00+00:00,1.0,84.51,84.40999816894531,0.2000470900472106,transition,-341.4607083584949,signal_change,1
BZ=F,SCORE,2024-05-10 16:00:00+00:00,2024-05-12 22:00:00+00:00,-1.0,83.29999755859374,82.70999694824219,0.07152563731551392,shock,430.9520117008283,signal_change,5
BZ=F,SCORE,2024-05-13 02:00:00+00:00,2024-05-13 03:00:00+00:00,-1.0,82.26999877929687,82.59000183105469,0.21197703873342014,transition,-626.0805636115322,signal_change,1
BZ=F,SCORE,2024-05-13 04:00:00+00:00,2024-05-13 05:00:00+00:00,-1.0,82.55999969482421,82.52999664306641,0.2163979691463906,trend,13.604681005060876,signal_change,1
BZ=F,SCORE,2024-05-13 10:00:00+00:00,2024-05-13 11:00:00+00:00,-1.0,82.92000030517578,83.14999938964844,0.20954525812879385,transition,-538.6729692877324,signal_change,1
BZ=F,SCORE,2024-05-13 13:00:00+00:00,2024-05-13 14:00:00+00:00,-1.0,83.19999908447265,83.73583348592122,0.19868422834453356,transition,-638.8673341878841,stop,2
BZ=F,SCORE,2024-05-13 15:00:00+00:00,2024-05-13 17:00:00+00:00,-1.0,83.36999725341796,83.07999969482422,0.19344149507461417,transition,563.5851534395083,signal_change,2
BZ=F,SCORE,2024-05-13 18:00:00+00:00,2024-05-13 20:00:00+00:00,1.0,83.34999633789063,83.47999786376953,0.20124593385242645,transition,203.35373523323835,signal_change,2
BZ=F,SCORE,2024-05-14 13:00:00+00:00,2024-05-14 13:00:00+00:00,-1.0,82.82000183105468,82.91124797821045,0.19457890715104426,shock,108.09373804202428,stop,1
BZ=F,SCORE,2024-05-14 15:00:00+00:00,2024-05-14 20:00:00+00:00,-1.0,82.54999755859374,82.46999908447266,0.18304901944137872,transition,205.5684499655856,signal_change,5
BZ=F,SCORE,2024-05-15 11:00:00+00:00,2024-05-15 15:00:00+00:00,-1.0,82.19999908447265,82.15999771118165,0.1619170747741336,transition,1512.3648099778363,stop,5
BZ=F,SCORE,2024-05-16 13:00:00+00:00,2024-05-16 20:00:00+00:00,1.0,83.13000274658204,83.32000183105468,0.14611358300995378,transition,256.1520177158241,signal_change,7
BZ=F,SCORE,2024-05-17 07:00:00+00:00,2024-05-17 08:00:00+00:00,1.0,83.82999969482422,83.60000061035156,0.17467232459071788,transition,-569.6347562481443,signal_change,1
BZ=F,SCORE,2024-05-17 10:00:00+00:00,2024-05-17 12:00:00+00:00,1.0,83.46999908447266,83.24,0.1885165766995512,transition,-616.9212467793731,signal_change,2
BZ=F,SCORE,2024-05-17 13:00:00+00:00,2024-05-17 13:00:00+00:00,1.0,83.71999908447266,83.1374994913737,0.18244553918868492,transition,-1357.279887967983,stop,1
BZ=F,SCORE,2024-05-17 14:00:00+00:00,2024-05-17 15:00:00+00:00,1.0,83.55000091552735,83.36000274658203,0.1889278433089968,transition,-526.805835611237,signal_change,1
BZ=F,SCORE,2024-05-17 18:00:00+00:00,2024-05-17 20:00:00+00:00,1.0,83.92999816894532,83.93000244140624,0.2038597113909111,transition,-108.60227568035789,signal_change,2
BZ=F,SCORE,2024-05-19 22:00:00+00:00,2024-05-19 23:00:00+00:00,1.0,84.01,83.92000030517578,0.2102758049724883,transition,-335.1826612952339,signal_change,1
BZ=F,SCORE,2024-05-20 17:00:00+00:00,2024-05-20 19:00:00+00:00,-1.0,83.46000122070312,83.71999908447266,0.1699794525524715,transition,-697.559792587183,signal_change,2
BZ=F,SCORE,2024-05-21 08:00:00+00:00,2024-05-21 09:00:00+00:00,-1.0,83.01999877929687,83.06999755859376,0.1650795630122687,transition,-265.3009944976952,signal_change,1
BZ=F,SCORE,2024-05-21 10:00:00+00:00,2024-05-21 14:00:00+00:00,-1.0,82.90999816894531,83.09249664306641,0.15924716892390142,transition,942.7294487544316,stop,5
BZ=F,SCORE,2024-05-21 15:00:00+00:00,2024-05-21 18:00:00+00:00,-1.0,83.04000305175781,83.02999664306641,0.14360638937944883,transition,70.75165938498975,signal_change,3
BZ=F,SCORE,2024-05-21 19:00:00+00:00,2024-05-21 20:00:00+00:00,-1.0,82.86000274658203,82.88000274658204,0.1501269770334708,transition,-80.459433131813,signal_change,1
BZ=F,SCORE,2024-05-22 08:00:00+00:00,2024-05-22 09:00:00+00:00,-1.0,81.79000305175781,82.13000274658204,0.1350823046472407,transition,-628.5768602294805,signal_change,1
BZ=F,SCORE,2024-05-22 14:00:00+00:00,2024-05-22 15:00:00+00:00,-1.0,81.90999816894531,82.42999816894532,0.13145752778237707,transition,-737.985513602244,signal_change,1
BZ=F,SCORE,2024-05-22 16:00:00+00:00,2024-05-22 17:00:00+00:00,-1.0,81.99,82.37000061035157,0.13590776058947007,range,-662.9684084246842,signal_change,1
BZ=F,SCORE,2024-05-22 18:00:00+00:00,2024-05-22 20:00:00+00:00,-1.0,82.01999877929687,81.69000030517579,0.134391630241556,transition,461.9998289309332,signal_change,2
BZ=F,SCORE,2024-05-22 22:00:00+00:00,2024-05-22 23:00:00+00:00,-1.0,81.68000244140624,81.55000091552735,0.14328255864706577,transition,391.2426582848212,signal_change,1
BZ=F,SCORE,2024-05-23 13:00:00+00:00,2024-05-23 14:00:00+00:00,1.0,82.76,82.07999928792317,0.15419760015942005,transition,-1336.596588618002,stop,2
BZ=F,SCORE,2024-05-23 16:00:00+00:00,2024-05-23 20:00:00+00:00,-1.0,81.33999847412109,81.37000061035157,0.05141198125928969,transition,-34.46925951339378,signal_change,4
BZ=F,SCORE,2024-05-24 10:00:00+00:00,2024-05-24 11:00:00+00:00,-1.0,80.7599966430664,80.88000274658204,0.1675689279444277,transition,-336.3970206361749,signal_change,1
BZ=F,SCORE,2024-05-24 14:00:00+00:00,2024-05-24 15:00:00+00:00,-1.0,81.68000244140624,81.84999633789063,0.1561257858704926,transition,-253.84164606616608,signal_change,1
BZ=F,SCORE,2024-05-24 16:00:00+00:00,2024-05-24 18:00:00+00:00,1.0,82.17999816894532,82.21000122070312,0.059839750325386486,shock,-10.525224037875205,signal_change,2
BZ=F,SCORE,2024-05-24 19:00:00+00:00,2024-05-24 20:00:00+00:00,1.0,82.20000244140626,82.11999725341796,0.1916176351934997,transition,-286.8017715498557,signal_change,1
BZ=F,SCORE,2024-05-26 23:00:00+00:00,2024-05-27 00:00:00+00:00,1.0,82.19000030517579,82.22999786376953,0.2001627070529922,transition,-11.193296211750468,signal_change,1
BZ=F,SCORE,2024-05-27 02:00:00+00:00,2024-05-27 03:00:00+00:00,1.0,82.26,82.28000091552734,0.20358970356064632,transition,-60.23531882786235,signal_change,1
BZ=F,SCORE,2024-05-28 05:00:00+00:00,2024-05-28 06:00:00+00:00,1.0,83.26,83.17000030517578,0.06194272770560194,trend,-99.06929252140256,signal_change,1
BZ=F,SCORE,2024-05-28 08:00:00+00:00,2024-05-28 09:00:00+00:00,1.0,83.16000152587891,83.18000244140624,0.17426024510028526,trend,-51.55872761825046,signal_change,1
BZ=F,SCORE,2024-05-28 13:00:00+00:00,2024-05-28 20:00:00+00:00,1.0,83.3599984741211,84.47000335693359,0.1762452799009356,trend,2212.585172160964,signal_change,7
BZ=F,SCORE,2024-05-28 22:00:00+00:00,2024-05-28 23:00:00+00:00,1.0,84.63000274658204,84.58999847412109,0.1949312649936656,trend,-194.43357030720284,signal_change,1
BZ=F,SCORE,2024-05-29 00:00:00+00:00,2024-05-29 01:00:00+00:00,1.0,84.63000274658204,84.49,0.19592778709344202,trend,-424.2390737710009,signal_change,1
BZ=F,SCORE,2024-05-29 06:00:00+00:00,2024-05-29 11:00:00+00:00,1.0,84.38000274658204,84.82000183105468,0.08069749748229282,shock,372.64069256212167,signal_change,5
BZ=F,SCORE,2024-05-29 14:00:00+00:00,2024-05-29 14:00:00+00:00,1.0,84.13000274658204,83.63250350952148,0.21497468602057984,transition,-1370.6254585755353,stop,1
BZ=F,SCORE,2024-05-29 19:00:00+00:00,2024-05-29 23:00:00+00:00,-1.0,83.3900015258789,83.51,0.2259494252429542,transition,-602.275765372824,signal_change,2
BZ=F,SCORE,2024-05-30 15:00:00+00:00,2024-05-30 23:00:00+00:00,-1.0,82.94999908447265,81.78999877929688,0.15576620717814238,transition,1475.4457519406194,signal_change,6
BZ=F,SCORE,2024-05-31 05:00:00+00:00,2024-05-31 06:00:00+00:00,-1.0,81.80999969482421,81.82999969482422,0.16766394079089308,transition,-90.16504667450273,signal_change,1
BZ=F,SCORE,2024-06-03 18:00:00+00:00,2024-06-03 23:00:00+00:00,-1.0,78.21000122070312,78.09999633789063,0.07416329610219524,shock,81.03826567915996,signal_change,4
BZ=F,SCORE,2024-06-04 01:00:00+00:00,2024-06-04 02:00:00+00:00,-1.0,78.04000305175781,77.92999816894532,0.12475470283183636,trend,105.11103958709663,signal_change,1
BZ=F,SCORE,2024-06-04 06:00:00+00:00,2024-06-04 11:00:00+00:00,-1.0,77.61999725341796,77.16000152587891,0.12202829113574802,trend,740.7350140602971,signal_change,5
BZ=F,SCORE,2024-06-04 12:00:00+00:00,2024-06-04 18:00:00+00:00,-1.0,77.07999633789062,77.84000183105469,0.11981319077033876,trend,-1262.540168982945,signal_change,6
BZ=F,SCORE,2024-06-05 13:00:00+00:00,2024-06-05 15:00:00+00:00,1.0,77.92000366210938,77.20917129516602,0.13904894159014583,transition,-1330.2015653151798,stop,3
BZ=F,SCORE,2024-06-05 16:00:00+00:00,2024-06-05 20:00:00+00:00,1.0,77.94000030517579,78.44999908447265,0.1471805356640923,transition,867.8467844099413,signal_change,4
BZ=F,SCORE,2024-06-05 22:00:00+00:00,2024-06-06 00:00:00+00:00,1.0,78.59000183105469,78.68999694824218,0.05986527057837496,shock,42.41258045716292,signal_change,2
BZ=F,SCORE,2024-06-06 01:00:00+00:00,2024-06-06 02:00:00+00:00,1.0,78.80000091552735,78.72000335693359,0.17065756688400893,transition,-264.27771390994235,signal_change,1
BZ=F,SCORE,2024-06-06 07:00:00+00:00,2024-06-06 11:00:00+00:00,1.0,78.81999755859376,78.67000030517578,0.1679529593567978,trend,-405.7488597050382,signal_change,4
BZ=F,SCORE,2024-06-06 13:00:00+00:00,2024-06-06 15:00:00+00:00,1.0,78.53999877929688,78.97999786376953,0.15950639991339624,transition,793.2115019560952,signal_change,2
BZ=F,SCORE,2024-06-06 16:00:00+00:00,2024-06-06 17:00:00+00:00,1.0,79.98000122070313,79.7599966430664,0.05503169372035598,shock,-179.32466270626554,signal_change,1
BZ=F,SCORE,2024-06-06 18:00:00+00:00,2024-06-06 20:00:00+00:00,1.0,80.02999664306641,79.85000061035156,0.16263868745749235,transition,-449.42742397185447,signal_change,2
BZ=F,SCORE,2024-06-07 14:00:00+00:00,2024-06-07 15:00:00+00:00,1.0,80.19000030517579,79.55833307902019,0.16087787559393657,transition,-1338.985012412834,stop,2
BZ=F,SCORE,2024-06-07 19:00:00+00:00,2024-06-07 20:00:00+00:00,-1.0,79.47000335693359,79.42000366210938,0.17909729575932934,transition,102.4983696431654,signal_change,1
BZ=F,SCORE,2024-06-10 14:00:00+00:00,2024-06-10 20:00:00+00:00,1.0,80.48000122070313,81.76999877929687,0.05433974411710264,transition,825.372324569227,signal_change,6
BZ=F,SCORE,2024-06-10 22:00:00+00:00,2024-06-10 23:00:00+00:00,1.0,81.98000122070313,81.93999694824218,0.15846630191127892,trend,-161.2411620746669,signal_change,1
BZ=F,SCORE,2024-06-11 10:00:00+00:00,2024-06-11 12:00:00+00:00,1.0,81.51,81.40999816894531,0.1607168154563223,transition,-280.8261123068923,signal_change,2
BZ=F,SCORE,2024-06-11 13:00:00+00:00,2024-06-11 18:00:00+00:00,1.0,81.69000030517579,82.00000213623046,0.1525120567930504,transition,493.3632161371184,signal_change,5
BZ=F,SCORE,2024-06-12 06:00:00+00:00,2024-06-12 07:00:00+00:00,1.0,82.42000366210938,82.37999938964843,0.18363268549714548,transition,-186.1526573677951,signal_change,1
BZ=F,SCORE,2024-06-12 08:00:00+00:00,2024-06-12 11:00:00+00:00,1.0,82.42000366210938,82.74,0.18687747192491677,transition,615.2667631510323,signal_change,3
BZ=F,SCORE,2024-06-12 13:00:00+00:00,2024-06-12 14:00:00+00:00,1.0,83.07999969482422,82.53916676839192,0.1961775386620164,transition,-1360.5718022936476,stop,2
BZ=F,SCORE,2024-06-12 16:00:00+00:00,2024-06-12 17:00:00+00:00,1.0,82.34000183105469,82.76999877929687,0.06996619569584142,transition,322.511106104305,signal_change,1
BZ=F,SCORE,2024-06-13 10:00:00+00:00,2024-06-13 11:00:00+00:00,-1.0,81.86000274658203,81.96999908447266,0.18938395779257422,transition,-215.61277326591693,signal_change,1
BZ=F,SCORE,2024-06-13 15:00:00+00:00,2024-06-13 16:00:00+00:00,-1.0,82.80999969482421,82.32999969482422,0.17644304160313373,shock,871.1599522264507,signal_change,1
BZ=F,SCORE,2024-06-13 17:00:00+00:00,2024-06-13 18:00:00+00:00,1.0,82.70000244140626,82.68000244140624,0.1782329708635696,shock,-137.73499844785195,signal_change,1
BZ=F,SCORE,2024-06-14 12:00:00+00:00,2024-06-14 14:00:00+00:00,1.0,83.31000305175782,82.63916969299316,0.15739595690210034,transition,-1334.1079578925312,stop,3
BZ=F,SCORE,2024-06-14 17:00:00+00:00,2024-06-14 18:00:00+00:00,1.0,82.87000061035157,82.80999969482421,0.0624796039506281,shock,-77.8549440323983,signal_change,1
BZ=F,SCORE,2024-06-17 13:00:00+00:00,2024-06-17 14:00:00+00:00,-1.0,82.80999969482421,83.2400033569336,0.18578185651469517,range,-1004.5849143621585,signal_change,1
BZ=F,SCORE,2024-06-17 16:00:00+00:00,2024-06-17 20:00:00+00:00,1.0,83.38999725341797,84.37999938964843,0.18801689549190861,transition,2088.4767058822167,signal_change,4
BZ=F,SCORE,2024-06-18 09:00:00+00:00,2024-06-18 11:00:00+00:00,1.0,83.92999816894532,84.10000061035156,0.184138514040301,transition,269.8996081295894,signal_change,2
BZ=F,SCORE,2024-06-18 12:00:00+00:00,2024-06-18 22:00:00+00:00,1.0,84.27000213623047,85.36999725341796,0.19504642984131323,shock,2399.8250247034894,signal_change,9
BZ=F,SCORE,2024-06-20 13:00:00+00:00,2024-06-20 20:00:00+00:00,1.0,85.63000274658204,85.79999755859374,0.20196983579461752,transition,291.9674660664416,signal_change,7
BZ=F,SCORE,2024-06-21 13:00:00+00:00,2024-06-21 14:00:00+00:00,1.0,85.77000213623047,85.65000366210937,0.23409780193360913,range,-447.2379386191026,signal_change,1
BZ=F,SCORE,2024-06-21 15:00:00+00:00,2024-06-21 15:00:00+00:00,1.0,86.19000030517579,85.66833178202312,0.0731662652136906,shock,-476.0981365149608,stop,1
BZ=F,SCORE,2024-06-21 16:00:00+00:00,2024-06-21 20:00:00+00:00,-1.0,85.57000183105468,85.16000152587891,0.07382075760193393,shock,326.9497791149893,signal_change,4
BZ=F,SCORE,2024-06-23 22:00:00+00:00,2024-06-23 23:00:00+00:00,-1.0,85.07999633789062,84.98000122070313,0.20930943009050004,transition,132.33464863599787,signal_change,1
BZ=F,SCORE,2024-06-24 00:00:00+00:00,2024-06-24 01:00:00+00:00,-1.0,84.72000335693359,84.92000366210938,0.1994126812424781,transition,-709.9702567901768,signal_change,1
BZ=F,SCORE,2024-06-24 15:00:00+00:00,2024-06-24 16:00:00+00:00,-1.0,85.3900015258789,85.95999694824219,0.17303363284266238,transition,-1151.8231932349952,signal_change,1
BZ=F,SCORE,2024-06-24 17:00:00+00:00,2024-06-24 20:00:00+00:00,1.0,86.06999755859376,86.04999755859374,0.19549968028033757,shock,-147.09855427956091,signal_change,3
BZ=F,SCORE,2024-06-24 22:00:00+00:00,2024-06-24 23:00:00+00:00,1.0,86.16000152587891,86.08999847412109,0.20866789591943136,transition,-276.7021109342015,signal_change,1
BZ=F,SCORE,2024-06-25 01:00:00+00:00,2024-06-25 02:00:00+00:00,1.0,86.17000366210938,85.93000244140624,0.2212955409161576,transition,-724.0094201589527,signal_change,1
BZ=F,SCORE,2024-06-25 04:00:00+00:00,2024-06-25 05:00:00+00:00,1.0,86.02000213623047,86.01999877929687,0.23214970930033113,transition,-121.76916467862239,signal_change,1
BZ=F,SCORE,2024-06-25 15:00:00+00:00,2024-06-25 15:00:00+00:00,1.0,85.99999786376954,85.48583157857259,0.07410749541290189,range,-475.33165370447216,stop,1
BZ=F,SCORE,2024-06-25 17:00:00+00:00,2024-06-25 18:00:00+00:00,-1.0,85.28000091552734,85.37000061035157,0.2158937455693548,transition,-238.224088232783,signal_change,1
BZ=F,SCORE,2024-06-25 19:00:00+00:00,2024-06-25 20:00:00+00:00,-1.0,84.97999786376953,85.01,0.20664511805162272,transition,-132.81922823575567,signal_change,1
BZ=F,SCORE,2024-06-26 08:00:00+00:00,2024-06-26 09:00:00+00:00,-1.0,85.18999694824218,85.20999694824219,0.18759897199308537,transition,31.318782040136306,signal_change,1
BZ=F,SCORE,2024-06-26 15:00:00+00:00,2024-06-26 17:00:00+00:00,-1.0,85.03000091552734,85.31000305175782,0.15573960355130578,transition,-623.5879565289611,signal_change,2
BZ=F,SCORE,2024-06-27 13:00:00+00:00,2024-06-27 14:00:00+00:00,1.0,86.16000152587891,86.12999938964843,0.14748283604382897,transition,-127.70015214268348,signal_change,1
BZ=F,SCORE,2024-06-27 16:00:00+00:00,2024-06-28 00:00:00+00:00,1.0,85.87000061035157,86.53000091552734,0.1363796191751214,transition,957.6133568201599,signal_change,5
BZ=F,SCORE,2024-06-28 09:00:00+00:00,2024-06-28 11:00:00+00:00,1.0,86.91000152587891,87.07999633789062,0.19320431796718815,trend,272.169536776369,signal_change,2
BZ=F,SCORE,2024-07-02 08:00:00+00:00,2024-07-02 14:00:00+00:00,1.0,86.94000030517579,86.78749679565429,0.07671499671655202,shock,-171.62347635788257,stop,7
BZ=F,SCORE,2024-07-02 19:00:00+00:00,2024-07-02 20:00:00+00:00,-1.0,86.33999847412109,86.46999908447266,0.184985873092922,transition,-286.6570273415368,signal_change,1
BZ=F,SCORE,2024-07-03 15:30:00+00:00,2024-07-03 16:30:00+00:00,-1.0,86.00000213623046,86.42999816894532,0.16225880792577252,range,-883.3574303864073,signal_change,1
BZ=F,SCORE,2024-07-05 13:00:00+00:00,2024-07-05 17:00:00+00:00,1.0,87.53999877929688,87.40000366210937,0.17802796196478082,transition,-371.950213245513,signal_change,4
BZ=F,SCORE,2024-07-08 09:00:00+00:00,2024-07-08 11:00:00+00:00,-1.0,85.90999816894531,85.88999725341797,0.17951806972154857,transition,69.25871660482079,signal_change,2
BZ=F,SCORE,2024-07-08 14:00:00+00:00,2024-07-08 17:00:00+00:00,-1.0,86.08999847412109,85.94000030517579,0.16750644841858092,transition,196.55146720862962,signal_change,3
BZ=F,SCORE,2024-07-08 18:00:00+00:00,2024-07-08 20:00:00+00:00,-1.0,85.76999877929687,85.67000366210938,0.17209769297953154,transition,146.1563748108765,signal_change,2
BZ=F,SCORE,2024-07-09 08:00:00+00:00,2024-07-09 10:00:00+00:00,-1.0,85.40999816894531,85.38000274658204,0.20960660455587532,transition,9.791167309811222,signal_change,2
BZ=F,SCORE,2024-07-09 13:00:00+00:00,2024-07-09 15:00:00+00:00,-1.0,85.35000061035156,85.5950009918213,0.20763408812630801,transition,-961.5233447419861,stop,3
BZ=F,SCORE,2024-07-09 16:00:00+00:00,2024-07-09 20:00:00+00:00,-1.0,84.90999816894531,84.77999664306641,0.06564813136016334,transition,79.30842990676065,signal_change,4
BZ=F,SCORE,2024-07-10 06:00:00+00:00,2024-07-10 07:00:00+00:00,-1.0,84.15000366210937,84.13000274658204,0.1725922180231011,transition,29.75335000417931,signal_change,1
BZ=F,SCORE,2024-07-10 11:00:00+00:00,2024-07-10 12:00:00+00:00,-1.0,84.49,84.52999664306641,0.16212292020737923,transition,-123.18417640152754,signal_change,1
BZ=F,SCORE,2024-07-10 13:00:00+00:00,2024-07-10 15:00:00+00:00,-1.0,84.42000030517578,84.87000061035157,0.15545977919603274,transition,-822.7230242658835,signal_change,2
BZ=F,SCORE,2024-07-11 13:00:00+00:00,2024-07-11 13:00:00+00:00,1.0,85.30000091552735,84.67749977111816,0.17340784175731097,transition,-1333.223506051285,stop,1
BZ=F,SCORE,2024-07-11 14:00:00+00:00,2024-07-11 16:00:00+00:00,1.0,84.9900033569336,85.3900015258789,0.16705044032842092,transition,684.3863761781762,signal_change,2
BZ=F,SCORE,2024-07-11 17:00:00+00:00,2024-07-11 18:00:00+00:00,-1.0,84.90999816894531,85.44000030517579,0.17652832219053247,transition,-1173.3618849095546,signal_change,1
BZ=F,SCORE,2024-07-11 18:00:00+00:00,2024-07-11 20:00:00+00:00,1.0,85.44000030517579,85.75000213623046,0.17676018159379409,transition,535.5497536605803,signal_change,2
BZ=F,SCORE,2024-07-12 09:00:00+00:00,2024-07-12 10:00:00+00:00,1.0,86.27999664306641,86.15000366210937,0.16615716487960633,transition,-332.08466080823007,signal_change,1
BZ=F,SCORE,2024-07-12 15:00:00+00:00,2024-07-12 16:00:00+00:00,1.0,85.70999694824219,85.40999816894531,0.16859247398722074,range,-666.4509959741874,signal_change,1
BZ=F,SCORE,2024-07-12 17:00:00+00:00,2024-07-12 19:00:00+00:00,1.0,85.55000091552735,85.04000305175781,0.1715957144347378,shock,-1092.6771982883686,signal_change,2
BZ=F,SCORE,2024-07-15 14:00:00+00:00,2024-07-15 17:00:00+00:00,-1.0,84.74,84.95000244140626,0.15983639483004022,transition,-470.8031900516845,signal_change,3
BZ=F,SCORE,2024-07-15 18:00:00+00:00,2024-07-15 19:00:00+00:00,-1.0,84.79000305175781,84.88000274658204,0.17730463532529522,transition,-235.99528835830458,signal_change,1
BZ=F,SCORE,2024-07-16 12:00:00+00:00,2024-07-16 14:00:00+00:00,-1.0,83.40999816894531,83.9166653951009,0.1470526888465034,trend,-67.24156956483841,stop,3
BZ=F,SCORE,2024-07-16 15:00:00+00:00,2024-07-16 20:00:00+00:00,-1.0,84.1400015258789,83.82999969482422,0.21030031638395053,transition,743.4379107412216,signal_change,5
BZ=F,SCORE,2024-07-17 13:00:00+00:00,2024-07-18 03:00:00+00:00,1.0,84.34000183105469,85.37999938964843,0.182867001440382,transition,2102.366638525291,signal_change,13
BZ=F,SCORE,2024-07-18 07:00:00+00:00,2024-07-18 08:00:00+00:00,1.0,85.76,85.58999847412109,0.20060198436209184,trend,-494.65439130524044,signal_change,1
BZ=F,SCORE,2024-07-18 17:00:00+00:00,2024-07-18 18:00:00+00:00,1.0,85.42000366210938,85.49,0.18643217860814196,transition,52.15234488191571,signal_change,1
BZ=F,SCORE,2024-07-18 19:00:00+00:00,2024-07-18 20:00:00+00:00,-1.0,84.93000244140624,84.59999633789063,0.06016897169151055,shock,225.29040963881698,signal_change,1
BZ=F,SCORE,2024-07-19 16:00:00+00:00,2024-07-19 20:00:00+00:00,-1.0,83.90999816894531,82.77000213623047,0.14584204838908293,transition,1906.10012102865,signal_change,4
BZ=F,SCORE,2024-07-21 22:00:00+00:00,2024-07-21 23:00:00+00:00,-1.0,82.82000183105468,82.98000122070313,0.1525733182864927,transition,-442.7587274880389,signal_change,1
BZ=F,SCORE,2024-07-22 09:00:00+00:00,2024-07-22 11:00:00+00:00,-1.0,82.7599966430664,82.31999755859376,0.14480696746399016,trend,748.6507127752046,signal_change,2
BZ=F,SCORE,2024-07-22 12:00:00+00:00,2024-07-22 17:00:00+00:00,-1.0,82.15000366210937,82.34000183105469,0.1441968435975296,trend,-408.7473550437078,signal_change,5
BZ=F,SCORE,2024-07-23 13:00:00+00:00,2024-07-23 14:00:00+00:00,-1.0,81.65000366210937,81.63000274658204,0.17489981525986237,transition,-9.452722485536341,signal_change,1
BZ=F,SCORE,2024-07-23 15:00:00+00:00,2024-07-23 19:00:00+00:00,-1.0,81.25000213623046,81.43499732971192,0.16700954305862614,transition,-91.17031506769158,stop,5
BZ=F,SCORE,2024-07-24 15:00:00+00:00,2024-07-24 15:00:00+00:00,-1.0,81.10000061035156,81.78833325703938,0.15082938819504652,shock,1175.951821159492,stop,1
BZ=F,SCORE,2024-07-24 17:00:00+00:00,2024-07-24 20:00:00+00:00,1.0,81.91000152587891,81.54999755859374,0.16099883503750034,shock,-782.3186440073705,signal_change,3
BZ=F,SCORE,2024-07-25 09:00:00+00:00,2024-07-25 11:00:00+00:00,-1.0,80.90000366210937,80.67999816894532,0.14771804425056287,transition,344.26490901517246,signal_change,2
BZ=F,SCORE,2024-07-25 12:00:00+00:00,2024-07-25 13:00:00+00:00,-1.0,80.12999938964843,80.90666643778484,0.13126624251677016,transition,-47.29511517478397,stop,2
BZ=F,SCORE,2024-07-25 14:00:00+00:00,2024-07-25 14:00:00+00:00,-1.0,80.35000061035156,81.21083450317383,0.1192359700682834,shock,1190.816976623271,stop,1
BZ=F,SCORE,2024-07-25 16:00:00+00:00,2024-07-25 17:00:00+00:00,1.0,81.9900033569336,82.07000183105468,0.04618648714287816,transition,19.62593910091751,signal_change,1
BZ=F,SCORE,2024-07-26 16:00:00+00:00,2024-07-26 17:00:00+00:00,-1.0,80.93000244140624,80.52999664306641,0.027771201655208366,shock,133.5867394155613,signal_change,1
BZ=F,SCORE,2024-07-26 19:00:00+00:00,2024-07-26 20:00:00+00:00,-1.0,79.69999908447265,79.9900033569336,0.07615241696913799,transition,-257.5230528575789,signal_change,1
BZ=F,SCORE,2024-07-29 00:00:00+00:00,2024-07-29 01:00:00+00:00,-1.0,80.5099966430664,80.64999938964844,0.0716074601839547,transition,-126.10752490323893,signal_change,1
BZ=F,SCORE,2024-07-29 09:00:00+00:00,2024-07-29 10:00:00+00:00,-1.0,80.18000244140624,80.34000183105469,0.07199821570588999,transition,-197.79970010043,signal_change,1
BZ=F,SCORE,2024-07-29 11:00:00+00:00,2024-07-29 13:00:00+00:00,-1.0,79.90999816894531,80.02999664306641,0.07976000213623048,transition,-122.17605901848461,signal_change,2
BZ=F,SCORE,2024-07-29 15:00:00+00:00,2024-07-29 17:00:00+00:00,-1.0,79.03000091552734,78.74999786376954,0.09558558353136062,transition,281.2165181909466,signal_change,2
BZ=F,SCORE,2024-07-29 18:00:00+00:00,2024-07-29 20:00:00+00:00,-1.0,78.90000366210937,79.03999877929688,0.03929543569528964,transition,-80.16259126156426,signal_change,2
BZ=F,SCORE,2024-07-30 13:00:00+00:00,2024-07-30 17:00:00+00:00,-1.0,78.29999755859374,78.57999969482422,0.14602105065134838,transition,-487.73571797323285,signal_change,4
BZ=F,SCORE,2024-07-31 09:00:00+00:00,2024-07-31 10:00:00+00:00,1.0,80.05000091552735,79.96000122070312,0.14758307174730087,transition,-242.86442448120113,signal_change,1
BZ=F,SCORE,2024-07-31 12:00:00+00:00,2024-07-31 13:00:00+00:00,1.0,80.49999786376954,80.29999755859374,0.14189061826024443,transition,-422.88267829576523,signal_change,1
BZ=F,SCORE,2024-07-31 14:00:00+00:00,2024-07-31 23:00:00+00:00,1.0,80.28999877929688,81.37999938964843,0.14100369650014508,transition,1797.3812071544953,signal_change,8
BZ=F,SCORE,2024-08-01 11:00:00+00:00,2024-08-01 12:00:00+00:00,1.0,81.59999633789063,81.33999847412109,0.1525120567930504,transition,-559.9422376192351,signal_change,1
BZ=F,SCORE,2024-08-01 13:00:00+00:00,2024-08-01 14:00:00+00:00,1.0,81.49999786376954,80.81916364034016,0.15165818272802148,transition,-1328.4685744781018,stop,2
BZ=F,SCORE,2024-08-01 18:00:00+00:00,2024-08-01 20:00:00+00:00,-1.0,79.86999725341796,80.16000152587891,0.1340760281732016,transition,-419.1655782515469,signal_change,2
BZ=F,SCORE,2024-08-02 09:00:00+00:00,2024-08-02 20:00:00+00:00,-1.0,79.92000030517578,77.23000122070313,0.12985386884520725,transition,4274.73102981581,signal_change,11
BZ=F,SCORE,2024-08-05 05:00:00+00:00,2024-08-05 07:00:00+00:00,-1.0,76.65000366210937,76.06000305175782,0.08302398760640335,transition,605.4677767187308,signal_change,2
BZ=F,SCORE,2024-08-05 08:00:00+00:00,2024-08-05 11:00:00+00:00,-1.0,76.2599966430664,75.6099984741211,0.07285428710476641,trend,549.7046723038402,signal_change,3
BZ=F,SCORE,2024-08-05 12:00:00+00:00,2024-08-05 13:00:00+00:00,-1.0,75.1400015258789,76.49666976928711,0.07042380623249042,transition,-140.73966347653072,stop,2
BZ=F,SCORE,2024-08-05 14:00:00+00:00,2024-08-05 18:00:00+00:00,-1.0,76.11000274658203,76.26,0.07358878815243622,transition,-165.8999797391014,signal_change,4
BZ=F,SCORE,2024-08-06 10:00:00+00:00,2024-08-06 12:00:00+00:00,1.0,76.56000305175782,76.19999908447265,0.03463196902531714,transition,-178.86396725589464,signal_change,2
BZ=F,SCORE,2024-08-06 14:00:00+00:00,2024-08-06 17:00:00+00:00,1.0,76.62000061035157,76.61999725341796,0.09824549917742582,transition,-51.88528033560589,signal_change,3
BZ=F,SCORE,2024-08-07 10:00:00+00:00,2024-08-07 20:00:00+00:00,1.0,77.34000183105469,78.44999908447265,0.10160974922907312,transition,1385.752333954128,signal_change,10
BZ=F,SCORE,2024-08-08 15:00:00+00:00,2024-08-08 16:00:00+00:00,1.0,78.8599984741211,78.6400015258789,0.1256068284193284,transition,-414.8379343610975,signal_change,1
BZ=F,SCORE,2024-08-08 18:00:00+00:00,2024-08-08 20:00:00+00:00,1.0,79.32999969482422,79.04000305175781,0.04461934071388139,transition,-185.40855280111134,signal_change,2
BZ=F,SCORE,2024-08-09 09:00:00+00:00,2024-08-09 10:00:00+00:00,1.0,79.1099984741211,79.2599966430664,0.15166460523703684,transition,201.1810022523977,signal_change,1
BZ=F,SCORE,2024-08-09 12:00:00+00:00,2024-08-09 13:00:00+00:00,1.0,79.57999969482422,78.96416727701823,0.16388608047921485,transition,-1343.1802993362803,stop,2
BZ=F,SCORE,2024-08-09 15:00:00+00:00,2024-08-09 18:00:00+00:00,1.0,79.56000305175782,79.49,0.16969419471346897,transition,-238.39129930020943,signal_change,3
BZ=F,SCORE,2024-08-09 20:00:00+00:00,2024-08-11 23:00:00+00:00,1.0,79.73000122070313,79.67000030517578,0.17722182160142325,transition,-227.74045838910024,signal_change,2
BZ=F,SCORE,2024-08-12 07:00:00+00:00,2024-08-12 08:00:00+00:00,1.0,80.06999755859376,80.17000030517578,0.16838201069395292,transition,116.0167817955136,signal_change,1
BZ=F,SCORE,2024-08-12 09:00:00+00:00,2024-08-12 20:00:00+00:00,1.0,80.27000213623047,81.90000366210937,0.16539092007974757,transition,3200.014672127323,signal_change,11
BZ=F,SCORE,2024-08-13 07:00:00+00:00,2024-08-13 08:00:00+00:00,1.0,81.92000366210938,81.86000274658203,0.17720857072083232,trend,-223.74391718839416,signal_change,1
BZ=F,SCORE,2024-08-13 10:00:00+00:00,2024-08-13 11:00:00+00:00,1.0,82.07999969482422,81.82999633789062,0.1754150517711172,transition,-622.7425618492116,signal_change,1
BZ=F,SCORE,2024-08-13 13:00:00+00:00,2024-08-13 13:00:00+00:00,1.0,81.92999816894532,81.2683334350586,0.15608103084938243,shock,-1329.5906369321704,stop,1
BZ=F,SCORE,2024-08-13 18:00:00+00:00,2024-08-13 20:00:00+00:00,-1.0,80.83999847412109,80.82999969482422,0.16284017361784975,transition,10.667908670555803,signal_change,2
BZ=F,SCORE,2024-08-14 10:00:00+00:00,2024-08-14 11:00:00+00:00,-1.0,80.97000335693359,80.56999755859376,0.1435328946593466,transition,622.1139507846179,signal_change,1
BZ=F,SCORE,2024-08-14 14:00:00+00:00,2024-08-14 17:00:00+00:00,-1.0,80.68000244140624,80.38999725341797,0.14428050910175358,transition,396.3634776362593,signal_change,3
BZ=F,SCORE,2024-08-14 18:00:00+00:00,2024-08-14 20:00:00+00:00,-1.0,79.97999786376953,79.89999938964844,0.14062734617541542,transition,132.0624578026164,signal_change,2
BZ=F,SCORE,2024-08-15 15:00:00+00:00,2024-08-15 17:00:00+00:00,1.0,81.20000244140626,81.21000122070312,0.14850225537079337,transition,-61.998286132426486,signal_change,2
BZ=F,SCORE,2024-08-15 19:00:00+00:00,2024-08-15 20:00:00+00:00,1.0,80.96999908447266,80.8900015258789,0.16532740477264554,transition,-250.73048608703596,signal_change,1
BZ=F,SCORE,2024-08-16 11:00:00+00:00,2024-08-16 13:00:00+00:00,-1.0,79.37999938964843,79.69499851226807,0.049598727961663175,shock,66.9112029773292,stop,3
BZ=F,SCORE,2024-08-16 14:00:00+00:00,2024-08-16 18:00:00+00:00,-1.0,79.83999847412109,79.88000274658204,0.04666406691047807,transition,-14.262075386667048,signal_change,4
BZ=F,SCORE,2024-08-16 19:00:00+00:00,2024-08-16 20:00:00+00:00,-1.0,79.61000274658203,79.80000091552735,0.1308196553181874,transition,-379.5535322807541,signal_change,1
BZ=F,SCORE,2024-08-19 08:00:00+00:00,2024-08-19 09:00:00+00:00,-1.0,79.05999969482421,79.34000183105469,0.10948455735578583,transition,-442.5361845844667,signal_change,1
BZ=F,SCORE,2024-08-19 13:00:00+00:00,2024-08-19 14:00:00+00:00,1.0,79.41000152587891,79.33999847412109,0.12635321830953405,shock,-178.75797338701258,signal_change,1
BZ=F,SCORE,2024-08-19 16:00:00+00:00,2024-08-19 20:00:00+00:00,-1.0,78.87999938964843,77.76,0.12027779261922572,shock,1558.9141662680488,signal_change,4
BZ=F,SCORE,2024-08-20 04:00:00+00:00,2024-08-20 05:00:00+00:00,-1.0,77.03000091552734,77.09000183105469,0.13041687632406712,trend,-272.8295615114019,signal_change,1
BZ=F,SCORE,2024-08-20 08:00:00+00:00,2024-08-20 09:00:00+00:00,-1.0,76.97999786376953,77.2400033569336,0.11747445781864664,transition,-396.70941467902594,signal_change,1
BZ=F,SCORE,2024-08-20 13:00:00+00:00,2024-08-20 19:00:00+00:00,-1.0,77.51999877929687,77.32999969482422,0.10959361269255098,transition,221.1540520816684,signal_change,6
BZ=F,SCORE,2024-08-21 15:00:00+00:00,2024-08-21 15:00:00+00:00,-1.0,77.40999816894531,77.53624702453614,0.049943460521452335,shock,52.92444323612327,stop,1
BZ=F,SCORE,2024-08-21 16:00:00+00:00,2024-08-21 20:00:00+00:00,-1.0,76.54999755859374,76.09999633789063,0.04954647265755362,transition,271.5242566471427,signal_change,4
BZ=F,SCORE,2024-08-22 14:00:00+00:00,2024-08-22 15:00:00+00:00,-1.0,76.74,77.20999694824219,0.12535727732713292,transition,-860.1393831402054,signal_change,1
BZ=F,SCORE,2024-08-22 17:00:00+00:00,2024-08-22 20:00:00+00:00,1.0,77.4900033569336,77.07000183105468,0.05209568238577934,shock,-307.7785187259644,signal_change,3
BZ=F,SCORE,2024-08-22 23:00:00+00:00,2024-08-23 02:00:00+00:00,1.0,77.24999786376954,77.19999908447265,0.16725125175046898,transition,-198.90915491034883,signal_change,3
BZ=F,SCORE,2024-08-23 08:00:00+00:00,2024-08-23 08:00:00+00:00,1.0,77.59999633789063,76.93416404724121,0.14696973927205573,transition,-1325.3857395255664,stop,1
BZ=F,SCORE,2024-08-23 09:00:00+00:00,2024-08-23 10:00:00+00:00,1.0,77.13000274658204,77.19999908447265,0.13719826071090288,shock,61.178777821114636,signal_change,1
BZ=F,SCORE,2024-08-23 12:00:00+00:00,2024-08-23 13:00:00+00:00,1.0,77.71999908447266,77.61999725341796,0.10635626729244022,transition,-193.3195713684521,signal_change,1
BZ=F,SCORE,2024-08-23 14:00:00+00:00,2024-08-23 16:00:00+00:00,1.0,77.6099984741211,78.90000366210937,0.09503675729922922,transition,1502.764057750307,signal_change,2
BZ=F,SCORE,2024-08-23 17:00:00+00:00,2024-08-23 19:00:00+00:00,1.0,78.13999725341797,78.12999938964843,0.08279835709733632,transition,-44.82144088066241,signal_change,2
BZ=F,SCORE,2024-08-26 11:00:00+00:00,2024-08-26 20:00:00+00:00,1.0,79.88999725341797,80.11999725341796,0.08597919287734791,transition,199.57354286809328,signal_change,9
BZ=F,SCORE,2024-08-27 00:00:00+00:00,2024-08-27 01:00:00+00:00,1.0,80.17000366210938,80.07999633789062,0.19473190868993728,transition,-321.4273159001329,signal_change,1
BZ=F,SCORE,2024-08-27 13:00:00+00:00,2024-08-27 14:00:00+00:00,-1.0,79.76999877929687,80.66000152587891,0.024912760010537525,transition,-293.8740814084713,signal_change,1
BZ=F,SCORE,2024-08-27 16:00:00+00:00,2024-08-27 17:00:00+00:00,-1.0,78.96000122070312,78.63000274658204,0.02055040487904879,transition,-391.99346818937204,signal_change,1
BZ=F,SCORE,2024-08-27 18:00:00+00:00,2024-08-27 19:00:00+00:00,-1.0,78.68999694824218,78.74999786376954,0.018504217076697468,transition,-19.384717907020757,signal_change,1
BZ=F,SCORE,2024-08-27 20:00:00+00:00,2024-08-27 22:00:00+00:00,-1.0,78.79000305175781,78.92000366210938,0.01727374574108264,transition,-28.88861778433195,signal_change,1
BZ=F,SCORE,2024-08-28 09:00:00+00:00,2024-08-28 10:00:00+00:00,-1.0,78.12999938964843,78.7400033569336,0.03909134358347011,transition,-312.4719697503619,signal_change,1
BZ=F,SCORE,2024-08-28 11:00:00+00:00,2024-08-28 12:00:00+00:00,-1.0,77.33999847412109,77.63000274658204,0.03869390470182492,transition,-154.44412304229303,signal_change,1
BZ=F,SCORE,2024-08-28 13:00:00+00:00,2024-08-28 15:00:00+00:00,-1.0,77.97000335693359,78.20999694824219,0.038481678395418245,transition,-147.95418565910174,signal_change,2
BZ=F,SCORE,2024-08-28 16:00:00+00:00,2024-08-28 17:00:00+00:00,-1.0,77.85000061035156,78.09999633789063,0.03859649127155589,range,-1208.460398590574,signal_change,1
BZ=F,SCORE,2024-08-28 18:00:00+00:00,2024-08-28 19:00:00+00:00,-1.0,77.79000305175781,78.76,0.013022688682556616,transition,202.47223411942596,signal_change,1
BZ=F,SCORE,2024-08-29 14:00:00+00:00,2024-08-29 16:00:00+00:00,1.0,79.38000274658204,78.44999908447265,0.05604974157410373,transition,-678.791786046732,signal_change,2
BZ=F,SCORE,2024-08-29 19:00:00+00:00,2024-08-29 22:00:00+00:00,1.0,78.84999633789063,78.85000061035156,0.027409787244349088,transition,-14.876520258840863,signal_change,2
BZ=F,SCORE,2024-08-30 14:00:00+00:00,2024-08-30 20:00:00+00:00,-1.0,77.00000213623046,76.96999908447266,0.04246819355737408,transition,24.848179248318118,signal_change,6
BZ=F,SCORE,2024-09-02 00:00:00+00:00,2024-09-02 01:00:00+00:00,-1.0,76.29999755859374,76.63999725341797,0.12308325743435589,transition,-607.4548443960643,signal_change,1
BZ=F,SCORE,2024-09-03 09:00:00+00:00,2024-09-03 12:00:00+00:00,-1.0,76.92000030517578,75.82999969482422,0.07701550399577164,transition,949.7697948119657,signal_change,3
BZ=F,SCORE,2024-09-03 13:00:00+00:00,2024-09-03 20:00:00+00:00,-1.0,75.36999725341796,73.77999664306641,0.05835774085332468,transition,1200.2992467522236,signal_change,7
BZ=F,SCORE,2024-09-04 08:00:00+00:00,2024-09-04 09:00:00+00:00,-1.0,72.69999908447265,73.44000030517579,0.07490810479769146,trend,-732.909288996067,signal_change,1
BZ=F,SCORE,2024-09-04 10:00:00+00:00,2024-09-04 10:00:00+00:00,-1.0,73.42000030517578,74.59833526611328,0.07983584036412078,shock,1216.5400501162349,stop,1
BZ=F,SCORE,2024-09-04 11:00:00+00:00,2024-09-04 17:00:00+00:00,-1.0,74.60000061035156,73.2400033569336,0.029536194864231095,transition,525.202779503068,signal_change,6
BZ=F,SCORE,2024-09-04 19:00:00+00:00,2024-09-04 22:00:00+00:00,-1.0,72.58999847412109,72.63000274658204,0.09195587165576416,transition,-327.9461838462799,signal_change,2
BZ=F,SCORE,2024-09-05 15:00:00+00:00,2024-09-05 15:00:00+00:00,1.0,73.96999908447266,73.20833206176758,0.12134695120403968,shock,-1300.2103802794836,stop,1
BZ=F,SCORE,2024-09-05 18:00:00+00:00,2024-09-05 19:00:00+00:00,-1.0,72.43000244140624,72.84000183105469,0.11764261587193131,range,-785.9997765197452,signal_change,1
BZ=F,SCORE,2024-09-06 15:00:00+00:00,2024-09-06 19:00:00+00:00,-1.0,71.53000091552734,71.42000366210938,0.06445076867126011,shock,76.18824788427443,signal_change,4
BZ=F,SCORE,2024-09-09 09:00:00+00:00,2024-09-09 10:00:00+00:00,-1.0,71.69999908447265,71.74999786376954,0.09723584494743504,transition,-148.7658554439597,signal_change,1
BZ=F,SCORE,2024-09-09 13:00:00+00:00,2024-09-09 16:00:00+00:00,-1.0,71.44999908447265,71.52999664306641,0.09186376942485895,transition,-35.15431599144101,signal_change,3
BZ=F,SCORE,2024-09-09 17:00:00+00:00,2024-09-09 20:00:00+00:00,1.0,71.9900033569336,71.68999694824218,0.03854301136922118,shock,-179.87778719211252,signal_change,3
BZ=F,SCORE,2024-09-10 14:00:00+00:00,2024-09-10 14:00:00+00:00,-1.0,70.86000274658203,70.52249790191651,0.0910342851018021,shock,-478.61648999225923,stop,1
BZ=F,SCORE,2024-09-10 15:00:00+00:00,2024-09-10 20:00:00+00:00,-1.0,69.49,69.63999725341797,0.06194026770167364,transition,-82.72186219573342,signal_change,5
BZ=F,SCORE,2024-09-11 14:00:00+00:00,2024-09-11 15:00:00+00:00,-1.0,69.90999816894531,70.36625267028809,0.09104706388315982,transition,1433.395507509145,stop,2
BZ=F,SCORE,2024-09-11 16:00:00+00:00,2024-09-11 20:00:00+00:00,1.0,70.45999694824219,70.44999908447265,0.03571209702219261,shock,-24.60964735581787,signal_change,4
BZ=F,SCORE,2024-09-12 06:00:00+00:00,2024-09-12 07:00:00+00:00,1.0,71.37000061035157,71.60000061035156,0.10645684705754256,transition,276.9693951415241,signal_change,1
BZ=F,SCORE,2024-09-12 10:00:00+00:00,2024-09-12 11:00:00+00:00,1.0,71.81999755859376,71.67000030517578,0.10810870741563719,transition,-283.805617665199,signal_change,1
BZ=F,SCORE,2024-09-12 15:00:00+00:00,2024-09-12 18:00:00+00:00,1.0,72.2400033569336,72.15999816894531,0.037612877286835815,shock,-62.171939397376896,signal_change,3
BZ=F,SCORE,2024-09-12 19:00:00+00:00,2024-09-12 22:00:00+00:00,1.0,72.16000152587891,72.36000274658203,0.12485565716334947,transition,269.9494599655355,signal_change,2
BZ=F,SCORE,2024-09-13 09:00:00+00:00,2024-09-13 11:00:00+00:00,1.0,72.55000091552735,72.65999816894531,0.1347402237323812,transition,124.84871059848788,signal_change,2
BZ=F,SCORE,2024-09-13 13:00:00+00:00,2024-09-13 15:00:00+00:00,1.0,72.88999725341797,72.3275015258789,0.139040471606475,transition,-1135.0804236965832,stop,3
BZ=F,SCORE,2024-09-13 16:00:00+00:00,2024-09-13 17:00:00+00:00,1.0,72.3599984741211,71.90999816894531,0.054117032869740865,shock,-361.8809933301759,signal_change,1
BZ=F,SCORE,2024-09-13 18:00:00+00:00,2024-09-13 19:00:00+00:00,-1.0,71.72000335693359,71.87000061035157,0.1551581698686318,transition,-492.22244485893134,signal_change,1
BZ=F,SCORE,2024-09-16 18:00:00+00:00,2024-09-16 20:00:00+00:00,1.0,72.89999938964844,72.92000030517578,0.12476560340610751,transition,-36.373152462774215,signal_change,2
BZ=F,SCORE,2024-09-17 09:00:00+00:00,2024-09-17 10:00:00+00:00,1.0,72.88999725341797,72.30999969482421,0.13400015258806308,range,-1124.0253061818185,signal_change,1
BZ=F,SCORE,2024-09-17 14:00:00+00:00,2024-09-17 15:00:00+00:00,1.0,73.24999786376954,73.22000335693359,0.14053636677209455,transition,-135.20028259520927,signal_change,1
BZ=F,SCORE,2024-09-17 16:00:00+00:00,2024-09-17 18:00:00+00:00,1.0,73.76,73.79000305175781,0.14651726428625347,transition,-22.16402408462511,signal_change,2
BZ=F,SCORE,2024-09-17 19:00:00+00:00,2024-09-17 20:00:00+00:00,1.0,73.87000061035157,73.82999633789062,0.14941272284542007,transition,-163.0666969574686,signal_change,1
BZ=F,SCORE,2024-09-18 14:00:00+00:00,2024-09-18 15:00:00+00:00,1.0,73.44000030517579,72.76999782562255,0.1330611178681999,shock,-1265.8084834931544,stop,2
BZ=F,SCORE,2024-09-18 19:00:00+00:00,2024-09-18 20:00:00+00:00,-1.0,73.22000335693359,72.84000183105469,0.11718318852253695,transition,624.4271329682454,signal_change,1
BZ=F,SCORE,2024-09-19 08:00:00+00:00,2024-09-19 09:00:00+00:00,1.0,74.55000091552735,74.42000030517578,0.1047604694545095,transition,-237.4035146728309,signal_change,1
BZ=F,SCORE,2024-09-19 13:00:00+00:00,2024-09-19 17:00:00+00:00,1.0,74.64999938964844,74.86000274658203,0.10485857897365841,transition,236.51185165627658,signal_change,4
BZ=F,SCORE,2024-09-19 18:00:00+00:00,2024-09-19 19:00:00+00:00,1.0,74.78999877929688,74.71000122070312,0.11296885635113091,transition,-181.34654845711,signal_change,1
BZ=F,SCORE,2024-09-20 14:00:00+00:00,2024-09-20 14:00:00+00:00,-1.0,74.05999969482421,74.62333488464355,0.16843316431523542,transition,1162.0180942988775,stop,1
BZ=F,SCORE,2024-09-20 15:00:00+00:00,2024-09-20 16:00:00+00:00,1.0,74.59999633789063,74.47000335693359,0.16451341712529016,transition,-373.1207403256631,signal_change,1
BZ=F,SCORE,2024-09-22 22:00:00+00:00,2024-09-22 22:00:00+00:00,-1.0,74.75000213623046,74.70625663757325,0.04667990157281035,transition,-52.80125108911476,stop,1
BZ=F,SCORE,2024-09-23 16:00:00+00:00,2024-09-23 18:00:00+00:00,-1.0,72.82999633789062,73.17999816894532,0.05013305601518601,transition,-277.98048383940073,signal_change,2
BZ=F,SCORE,2024-09-23 19:00:00+00:00,2024-09-23 20:00:00+00:00,-1.0,73.18999694824218,73.38000274658204,0.05177331317966159,transition,-160.91171861812253,signal_change,1
BZ=F,SCORE,2024-09-24 10:00:00+00:00,2024-09-24 11:00:00+00:00,1.0,75.70999694824219,75.47000335693359,0.08502252447048164,transition,-311.45078533471906,signal_change,1
BZ=F,SCORE,2024-09-24 16:00:00+00:00,2024-09-24 17:00:00+00:00,1.0,75.07999969482422,74.90999816894531,0.09494091083657884,transition,-263.54701698880154,signal_change,1
BZ=F,SCORE,2024-09-24 18:00:00+00:00,2024-09-24 20:00:00+00:00,1.0,74.95999694824219,75.12999938964843,0.09835663614685428,transition,164.29937165435018,signal_change,2
BZ=F,SCORE,2024-09-24 22:00:00+00:00,2024-09-24 23:00:00+00:00,1.0,75.13999725341797,75.17000030517578,0.10037862719574764,transition,-16.41861064213586,signal_change,1
BZ=F,SCORE,2024-09-25 09:00:00+00:00,2024-09-25 09:00:00+00:00,1.0,75.26,74.25249926249187,0.09288214028259971,transition,-1270.4852315877467,stop,1
BZ=F,SCORE,2024-09-25 10:00:00+00:00,2024-09-25 11:00:00+00:00,-1.0,74.76999877929687,74.06000305175782,0.09435844440886512,transition,874.2655436841216,signal_change,1
BZ=F,SCORE,2024-09-25 12:00:00+00:00,2024-09-25 13:00:00+00:00,-1.0,73.47999786376953,74.48999849955241,0.09173744091196637,shock,1406.2307146012918,stop,2
BZ=F,SCORE,2024-09-25 15:00:00+00:00,2024-09-25 16:00:00+00:00,-1.0,73.7599966430664,73.34999633789063,0.02918681962921172,transition,-314.7843863500193,signal_change,1
BZ=F,SCORE,2024-09-25 17:00:00+00:00,2024-09-25 19:00:00+00:00,-1.0,73.0099966430664,72.95999694824219,0.025709426271170774,transition,-362.9667035879128,signal_change,2
BZ=F,SCORE,2024-09-25 22:00:00+00:00,2024-09-25 23:00:00+00:00,-1.0,73.08999847412109,72.88999725341797,0.02291677343072838,transition,97.87947948877252,signal_change,1
BZ=F,SCORE,2024-09-26 06:00:00+00:00,2024-09-26 08:00:00+00:00,-1.0,71.30999969482421,71.45999694824219,0.04520283983508139,transition,-143.81929255418464,signal_change,2
BZ=F,SCORE,2024-09-26 12:00:00+00:00,2024-09-26 13:00:00+00:00,-1.0,70.86999725341796,71.38999725341797,0.04210857931779642,transition,-292.11383016476026,signal_change,1
BZ=F,SCORE,2024-09-26 15:00:00+00:00,2024-09-26 16:00:00+00:00,-1.0,71.40999816894531,71.6099984741211,0.014887119399196876,transition,-45.248268929314186,signal_change,1
BZ=F,SCORE,2024-09-26 19:00:00+00:00,2024-09-26 20:00:00+00:00,-1.0,70.94999908447265,70.74999786376954,0.047790532954338084,transition,131.2134224033035,signal_change,1
BZ=F,SCORE,2024-09-27 14:00:00+00:00,2024-09-27 15:00:00+00:00,-1.0,70.69999908447265,71.30000091552735,0.10964623448003874,range,-883.8566742289748,signal_change,1
BZ=F,SCORE,2024-09-27 19:00:00+00:00,2024-09-27 20:00:00+00:00,1.0,71.6099984741211,71.86000274658203,0.10624152215270986,transition,303.1843905561853,signal_change,1
BZ=F,SCORE,2024-09-30 15:00:00+00:00,2024-09-30 17:00:00+00:00,1.0,72.20000244140626,71.83999847412109,0.08084824821881384,transition,-438.6972545192145,signal_change,2
BZ=F,SCORE,2024-09-30 19:00:00+00:00,2024-09-30 20:00:00+00:00,1.0,71.88999725341797,71.74,0.08889759664634261,range,-232.05373417884744,signal_change,1
BZ=F,SCORE,2024-10-01 08:00:00+00:00,2024-10-01 10:00:00+00:00,-1.0,70.92000030517578,70.70000244140626,0.11125685096221628,transition,514.4746353598218,signal_change,2
BZ=F,SCORE,2024-10-01 14:00:00+00:00,2024-10-01 18:00:00+00:00,1.0,73.6099984741211,73.7599966430664,0.02967398012628393,shock,47.71601927499833,signal_change,4
BZ=F,SCORE,2024-10-01 19:00:00+00:00,2024-10-01 22:00:00+00:00,1.0,73.80000091552735,74.3900015258789,0.07634128334653001,transition,554.3036716764408,signal_change,2
BZ=F,SCORE,2024-10-02 14:00:00+00:00,2024-10-02 14:00:00+00:00,1.0,75.81999755859376,74.6458314259847,0.08007877885941318,shock,-1259.9402767511178,stop,1
BZ=F,SCORE,2024-10-02 15:00:00+00:00,2024-10-02 16:00:00+00:00,1.0,74.56000305175782,73.6400015258789,0.027229774567340475,shock,-344.1407286696237,signal_change,1
BZ=F,SCORE,2024-10-02 19:00:00+00:00,2024-10-02 20:00:00+00:00,1.0,74.23000122070313,74.65999816894531,0.09405556783349829,transition,480.9417296125488,signal_change,1
BZ=F,SCORE,2024-10-03 15:00:00+00:00,2024-10-03 22:00:00+00:00,1.0,76.57999969482422,77.97999786376953,0.03163578923011245,transition,546.068845235761,signal_change,6
BZ=F,SCORE,2024-10-04 08:00:00+00:00,2024-10-04 10:00:00+00:00,1.0,78.2400033569336,78.28000091552734,0.08918189416056074,trend,-3.2534935672303007,signal_change,2
BZ=F,SCORE,2024-10-04 12:00:00+00:00,2024-10-04 18:00:00+00:00,1.0,78.74999786376954,78.00250457763671,0.09775018262897993,trend,-950.7727691294152,stop,7
BZ=F,SCORE,2024-10-07 15:00:00+00:00,2024-10-07 18:00:00+00:00,1.0,79.71999908447266,80.71000122070312,0.09054934217841497,transition,1052.5365259427876,signal_change,3
BZ=F,SCORE,2024-10-07 19:00:00+00:00,2024-10-07 20:00:00+00:00,1.0,81.1099984741211,81.05999969482421,0.10011121974376509,transition,-114.08073074951584,signal_change,1
BZ=F,SCORE,2024-10-08 14:00:00+00:00,2024-10-08 20:00:00+00:00,-1.0,78.10000061035156,77.52999664306641,0.026548762704032954,transition,164.28692517654846,signal_change,6
BZ=F,SCORE,2024-10-09 13:00:00+00:00,2024-10-09 16:00:00+00:00,-1.0,76.79000305175781,76.70999694824219,0.0717119313499159,transition,151.1800217534705,signal_change,3
BZ=F,SCORE,2024-10-10 13:00:00+00:00,2024-10-10 20:00:00+00:00,1.0,78.01,79.40000366210937,0.09583004418409875,transition,1614.407154115214,signal_change,7
BZ=F,SCORE,2024-10-11 14:00:00+00:00,2024-10-11 17:00:00+00:00,1.0,78.69000030517579,78.93999694824218,0.03550784983023796,transition,93.45165126076435,signal_change,3
BZ=F,SCORE,2024-10-14 07:00:00+00:00,2024-10-14 08:00:00+00:00,-1.0,77.93999694824218,77.7400033569336,0.10021484955414339,transition,298.78031505737255,signal_change,1
BZ=F,SCORE,2024-10-14 10:00:00+00:00,2024-10-14 11:00:00+00:00,-1.0,76.94999908447265,77.20000244140626,0.10017289535201433,transition,-374.5677962581558,signal_change,1
BZ=F,SCORE,2024-10-14 13:00:00+00:00,2024-10-14 17:00:00+00:00,-1.0,77.32999633789062,77.63000274658204,0.09742487916961776,transition,-380.74251491432227,signal_change,4
BZ=F,SCORE,2024-10-14 19:00:00+00:00,2024-10-14 20:00:00+00:00,-1.0,77.49,77.57999969482422,0.1043541739938445,transition,-149.62759467127165,signal_change,1
BZ=F,SCORE,2024-10-14 22:00:00+00:00,2024-10-14 23:00:00+00:00,-1.0,75.19999908447265,75.56999755859376,0.030051152188084383,shock,-106.94422840275081,signal_change,1
BZ=F,SCORE,2024-10-15 02:00:00+00:00,2024-10-15 03:00:00+00:00,-1.0,75.11999725341796,75.13000274658204,0.09120134106806448,transition,-110.18936283217161,signal_change,1
BZ=F,SCORE,2024-10-15 06:00:00+00:00,2024-10-15 07:00:00+00:00,-1.0,74.51999877929687,74.76,0.08611738233639603,transition,-297.3539435080632,signal_change,1
BZ=F,SCORE,2024-10-15 08:00:00+00:00,2024-10-15 20:00:00+00:00,-1.0,74.49,74.59999633789063,0.08343458689337932,transition,-185.28980899267424,signal_change,12
BZ=F,SCORE,2024-10-16 16:00:00+00:00,2024-10-16 17:00:00+00:00,1.0,74.19000030517579,74.11000274658203,0.04054531861071883,transition,-65.5129749899202,signal_change,1
BZ=F,SCORE,2024-10-17 15:00:00+00:00,2024-10-17 16:00:00+00:00,1.0,74.30000091552735,74.19999908447265,0.13132081710136842,shock,-246.58559081801275,signal_change,1
BZ=F,SCORE,2024-10-18 14:00:00+00:00,2024-10-18 16:00:00+00:00,-1.0,73.43999694824218,73.69874835968018,0.11590049130418267,shock,1953.4311855402925,stop,3
BZ=F,SCORE,2024-10-18 17:00:00+00:00,2024-10-18 20:00:00+00:00,-1.0,73.42000030517578,73.27000213623047,0.040128138204728006,transition,57.16677758126637,signal_change,3
BZ=F,SCORE,2024-10-21 16:00:00+00:00,2024-10-21 20:00:00+00:00,1.0,74.14999938964844,74.04000305175781,0.12286458039475913,transition,-246.65618998611257,signal_change,4
BZ=F,SCORE,2024-10-22 10:00:00+00:00,2024-10-22 11:00:00+00:00,1.0,74.77999664306641,74.92000030517578,0.1401437173883057,transition,179.5658600852433,signal_change,1
BZ=F,SCORE,2024-10-22 14:00:00+00:00,2024-10-22 18:00:00+00:00,1.0,75.39999938964844,75.79999755859374,0.04177322646542409,transition,194.87022258692076,signal_change,4
BZ=F,SCORE,2024-10-22 19:00:00+00:00,2024-10-22 20:00:00+00:00,1.0,75.95999694824219,75.75000213623046,0.12462156322100625,transition,-407.4061068992147,signal_change,1
BZ=F,SCORE,2024-10-23 04:00:00+00:00,2024-10-23 05:00:00+00:00,1.0,75.88999725341797,75.94999908447265,0.13091349514043754,transition,29.180729699216464,signal_change,1
BZ=F,SCORE,2024-10-23 16:00:00+00:00,2024-10-23 17:00:00+00:00,-1.0,74.93999694824218,74.84999633789063,0.13861074272430834,transition,86.247753600448,signal_change,1
BZ=F,SCORE,2024-10-23 18:00:00+00:00,2024-10-23 19:00:00+00:00,-1.0,75.03000091552734,75.01,0.1434754093734278,transition,32.86155741682415,signal_change,1
BZ=F,SCORE,2024-10-24 15:00:00+00:00,2024-10-24 18:00:00+00:00,-1.0,74.44999908447265,74.34000183105469,0.04285469307489129,transition,71.8812028996916,signal_change,3
BZ=F,SCORE,2024-10-25 10:00:00+00:00,2024-10-25 11:00:00+00:00,-1.0,74.36999725341796,74.49999786376954,0.11261290860714102,transition,-1293.2395454583054,signal_change,1
BZ=F,SCORE,2024-10-25 12:00:00+00:00,2024-10-25 13:00:00+00:00,-1.0,74.8900015258789,74.95000244140626,0.1127484071607746,transition,-121.7499559075105,signal_change,1
BZ=F,SCORE,2024-10-25 15:00:00+00:00,2024-10-25 15:00:00+00:00,-1.0,74.80999969482421,75.70916430155437,0.03731592344846572,shock,419.0779681545284,stop,1
BZ=F,SCORE,2024-10-25 17:00:00+00:00,2024-10-25 18:00:00+00:00,1.0,75.57999969482422,75.46000122070312,0.035191743224690694,transition,-73.57792211087146,signal_change,1
BZ=F,SCORE,2024-10-25 19:00:00+00:00,2024-10-25 20:00:00+00:00,1.0,75.63000274658204,75.93999694824218,0.03295787577949141,transition,114.30995399240464,signal_change,1
BZ=F,SCORE,2024-10-27 23:00:00+00:00,2024-10-28 00:00:00+00:00,-1.0,72.78000091552734,72.98000122070313,0.02333083868018026,shock,-69.76041812804019,signal_change,1
BZ=F,SCORE,2024-10-28 08:00:00+00:00,2024-10-28 11:00:00+00:00,-1.0,72.50000213623046,71.70000244140626,0.05363728680787226,transition,588.8656707262007,signal_change,3
BZ=F,SCORE,2024-10-28 12:00:00+00:00,2024-10-28 14:00:00+00:00,-1.0,71.22000335693359,72.09999633789063,0.050798410408565586,transition,-632.8376134569471,signal_change,2
BZ=F,SCORE,2024-10-28 16:00:00+00:00,2024-10-28 20:00:00+00:00,-1.0,71.68999694824218,71.59000183105469,0.050440479471963055,transition,66.56777965244622,signal_change,4
BZ=F,SCORE,2024-10-29 15:00:00+00:00,2024-10-29 18:00:00+00:00,-1.0,71.07999633789062,70.78999877929688,0.09834859680995697,transition,363.8564868190996,signal_change,3
BZ=F,SCORE,2024-10-29 19:00:00+00:00,2024-10-29 20:00:00+00:00,-1.0,70.68000244140624,70.81999755859376,0.1264461715502263,transition,-282.98033452625623,signal_change,1
BZ=F,SCORE,2024-10-30 15:00:00+00:00,2024-10-30 18:00:00+00:00,1.0,72.02999664306641,71.92000030517578,0.13343380275089628,transition,-272.8594429835973,signal_change,3
BZ=F,SCORE,2024-10-30 19:00:00+00:00,2024-10-30 20:00:00+00:00,1.0,72.27999664306641,72.43000244140624,0.13946752310613889,transition,205.00840146663973,signal_change,1
BZ=F,SCORE,2024-10-31 09:00:00+00:00,2024-10-31 10:00:00+00:00,1.0,72.31999755859376,72.46000122070312,0.13369008037612085,transition,178.28834846119406,signal_change,1
BZ=F,SCORE,2024-10-31 14:00:00+00:00,2024-10-31 18:00:00+00:00,1.0,72.87000061035157,73.04749702453613,0.14255872553227,transition,262.1759501720672,stop,5
BZ=F,SCORE,2024-10-31 19:00:00+00:00,2024-10-31 20:00:00+00:00,1.0,74.02999664306641,74.07999633789062,0.04732663433301281,shock,4.90259576012599,signal_change,1
BZ=F,SCORE,2024-11-01 08:00:00+00:00,2024-11-01 11:00:00+00:00,1.0,74.3599984741211,74.15000366210937,0.11988723971791734,trend,-394.81225810646464,signal_change,3
BZ=F,SCORE,2024-11-01 13:00:00+00:00,2024-11-01 14:00:00+00:00,1.0,74.38999725341797,73.61999575297038,0.12245041112483991,transition,-1310.9206596842064,stop,2
BZ=F,SCORE,2024-11-01 15:00:00+00:00,2024-11-01 16:00:00+00:00,1.0,73.89999938964844,73.72999786376953,0.11276734905923774,transition,-317.2633079910628,signal_change,1
BZ=F,SCORE,2024-11-04 17:00:00+00:00,2024-11-04 23:00:00+00:00,1.0,74.88999725341797,75.18999694824218,0.1087354325443495,transition,366.1710832553536,signal_change,5
BZ=F,SCORE,2024-11-05 02:00:00+00:00,2024-11-05 03:00:00+00:00,1.0,75.03999877929688,75.18000244140624,0.05289394866025773,shock,67.31779083049447,signal_change,1
BZ=F,SCORE,2024-11-05 04:00:00+00:00,2024-11-05 05:00:00+00:00,1.0,75.23000122070313,75.15000366210937,0.15747846249090283,transition,-251.42515332047626,signal_change,1
BZ=F,SCORE,2024-11-05 09:00:00+00:00,2024-11-05 11:00:00+00:00,1.0,75.23000122070313,75.36000274658203,0.15879321746257813,transition,181.41936824616087,signal_change,2
BZ=F,SCORE,2024-11-05 15:00:00+00:00,2024-11-05 18:00:00+00:00,1.0,75.71999908447266,75.38625167846679,0.05798638384391724,transition,-281.08800245961936,stop,4
BZ=F,SCORE,2024-11-05 20:00:00+00:00,2024-11-05 21:00:00+00:00,1.0,75.6099984741211,75.57999633789062,0.15704290212819916,transition,-147.87471891692024,signal_change,1
BZ=F,SCORE,2024-11-06 06:00:00+00:00,2024-11-06 07:00:00+00:00,-1.0,74.18000244140624,74.30000091552735,0.12573937158194673,transition,-169.75661925309294,signal_change,1
BZ=F,SCORE,2024-11-06 09:00:00+00:00,2024-11-06 10:00:00+00:00,-1.0,74.32000183105468,74.67999816894532,0.10863396197122707,transition,-746.8761490219848,signal_change,1
BZ=F,SCORE,2024-11-06 13:00:00+00:00,2024-11-06 14:00:00+00:00,-1.0,74.04000305175781,74.78874755859376,0.09665360724412476,transition,1907.1608891679223,stop,2
BZ=F,SCORE,2024-11-06 15:00:00+00:00,2024-11-06 15:00:00+00:00,-1.0,74.79000305175781,75.89750162760417,0.03024832972814526,shock,422.3308685150333,stop,1
BZ=F,SCORE,2024-11-06 17:00:00+00:00,2024-11-06 18:00:00+00:00,-1.0,75.26999877929687,75.34000183105469,0.028811932622330193,transition,-49.76225836064035,signal_change,1
BZ=F,SCORE,2024-11-06 19:00:00+00:00,2024-11-06 20:00:00+00:00,-1.0,74.93999694824218,75.06000305175782,0.0838636941190516,range,-112.48832727772091,signal_change,1
BZ=F,SCORE,2024-11-07 15:00:00+00:00,2024-11-07 17:00:00+00:00,1.0,74.63000274658204,75.15999816894531,0.11199876013098493,shock,716.4231391697333,signal_change,2
BZ=F,SCORE,2024-11-07 18:00:00+00:00,2024-11-07 19:00:00+00:00,1.0,75.8599984741211,75.80999969482421,0.04394112705944767,transition,-52.73043973261074,signal_change,1
BZ=F,SCORE,2024-11-07 20:00:00+00:00,2024-11-07 21:00:00+00:00,1.0,75.59000183105469,75.35000061035156,0.12756726932356957,transition,-468.12522065743,signal_change,1
BZ=F,SCORE,2024-11-08 15:00:00+00:00,2024-11-08 21:00:00+00:00,-1.0,74.19999908447265,73.95000244140626,0.12400205189348971,transition,366.55743372586113,signal_change,6
BZ=F,SCORE,2024-11-11 10:00:00+00:00,2024-11-11 12:00:00+00:00,-1.0,73.10000061035156,72.87000061035157,0.12240483988090607,transition,374.2768943791552,signal_change,2
BZ=F,SCORE,2024-11-11 13:00:00+00:00,2024-11-11 18:00:00+00:00,-1.0,72.40999816894531,71.84999633789063,0.12023314969711031,transition,811.7077999092967,signal_change,5
BZ=F,SCORE,2024-11-11 20:00:00+00:00,2024-11-11 21:00:00+00:00,-1.0,71.96000122070312,72.01,0.13791184105139462,trend,-97.11071590675414,signal_change,1
BZ=F,SCORE,2024-11-12 15:00:00+00:00,2024-11-12 15:00:00+00:00,1.0,72.64999938964844,71.99999809265137,0.14037081464483153,shock,-1313.0143832111441,stop,1
BZ=F,SCORE,2024-11-12 18:00:00+00:00,2024-11-12 19:00:00+00:00,1.0,72.17999816894532,71.80999969482421,0.13671298030980328,transition,-764.9301319149083,signal_change,1
BZ=F,SCORE,2024-11-12 20:00:00+00:00,2024-11-12 21:00:00+00:00,1.0,72.06000305175782,71.7599966430664,0.13458736935866417,transition,-625.5453713026623,signal_change,1
BZ=F,SCORE,2024-11-13 14:00:00+00:00,2024-11-13 16:00:00+00:00,-1.0,71.74,71.90625072479249,0.12114579083308177,shock,218.00945789857013,stop,3
BZ=F,SCORE,2024-11-14 14:00:00+00:00,2024-11-14 17:00:00+00:00,1.0,73.05000091552735,72.29250272115071,0.12219093009943754,transition,-1313.5358871894389,stop,4
BZ=F,SCORE,2024-11-15 14:00:00+00:00,2024-11-15 21:00:00+00:00,-1.0,71.85000061035156,71.07999969482422,0.13333310727758235,transition,1392.1584873482138,signal_change,7
BZ=F,SCORE,2024-11-17 23:00:00+00:00,2024-11-18 00:00:00+00:00,-1.0,70.86999725341796,70.88000274658204,0.13189222946142656,transition,-57.01059288169018,signal_change,1
BZ=F,SCORE,2024-11-18 16:00:00+00:00,2024-11-18 17:00:00+00:00,1.0,73.02999664306641,73.03000091552734,0.04049758792123766,transition,-22.76438342669281,signal_change,1
BZ=F,SCORE,2024-11-18 18:00:00+00:00,2024-11-18 21:00:00+00:00,1.0,73.02000213623047,73.26999877929687,0.12913029036491952,transition,360.5462923967824,signal_change,3
BZ=F,SCORE,2024-11-19 01:00:00+00:00,2024-11-19 02:00:00+00:00,1.0,73.17000366210938,73.36000274658203,0.13408624453235424,trend,266.0625205474995,signal_change,1
BZ=F,SCORE,2024-11-19 10:00:00+00:00,2024-11-19 11:00:00+00:00,1.0,73.02999664306641,72.96000122070312,0.13913577589967602,transition,-209.04768211083456,signal_change,1
BZ=F,SCORE,2024-11-19 14:00:00+00:00,2024-11-19 15:00:00+00:00,1.0,73.2400033569336,72.7962515258789,0.1303300203690175,transition,-839.2884218019709,stop,2
BZ=F,SCORE,2024-11-19 16:00:00+00:00,2024-11-19 21:00:00+00:00,1.0,73.38000274658204,73.40999816894531,0.045737408799399096,shock,-6.932075670521176,signal_change,5
BZ=F,SCORE,2024-11-20 09:00:00+00:00,2024-11-20 10:00:00+00:00,1.0,73.81000305175782,73.57999633789062,0.1369912280950853,transition,-494.81041622079135,signal_change,1
BZ=F,SCORE,2024-11-20 13:00:00+00:00,2024-11-20 15:00:00+00:00,1.0,73.8599984741211,73.51999877929687,0.14499317450109447,transition,-734.5589475271465,signal_change,2
BZ=F,SCORE,2024-11-21 12:00:00+00:00,2024-11-21 13:00:00+00:00,1.0,74.28999877929688,74.10000061035156,0.16304179368284455,transition,-498.74782235893304,signal_change,1
BZ=F,SCORE,2024-11-21 16:00:00+00:00,2024-11-21 17:00:00+00:00,1.0,74.02999664306641,73.71000122070312,0.16437547400174807,transition,-786.5107784468139,signal_change,1
BZ=F,SCORE,2024-11-21 19:00:00+00:00,2024-11-21 23:00:00+00:00,1.0,73.89999938964844,74.28000091552734,0.16602776476527467,transition,741.5492529387444,signal_change,3
BZ=F,SCORE,2024-11-22 12:00:00+00:00,2024-11-22 14:00:00+00:00,-1.0,73.36999725341796,73.34999633789063,0.04027560374733949,shock,-504.05973023887407,signal_change,2
BZ=F,SCORE,2024-11-25 13:00:00+00:00,2024-11-25 14:00:00+00:00,1.0,75.17999816894532,74.75000213623046,0.0527167602481886,transition,-318.9197475367062,signal_change,1
BZ=F,SCORE,2024-11-25 16:00:00+00:00,2024-11-25 18:00:00+00:00,-1.0,72.53000091552734,72.52000213623047,0.048714777225227934,shock,-713.6465935286836,signal_change,2
BZ=F,SCORE,2024-11-25 20:00:00+00:00,2024-11-25 21:00:00+00:00,-1.0,73.01999877929687,73.16000152587891,0.017262250325320846,transition,217.2108036594911,signal_change,1
BZ=F,SCORE,2024-11-26 00:00:00+00:00,2024-11-26 01:00:00+00:00,-1.0,72.74,72.21999908447266,0.01739885590222975,shock,-163.7580986890374,signal_change,1
BZ=F,SCORE,2024-11-26 13:00:00+00:00,2024-11-26 14:00:00+00:00,-1.0,72.79000305175781,73.06000305175782,0.04871498967538263,transition,-177.58655642468437,signal_change,1
BZ=F,SCORE,2024-11-26 15:00:00+00:00,2024-11-26 16:00:00+00:00,-1.0,73.65000366210937,73.13000274658204,0.049815150573907264,range,-384.20926059155676,signal_change,1
BZ=F,SCORE,2024-11-26 17:00:00+00:00,2024-11-26 20:00:00+00:00,-1.0,72.68000244140624,72.70000244140626,0.04919176004832645,transition,618.9140887792571,signal_change,3
BZ=F,SCORE,2024-11-27 18:00:00+00:00,2024-11-27 19:00:00+00:00,-1.0,71.75000213623046,71.88000274658204,0.018772017067829876,shock,-38.69603716768313,signal_change,1
BZ=F,SCORE,2024-12-02 09:00:00+00:00,2024-12-02 11:00:00+00:00,1.0,72.44000030517579,72.54000305175781,0.09071273031293312,transition,71.29036806004414,signal_change,2
BZ=F,SCORE,2024-12-02 15:00:00+00:00,2024-12-02 16:00:00+00:00,-1.0,72.04999755859374,72.27999664306641,0.03475486252396416,range,-137.28071235972084,signal_change,1
BZ=F,SCORE,2024-12-02 17:00:00+00:00,2024-12-02 18:00:00+00:00,-1.0,71.57000183105468,71.80000091552735,0.0997223391750072,transition,-369.1208758999649,signal_change,1
BZ=F,SCORE,2024-12-03 16:00:00+00:00,2024-12-03 21:00:00+00:00,1.0,73.38999725341797,73.62999938964843,0.15902217692137963,shock,419.556804670145,signal_change,5
BZ=F,SCORE,2024-12-03 23:00:00+00:00,2024-12-04 00:00:00+00:00,1.0,73.81999755859376,73.69999908447265,0.16852218118042214,transition,-361.3012114461662,signal_change,1
BZ=F,SCORE,2024-12-04 05:00:00+00:00,2024-12-04 07:00:00+00:00,1.0,73.84000183105469,73.83999847412109,0.16910013430135923,trend,-94.17848805275865,signal_change,2
BZ=F,SCORE,2024-12-04 09:00:00+00:00,2024-12-04 11:00:00+00:00,1.0,73.71999908447266,74.00000213623046,0.16939090214449617,transition,533.9879774646247,signal_change,2
BZ=F,SCORE,2024-12-04 13:00:00+00:00,2024-12-04 16:00:00+00:00,1.0,73.77000213623047,73.30625175476074,0.16920797042202576,transition,-1132.7209418470204,stop,4
BZ=F,SCORE,2024-12-04 18:00:00+00:00,2024-12-04 21:00:00+00:00,-1.0,72.58999847412109,72.57999969482422,0.0555396897367514,transition,20.648857752309357,signal_change,3
BZ=F,SCORE,2024-12-05 12:00:00+00:00,2024-12-05 12:00:00+00:00,-1.0,71.8900015258789,72.58083152770996,0.09291967524954406,shock,818.324612374242,stop,1
BZ=F,SCORE,2024-12-05 13:00:00+00:00,2024-12-05 19:00:00+00:00,-1.0,72.29000305175781,72.37000061035157,0.045259671473627396,shock,-52.30277274919095,signal_change,6
BZ=F,SCORE,2024-12-06 11:00:00+00:00,2024-12-06 13:00:00+00:00,-1.0,71.47999786376953,71.30000091552735,0.12908333072577782,transition,208.92374852530995,signal_change,2
BZ=F,SCORE,2024-12-06 14:00:00+00:00,2024-12-06 16:00:00+00:00,-1.0,71.22000335693359,71.16000152587891,0.05432645502763019,shock,-1.1380494402633126,signal_change,2
BZ=F,SCORE,2024-12-06 20:00:00+00:00,2024-12-06 21:00:00+00:00,-1.0,70.99,71.06999755859376,0.18377600079977166,transition,-255.91317104188582,signal_change,1
BZ=F,SCORE,2024-12-09 15:00:00+00:00,2024-12-09 19:00:00+00:00,1.0,72.27000213623047,72.2599966430664,0.1744140370986763,transition,-121.04773367966314,signal_change,4
BZ=F,SCORE,2024-12-09 20:00:00+00:00,2024-12-09 21:00:00+00:00,1.0,72.09000183105469,71.90000366210937,0.186967422291097,transition,-586.1915901037449,signal_change,1
BZ=F,SCORE,2024-12-10 09:00:00+00:00,2024-12-10 10:00:00+00:00,1.0,72.19000030517579,72.0099966430664,0.19971307331395668,range,-598.018805609859,signal_change,1
BZ=F,SCORE,2024-12-10 14:00:00+00:00,2024-12-10 15:00:00+00:00,1.0,72.05000091552735,72.07000183105468,0.1958968483117881,range,-57.239030810285485,signal_change,1
BZ=F,SCORE,2024-12-10 17:00:00+00:00,2024-12-10 18:00:00+00:00,1.0,72.69000030517579,72.53000091552734,0.2011548566424247,transition,-544.2413639387827,signal_change,1
BZ=F,SCORE,2024-12-10 20:00:00+00:00,2024-12-10 21:00:00+00:00,-1.0,72.0099966430664,71.99999786376954,0.18911510602961157,transition,-29.677116408230646,signal_change,1
BZ=F,SCORE,2024-12-11 09:00:00+00:00,2024-12-11 10:00:00+00:00,1.0,72.53999877929688,72.85000061035156,0.17179201554665197,transition,618.5663316686897,signal_change,1
BZ=F,SCORE,2024-12-11 14:00:00+00:00,2024-12-11 21:00:00+00:00,1.0,72.95000244140626,73.54999755859374,0.17677654688921263,transition,1315.950146644184,signal_change,7
BZ=F,SCORE,2024-12-11 23:00:00+00:00,2024-12-12 00:00:00+00:00,1.0,73.59999633789063,73.60000061035156,0.18409882800529476,trend,-102.65144986471316,signal_change,1
BZ=F,SCORE,2024-12-12 03:00:00+00:00,2024-12-12 04:00:00+00:00,1.0,73.62000061035157,73.57000183105468,0.1906207315482316,transition,-232.63426676472633,signal_change,1
BZ=F,SCORE,2024-12-12 05:00:00+00:00,2024-12-12 06:00:00+00:00,1.0,73.66000152587891,73.74,0.18811135100628382,transition,94.41702919832194,signal_change,1
BZ=F,SCORE,2024-12-12 08:00:00+00:00,2024-12-12 11:00:00+00:00,1.0,73.82999969482422,73.46000122070312,0.19589987221515304,trend,-1067.0433117795592,signal_change,3
BZ=F,SCORE,2024-12-12 12:00:00+00:00,2024-12-12 14:00:00+00:00,1.0,73.59999633789063,73.13582611083984,0.20237455693863496,transition,-1357.8787878566388,stop,3
BZ=F,SCORE,2024-12-12 16:00:00+00:00,2024-12-12 17:00:00+00:00,-1.0,72.58999847412109,73.03999877929688,0.17663610209056532,range,-1022.6190227147316,signal_change,1
BZ=F,SCORE,2024-12-13 16:00:00+00:00,2024-12-13 21:00:00+00:00,1.0,74.09000183105469,74.35000061035156,0.1618869873821401,transition,462.8444020831877,signal_change,5
BZ=F,SCORE,2024-12-16 02:00:00+00:00,2024-12-16 03:00:00+00:00,1.0,74.34999633789063,74.19999908447265,0.19297290167833997,transition,-485.503718978847,signal_change,1
BZ=F,SCORE,2024-12-16 15:00:00+00:00,2024-12-16 17:00:00+00:00,1.0,74.03999877929688,73.78000091552734,0.07457646051625783,transition,-295.4546369425142,signal_change,2
BZ=F,SCORE,2024-12-16 17:00:00+00:00,2024-12-16 18:00:00+00:00,-1.0,73.78000091552734,74.12000061035157,0.21094002579815765,transition,-1005.9965798843498,signal_change,1
BZ=F,SCORE,2024-12-16 20:00:00+00:00,2024-12-16 21:00:00+00:00,-1.0,73.78000091552734,73.80000091552735,0.20459378675444015,transition,-113.41038413268669,signal_change,1
BZ=F,SCORE,2024-12-17 09:00:00+00:00,2024-12-17 10:00:00+00:00,-1.0,73.32999633789062,73.49999786376954,0.06641595220117527,transition,-186.34613518201513,signal_change,1
BZ=F,SCORE,2024-12-17 12:00:00+00:00,2024-12-17 18:00:00+00:00,-1.0,73.18000244140624,73.07999969482422,0.18313074196395704,transition,135.15727819165414,signal_change,6
BZ=F,SCORE,2024-12-18 13:00:00+00:00,2024-12-18 18:00:00+00:00,1.0,73.84999633789063,73.49125408172607,0.20001839749347086,transition,-1051.1286644684847,stop,6
BZ=F,SCORE,2024-12-18 21:00:00+00:00,2024-12-18 23:00:00+00:00,-1.0,72.85000061035156,72.94000030517579,0.1799508110798561,transition,259.14297283128434,signal_change,1
BZ=F,SCORE,2024-12-19 15:00:00+00:00,2024-12-19 19:00:00+00:00,-1.0,73.61999725341796,72.91000152587891,0.1483740389595487,shock,1345.000531033553,signal_change,4
BZ=F,SCORE,2024-12-19 20:00:00+00:00,2024-12-19 23:00:00+00:00,-1.0,72.71000122070312,72.71999908447266,0.16898306249355824,transition,289.096762712951,signal_change,2
BZ=F,SCORE,2024-12-20 10:00:00+00:00,2024-12-20 11:00:00+00:00,-1.0,72.17000030517578,72.1099984741211,0.19212187202718928,transition,47.40744735837718,signal_change,1
BZ=F,SCORE,2024-12-20 14:00:00+00:00,2024-12-20 16:00:00+00:00,-1.0,72.25000213623046,72.76000095367432,0.17782822889596336,transition,-463.69806118449173,stop,3
BZ=F,SCORE,2024-12-23 15:00:00+00:00,2024-12-23 17:00:00+00:00,-1.0,72.05999969482421,72.06999755859376,0.030804552149328885,transition,-5.343130536403569,signal_change,2
BZ=F,SCORE,2024-12-23 18:00:00+00:00,2024-12-23 19:00:00+00:00,-1.0,72.07000183105468,72.41000152587891,0.02963721665221347,transition,-390.8441230143361,signal_change,1
BZ=F,SCORE,2024-12-23 21:00:00+00:00,2024-12-23 23:00:00+00:00,-1.0,72.54999755859374,72.70000244140626,0.0797414202672899,range,-821.2483100199117,signal_change,1
BZ=F,SCORE,2024-12-26 15:00:00+00:00,2024-12-26 17:00:00+00:00,1.0,73.46999908447266,73.08999847412109,0.07685781587189046,transition,-426.7769080597045,signal_change,2
BZ=F,SCORE,2024-12-27 00:00:00+00:00,2024-12-27 01:00:00+00:00,1.0,72.8599984741211,72.72000335693359,0.07345451649695339,transition,-177.72882356389204,signal_change,1
BZ=F,SCORE,2024-12-27 20:00:00+00:00,2024-12-27 21:00:00+00:00,1.0,73.62000061035157,73.37999938964843,0.08255614806274171,transition,-306.70567351359887,signal_change,1
BZ=F,SCORE,2024-12-30 00:00:00+00:00,2024-12-30 01:00:00+00:00,1.0,73.63999725341797,73.62999938964843,0.030071097402747646,transition,-20.605978185973814,signal_change,1
BZ=F,SCORE,2024-12-30 02:00:00+00:00,2024-12-30 03:00:00+00:00,1.0,73.92000366210938,73.80999969482421,0.0907620336155159,transition,-181.0551859120359,signal_change,1
BZ=F,SCORE,2024-12-30 15:00:00+00:00,2024-12-30 19:00:00+00:00,1.0,74.26,74.08999847412109,0.08823026418322116,transition,-244.20183114224622,signal_change,4
BZ=F,SCORE,2024-12-31 18:00:00+00:00,2024-12-31 19:00:00+00:00,1.0,74.71999908447266,74.69999908447265,0.17788172570390554,transition,-143.89929862478203,signal_change,1
BZ=F,SCORE,2024-12-31 20:00:00+00:00,2024-12-31 21:00:00+00:00,1.0,74.84000183105469,74.71000122070312,0.20130245401798189,transition,-449.24832429125,signal_change,1
BZ=F,SCORE,2025-01-02 10:00:00+00:00,2025-01-02 13:00:00+00:00,1.0,75.34999633789063,75.72000335693359,0.18579422686951833,transition,781.0299093009733,signal_change,3
BZ=F,SCORE,2025-01-02 14:00:00+00:00,2025-01-02 18:00:00+00:00,1.0,75.7400033569336,76.11999725341796,0.17251178071472548,shock,746.3651450215643,signal_change,4
BZ=F,SCORE,2025-01-02 20:00:00+00:00,2025-01-02 21:00:00+00:00,1.0,76.02000213623047,75.8900015258789,0.16569843836413592,trend,-365.12340607614186,signal_change,1
BZ=F,SCORE,2025-01-02 23:00:00+00:00,2025-01-03 02:00:00+00:00,1.0,75.91000152587891,76.04000305175781,0.1839494020987554,trend,204.74443748136056,signal_change,3
BZ=F,SCORE,2025-01-03 14:00:00+00:00,2025-01-03 21:00:00+00:00,1.0,76.17999816894532,76.54999755859374,0.19362607635301404,transition,805.7107931147818,signal_change,7
BZ=F,SCORE,2025-01-06 09:00:00+00:00,2025-01-06 10:00:00+00:00,1.0,76.24999786376954,76.32999633789062,0.20084113669399853,transition,94.83774368641275,signal_change,1
BZ=F,SCORE,2025-01-06 12:00:00+00:00,2025-01-06 16:00:00+00:00,1.0,76.80000091552735,76.69999908447265,0.19474653236565934,transition,-342.3678502062079,signal_change,4
BZ=F,SCORE,2025-01-06 18:00:00+00:00,2025-01-06 21:00:00+00:00,-1.0,76.29000305175781,76.2400033569336,0.05377175707771185,transition,31.93572658693131,signal_change,3
BZ=F,SCORE,2025-01-07 17:00:00+00:00,2025-01-07 21:00:00+00:00,1.0,76.91000152587891,77.04000305175781,0.06345246226865221,transition,69.87638203971278,signal_change,4
BZ=F,SCORE,2025-01-07 23:00:00+00:00,2025-01-08 00:00:00+00:00,1.0,77.24999786376954,77.36999725341796,0.18968081300184625,transition,183.0242145324982,signal_change,1
BZ=F,SCORE,2025-01-08 08:00:00+00:00,2025-01-08 10:00:00+00:00,1.0,77.52999664306641,77.05624889373779,0.17457372960508535,transition,-1125.1079009938753,stop,3
BZ=F,SCORE,2025-01-08 11:00:00+00:00,2025-01-08 13:00:00+00:00,1.0,77.06000305175782,77.37999938964843,0.05733473070830504,transition,199.49050261852042,signal_change,2
BZ=F,SCORE,2025-01-08 16:00:00+00:00,2025-01-08 21:00:00+00:00,-1.0,76.75000213623046,76.2400033569336,0.1439357286165625,shock,883.7647989762049,signal_change,5
BZ=F,SCORE,2025-01-09 02:00:00+00:00,2025-01-09 03:00:00+00:00,-1.0,75.82000183105468,75.95000244140626,0.15608196152491519,transition,-384.7590612415835,signal_change,1
BZ=F,SCORE,2025-01-09 08:00:00+00:00,2025-01-09 10:00:00+00:00,-1.0,75.97000335693359,76.19000030517579,0.15244660440750782,transition,-394.4455320638239,signal_change,2
BZ=F,SCORE,2025-01-09 15:00:00+00:00,2025-01-09 16:00:00+00:00,-1.0,76.57999633789062,76.92999816894532,0.1780786121573397,transition,-885.5102892538125,signal_change,1
BZ=F,SCORE,2025-01-09 17:00:00+00:00,2025-01-10 00:00:00+00:00,1.0,77.05000091552735,77.18999694824218,0.20078117156197225,shock,245.06216559917686,signal_change,6
BZ=F,SCORE,2025-01-10 01:00:00+00:00,2025-01-10 02:00:00+00:00,1.0,77.24999786376954,77.05999969482421,0.19272450072097594,transition,-563.5713418144394,signal_change,1
BZ=F,SCORE,2025-01-10 05:00:00+00:00,2025-01-10 06:00:00+00:00,1.0,77.27999664306641,77.32000183105468,0.20352559786806013,trend,-8.07057092703441,signal_change,1
BZ=F,SCORE,2025-01-10 07:00:00+00:00,2025-01-10 09:00:00+00:00,1.0,77.38999725341797,77.92624687194824,0.20165442926504187,trend,1242.4951698603325,stop,3
BZ=F,SCORE,2025-01-10 10:00:00+00:00,2025-01-10 11:00:00+00:00,1.0,78.76,78.82249950408935,0.12711241066845427,trend,29.516768236275027,stop,2
BZ=F,SCORE,2025-01-10 12:00:00+00:00,2025-01-10 14:00:00+00:00,1.0,79.49999786376954,79.69249938964843,0.31965127261526166,trend,580.1751912820048,stop,3
BZ=F,SCORE,2025-01-10 15:00:00+00:00,2025-01-10 15:00:00+00:00,1.0,80.05000091552735,79.2566655476888,0.04405520319297448,shock,-446.98538962701247,stop,1
BZ=F,SCORE,2025-01-10 17:00:00+00:00,2025-01-10 21:00:00+00:00,1.0,79.2400033569336,79.69999908447265,0.04195767305416246,transition,213.22442052121386,signal_change,4
BZ=F,SCORE,2025-01-13 09:00:00+00:00,2025-01-13 10:00:00+00:00,1.0,81.49999786376954,80.54999755859374,0.0859275987552198,transition,-1017.2132823899072,signal_change,1
BZ=F,SCORE,2025-01-13 16:00:00+00:00,2025-01-13 19:00:00+00:00,1.0,81.07999969482422,80.86999725341796,0.09872071947405942,transition,-299.29773743638157,signal_change,3
BZ=F,SCORE,2025-01-13 20:00:00+00:00,2025-01-13 21:00:00+00:00,1.0,81.1099984741211,80.83999847412109,0.10146027925506446,transition,-380.7163682212189,signal_change,1
BZ=F,SCORE,2025-01-14 15:00:00+00:00,2025-01-14 16:00:00+00:00,-1.0,80.07999633789062,80.38000274658204,0.13246156167863476,transition,-486.7936080854705,signal_change,1
BZ=F,SCORE,2025-01-14 17:00:00+00:00,2025-01-14 19:00:00+00:00,-1.0,80.21000122070312,80.05000091552735,0.13307531500814423,transition,186.0626942329821,signal_change,2
BZ=F,SCORE,2025-01-14 20:00:00+00:00,2025-01-14 21:00:00+00:00,-1.0,79.96000122070312,80.17999816894532,0.1401400858619451,transition,-379.8916274141867,signal_change,1
BZ=F,SCORE,2025-01-15 15:00:00+00:00,2025-01-15 21:00:00+00:00,1.0,81.06999755859376,82.47000335693359,0.1419813862257534,transition,2288.1856612538118,signal_change,6
BZ=F,SCORE,2025-01-16 10:00:00+00:00,2025-01-16 11:00:00+00:00,1.0,81.92999816894532,81.67000030517578,0.1396866028708134,transition,-503.4812476775052,signal_change,1
BZ=F,SCORE,2025-01-16 14:00:00+00:00,2025-01-16 15:00:00+00:00,1.0,81.91000152587891,81.08916918436687,0.1259199900574675,transition,-1291.4326069188674,stop,2
BZ=F,SCORE,2025-01-17 16:00:00+00:00,2025-01-17 17:00:00+00:00,-1.0,80.55999969482421,81.2400033569336,0.12880022920445408,range,-1089.4466458309973,signal_change,1
BZ=F,SCORE,2025-01-21 07:00:00+00:00,2025-01-21 08:00:00+00:00,-1.0,79.86000274658203,79.81999755859376,0.12496383592452134,transition,24.271227989564387,signal_change,1
BZ=F,SCORE,2025-01-21 09:00:00+00:00,2025-01-21 21:00:00+00:00,-1.0,79.40000366210937,79.53999877929688,0.12540621673682414,transition,-233.2138747682801,signal_change,12
BZ=F,SCORE,2025-01-23 17:00:00+00:00,2025-01-23 18:00:00+00:00,-1.0,77.75000213623046,78.73000122070313,0.015312356666004263,transition,-190.96346997283712,signal_change,1
BZ=F,SCORE,2025-01-23 21:00:00+00:00,2025-01-23 23:00:00+00:00,-1.0,77.8900015258789,77.88999725341797,0.04333836915802458,transition,722.049808443219,signal_change,1
BZ=F,SCORE,2025-01-24 09:00:00+00:00,2025-01-24 10:00:00+00:00,-1.0,77.51999877929687,77.7400033569336,0.044821297096929974,transition,-158.32724610442966,signal_change,1
BZ=F,SCORE,2025-01-24 18:00:00+00:00,2025-01-24 19:00:00+00:00,1.0,78.20000244140626,77.65000366210937,0.045011572323706686,shock,-330.3211895350342,signal_change,1
BZ=F,SCORE,2025-01-27 16:00:00+00:00,2025-01-27 18:00:00+00:00,-1.0,76.47999786376953,76.49999786376954,0.03489249142279248,transition,-4.552853951773145,signal_change,2
BZ=F,SCORE,2025-01-27 19:00:00+00:00,2025-01-27 21:00:00+00:00,-1.0,76.0099966430664,76.07999969482422,0.012357810133530864,transition,-17.722237652395563,signal_change,2
BZ=F,SCORE,2025-01-28 13:00:00+00:00,2025-01-28 14:00:00+00:00,-1.0,76.65000366210937,77.73000122070313,0.03782030867974107,range,398.56871831957733,signal_change,1
BZ=F,SCORE,2025-01-28 16:00:00+00:00,2025-01-28 17:00:00+00:00,-1.0,76.18000244140624,76.05000091552735,0.013270691195652773,transition,-293.61740439079017,signal_change,1
BZ=F,SCORE,2025-01-29 13:00:00+00:00,2025-01-29 14:00:00+00:00,-1.0,76.19999908447265,76.07999969482422,0.03607020590693484,transition,53.60581242651205,signal_change,1
BZ=F,SCORE,2025-01-29 18:00:00+00:00,2025-01-29 19:00:00+00:00,-1.0,76.51999877929687,75.84000183105469,0.036215848677619,transition,-630.6541158758679,signal_change,1
BZ=F,SCORE,2025-01-31 04:00:00+00:00,2025-01-31 05:00:00+00:00,1.0,76.42000366210938,76.37999938964843,0.047232960347937926,transition,-49.506178246891764,signal_change,1
BZ=F,SCORE,2025-02-03 14:00:00+00:00,2025-02-03 15:00:00+00:00,1.0,77.06000305175782,75.90999816894531,0.06460295984202867,shock,-966.4851931612993,signal_change,1
BZ=F,SCORE,2025-02-04 09:00:00+00:00,2025-02-04 10:00:00+00:00,-1.0,74.80999969482421,75.09000183105469,0.11820567905622856,transition,-521.9678467432888,signal_change,1
BZ=F,SCORE,2025-02-04 13:00:00+00:00,2025-02-04 14:00:00+00:00,-1.0,74.93999694824218,75.5249965286255,0.11961498886597803,transition,2013.5821822739645,stop,2
BZ=F,SCORE,2025-02-04 15:00:00+00:00,2025-02-04 16:00:00+00:00,-1.0,76.11999725341796,76.02999664306641,0.03837045628941244,range,42.46625957651109,signal_change,1
BZ=F,SCORE,2025-02-05 16:00:00+00:00,2025-02-05 18:00:00+00:00,-1.0,75.00000213623046,74.81999755859376,0.04738950675711205,shock,107.96009829223583,signal_change,2
BZ=F,SCORE,2025-02-06 09:00:00+00:00,2025-02-06 10:00:00+00:00,-1.0,74.82000183105468,74.92999816894532,0.18698733222722524,transition,-319.917053088341,signal_change,1
BZ=F,SCORE,2025-02-06 15:00:00+00:00,2025-02-06 15:00:00+00:00,-1.0,74.29999755859374,74.90916697184245,0.05465378173240579,shock,402.9791924112846,stop,1
BZ=F,SCORE,2025-02-06 16:00:00+00:00,2025-02-06 21:00:00+00:00,-1.0,74.86000274658203,74.28999877929688,0.05522829741622475,transition,376.60533289088056,signal_change,5
BZ=F,SCORE,2025-02-07 16:00:00+00:00,2025-02-07 17:00:00+00:00,1.0,74.63999725341797,74.32999633789062,0.06439474843792688,shock,-294.03459576379305,signal_change,1
BZ=F,SCORE,2025-02-07 17:00:00+00:00,2025-02-07 18:00:00+00:00,-1.0,74.32999633789062,74.63999725341797,0.0652099619292562,shock,-315.68931263023444,signal_change,1
BZ=F,SCORE,2025-02-07 20:00:00+00:00,2025-02-07 21:00:00+00:00,1.0,74.63000274658204,74.58999847412109,0.20575301458275483,transition,-219.54787638321386,signal_change,1
BZ=F,SCORE,2025-02-10 09:00:00+00:00,2025-02-10 12:00:00+00:00,1.0,75.19000030517579,75.55999969482421,0.1910461292014573,transition,803.2881815025321,signal_change,3
BZ=F,SCORE,2025-02-10 13:00:00+00:00,2025-02-10 14:00:00+00:00,1.0,75.67000366210938,75.42000030517578,0.19751191336893698,transition,-739.0182777276061,signal_change,1
BZ=F,SCORE,2025-02-10 15:00:00+00:00,2025-02-10 23:00:00+00:00,1.0,75.56999755859376,76.04000305175781,0.19523116529421575,transition,1066.722436160173,signal_change,7
BZ=F,SCORE,2025-02-11 08:00:00+00:00,2025-02-11 15:00:00+00:00,1.0,76.52000213623047,76.59999774932861,0.21252296573120857,trend,102.13545692594016,stop,8
BZ=F,SCORE,2025-02-11 16:00:00+00:00,2025-02-11 19:00:00+00:00,1.0,76.70000244140626,76.96000122070312,0.20942939173611852,transition,573.1693021332823,signal_change,3
BZ=F,SCORE,2025-02-11 20:00:00+00:00,2025-02-11 21:00:00+00:00,1.0,77.03999877929688,76.8900015258789,0.23984534929645826,shock,-582.0606832068205,signal_change,1
BZ=F,SCORE,2025-02-12 00:00:00+00:00,2025-02-12 01:00:00+00:00,1.0,76.88999725341797,76.78000091552734,0.2360360787832928,transition,-454.60893067109555,signal_change,1
BZ=F,SCORE,2025-02-12 11:00:00+00:00,2025-02-12 12:00:00+00:00,-1.0,76.04999755859374,76.31000305175782,0.2155663028672908,transition,-829.820069658863,signal_change,1
BZ=F,SCORE,2025-02-12 14:00:00+00:00,2025-02-13 00:00:00+00:00,-1.0,76.30999969482421,74.94000030517579,0.20803022814508731,transition,3364.351922694917,signal_change,9
BZ=F,SCORE,2025-02-13 02:00:00+00:00,2025-02-13 04:00:00+00:00,-1.0,74.57999633789062,74.45000244140626,0.1779226524639516,trend,156.40993675189253,signal_change,2
BZ=F,SCORE,2025-02-13 05:00:00+00:00,2025-02-13 06:00:00+00:00,-1.0,74.43000244140624,74.46999908447266,0.17896705653355113,trend,-98.67536078024946,signal_change,1
BZ=F,SCORE,2025-02-13 07:00:00+00:00,2025-02-13 08:00:00+00:00,-1.0,74.43000244140624,74.56000305175782,0.1696892203069592,trend,-336.7063683181292,signal_change,1
BZ=F,SCORE,2025-02-13 09:00:00+00:00,2025-02-13 15:00:00+00:00,-1.0,74.72000335693359,74.90250087738038,0.16549063441985323,trend,-185.006062383449,stop,7
BZ=F,SCORE,2025-02-13 16:00:00+00:00,2025-02-13 19:00:00+00:00,-1.0,74.74,74.9900033569336,0.15387829598303374,transition,-543.6396724149864,signal_change,3
BZ=F,SCORE,2025-02-14 08:00:00+00:00,2025-02-14 09:00:00+00:00,1.0,75.48000122070313,75.3900015258789,0.17397671746272456,transition,-296.1190993575294,signal_change,1
BZ=F,SCORE,2025-02-14 12:00:00+00:00,2025-02-14 15:00:00+00:00,1.0,75.59000183105469,75.03666814168294,0.17415632057477856,transition,-1327.8349562651938,stop,4
BZ=F,SCORE,2025-02-14 17:00:00+00:00,2025-02-14 18:00:00+00:00,1.0,74.9900033569336,74.78000091552734,0.16819345152988277,transition,-547.649146307945,signal_change,1
BZ=F,SCORE,2025-02-18 13:00:00+00:00,2025-02-18 15:00:00+00:00,-1.0,75.10000061035156,75.42999816894532,0.13586920966866584,transition,-617.4059185566679,signal_change,2
BZ=F,SCORE,2025-02-18 17:00:00+00:00,2025-02-18 18:00:00+00:00,1.0,75.70000244140626,75.47000335693359,0.14313493579170936,transition,-498.0452688740206,signal_change,1
BZ=F,SCORE,2025-02-18 19:00:00+00:00,2025-02-18 21:00:00+00:00,1.0,75.81999755859376,75.75000213623046,0.1400243256879829,transition,-200.98685288450963,signal_change,2
BZ=F,SCORE,2025-02-19 08:00:00+00:00,2025-02-19 11:00:00+00:00,1.0,76.28999877929688,76.24,0.058414825673402074,transition,-68.38353411208092,signal_change,3
BZ=F,SCORE,2025-02-19 12:00:00+00:00,2025-02-19 13:00:00+00:00,1.0,76.46999908447266,76.29999755859374,0.17781069371865754,transition,-477.9388412855409,signal_change,1
BZ=F,SCORE,2025-02-19 14:00:00+00:00,2025-02-19 18:00:00+00:00,1.0,76.46999908447266,76.18999694824218,0.06478945762553862,transition,-262.24529001930205,signal_change,4
BZ=F,SCORE,2025-02-19 20:00:00+00:00,2025-02-19 21:00:00+00:00,1.0,76.02999664306641,76.10000061035156,0.21099830207065584,transition,72.77796897111361,signal_change,1
BZ=F,SCORE,2025-02-20 09:00:00+00:00,2025-02-20 10:00:00+00:00,-1.0,75.93000244140624,76.19000030517579,0.19237440033908537,transition,-690.8100817968668,signal_change,1
BZ=F,SCORE,2025-02-20 17:00:00+00:00,2025-02-20 19:00:00+00:00,1.0,76.70999694824219,76.40874980926513,0.06987872627382534,shock,-301.2663700226476,stop,3
BZ=F,SCORE,2025-02-20 20:00:00+00:00,2025-02-20 21:00:00+00:00,1.0,76.52000213623047,76.46000122070312,0.19318173878196895,transition,-250.41528783061807,signal_change,1
BZ=F,SCORE,2025-02-21 10:00:00+00:00,2025-02-21 12:00:00+00:00,-1.0,75.62999938964843,75.78999877929688,0.17163329491591459,transition,1571.8800961068819,signal_change,2
BZ=F,SCORE,2025-02-21 15:00:00+00:00,2025-02-21 19:00:00+00:00,-1.0,75.36999725341796,74.17999816894532,0.08370833095594024,shock,410.72534917609966,signal_change,4
BZ=F,SCORE,2025-02-21 20:00:00+00:00,2025-02-21 21:00:00+00:00,-1.0,74.35000061035156,73.84000183105469,0.10471780563340857,trend,-371.2530208319806,signal_change,1
BZ=F,SCORE,2025-02-23 23:00:00+00:00,2025-02-24 00:00:00+00:00,-1.0,74.00000213623046,74.45999694824219,0.0326416789659387,trend,135.1315880072538,signal_change,1
BZ=F,SCORE,2025-02-24 05:00:00+00:00,2025-02-24 06:00:00+00:00,-1.0,74.24,74.34000183105469,0.07612623072732821,transition,-160.500506339585,signal_change,1
BZ=F,SCORE,2025-02-24 08:00:00+00:00,2025-02-24 09:00:00+00:00,-1.0,73.90000366210937,74.05000091552735,0.06868999480112913,transition,-904.5491356928034,signal_change,1
BZ=F,SCORE,2025-02-24 13:00:00+00:00,2025-02-24 17:00:00+00:00,-1.0,74.37999938964843,74.28999877929688,0.06757305886108327,transition,40.47799433599535,signal_change,4
BZ=F,SCORE,2025-02-25 13:00:00+00:00,2025-02-25 15:00:00+00:00,-1.0,73.68999694824218,73.23500133514405,0.19426126505426375,transition,-1313.714411551723,stop,3
BZ=F,SCORE,2025-02-25 16:00:00+00:00,2025-02-25 19:00:00+00:00,-1.0,72.43999694824218,72.48000122070313,0.12223551273936914,trend,-132.9022819808678,signal_change,3
BZ=F,SCORE,2025-02-25 20:00:00+00:00,2025-02-25 21:00:00+00:00,-1.0,72.55999969482421,72.62000061035157,0.17828149466192172,transition,-240.60528327618073,signal_change,1
BZ=F,SCORE,2025-02-26 06:00:00+00:00,2025-02-26 07:00:00+00:00,-1.0,72.61999725341796,72.69000030517579,0.1817254682552802,trend,-269.10740053727466,signal_change,1
BZ=F,SCORE,2025-02-26 09:00:00+00:00,2025-02-26 11:00:00+00:00,-1.0,72.46000122070312,72.55000091552735,0.1734215624121613,trend,-211.13217381640328,signal_change,2
BZ=F,SCORE,2025-02-26 12:00:00+00:00,2025-02-26 17:00:00+00:00,-1.0,72.36999725341796,72.17000366210938,0.17349642577252386,trend,363.9411756136505,signal_change,5
BZ=F,SCORE,2025-02-27 14:00:00+00:00,2025-02-27 21:00:00+00:00,1.0,72.81999755859376,73.32999633789062,0.1787755498930383,transition,1105.5344519192627,signal_change,7
BZ=F,SCORE,2025-02-27 23:00:00+00:00,2025-02-28 00:00:00+00:00,1.0,73.34999633789063,73.36999725341796,0.20678630892541386,trend,-59.72564833258856,signal_change,1
BZ=F,SCORE,2025-02-28 15:00:00+00:00,2025-02-28 15:00:00+00:00,-1.0,72.3900015258789,72.8825003306071,0.06615560346815476,shock,396.78070893601983,stop,1
BZ=F,SCORE,2025-02-28 17:00:00+00:00,2025-02-28 18:00:00+00:00,-1.0,72.7599966430664,73.2433287302653,0.19241248000300878,transition,613.8220211865241,stop,2
BZ=F,SCORE,2025-02-28 19:00:00+00:00,2025-02-28 21:00:00+00:00,-1.0,73.07999633789062,73.13000274658204,0.1854761266355013,transition,-178.86813769018204,signal_change,2
BZ=F,SCORE,2025-03-03 09:00:00+00:00,2025-03-03 10:00:00+00:00,-1.0,72.47000335693359,72.38000274658204,0.14731352484472052,transition,94.53856558271139,signal_change,1
BZ=F,SCORE,2025-03-03 19:00:00+00:00,2025-03-03 23:00:00+00:00,-1.0,71.51999877929687,71.45999694824219,0.08434238503576968,shock,-92.94344860928291,signal_change,3
BZ=F,SCORE,2025-03-04 00:00:00+00:00,2025-03-04 03:00:00+00:00,-1.0,71.32999633789062,71.09999633789063,0.12775958343777774,transition,290.93641538837005,signal_change,3
BZ=F,SCORE,2025-03-04 08:00:00+00:00,2025-03-04 11:00:00+00:00,-1.0,70.86999725341796,70.76,0.12389447633018878,transition,114.6165373906612,signal_change,3
BZ=F,SCORE,2025-03-04 12:00:00+00:00,2025-03-04 18:00:00+00:00,-1.0,70.50000213623046,70.84999633789063,0.12360886995673105,trend,-638.2783715583583,signal_change,6
BZ=F,SCORE,2025-03-05 14:00:00+00:00,2025-03-05 18:00:00+00:00,-1.0,69.72000335693359,69.35749698638917,0.12161966054584171,transition,993.4835292922464,stop,5
BZ=F,SCORE,2025-03-05 19:00:00+00:00,2025-03-05 21:00:00+00:00,-1.0,69.36999725341796,69.45000244140626,0.12561583816850447,transition,-141.24085201829786,signal_change,2
BZ=F,SCORE,2025-03-06 09:00:00+00:00,2025-03-06 10:00:00+00:00,-1.0,69.36999725341796,69.53999877929688,0.12000006584636724,transition,-285.0012918735307,signal_change,1
BZ=F,SCORE,2025-03-06 11:00:00+00:00,2025-03-06 12:00:00+00:00,-1.0,69.25000213623046,69.71999908447266,0.12031066288796646,transition,-788.6764820460985,signal_change,1
BZ=F,SCORE,2025-03-06 14:00:00+00:00,2025-03-06 15:00:00+00:00,-1.0,69.46000122070312,69.56999755859376,0.12006900693229947,transition,-217.87371573756647,signal_change,1
BZ=F,SCORE,2025-03-06 18:00:00+00:00,2025-03-06 19:00:00+00:00,1.0,69.41000152587891,69.43000244140624,0.12476049635844821,transition,-36.02895082437926,signal_change,1
BZ=F,SCORE,2025-03-07 10:00:00+00:00,2025-03-07 12:00:00+00:00,1.0,70.42999816894532,70.43999694824218,0.1297857140856079,transition,-53.93111047112839,signal_change,2
BZ=F,SCORE,2025-03-07 13:00:00+00:00,2025-03-07 14:00:00+00:00,1.0,70.59999633789063,70.24,0.128856957252075,transition,-705.4556397731899,signal_change,1
BZ=F,SCORE,2025-03-07 15:00:00+00:00,2025-03-07 15:00:00+00:00,1.0,71.06999755859376,70.2616647084554,0.03879412627850174,shock,-446.40530846547034,stop,1
BZ=F,SCORE,2025-03-07 16:00:00+00:00,2025-03-07 18:00:00+00:00,1.0,70.80000091552735,70.03083419799805,0.04053621910346664,transition,-447.6087597468976,stop,3
BZ=F,SCORE,2025-03-07 19:00:00+00:00,2025-03-07 21:00:00+00:00,1.0,70.31000305175782,70.32999633789062,0.1174109705308124,transition,-33.84888545527501,signal_change,2
BZ=F,SCORE,2025-03-10 14:00:00+00:00,2025-03-10 20:00:00+00:00,-1.0,69.8900015258789,69.21999908447266,0.1181528667636795,transition,1090.3646408869768,signal_change,6
BZ=F,SCORE,2025-03-11 13:00:00+00:00,2025-03-11 16:00:00+00:00,-1.0,69.92000030517578,70.02999664306641,0.09976759675212539,transition,1217.6246133325026,signal_change,3
BZ=F,SCORE,2025-03-11 17:00:00+00:00,2025-03-11 18:00:00+00:00,-1.0,69.1400015258789,69.55000091552735,0.030003049560291584,shock,-188.4862123153223,signal_change,1
BZ=F,SCORE,2025-03-12 09:00:00+00:00,2025-03-12 10:00:00+00:00,-1.0,69.33999847412109,70.02000213623047,0.05544618493761536,shock,-539.9645784417698,signal_change,1
BZ=F,SCORE,2025-03-12 13:00:00+00:00,2025-03-12 14:00:00+00:00,1.0,70.37000061035157,69.93000244140624,0.055321866077074906,shock,-363.68018909386365,signal_change,1
BZ=F,SCORE,2025-03-12 15:00:00+00:00,2025-03-12 20:00:00+00:00,1.0,70.84999633789063,70.93999694824218,0.019499623130806814,transition,13.869583657473115,signal_change,5
BZ=F,SCORE,2025-03-13 16:00:00+00:00,2025-03-13 17:00:00+00:00,-1.0,70.15999816894531,69.52999664306641,0.020750980275588617,transition,-100.29440825184477,signal_change,1
BZ=F,SCORE,2025-03-13 18:00:00+00:00,2025-03-13 22:00:00+00:00,-1.0,69.72000335693359,69.59999633789063,0.058383789904975156,transition,-695.4773540683109,signal_change,3
BZ=F,SCORE,2025-03-14 12:00:00+00:00,2025-03-14 13:00:00+00:00,-1.0,70.32999633789062,70.51,0.059821755914930635,range,-180.87910132618705,signal_change,1
BZ=F,SCORE,2025-03-14 16:00:00+00:00,2025-03-14 17:00:00+00:00,-1.0,70.32999633789062,70.42999816894532,0.06071543231421135,transition,-117.13710147798413,signal_change,1
BZ=F,SCORE,2025-03-14 19:00:00+00:00,2025-03-14 20:00:00+00:00,1.0,70.56999755859376,70.5099966430664,0.062415855078582674,transition,-86.06045786157874,signal_change,1
BZ=F,SCORE,2025-03-17 17:00:00+00:00,2025-03-17 18:00:00+00:00,1.0,70.99999786376954,71.22000335693359,0.057006410890575177,transition,137.9808054946363,signal_change,1
BZ=F,SCORE,2025-03-19 09:00:00+00:00,2025-03-19 10:00:00+00:00,-1.0,69.51999877929687,70.19000030517579,0.06326310772557338,transition,-604.555476872096,signal_change,1
BZ=F,SCORE,2025-03-19 12:00:00+00:00,2025-03-19 13:00:00+00:00,-1.0,70.10000061035156,70.6099984741211,0.022708136930548795,transition,-159.11262600881477,signal_change,1
BZ=F,SCORE,2025-03-19 15:00:00+00:00,2025-03-19 17:00:00+00:00,-1.0,70.7599966430664,70.69000030517579,0.02260226385071604,transition,-274.00881292618766,signal_change,2
BZ=F,SCORE,2025-03-20 15:00:00+00:00,2025-03-20 16:00:00+00:00,1.0,71.78999877929688,71.86000274658203,0.0220567802318454,shock,9.201093461526185,signal_change,1
BZ=F,SCORE,2025-03-21 15:00:00+00:00,2025-03-21 16:00:00+00:00,1.0,72.12000061035157,71.74,0.059866508958596326,shock,-336.3252784329901,signal_change,1
BZ=F,SCORE,2025-03-21 17:00:00+00:00,2025-03-21 18:00:00+00:00,1.0,72.20999694824219,72.07999633789062,0.020773636577576915,range,-46.237028397699305,signal_change,1
BZ=F,SCORE,2025-03-21 19:00:00+00:00,2025-03-21 20:00:00+00:00,1.0,71.67000366210938,72.10000061035156,0.059423060719485256,range,309.3402760882596,signal_change,1
BZ=F,SCORE,2025-03-23 22:00:00+00:00,2025-03-23 23:00:00+00:00,-1.0,72.18999694824218,72.20999694824219,0.059099321600506405,transition,-1.3030478721754957,signal_change,1
BZ=F,SCORE,2025-03-24 14:00:00+00:00,2025-03-24 17:00:00+00:00,1.0,72.52999664306641,72.96000122070312,0.05623258208267776,transition,292.61942514751803,signal_change,3
BZ=F,SCORE,2025-03-24 19:00:00+00:00,2025-03-24 20:00:00+00:00,1.0,73.06000305175782,73.11000274658203,0.056238418001287996,shock,5.981471740938522,signal_change,1
BZ=F,SCORE,2025-03-25 10:00:00+00:00,2025-03-25 11:00:00+00:00,1.0,73.4900033569336,72.7599966430664,0.05496223142496034,transition,-554.9268262990464,signal_change,1
BZ=F,SCORE,2025-03-25 16:00:00+00:00,2025-03-25 17:00:00+00:00,-1.0,72.32000183105468,72.78999877929688,0.054784223735255135,transition,-372.1754326971571,signal_change,1
BZ=F,SCORE,2025-03-28 19:00:00+00:00,2025-03-28 20:00:00+00:00,-1.0,72.67000030517578,72.55000091552735,0.010571414985337462,transition,16.50903024959502,signal_change,1
BZ=F,SCORE,2025-03-31 15:00:00+00:00,2025-03-31 18:00:00+00:00,1.0,74.23000122070313,74.75000213623046,0.028641963022974833,transition,177.01066580086743,signal_change,3
BZ=F,SCORE,2025-04-01 02:00:00+00:00,2025-04-01 08:00:00+00:00,1.0,74.84999633789063,73.72000335693359,0.03489292090719228,transition,-523.8730298454412,signal_change,6
BZ=F,SCORE,2025-04-01 09:00:00+00:00,2025-04-01 12:00:00+00:00,1.0,74.57999969482422,74.65999816894531,0.03828395918001551,transition,24.987516005902023,signal_change,3
BZ=F,SCORE,2025-04-01 13:00:00+00:00,2025-04-01 15:00:00+00:00,1.0,74.76,74.83999847412109,0.042104559848693254,transition,25.460801674888444,signal_change,2
BZ=F,SCORE,2025-04-02 18:00:00+00:00,2025-04-02 19:00:00+00:00,1.0,74.27000213623047,74.97999786376953,0.04650502257879934,transition,401.9737912341563,signal_change,1
BZ=F,SCORE,2025-04-02 20:00:00+00:00,2025-04-02 22:00:00+00:00,1.0,74.2400033569336,73.57999633789062,0.015128608985874894,transition,-137.64225565099878,signal_change,1
BZ=F,SCORE,2025-04-03 10:00:00+00:00,2025-04-03 11:00:00+00:00,-1.0,71.85000061035156,71.64999938964844,0.03593478856621448,transition,95.28806977068443,signal_change,1
BZ=F,SCORE,2025-04-03 13:00:00+00:00,2025-04-03 15:00:00+00:00,-1.0,70.32000183105468,69.56000305175782,0.011649633941626781,transition,346.81940657826124,signal_change,2
BZ=F,SCORE,2025-04-03 16:00:00+00:00,2025-04-03 17:00:00+00:00,-1.0,69.96000122070312,70.05000091552735,0.011609015309379554,transition,-14.500086692281602,signal_change,1
BZ=F,SCORE,2025-04-04 09:00:00+00:00,2025-04-04 10:00:00+00:00,-1.0,67.57000183105468,67.81999755859376,0.035938492357256296,transition,-107.44468213190987,signal_change,1
BZ=F,SCORE,2025-04-04 11:00:00+00:00,2025-04-04 17:00:00+00:00,-1.0,65.86999725341796,65.52999664306641,0.031074156650758737,transition,692.1055849824261,signal_change,6
BZ=F,SCORE,2025-04-04 19:00:00+00:00,2025-04-04 20:00:00+00:00,-1.0,65.93999694824218,66.30000091552735,0.01060721033728511,transition,-58.70499925403745,signal_change,1
BZ=F,SCORE,2025-04-06 23:00:00+00:00,2025-04-07 01:00:00+00:00,-1.0,63.350000610351564,63.60999847412109,0.009521881897749348,shock,-50.033926036912966,signal_change,2
BZ=F,SCORE,2025-04-07 10:00:00+00:00,2025-04-07 11:00:00+00:00,-1.0,63.159998168945314,63.82999969482422,0.026666210918971988,transition,-352.0556038295997,signal_change,1
BZ=F,SCORE,2025-04-08 02:00:00+00:00,2025-04-08 03:00:00+00:00,1.0,64.45000244140626,64.60000061035156,0.011700613263703263,transition,20.15989745510109,signal_change,1
BZ=F,SCORE,2025-04-08 17:00:00+00:00,2025-04-08 18:00:00+00:00,-1.0,63.100000610351564,63.19999862670898,0.03895434030123215,transition,-94.21433843372935,signal_change,1
BZ=F,SCORE,2025-04-08 19:00:00+00:00,2025-04-08 20:00:00+00:00,-1.0,62.339998474121096,61.82999969482422,0.03725315561646,transition,201.29979432354403,signal_change,1
BZ=F,SCORE,2025-04-09 01:00:00+00:00,2025-04-09 02:00:00+00:00,-1.0,60.2300016784668,60.85999847412109,0.033730572336670886,transition,-348.6254273199072,signal_change,1
BZ=F,SCORE,2025-04-09 09:00:00+00:00,2025-04-09 10:00:00+00:00,-1.0,60.909998168945314,60.23000122070312,0.03194373453632713,transition,739.9221407613566,signal_change,1
BZ=F,SCORE,2025-04-09 11:00:00+00:00,2025-04-09 16:00:00+00:00,-1.0,60.49,60.46000076293945,0.02919375556731775,shock,-25.171254773330734,signal_change,5
BZ=F,SCORE,2025-04-10 14:00:00+00:00,2025-04-10 15:00:00+00:00,1.0,62.35000015258789,62.42000030517578,0.02565451069695275,transition,13.65971370418822,signal_change,1
BZ=F,SCORE,2025-04-10 16:00:00+00:00,2025-04-10 19:00:00+00:00,1.0,62.92999816894531,63.589998474121096,0.009282435657460217,transition,87.97713288240415,signal_change,3
BZ=F,SCORE,2025-04-11 15:00:00+00:00,2025-04-11 20:00:00+00:00,1.0,63.32999969482422,64.68999694824218,0.036375725082272985,transition,725.0660089741081,signal_change,5
BZ=F,SCORE,2025-04-14 08:00:00+00:00,2025-04-14 10:00:00+00:00,1.0,64.95000244140626,65.32000183105468,0.03552088571909637,transition,177.6289989778374,signal_change,2
BZ=F,SCORE,2025-04-14 11:00:00+00:00,2025-04-14 16:00:00+00:00,1.0,65.63000274658204,64.43000244140624,0.03697556585874433,transition,-668.3093770522023,signal_change,5
BZ=F,SCORE,2025-04-15 17:00:00+00:00,2025-04-15 20:00:00+00:00,1.0,64.53999877929688,64.83999847412109,0.04153450068837866,transition,166.19596517024684,signal_change,3
BZ=F,SCORE,2025-04-15 22:00:00+00:00,2025-04-15 23:00:00+00:00,1.0,64.87000061035157,64.79000305175781,0.014613892313490518,range,-25.88210002189982,signal_change,1
BZ=F,SCORE,2025-04-16 13:00:00+00:00,2025-04-16 18:00:00+00:00,1.0,65.56999755859376,65.67000030517578,0.06390830509907171,transition,57.3368314854747,signal_change,5
BZ=F,SCORE,2025-04-16 19:00:00+00:00,2025-04-16 20:00:00+00:00,1.0,66.02999664306641,66.05999969482421,0.08663022586737662,transition,-12.35870175951072,signal_change,1
BZ=F,SCORE,2025-04-17 00:00:00+00:00,2025-04-17 01:00:00+00:00,1.0,66.28999877929688,66.11000274658203,0.10300617402299433,transition,-328.5959673113555,signal_change,1
BZ=F,SCORE,2025-04-17 04:00:00+00:00,2025-04-17 06:00:00+00:00,1.0,66.4900033569336,66.51999877929687,0.10102629634143895,transition,-14.315475332065514,signal_change,2
BZ=F,SCORE,2025-04-17 09:00:00+00:00,2025-04-17 11:00:00+00:00,1.0,66.45000244140626,66.49,0.12072738714727889,shock,0.20213937629112166,signal_change,2
BZ=F,SCORE,2025-04-17 12:00:00+00:00,2025-04-17 20:00:00+00:00,1.0,66.59999633789063,67.57999633789062,0.11882550876157758,transition,1612.4764355985662,signal_change,8
BZ=F,SCORE,2025-04-21 14:00:00+00:00,2025-04-21 19:00:00+00:00,-1.0,65.79000305175781,66.59500439961751,0.10405642783396737,transition,-997.4236601954211,stop,6
BZ=F,SCORE,2025-04-22 10:00:00+00:00,2025-04-22 11:00:00+00:00,1.0,67.31999755859376,67.07999633789062,0.1308839610455322,transition,-524.0608108956983,signal_change,1
BZ=F,SCORE,2025-04-22 13:00:00+00:00,2025-04-22 14:00:00+00:00,1.0,67.12000061035157,66.80999969482421,0.12934813597030942,transition,-648.7714723496588,signal_change,1
BZ=F,SCORE,2025-04-22 15:00:00+00:00,2025-04-22 15:00:00+00:00,1.0,67.01,66.95125125885009,0.13414985238817537,shock,-190.10365462400324,stop,1
BZ=F,SCORE,2025-04-22 16:00:00+00:00,2025-04-22 17:00:00+00:00,1.0,67.89999938964844,67.28249740600586,0.0978988590481812,trend,-910.1690802465442,stop,2
BZ=F,SCORE,2025-04-22 18:00:00+00:00,2025-04-22 20:00:00+00:00,1.0,67.42000366210938,67.28000091552734,0.13119580077543683,transition,-336.4244650050106,signal_change,2
BZ=F,SCORE,2025-04-23 15:00:00+00:00,2025-04-23 18:00:00+00:00,-1.0,66.25000213623046,65.95000244140626,0.027250212296298086,shock,109.55281850972467,signal_change,3
BZ=F,SCORE,2025-04-23 19:00:00+00:00,2025-04-23 20:00:00+00:00,-1.0,66.03000091552734,66.17999816894532,0.08070744760365293,transition,-222.51197894673618,signal_change,1
BZ=F,SCORE,2025-04-24 09:00:00+00:00,2025-04-24 10:00:00+00:00,-1.0,66.35000061035156,65.55000091552735,0.07333217787405982,shock,-974.5775087243968,signal_change,1
BZ=F,SCORE,2025-04-24 14:00:00+00:00,2025-04-24 15:00:00+00:00,-1.0,65.72000335693359,66.52000213623047,0.05827396709020514,transition,-696.3314617178577,signal_change,1
BZ=F,SCORE,2025-04-25 08:00:00+00:00,2025-04-25 10:00:00+00:00,-1.0,65.68000244140624,66.17999816894532,0.03264178143651207,transition,602.5451995054137,signal_change,2
BZ=F,SCORE,2025-04-25 11:00:00+00:00,2025-04-25 12:00:00+00:00,-1.0,64.71000122070312,64.84999633789063,0.03217220054699703,transition,-945.1001846376519,signal_change,1
BZ=F,SCORE,2025-04-25 13:00:00+00:00,2025-04-25 15:00:00+00:00,-1.0,64.79000305175781,65.26,0.01111834526096385,transition,-80.40289409430741,signal_change,2
BZ=F,SCORE,2025-04-25 16:00:00+00:00,2025-04-25 17:00:00+00:00,-1.0,65.72000335693359,65.80000091552735,0.011463572812215132,range,-16.643657294443354,signal_change,1
BZ=F,SCORE,2025-04-25 18:00:00+00:00,2025-04-25 20:00:00+00:00,-1.0,65.54000305175781,65.92999816894532,0.032556873321872896,transition,-1207.4566690319814,signal_change,2
BZ=F,SCORE,2025-04-28 08:00:00+00:00,2025-04-28 09:00:00+00:00,-1.0,65.8900015258789,65.69000030517579,0.029782351186996077,range,77.8571257589982,signal_change,1
BZ=F,SCORE,2025-04-28 17:00:00+00:00,2025-04-28 18:00:00+00:00,-1.0,64.33999847412109,64.53999877929688,0.029069431115226203,range,-1009.7487217215557,signal_change,1
BZ=F,SCORE,2025-04-28 19:00:00+00:00,2025-04-28 20:00:00+00:00,-1.0,65.75000213623046,64.7400033569336,0.010191456734343724,transition,143.57143145595154,signal_change,1
BZ=F,SCORE,2025-04-28 22:00:00+00:00,2025-04-28 23:00:00+00:00,-1.0,64.54999755859374,64.76,0.010588320427531425,transition,-32.79824184505797,signal_change,1
BZ=F,SCORE,2025-04-29 10:00:00+00:00,2025-04-29 11:00:00+00:00,-1.0,63.89000152587891,63.750001678466795,0.03129622556128475,transition,56.51888991700419,signal_change,1
BZ=F,SCORE,2025-04-29 14:00:00+00:00,2025-04-29 15:00:00+00:00,-1.0,63.589998474121096,63.500001678466795,0.03230460415006869,transition,-919.3612878849913,signal_change,1
BZ=F,SCORE,2025-04-29 16:00:00+00:00,2025-04-29 17:00:00+00:00,-1.0,63.42000030517578,63.16999984741211,0.03218069543565927,transition,111.81183348133023,signal_change,1
BZ=F,SCORE,2025-04-29 19:00:00+00:00,2025-04-29 20:00:00+00:00,-1.0,63.190000762939455,63.149999389648436,0.032557570900044075,transition,10.345904328303158,signal_change,1
BZ=F,SCORE,2025-04-30 13:00:00+00:00,2025-04-30 20:00:00+00:00,-1.0,62.39999984741211,61.03999877929687,0.04345238413256769,transition,903.2950056176461,signal_change,7
BZ=F,SCORE,2025-05-01 08:00:00+00:00,2025-05-01 11:00:00+00:00,-1.0,60.42000030517578,59.489999542236326,0.04579990080623991,transition,678.0565909409255,signal_change,3
BZ=F,SCORE,2025-05-01 13:00:00+00:00,2025-05-01 17:00:00+00:00,-1.0,60.49,61.10999847412109,0.04944685532149493,shock,-517.7764717757149,signal_change,4
BZ=F,SCORE,2025-05-01 19:00:00+00:00,2025-05-01 20:00:00+00:00,1.0,61.969999084472654,61.909998168945314,0.031142998158419748,transition,-47.33812516140708,signal_change,1
BZ=F,SCORE,2025-05-02 13:00:00+00:00,2025-05-02 13:00:00+00:00,1.0,62.070001373291014,61.13166904449463,0.08247315926104372,transition,-1240.0482304577,stop,1
BZ=F,SCORE,2025-05-04 23:00:00+00:00,2025-05-05 01:00:00+00:00,-1.0,59.21000122070313,59.14000106811523,0.0443467313271001,shock,65.45326910167495,signal_change,2
BZ=F,SCORE,2025-05-05 03:00:00+00:00,2025-05-05 04:00:00+00:00,-1.0,59.08000015258789,59.07999969482422,0.06231909526993228,trend,-118.4306908316893,signal_change,1
BZ=F,SCORE,2025-05-05 12:00:00+00:00,2025-05-05 13:00:00+00:00,-1.0,60.42000030517578,60.39000106811523,0.06120693857559257,transition,69.49529330815112,signal_change,1
BZ=F,SCORE,2025-05-05 15:00:00+00:00,2025-05-05 16:00:00+00:00,-1.0,59.80999969482422,60.000001678466795,0.06606175188030199,transition,-113.8377312339589,signal_change,1
BZ=F,SCORE,2025-05-05 17:00:00+00:00,2025-05-05 18:00:00+00:00,-1.0,60.17000030517578,60.32999969482422,0.07210759821101272,transition,-226.34924452702884,signal_change,1
BZ=F,SCORE,2025-05-06 01:00:00+00:00,2025-05-06 04:00:00+00:00,1.0,60.489999542236326,61.12999938964844,0.03723721026356352,transition,353.4179843538072,signal_change,3
BZ=F,SCORE,2025-05-06 07:00:00+00:00,2025-05-06 11:00:00+00:00,1.0,61.410001525878904,61.37999938964844,0.11183630887288926,transition,-113.90424279324117,signal_change,4
BZ=F,SCORE,2025-05-06 12:00:00+00:00,2025-05-06 20:00:00+00:00,1.0,61.590001831054686,62.120001068115236,0.11493783375605747,transition,882.4157147674218,signal_change,8
BZ=F,SCORE,2025-05-07 07:00:00+00:00,2025-05-07 09:00:00+00:00,1.0,62.89000106811523,62.71000122070313,0.1121708160736766,transition,-371.61229691314463,signal_change,2
BZ=F,SCORE,2025-05-07 16:00:00+00:00,2025-05-07 18:00:00+00:00,-1.0,61.42000030517578,61.21000076293945,0.106070213706486,transition,249.46960317873788,signal_change,2
BZ=F,SCORE,2025-05-08 13:00:00+00:00,2025-05-08 14:00:00+00:00,-1.0,61.80000137329102,62.41999984741211,0.11343641497821923,transition,-1049.0656997803426,signal_change,1
BZ=F,SCORE,2025-05-08 15:00:00+00:00,2025-05-08 23:00:00+00:00,1.0,62.489999542236326,63.089998474121096,0.04001454613425515,transition,342.18380521956675,signal_change,7
BZ=F,SCORE,2025-05-09 05:00:00+00:00,2025-05-09 06:00:00+00:00,1.0,63.17999816894531,63.14999984741211,0.13211286706455827,transition,-137.53787522592015,signal_change,1
BZ=F,SCORE,2025-05-09 08:00:00+00:00,2025-05-09 13:00:00+00:00,1.0,63.55000091552734,63.760000457763674,0.046591871409778794,trend,120.36469536630054,signal_change,5
BZ=F,SCORE,2025-05-09 14:00:00+00:00,2025-05-09 20:00:00+00:00,1.0,63.39000106811523,63.80999969482422,0.13542590153221598,transition,774.9707907594974,signal_change,6
BZ=F,SCORE,2025-05-12 06:00:00+00:00,2025-05-12 07:00:00+00:00,1.0,64.71999908447266,65.23374961853027,0.1366430605828763,transition,954.7440551169908,stop,2
BZ=F,SCORE,2025-05-12 08:00:00+00:00,2025-05-12 10:00:00+00:00,1.0,65.6099984741211,65.74,0.040798005634705294,transition,53.899805619345265,signal_change,2
BZ=F,SCORE,2025-05-12 12:00:00+00:00,2025-05-12 13:00:00+00:00,1.0,66.2400033569336,66.18999694824218,0.11282397539517917,transition,-146.3036443152846,signal_change,1
BZ=F,SCORE,2025-05-12 14:00:00+00:00,2025-05-12 16:00:00+00:00,1.0,65.74999786376954,65.11999725341796,0.10765395043739111,transition,-1049.74935218531,signal_change,2
BZ=F,SCORE,2025-05-12 17:00:00+00:00,2025-05-12 18:00:00+00:00,1.0,65.20999694824219,65.03000091552734,0.11156581470233565,transition,-358.7024796628819,signal_change,1
BZ=F,SCORE,2025-05-12 19:00:00+00:00,2025-05-12 20:00:00+00:00,1.0,64.92999816894532,64.78000091552734,0.10895191081467823,transition,-303.39796279698356,signal_change,1
BZ=F,SCORE,2025-05-13 16:00:00+00:00,2025-05-13 20:00:00+00:00,1.0,66.56000305175782,66.53000091552734,0.05065632979427134,transition,-50.47788652916267,signal_change,4
BZ=F,SCORE,2025-05-14 09:00:00+00:00,2025-05-14 09:00:00+00:00,1.0,66.34000183105469,65.7858346303304,0.15130919931160264,shock,-1292.418023331803,stop,1
BZ=F,SCORE,2025-05-14 14:00:00+00:00,2025-05-14 16:00:00+00:00,1.0,66.38999725341797,66.07000183105468,0.14507983597951857,transition,-749.5936485861081,signal_change,2
BZ=F,SCORE,2025-05-14 19:00:00+00:00,2025-05-14 22:00:00+00:00,-1.0,65.85000061035156,65.77000213623047,0.1540541076980297,transition,-88.96383683128838,signal_change,2
BZ=F,SCORE,2025-05-14 23:00:00+00:00,2025-05-15 00:00:00+00:00,-1.0,65.08999847412109,65.20999694824219,0.13380947336451182,transition,-312.03092619350167,signal_change,1
BZ=F,SCORE,2025-05-15 01:00:00+00:00,2025-05-15 02:00:00+00:00,-1.0,65.12999938964843,64.82999969482422,0.1237783772135877,transition,362.0464271373553,signal_change,1
BZ=F,SCORE,2025-05-15 03:00:00+00:00,2025-05-15 04:00:00+00:00,-1.0,64.54999755859374,64.70999694824219,0.11501758015600862,transition,-100.80803838509239,signal_change,1
BZ=F,SCORE,2025-05-15 06:00:00+00:00,2025-05-15 11:00:00+00:00,-1.0,64.32999633789062,63.989999542236326,0.10420174821308087,transition,455.178117354702,signal_change,5
BZ=F,SCORE,2025-05-15 13:00:00+00:00,2025-05-15 18:00:00+00:00,-1.0,64.29999755859374,64.6099984741211,0.0906727295284829,shock,-445.73468636174755,signal_change,5
BZ=F,SCORE,2025-05-15 19:00:00+00:00,2025-05-15 20:00:00+00:00,-1.0,64.60000061035156,64.69000030517579,0.09384426153908587,transition,-178.82700797994715,signal_change,1
BZ=F,SCORE,2025-05-16 11:00:00+00:00,2025-05-16 12:00:00+00:00,1.0,64.88999725341797,64.71000122070312,0.1195380228994293,transition,-384.66182533791886,signal_change,1
BZ=F,SCORE,2025-05-16 13:00:00+00:00,2025-05-16 20:00:00+00:00,1.0,64.92000366210938,65.24,0.11944695893256152,transition,493.1834216116321,signal_change,7
BZ=F,SCORE,2025-05-19 13:00:00+00:00,2025-05-19 14:00:00+00:00,1.0,65.28999877929688,65.11000274658203,0.12804054175665947,transition,-409.84778065489235,signal_change,1
BZ=F,SCORE,2025-05-19 16:00:00+00:00,2025-05-19 17:00:00+00:00,1.0,65.87000061035157,65.53000091552734,0.04216726107664172,transition,-231.27372350459504,signal_change,1
BZ=F,SCORE,2025-05-19 18:00:00+00:00,2025-05-19 20:00:00+00:00,-1.0,65.07999633789062,65.53999877929688,0.03871356726411589,transition,-248.27934003084835,signal_change,2
BZ=F,SCORE,2025-05-20 19:00:00+00:00,2025-05-20 20:00:00+00:00,1.0,65.57999969482422,65.65999816894531,0.1336365979674927,transition,78.12644919306915,signal_change,1
BZ=F,SCORE,2025-05-21 13:00:00+00:00,2025-05-21 14:00:00+00:00,1.0,66.16000152587891,65.82999633789062,0.09791672753282042,transition,-520.2258824981235,signal_change,1
BZ=F,SCORE,2025-05-22 07:00:00+00:00,2025-05-22 08:00:00+00:00,-1.0,63.850000610351564,64.28999877929688,0.08080582089599969,transition,-504.1818129017857,signal_change,1
BZ=F,SCORE,2025-05-22 09:00:00+00:00,2025-05-22 12:00:00+00:00,-1.0,64.1400015258789,63.7699983215332,0.11345730858562836,transition,554.1566118661377,signal_change,3
BZ=F,SCORE,2025-05-22 13:00:00+00:00,2025-05-22 17:00:00+00:00,-1.0,63.80999969482422,64.42999816894532,0.11037422420711132,transition,-953.0129312806457,signal_change,4
BZ=F,SCORE,2025-05-23 19:00:00+00:00,2025-05-23 20:00:00+00:00,1.0,64.95000244140626,64.2599966430664,0.06521304808277101,shock,-695.7257699789727,signal_change,1
BZ=F,SCORE,2025-05-26 23:00:00+00:00,2025-05-27 00:00:00+00:00,-1.0,64.04000305175781,64.71999908447266,0.03945728225075627,transition,-408.6442955281873,signal_change,1
BZ=F,SCORE,2025-05-27 07:00:00+00:00,2025-05-27 09:00:00+00:00,-1.0,64.15000366210937,64.23000122070313,0.03268587572076888,transition,-48.61399017537785,signal_change,2
BZ=F,SCORE,2025-05-27 11:00:00+00:00,2025-05-27 12:00:00+00:00,-1.0,64.6400015258789,63.820001373291014,0.010756993167253747,shock,-79.09843589696035,signal_change,1
BZ=F,SCORE,2025-05-27 15:00:00+00:00,2025-05-27 16:00:00+00:00,-1.0,63.190000762939455,63.66999984741211,0.01005192764164296,transition,249.07133883597635,signal_change,1
BZ=F,SCORE,2025-05-28 16:00:00+00:00,2025-05-28 19:00:00+00:00,1.0,65.42000366210938,64.04000305175781,0.03135349727733952,shock,-649.0195852389511,signal_change,3
BZ=F,SCORE,2025-05-29 07:00:00+00:00,2025-05-29 08:00:00+00:00,1.0,65.38000274658204,65.42000030517578,0.02852658281060949,transition,0.16819885220878206,signal_change,1
BZ=F,SCORE,2025-05-29 17:00:00+00:00,2025-05-29 18:00:00+00:00,-1.0,63.339998474121096,63.2699983215332,0.028663136708583,transition,30.452062384875052,signal_change,1
BZ=F,SCORE,2025-05-30 13:00:00+00:00,2025-05-30 20:00:00+00:00,-1.0,62.55999969482422,62.85000015258789,0.09079869391782555,transition,-426.45383905374143,signal_change,7
BZ=F,SCORE,2025-06-02 09:00:00+00:00,2025-06-02 12:00:00+00:00,1.0,64.69000030517579,65.12999938964843,0.08906765160721167,transition,522.0087934361136,signal_change,3
BZ=F,SCORE,2025-06-02 13:00:00+00:00,2025-06-02 18:00:00+00:00,1.0,65.38000274658204,64.48624919891357,0.09108452403850803,transition,-1231.6579948577473,stop,6
BZ=F,SCORE,2025-06-02 19:00:00+00:00,2025-06-02 22:00:00+00:00,1.0,64.95000244140626,65.01999877929687,0.10028757911392405,transition,44.92434912833923,signal_change,2
BZ=F,SCORE,2025-06-03 00:00:00+00:00,2025-06-03 01:00:00+00:00,1.0,65.19000030517579,65.0099966430664,0.04043872929767462,shock,-128.93568560763208,signal_change,1
BZ=F,SCORE,2025-06-03 15:00:00+00:00,2025-06-03 20:00:00+00:00,1.0,65.76,65.54999755859374,0.1350818485663045,transition,-485.7487964789136,signal_change,5
BZ=F,SCORE,2025-06-04 12:00:00+00:00,2025-06-04 12:00:00+00:00,1.0,65.66000152587891,65.13249969482422,0.15763229765590447,transition,-1288.2402017098234,stop,1
BZ=F,SCORE,2025-06-04 16:00:00+00:00,2025-06-04 20:00:00+00:00,-1.0,64.67000030517578,64.88999725341797,0.08905022238176469,transition,-389.1319490264409,signal_change,4
BZ=F,SCORE,2025-06-05 14:00:00+00:00,2025-06-05 15:00:00+00:00,1.0,65.73000122070313,65.68000244140624,0.145761958182758,shock,-187.8889777220311,signal_change,1
BZ=F,SCORE,2025-06-05 17:00:00+00:00,2025-06-05 20:00:00+00:00,1.0,65.24999786376954,65.29999755859374,0.06428805668623548,shock,9.850100903303584,signal_change,3
BZ=F,SCORE,2025-06-06 14:00:00+00:00,2025-06-06 17:00:00+00:00,1.0,66.38000274658204,66.46000122070312,0.05810045782635333,transition,33.53728600638155,signal_change,3
BZ=F,SCORE,2025-06-06 19:00:00+00:00,2025-06-06 20:00:00+00:00,1.0,66.56999755859376,66.49,0.166477318174755,transition,-283.2366669617279,signal_change,1
BZ=F,SCORE,2025-06-09 08:00:00+00:00,2025-06-09 10:00:00+00:00,1.0,66.34000183105469,66.61000274658203,0.16226845074755736,transition,530.8450312095018,signal_change,2
BZ=F,SCORE,2025-06-09 12:00:00+00:00,2025-06-09 13:00:00+00:00,1.0,66.84999633789063,66.32833035786946,0.16333898290342344,transition,-1296.1324534653568,stop,2
BZ=F,SCORE,2025-06-09 14:00:00+00:00,2025-06-09 17:00:00+00:00,1.0,66.44000030517579,66.74,0.17505295989561143,shock,648.0282310025572,signal_change,3
BZ=F,SCORE,2025-06-09 19:00:00+00:00,2025-06-09 20:00:00+00:00,1.0,67.09000183105469,67.03000091552734,0.1896796726550354,transition,-267.1383486436128,signal_change,1
BZ=F,SCORE,2025-06-10 02:00:00+00:00,2025-06-10 03:00:00+00:00,1.0,67.34000183105469,67.36999725341796,0.200019972413293,transition,-28.592091930068506,signal_change,1
BZ=F,SCORE,2025-06-10 09:00:00+00:00,2025-06-10 10:00:00+00:00,1.0,67.27999664306641,67.18999694824218,0.18692977973805233,transition,-341.17779981385405,signal_change,1
BZ=F,SCORE,2025-06-10 11:00:00+00:00,2025-06-10 13:00:00+00:00,1.0,67.41000152587891,67.26999877929687,0.18601120428144077,transition,-468.73246424836856,signal_change,2
BZ=F,SCORE,2025-06-10 14:00:00+00:00,2025-06-10 16:00:00+00:00,1.0,67.62000061035157,67.30750011444091,0.18800021334071784,transition,-924.883174101887,stop,3
BZ=F,SCORE,2025-06-10 17:00:00+00:00,2025-06-10 18:00:00+00:00,1.0,67.24999786376954,66.77416547139485,0.18002718745009832,transition,-1302.4735975171582,stop,2
BZ=F,SCORE,2025-06-10 19:00:00+00:00,2025-06-10 20:00:00+00:00,-1.0,66.57999633789062,66.7400033569336,0.059278114603947926,transition,-150.68846945110383,signal_change,1
BZ=F,SCORE,2025-06-11 13:00:00+00:00,2025-06-11 15:00:00+00:00,1.0,68.06000305175782,67.93999694824218,0.13791533203396478,transition,-305.4995976404481,signal_change,2
BZ=F,SCORE,2025-06-11 16:00:00+00:00,2025-06-11 18:00:00+00:00,1.0,68.42000366210938,68.84624980926513,0.13745338235519716,transition,729.7978036083002,stop,3
BZ=F,SCORE,2025-06-11 19:00:00+00:00,2025-06-11 20:00:00+00:00,1.0,69.71999908447266,69.51999877929687,0.04418650874287514,trend,-143.6426008060088,signal_change,1
BZ=F,SCORE,2025-06-11 23:00:00+00:00,2025-06-12 00:00:00+00:00,1.0,70.56000305175782,70.15999816894531,0.11062512622174636,trend,-650.9238369646379,signal_change,1
BZ=F,SCORE,2025-06-12 14:00:00+00:00,2025-06-12 15:00:00+00:00,1.0,69.07999969482422,69.19999908447265,0.09868377653344435,transition,106.47771054189886,signal_change,1
BZ=F,SCORE,2025-06-12 16:00:00+00:00,2025-06-12 18:00:00+00:00,1.0,69.78999877929688,69.69999908447265,0.09634380999010218,transition,-169.44996998537394,signal_change,2
BZ=F,SCORE,2025-06-13 01:00:00+00:00,2025-06-13 02:00:00+00:00,1.0,74.44000030517579,76.19875167846679,0.02577372127120723,shock,557.1003464010786,stop,2
BZ=F,SCORE,2025-06-13 03:00:00+00:00,2025-06-13 03:00:00+00:00,1.0,76.8599984741211,75.16000048319499,0.019532196986084615,shock,-416.60077650917367,stop,1
BZ=F,SCORE,2025-06-13 04:00:00+00:00,2025-06-13 05:00:00+00:00,1.0,75.53999877929688,74.72000335693359,0.01815515604263851,transition,-194.92946145241586,signal_change,1
BZ=F,SCORE,2025-06-13 10:00:00+00:00,2025-06-13 11:00:00+00:00,1.0,75.01,74.86999725341796,0.040439015618436845,transition,-92.50265786571575,signal_change,1
BZ=F,SCORE,2025-06-13 19:00:00+00:00,2025-06-13 20:00:00+00:00,1.0,75.1099984741211,74.35000061035156,0.033812532006061866,transition,-339.39139685660666,signal_change,1
BZ=F,SCORE,2025-06-16 14:00:00+00:00,2025-06-16 16:00:00+00:00,-1.0,71.33999847412109,72.56999755859376,0.015721389540570552,shock,-266.88838687696216,signal_change,2
BZ=F,SCORE,2025-06-16 19:00:00+00:00,2025-06-16 20:00:00+00:00,-1.0,72.74,72.88999725341797,0.04857840600237728,transition,-132.81646435055774,signal_change,1
BZ=F,SCORE,2025-06-17 14:00:00+00:00,2025-06-17 20:00:00+00:00,1.0,75.27999664306641,76.46000122070312,0.05360302256062842,transition,759.322442872502,signal_change,6
BZ=F,SCORE,2025-06-18 03:00:00+00:00,2025-06-18 04:00:00+00:00,1.0,76.7400033569336,76.7599966430664,0.06566449202352792,transition,-18.514709132358067,signal_change,1
BZ=F,SCORE,2025-06-18 10:00:00+00:00,2025-06-18 12:00:00+00:00,1.0,75.81000305175782,76.54000305175781,0.06766346085544447,transition,576.5356786249844,signal_change,2
BZ=F,SCORE,2025-06-18 13:00:00+00:00,2025-06-18 14:00:00+00:00,1.0,76.67999816894532,75.29874729156494,0.06833519834374488,transition,-1180.7740489658402,stop,2
BZ=F,SCORE,2025-06-19 15:00:00+00:00,2025-06-19 17:00:00+00:00,1.0,78.46999908447266,77.10666275024414,0.07235821055390973,shock,-1211.1976149292532,stop,3
BZ=F,SCORE,2025-06-20 14:00:00+00:00,2025-06-20 15:00:00+00:00,-1.0,76.26999877929687,76.81999755859376,0.061382534333297704,transition,-432.39661446781747,signal_change,1
BZ=F,SCORE,2025-06-22 23:00:00+00:00,2025-06-23 01:00:00+00:00,1.0,78.55000091552735,79.03000091552734,0.022857012292776924,transition,119.06383491256273,signal_change,2
BZ=F,SCORE,2025-06-23 17:00:00+00:00,2025-06-23 17:00:00+00:00,-1.0,75.32000183105468,75.20124984741211,0.01515897133908111,shock,-30.447973993227105,stop,1
BZ=F,SCORE,2025-06-23 18:00:00+00:00,2025-06-24 00:00:00+00:00,-1.0,72.29999755859374,68.77999664306641,0.029430423682196494,shock,1414.4876819869212,signal_change,5
BZ=F,SCORE,2025-06-24 01:00:00+00:00,2025-06-24 02:00:00+00:00,-1.0,68.99,69.52000213623047,0.03751618219327542,trend,-148.7957596284776,signal_change,1
BZ=F,SCORE,2025-06-24 06:00:00+00:00,2025-06-24 10:00:00+00:00,-1.0,68.78000091552734,69.20999694824219,0.03533238695272013,trend,-172.82489127987182,signal_change,4
BZ=F,SCORE,2025-06-24 12:00:00+00:00,2025-06-24 13:00:00+00:00,-1.0,68.92000030517578,68.70000244140626,0.0342828498634707,trend,102.41853712668151,signal_change,1
BZ=F,SCORE,2025-06-24 14:00:00+00:00,2025-06-24 18:00:00+00:00,-1.0,68.32999633789062,67.66000152587891,0.033740063058533123,trend,308.3711263889103,signal_change,4
BZ=F,SCORE,2025-06-25 09:00:00+00:00,2025-06-25 10:00:00+00:00,-1.0,68.11999725341796,66.87000061035157,0.02426534800966354,transition,397.77120423073535,signal_change,1
BZ=F,SCORE,2025-06-25 13:00:00+00:00,2025-06-25 16:00:00+00:00,-1.0,66.65999816894531,67.12000061035157,0.059874019111881165,transition,-371.0540787663149,signal_change,3
BZ=F,SCORE,2025-06-26 14:00:00+00:00,2025-06-26 16:00:00+00:00,1.0,66.8599984741211,67.29000305175781,0.12048223258044477,transition,662.4769884498648,signal_change,2
BZ=F,SCORE,2025-06-27 14:00:00+00:00,2025-06-27 15:00:00+00:00,1.0,67.06000305175782,67.03000091552734,0.13427853601743042,range,-131.95007417098284,signal_change,1
BZ=F,SCORE,2025-06-27 16:00:00+00:00,2025-06-27 17:00:00+00:00,-1.0,66.51999877929687,66.56000305175782,0.04514716412025628,transition,-50.978485850142036,signal_change,1
BZ=F,SCORE,2025-06-30 15:00:00+00:00,2025-06-30 16:00:00+00:00,-1.0,66.3900015258789,66.49999786376954,0.12218779013505743,transition,-155.51826041551345,signal_change,1
BZ=F,SCORE,2025-06-30 17:00:00+00:00,2025-06-30 18:00:00+00:00,1.0,66.76,66.54999755859374,0.13622822155492295,range,-479.39435018469874,signal_change,1
BZ=F,SCORE,2025-07-01 11:00:00+00:00,2025-07-01 12:00:00+00:00,1.0,67.39999938964844,67.24,0.0561225427289521,transition,-156.54520329049308,signal_change,1
BZ=F,SCORE,2025-07-01 13:00:00+00:00,2025-07-01 14:00:00+00:00,1.0,67.38999725341797,66.96000122070312,0.14768408191291704,transition,-967.2721970387224,signal_change,1
BZ=F,SCORE,2025-07-01 16:00:00+00:00,2025-07-01 18:00:00+00:00,1.0,67.21999908447266,67.10000061035156,0.15139683619780123,transition,-338.35209855857613,signal_change,2
BZ=F,SCORE,2025-07-01 19:00:00+00:00,2025-07-01 20:00:00+00:00,1.0,67.23000122070313,67.33999847412109,0.15785189763714758,transition,153.74156260250146,signal_change,1
BZ=F,SCORE,2025-07-02 09:00:00+00:00,2025-07-02 14:00:00+00:00,1.0,67.42000366210938,67.40999816894531,0.15229774313610261,transition,-102.81588258965634,signal_change,5
BZ=F,SCORE,2025-07-02 15:00:00+00:00,2025-07-02 15:00:00+00:00,1.0,67.49999786376954,67.54875015258789,0.05385004870196918,transition,6.363952613687783,stop,1
BZ=F,SCORE,2025-07-02 16:00:00+00:00,2025-07-02 20:00:00+00:00,1.0,68.23000122070313,68.86999725341796,0.15356513671908412,transition,1266.40233912558,signal_change,4
BZ=F,SCORE,2025-07-03 14:30:00+00:00,2025-07-04 04:00:00+00:00,1.0,68.81999755859376,68.79000305175781,0.11854992067721552,transition,-113.62306708077247,signal_change,3
BZ=F,SCORE,2025-07-07 14:00:00+00:00,2025-07-07 20:00:00+00:00,1.0,68.95000244140626,69.61999725341796,0.045671718063534164,shock,391.153979998678,signal_change,6
BZ=F,SCORE,2025-07-08 13:00:00+00:00,2025-07-08 18:00:00+00:00,1.0,69.67000366210938,70.35000061035156,0.13535021003102224,transition,1163.9788701802172,signal_change,5
BZ=F,SCORE,2025-07-08 19:00:00+00:00,2025-07-08 20:00:00+00:00,1.0,70.17999816894532,70.12999938964843,0.16009152381372643,transition,-195.2711259921047,signal_change,1
BZ=F,SCORE,2025-07-09 08:00:00+00:00,2025-07-09 10:00:00+00:00,1.0,70.48000122070313,70.40000366210937,0.16617621700094234,transition,-267.10169043186386,signal_change,2
BZ=F,SCORE,2025-07-09 13:00:00+00:00,2025-07-09 14:00:00+00:00,1.0,70.16000152587891,69.76999877929687,0.15818005174629335,transition,-913.6650381111369,signal_change,1
BZ=F,SCORE,2025-07-09 15:00:00+00:00,2025-07-09 17:00:00+00:00,1.0,70.13000274658204,70.47999786376953,0.0560238768314886,transition,231.59641077036622,signal_change,2
BZ=F,SCORE,2025-07-09 19:00:00+00:00,2025-07-09 20:00:00+00:00,-1.0,70.11000274658203,70.13999725341797,0.16934764447305636,range,-25.01965387670363,signal_change,1
BZ=F,SCORE,2025-07-10 12:00:00+00:00,2025-07-10 13:00:00+00:00,-1.0,69.50000213623046,69.69000030517579,0.15040981303076342,transition,-469.0508921020659,signal_change,1
BZ=F,SCORE,2025-07-10 14:00:00+00:00,2025-07-10 20:00:00+00:00,-1.0,68.8900015258789,68.92999816894532,0.09602957267410135,shock,49.188291920626874,signal_change,6
BZ=F,SCORE,2025-07-11 01:00:00+00:00,2025-07-11 02:00:00+00:00,-1.0,68.65999816894531,69.09999633789063,0.12715947865501756,transition,-800.6174905350183,signal_change,1
BZ=F,SCORE,2025-07-11 08:00:00+00:00,2025-07-11 10:00:00+00:00,-1.0,68.82999633789062,68.77000213623047,0.11711602407034666,transition,30.140132362968153,signal_change,2
BZ=F,SCORE,2025-07-11 15:00:00+00:00,2025-07-11 17:00:00+00:00,1.0,70.16000152587891,70.24,0.1310036048147392,transition,69.87652846468083,signal_change,2
BZ=F,SCORE,2025-07-11 18:00:00+00:00,2025-07-11 20:00:00+00:00,1.0,70.46999908447266,70.57000183105468,0.13666629374075898,transition,107.03544360743075,signal_change,2
BZ=F,SCORE,2025-07-14 04:00:00+00:00,2025-07-14 05:00:00+00:00,1.0,70.37000061035157,70.5099966430664,0.13639144211947252,transition,180.0044685558627,signal_change,1
BZ=F,SCORE,2025-07-14 08:00:00+00:00,2025-07-14 09:00:00+00:00,1.0,71.1099984741211,70.93000244140624,0.13171394902852804,transition,-384.70876717591125,signal_change,1
BZ=F,SCORE,2025-07-14 10:00:00+00:00,2025-07-14 11:00:00+00:00,1.0,71.26,71.32000183105468,0.12633988511783215,transition,31.004821345218062,signal_change,1
BZ=F,SCORE,2025-07-14 12:00:00+00:00,2025-07-14 13:00:00+00:00,1.0,71.38999725341797,71.0099966430664,0.12050888598903232,transition,-667.2649066059787,signal_change,1
BZ=F,SCORE,2025-07-15 13:00:00+00:00,2025-07-15 15:00:00+00:00,-1.0,69.11999725341796,69.02999664306641,0.1369243752686935,transition,165.7268496802078,signal_change,2
BZ=F,SCORE,2025-07-15 16:00:00+00:00,2025-07-15 18:00:00+00:00,-1.0,68.85000061035156,68.71999908447266,0.14872081100747503,transition,261.2035107393912,signal_change,2
BZ=F,SCORE,2025-07-16 12:00:00+00:00,2025-07-16 13:00:00+00:00,-1.0,67.97000335693359,68.16000152587891,0.18023790365443587,transition,-423.7070263006889,signal_change,1
BZ=F,SCORE,2025-07-16 14:00:00+00:00,2025-07-16 16:00:00+00:00,-1.0,67.96000122070312,68.43125034332276,0.1743075190539039,transition,360.98083237639764,stop,3
BZ=F,SCORE,2025-07-16 17:00:00+00:00,2025-07-16 18:00:00+00:00,-1.0,68.43999694824218,68.76,0.06321139677882265,shock,-294.8648201687018,signal_change,1
BZ=F,SCORE,2025-07-17 13:00:00+00:00,2025-07-17 20:00:00+00:00,1.0,68.66000152587891,69.54000305175781,0.153855925873129,transition,1757.7515168318935,signal_change,7
BZ=F,SCORE,2025-07-18 09:00:00+00:00,2025-07-18 10:00:00+00:00,1.0,69.99999786376954,70.2599966430664,0.15209972058551538,transition,446.92144734709683,signal_change,1
BZ=F,SCORE,2025-07-18 15:00:00+00:00,2025-07-18 15:00:00+00:00,1.0,70.39999938964844,69.71083196004231,0.12817163403660983,shock,-1249.1909584811744,stop,1
BZ=F,SCORE,2025-07-21 09:00:00+00:00,2025-07-21 10:00:00+00:00,-1.0,68.90999816894531,69.05000091552735,0.12818661572860565,transition,-315.27490529009526,signal_change,1
BZ=F,SCORE,2025-07-21 14:00:00+00:00,2025-07-21 17:00:00+00:00,-1.0,68.67000030517578,68.7400033569336,0.1389769639765635,transition,-248.6626242054204,signal_change,3
BZ=F,SCORE,2025-07-22 11:00:00+00:00,2025-07-22 12:00:00+00:00,-1.0,68.61000274658203,67.74999786376954,0.10909246965044865,shock,-1046.482422828389,signal_change,1
BZ=F,SCORE,2025-07-22 13:00:00+00:00,2025-07-22 16:00:00+00:00,-1.0,68.57999633789062,68.30000091552735,0.03329877929562977,shock,-9.792519808847615,signal_change,3
BZ=F,SCORE,2025-07-23 11:00:00+00:00,2025-07-23 12:00:00+00:00,-1.0,67.36000274658203,68.09999633789063,0.031194474233948145,transition,286.1227046074917,signal_change,1
BZ=F,SCORE,2025-07-23 14:00:00+00:00,2025-07-23 15:00:00+00:00,-1.0,68.12999938964843,68.20000244140626,0.10027952036489488,range,-124.7095625450839,signal_change,1
BZ=F,SCORE,2025-07-24 12:00:00+00:00,2025-07-24 12:00:00+00:00,1.0,68.9900033569336,68.07083892822266,0.032929274604333446,transition,-429.2206200397935,stop,1
BZ=F,SCORE,2025-07-24 13:00:00+00:00,2025-07-24 16:00:00+00:00,1.0,68.45000244140626,69.40999816894531,0.0928337477033202,shock,1174.2830894654796,signal_change,3
BZ=F,SCORE,2025-07-25 15:00:00+00:00,2025-07-25 19:00:00+00:00,-1.0,67.99,67.62000061035157,0.03190021984969753,shock,145.0684312504535,signal_change,4
BZ=F,SCORE,2025-07-28 13:00:00+00:00,2025-07-28 15:00:00+00:00,1.0,68.92000366210938,69.01999877929687,0.14954683023217522,transition,123.01183359360803,signal_change,2
BZ=F,SCORE,2025-07-28 17:00:00+00:00,2025-07-28 18:00:00+00:00,1.0,69.12000061035157,69.07999633789062,0.15572063372053063,transition,-170.55464259162173,signal_change,1
BZ=F,SCORE,2025-07-28 19:00:00+00:00,2025-07-28 22:00:00+00:00,1.0,69.49999786376954,69.65999816894531,0.1529867898688817,transition,246.18839322951374,signal_change,2
BZ=F,SCORE,2025-07-29 09:00:00+00:00,2025-07-29 09:00:00+00:00,1.0,69.78999877929688,69.10916455586751,0.1297638018407193,transition,-1258.7129851488567,stop,1
BZ=F,SCORE,2025-07-29 13:00:00+00:00,2025-07-29 13:00:00+00:00,1.0,69.81000305175782,68.76250330607097,0.08443375784234543,transition,-1233.0893928852681,stop,1
BZ=F,SCORE,2025-07-29 14:00:00+00:00,2025-07-29 15:00:00+00:00,1.0,70.1099984741211,70.07000183105468,0.08797742362774674,transition,-95.0585302070868,signal_change,1
BZ=F,SCORE,2025-07-29 16:00:00+00:00,2025-07-29 20:00:00+00:00,1.0,70.27000213623047,71.82999633789062,0.09000000977292287,transition,1813.119569533434,signal_change,4
BZ=F,SCORE,2025-07-30 02:00:00+00:00,2025-07-30 03:00:00+00:00,1.0,71.73000122070313,71.65000366210937,0.0794346882432748,trend,-126.1057731181267,signal_change,1
BZ=F,SCORE,2025-07-30 08:00:00+00:00,2025-07-30 10:00:00+00:00,1.0,72.19000030517579,71.25000213623046,0.07197589508339276,transition,-918.5382930116776,signal_change,2
BZ=F,SCORE,2025-07-30 13:00:00+00:00,2025-07-30 22:00:00+00:00,1.0,72.03999877929688,72.58999847412109,0.10735597228236675,transition,708.8997525009743,signal_change,8
BZ=F,SCORE,2025-07-31 11:00:00+00:00,2025-07-31 13:00:00+00:00,1.0,72.09000183105469,71.93999694824218,0.1445052778454926,transition,-359.97741366187165,signal_change,2
BZ=F,SCORE,2025-07-31 16:00:00+00:00,2025-07-31 16:00:00+00:00,-1.0,71.11000274658203,71.75666936238606,0.14071335843177982,transition,1121.7297916449688,stop,1
BZ=F,SCORE,2025-07-31 17:00:00+00:00,2025-07-31 20:00:00+00:00,-1.0,71.65000366210937,71.62000061035157,0.13761872815363776,transition,14.450301082870187,signal_change,3
BZ=F,SCORE,2025-08-01 09:00:00+00:00,2025-08-01 10:00:00+00:00,-1.0,71.33999847412109,71.56000305175782,0.12797390726320892,transition,-506.67045903690513,signal_change,1
BZ=F,SCORE,2025-08-01 11:00:00+00:00,2025-08-01 12:00:00+00:00,-1.0,71.04000305175781,71.13999725341797,0.12671628950050967,transition,-202.73208123343443,signal_change,1
BZ=F,SCORE,2025-08-01 13:00:00+00:00,2025-08-01 20:00:00+00:00,-1.0,71.54000305175781,69.56000305175782,0.10972640539102678,shock,2866.2379966022468,signal_change,7
BZ=F,SCORE,2025-08-03 23:00:00+00:00,2025-08-04 00:00:00+00:00,-1.0,69.1400015258789,69.21999908447266,0.10813751984757065,transition,-353.5709426950285,signal_change,1
BZ=F,SCORE,2025-08-04 09:00:00+00:00,2025-08-04 09:00:00+00:00,-1.0,68.76999877929687,69.01874996185303,0.08015158916233671,transition,227.87411474538112,stop,1
BZ=F,SCORE,2025-08-04 13:00:00+00:00,2025-08-04 15:00:00+00:00,-1.0,68.05999969482421,69.38833173116048,0.06461763771143017,trend,-1027.8505942268978,stop,3
BZ=F,SCORE,2025-08-04 17:00:00+00:00,2025-08-04 20:00:00+00:00,-1.0,68.74,68.6099984741211,0.06912883835568806,transition,141.08587092146527,signal_change,3
BZ=F,SCORE,2025-08-05 08:00:00+00:00,2025-08-05 11:00:00+00:00,-1.0,68.5099966430664,68.06000305175782,0.07169827994344319,transition,461.3554741795466,signal_change,3
BZ=F,SCORE,2025-08-05 16:00:00+00:00,2025-08-05 18:00:00+00:00,-1.0,67.90000366210937,67.81999755859376,0.05024585959085678,shock,27.44134077044654,signal_change,2
BZ=F,SCORE,2025-08-05 19:00:00+00:00,2025-08-05 20:00:00+00:00,-1.0,67.57999633789062,67.63000274658204,0.14704344441655598,transition,-225.28352922506625,signal_change,1
BZ=F,SCORE,2025-08-06 13:00:00+00:00,2025-08-06 13:00:00+00:00,1.0,68.63000274658204,67.67833455403645,0.08964144604473924,shock,-1216.9991410769833,stop,1
BZ=F,SCORE,2025-08-06 14:00:00+00:00,2025-08-06 22:00:00+00:00,-1.0,66.97999786376953,65.80000091552735,0.030476322646032523,shock,609.7322987062178,signal_change,7
BZ=F,SCORE,2025-08-07 01:00:00+00:00,2025-08-07 02:00:00+00:00,-1.0,66.26999877929687,66.31999755859376,0.08032673023457729,transition,-170.4047134620167,signal_change,1
BZ=F,SCORE,2025-08-07 08:00:00+00:00,2025-08-07 09:00:00+00:00,-1.0,67.05999969482421,67.13999725341797,0.0749440237459524,transition,-42.07340537034383,signal_change,1
BZ=F,SCORE,2025-08-07 14:00:00+00:00,2025-08-07 17:00:00+00:00,-1.0,66.94999908447265,66.77000213623047,0.062088236842142694,transition,155.79505569018025,signal_change,3
BZ=F,SCORE,2025-08-08 09:00:00+00:00,2025-08-08 10:00:00+00:00,1.0,66.67000366210938,66.79999755859374,0.09339685225806223,transition,118.32471103479054,signal_change,1
BZ=F,SCORE,2025-08-08 15:00:00+00:00,2025-08-08 15:00:00+00:00,-1.0,66.17000030517578,66.8950023651123,0.04093519768344506,transition,397.7898813180193,stop,1
BZ=F,SCORE,2025-08-11 15:00:00+00:00,2025-08-11 16:00:00+00:00,-1.0,66.43000244140624,66.48000122070313,0.11716234498005687,transition,-115.77143777655625,signal_change,1
BZ=F,SCORE,2025-08-12 09:00:00+00:00,2025-08-12 10:00:00+00:00,1.0,66.57999969482422,66.76999877929687,0.16972877509455922,transition,358.955436882429,signal_change,1
BZ=F,SCORE,2025-08-12 14:00:00+00:00,2025-08-12 15:00:00+00:00,-1.0,66.32000183105468,66.41000152587891,0.15608940745408909,transition,-198.67021252276587,signal_change,1
BZ=F,SCORE,2025-08-13 09:00:00+00:00,2025-08-13 12:00:00+00:00,-1.0,65.82999633789062,65.88999725341797,0.16365675182574105,transition,-187.596900584158,signal_change,3
BZ=F,SCORE,2025-08-13 14:00:00+00:00,2025-08-13 14:00:00+00:00,-1.0,65.92000030517578,66.00125289916993,0.16091143132037464,shock,95.05102460567736,stop,1
BZ=F,SCORE,2025-08-13 15:00:00+00:00,2025-08-13 18:00:00+00:00,-1.0,65.32000183105468,65.56999755859376,0.10589540390861753,shock,-472.9940275324374,signal_change,3
BZ=F,SCORE,2025-08-13 19:00:00+00:00,2025-08-13 20:00:00+00:00,-1.0,65.53000091552734,65.74999786376954,0.14893516277590307,transition,-468.456882118638,signal_change,1
BZ=F,SCORE,2025-08-14 15:00:00+00:00,2025-08-14 20:00:00+00:00,1.0,66.44000030517579,66.92000030517578,0.1461015740989278,transition,906.0472853124775,signal_change,5
BZ=F,SCORE,2025-08-15 02:00:00+00:00,2025-08-15 03:00:00+00:00,1.0,66.87000061035157,66.75000213623046,0.16589360307297044,transition,-372.84869287166987,signal_change,1
BZ=F,SCORE,2025-08-15 12:00:00+00:00,2025-08-15 13:00:00+00:00,1.0,66.63000274658204,66.29999755859374,0.1627904851095711,transition,-848.3261420556315,signal_change,1
BZ=F,SCORE,2025-08-15 14:00:00+00:00,2025-08-15 15:00:00+00:00,1.0,66.27000213623047,66.37999938964843,0.16706399099832564,transition,165.71944792691687,signal_change,1
BZ=F,SCORE,2025-08-15 16:00:00+00:00,2025-08-15 17:00:00+00:00,-1.0,66.17000030517578,66.20999694824219,0.1739845073621763,transition,-295.4073843588375,signal_change,1
BZ=F,SCORE,2025-08-15 18:00:00+00:00,2025-08-15 19:00:00+00:00,-1.0,66.04999755859374,66.02000213623047,0.1723045844097428,transition,-170.73132740965227,signal_change,1
BZ=F,SCORE,2025-08-18 08:00:00+00:00,2025-08-18 08:00:00+00:00,-1.0,65.68999694824218,65.83624816894532,0.12277658255680828,transition,186.64956511132468,stop,1
BZ=F,SCORE,2025-08-18 13:00:00+00:00,2025-08-18 15:00:00+00:00,-1.0,65.93000244140624,65.95000244140626,0.08364800059166762,transition,-25.92041329450301,signal_change,2
BZ=F,SCORE,2025-08-19 09:00:00+00:00,2025-08-19 10:00:00+00:00,-1.0,65.86000274658203,65.95000244140626,0.032647973392757754,shock,-88.13636933087037,signal_change,1
BZ=F,SCORE,2025-08-19 14:00:00+00:00,2025-08-19 15:00:00+00:00,-1.0,65.42000030517578,65.55000091552735,0.11110181502190544,range,-269.95019641868527,signal_change,1
BZ=F,SCORE,2025-08-19 16:00:00+00:00,2025-08-19 18:00:00+00:00,-1.0,65.24,65.24999786376954,0.11441008096429871,transition,82.791763670214,signal_change,2
BZ=F,SCORE,2025-08-19 19:00:00+00:00,2025-08-19 22:00:00+00:00,-1.0,65.3900015258789,65.62000061035157,0.12107397775609315,transition,52.39293151870717,signal_change,2
BZ=F,SCORE,2025-08-20 13:00:00+00:00,2025-08-20 14:00:00+00:00,1.0,66.55000091552735,66.49,0.09017607921857539,transition,-126.94000282548924,signal_change,1
BZ=F,SCORE,2025-08-20 16:00:00+00:00,2025-08-20 18:00:00+00:00,1.0,66.92999816894532,66.71000122070312,0.08941150811351854,transition,-325.7552646698288,signal_change,2
BZ=F,SCORE,2025-08-20 19:00:00+00:00,2025-08-20 20:00:00+00:00,1.0,67.01,67.00000213623046,0.09048585268775929,transition,-63.363869147001694,signal_change,1
BZ=F,SCORE,2025-08-21 09:00:00+00:00,2025-08-21 09:00:00+00:00,1.0,67.41000152587891,66.6125005086263,0.037483285592492366,shock,-436.32783254983286,stop,1
BZ=F,SCORE,2025-08-21 10:00:00+00:00,2025-08-21 10:00:00+00:00,1.0,67.48000122070313,66.65750058492024,0.03629228011515291,shock,-434.4280882304748,stop,1
BZ=F,SCORE,2025-08-21 11:00:00+00:00,2025-08-21 11:00:00+00:00,1.0,67.38999725341797,66.54166348775227,0.03507478262683103,shock,-432.789793267704,stop,1
BZ=F,SCORE,2025-08-21 12:00:00+00:00,2025-08-21 12:00:00+00:00,1.0,67.23000122070313,66.33166758219402,0.03301194865834352,transition,-431.06071422969234,stop,1
BZ=F,SCORE,2025-08-21 13:00:00+00:00,2025-08-21 13:00:00+00:00,1.0,67.02999664306641,66.09082921346028,0.08983848961376821,transition,-1227.1180540425844,stop,1
BZ=F,SCORE,2025-08-21 14:00:00+00:00,2025-08-21 15:00:00+00:00,1.0,66.78999877929688,66.22999786376953,0.08172283723043024,transition,-685.6872762006302,signal_change,1
BZ=F,SCORE,2025-08-22 15:00:00+00:00,2025-08-22 16:00:00+00:00,-1.0,66.78000091552734,66.77000213623047,0.13567092245505577,transition,18.906626370563224,signal_change,1
BZ=F,SCORE,2025-08-22 19:00:00+00:00,2025-08-22 20:00:00+00:00,1.0,66.82999969482422,66.82999633789062,0.09430277479254942,shock,-52.724526304699026,signal_change,1
BZ=F,SCORE,2025-08-24 22:00:00+00:00,2025-08-24 22:00:00+00:00,1.0,67.44000030517579,67.05666796366374,0.44725565862455957,transition,-2620.5474668395245,stop,1
BZ=F,SCORE,2025-08-25 14:00:00+00:00,2025-08-25 22:00:00+00:00,1.0,67.9900033569336,68.15999816894531,0.0919999518867276,transition,164.05728922801788,signal_change,7
BZ=F,SCORE,2025-08-26 00:00:00+00:00,2025-08-26 01:00:00+00:00,1.0,68.14999938964844,67.87999938964843,0.03570317304208094,shock,-151.32233201068556,signal_change,1
BZ=F,SCORE,2025-08-26 03:00:00+00:00,2025-08-26 04:00:00+00:00,1.0,67.96999908447266,67.90999816894531,0.12003537020545452,transition,-164.9595863998257,signal_change,1
BZ=F,SCORE,2025-08-26 15:00:00+00:00,2025-08-26 20:00:00+00:00,-1.0,67.30999969482421,66.76,0.21567699668245047,shock,1521.0892535062665,signal_change,5
BZ=F,SCORE,2025-08-27 00:00:00+00:00,2025-08-27 01:00:00+00:00,-1.0,66.86999725341796,66.77999664306641,0.22369440158582568,trend,-31.51859722191176,signal_change,1
BZ=F,SCORE,2025-08-27 02:00:00+00:00,2025-08-27 03:00:00+00:00,-1.0,66.60000061035156,66.77000213623047,0.22256703282171092,transition,-653.5454213486066,signal_change,1
BZ=F,SCORE,2025-08-27 04:00:00+00:00,2025-08-27 05:00:00+00:00,-1.0,66.68999694824218,66.69000030517579,0.22742076689393045,trend,-253.9575733876788,signal_change,1
BZ=F,SCORE,2025-08-27 09:00:00+00:00,2025-08-27 10:00:00+00:00,-1.0,66.3900015258789,66.59999633789063,0.20865372853333844,transition,-905.9416426042402,signal_change,1
BZ=F,SCORE,2025-08-27 15:00:00+00:00,2025-08-27 16:00:00+00:00,-1.0,67.11000274658203,67.16000152587891,0.1907110902714661,transition,-79.59735307860508,signal_change,1
BZ=F,SCORE,2025-08-27 17:00:00+00:00,2025-08-27 20:00:00+00:00,1.0,67.17999816894532,67.17000030517578,0.07203257264705745,shock,-49.89309344785506,signal_change,3
BZ=F,SCORE,2025-08-28 12:00:00+00:00,2025-08-28 14:00:00+00:00,1.0,67.3599984741211,67.07000183105468,0.20260530174344737,transition,-923.1249625513769,signal_change,2
BZ=F,SCORE,2025-08-28 18:00:00+00:00,2025-08-28 19:00:00+00:00,1.0,67.67999816894532,67.62999938964843,0.06173992058805969,shock,-76.50430377633059,signal_change,1
BZ=F,SCORE,2025-08-29 15:00:00+00:00,2025-08-29 17:00:00+00:00,1.0,67.53999877929688,67.37999938964843,0.17784244333825452,transition,-489.672696746577,signal_change,2
BZ=F,SCORE,2025-08-29 18:00:00+00:00,2025-08-29 19:00:00+00:00,1.0,67.45999694824219,67.44999908447265,0.20278627529825838,shock,-140.16298551765553,signal_change,1
BZ=F,SCORE,2025-09-02 05:00:00+00:00,2025-09-02 06:00:00+00:00,1.0,68.39999938964844,68.47999786376953,0.06608848693391152,transition,35.40732616633311,signal_change,1
BZ=F,SCORE,2025-09-02 09:00:00+00:00,2025-09-02 11:00:00+00:00,1.0,69.20999694824219,69.40000366210937,0.10944340216893038,trend,219.32268066267653,signal_change,2
BZ=F,SCORE,2025-09-02 14:00:00+00:00,2025-09-02 17:00:00+00:00,1.0,68.48000122070313,69.21000122070312,0.08132891133049978,transition,757.577440092082,signal_change,3
BZ=F,SCORE,2025-09-03 10:00:00+00:00,2025-09-03 13:00:00+00:00,-1.0,68.01999877929687,68.06999755859376,0.11950622408499004,transition,-17.99338058094667,signal_change,3
BZ=F,SCORE,2025-09-03 15:00:00+00:00,2025-09-03 15:00:00+00:00,-1.0,67.61999725341796,68.2033297220866,0.05213379932222486,transition,389.0202982384508,stop,1
BZ=F,SCORE,2025-09-03 17:00:00+00:00,2025-09-03 20:00:00+00:00,-1.0,67.62999938964843,67.55000091552735,0.14075825069025452,transition,115.16113026741834,signal_change,3
BZ=F,SCORE,2025-09-04 07:00:00+00:00,2025-09-04 11:00:00+00:00,-1.0,66.85000061035156,66.59999633789063,0.13215076047560048,transition,380.53439329305746,signal_change,4
BZ=F,SCORE,2025-09-04 14:00:00+00:00,2025-09-04 15:00:00+00:00,-1.0,66.67000030517578,67.06000305175782,0.10090786479193993,transition,-633.1455012569822,signal_change,1
BZ=F,SCORE,2025-09-04 16:00:00+00:00,2025-09-04 17:00:00+00:00,-1.0,66.97000335693359,67.12000061035157,0.10791003932452423,shock,-284.58966372117897,signal_change,1
BZ=F,SCORE,2025-09-05 13:00:00+00:00,2025-09-05 20:00:00+00:00,-1.0,65.7599966430664,65.67000366210938,0.047351021742752845,transition,71.74503246702017,signal_change,7
BZ=F,SCORE,2025-09-07 22:00:00+00:00,2025-09-07 23:00:00+00:00,-1.0,65.79999755859374,65.62000061035157,0.14267403327745812,transition,242.12909179002673,signal_change,1
BZ=F,SCORE,2025-09-08 19:00:00+00:00,2025-09-08 20:00:00+00:00,1.0,66.09999633789063,66.11999725341796,0.11079901593479802,transition,-30.886493375912877,signal_change,1
BZ=F,SCORE,2025-09-09 15:00:00+00:00,2025-09-09 16:00:00+00:00,1.0,67.13999725341797,66.48916435241699,0.04552278774692616,transition,-436.2114563644476,stop,2
BZ=F,SCORE,2025-09-09 19:00:00+00:00,2025-09-09 20:00:00+00:00,1.0,66.4900033569336,66.40000366210937,0.13647967651313098,transition,-247.7997581157731,signal_change,1
BZ=F,SCORE,2025-09-10 14:00:00+00:00,2025-09-10 15:00:00+00:00,1.0,67.06999755859376,66.99,0.1689589279806738,shock,-281.0429122032658,signal_change,1
BZ=F,SCORE,2025-09-10 16:00:00+00:00,2025-09-10 20:00:00+00:00,1.0,67.70000244140626,67.57999633789062,0.0626948012847597,transition,-137.7954287395632,signal_change,4
BZ=F,SCORE,2025-09-10 22:00:00+00:00,2025-09-11 00:00:00+00:00,1.0,67.59000183105469,67.58999847412109,0.19274817785578047,transition,-106.61059654864252,signal_change,2
BZ=F,SCORE,2025-09-11 13:00:00+00:00,2025-09-11 17:00:00+00:00,-1.0,66.57000183105468,66.42999816894532,0.19692367421933898,transition,274.256933671637,signal_change,4
BZ=F,SCORE,2025-09-11 18:00:00+00:00,2025-09-11 20:00:00+00:00,-1.0,66.40000366210937,66.28999877929688,0.0785485258736345,shock,186.98977054770447,signal_change,2
BZ=F,SCORE,2025-09-12 01:00:00+00:00,2025-09-12 04:00:00+00:00,-1.0,66.05999969482421,65.88000274658204,0.21118519315508652,trend,713.9236910123878,signal_change,3
BZ=F,SCORE,2025-09-12 05:00:00+00:00,2025-09-12 06:00:00+00:00,-1.0,65.85000061035156,65.92000366210938,0.2094907881848247,trend,-324.3773496787342,signal_change,1
BZ=F,SCORE,2025-09-12 07:00:00+00:00,2025-09-12 07:00:00+00:00,-1.0,65.72999786376953,66.16249910990398,0.19562073293134918,shock,1085.993542482765,stop,1
BZ=F,SCORE,2025-09-12 08:00:00+00:00,2025-09-12 09:00:00+00:00,-1.0,66.10000061035156,66.55583508809407,0.06518815072507583,transition,-224.32459066589956,stop,2
BZ=F,SCORE,2025-09-12 10:00:00+00:00,2025-09-12 10:00:00+00:00,-1.0,66.65999816894531,67.13833300272624,0.17917201650224604,transition,1095.5709632241667,stop,1
BZ=F,SCORE,2025-09-12 12:00:00+00:00,2025-09-12 13:00:00+00:00,1.0,67.66000152587891,67.35999893188476,0.16276387958312344,shock,-761.6327259435411,stop,2
BZ=F,SCORE,2025-09-12 14:00:00+00:00,2025-09-12 15:00:00+00:00,1.0,67.49999786376954,67.43000244140624,0.1650481844488005,transition,-250.76531450400137,signal_change,1
BZ=F,SCORE,2025-09-15 18:00:00+00:00,2025-09-15 20:00:00+00:00,1.0,67.45999694824219,67.43999694824218,0.06864685634696621,transition,-56.99926203488255,signal_change,2
BZ=F,SCORE,2025-09-16 13:00:00+00:00,2025-09-16 17:00:00+00:00,1.0,67.73000122070313,68.04000305175781,0.17740262918863547,shock,656.5464653921789,signal_change,4
BZ=F,SCORE,2025-09-16 18:00:00+00:00,2025-09-16 19:00:00+00:00,1.0,68.14999938964844,67.93999694824218,0.18877665503897326,transition,-645.6403995178936,signal_change,1
BZ=F,SCORE,2025-09-17 09:00:00+00:00,2025-09-17 10:00:00+00:00,1.0,68.06000305175782,67.99,0.08931688272124551,transition,-134.75618540167412,signal_change,1
BZ=F,SCORE,2025-09-17 19:00:00+00:00,2025-09-17 20:00:00+00:00,-1.0,67.69999908447265,67.88000274658204,0.02219390996464812,range,-48.86918013762241,signal_change,1
BZ=F,SCORE,2025-09-18 01:00:00+00:00,2025-09-18 02:00:00+00:00,-1.0,67.72000335693359,67.14999938964844,0.060595601672589164,transition,457.2379784953937,signal_change,1
BZ=F,SCORE,2025-09-18 05:00:00+00:00,2025-09-18 06:00:00+00:00,-1.0,67.22999786376953,67.17000366210938,0.059076210667811,transition,48.90904257330404,signal_change,1
BZ=F,SCORE,2025-09-18 13:00:00+00:00,2025-09-18 14:00:00+00:00,-1.0,67.60000061035156,67.9900033569336,0.053773672824900774,transition,-288.80033404289145,signal_change,1
BZ=F,SCORE,2025-09-18 20:00:00+00:00,2025-09-18 22:00:00+00:00,-1.0,67.55999969482421,67.46999908447266,0.05318687574466367,transition,757.0322801166437,signal_change,1
BZ=F,SCORE,2025-09-19 16:00:00+00:00,2025-09-19 17:00:00+00:00,-1.0,66.04999755859374,66.67000366210938,0.0187821939347378,transition,-164.04518840096395,signal_change,1
BZ=F,SCORE,2025-09-19 18:00:00+00:00,2025-09-19 20:00:00+00:00,-1.0,66.07999633789062,65.99999786376954,0.018536329305782716,transition,10.485995105118354,signal_change,2
BZ=F,SCORE,2025-09-22 12:00:00+00:00,2025-09-22 13:00:00+00:00,-1.0,65.47000335693359,66.06000305175782,0.049379690444892335,transition,-455.7591343878398,signal_change,1
BZ=F,SCORE,2025-09-22 17:00:00+00:00,2025-09-22 18:00:00+00:00,-1.0,66.42000030517578,66.56999755859376,0.05157026473929806,range,-122.69427751460209,signal_change,1
BZ=F,SCORE,2025-09-22 19:00:00+00:00,2025-09-22 20:00:00+00:00,1.0,66.56999755859376,66.54000305175781,0.05185718634047974,transition,-50.685009321609805,signal_change,1
BZ=F,SCORE,2025-09-23 10:00:00+00:00,2025-09-23 17:00:00+00:00,1.0,66.87000061035157,66.90999816894531,0.05165816066162654,transition,5.145707517464739,signal_change,7
BZ=F,SCORE,2025-09-23 18:00:00+00:00,2025-09-23 19:00:00+00:00,1.0,67.52000213623047,67.10000061035156,0.04977738758825014,transition,-315.5386134316668,signal_change,1
BZ=F,SCORE,2025-09-24 14:00:00+00:00,2025-09-24 16:00:00+00:00,1.0,68.59000183105469,68.93000244140624,0.045772259575253424,transition,189.6917739387025,signal_change,2
BZ=F,SCORE,2025-09-24 19:00:00+00:00,2025-09-24 20:00:00+00:00,1.0,69.20000244140626,69.11000274658203,0.045182980708113815,transition,-79.3941195300678,signal_change,1
BZ=F,SCORE,2025-09-25 14:00:00+00:00,2025-09-25 15:00:00+00:00,-1.0,67.80999969482421,67.81000305175782,0.03975175687823571,transition,-0.18333815722465374,signal_change,1
BZ=F,SCORE,2025-09-26 15:00:00+00:00,2025-09-26 17:00:00+00:00,1.0,70.70000244140626,69.26999877929687,0.03950468695285472,transition,-767.2349099665615,signal_change,2
BZ=F,SCORE,2025-09-29 14:00:00+00:00,2025-09-29 17:00:00+00:00,-1.0,67.28000091552734,66.95999694824219,0.03619481967862933,transition,-708.3652498362443,signal_change,3
BZ=F,SCORE,2025-09-29 18:00:00+00:00,2025-09-29 20:00:00+00:00,-1.0,66.72000335693359,66.82999969482422,0.03710583962010026,transition,-56.81822995689004,signal_change,2
BZ=F,SCORE,2025-09-30 08:00:00+00:00,2025-09-30 17:00:00+00:00,-1.0,66.37999938964843,66.38999725341797,0.05137353239907128,transition,-13.295052221426666,signal_change,9
BZ=F,SCORE,2025-10-01 09:00:00+00:00,2025-10-01 11:00:00+00:00,-1.0,65.86999725341796,65.88999725341797,0.07191665648111095,transition,-42.146129159928215,signal_change,2
BZ=F,SCORE,2025-10-01 14:00:00+00:00,2025-10-01 16:00:00+00:00,-1.0,65.19999908447265,65.42000366210938,0.09657841078650473,transition,-357.12309318826385,signal_change,2
BZ=F,SCORE,2025-10-01 17:00:00+00:00,2025-10-01 18:00:00+00:00,-1.0,65.40999816894531,65.42000366210938,0.12421564224768582,transition,-87.40575455256257,signal_change,1
BZ=F,SCORE,2025-10-02 10:00:00+00:00,2025-10-02 11:00:00+00:00,-1.0,64.97000335693359,65.06999755859376,0.11619682906736689,transition,-231.3712122606674,signal_change,1
BZ=F,SCORE,2025-10-02 15:00:00+00:00,2025-10-02 19:00:00+00:00,-1.0,64.53000091552734,64.14999938964844,0.04063546542160068,transition,222.64570339880385,signal_change,4
BZ=F,SCORE,2025-10-03 10:00:00+00:00,2025-10-03 11:00:00+00:00,-1.0,64.40000366210937,64.3599984741211,0.05200724615566997,transition,-44.44131675714222,signal_change,1
BZ=F,SCORE,2025-10-03 12:00:00+00:00,2025-10-03 13:00:00+00:00,-1.0,64.32000183105468,64.51,0.15091254528834575,transition,-411.97996571063277,signal_change,1
BZ=F,SCORE,2025-10-03 14:00:00+00:00,2025-10-03 16:00:00+00:00,-1.0,64.46000122070312,64.64999938964844,0.14979131782141325,transition,-536.7316613069778,signal_change,2
BZ=F,SCORE,2025-10-03 17:00:00+00:00,2025-10-03 18:00:00+00:00,1.0,64.7400033569336,64.72999786376953,0.17502669595615375,transition,-123.80301378095314,signal_change,1
BZ=F,SCORE,2025-10-03 19:00:00+00:00,2025-10-03 20:00:00+00:00,1.0,64.4900033569336,64.40999816894531,0.16861247624969544,transition,-289.11486531030374,signal_change,1
BZ=F,SCORE,2025-10-06 09:00:00+00:00,2025-10-06 10:00:00+00:00,1.0,65.59999633789063,65.68000244140624,0.13224153009717485,transition,75.3037706254344,signal_change,1
BZ=F,SCORE,2025-10-06 14:00:00+00:00,2025-10-06 15:00:00+00:00,1.0,65.64999938964844,65.07999633789062,0.11678815583296755,transition,-1004.8409218552955,signal_change,1
BZ=F,SCORE,2025-10-06 16:00:00+00:00,2025-10-06 17:00:00+00:00,1.0,65.52999664306641,65.40000366210937,0.040400296379538146,transition,-96.7944242374373,signal_change,1
BZ=F,SCORE,2025-10-08 07:00:00+00:00,2025-10-08 08:00:00+00:00,1.0,66.09000183105469,66.01999877929687,0.16295267004301583,transition,-250.5750447624452,signal_change,1
BZ=F,SCORE,2025-10-08 09:00:00+00:00,2025-10-08 11:00:00+00:00,1.0,65.9900033569336,66.08999847412109,0.16249630391784708,transition,137.6446858808247,signal_change,2
BZ=F,SCORE,2025-10-08 12:00:00+00:00,2025-10-08 13:00:00+00:00,1.0,66.32999969482422,65.80333455403645,0.160306930217906,transition,-1267.655837966741,stop,2
BZ=F,SCORE,2025-10-08 14:00:00+00:00,2025-10-08 20:00:00+00:00,1.0,65.88999725341797,66.12999938964843,0.1758059776869749,transition,497.14750703583223,signal_change,6
BZ=F,SCORE,2025-10-09 14:00:00+00:00,2025-10-09 15:00:00+00:00,-1.0,65.97000335693359,65.94000030517579,0.14355637300226004,range,-19.70766377861471,signal_change,1
BZ=F,SCORE,2025-10-09 16:00:00+00:00,2025-10-09 20:00:00+00:00,-1.0,65.57999633789062,65.17000366210938,0.13330188237375815,transition,770.5853218113957,signal_change,4
BZ=F,SCORE,2025-10-10 10:00:00+00:00,2025-10-10 12:00:00+00:00,-1.0,64.79999755859374,64.37000061035157,0.1429998349792085,trend,755.5912500229516,signal_change,2
BZ=F,SCORE,2025-10-10 13:00:00+00:00,2025-10-10 14:00:00+00:00,-1.0,63.89000152587891,64.20625043869019,0.2589473700467494,shock,513.2619618266784,stop,2
BZ=F,SCORE,2025-10-10 15:00:00+00:00,2025-10-10 15:00:00+00:00,-1.0,63.80000137329102,63.763750324249266,0.11377881609591457,shock,-124.54583172420536,stop,1
BZ=F,SCORE,2025-10-10 16:00:00+00:00,2025-10-12 22:00:00+00:00,-1.0,62.74,63.14250160217285,0.08060711877765304,shock,456.54533129511384,stop,6
BZ=F,SCORE,2025-10-12 23:00:00+00:00,2025-10-13 00:00:00+00:00,-1.0,63.14000152587891,63.41999984741211,0.10297067598927095,transition,-512.0238606778746,signal_change,1
BZ=F,SCORE,2025-10-13 05:00:00+00:00,2025-10-13 06:00:00+00:00,-1.0,63.600000610351564,63.60999847412109,0.09786883150689107,transition,-269.3124718603494,signal_change,1
BZ=F,SCORE,2025-10-13 13:00:00+00:00,2025-10-13 14:00:00+00:00,-1.0,63.19999908447266,63.60000015258789,0.09693601191860736,transition,-594.919644887077,signal_change,1
BZ=F,SCORE,2025-10-13 16:00:00+00:00,2025-10-13 17:00:00+00:00,-1.0,63.260000457763674,63.44999862670898,0.11425567853969941,shock,-382.5787185268574,signal_change,1
BZ=F,SCORE,2025-10-13 17:00:00+00:00,2025-10-13 20:00:00+00:00,1.0,63.44999862670898,63.51999877929688,0.041329906882665725,shock,19.076853788861328,signal_change,3
BZ=F,SCORE,2025-10-14 08:00:00+00:00,2025-10-14 12:00:00+00:00,-1.0,62.42000030517578,62.129998931884764,0.1251612529430585,transition,568.1560024448863,signal_change,4
BZ=F,SCORE,2025-10-14 13:00:00+00:00,2025-10-14 17:00:00+00:00,-1.0,61.92000030517578,62.625834465026855,0.11153878994291667,transition,-356.79636669147317,stop,5
BZ=F,SCORE,2025-10-14 18:00:00+00:00,2025-10-14 19:00:00+00:00,-1.0,62.44999908447266,62.53000045776367,0.11099998781102759,transition,-195.19940360943505,signal_change,1
BZ=F,SCORE,2025-10-14 20:00:00+00:00,2025-10-14 22:00:00+00:00,-1.0,62.14000152587891,62.28999877929687,0.10855816172367569,transition,-143.32770618904516,signal_change,1
BZ=F,SCORE,2025-10-15 12:00:00+00:00,2025-10-15 15:00:00+00:00,1.0,62.489999542236326,62.260000457763674,0.04768181504168644,shock,-187.6627438727385,signal_change,3
BZ=F,SCORE,2025-10-16 14:00:00+00:00,2025-10-16 15:00:00+00:00,-1.0,62.05000137329102,62.000001678466795,0.14971034982234913,transition,114.66070606337756,signal_change,1
BZ=F,SCORE,2025-10-16 16:00:00+00:00,2025-10-16 16:00:00+00:00,-1.0,61.749998321533205,62.00500036239624,0.0440010941215525,transition,142.6615700797944,stop,1
BZ=F,SCORE,2025-10-16 17:00:00+00:00,2025-10-16 20:00:00+00:00,-1.0,61.350000610351564,61.129998931884764,0.1219801894839317,transition,479.4681445963703,signal_change,3
BZ=F,SCORE,2025-10-16 22:00:00+00:00,2025-10-16 23:00:00+00:00,-1.0,61.100000610351564,61.05000091552734,0.12524603521198693,transition,-243.3585523339394,signal_change,1
BZ=F,SCORE,2025-10-17 05:00:00+00:00,2025-10-17 06:00:00+00:00,-1.0,60.85999893188477,60.899999389648436,0.11773566127013363,transition,110.55498961091197,signal_change,1
BZ=F,SCORE,2025-10-17 09:00:00+00:00,2025-10-17 11:00:00+00:00,-1.0,60.339998474121096,61.03083070119222,0.11085697523431011,trend,52.49254259267184,stop,3
BZ=F,SCORE,2025-10-17 13:00:00+00:00,2025-10-17 15:00:00+00:00,-1.0,61.14999984741211,61.090001831054686,0.10284281200936617,transition,-28.913891200805892,signal_change,2
BZ=F,SCORE,2025-10-17 16:00:00+00:00,2025-10-17 18:00:00+00:00,-1.0,61.159998168945314,61.17999816894531,0.10614991285115404,transition,1.1792138139434272,signal_change,2
BZ=F,SCORE,2025-10-20 14:00:00+00:00,2025-10-20 15:00:00+00:00,-1.0,60.62999938964844,60.64000106811523,0.1279324771815667,transition,-94.06563203631055,signal_change,1
BZ=F,SCORE,2025-10-20 16:00:00+00:00,2025-10-20 17:00:00+00:00,-1.0,60.49,60.660001525878904,0.1286138646715853,transition,-252.16821542396633,signal_change,1
BZ=F,SCORE,2025-10-20 19:00:00+00:00,2025-10-20 20:00:00+00:00,-1.0,60.850000610351564,60.989999542236326,0.13734234445800653,transition,-330.3250480360039,signal_change,1
BZ=F,SCORE,2025-10-21 11:00:00+00:00,2025-10-21 12:00:00+00:00,1.0,61.489999542236326,61.32000183105469,0.13339134992229626,transition,-418.2282221469012,signal_change,1
BZ=F,SCORE,2025-10-21 14:00:00+00:00,2025-10-21 15:00:00+00:00,-1.0,60.37999938964844,60.85000015258789,0.04137438678196417,shock,-309.07990272223117,signal_change,1
BZ=F,SCORE,2025-10-21 19:00:00+00:00,2025-10-21 20:00:00+00:00,1.0,61.379998931884764,61.44999908447266,0.1098987490605337,transition,52.298035517298146,signal_change,1
BZ=F,SCORE,2025-10-22 14:00:00+00:00,2025-10-22 19:00:00+00:00,1.0,62.739999542236326,62.84374879837036,0.11110654927326605,shock,108.35438032198942,stop,6
BZ=F,SCORE,2025-10-22 20:00:00+00:00,2025-10-22 22:00:00+00:00,1.0,63.51,64.24,0.07230428210409248,transition,727.136851943254,signal_change,1
BZ=F,SCORE,2025-10-23 03:00:00+00:00,2025-10-23 04:00:00+00:00,1.0,64.20000244140626,64.37999938964843,0.08949908206624978,trend,181.31402161413385,signal_change,1
BZ=F,SCORE,2025-10-23 06:00:00+00:00,2025-10-23 07:00:00+00:00,1.0,65.02000213623047,64.58999847412109,0.08695694903541884,transition,-580.7122189638507,signal_change,1
BZ=F,SCORE,2025-10-23 09:00:00+00:00,2025-10-23 15:00:00+00:00,1.0,65.56000305175782,65.57000183105468,0.07614318004752073,trend,-25.688284575126957,signal_change,6
BZ=F,SCORE,2025-10-23 16:00:00+00:00,2025-10-23 18:00:00+00:00,1.0,65.4900033569336,65.80999969482421,0.053522926233401956,transition,223.09074580950494,signal_change,2
BZ=F,SCORE,2025-10-24 19:00:00+00:00,2025-10-24 20:00:00+00:00,1.0,66.02999664306641,65.15000366210937,0.03942716487390887,shock,-507.87842961841807,signal_change,1
BZ=F,SCORE,2025-10-27 09:00:00+00:00,2025-10-27 10:00:00+00:00,-1.0,65.08999847412109,65.30000091552735,0.012816999290483381,shock,247.05904587369668,signal_change,1
BZ=F,SCORE,2025-10-27 18:00:00+00:00,2025-10-27 19:00:00+00:00,-1.0,65.0099966430664,64.99999786376954,0.03675342136295259,transition,5.482219672729453,signal_change,1
BZ=F,SCORE,2025-10-28 09:00:00+00:00,2025-10-28 10:00:00+00:00,-1.0,63.82000183105469,64.67000366210938,0.038516144285788985,shock,-451.52583616605165,signal_change,1
BZ=F,SCORE,2025-10-28 13:00:00+00:00,2025-10-28 14:00:00+00:00,-1.0,64.55999969482421,64.77999664306641,0.03931060780414425,transition,-179.5485272803952,signal_change,1
BZ=F,SCORE,2025-10-28 16:00:00+00:00,2025-10-28 18:00:00+00:00,-1.0,64.17000030517578,63.899999389648436,0.013768846947217382,transition,49.470048730562205,signal_change,2
BZ=F,SCORE,2025-10-28 19:00:00+00:00,2025-10-28 20:00:00+00:00,-1.0,63.64999984741211,63.62000061035156,0.04040419207110358,transition,-40.515403264073896,signal_change,1
BZ=F,SCORE,2025-10-28 22:00:00+00:00,2025-10-28 23:00:00+00:00,-1.0,63.87999938964844,63.879998931884764,0.014436958505222868,transition,-236.78813344097102,signal_change,1
BZ=F,SCORE,2025-10-31 00:00:00+00:00,2025-10-31 01:00:00+00:00,1.0,64.06999755859376,64.03000091552734,0.05131081605939288,range,-58.583899960300705,signal_change,1
BZ=F,SCORE,2025-10-31 13:00:00+00:00,2025-10-31 16:00:00+00:00,1.0,64.59000183105469,63.85999893188477,0.04832595496229197,transition,-531.3322412417002,signal_change,3
BZ=F,SCORE,2025-10-31 17:00:00+00:00,2025-10-31 18:00:00+00:00,1.0,64.56999755859376,64.65000366210937,0.04525900076614385,transition,26.29802483782712,signal_change,1
BZ=F,SCORE,2025-11-03 18:00:00+00:00,2025-11-03 19:00:00+00:00,1.0,65.06999755859376,64.79000305175781,0.016874991343139772,transition,-76.48442614872282,signal_change,1
BZ=F,SCORE,2025-11-03 23:00:00+00:00,2025-11-04 00:00:00+00:00,1.0,64.82999969482422,64.36000274658203,0.017665270914604285,transition,-128.08915390619597,signal_change,1
BZ=F,SCORE,2025-11-05 11:00:00+00:00,2025-11-05 12:00:00+00:00,1.0,64.77999664306641,64.37999938964843,0.06311555607824533,transition,-395.2314434183886,signal_change,1
BZ=F,SCORE,2025-11-05 17:00:00+00:00,2025-11-05 19:00:00+00:00,-1.0,63.7300016784668,63.69999862670898,0.06137851247449719,transition,-8.13185529801633,signal_change,2
BZ=F,SCORE,2025-11-05 20:00:00+00:00,2025-11-05 21:00:00+00:00,-1.0,63.49,63.53000045776367,0.06372241935039392,transition,-36.13680194053612,signal_change,1
BZ=F,SCORE,2025-11-06 12:00:00+00:00,2025-11-06 13:00:00+00:00,-1.0,63.80999969482422,64.0000016784668,0.07398230473710929,transition,-180.88942937882342,signal_change,1
BZ=F,SCORE,2025-11-06 15:00:00+00:00,2025-11-06 16:00:00+00:00,-1.0,63.05999969482422,62.879998931884764,0.02498003622094778,transition,-138.2756606140818,signal_change,1
BZ=F,SCORE,2025-11-06 17:00:00+00:00,2025-11-06 18:00:00+00:00,-1.0,63.010000457763674,63.2699983215332,0.07635269318670801,transition,-222.3304671473149,signal_change,1
BZ=F,SCORE,2025-11-07 17:00:00+00:00,2025-11-07 18:00:00+00:00,1.0,63.67999816894531,63.39999984741211,0.07063756630914912,range,-324.2545450602298,signal_change,1
BZ=F,SCORE,2025-11-07 20:00:00+00:00,2025-11-07 21:00:00+00:00,1.0,63.73000122070312,63.690000762939455,0.025836154557072295,transition,-29.54960619144285,signal_change,1
BZ=F,SCORE,2025-11-10 19:00:00+00:00,2025-11-10 20:00:00+00:00,1.0,63.91999984741211,64.0099966430664,0.08290299291933596,transition,61.295746888115985,signal_change,1
BZ=F,SCORE,2025-11-10 21:00:00+00:00,2025-11-10 23:00:00+00:00,1.0,64.06000305175782,63.96000122070313,0.08427129733205618,transition,-168.7845784312821,signal_change,1
BZ=F,SCORE,2025-11-11 12:00:00+00:00,2025-11-11 14:00:00+00:00,1.0,64.55000091552735,64.71000122070312,0.09042087240509834,transition,156.23243575358322,signal_change,2
BZ=F,SCORE,2025-11-11 15:00:00+00:00,2025-11-11 19:00:00+00:00,1.0,64.94000030517579,64.80999969482421,0.03143703546923145,transition,-75.24883158888073,signal_change,4
BZ=F,SCORE,2025-11-11 20:00:00+00:00,2025-11-11 21:00:00+00:00,1.0,65.13999725341797,65.01999877929687,0.08868470613318173,transition,-198.12534025364312,signal_change,1
BZ=F,SCORE,2025-11-11 23:00:00+00:00,2025-11-12 00:00:00+00:00,1.0,65.21999908447266,64.82000183105468,0.030699900969392353,transition,-190.66544727281595,signal_change,1
BZ=F,SCORE,2025-11-12 15:00:00+00:00,2025-11-12 21:00:00+00:00,-1.0,63.260000457763674,62.399999389648436,0.05616594096029234,transition,672.234949497408,signal_change,6
BZ=F,SCORE,2025-11-13 00:00:00+00:00,2025-11-13 01:00:00+00:00,-1.0,62.2300016784668,62.53999877929687,0.0789559559352979,trend,223.53803765472338,signal_change,1
BZ=F,SCORE,2025-11-13 13:00:00+00:00,2025-11-13 15:00:00+00:00,-1.0,63.14999984741211,62.899999389648436,0.07540474838897189,transition,-559.719971362349,signal_change,2
BZ=F,SCORE,2025-11-13 20:00:00+00:00,2025-11-13 21:00:00+00:00,1.0,63.090001831054686,62.89999984741211,0.07640588887444948,range,-251.51713176930514,signal_change,1
BZ=F,SCORE,2025-11-13 23:00:00+00:00,2025-11-14 00:00:00+00:00,1.0,63.059999237060545,62.89000152587891,0.07508299453397674,transition,-227.31996063970354,signal_change,1
BZ=F,SCORE,2025-11-14 02:00:00+00:00,2025-11-14 03:00:00+00:00,1.0,64.4900033569336,64.21000122070312,0.0227759879701851,shock,-103.90175779594605,signal_change,1
BZ=F,SCORE,2025-11-14 11:00:00+00:00,2025-11-14 12:00:00+00:00,1.0,64.62000061035157,63.78999923706055,0.05054222091437868,transition,-620.5823101830142,signal_change,1
BZ=F,SCORE,2025-11-14 15:00:00+00:00,2025-11-14 18:00:00+00:00,1.0,64.2400033569336,64.43000244140624,0.04853734132077617,transition,104.93599233813538,signal_change,3
BZ=F,SCORE,2025-11-14 20:00:00+00:00,2025-11-14 21:00:00+00:00,1.0,64.37000061035157,63.7300016784668,0.04818154928483552,transition,-468.67965862376764,signal_change,1
BZ=F,SCORE,2025-11-17 14:00:00+00:00,2025-11-17 16:00:00+00:00,1.0,64.59000183105469,64.21000122070312,0.05950991445851478,transition,-355.81718193132645,signal_change,2
BZ=F,SCORE,2025-11-18 18:00:00+00:00,2025-11-18 21:00:00+00:00,1.0,64.1099984741211,64.8900015258789,0.06187974971517179,transition,657.0736031896938,signal_change,3
BZ=F,SCORE,2025-11-19 09:00:00+00:00,2025-11-19 10:00:00+00:00,1.0,64.37000061035157,64.5099966430664,0.05612508062479001,range,82.80682592220904,signal_change,1
BZ=F,SCORE,2025-11-19 11:00:00+00:00,2025-11-19 12:00:00+00:00,1.0,64.3599984741211,63.69999908447266,0.05480505123703162,transition,-548.0605223382563,signal_change,1
BZ=F,SCORE,2025-11-19 13:00:00+00:00,2025-11-19 14:00:00+00:00,-1.0,63.26999877929688,62.89000106811523,0.05244993369896146,transition,290.4648530764648,signal_change,1
BZ=F,SCORE,2025-11-19 15:00:00+00:00,2025-11-19 19:00:00+00:00,-1.0,62.64000152587891,63.500001678466795,0.05175905163533674,transition,-680.7570496842206,signal_change,4
BZ=F,SCORE,2025-11-20 15:00:00+00:00,2025-11-20 17:00:00+00:00,1.0,63.53000045776367,63.280000915527346,0.04991192002022382,transition,-202.00786160730186,signal_change,2
BZ=F,SCORE,2025-11-21 07:00:00+00:00,2025-11-21 08:00:00+00:00,-1.0,62.62999938964844,62.28000045776367,0.036992073891203646,transition,179.7515141930545,signal_change,1
BZ=F,SCORE,2025-11-21 09:00:00+00:00,2025-11-21 10:00:00+00:00,-1.0,62.600000610351564,61.629998931884764,0.03552150628118137,transition,-121.3537281519273,signal_change,1
BZ=F,SCORE,2025-11-21 11:00:00+00:00,2025-11-21 12:00:00+00:00,-1.0,61.370001068115236,61.76,0.03439683796795458,shock,-823.4024224306233,signal_change,1
BZ=F,SCORE,2025-11-21 13:00:00+00:00,2025-11-21 18:00:00+00:00,-1.0,62.96999954223633,61.739999542236326,0.0329660417732958,transition,-3.3965997865919917,signal_change,5
BZ=F,SCORE,2025-11-23 23:00:00+00:00,2025-11-24 00:00:00+00:00,-1.0,61.71000122070313,61.340001831054686,0.03223834175180118,transition,-681.5999254334288,signal_change,1
BZ=F,SCORE,2025-11-24 17:00:00+00:00,2025-11-24 18:00:00+00:00,1.0,62.32999969482422,62.409998168945314,0.011896822696767739,transition,7.239397618295749,signal_change,1
BZ=F,SCORE,2025-11-25 14:00:00+00:00,2025-11-25 15:00:00+00:00,-1.0,61.55000137329102,61.219999084472654,0.010759280353678175,range,-148.45808449098152,signal_change,1
BZ=F,SCORE,2025-11-25 16:00:00+00:00,2025-11-25 17:00:00+00:00,-1.0,61.100000610351564,62.12000061035156,0.010698440186161251,range,41.426426410150974,signal_change,1
BZ=F,SCORE,2025-11-25 21:00:00+00:00,2025-11-25 23:00:00+00:00,-1.0,61.780000915527346,61.899999389648436,0.010780159110883744,transition,-41.35658063621455,signal_change,1
BZ=F,SCORE,2025-11-26 11:00:00+00:00,2025-11-26 12:00:00+00:00,-1.0,61.76999877929688,61.48000122070312,0.010704321982133074,shock,-68.08065170476613,signal_change,1
BZ=F,SCORE,2025-11-26 17:00:00+00:00,2025-11-26 18:00:00+00:00,1.0,62.80000091552734,61.92000030517578,0.011544036939717879,transition,-154.9409249765254,signal_change,1
BZ=F,SCORE,2025-12-01 09:00:00+00:00,2025-12-01 13:00:00+00:00,1.0,63.57999969482422,62.96000122070313,0.052106548437475246,transition,-493.73737842594505,signal_change,4
BZ=F,SCORE,2025-12-01 16:00:00+00:00,2025-12-01 17:00:00+00:00,1.0,63.2699983215332,62.99,0.01875000064875806,transition,-86.66341080656507,signal_change,1
BZ=F,SCORE,2025-12-02 17:00:00+00:00,2025-12-02 18:00:00+00:00,-1.0,62.659998168945314,62.739999542236326,0.06259035137083958,transition,625.5916798092572,signal_change,1
BZ=F,SCORE,2025-12-02 20:00:00+00:00,2025-12-02 21:00:00+00:00,-1.0,62.37999938964844,62.05000091552734,0.06147638566895132,transition,-477.38655819330745,signal_change,1
BZ=F,SCORE,2025-12-03 13:00:00+00:00,2025-12-03 14:00:00+00:00,1.0,62.71000076293945,63.08000015258789,0.05942561148901544,range,287.86460437499034,signal_change,1
BZ=F,SCORE,2025-12-03 18:00:00+00:00,2025-12-03 19:00:00+00:00,1.0,62.53000045776367,62.839998474121096,0.0608817865203676,transition,242.13777371306875,signal_change,1
BZ=F,SCORE,2025-12-03 21:00:00+00:00,2025-12-03 23:00:00+00:00,1.0,62.80000091552734,62.749998321533205,0.06199797889404172,range,-78.21425127446929,signal_change,1
BZ=F,SCORE,2025-12-04 16:00:00+00:00,2025-12-04 17:00:00+00:00,1.0,63.10000015258789,63.46999954223633,0.06103546855422763,transition,293.88297053358326,signal_change,1
BZ=F,SCORE,2025-12-04 18:00:00+00:00,2025-12-04 19:00:00+00:00,1.0,62.98000122070312,63.440000762939455,0.022703472921243806,transition,139.27965169351194,signal_change,1
BZ=F,SCORE,2025-12-05 16:00:00+00:00,2025-12-05 17:00:00+00:00,1.0,63.91999984741211,63.589998474121096,0.06601039472225302,transition,-349.8325843123152,signal_change,1
BZ=F,SCORE,2025-12-05 21:00:00+00:00,2025-12-07 23:00:00+00:00,-1.0,63.74,63.80000091552734,0.06772435390607043,transition,704.8241135732376,signal_change,1
BZ=F,SCORE,2025-12-08 18:00:00+00:00,2025-12-08 21:00:00+00:00,-1.0,62.69999908447266,62.489999542236326,0.07701064381446904,transition,215.2668946326088,signal_change,3
BZ=F,SCORE,2025-12-09 09:00:00+00:00,2025-12-09 10:00:00+00:00,-1.0,62.33000015258789,62.51,0.1372654017010642,trend,-38.03442795131454,signal_change,1
BZ=F,SCORE,2025-12-09 14:00:00+00:00,2025-12-09 21:00:00+00:00,-1.0,62.44999908447266,62.03000045776367,0.18804439047125365,transition,1109.665110203297,signal_change,7
BZ=F,SCORE,2025-12-10 09:00:00+00:00,2025-12-10 11:00:00+00:00,-1.0,61.909998168945314,62.250001678466795,0.20868535696559315,transition,-1110.8440450215082,signal_change,2
BZ=F,SCORE,2025-12-10 12:00:00+00:00,2025-12-10 17:00:00+00:00,-1.0,62.190000762939455,61.78999877929687,0.21003384256120913,transition,1114.134379052544,signal_change,5
BZ=F,SCORE,2025-12-10 20:00:00+00:00,2025-12-10 21:00:00+00:00,1.0,62.489999542236326,62.620001068115236,0.06334403943330699,transition,85.0371592858194,signal_change,1
BZ=F,SCORE,2025-12-11 09:00:00+00:00,2025-12-11 12:00:00+00:00,-1.0,61.46999954223633,61.48000122070312,0.15408873961801967,transition,-20.806469266571114,signal_change,3
BZ=F,SCORE,2025-12-11 13:00:00+00:00,2025-12-11 16:00:00+00:00,-1.0,61.49,61.17999816894531,0.15669518918834613,transition,730.2288247722181,signal_change,3
BZ=F,SCORE,2025-12-11 17:00:00+00:00,2025-12-11 18:00:00+00:00,-1.0,60.92000030517578,61.0199983215332,0.056301344494942014,transition,-117.54583142100826,signal_change,1
BZ=F,SCORE,2025-12-12 16:00:00+00:00,2025-12-12 16:00:00+00:00,-1.0,60.839998474121096,61.32166544596354,0.16237622124151466,transition,1088.6791673206071,stop,1
BZ=F,SCORE,2025-12-12 20:00:00+00:00,2025-12-12 21:00:00+00:00,-1.0,61.08000015258789,61.16999984741211,0.18274912573463367,transition,-298.44214573878816,signal_change,1
BZ=F,SCORE,2025-12-15 14:00:00+00:00,2025-12-15 18:00:00+00:00,-1.0,60.80000137329102,60.379998931884764,0.18092449172748948,transition,1158.3779282473229,signal_change,4
BZ=F,SCORE,2025-12-15 20:00:00+00:00,2025-12-15 21:00:00+00:00,-1.0,60.46000122070313,60.39000106811523,0.1811998663331098,transition,32.68855154526288,signal_change,1
BZ=F,SCORE,2025-12-16 08:00:00+00:00,2025-12-16 12:00:00+00:00,-1.0,60.120001068115236,59.64000106811523,0.16366138375687636,trend,1060.5279285575837,signal_change,4
BZ=F,SCORE,2025-12-16 13:00:00+00:00,2025-12-16 23:00:00+00:00,-1.0,59.64000152587891,58.94999862670898,0.16580875580448023,trend,2092.93879605377,signal_change,9
BZ=F,SCORE,2025-12-17 16:00:00+00:00,2025-12-17 19:00:00+00:00,1.0,59.739999542236326,59.7300016784668,0.13208810427127857,transition,-97.58346275972568,signal_change,3
BZ=F,SCORE,2025-12-17 20:00:00+00:00,2025-12-17 21:00:00+00:00,1.0,59.840001831054686,60.39999984741211,0.12942857469831195,transition,1044.386731685595,signal_change,1
BZ=F,SCORE,2025-12-17 23:00:00+00:00,2025-12-18 00:00:00+00:00,1.0,60.64000106811523,60.600000610351564,0.12697626096792083,trend,-151.61199701826428,signal_change,1
BZ=F,SCORE,2025-12-18 12:00:00+00:00,2025-12-18 13:00:00+00:00,-1.0,59.58000015258789,59.76,0.13577284095184866,transition,-375.290426316294,signal_change,1
BZ=F,SCORE,2025-12-19 12:00:00+00:00,2025-12-19 16:00:00+00:00,1.0,60.03000045776367,59.9800016784668,0.16269819339370273,transition,-218.79448283993534,signal_change,4
BZ=F,SCORE,2025-12-19 17:00:00+00:00,2025-12-19 18:00:00+00:00,1.0,60.26,60.30999969482422,0.05822278001158432,transition,10.681832913858976,signal_change,1
BZ=F,SCORE,2025-12-19 19:00:00+00:00,2025-12-19 21:00:00+00:00,1.0,60.570001373291014,60.510000457763674,0.05772124469844882,transition,-86.49841501335095,signal_change,2
BZ=F,SCORE,2025-12-22 09:00:00+00:00,2025-12-22 13:00:00+00:00,1.0,61.070001373291014,61.690000762939455,0.1570237557760181,trend,1381.694371068223,signal_change,4
BZ=F,SCORE,2025-12-22 14:00:00+00:00,2025-12-22 16:00:00+00:00,1.0,61.96000076293945,61.64000152587891,0.15608559742296446,transition,-837.562843735394,signal_change,2
BZ=F,SCORE,2025-12-22 17:00:00+00:00,2025-12-22 18:00:00+00:00,1.0,61.879998931884764,61.839998474121096,0.16048425152158732,trend,-188.60401096574418,signal_change,1
BZ=F,SCORE,2025-12-22 19:00:00+00:00,2025-12-22 21:00:00+00:00,1.0,61.98000122070312,62.05999969482422,0.16486709674805805,trend,102.09662266696549,signal_change,2
BZ=F,SCORE,2025-12-23 15:00:00+00:00,2025-12-23 17:00:00+00:00,-1.0,61.350000610351564,61.62000061035156,0.07185944317287747,transition,-269.5213757986576,signal_change,2
BZ=F,SCORE,2025-12-26 05:00:00+00:00,2025-12-26 06:00:00+00:00,-1.0,61.83000015258789,61.85999847412109,0.20068220044042498,transition,94.499275210011,signal_change,1
BZ=F,SCORE,2025-12-26 15:00:00+00:00,2025-12-26 21:00:00+00:00,-1.0,61.179998626708986,60.41999984741211,0.16543511477285922,transition,1762.5042470669869,signal_change,6
BZ=F,SCORE,2025-12-28 23:00:00+00:00,2025-12-29 00:00:00+00:00,-1.0,60.659998168945314,60.750001678466795,0.13497808663394875,shock,-223.20501170054533,signal_change,1
BZ=F,SCORE,2025-12-29 01:00:00+00:00,2025-12-29 02:00:00+00:00,-1.0,60.64999984741211,60.629998931884764,0.0476744533498561,transition,-56.97131546611709,signal_change,1
BZ=F,SCORE,2025-12-29 09:00:00+00:00,2025-12-29 11:00:00+00:00,-1.0,61.08000015258789,61.42999816894531,0.14492958088616342,transition,-854.1133681245993,signal_change,2
BZ=F,SCORE,2025-12-29 16:00:00+00:00,2025-12-29 21:00:00+00:00,1.0,61.64000106811523,61.249998321533205,0.1619160013837527,transition,-1043.1001303018977,signal_change,5
BZ=F,SCORE,2025-12-30 02:00:00+00:00,2025-12-30 04:00:00+00:00,1.0,61.320001373291014,61.46000122070313,0.06523190139066817,transition,99.90120973205927,signal_change,2
BZ=F,SCORE,2025-12-30 09:00:00+00:00,2025-12-30 11:00:00+00:00,1.0,61.60000015258789,61.71000122070313,0.1816471082342135,transition,195.40141709323538,signal_change,2
BZ=F,SCORE,2025-12-30 12:00:00+00:00,2025-12-30 13:00:00+00:00,1.0,61.820001373291014,61.7300016784668,0.19250529378735393,transition,-370.3697886129213,signal_change,1
BZ=F,SCORE,2025-12-31 13:00:00+00:00,2025-12-31 13:00:00+00:00,-1.0,61.499998321533205,61.89249801635742,0.20196094295402414,shock,1075.4420833490994,stop,1
BZ=F,SCORE,2025-12-31 15:00:00+00:00,2025-12-31 18:00:00+00:00,-1.0,61.62999938964844,61.160001525878904,0.06254042302357322,shock,424.727044359353,signal_change,3
BZ=F,SCORE,2025-12-31 19:00:00+00:00,2025-12-31 21:00:00+00:00,-1.0,60.99,60.85000015258789,0.16551640459035516,transition,255.82991878703223,signal_change,2
BZ=F,SCORE,2026-01-02 09:00:00+00:00,2026-01-02 11:00:00+00:00,-1.0,60.71999954223633,60.80000091552734,0.13760966820793505,transition,-206.7171160151911,signal_change,2
BZ=F,SCORE,2026-01-02 13:00:00+00:00,2026-01-02 18:00:00+00:00,-1.0,60.30999969482422,60.399999389648436,0.12878204386249484,transition,-136.0175262718484,signal_change,5
BZ=F,SCORE,2026-01-02 20:00:00+00:00,2026-01-02 21:00:00+00:00,-1.0,60.679998626708986,60.78000045776367,0.12814345245632144,transition,-113.90959417722232,signal_change,1
BZ=F,SCORE,2026-01-05 09:00:00+00:00,2026-01-05 09:00:00+00:00,-1.0,60.03999923706055,60.651665687561035,0.1263781655526373,shock,1118.4883981336425,stop,1
BZ=F,SCORE,2026-01-05 14:00:00+00:00,2026-01-05 19:00:00+00:00,1.0,61.219999084472654,61.74,0.12625512943281894,transition,921.9374080704988,signal_change,5
BZ=F,SCORE,2026-01-06 09:00:00+00:00,2026-01-06 10:00:00+00:00,1.0,61.94999862670898,61.87999938964844,0.12927583143705243,transition,-210.33400931241732,signal_change,1
BZ=F,SCORE,2026-01-06 11:00:00+00:00,2026-01-06 15:00:00+00:00,1.0,62.090001831054686,61.60999893188477,0.04997967415934784,transition,-386.4746666496425,signal_change,4
BZ=F,SCORE,2026-01-06 17:00:00+00:00,2026-01-06 18:00:00+00:00,-1.0,61.46000122070313,61.160001525878904,0.14701919085646656,transition,580.2339091286145,signal_change,1
BZ=F,SCORE,2026-01-06 19:00:00+00:00,2026-01-06 21:00:00+00:00,-1.0,60.87999938964844,60.489999542236326,0.13836116722665914,transition,784.56626311695,signal_change,2
BZ=F,SCORE,2026-01-07 00:00:00+00:00,2026-01-07 01:00:00+00:00,-1.0,60.05999969482422,60.03000045776367,0.11675098336079322,transition,57.77885276500915,signal_change,1
BZ=F,SCORE,2026-01-07 02:00:00+00:00,2026-01-07 03:00:00+00:00,-1.0,60.10999893188477,60.17999816894531,0.11521075598744415,transition,-49.93644618928414,signal_change,1
BZ=F,SCORE,2026-01-07 09:00:00+00:00,2026-01-07 11:00:00+00:00,-1.0,60.249998321533205,60.57999969482422,0.11348238680940877,trend,-681.833109012744,signal_change,2
BZ=F,SCORE,2026-01-07 14:00:00+00:00,2026-01-07 19:00:00+00:00,-1.0,60.749998321533205,59.94000030517578,0.10194255272808815,transition,1206.4729059085857,signal_change,5
BZ=F,SCORE,2026-01-08 11:00:00+00:00,2026-01-08 12:00:00+00:00,1.0,60.629998931884764,60.78999923706055,0.152000094731709,transition,283.9385446727528,signal_change,1
BZ=F,SCORE,2026-01-08 13:00:00+00:00,2026-01-08 15:00:00+00:00,1.0,60.91999984741211,61.01999877929688,0.15408410995053073,transition,145.79356836616867,signal_change,2
BZ=F,SCORE,2026-01-08 16:00:00+00:00,2026-01-08 19:00:00+00:00,1.0,60.98000122070312,61.73250078201294,0.17356329439794857,transition,1885.6095475608113,stop,4
BZ=F,SCORE,2026-01-08 20:00:00+00:00,2026-01-08 23:00:00+00:00,1.0,62.44999862670898,62.659998168945314,0.10572246504056704,trend,272.74144403833276,signal_change,2
BZ=F,SCORE,2026-01-09 10:00:00+00:00,2026-01-09 12:00:00+00:00,1.0,62.19000030517578,62.530000915527346,0.1296738096422234,transition,585.0246730461406,signal_change,2
BZ=F,SCORE,2026-01-09 14:00:00+00:00,2026-01-09 14:00:00+00:00,1.0,62.51,62.46374963760376,0.12165158861687835,transition,-154.29958054894092,stop,1
BZ=F,SCORE,2026-01-09 15:00:00+00:00,2026-01-09 18:00:00+00:00,1.0,63.340001831054686,63.55999969482422,0.11834354055572409,trend,318.1692334278763,signal_change,3
BZ=F,SCORE,2026-01-09 19:00:00+00:00,2026-01-09 20:00:00+00:00,1.0,63.62000061035156,63.159998168945314,0.11202118823667338,transition,-820.0472675740564,signal_change,1
BZ=F,SCORE,2026-01-13 05:00:00+00:00,2026-01-13 06:00:00+00:00,1.0,64.09000183105469,64.11000274658203,0.04742737260278978,transition,-13.243467877580656,signal_change,1
BZ=F,SCORE,2026-01-13 09:00:00+00:00,2026-01-13 14:00:00+00:00,1.0,64.52999664306641,64.63250040054321,0.12065106210178873,transition,114.15502638628129,stop,6
BZ=F,SCORE,2026-01-13 15:00:00+00:00,2026-01-13 19:00:00+00:00,1.0,65.39999938964844,64.76375173568725,0.03747311882232713,trend,-356.50206052639544,stop,5
BZ=F,SCORE,2026-01-13 20:00:00+00:00,2026-01-13 21:00:00+00:00,1.0,65.39999938964844,65.36999725341796,0.09837993924810443,transition,-97.59358449277201,signal_change,1
BZ=F,SCORE,2026-01-14 11:00:00+00:00,2026-01-14 12:00:00+00:00,1.0,66.39999938964844,66.18000244140624,0.03532007869742198,transition,-128.85408188540313,signal_change,1
BZ=F,SCORE,2026-01-14 13:00:00+00:00,2026-01-14 14:00:00+00:00,1.0,66.24999786376954,66.05999969482421,0.09930342152479052,transition,-321.0333366395909,signal_change,1
BZ=F,SCORE,2026-01-14 19:00:00+00:00,2026-01-14 20:00:00+00:00,1.0,66.26,65.67875217437744,0.11264333424016354,transition,-972.0654547391878,stop,2
BZ=F,SCORE,2026-01-14 21:00:00+00:00,2026-01-14 21:00:00+00:00,-1.0,64.57000183105468,65.66583569844563,0.026366833755984795,shock,401.3728917593177,stop,1
BZ=F,SCORE,2026-01-15 17:00:00+00:00,2026-01-15 18:00:00+00:00,-1.0,63.409998168945314,63.660001525878904,0.0622504807563103,transition,-191.054849342381,signal_change,1
BZ=F,SCORE,2026-01-15 19:00:00+00:00,2026-01-15 21:00:00+00:00,-1.0,63.7300016784668,63.5199983215332,0.062251945756610916,transition,173.64721700957264,signal_change,2
BZ=F,SCORE,2026-01-16 11:00:00+00:00,2026-01-16 12:00:00+00:00,1.0,64.59000183105469,64.54000305175781,0.1219645762088107,transition,-157.0826893957791,signal_change,1
BZ=F,SCORE,2026-01-16 14:00:00+00:00,2026-01-16 19:00:00+00:00,1.0,64.64999938964844,64.00166606903076,0.12581592939921504,transition,-1244.9586101569862,stop,6
BZ=F,SCORE,2026-01-16 20:00:00+00:00,2026-01-16 21:00:00+00:00,1.0,64.13999725341797,64.07000183105468,0.13352102378149383,transition,-211.34533385362684,signal_change,1
BZ=F,SCORE,2026-01-20 10:00:00+00:00,2026-01-20 11:00:00+00:00,1.0,64.12000061035157,64.22999786376953,0.11839698122969339,transition,121.46324605620251,signal_change,1
BZ=F,SCORE,2026-01-20 12:00:00+00:00,2026-01-20 14:00:00+00:00,1.0,64.31999755859376,64.15999816894531,0.11681183277218471,transition,-335.396374500397,signal_change,2
BZ=F,SCORE,2026-01-20 15:00:00+00:00,2026-01-20 16:00:00+00:00,1.0,64.9900033569336,64.61000274658203,0.11018196998175879,shock,-660.8533946825842,signal_change,1
BZ=F,SCORE,2026-01-20 20:00:00+00:00,2026-01-20 23:00:00+00:00,-1.0,64.43999694824218,64.03999877929688,0.10532977881440767,transition,943.122568413675,signal_change,2
BZ=F,SCORE,2026-01-21 15:00:00+00:00,2026-01-21 16:00:00+00:00,1.0,64.92000366210938,64.99,0.11048662073780241,range,48.39688565096348,signal_change,1
BZ=F,SCORE,2026-01-21 17:00:00+00:00,2026-01-21 18:00:00+00:00,1.0,65.01,64.97999786376953,0.1129776701591162,range,-112.2391154950063,signal_change,1
BZ=F,SCORE,2026-01-21 21:00:00+00:00,2026-01-21 23:00:00+00:00,1.0,65.28999877929688,65.12999938964843,0.12523627407412105,shock,-355.6987379113423,signal_change,1
BZ=F,SCORE,2026-01-22 13:00:00+00:00,2026-01-22 14:00:00+00:00,-1.0,64.04999755859374,64.28999877929688,0.14545255101512417,transition,-588.7350401138561,signal_change,1
BZ=F,SCORE,2026-01-22 15:00:00+00:00,2026-01-22 16:00:00+00:00,-1.0,64.32999633789062,64.31999755859376,0.04986342298726611,transition,7.69453050964688,signal_change,1
BZ=F,SCORE,2026-01-22 17:00:00+00:00,2026-01-22 19:00:00+00:00,-1.0,64.04999755859374,63.94000030517578,0.13593777533338028,transition,177.66830382815633,signal_change,2
BZ=F,SCORE,2026-01-23 09:00:00+00:00,2026-01-23 10:00:00+00:00,-1.0,63.87999938964844,63.98000122070312,0.12508514710256147,transition,-180.2546858353996,signal_change,1
BZ=F,SCORE,2026-01-23 14:00:00+00:00,2026-01-23 16:00:00+00:00,1.0,64.9900033569336,64.7599966430664,0.045321415995466866,transition,-174.2424762432975,signal_change,2
BZ=F,SCORE,2026-01-23 17:00:00+00:00,2026-01-23 21:00:00+00:00,1.0,65.09000183105469,65.15999816894531,0.13633930580819942,transition,59.51088666334078,signal_change,4
BZ=F,SCORE,2026-01-25 23:00:00+00:00,2026-01-26 00:00:00+00:00,1.0,64.84999633789063,64.97000335693359,0.13452455567844476,transition,155.2936737429668,signal_change,1
BZ=F,SCORE,2026-01-26 09:00:00+00:00,2026-01-26 10:00:00+00:00,1.0,65.2400033569336,65.11999725341796,0.12508966250908493,transition,-284.0235142544528,signal_change,1
BZ=F,SCORE,2026-01-26 15:00:00+00:00,2026-01-26 16:00:00+00:00,-1.0,64.61999725341796,64.67999816894532,0.12089665826768063,transition,-311.25444960974,signal_change,1
BZ=F,SCORE,2026-01-27 01:00:00+00:00,2026-01-27 02:00:00+00:00,1.0,64.92999816894532,64.29999755859374,0.12284692059709384,transition,-1174.7953013485412,signal_change,1
BZ=F,SCORE,2026-01-27 02:00:00+00:00,2026-01-27 03:00:00+00:00,-1.0,64.29999755859374,64.38999725341797,0.12466440049261229,transition,-303.9590063051849,signal_change,1
BZ=F,SCORE,2026-01-27 14:00:00+00:00,2026-01-27 14:00:00+00:00,1.0,65.8599984741211,65.1483325958252,0.04074054230377166,shock,-430.5121611758451,stop,1
BZ=F,SCORE,2026-01-27 16:00:00+00:00,2026-01-27 19:00:00+00:00,1.0,65.80000091552735,66.15999816894531,0.041042126028026316,transition,184.8162091482862,signal_change,3
BZ=F,SCORE,2026-01-27 20:00:00+00:00,2026-01-27 23:00:00+00:00,1.0,66.34999633789063,66.79000305175781,0.11212234401565184,transition,625.8461707335393,signal_change,2
BZ=F,SCORE,2026-01-28 09:00:00+00:00,2026-01-28 10:00:00+00:00,1.0,66.80000091552735,66.24,0.1052863334831199,transition,-876.4621075778176,signal_change,1
BZ=F,SCORE,2026-01-28 13:00:00+00:00,2026-01-28 21:00:00+00:00,1.0,66.94000030517579,67.49,0.10179781367024653,transition,719.2398069567573,signal_change,8
BZ=F,SCORE,2026-01-28 23:00:00+00:00,2026-01-29 00:00:00+00:00,1.0,67.51,67.50000213623046,0.1173059432383475,transition,-80.8746503900364,signal_change,1
BZ=F,SCORE,2026-01-29 02:00:00+00:00,2026-01-29 04:00:00+00:00,1.0,67.89999938964844,68.12999938964843,0.11337409543777172,transition,293.1775664930651,signal_change,2
BZ=F,SCORE,2026-01-29 09:00:00+00:00,2026-01-29 13:00:00+00:00,1.0,68.77000213623047,68.79999755859374,0.10260665096426128,transition,-13.902300514850552,signal_change,4
BZ=F,SCORE,2026-01-29 14:00:00+00:00,2026-01-29 15:00:00+00:00,1.0,69.55000091552735,69.20625232696533,0.09648949471851301,shock,-484.281539125055,stop,2
BZ=F,SCORE,2026-01-29 16:00:00+00:00,2026-01-29 19:00:00+00:00,1.0,69.49999786376954,69.25000213623046,0.030184262410916436,shock,-116.49576661842319,signal_change,3
BZ=F,SCORE,2026-01-29 20:00:00+00:00,2026-01-29 21:00:00+00:00,1.0,69.52999664306641,69.57999633789062,0.08066849795792748,transition,9.832885606614198,signal_change,1
BZ=F,SCORE,2026-02-02 19:00:00+00:00,2026-02-02 21:00:00+00:00,-1.0,65.92000030517578,66.44000030517579,0.03982428607051974,shock,-268.06742966042066,signal_change,2
BZ=F,SCORE,2026-02-03 03:00:00+00:00,2026-02-03 04:00:00+00:00,-1.0,65.80999969482421,66.1099984741211,0.0629257659701319,transition,-159.28554110132762,signal_change,1
BZ=F,SCORE,2026-02-03 15:00:00+00:00,2026-02-03 20:00:00+00:00,-1.0,66.75000213623046,67.56999755859376,0.07244041839794696,transition,-861.3926050667083,signal_change,5
BZ=F,SCORE,2026-02-03 20:00:00+00:00,2026-02-03 23:00:00+00:00,1.0,67.56999755859376,67.93000244140624,0.030151080683446227,shock,132.70342651692437,signal_change,2
BZ=F,SCORE,2026-02-04 04:00:00+00:00,2026-02-04 06:00:00+00:00,1.0,67.88999725341797,67.82999633789062,0.08642498599011997,transition,-118.07782344198561,signal_change,2
BZ=F,SCORE,2026-02-04 10:00:00+00:00,2026-02-04 11:00:00+00:00,1.0,67.7400033569336,67.55999969482421,0.08434699432047549,transition,-253.74915340987462,signal_change,1
BZ=F,SCORE,2026-02-04 15:00:00+00:00,2026-02-04 17:00:00+00:00,1.0,67.49999786376954,68.01124977111816,0.08332656349406525,transition,536.3481286205597,stop,3
BZ=F,SCORE,2026-02-04 18:00:00+00:00,2026-02-04 19:00:00+00:00,1.0,69.37000061035157,68.24416669209798,0.027167461845925056,transition,-423.061350877248,stop,2
BZ=F,SCORE,2026-02-05 15:00:00+00:00,2026-02-05 16:00:00+00:00,1.0,67.80000091552735,67.29999755859374,0.06976134159023649,transition,-513.670709863959,signal_change,1
BZ=F,SCORE,2026-02-05 20:00:00+00:00,2026-02-05 21:00:00+00:00,-1.0,67.43999694824218,67.55000091552735,0.03160759681741622,shock,-65.05175612067117,signal_change,1
BZ=F,SCORE,2026-02-06 04:00:00+00:00,2026-02-06 05:00:00+00:00,1.0,67.88000274658204,67.90000366210937,0.08985423703476252,transition,-24.894746907847544,signal_change,1
BZ=F,SCORE,2026-02-06 14:00:00+00:00,2026-02-06 14:00:00+00:00,-1.0,66.67000030517578,67.8716672261556,0.0711293528887656,range,1145.1610876529244,stop,1
BZ=F,SCORE,2026-02-06 17:00:00+00:00,2026-02-06 18:00:00+00:00,1.0,68.48000122070313,68.71000122070312,0.07725843819703956,transition,197.93389719930698,signal_change,1
BZ=F,SCORE,2026-02-09 15:00:00+00:00,2026-02-09 19:00:00+00:00,1.0,68.59000183105469,69.11999725341796,0.10062446826802195,transition,666.2234187098034,signal_change,4
BZ=F,SCORE,2026-02-10 02:00:00+00:00,2026-02-10 03:00:00+00:00,1.0,69.01,68.99,0.11994811028432152,transition,-97.69127000549369,signal_change,1
BZ=F,SCORE,2026-02-10 09:00:00+00:00,2026-02-10 10:00:00+00:00,1.0,69.38000274658204,68.83999847412109,0.11328981414169469,transition,-878.4748251578106,signal_change,1
BZ=F,SCORE,2026-02-10 11:00:00+00:00,2026-02-10 13:00:00+00:00,1.0,69.17000366210938,69.18999694824218,0.12241809142381171,transition,-33.38188662546358,signal_change,2
BZ=F,SCORE,2026-02-10 14:00:00+00:00,2026-02-10 16:00:00+00:00,1.0,69.34000183105469,68.62000338236491,0.12211294394084161,transition,-1241.7507510791097,stop,3
BZ=F,SCORE,2026-02-10 19:00:00+00:00,2026-02-10 20:00:00+00:00,-1.0,68.65000366210937,68.95999694824219,0.13236866655660548,transition,-482.0964085787286,signal_change,1
BZ=F,SCORE,2026-02-11 09:00:00+00:00,2026-02-11 10:00:00+00:00,1.0,69.63000274658204,69.6400015258789,0.14177757763975155,transition,-58.0482501291547,signal_change,1
BZ=F,SCORE,2026-02-11 11:00:00+00:00,2026-02-11 15:00:00+00:00,1.0,69.76,69.79125045776367,0.14799869700138873,transition,-10.660642931374241,stop,5
BZ=F,SCORE,2026-02-11 17:00:00+00:00,2026-02-11 18:00:00+00:00,1.0,69.92000366210938,69.67000030517578,0.1389892833445948,transition,-534.0060156649404,signal_change,1
BZ=F,SCORE,2026-02-11 20:00:00+00:00,2026-02-11 21:00:00+00:00,1.0,69.6099984741211,69.75000213623046,0.13363994979991095,transition,175.60550234209376,signal_change,1
BZ=F,SCORE,2026-02-12 10:00:00+00:00,2026-02-12 11:00:00+00:00,-1.0,69.15999816894531,69.16000152587891,0.12553870346509274,transition,32.27428233230458,signal_change,1
BZ=F,SCORE,2026-02-12 14:00:00+00:00,2026-02-12 21:00:00+00:00,-1.0,68.92000030517578,67.57999969482422,0.1243063739949033,transition,2138.231440310971,signal_change,7
BZ=F,SCORE,2026-02-13 00:00:00+00:00,2026-02-13 02:00:00+00:00,-1.0,67.54999755859374,67.56999755859376,0.1280592333385739,trend,-35.557912539187726,signal_change,2
BZ=F,SCORE,2026-02-13 06:00:00+00:00,2026-02-13 07:00:00+00:00,-1.0,67.33999847412109,67.52000213623047,0.12571296727512296,trend,-483.53472302592024,signal_change,1
BZ=F,SCORE,2026-02-13 08:00:00+00:00,2026-02-13 09:00:00+00:00,-1.0,67.3900015258789,67.63000274658204,0.12303961808715815,trend,-338.0272217408355,signal_change,1
BZ=F,SCORE,2026-02-13 12:00:00+00:00,2026-02-13 13:00:00+00:00,-1.0,67.12999938964843,67.31000305175782,0.11738322640398006,transition,-323.3642932409745,signal_change,1
BZ=F,SCORE,2026-02-13 15:00:00+00:00,2026-02-13 18:00:00+00:00,-1.0,67.49,67.96999908447266,0.11536967215465185,transition,-758.5614944643419,signal_change,3
BZ=F,SCORE,2026-02-13 18:00:00+00:00,2026-02-13 19:00:00+00:00,1.0,67.96999908447266,67.80999969482421,0.12716189307263817,transition,-346.066958102545,signal_change,1
BZ=F,SCORE,2026-02-17 11:00:00+00:00,2026-02-17 13:00:00+00:00,1.0,68.48000122070313,68.09749721527099,0.1282935522764133,transition,-730.0928924798347,stop,3
BZ=F,SCORE,2026-02-17 15:00:00+00:00,2026-02-17 17:00:00+00:00,-1.0,67.40999816894531,67.34999633789063,0.11220654575584607,transition,56.46472494612785,signal_change,2
BZ=F,SCORE,2026-02-17 20:00:00+00:00,2026-02-17 21:00:00+00:00,-1.0,67.30999969482421,67.37000061035157,0.11506275574355825,transition,-94.8606161883564,signal_change,1
BZ=F,SCORE,2026-02-18 15:00:00+00:00,2026-02-18 21:00:00+00:00,1.0,69.4900033569336,70.53000091552734,0.1108944828712502,transition,1463.607405984634,signal_change,6
BZ=F,SCORE,2026-02-19 02:00:00+00:00,2026-02-19 04:00:00+00:00,1.0,70.44000030517579,70.61000274658203,0.10644866738918192,trend,179.6901565122239,signal_change,2
BZ=F,SCORE,2026-02-19 08:00:00+00:00,2026-02-19 23:00:00+00:00,1.0,70.98000122070313,71.72999786376953,0.09780784876382004,trend,903.4060491015032,signal_change,14
BZ=F,SCORE,2026-02-20 05:00:00+00:00,2026-02-20 06:00:00+00:00,1.0,72.01,72.10000061035156,0.11102157928501435,trend,68.97155664801514,signal_change,1
BZ=F,SCORE,2026-02-20 16:00:00+00:00,2026-02-20 18:00:00+00:00,-1.0,70.76999877929687,71.26,0.11271423450567603,transition,-839.1721183139556,signal_change,2
BZ=F,SCORE,2026-02-23 07:00:00+00:00,2026-02-23 08:00:00+00:00,-1.0,70.55999969482421,70.52999664306641,0.12065065394172225,transition,203.6145893710223,signal_change,1
BZ=F,SCORE,2026-02-24 09:00:00+00:00,2026-02-24 10:00:00+00:00,1.0,71.70000244140626,71.65999816894531,0.13176464730895668,shock,-138.40036983259404,signal_change,1
BZ=F,SCORE,2026-02-24 11:00:00+00:00,2026-02-24 12:00:00+00:00,-1.0,70.97000335693359,71.09000183105469,0.1334604770898702,shock,-280.0923636319364,signal_change,1
BZ=F,SCORE,2026-02-24 16:00:00+00:00,2026-02-24 19:00:00+00:00,-1.0,70.69999908447265,70.89999938964844,0.04247996479146485,transition,-133.82777415279864,signal_change,3
BZ=F,SCORE,2026-02-25 10:00:00+00:00,2026-02-25 11:00:00+00:00,-1.0,70.61999725341796,70.95999694824219,0.1097010692167205,transition,-489.38797734923077,signal_change,1
BZ=F,SCORE,2026-02-25 15:00:00+00:00,2026-02-25 17:00:00+00:00,-1.0,70.42000030517578,70.66000152587891,0.11119217650820722,transition,-322.0488975292306,signal_change,2
BZ=F,SCORE,2026-02-26 10:00:00+00:00,2026-02-26 14:00:00+00:00,-1.0,70.42000030517578,70.22000289916993,0.04692058547993353,transition,429.4665770505188,stop,5
BZ=F,SCORE,2026-02-26 15:00:00+00:00,2026-02-26 15:00:00+00:00,-1.0,70.29999755859374,71.12999661763509,0.10992390755706351,shock,1138.5680112811028,stop,1
BZ=F,SCORE,2026-02-26 16:00:00+00:00,2026-02-26 18:00:00+00:00,1.0,72.13000274658204,71.97000335693359,0.03662796221669731,shock,-94.64756897968657,signal_change,2
BZ=F,SCORE,2026-02-27 11:00:00+00:00,2026-02-27 17:00:00+00:00,1.0,72.2400033569336,72.26999877929687,0.08364235431515872,transition,-3.3762997002264967,signal_change,6
BZ=F,SCORE,2026-02-27 18:00:00+00:00,2026-03-01 23:00:00+00:00,1.0,72.53999877929688,78.76999877929687,0.03333380928392751,transition,2608.1187282965857,signal_change,4
BZ=F,SCORE,2026-03-02 00:00:00+00:00,2026-03-02 01:00:00+00:00,1.0,78.42999816894532,77.04333241780598,0.024896201833642138,shock,-421.11168264551725,stop,2
BZ=F,SCORE,2026-03-02 08:00:00+00:00,2026-03-02 10:00:00+00:00,1.0,80.03999877929688,77.98333168029785,0.0484018627398902,transition,-1184.8213675253514,stop,3
BZ=F,SCORE,2026-03-02 13:00:00+00:00,2026-03-02 15:00:00+00:00,1.0,79.38999725341797,78.29000305175781,0.04378541440913483,transition,-584.0995114051516,signal_change,2
BZ=F,SCORE,2026-03-02 17:00:00+00:00,2026-03-02 18:00:00+00:00,1.0,77.4900033569336,77.07999633789062,0.039944733020061136,transition,-216.07551139293724,signal_change,1
BZ=F,SCORE,2026-03-02 21:00:00+00:00,2026-03-02 23:00:00+00:00,1.0,78.48000122070313,78.04000305175781,0.03667819322776301,transition,-207.18899225741922,signal_change,1
BZ=F,SCORE,2026-03-03 03:00:00+00:00,2026-03-03 04:00:00+00:00,1.0,79.3599984741211,79.40999816894531,0.016919258776196426,transition,1.2266035633739456,signal_change,1
BZ=F,SCORE,2026-03-03 07:00:00+00:00,2026-03-03 16:00:00+00:00,1.0,80.24999786376954,81.70875190734863,0.0494095842665565,transition,833.8888511128437,stop,10
BZ=F,SCORE,2026-03-03 17:00:00+00:00,2026-03-03 18:00:00+00:00,1.0,82.84999633789063,82.32999633789062,0.04116753833692989,transition,-259.72324240235815,signal_change,1
BZ=F,SCORE,2026-03-03 19:00:00+00:00,2026-03-03 19:00:00+00:00,1.0,81.34999633789063,78.53666241963704,0.035845711630265654,transition,-1164.2735922209615,stop,1
BZ=F,SCORE,2026-03-03 20:00:00+00:00,2026-03-03 21:00:00+00:00,1.0,80.38999725341797,81.05999969482421,0.035462094368706586,transition,255.0551294107024,signal_change,1
BZ=F,SCORE,2026-03-04 10:00:00+00:00,2026-03-04 11:00:00+00:00,1.0,83.9900033569336,82.55999969482421,0.03426673278525834,transition,-555.9229481578082,signal_change,1
BZ=F,SCORE,2026-03-04 15:00:00+00:00,2026-03-04 16:00:00+00:00,-1.0,81.40999816894531,80.9900033569336,0.012960136184679711,transition,61.0736355269233,signal_change,1
BZ=F,SCORE,2026-03-05 15:00:00+00:00,2026-03-05 23:00:00+00:00,1.0,83.8599984741211,84.82999633789062,0.0591701773324377,transition,612.0567906342824,signal_change,7
BZ=F,SCORE,2026-03-06 08:00:00+00:00,2026-03-06 09:00:00+00:00,1.0,85.59999633789063,85.29000305175781,0.0535606979335821,transition,-205.66676148223772,signal_change,1
BZ=F,SCORE,2026-03-06 10:00:00+00:00,2026-03-06 13:00:00+00:00,1.0,87.45999694824219,88.97000335693359,0.018739852341964548,transition,293.14043765924544,signal_change,3
BZ=F,SCORE,2026-03-06 14:00:00+00:00,2026-03-06 21:00:00+00:00,1.0,89.77999664306641,92.26999877929687,0.01618898538247188,trend,409.69186725273676,signal_change,7
BZ=F,SCORE,2026-03-08 23:00:00+00:00,2026-03-09 00:00:00+00:00,1.0,107.66000152587891,108.1400015258789,0.011435237096369955,shock,42.02380161350589,signal_change,1
BZ=F,SCORE,2026-03-09 02:00:00+00:00,2026-03-09 04:00:00+00:00,1.0,114.59000183105469,116.04999755859374,0.02753496583626873,trend,311.449908235218,signal_change,2
BZ=F,SCORE,2026-03-10 08:00:00+00:00,2026-03-10 09:00:00+00:00,-1.0,85.54999755859374,88.17000366210938,0.013455275927557167,transition,-381.8467045005563,signal_change,1
BZ=F,SCORE,2026-03-10 15:00:00+00:00,2026-03-10 16:00:00+00:00,-1.0,84.7599966430664,85.27000213623047,0.014115793835546451,transition,-30.176728845830073,signal_change,1
BZ=F,SCORE,2026-03-10 17:00:00+00:00,2026-03-10 20:00:00+00:00,-1.0,83.32000183105468,87.77000213623047,0.01353070861182951,transition,-750.3731128640391,signal_change,3
BZ=F,SCORE,2026-03-11 16:00:00+00:00,2026-03-11 17:00:00+00:00,1.0,88.89999938964844,88.50000213623046,0.024144555169353904,transition,-112.05811822846262,signal_change,1
BZ=F,SCORE,2026-03-11 18:00:00+00:00,2026-03-11 22:00:00+00:00,1.0,89.19000030517579,90.82999633789062,0.02700001659567151,transition,442.45124115971896,signal_change,3
BZ=F,SCORE,2026-03-11 23:00:00+00:00,2026-03-12 00:00:00+00:00,1.0,92.6099984741211,93.83999847412109,0.030966804894295222,transition,365.2270112034876,signal_change,1
BZ=F,SCORE,2026-03-12 01:00:00+00:00,2026-03-12 02:00:00+00:00,1.0,94.64999938964844,94.15000366210937,0.032315109371896245,transition,-172.90029058655472,signal_change,1
BZ=F,SCORE,2026-03-12 09:00:00+00:00,2026-03-12 10:00:00+00:00,1.0,93.7400033569336,93.00000213623046,0.029645666702494564,transition,-229.95630036628523,signal_change,1
BZ=F,SCORE,2026-03-12 12:00:00+00:00,2026-03-12 13:00:00+00:00,1.0,94.13999725341797,94.24,0.032534476526286424,transition,16.60134281805184,signal_change,1
BZ=F,SCORE,2026-03-12 14:00:00+00:00,2026-03-12 18:00:00+00:00,1.0,95.76,95.35000061035156,0.03346046424497836,transition,-145.1487300477944,signal_change,4
BZ=F,SCORE,2026-03-12 19:00:00+00:00,2026-03-12 20:00:00+00:00,1.0,97.70000244140626,97.47000335693359,0.03340534685483744,transition,-88.15125683090244,signal_change,1
BZ=F,SCORE,2026-03-13 10:00:00+00:00,2026-03-13 11:00:00+00:00,1.0,101.02000213623047,99.0099966430664,0.01350350547734552,transition,-254.32502125593527,signal_change,1
BZ=F,SCORE,2026-03-13 14:00:00+00:00,2026-03-13 17:00:00+00:00,1.0,99.82999969482422,101.55999969482421,0.037688954561613315,transition,582.8819169191972,signal_change,3
BZ=F,SCORE,2026-03-13 18:00:00+00:00,2026-03-13 20:00:00+00:00,1.0,102.71999908447266,103.0099966430664,0.0383270839323111,transition,83.90460711670012,signal_change,2
BZ=F,SCORE,2026-03-16 14:00:00+00:00,2026-03-16 15:00:00+00:00,-1.0,96.12999938964843,97.63999725341797,0.03969224658585604,transition,-556.7281883144291,signal_change,1
BZ=F,SCORE,2026-03-16 19:00:00+00:00,2026-03-16 20:00:00+00:00,-1.0,100.18000244140624,100.03999877929688,0.03742893531299361,transition,17.217809969040967,signal_change,1
BZ=F,SCORE,2026-03-17 09:00:00+00:00,2026-03-17 10:00:00+00:00,1.0,104.13000274658204,102.82000183105468,0.041075139882402016,transition,-495.59521450001694,signal_change,1
BZ=F,SCORE,2026-03-17 12:00:00+00:00,2026-03-17 13:00:00+00:00,1.0,103.56000305175782,102.17000030517578,0.041845984161611484,transition,-537.361240454275,signal_change,1
BZ=F,SCORE,2026-03-17 14:00:00+00:00,2026-03-17 17:00:00+00:00,1.0,102.13999725341797,102.03000091552734,0.04310633339429039,transition,-54.94450471964711,signal_change,3
BZ=F,SCORE,2026-03-17 18:00:00+00:00,2026-03-17 22:00:00+00:00,1.0,103.02999664306641,103.43999694824218,0.01796820930305997,transition,57.81819413449229,signal_change,3
BZ=F,SCORE,2026-03-18 13:00:00+00:00,2026-03-18 15:00:00+00:00,1.0,107.96999908447266,106.11124824523925,0.037666725122738935,transition,-605.5106553988488,stop,3
BZ=F,SCORE,2026-03-19 09:00:00+00:00,2026-03-19 11:00:00+00:00,1.0,109.63000274658204,108.33999847412109,0.03436854371322361,transition,-388.4760110620792,signal_change,2
BZ=F,SCORE,2026-03-19 16:00:00+00:00,2026-03-19 17:00:00+00:00,-1.0,105.26999877929687,105.23000122070313,0.012313662350889631,shock,26.79430535464386,signal_change,1
BZ=F,SCORE,2026-03-20 12:00:00+00:00,2026-03-20 13:00:00+00:00,-1.0,103.05999969482421,103.7400033569336,0.03799391602080406,transition,-322.66317166873785,signal_change,1
BZ=F,SCORE,2026-03-20 19:00:00+00:00,2026-03-20 20:00:00+00:00,1.0,107.07999969482422,106.10000061035156,0.044596422480374834,transition,-395.86243244063326,signal_change,1
BZ=F,SCORE,2026-03-23 03:00:00+00:00,2026-03-23 04:00:00+00:00,1.0,107.73000122070313,107.90999816894531,0.04880764912795599,transition,53.27335210057256,signal_change,1
BZ=F,SCORE,2026-03-23 07:00:00+00:00,2026-03-23 08:00:00+00:00,1.0,108.87000061035157,109.00000213623046,0.050437740109008165,transition,33.05415294784237,signal_change,1
BZ=F,SCORE,2026-03-23 09:00:00+00:00,2026-03-23 10:00:00+00:00,1.0,108.76,108.51999877929687,0.05187161763097452,shock,-128.5301912249351,signal_change,1
BZ=F,SCORE,2026-03-23 12:00:00+00:00,2026-03-23 15:00:00+00:00,-1.0,101.15000366210937,100.98000122070313,0.01080762940205573,shock,-2.0594010214822376,signal_change,3
BZ=F,SCORE,2026-03-23 16:00:00+00:00,2026-03-23 20:00:00+00:00,-1.0,102.36000274658203,99.74999786376954,0.025734613121546263,transition,566.0030200658421,signal_change,4
BZ=F,SCORE,2026-03-24 08:00:00+00:00,2026-03-24 10:00:00+00:00,-1.0,97.15000366210937,101.59999633789063,0.021992214282432004,transition,-910.5619106184662,signal_change,2
BZ=F,SCORE,2026-03-24 19:00:00+00:00,2026-03-24 20:00:00+00:00,1.0,103.98000122070313,103.7599966430664,0.0383083034590581,transition,-91.96859084180518,signal_change,1
BZ=F,SCORE,2026-03-25 08:00:00+00:00,2026-03-25 09:00:00+00:00,-1.0,95.54000305175781,94.92000366210938,0.0301395946867914,transition,119.24493353300309,signal_change,1
BZ=F,SCORE,2026-03-25 13:00:00+00:00,2026-03-25 14:00:00+00:00,-1.0,95.60000061035156,95.95999694824219,0.03224076629546624,transition,-133.01811669153204,signal_change,1
BZ=F,SCORE,2026-03-25 17:00:00+00:00,2026-03-25 18:00:00+00:00,-1.0,96.68000244140624,97.12000061035157,0.03356400911514523,transition,-79.65470703475552,signal_change,1
BZ=F,SCORE,2026-03-26 09:00:00+00:00,2026-03-26 20:00:00+00:00,1.0,100.38999725341797,101.3900015258789,0.021758347145795363,shock,193.78824259892974,signal_change,11
BZ=F,SCORE,2026-03-27 08:00:00+00:00,2026-03-27 10:00:00+00:00,1.0,102.59999633789063,103.32999633789062,0.05604520353926627,transition,341.3976760087863,signal_change,2
BZ=F,SCORE,2026-03-27 14:00:00+00:00,2026-03-29 23:00:00+00:00,1.0,104.13999725341797,107.69999908447265,0.05644852578102417,transition,1730.1798615819687,signal_change,8
BZ=F,SCORE,2026-03-30 00:00:00+00:00,2026-03-30 02:00:00+00:00,1.0,108.59999633789063,108.25000213623046,0.05525279866697695,trend,-186.13028747228194,signal_change,2
BZ=F,SCORE,2026-03-30 04:00:00+00:00,2026-03-30 06:00:00+00:00,1.0,107.77999664306641,107.90000366210937,0.054436092825136916,trend,31.85707058757187,signal_change,2
BZ=F,SCORE,2026-03-30 07:00:00+00:00,2026-03-30 08:00:00+00:00,1.0,108.45000244140626,108.58999847412109,0.05256537242618575,trend,39.10227525001606,signal_change,1
BZ=F,SCORE,2026-03-30 12:00:00+00:00,2026-03-30 13:00:00+00:00,1.0,107.56000305175782,107.03000091552734,0.05097621662259377,transition,-254.5418424470412,signal_change,1
BZ=F,SCORE,2026-03-30 14:00:00+00:00,2026-03-30 17:00:00+00:00,1.0,108.28999877929688,107.30999969482421,0.049103362570082056,transition,-432.65376770106377,signal_change,3
BZ=F,SCORE,2026-03-30 19:00:00+00:00,2026-03-30 20:00:00+00:00,1.0,107.74999786376954,108.37999938964843,0.05064547500902824,transition,250.0296305573936,signal_change,1
BZ=F,SCORE,2026-03-31 02:00:00+00:00,2026-03-31 03:00:00+00:00,-1.0,105.47999786376953,106.19000030517579,0.01778134495678622,shock,-115.2405641914739,signal_change,1
BZ=F,SCORE,2026-03-31 09:00:00+00:00,2026-03-31 10:00:00+00:00,-1.0,106.6400015258789,107.9900033569336,0.05088306963341759,range,-572.7740513997763,signal_change,1
BZ=F,SCORE,2026-03-31 17:00:00+00:00,2026-03-31 19:00:00+00:00,-1.0,104.75000213623046,104.6099984741211,0.015184859338447532,transition,-17.557896826228735,signal_change,2
BZ=F,SCORE,2026-04-01 07:00:00+00:00,2026-04-01 08:00:00+00:00,-1.0,98.86000274658203,102.25166893005371,0.026167203619695118,shock,-298.27187848492565,stop,2
BZ=F,SCORE,2026-04-01 11:00:00+00:00,2026-04-01 19:00:00+00:00,-1.0,102.87999938964843,101.17000366210938,0.036642242946933724,transition,532.1984777252817,signal_change,8
BZ=F,SCORE,2026-04-02 09:00:00+00:00,2026-04-02 10:00:00+00:00,1.0,108.8599984741211,108.32000183105468,0.044519206751495836,transition,-223.32536913739816,signal_change,1
BZ=F,SCORE,2026-04-02 13:00:00+00:00,2026-04-02 14:00:00+00:00,1.0,108.77999664306641,105.93916511535645,0.047821639150744756,shock,-1175.7384380315245,stop,2
BZ=F,SCORE,2026-04-02 15:00:00+00:00,2026-04-02 17:00:00+00:00,1.0,106.3599984741211,107.72999786376953,0.015573511473844451,transition,177.43581898367057,signal_change,2
BZ=F,SCORE,2026-04-05 23:00:00+00:00,2026-04-06 00:00:00+00:00,1.0,111.20999694824219,111.6400015258789,0.04430555258408379,trend,138.08261103152773,signal_change,1
BZ=F,SCORE,2026-04-06 18:00:00+00:00,2026-04-06 19:00:00+00:00,1.0,111.07999969482422,109.75000213623046,0.05383132326988058,transition,-617.076689188169,signal_change,1
BZ=F,SCORE,2026-04-07 08:00:00+00:00,2026-04-07 09:00:00+00:00,1.0,111.69000030517579,109.49,0.05627695982853321,shock,-1045.066244743283,signal_change,1
BZ=F,SCORE,2026-04-07 10:00:00+00:00,2026-04-07 16:00:00+00:00,1.0,109.06000305175782,109.30999969482421,0.05381579175668427,shock,97.83185863394351,signal_change,6
BZ=F,SCORE,2026-04-07 20:00:00+00:00,2026-04-07 22:00:00+00:00,-1.0,107.22000335693359,100.16000343322754,0.014633110204707072,shock,-464.16489110828354,stop,2
BZ=F,SCORE,2026-04-07 23:00:00+00:00,2026-04-08 05:00:00+00:00,-1.0,94.80999969482421,94.91000152587891,0.009348754388937659,shock,-30.42008664859913,signal_change,6
BZ=F,SCORE,2026-04-08 06:00:00+00:00,2026-04-08 07:00:00+00:00,-1.0,93.82000183105468,93.87000061035157,0.023624606789567827,trend,-36.55529289442384,signal_change,1
BZ=F,SCORE,2026-04-08 09:00:00+00:00,2026-04-08 19:00:00+00:00,-1.0,94.32000183105468,95.7400033569336,0.02379813557984327,trend,-316.65773613543513,signal_change,10
BZ=F,SCORE,2026-04-09 01:00:00+00:00,2026-04-09 02:00:00+00:00,1.0,97.84000183105469,96.90000366210937,0.013251506105804802,shock,-122.99367057675292,signal_change,1
BZ=F,SCORE,2026-04-09 08:00:00+00:00,2026-04-09 10:00:00+00:00,1.0,98.38999725341797,97.82999633789062,0.04302809037598711,transition,-244.99762325563714,signal_change,2
BZ=F,SCORE,2026-04-09 11:00:00+00:00,2026-04-09 12:00:00+00:00,1.0,98.67000366210938,97.78000091552734,0.04494494780386715,transition,-393.0342433550926,signal_change,1
BZ=F,SCORE,2026-04-09 13:00:00+00:00,2026-04-09 16:00:00+00:00,1.0,98.34999633789063,95.93375133514404,0.04941535148908446,trend,-1133.5434426073807,stop,4
BZ=F,SCORE,2026-04-10 15:00:00+00:00,2026-04-10 16:00:00+00:00,-1.0,95.83999847412109,97.05000091552735,0.05247027010531039,transition,-651.0246408351129,signal_change,1
BZ=F,SCORE,2026-04-12 23:00:00+00:00,2026-04-13 00:00:00+00:00,1.0,102.46999908447266,103.24,0.017812010049721577,shock,114.33939157351347,signal_change,1
BZ=F,SCORE,2026-04-13 14:00:00+00:00,2026-04-13 17:00:00+00:00,1.0,100.27000213623047,99.87999938964843,0.01658981062931986,transition,-62.196992344383844,signal_change,3
BZ=F,SCORE,2026-04-14 13:00:00+00:00,2026-04-14 17:00:00+00:00,-1.0,97.68999694824218,95.27000213623047,0.04754337954507824,transition,1065.1399920312315,signal_change,4
BZ=F,SCORE,2026-04-15 08:00:00+00:00,2026-04-15 09:00:00+00:00,-1.0,94.79999755859374,95.32999969482422,0.05477789274310052,transition,-327.360581541275,signal_change,1
BZ=F,SCORE,2026-04-15 12:00:00+00:00,2026-04-15 16:00:00+00:00,-1.0,95.3900015258789,95.77999664306641,0.05398189610298276,transition,-116.35845148693767,signal_change,4
BZ=F,SCORE,2026-04-16 08:00:00+00:00,2026-04-16 09:00:00+00:00,1.0,96.34999633789063,96.36000274658203,0.08452317145524212,transition,-31.229846208560417,signal_change,1
BZ=F,SCORE,2026-04-16 13:00:00+00:00,2026-04-16 19:00:00+00:00,1.0,96.45999694824219,98.54000305175781,0.09200007629401122,transition,1773.6877129776256,signal_change,6
BZ=F,SCORE,2026-04-17 08:00:00+00:00,2026-04-17 09:00:00+00:00,-1.0,92.65999816894531,94.40874935150147,0.021009159266926206,shock,700.0426215679594,stop,2
BZ=F,SCORE,2026-04-17 13:00:00+00:00,2026-04-17 18:00:00+00:00,-1.0,90.43999694824218,90.89500118255616,0.012558464656045874,shock,170.74525044512166,stop,6
BZ=F,SCORE,2026-04-17 19:00:00+00:00,2026-04-17 20:00:00+00:00,-1.0,91.08999847412109,90.76,0.03306412583294201,transition,100.91314819080584,signal_change,1
BZ=F,SCORE,2026-04-21 02:00:00+00:00,2026-04-21 03:00:00+00:00,1.0,95.1099984741211,94.90999816894531,0.012229813001333831,shock,-29.367823032818723,signal_change,1
BZ=F,SCORE,2026-04-21 14:00:00+00:00,2026-04-21 15:00:00+00:00,-1.0,90.54999755859374,92.07999969482422,0.05521412835759538,transition,-738.8395878902982,signal_change,1
BZ=F,SCORE,2026-04-21 18:00:00+00:00,2026-04-21 19:00:00+00:00,-1.0,93.00000213623046,94.9837548828125,0.05152167386038368,transition,1572.5577130760275,stop,2
BZ=F,SCORE,2026-04-22 09:00:00+00:00,2026-04-22 11:00:00+00:00,1.0,94.39999938964844,93.80999969482421,0.017359156869654356,shock,-107.88905181028909,signal_change,2
BZ=F,SCORE,2026-04-22 13:00:00+00:00,2026-04-22 15:00:00+00:00,1.0,94.89999938964844,97.48749565124511,0.047144245351524984,transition,1151.5189213749845,stop,3
BZ=F,SCORE,2026-04-22 16:00:00+00:00,2026-04-22 18:00:00+00:00,1.0,101.76,101.5099966430664,0.03007017897327489,transition,-81.0064702506333,signal_change,2
BZ=F,SCORE,2026-04-22 19:00:00+00:00,2026-04-22 20:00:00+00:00,1.0,101.99999786376954,101.43999694824218,0.04606233633983125,transition,-253.8531810059618,signal_change,1
BZ=F,SCORE,2026-04-23 01:00:00+00:00,2026-04-23 02:00:00+00:00,1.0,101.99999786376954,102.37999938964843,0.050815094922485066,trend,150.87005487166093,signal_change,1
BZ=F,SCORE,2026-04-23 03:00:00+00:00,2026-04-23 04:00:00+00:00,1.0,104.06999755859376,103.40999816894531,0.04850840210836403,trend,-305.1334327628858,signal_change,1
BZ=F,SCORE,2026-04-23 13:00:00+00:00,2026-04-23 15:00:00+00:00,1.0,102.17000366210938,102.33999847412109,0.03462546766174432,transition,38.4463297217902,signal_change,2
BZ=F,SCORE,2026-04-23 16:00:00+00:00,2026-04-23 17:00:00+00:00,1.0,103.69000030517579,103.65000366210937,0.040380696292944815,transition,-32.62276017658651,signal_change,1
BZ=F,SCORE,2026-04-23 19:00:00+00:00,2026-04-23 20:00:00+00:00,1.0,105.70000244140626,105.86999725341796,0.03762095009806373,transition,38.72129579527565,signal_change,1
BZ=F,SCORE,2026-04-24 08:00:00+00:00,2026-04-24 09:00:00+00:00,-1.0,100.37999938964843,100.49999786376954,0.039314358445211806,transition,-90.09759525886469,signal_change,1
BZ=F,SCORE,2026-04-24 13:00:00+00:00,2026-04-24 14:00:00+00:00,1.0,99.45999694824219,99.28000091552734,0.04332795841939339,shock,-92.08905583170824,signal_change,1
BZ=F,SCORE,2026-04-24 16:00:00+00:00,2026-04-24 17:00:00+00:00,-1.0,98.5099966430664,98.69000030517579,0.042780301673878564,transition,-83.70973520268147,signal_change,1
BZ=F,SCORE,2026-04-26 22:00:00+00:00,2026-04-26 23:00:00+00:00,-1.0,101.29000305175781,101.01,0.045318524002554234,transition,102.71987961923074,signal_change,1
BZ=F,SCORE,2026-04-27 13:00:00+00:00,2026-04-27 20:00:00+00:00,1.0,101.09999633789063,101.58999847412109,0.06596329238559173,transition,265.4194372316379,signal_change,7
BZ=F,SCORE,2026-04-28 04:00:00+00:00,2026-04-28 05:00:00+00:00,1.0,102.77000213623047,102.68999694824218,0.09246679434198668,transition,-108.32634774958477,signal_change,1
BZ=F,SCORE,2026-04-28 06:00:00+00:00,2026-04-28 11:00:00+00:00,1.0,103.48000122070313,104.32999633789062,0.08711746678976252,transition,620.9376891181158,signal_change,5
BZ=F,SCORE,2026-04-28 12:00:00+00:00,2026-04-28 12:00:00+00:00,1.0,105.45000244140626,103.70416831970215,0.07492075395818155,shock,-1175.8323078548028,stop,1
BZ=F,SCORE,2026-04-28 13:00:00+00:00,2026-04-28 17:00:00+00:00,1.0,104.07999969482422,103.47999786376953,0.025911278921925053,transition,-148.70420508012046,signal_change,4
BZ=F,SCORE,2026-04-28 18:00:00+00:00,2026-04-28 20:00:00+00:00,1.0,104.2400033569336,104.36000274658203,0.07292503149302712,transition,44.222272223405206,signal_change,2
BZ=F,SCORE,2026-04-29 09:00:00+00:00,2026-04-29 10:00:00+00:00,1.0,107.6099984741211,107.53000091552734,0.07058663280429785,transition,-79.74136082027215,signal_change,1
BZ=F,SCORE,2026-04-29 13:00:00+00:00,2026-04-29 20:00:00+00:00,1.0,108.28999877929688,111.50000213623046,0.07491789982322072,trend,1994.2416774751914,signal_change,7
BZ=F,SCORE,2026-04-30 04:00:00+00:00,2026-04-30 06:00:00+00:00,1.0,112.94000030517579,113.51999877929687,0.05943004579227009,trend,255.50614358644424,signal_change,2
BZ=F,SCORE,2026-04-30 10:00:00+00:00,2026-04-30 11:00:00+00:00,-1.0,103.32000183105468,103.24999786376954,0.01440992233480018,transition,7.583990386613426,signal_change,1
BZ=F,SCORE,2026-04-30 12:00:00+00:00,2026-04-30 12:00:00+00:00,-1.0,102.11999725341796,106.06499926249187,0.03471726337861796,shock,1220.190993434391,stop,1
BZ=F,SCORE,2026-05-01 08:00:00+00:00,2026-05-01 09:00:00+00:00,-1.0,104.47999786376953,104.7400033569336,0.03858669982183072,range,9.723334110760206,signal_change,1
BZ=F,SCORE,2026-05-01 13:00:00+00:00,2026-05-01 14:00:00+00:00,1.0,110.7400033569336,108.11000274658203,0.04122616154340562,transition,-922.1519377131731,signal_change,1
BZ=F,SCORE,2026-05-04 09:00:00+00:00,2026-05-04 10:00:00+00:00,1.0,109.64999938964844,110.16625045776367,0.01616357671313744,transition,62.900539635783616,stop,2
BZ=F,SCORE,2026-05-04 11:00:00+00:00,2026-05-04 12:00:00+00:00,1.0,112.17000366210938,111.36000274658203,0.01713716281054252,shock,-121.6007676552575,signal_change,1
BZ=F,SCORE,2026-05-04 15:00:00+00:00,2026-05-04 18:00:00+00:00,1.0,112.20000244140626,113.60000061035156,0.048184104831969735,transition,538.9621112295995,signal_change,3
BZ=F,SCORE,2026-05-04 19:00:00+00:00,2026-05-04 20:00:00+00:00,1.0,114.20999694824219,113.99,0.04781641621907848,transition,-105.95163121257686,signal_change,1
BZ=F,SCORE,2026-05-05 18:00:00+00:00,2026-05-05 20:00:00+00:00,-1.0,110.1400015258789,110.27999664306641,0.02405045873606256,transition,-43.44551911211525,signal_change,2
BZ=F,SCORE,2026-05-06 00:00:00+00:00,2026-05-06 01:00:00+00:00,-1.0,107.29000305175781,108.59000183105469,0.058060223853619954,transition,-734.2093429440442,signal_change,1
BZ=F,SCORE,2026-05-06 08:00:00+00:00,2026-05-06 12:00:00+00:00,-1.0,105.67000030517578,101.77375389099122,0.04538684498093659,trend,2778.9447058984706,stop,5
BZ=F,SCORE,2026-05-06 13:00:00+00:00,2026-05-06 17:00:00+00:00,-1.0,102.93000244140624,102.51,0.012473300206783743,transition,22.602111813420528,signal_change,4
BZ=F,SCORE,2026-05-06 18:00:00+00:00,2026-05-06 20:00:00+00:00,-1.0,101.53000091552734,101.56000305175782,0.03402307605255888,transition,11.998015149513607,signal_change,2
BZ=F,SCORE,2026-05-07 08:00:00+00:00,2026-05-07 10:00:00+00:00,-1.0,99.54000305175781,99.06999755859376,0.03690216337969891,transition,164.60420517897703,signal_change,2
BZ=F,SCORE,2026-05-07 13:00:00+00:00,2026-05-07 16:00:00+00:00,-1.0,96.8900015258789,99.14999938964844,0.017177798043218673,shock,-393.3062708586482,signal_change,3
BZ=F,SCORE,2026-05-07 18:00:00+00:00,2026-05-07 19:00:00+00:00,-1.0,100.55999969482421,100.95000244140626,0.01732328106783577,transition,-76.41444932264412,signal_change,1
BZ=F,SCORE,2026-05-07 22:00:00+00:00,2026-05-07 23:00:00+00:00,1.0,103.56999755859376,102.57999633789062,0.04327943890394129,transition,-402.1582892509503,signal_change,1
BZ=F,SCORE,2026-05-08 14:00:00+00:00,2026-05-08 18:00:00+00:00,1.0,100.12000061035157,101.11000274658203,0.04490709306969388,transition,391.5856143278724,signal_change,4
BZ=F,SCORE,2026-05-08 19:00:00+00:00,2026-05-08 20:00:00+00:00,1.0,101.26,100.61999725341796,0.01822540012839528,transition,-114.67065468446422,signal_change,1
BZ=F,SCORE,2026-05-11 09:00:00+00:00,2026-05-11 10:00:00+00:00,1.0,104.03999877929688,104.11000274658203,0.06289486279073628,transition,10.492077505073736,signal_change,1
BZ=F,SCORE,2026-05-11 13:00:00+00:00,2026-05-11 14:00:00+00:00,1.0,103.91000152587891,103.11000274658203,0.06207310423086437,transition,-469.2716916083205,signal_change,1
BZ=F,SCORE,2026-05-11 15:00:00+00:00,2026-05-11 18:00:00+00:00,1.0,103.77000213623047,104.33999847412109,0.06452229230027991,transition,301.42356864794647,signal_change,3
BZ=F,SCORE,2026-05-11 19:00:00+00:00,2026-05-11 20:00:00+00:00,1.0,104.23000122070313,104.25000213623046,0.0628444781484951,transition,-17.405747863016842,signal_change,1
BZ=F,SCORE,2026-05-12 01:00:00+00:00,2026-05-12 02:00:00+00:00,1.0,104.80000091552735,105.15000366210937,0.026792821244516374,shock,70.49515229182614,signal_change,1
BZ=F,SCORE,2026-05-12 08:00:00+00:00,2026-05-12 12:00:00+00:00,1.0,106.44000030517579,107.5099966430664,0.07935781379847465,transition,699.8624460031998,signal_change,4
BZ=F,SCORE,2026-05-12 13:00:00+00:00,2026-05-12 17:00:00+00:00,1.0,107.17999816894532,107.32000183105468,0.08067722217325093,transition,63.54403311018055,signal_change,4
BZ=F,SCORE,2026-05-12 18:00:00+00:00,2026-05-12 20:00:00+00:00,1.0,107.38999725341797,107.79000305175781,0.09140510970904134,trend,274.3877221802709,signal_change,2
BZ=F,SCORE,2026-05-13 09:00:00+00:00,2026-05-13 10:00:00+00:00,1.0,107.32999969482422,107.18999694824218,0.09671474436953789,transition,-160.13173999837323,signal_change,1
BZ=F,SCORE,2026-05-13 16:00:00+00:00,2026-05-13 20:00:00+00:00,-1.0,106.72000335693359,105.89999938964844,0.09726227321722067,transition,733.245106207063,signal_change,4
BZ=F,SCORE,2026-05-14 11:00:00+00:00,2026-05-14 17:00:00+00:00,-1.0,105.65999816894531,105.17999816894532,0.08398253549896624,transition,281.569973510968,signal_change,6
BZ=F,SCORE,2026-05-15 08:00:00+00:00,2026-05-15 10:00:00+00:00,1.0,107.74999786376954,109.29999755859374,0.0805714776981013,shock,1034.7622100946162,signal_change,2
BZ=F,SCORE,2026-05-15 14:00:00+00:00,2026-05-15 17:00:00+00:00,1.0,108.6099984741211,109.15000366210937,0.07807166793641267,transition,325.05559739947273,signal_change,3
BZ=F,SCORE,2026-05-15 19:00:00+00:00,2026-05-15 20:00:00+00:00,1.0,109.31999755859376,109.35000061035156,0.08397088639341457,transition,-16.22883255178873,signal_change,1
BZ=F,SCORE,2026-05-18 08:00:00+00:00,2026-05-18 09:00:00+00:00,1.0,110.34999633789063,109.96000122070312,0.06979060958347506,transition,-259.8382865917318,signal_change,1
BZ=F,SCORE,2026-05-18 12:00:00+00:00,2026-05-18 12:00:00+00:00,1.0,109.20999694824219,107.1474978129069,0.022914138763969416,shock,-411.32572602480593,stop,1
BZ=F,SCORE,2026-05-18 13:00:00+00:00,2026-05-18 14:00:00+00:00,-1.0,107.53000091552734,107.91000152587891,0.022651269291781864,shock,-49.262384602217,signal_change,1
BZ=F,SCORE,2026-05-18 16:00:00+00:00,2026-05-18 17:00:00+00:00,1.0,110.88999725341797,110.97999786376953,0.02234219033607658,shock,6.8680816442902195,signal_change,1
BZ=F,SCORE,2026-05-18 19:00:00+00:00,2026-05-18 19:00:00+00:00,1.0,112.27999664306641,109.70166333516438,0.05310350504092074,shock,-1153.1175006291953,stop,1
BZ=F,SCORE,2026-05-19 14:00:00+00:00,2026-05-19 17:00:00+00:00,1.0,110.41000152587891,110.72000335693359,0.06395374559104865,transition,137.85131964507892,signal_change,3
BZ=F,SCORE,2026-05-19 19:00:00+00:00,2026-05-19 20:00:00+00:00,1.0,111.55000091552735,111.42000030517578,0.07312251836062551,transition,-111.25270209470668,signal_change,1
BZ=F,SCORE,2026-05-20 09:00:00+00:00,2026-05-20 10:00:00+00:00,-1.0,108.8900015258789,109.24999786376954,0.07896141917716552,transition,-250.0248611176613,signal_change,1
BZ=F,SCORE,2026-05-20 11:00:00+00:00,2026-05-20 12:00:00+00:00,-1.0,108.32999633789062,109.12000061035157,0.07742665552212433,transition,-556.8619305402539,signal_change,1
BZ=F,SCORE,2026-05-20 13:00:00+00:00,2026-05-20 14:00:00+00:00,-1.0,108.44999908447265,108.95999694824219,0.0736351222197822,transition,-378.04667462143607,signal_change,1
BZ=F,SCORE,2026-05-20 15:00:00+00:00,2026-05-20 15:00:00+00:00,-1.0,106.99,106.635,0.0207429863623197,shock,-72.92980179878721,stop,1
BZ=F,SCORE,2026-05-20 16:00:00+00:00,2026-05-20 20:00:00+00:00,-1.0,105.76999877929687,105.09000183105469,0.019885437091041132,transition,115.15801969447277,signal_change,4
BZ=F,SCORE,2026-05-21 02:00:00+00:00,2026-05-21 03:00:00+00:00,-1.0,105.22000335693359,105.96999908447266,0.05529031613695979,transition,-427.82982998825184,signal_change,1
BZ=F,SCORE,2026-05-21 09:00:00+00:00,2026-05-21 10:00:00+00:00,-1.0,105.04000305175781,107.42125011444092,0.05336291926829707,transition,1894.243125009835,stop,2
BZ=F,SCORE,2026-05-21 14:00:00+00:00,2026-05-21 15:00:00+00:00,-1.0,106.76999877929687,107.67999816894532,0.0499304212987002,transition,-390.4518735204918,signal_change,1
BZ=F,SCORE,2026-05-21 18:00:00+00:00,2026-05-21 19:00:00+00:00,-1.0,102.7599966430664,104.63999725341797,0.01736232531937399,range,-311.0459835437904,signal_change,1
BZ=F,SCORE,2026-05-22 13:00:00+00:00,2026-05-22 14:00:00+00:00,-1.0,102.99,104.38999725341797,0.04836424610263178,transition,-612.7536370038061,signal_change,1
BZ=F,SCORE,2026-05-22 16:00:00+00:00,2026-05-22 17:00:00+00:00,-1.0,103.57999633789062,103.42000366210938,0.052315515455129635,transition,-5.208395873857775,signal_change,1
BZ=F,SCORE,2026-05-22 18:00:00+00:00,2026-05-22 19:00:00+00:00,-1.0,102.71000122070312,103.16000152587891,0.05593673697394057,shock,-201.80041212214502,signal_change,1
BZ=F,SCORE,2026-05-26 05:00:00+00:00,2026-05-26 12:00:00+00:00,-1.0,95.49,96.17999816894532,0.01379517387505773,trend,-91.84778781639173,signal_change,7
BZ=F,SCORE,2026-05-26 13:00:00+00:00,2026-05-26 22:00:00+00:00,-1.0,96.21000122070312,96.39999938964844,0.03660363251947973,transition,-219.9832120758038,signal_change,8
BZ=F,SCORE,2026-05-27 08:00:00+00:00,2026-05-27 11:00:00+00:00,-1.0,94.25000213623046,93.82999969482422,0.02696080034363785,transition,80.82567089633453,signal_change,3
BZ=F,SCORE,2026-05-27 13:00:00+00:00,2026-05-27 14:00:00+00:00,-1.0,92.62999938964843,93.37000061035157,0.025283899789837642,transition,-228.72487341415737,signal_change,1
BZ=F,SCORE,2026-05-27 15:00:00+00:00,2026-05-27 17:00:00+00:00,-1.0,94.15000366210937,93.34000183105469,0.07446602526214399,transition,571.5835563821576,signal_change,2
BZ=F,SCORE,2026-05-27 19:00:00+00:00,2026-05-27 20:00:00+00:00,-1.0,92.46000122070312,92.92999816894532,0.07199537273363205,transition,-429.8665522369842,signal_change,1
BZ=F,SCORE,2026-05-28 14:00:00+00:00,2026-05-28 14:00:00+00:00,1.0,94.31000305175782,92.3958371480306,0.06110943127098084,shock,-1174.5738394993432,stop,1
BZ=F,SCORE,2026-05-28 17:00:00+00:00,2026-05-28 18:00:00+00:00,-1.0,91.83999847412109,92.38999725341797,0.05976717503005371,transition,-370.63585372089585,signal_change,1
BZ=F,SCORE,2026-05-29 10:00:00+00:00,2026-05-29 11:00:00+00:00,-1.0,91.12999938964843,91.06000305175782,0.05545674756776314,transition,12.71440579840167,signal_change,1
BZ=F,SCORE,2026-05-29 13:00:00+00:00,2026-05-29 14:00:00+00:00,-1.0,91.0099966430664,91.31999755859376,0.05674263177065153,transition,-159.47025115376988,signal_change,1
BZ=F,SCORE,2026-05-29 15:00:00+00:00,2026-05-29 16:00:00+00:00,-1.0,91.11999725341796,91.05000091552735,0.06279999831627156,transition,1.6843885857497156,signal_change,1
BZ=F,SCORE,2026-05-29 17:00:00+00:00,2026-05-29 18:00:00+00:00,-1.0,90.55999969482421,91.02999664306641,0.06635565529536458,shock,-362.78525501006067,signal_change,1
BZ=F,SCORE,2026-06-01 14:00:00+00:00,2026-06-01 17:00:00+00:00,1.0,97.27000213623047,95.92000030517578,0.020636180236916987,shock,-273.8980680577817,signal_change,3
BZ=F,SCORE,2026-06-01 18:00:00+00:00,2026-06-01 20:00:00+00:00,1.0,94.92000366210938,95.2599966430664,0.05224232389790665,transition,147.88510314300925,signal_change,2
BZ=F,SCORE,2026-06-02 14:00:00+00:00,2026-06-02 15:00:00+00:00,1.0,95.05000091552735,94.8900015258789,0.0670371025884198,shock,-135.50368211667015,signal_change,1
BZ=F,SCORE,2026-06-02 19:00:00+00:00,2026-06-02 20:00:00+00:00,1.0,96.14999938964844,96.05999969482421,0.08628798860119116,transition,-114.74512229268902,signal_change,1
BZ=F,SCORE,2026-06-03 04:00:00+00:00,2026-06-03 05:00:00+00:00,1.0,96.92999816894532,97.04999755859374,0.08422194216938285,transition,56.805194429853074,signal_change,1
BZ=F,SCORE,2026-06-03 06:00:00+00:00,2026-06-03 12:00:00+00:00,1.0,97.81000305175782,97.92000030517578,0.08156652608824651,trend,49.9911843318486,signal_change,6
BZ=F,SCORE,2026-06-03 13:00:00+00:00,2026-06-03 20:00:00+00:00,1.0,97.96999908447266,97.97000335693359,0.0790270055105671,transition,-30.44397356735641,signal_change,7
BZ=F,SCORE,2026-06-04 09:00:00+00:00,2026-06-04 10:00:00+00:00,-1.0,96.53000091552734,96.23000122070313,0.0839544676337664,transition,409.93552873866645,signal_change,1
BZ=F,SCORE,2026-06-04 12:00:00+00:00,2026-06-04 18:00:00+00:00,-1.0,94.40999816894531,94.63999725341797,0.05406353642016696,shock,-148.49775694801224,signal_change,6
BZ=F,SCORE,2026-06-04 19:00:00+00:00,2026-06-04 20:00:00+00:00,-1.0,95.29000305175781,95.28999877929688,0.08349005750120435,transition,-39.22910937928258,signal_change,1
BZ=F,SCORE,2026-06-05 09:00:00+00:00,2026-06-05 11:00:00+00:00,-1.0,94.96000122070312,94.8599984741211,0.08520031484924881,transition,75.66314375897018,signal_change,2
BZ=F,SCORE,2026-06-05 14:00:00+00:00,2026-06-05 15:00:00+00:00,-1.0,93.96000122070312,93.92000366210938,0.032705358064979935,transition,23.048176448951068,signal_change,1
BZ=F,SCORE,2026-06-05 16:00:00+00:00,2026-06-05 20:00:00+00:00,-1.0,93.53000091552734,92.99999786376954,0.0906924268610161,transition,484.4859801705084,signal_change,4
BZ=F,SCORE,2026-06-08 12:00:00+00:00,2026-06-08 13:00:00+00:00,-1.0,94.04000305175781,94.92000366210938,0.058185492998234674,range,-529.4811039253734,signal_change,1
BZ=F,SCORE,2026-06-09 09:00:00+00:00,2026-06-09 10:00:00+00:00,-1.0,92.58999847412109,92.4900033569336,0.07286504501905347,trend,37.86715867118721,signal_change,1
BZ=F,SCORE,2026-06-09 11:00:00+00:00,2026-06-09 12:00:00+00:00,-1.0,92.24,92.70999694824219,0.07690611877750904,transition,-535.5718325419681,signal_change,1
BZ=F,SCORE,2026-06-09 13:00:00+00:00,2026-06-09 16:00:00+00:00,-1.0,92.50000213623046,92.05249572753907,0.07949394973916239,shock,3365.775986615131,stop,4
BZ=F,SCORE,2026-06-09 17:00:00+00:00,2026-06-09 20:00:00+00:00,-1.0,91.43999694824218,91.63000274658204,0.023879296321591463,transition,-23.606035978445764,signal_change,3
BZ=F,SCORE,2026-06-10 15:00:00+00:00,2026-06-10 18:00:00+00:00,1.0,93.13999725341797,93.92000030517578,0.05533281168586486,transition,401.37071688418865,signal_change,3
BZ=F,SCORE,2026-06-10 19:00:00+00:00,2026-06-10 20:00:00+00:00,1.0,93.27000213623047,93.40999816894531,0.06333631852224354,transition,57.78289460984286,signal_change,1
BZ=F,SCORE,2026-06-10 23:00:00+00:00,2026-06-11 00:00:00+00:00,1.0,96.20999694824219,95.18000244140624,0.059130022271869774,transition,-613.148493467799,signal_change,1
BZ=F,SCORE,2026-06-11 18:00:00+00:00,2026-06-11 22:00:00+00:00,-1.0,90.22999786376953,89.2400033569336,0.03489587850793439,shock,443.77672472865925,signal_change,3
BZ=F,SCORE,2026-06-12 08:00:00+00:00,2026-06-12 10:00:00+00:00,-1.0,87.61999725341796,86.89999938964844,0.048200402956866575,transition,351.0410976395492,signal_change,2
BZ=F,SCORE,2026-06-12 11:00:00+00:00,2026-06-12 12:00:00+00:00,-1.0,87.28000091552734,87.7400033569336,0.04813164434010318,transition,-278.52470132726,signal_change,1
BZ=F,SCORE,2026-06-12 14:00:00+00:00,2026-06-12 17:00:00+00:00,-1.0,89.69999908447265,87.32999969482422,0.046694489788672564,transition,1090.0760515393017,signal_change,3
BZ=F,SCORE,2026-06-14 23:00:00+00:00,2026-06-15 00:00:00+00:00,-1.0,84.07999633789062,83.81000305175782,0.018673595888935985,transition,50.329567944755524,signal_change,1
BZ=F,SCORE,2026-06-15 03:00:00+00:00,2026-06-15 04:00:00+00:00,-1.0,83.11000274658203,83.24999786376954,0.05120899905508108,transition,-162.47345217049426,signal_change,1
BZ=F,SCORE,2026-06-15 09:00:00+00:00,2026-06-15 10:00:00+00:00,-1.0,83.04000305175781,82.92000366210938,0.054417624682331626,transition,118.42289912987971,signal_change,1
BZ=F,SCORE,2026-06-15 14:00:00+00:00,2026-06-15 15:00:00+00:00,-1.0,82.86999725341796,83.16000152587891,0.06303334869754552,trend,-179.54277775460346,signal_change,1
BZ=F,SCORE,2026-06-15 16:00:00+00:00,2026-06-15 17:00:00+00:00,-1.0,82.68999694824218,83.2400033569336,0.07082862088913214,transition,-408.3154192903489,signal_change,1
BZ=F,SCORE,2026-06-15 18:00:00+00:00,2026-06-15 20:00:00+00:00,-1.0,83.18999694824218,83.62000061035157,0.07257985519638288,transition,-350.7163379547874,signal_change,2
BZ=F,SCORE,2026-06-16 08:00:00+00:00,2026-06-16 10:00:00+00:00,-1.0,81.83999847412109,81.51,0.03524321068444378,transition,112.46254500803468,signal_change,2
BZ=F,SCORE,2026-06-16 11:00:00+00:00,2026-06-16 19:00:00+00:00,-1.0,81.01999877929687,79.28999877929688,0.1022177295625441,transition,1995.7577530665521,signal_change,8
BZ=F,SCORE,2026-06-17 02:00:00+00:00,2026-06-17 03:00:00+00:00,-1.0,79.0099966430664,78.98000122070313,0.08098779399670732,trend,-32.029414728886564,signal_change,1
BZ=F,SCORE,2026-06-17 04:00:00+00:00,2026-06-17 05:00:00+00:00,-1.0,78.46000122070312,78.49999786376954,0.07830351790271009,trend,-3.267908449750866,signal_change,1
BZ=F,SCORE,2026-06-17 07:00:00+00:00,2026-06-17 08:00:00+00:00,-1.0,78.40000366210937,78.64999938964844,0.0681329976397371,transition,-123.7807804945531,signal_change,1
BZ=F,SCORE,2026-06-17 09:00:00+00:00,2026-06-17 10:00:00+00:00,-1.0,79.03000091552734,79.01,0.06918568300715017,transition,-19.24248180647757,signal_change,1
BZ=F,SCORE,2026-06-17 16:00:00+00:00,2026-06-17 17:00:00+00:00,-1.0,79.57000183105468,79.20000244140626,0.06294914382564706,range,253.78568568851193,signal_change,1
BZ=F,SCORE,2026-06-18 14:00:00+00:00,2026-06-18 18:00:00+00:00,-1.0,77.07000183105468,78.34000183105469,0.021164737971140796,transition,-317.53005239487226,signal_change,4
BZ=F,SCORE,2026-06-22 14:00:00+00:00,2026-06-22 20:00:00+00:00,-1.0,77.82999633789062,78.30000091552735,0.01161608402723489,transition,-63.47831507768725,signal_change,6
BZ=F,SCORE,2026-06-23 14:00:00+00:00,2026-06-23 15:00:00+00:00,-1.0,76.6400015258789,76.87000061035157,0.035428969320775015,shock,-65.58271097662951,signal_change,1
BZ=F,SCORE,2026-06-23 18:00:00+00:00,2026-06-23 19:00:00+00:00,-1.0,76.94999908447265,77.21999908447266,0.05353970349739106,range,-227.56309762536452,signal_change,1
BZ=F,SCORE,2026-06-24 11:00:00+00:00,2026-06-24 20:00:00+00:00,-1.0,75.58999847412109,73.31999755859376,0.08895152518153894,trend,2419.7709850618876,signal_change,9
BZ=F,SCORE,2026-06-25 02:00:00+00:00,2026-06-25 03:00:00+00:00,-1.0,72.61000274658203,72.59000183105469,0.0811095037425524,trend,-84.85189790269763,signal_change,1
BZ=F,SCORE,2026-06-25 08:00:00+00:00,2026-06-25 12:00:00+00:00,-1.0,73.43000244140624,73.41000152587891,0.07852056394935925,transition,-47.74408514543553,signal_change,4
BZ=F,SCORE,2026-06-25 13:00:00+00:00,2026-06-25 14:00:00+00:00,-1.0,73.15000366210937,73.9900033569336,0.07844522122276266,transition,-897.986990393127,signal_change,1
BZ=F,SCORE,2026-06-25 15:00:00+00:00,2026-06-25 17:00:00+00:00,1.0,74.27999664306641,75.07000183105468,0.08225307310430277,transition,767.295459445544,signal_change,2
BZ=F,SCORE,2026-06-25 18:00:00+00:00,2026-06-25 20:00:00+00:00,1.0,75.2400033569336,75.65999816894531,0.0895152455411091,transition,417.55413075534915,signal_change,2
BZ=F,SCORE,2026-06-26 13:00:00+00:00,2026-06-26 13:00:00+00:00,-1.0,72.69999908447265,73.91666730244954,0.07542462426070579,shock,1132.462489240753,stop,1
BZ=F,SCORE,2026-06-26 15:00:00+00:00,2026-06-26 17:00:00+00:00,-1.0,72.67000030517578,72.67000366210938,0.07453664435799784,shock,-2.6681621202584864,signal_change,2
BZ=F,SCORE,2026-06-26 19:00:00+00:00,2026-06-26 20:00:00+00:00,-1.0,72.42000030517578,72.80000091552735,0.07750175573490435,transition,-419.7134970962116,signal_change,1
BZ=F,SCORE,2026-06-29 15:00:00+00:00,2026-06-29 20:00:00+00:00,1.0,73.67000366210938,73.76999877929687,0.08279743556090685,transition,61.6380660480319,signal_change,5
BZ=F,SCORE,2026-06-30 09:00:00+00:00,2026-06-30 11:00:00+00:00,1.0,73.76,73.93999694824218,0.11351657970523067,transition,199.70523294291382,signal_change,2
BZ=F,SCORE,2026-06-30 12:00:00+00:00,2026-06-30 15:00:00+00:00,1.0,74.45000244140626,73.62333424886067,0.11360183042845977,transition,-1236.8345679862653,stop,4
BZ=F,SCORE,2026-06-30 18:00:00+00:00,2026-06-30 19:00:00+00:00,-1.0,73.15999816894531,73.34000183105469,0.10440204212516521,transition,-347.03578711159275,signal_change,1
BZ=F,SCORE,2026-07-01 09:00:00+00:00,2026-07-01 11:00:00+00:00,-1.0,71.72999786376953,72.26,0.07273423141102192,shock,-630.8280030977737,signal_change,2
BZ=F,SCORE,2026-07-01 12:00:00+00:00,2026-07-01 18:00:00+00:00,-1.0,72.29999755859374,71.39999938964844,0.110312215703439,trend,1268.8950576604411,signal_change,6
BZ=F,SCORE,2026-07-01 19:00:00+00:00,2026-07-01 22:00:00+00:00,-1.0,71.36999725341796,71.09999633789063,0.11728014363373566,transition,226.58350457766898,signal_change,2
BZ=F,SCORE,2026-07-02 00:00:00+00:00,2026-07-02 01:00:00+00:00,-1.0,71.21000122070312,71.02999664306641,0.11493503094548328,transition,207.8752854453343,signal_change,1
BZ=F,SCORE,2026-07-02 08:00:00+00:00,2026-07-02 10:00:00+00:00,-1.0,70.82999633789062,70.52000213623047,0.10378396712810503,transition,393.07228578491504,signal_change,2
BZ=F,SCORE,2026-07-06 11:00:00+00:00,2026-07-06 13:00:00+00:00,1.0,71.9900033569336,71.7599966430664,0.09860879498463675,transition,-345.76153198030136,signal_change,2
BZ=F,SCORE,2026-07-07 06:00:00+00:00,2026-07-07 08:00:00+00:00,1.0,72.89999938964844,72.82999633789062,0.10465630372419689,transition,-149.13580164452003,signal_change,2
BZ=F,SCORE,2026-07-07 09:00:00+00:00,2026-07-07 12:00:00+00:00,1.0,72.91000152587891,72.61000274658203,0.04056932556907132,shock,-176.59835417116886,signal_change,3
BZ=F,SCORE,2026-07-07 13:00:00+00:00,2026-07-07 22:00:00+00:00,1.0,72.59000183105469,75.97999786376953,0.11713415631727375,shock,4939.092588565359,signal_change,8
BZ=F,SCORE,2026-07-08 06:00:00+00:00,2026-07-08 06:00:00+00:00,1.0,76.59999633789063,75.35666402180989,0.07747303934708825,trend,-1215.3752858693942,stop,1
BZ=F,SCORE,2026-07-08 09:00:00+00:00,2026-07-08 11:00:00+00:00,1.0,78.69000030517579,78.15000366210937,0.04528920932475186,shock,-313.17468161016404,signal_change,2
BZ=F,SCORE,2026-07-08 13:00:00+00:00,2026-07-08 18:00:00+00:00,1.0,77.89999938964844,78.33999847412109,0.05663686335130645,trend,289.91927454738897,signal_change,5
BZ=F,SCORE,2026-07-09 16:00:00+00:00,2026-07-09 20:00:00+00:00,-1.0,76.57999633789062,76.1099984741211,0.060887545701144005,transition,345.12101262963347,signal_change,4
BZ=F,SCORE,2026-07-10 13:00:00+00:00,2026-07-10 14:00:00+00:00,-1.0,76.36999725341796,77.56124759674073,0.07908060643443134,transition,1891.5728725510705,stop,2
BZ=F,SCORE,2026-07-10 15:00:00+00:00,2026-07-10 17:00:00+00:00,-1.0,76.40000366210937,75.59999633789063,0.07423338729579093,transition,778.8028992321413,signal_change,2
BZ=F,SCORE,2026-07-10 19:00:00+00:00,2026-07-10 20:00:00+00:00,1.0,76.12000061035157,75.97999786376953,0.08354957996344592,transition,-187.8855165819804,signal_change,1
BZ=F,SCORE,2026-07-13 15:00:00+00:00,2026-07-13 20:00:00+00:00,1.0,79.27999664306641,82.93000244140624,0.024153655046322303,transition,1013.8037536296372,signal_change,5
BZ=F,SCORE,2026-07-14 01:00:00+00:00,2026-07-14 02:00:00+00:00,1.0,85.03999877929688,84.37999938964843,0.05830032299294378,trend,-453.09691440539086,signal_change,1
BZ=F,SCORE,2026-07-14 03:00:00+00:00,2026-07-14 06:00:00+00:00,1.0,84.48000122070313,84.47999786376953,0.05749545861279004,trend,-28.163236594684044,signal_change,3
BZ=F,SCORE,2026-07-14 07:00:00+00:00,2026-07-14 14:00:00+00:00,1.0,85.56000305175782,84.36499809265136,0.05310591394197385,trend,-700.608004889181,stop,8
BZ=F,SCORE,2026-07-14 15:00:00+00:00,2026-07-14 17:00:00+00:00,1.0,84.56999755859376,84.79000305175781,0.04327017479221075,shock,85.52231359134879,signal_change,2
BZ=F,SCORE,2026-07-14 19:00:00+00:00,2026-07-14 20:00:00+00:00,1.0,85.20000244140626,85.30999969482421,0.04659615277677375,transition,32.96158959799223,signal_change,1
BZ=F,SCORE,2026-07-15 15:00:00+00:00,2026-07-15 16:00:00+00:00,-1.0,83.55999969482421,84.23000122070313,0.06485882097675816,transition,-519.2416769493113,signal_change,1
BZ=F,SCORE,2026-07-16 09:00:00+00:00,2026-07-16 10:00:00+00:00,-1.0,84.30999969482421,84.67999816894532,0.07816825808452015,range,-273.4850819990559,signal_change,1
BZ=F,SCORE,2026-07-16 13:00:00+00:00,2026-07-16 14:00:00+00:00,1.0,85.88000274658204,85.47999786376953,0.0746074185852982,transition,-362.12006761138224,signal_change,1
BZ=F,SCORE,2026-07-16 16:00:00+00:00,2026-07-16 17:00:00+00:00,1.0,84.70999694824219,84.43000244140624,0.07539298258042894,transition,-270.6864637570958,signal_change,1
BZ=F,SCORE,2026-07-17 10:00:00+00:00,2026-07-17 11:00:00+00:00,1.0,85.64999938964844,85.7599966430664,0.081818008533457,transition,57.44887384496169,signal_change,1
BZ=F,SCORE,2026-07-17 13:00:00+00:00,2026-07-17 15:00:00+00:00,1.0,86.34999633789063,86.29000305175781,0.08928107638408389,transition,-98.23267779101896,signal_change,2
BZ=F,SCORE,2026-07-17 16:00:00+00:00,2026-07-19 22:00:00+00:00,1.0,86.70000244140626,90.65999816894531,0.08860487354468684,transition,3697.7656380420003,signal_change,5
BZ=F,SCORE,2026-07-19 23:00:00+00:00,2026-07-20 00:00:00+00:00,1.0,90.92000366210938,90.65000366210937,0.027930188391091064,shock,-91.47263470706167,signal_change,1
BZ=F,SCORE,2026-07-20 08:00:00+00:00,2026-07-20 09:00:00+00:00,1.0,88.94000030517579,88.21000122070312,0.06924643891875837,transition,-567.1785460180298,signal_change,1
BZ=F,SCORE,2026-07-20 13:00:00+00:00,2026-07-20 14:00:00+00:00,1.0,88.52999664306641,88.05999969482421,0.05762637047965375,transition,-315.3359912281369,signal_change,1
BZ=F,SCORE,2026-07-21 10:00:00+00:00,2026-07-21 22:00:00+00:00,1.0,89.95999694824219,91.50000213623046,0.06588448719845866,transition,1019.1680406393932,signal_change,11
BZ=F,SCORE,2026-07-22 00:00:00+00:00,2026-07-22 01:00:00+00:00,1.0,91.66000152587891,91.47000335693359,0.08638456537635884,transition,-209.9963708732382,signal_change,1
BZ=F,SCORE,2026-07-22 02:00:00+00:00,2026-07-22 03:00:00+00:00,1.0,92.55000091552735,91.90000366210937,0.08089795676225058,transition,-571.958369599183,signal_change,1
BZ=F,SCORE,2026-07-22 04:00:00+00:00,2026-07-22 05:00:00+00:00,1.0,92.2400033569336,92.29999755859374,0.08205103783811651,transition,10.269489378651741,signal_change,1
BZ=F,SCORE,2026-07-22 07:00:00+00:00,2026-07-22 09:00:00+00:00,1.0,92.98000122070313,92.38375495910644,0.07399744305539344,trend,-459.8441915710399,stop,3
BZ=F,SCORE,2026-07-22 10:00:00+00:00,2026-07-22 12:00:00+00:00,-1.0,84.40000366210937,84.92000366210938,0.03266411374466714,shock,-363.51461294167757,signal_change,2
BZ=F,SCORE,2026-07-23 08:00:00+00:00,2026-07-23 09:00:00+00:00,-1.0,86.04999755859374,86.42000366210938,0.02630562627847767,transition,-50.4151117122449,signal_change,1
BZ=F,SCORE,2026-07-23 18:00:00+00:00,2026-07-23 19:00:00+00:00,1.0,101.84999633789063,100.53000091552734,0.027698235758639472,transition,-349.2155788108289,signal_change,1
BZ=F,SCORE,2026-07-24 14:00:00+00:00,2026-07-24 17:00:00+00:00,1.0,97.63999725341797,95.80999969482421,0.032650052872813126,transition,-591.0070865755027,signal_change,3
BZ=F,SCORE,2026-07-27 07:00:00+00:00,2026-07-27 08:00:00+00:00,-1.0,90.01999877929687,91.21999908447266,0.033877185493010956,transition,-438.88682310167553,signal_change,1
BZ=F,SCORE,2026-07-27 09:00:00+00:00,2026-07-27 11:00:00+00:00,-1.0,89.01999877929687,89.2400033569336,0.035923839349669334,transition,-71.06726013994763,signal_change,2
BZ=F,SCORE,2026-07-27 16:00:00+00:00,2026-07-27 20:00:00+00:00,-1.0,89.78000091552734,87.69000030517579,0.04203201037060288,transition,848.5940450684889,signal_change,4
BZ=F,SCORE,2026-07-28 09:00:00+00:00,2026-07-28 10:00:00+00:00,-1.0,85.43999694824218,85.94000030517579,0.057019937033838744,transition,-303.3170177629087,signal_change,1
BZ=F,SCORE,2026-07-28 13:00:00+00:00,2026-07-28 14:00:00+00:00,-1.0,86.17000030517578,87.12000061035157,0.060256245203008506,transition,-508.11793179738277,signal_change,1
BZ=F,SCORE,2026-07-28 15:00:00+00:00,2026-07-28 15:00:00+00:00,-1.0,86.61000274658203,86.54500175476075,0.051799593119924645,shock,-62.05704178195367,stop,1
BZ=F,SCORE,2026-07-28 16:00:00+00:00,2026-07-28 20:00:00+00:00,-1.0,83.57000183105468,83.96999908447266,0.01766985907586287,transition,-45.529550701199156,signal_change,4
BZ=F,SCORE,2026-07-29 13:00:00+00:00,2026-07-29 22:00:00+00:00,1.0,89.77000213623047,90.47999786376953,0.048843488299762546,transition,338.2187648505189,signal_change,8
BZ=F,SCORE,2026-07-30 01:00:00+00:00,2026-07-30 02:00:00+00:00,1.0,89.88000274658204,89.54000305175781,0.02457752527482494,transition,-99.01791025274498,signal_change,1
BZ=F,SCORE,2026-07-30 05:00:00+00:00,2026-07-30 09:00:00+00:00,1.0,90.26,91.35000061035156,0.07006086448503024,transition,770.8089134126832,signal_change,4
BZ=F,SCORE,2026-07-30 19:00:00+00:00,2026-07-30 20:00:00+00:00,-1.0,88.97999786376953,89.28999877929688,0.06648301110635278,transition,282.214760248783,signal_change,1
BZ=F,SCORE,2026-07-31 02:00:00+00:00,2026-07-31 03:00:00+00:00,-1.0,87.69999908447265,88.06000305175782,0.06617425620093616,transition,-343.2992704163551,signal_change,1
BZ=F,SCORE,2026-07-31 06:00:00+00:00,2026-07-31 07:00:00+00:00,-1.0,87.3900015258789,87.87000061035157,0.06838628900683587,transition,38.92957044206642,signal_change,1
BZ=F,SCORE,2026-08-03 08:00:00+00:00,2026-08-03 22:00:00+00:00,-1.0,83.62999938964843,83.59000183105469,0.047675222548078176,shock,77.59457731063193,signal_change,13
BZ=F,SCORE,2026-08-04 07:00:00+00:00,2026-08-04 08:00:00+00:00,-1.0,84.46000122070312,84.88000274658204,0.06070813085006409,transition,-299.54911895716884,signal_change,1
BZ=F,SCORE,2026-08-04 09:00:00+00:00,2026-08-04 10:00:00+00:00,1.0,86.14999938964844,84.86333274841309,0.0588534625848409,shock,-853.6662558934914,stop,2
BZ=F,SCORE,2026-08-04 11:00:00+00:00,2026-08-04 11:00:00+00:00,1.0,84.64999938964844,82.98499933878581,0.06083081453196009,shock,-1148.9313211828267,stop,1
BZ=F,SCORE,2026-08-04 12:00:00+00:00,2026-08-04 13:00:00+00:00,-1.0,80.61000274658203,81.46999908447266,0.04158633777886628,transition,-397.06653108334933,signal_change,1
BZ=F,SCORE,2026-08-04 14:00:00+00:00,2026-08-04 15:00:00+00:00,-1.0,79.82000183105468,80.53999877929688,0.053455720337624135,transition,-477.3323130696876,signal_change,1
BZ=F,SCORE,2026-08-04 16:00:00+00:00,2026-08-04 17:00:00+00:00,-1.0,79.18000244140624,79.70999694824219,0.050324146055013806,transition,-304.601661919161,signal_change,1
BZ=F,SCORE,2026-08-05 12:00:00+00:00,2026-08-05 13:00:00+00:00,-1.0,80.11000274658203,80.64999938964844,0.05782742292471956,shock,-393.00342844228305,signal_change,1
BZ=F,SCORE,2026-08-07 10:00:00+00:00,2026-08-07 12:00:00+00:00,1.0,82.31000305175782,81.83999847412109,0.07843871660494782,transition,-457.35702501818685,signal_change,2
BZ=F,SCORE,2026-08-07 13:00:00+00:00,2026-08-07 20:00:00+00:00,1.0,81.63000274658204,82.11000274658203,0.07764150486193916,transition,400.89279844188724,signal_change,7
BZ=F,SCORE,2026-08-10 12:00:00+00:00,2026-08-10 23:00:00+00:00,1.0,84.95000244140626,87.65000366210937,0.06921452155717356,transition,1994.0605445855824,signal_change,10
BZ=F,SCORE,2026-08-11 02:00:00+00:00,2026-08-11 03:00:00+00:00,1.0,87.92999816894532,87.90999816894531,0.08870879576160788,transition,-62.537808228561765,signal_change,1
BZ=F,SCORE,2026-08-11 07:00:00+00:00,2026-08-11 11:00:00+00:00,1.0,89.07999969482422,88.14124988555908,0.1717763422492428,trend,-1767.5105212902631,stop,5
BZ=F,SCORE,2026-08-11 12:00:00+00:00,2026-08-11 17:00:00+00:00,1.0,87.59999633789063,88.51999877929687,0.027877560540481343,transition,262.4823133819023,signal_change,5
BZ=F,SCORE,2026-08-12 10:00:00+00:00,2026-08-12 11:00:00+00:00,-1.0,88.76999877929687,89.03999877929688,0.07816151429929352,transition,-194.31142122094565,signal_change,1
BZ=F,SCORE,2026-08-12 14:00:00+00:00,2026-08-12 16:00:00+00:00,1.0,88.51,88.80999969482421,0.03242730129768566,shock,86.57582266807285,signal_change,2
BZ=F,SCORE,2026-08-13 09:00:00+00:00,2026-08-13 10:00:00+00:00,-1.0,87.51999877929687,87.55000091552735,0.09547646592736364,transition,-16.521808570849096,signal_change,1
BZ=F,SCORE,2026-08-13 13:00:00+00:00,2026-08-13 15:00:00+00:00,-1.0,87.08999847412109,87.59375263214112,0.09882825299075212,transition,774.8047779212355,stop,3
BZ=F,SCORE,2026-08-13 16:00:00+00:00,2026-08-13 18:00:00+00:00,-1.0,88.29000305175781,87.6099984741211,0.03037179082581542,shock,171.2771868345649,signal_change,2
BZ=F,SCORE,2026-08-13 19:00:00+00:00,2026-08-13 20:00:00+00:00,-1.0,86.92000030517578,87.02999664306641,0.08556678965682746,transition,-180.0781894949757,signal_change,1
BZ=F,SCORE,2026-08-14 01:00:00+00:00,2026-08-14 02:00:00+00:00,-1.0,86.87999938964843,86.7400033569336,0.08697183960539341,transition,87.71694627777532,signal_change,1
BZ=F,SCORE,2026-08-14 15:00:00+00:00,2026-08-14 16:00:00+00:00,1.0,87.84999633789063,87.79999755859374,0.09400442516429634,transition,-96.20334261362798,signal_change,1
BZ=F,SCORE,2026-08-14 18:00:00+00:00,2026-08-16 22:00:00+00:00,1.0,88.34999633789063,88.82999633789062,0.03606990767759249,transition,164.94944300836443,signal_change,3
BZ=F,SCORE,2026-08-17 09:00:00+00:00,2026-08-17 12:00:00+00:00,1.0,89.06999755859376,88.76999877929687,0.10535330291953318,transition,-380.93625235054867,signal_change,3
BZ=F,SCORE,2026-08-17 13:00:00+00:00,2026-08-17 15:00:00+00:00,1.0,89.30000091552735,88.54000305175781,0.09845140055194997,transition,-831.018917448034,signal_change,2
BZ=F,SCORE,2026-08-17 16:00:00+00:00,2026-08-17 17:00:00+00:00,1.0,89.09999633789063,89.33250164031982,0.1006917048423125,transition,195.56393016365743,stop,2
BZ=F,SCORE,2026-08-17 18:00:00+00:00,2026-08-17 19:00:00+00:00,1.0,91.13000274658204,90.54000305175781,0.03193364879917855,shock,-208.24719848678268,signal_change,1
BZ=F,SCORE,2026-08-18 13:00:00+00:00,2026-08-18 17:00:00+00:00,1.0,91.20000244140626,91.26999877929687,0.10528833795595849,transition,25.596113261031505,signal_change,4
BZ=F,SCORE,2026-08-19 09:00:00+00:00,2026-08-19 11:00:00+00:00,1.0,91.94000030517579,91.83999847412109,0.11379234380483827,transition,-170.1624807326225,signal_change,2
BZ=F,SCORE,2026-08-19 15:00:00+00:00,2026-08-19 18:00:00+00:00,1.0,91.77000213623047,92.26999877929687,0.11068799743652344,transition,509.8174066753693,signal_change,3
BZ=F,SCORE,2026-08-20 09:00:00+00:00,2026-08-20 10:00:00+00:00,1.0,93.77999664306641,94.01999877929687,0.09732920342053872,transition,185.6532708900724,signal_change,1
BZ=F,SCORE,2026-08-20 12:00:00+00:00,2026-08-20 13:00:00+00:00,1.0,94.42000366210938,93.67000030517578,0.09391048511961225,transition,-740.3497255758911,signal_change,1
BZ=F,SCORE,2026-08-20 14:00:00+00:00,2026-08-20 15:00:00+00:00,1.0,93.7400033569336,93.22000335693359,0.09386846838076304,transition,-529.8688739338631,signal_change,1
BZ=F,SCORE,2026-08-20 16:00:00+00:00,2026-08-20 17:00:00+00:00,1.0,93.59999633789063,93.04999755859374,0.0912648206167451,transition,-543.2305966842193,signal_change,1
BZ=F,SCORE,2026-08-21 16:00:00+00:00,2026-08-21 17:00:00+00:00,1.0,94.28999877929688,94.2599966430664,0.10913548374933794,transition,-84.30031652553524,signal_change,1
BZ=F,SCORE,2026-08-21 18:00:00+00:00,2026-08-21 19:00:00+00:00,1.0,94.6099984741211,94.18000244140624,0.1127276048618978,transition,-530.6539384223315,signal_change,1
BZ=F,SCORE,2026-08-23 22:00:00+00:00,2026-08-23 23:00:00+00:00,1.0,93.73000122070313,93.57000183105468,0.10934601871344612,transition,-225.84903907725572,signal_change,1
BZ=F,SCORE,2026-08-24 09:00:00+00:00,2026-08-24 10:00:00+00:00,-1.0,92.78000091552734,92.84000183105469,0.09571789007050391,range,-237.6162656019181,signal_change,1
BZ=F,SCORE,2026-08-24 13:00:00+00:00,2026-08-24 20:00:00+00:00,-1.0,93.1400015258789,92.07999969482422,0.0994795050788354,transition,825.0036800786253,signal_change,7
BZ=F,SCORE,2026-08-25 08:00:00+00:00,2026-08-25 23:00:00+00:00,-1.0,90.11000274658203,85.87000061035157,0.05698799738180758,shock,2474.995805381186,signal_change,14
BZ=F,SCORE,2026-08-26 00:00:00+00:00,2026-08-26 02:00:00+00:00,-1.0,85.90000366210937,85.44000030517579,0.07188235985527658,trend,386.4389327782165,signal_change,2
BZ=F,SCORE,2026-08-26 08:00:00+00:00,2026-08-26 10:00:00+00:00,-1.0,85.01999877929687,85.09000183105469,0.07611250080993939,trend,87.07903681750821,signal_change,2
BZ=F,SCORE,2026-08-27 09:00:00+00:00,2026-08-27 11:00:00+00:00,1.0,86.56000305175782,87.18999694824218,0.10596098740253657,transition,666.8319113305434,signal_change,2
BZ=F,SCORE,2026-08-27 12:00:00+00:00,2026-08-27 15:00:00+00:00,1.0,87.34999633789063,86.85000061035156,0.10888717480775995,transition,-630.4208263740703,signal_change,3
BZ=F,SCORE,2026-08-27 18:00:00+00:00,2026-08-27 20:00:00+00:00,1.0,88.84000183105469,88.61999725341796,0.10422483910746164,transition,-292.1047103592738,signal_change,2
BZ=F,SCORE,2026-08-28 09:00:00+00:00,2026-08-28 10:00:00+00:00,1.0,88.38999725341797,88.1400015258789,0.1044783750156056,transition,-326.94412150159883,signal_change,1
BZ=F,SCORE,2026-08-28 16:00:00+00:00,2026-08-28 18:00:00+00:00,1.0,87.99999786376954,88.12999938964843,0.03850290537967324,shock,34.34269491740723,signal_change,2
BZ=F,SCORE,2026-08-28 19:00:00+00:00,2026-08-28 20:00:00+00:00,-1.0,87.92000030517578,88.13999725341797,0.04363292251305663,shock,-160.2731066589592,signal_change,1
BZ=F,SCORE,2026-08-30 23:00:00+00:00,2026-08-31 00:00:00+00:00,1.0,89.78999877929688,89.57999633789062,0.037524540471708556,transition,-100.18399201765268,signal_change,1
BZ=F,SCORE,2026-09-01 08:00:00+00:00,2026-09-01 16:00:00+00:00,1.0,91.70000244140626,92.538752784729,0.035850460553080665,trend,288.7110445732704,stop,9
BZ=F,SCORE,2026-09-01 17:00:00+00:00,2026-09-01 22:00:00+00:00,1.0,93.96999908447266,95.22000335693359,0.06768740196354137,trend,804.3426563027369,signal_change,4
BZ=F,SCORE,2026-09-02 01:00:00+00:00,2026-09-02 02:00:00+00:00,1.0,96.77000213623047,95.97999786376953,0.08163642532301597,trend,-660.6791756301587,signal_change,1
BZ=F,SCORE,2026-09-02 08:00:00+00:00,2026-09-02 12:00:00+00:00,1.0,94.91000152587891,93.68999694824218,0.08941468789836442,shock,-1112.4930854731858,signal_change,4
BZ=F,SCORE,2026-09-02 13:00:00+00:00,2026-09-02 14:00:00+00:00,1.0,94.56000305175782,93.80999969482421,0.08210611392625934,transition,-646.0659655728304,signal_change,1
BZ=F,SCORE,2026-09-02 15:00:00+00:00,2026-09-02 18:00:00+00:00,1.0,95.3599984741211,95.36000274658203,0.0782822168465917,transition,-36.48211677476375,signal_change,3
BZ=F,SCORE,2026-09-03 09:00:00+00:00,2026-09-03 16:00:00+00:00,1.0,95.95000244140626,95.54000305175781,0.08304849849286891,transition,-356.302821670338,signal_change,7
BZ=F,SCORE,2026-09-04 13:00:00+00:00,2026-09-04 14:00:00+00:00,-1.0,94.32000183105468,94.96874881744385,0.09796642054636255,transition,2258.094307710185,stop,2
BZ=F,SCORE,2026-09-08 08:00:00+00:00,2026-09-08 10:00:00+00:00,1.0,99.02000213623047,98.33999847412109,0.08405267264216772,transition,-577.4793941489828,signal_change,2
BZ=F,SCORE,2026-09-08 14:00:00+00:00,2026-09-08 15:00:00+00:00,1.0,98.17000366210938,97.82000183105468,0.07432377184611799,transition,-281.99322236614506,signal_change,1
BZ=F,SCORE,2026-09-08 17:00:00+00:00,2026-09-08 20:00:00+00:00,1.0,97.41000152587891,98.82000183105468,0.07275866657465126,transition,949.1694234870301,signal_change,3
BZ=F,SCORE,2026-09-09 08:00:00+00:00,2026-09-09 11:00:00+00:00,1.0,99.88999725341797,100.32999633789062,0.09653605160925903,transition,353.7447301466683,signal_change,3
BZ=F,SCORE,2026-09-09 12:00:00+00:00,2026-09-09 13:00:00+00:00,1.0,100.78999877929688,100.75000213623046,0.09859103742386156,transition,-82.3989809156473,signal_change,1
BZ=F,SCORE,2026-09-09 14:00:00+00:00,2026-09-09 22:00:00+00:00,1.0,100.66000152587891,101.79000305175781,0.1014682971638535,transition,1017.1665495157492,signal_change,7
BZ=F,SCORE,2026-09-10 09:00:00+00:00,2026-09-10 10:00:00+00:00,1.0,102.37000061035157,102.36999725341796,0.09834515271744892,transition,-45.51356012639447,signal_change,1
BZ=F,SCORE,2026-09-10 12:00:00+00:00,2026-09-10 12:00:00+00:00,1.0,103.45999694824219,103.48374961853027,0.08368174117033755,shock,-20.619418736667114,stop,1
BZ=F,SCORE,2026-09-10 13:00:00+00:00,2026-09-10 14:00:00+00:00,1.0,105.16000152587891,104.58999847412109,0.028063501577729796,shock,-155.02029716293455,signal_change,1
BZ=F,SCORE,2026-09-10 15:00:00+00:00,2026-09-10 20:00:00+00:00,1.0,105.30000091552735,108.04000305175781,0.0748671418114355,shock,1776.7463242629508,signal_change,5
BZ=F,SCORE,2026-09-10 22:00:00+00:00,2026-09-10 23:00:00+00:00,1.0,109.17000366210938,108.97000335693359,0.06733317695382991,trend,-145.93582456860986,signal_change,1
BZ=F,SCORE,2026-09-11 17:00:00+00:00,2026-09-11 19:00:00+00:00,-1.0,105.04999755859374,104.94000030517579,0.055553213829554395,transition,27.40859330784682,signal_change,2
BZ=F,SCORE,2026-09-14 12:00:00+00:00,2026-09-14 15:00:00+00:00,1.0,108.39999938964844,108.47999786376953,0.06520150304521162,transition,18.456197373429546,signal_change,3
BZ=F,SCORE,2026-09-14 16:00:00+00:00,2026-09-14 16:00:00+00:00,1.0,107.59000183105469,105.30500094095866,0.020351915466341665,transition,-413.81394706971525,stop,1
BZ=F,SCORE,2026-09-15 08:00:00+00:00,2026-09-15 15:00:00+00:00,-1.0,102.6400015258789,103.75749946594239,0.0200130573740302,transition,-49.998198017414865,stop,8
BZ=F,SCORE,2026-09-15 18:00:00+00:00,2026-09-15 19:00:00+00:00,1.0,109.30000091552735,108.44999908447265,0.057219499588876704,transition,-442.1255707569209,signal_change,1
