symbol,model,entry_time,exit_time,side,entry_price,exit_price,weight,regime,PnL,exit_reason,bars_held
GC=F,SCORE,2024-04-24 13:00:00+00:00,2024-04-24 14:00:00+00:00,1.0,2336.70009765625,2334.4,0.800892418933821,transition,-1096.9531835896817,signal_change,1
GC=F,SCORE,2024-04-25 13:00:00+00:00,2024-04-25 13:00:00+00:00,1.0,2343.299951171875,2328.4915974934897,0.7924408634128461,shock,-5306.752280868091,stop,1
GC=F,SCORE,2024-04-26 08:00:00+00:00,2024-04-26 09:00:00+00:00,1.0,2357.49990234375,2358.79990234375,0.8157555955185195,transition,134.93283330676482,signal_change,1
GC=F,SCORE,2024-04-26 13:00:00+00:00,2024-04-26 14:00:00+00:00,1.0,2356.99990234375,2341.291544596354,0.7537949013402295,transition,-5281.317170188024,stop,2
GC=F,SCORE,2024-04-26 15:00:00+00:00,2024-04-26 16:00:00+00:00,1.0,2345.6,2348.50009765625,0.8660714864499865,shock,728.3474823294607,signal_change,1
GC=F,SCORE,2024-04-26 18:00:00+00:00,2024-04-26 19:00:00+00:00,1.0,2350.299951171875,2352.4,0.9160020532514568,transition,460.4537651362984,signal_change,1
GC=F,SCORE,2024-04-29 13:00:00+00:00,2024-04-29 15:00:00+00:00,-1.0,2343.200048828125,2349.49990234375,0.7905179217295055,transition,-2335.3176567370388,signal_change,2
GC=F,SCORE,2024-04-30 13:00:00+00:00,2024-04-30 23:00:00+00:00,-1.0,2316.700048828125,2302.400048828125,0.9450850100094704,transition,5477.3443770311505,signal_change,9
GC=F,SCORE,2024-05-01 01:00:00+00:00,2024-05-01 02:00:00+00:00,-1.0,2297.099951171875,2298.400048828125,0.8608268195928843,trend,-814.1608611309164,signal_change,1
GC=F,SCORE,2024-05-01 04:00:00+00:00,2024-05-01 05:00:00+00:00,-1.0,2294.099951171875,2293.6,0.8737551269690197,trend,-146.81348996004672,signal_change,1
GC=F,SCORE,2024-05-01 07:00:00+00:00,2024-05-01 08:00:00+00:00,-1.0,2297.29990234375,2296.299951171875,0.8798106424375461,trend,41.88055808838669,signal_change,1
GC=F,SCORE,2024-05-01 13:00:00+00:00,2024-05-01 14:00:00+00:00,-1.0,2309.00009765625,2314.1,0.9110271247044349,transition,-2266.261512825027,signal_change,1
GC=F,SCORE,2024-05-01 16:00:00+00:00,2024-05-01 17:00:00+00:00,1.0,2318.20009765625,2314.29990234375,0.9577273630366482,transition,-1960.1000581951275,signal_change,1
GC=F,SCORE,2024-05-01 19:00:00+00:00,2024-05-01 19:00:00+00:00,1.0,2336.6,2321.100056966146,0.26372825383320697,shock,-1828.2407310860497,stop,1
GC=F,SCORE,2024-05-06 14:00:00+00:00,2024-05-06 20:00:00+00:00,1.0,2336.900048828125,2333.50009765625,0.7246687634078584,transition,-1313.4973488391909,signal_change,6
GC=F,SCORE,2024-05-07 01:00:00+00:00,2024-05-07 02:00:00+00:00,1.0,2338.1,2331.29990234375,0.8556001630597901,transition,-2773.8931018147814,signal_change,1
GC=F,SCORE,2024-05-07 04:00:00+00:00,2024-05-07 05:00:00+00:00,1.0,2333.400048828125,2331.00009765625,0.9318227671448114,transition,-1293.4044943441681,signal_change,1
GC=F,SCORE,2024-05-07 15:00:00+00:00,2024-05-07 19:00:00+00:00,-1.0,2322.4,2322.900048828125,1.065689642299853,transition,-539.9128451034467,signal_change,4
GC=F,SCORE,2024-05-08 02:00:00+00:00,2024-05-08 03:00:00+00:00,-1.0,2315.200048828125,2324.900048828125,1.107927808782864,shock,-4872.467427328764,signal_change,1
GC=F,SCORE,2024-05-08 08:00:00+00:00,2024-05-08 10:00:00+00:00,-1.0,2313.29990234375,2318.799951171875,1.037427870239363,transition,-2704.95574792778,signal_change,2
GC=F,SCORE,2024-05-08 14:00:00+00:00,2024-05-08 15:00:00+00:00,-1.0,2317.4,2323.49990234375,1.0146241335624289,transition,-2976.7729139118314,signal_change,1
GC=F,SCORE,2024-05-09 13:00:00+00:00,2024-05-09 13:00:00+00:00,1.0,2333.6,2322.0416463216147,0.35603717855614603,transition,-1842.4410414880838,stop,1
GC=F,SCORE,2024-05-09 14:00:00+00:00,2024-05-09 16:00:00+00:00,1.0,2331.20009765625,2337.200048828125,0.9805293684404346,transition,2074.927506155032,signal_change,2
GC=F,SCORE,2024-05-09 18:00:00+00:00,2024-05-09 19:00:00+00:00,1.0,2341.6,2344.29990234375,0.9933450805610393,transition,738.9469786883351,signal_change,1
GC=F,SCORE,2024-05-09 20:00:00+00:00,2024-05-09 23:00:00+00:00,1.0,2350.70009765625,2353.200048828125,0.8998448333810514,trend,592.0792415241376,signal_change,2
GC=F,SCORE,2024-05-10 02:00:00+00:00,2024-05-10 03:00:00+00:00,1.0,2357.1,2356.200048828125,0.8512324446201717,trend,-633.5127806548611,signal_change,1
GC=F,SCORE,2024-05-10 07:00:00+00:00,2024-05-10 08:00:00+00:00,1.0,2375.299951171875,2373.4,0.7987087268833576,trend,-917.4326231483732,signal_change,1
GC=F,SCORE,2024-05-10 10:00:00+00:00,2024-05-10 12:00:00+00:00,1.0,2379.400048828125,2378.700048828125,0.794749538672109,trend,-522.2766085197811,signal_change,2
GC=F,SCORE,2024-05-10 13:00:00+00:00,2024-05-10 19:00:00+00:00,1.0,2371.400048828125,2373.700048828125,0.26953783783783786,trend,154.47817332236409,signal_change,6
GC=F,SCORE,2024-05-13 12:00:00+00:00,2024-05-13 17:00:00+00:00,-1.0,2350.4,2342.799951171875,0.8747576066979783,transition,2482.8184128485345,signal_change,5
GC=F,SCORE,2024-05-13 18:00:00+00:00,2024-05-13 19:00:00+00:00,-1.0,2342.099951171875,2343.400048828125,1.057218045112782,trend,-1053.2105140861997,signal_change,1
GC=F,SCORE,2024-05-14 14:00:00+00:00,2024-05-14 16:00:00+00:00,1.0,2359.6,2353.29990234375,1.119639080375406,transition,-3317.7068334790006,signal_change,2
GC=F,SCORE,2024-05-14 17:00:00+00:00,2024-05-14 19:00:00+00:00,1.0,2359.99990234375,2363.099951171875,1.1122165307025866,transition,998.6038044391407,signal_change,2
GC=F,SCORE,2024-05-15 04:00:00+00:00,2024-05-15 05:00:00+00:00,1.0,2366.1,2362.099951171875,1.1402386405150706,transition,-2289.80702023656,signal_change,1
GC=F,SCORE,2024-05-15 08:00:00+00:00,2024-05-15 10:00:00+00:00,1.0,2368.1,2374.9,0.37674857584740296,trend,906.5796587800083,signal_change,2
GC=F,SCORE,2024-05-15 13:00:00+00:00,2024-05-15 13:00:00+00:00,1.0,2378.299951171875,2364.5749308268228,0.3035683540466808,shock,-1806.2299588944663,stop,1
GC=F,SCORE,2024-05-15 15:00:00+00:00,2024-05-15 16:00:00+00:00,1.0,2379.6,2383.200048828125,0.2805447950536999,shock,305.5595311153838,signal_change,1
GC=F,SCORE,2024-05-15 17:00:00+00:00,2024-05-15 19:00:00+00:00,1.0,2389.299951171875,2391.099951171875,0.8050387135688288,transition,287.6694041064791,signal_change,2
GC=F,SCORE,2024-05-16 15:00:00+00:00,2024-05-16 17:00:00+00:00,1.0,2377.70009765625,2386.4,0.32856288241904963,shock,1038.6417795790483,signal_change,2
GC=F,SCORE,2024-05-17 13:00:00+00:00,2024-05-17 14:00:00+00:00,1.0,2397.900048828125,2403.7001708984376,1.1642488595218359,shock,2288.4939249803015,stop,2
GC=F,SCORE,2024-05-17 15:00:00+00:00,2024-05-17 17:00:00+00:00,1.0,2417.99990234375,2412.29990234375,1.0511152323422877,shock,-2789.3875697701756,signal_change,2
GC=F,SCORE,2024-05-17 18:00:00+00:00,2024-05-17 20:00:00+00:00,1.0,2418.99990234375,2420.9,1.0234682873992058,transition,398.0143578813208,signal_change,2
GC=F,SCORE,2024-05-20 02:00:00+00:00,2024-05-20 03:00:00+00:00,1.0,2439.1,2437.9,0.7915928231997559,trend,-668.5053139052342,signal_change,1
GC=F,SCORE,2024-05-20 04:00:00+00:00,2024-05-20 05:00:00+00:00,1.0,2441.6,2441.099951171875,0.779935883852533,trend,-441.87748878143714,signal_change,1
GC=F,SCORE,2024-05-20 06:00:00+00:00,2024-05-20 06:00:00+00:00,1.0,2453.70009765625,2435.9334309895835,0.6913019144310141,shock,-5086.0804041948995,stop,1
GC=F,SCORE,2024-05-20 14:00:00+00:00,2024-05-20 16:00:00+00:00,1.0,2424.299951171875,2429.00009765625,0.5862562927172548,transition,875.6881712611377,signal_change,2
GC=F,SCORE,2024-05-20 18:00:00+00:00,2024-05-20 19:00:00+00:00,1.0,2439.799951171875,2439.29990234375,0.6322159953766198,transition,-356.59462226457043,signal_change,1
GC=F,SCORE,2024-05-21 03:00:00+00:00,2024-05-21 04:00:00+00:00,-1.0,2417.099951171875,2416.99990234375,0.6383979987341649,transition,-412.3004297605862,signal_change,1
GC=F,SCORE,2024-05-21 07:00:00+00:00,2024-05-21 08:00:00+00:00,-1.0,2414.099951171875,2423.299951171875,0.6693386717683041,transition,-2535.7733579691244,signal_change,1
GC=F,SCORE,2024-05-21 14:00:00+00:00,2024-05-21 16:00:00+00:00,1.0,2431.799951171875,2427.099951171875,0.2668699845993799,shock,-591.3225377842409,signal_change,2
GC=F,SCORE,2024-05-22 12:00:00+00:00,2024-05-22 14:00:00+00:00,-1.0,2412.00009765625,2405.9500366210937,0.9928355763056508,transition,-5259.396622075361,stop,3
GC=F,SCORE,2024-05-22 15:00:00+00:00,2024-05-22 20:00:00+00:00,-1.0,2391.200048828125,2382.49990234375,0.6031841595288139,transition,1911.1659949742962,signal_change,5
GC=F,SCORE,2024-05-23 01:00:00+00:00,2024-05-23 04:00:00+00:00,-1.0,2381.700048828125,2374.49990234375,0.7702702702702703,trend,1998.902673743036,signal_change,3
GC=F,SCORE,2024-05-23 06:00:00+00:00,2024-05-23 09:00:00+00:00,-1.0,2362.099951171875,2362.49990234375,0.7326313641259503,trend,-398.9801259948405,signal_change,3
GC=F,SCORE,2024-05-23 13:00:00+00:00,2024-05-23 19:00:00+00:00,-1.0,2364.599951171875,2336.20009765625,0.678010546343607,trend,7522.970828462921,signal_change,6
GC=F,SCORE,2024-05-24 14:00:00+00:00,2024-05-24 16:00:00+00:00,-1.0,2338.29990234375,2335.900048828125,0.8170894409920235,transition,569.9978243573073,signal_change,2
GC=F,SCORE,2024-05-28 09:00:00+00:00,2024-05-28 10:00:00+00:00,1.0,2345.6,2344.50009765625,1.087987235890561,transition,-895.2553148430004,signal_change,1
GC=F,SCORE,2024-05-28 13:00:00+00:00,2024-05-28 17:00:00+00:00,1.0,2354.299951171875,2357.200048828125,0.35899814501812455,shock,293.3351574166511,signal_change,4
GC=F,SCORE,2024-05-28 18:00:00+00:00,2024-05-28 19:00:00+00:00,1.0,2357.6,2357.79990234375,1.0005681894701584,transition,-289.0979730854323,signal_change,1
GC=F,SCORE,2024-05-29 15:00:00+00:00,2024-05-29 18:00:00+00:00,-1.0,2343.700048828125,2343.400048828125,0.9995716066836035,transition,-171.0389223869176,signal_change,3
GC=F,SCORE,2024-05-29 19:00:00+00:00,2024-05-29 22:00:00+00:00,-1.0,2337.79990234375,2336.99990234375,1.0611063777881684,transition,42.56003126894606,signal_change,2
GC=F,SCORE,2024-05-30 06:00:00+00:00,2024-05-30 07:00:00+00:00,-1.0,2323.29990234375,2331.49990234375,0.9459297715064856,shock,-3719.930775673574,signal_change,1
GC=F,SCORE,2024-05-30 13:00:00+00:00,2024-05-30 17:00:00+00:00,1.0,2362.900048828125,2369.29990234375,0.4526363989556785,transition,1009.5231952843748,signal_change,4
GC=F,SCORE,2024-05-31 04:00:00+00:00,2024-05-31 05:00:00+00:00,1.0,2364.900048828125,2364.9,0.2300308450694192,transition,-84.91128480702417,signal_change,1
GC=F,SCORE,2024-05-31 07:00:00+00:00,2024-05-31 10:00:00+00:00,1.0,2366.70009765625,2363.00009765625,0.21776511168700172,shock,-406.705470530527,signal_change,3
GC=F,SCORE,2024-05-31 11:00:00+00:00,2024-05-31 12:00:00+00:00,1.0,2365.1,2364.599951171875,0.07875168500044716,transition,-45.02742468039243,signal_change,1
GC=F,SCORE,2024-05-31 13:00:00+00:00,2024-05-31 15:00:00+00:00,1.0,2376.20009765625,2356.099951171875,0.22361756768587793,shock,-1899.523568250689,signal_change,2
GC=F,SCORE,2024-05-31 15:00:00+00:00,2024-05-31 17:00:00+00:00,-1.0,2356.099951171875,2353.99990234375,0.22098696500993353,transition,106.50322093036854,signal_change,2
GC=F,SCORE,2024-05-31 18:00:00+00:00,2024-05-31 19:00:00+00:00,-1.0,2346.700048828125,2343.6,0.2196003381290877,transition,214.66722457764666,signal_change,1
GC=F,SCORE,2024-06-03 16:00:00+00:00,2024-06-03 19:00:00+00:00,1.0,2363.49990234375,2368.79990234375,0.19987127207195196,shock,355.79252154280607,signal_change,3
GC=F,SCORE,2024-06-03 20:00:00+00:00,2024-06-03 23:00:00+00:00,1.0,2368.20009765625,2370.9,0.9536479459093274,transition,690.0630124249578,signal_change,2
GC=F,SCORE,2024-06-04 04:00:00+00:00,2024-06-04 06:00:00+00:00,1.0,2366.1,2367.50009765625,1.004194181319117,trend,199.294627292575,signal_change,2
GC=F,SCORE,2024-06-04 14:00:00+00:00,2024-06-04 18:00:00+00:00,-1.0,2344.099951171875,2348.70009765625,0.850958503513224,shock,-1933.1568575789845,signal_change,4
GC=F,SCORE,2024-06-05 06:00:00+00:00,2024-06-05 07:00:00+00:00,-1.0,2357.099951171875,2352.6,0.9171965125354552,transition,1337.250332987739,signal_change,1
GC=F,SCORE,2024-06-05 13:00:00+00:00,2024-06-05 20:00:00+00:00,1.0,2362.1,2374.00009765625,0.9601636305972368,transition,4280.090697186572,signal_change,7
GC=F,SCORE,2024-06-05 22:00:00+00:00,2024-06-05 23:00:00+00:00,1.0,2375.400048828125,2375.79990234375,1.1286952857396912,trend,-234.5808774177195,signal_change,1
GC=F,SCORE,2024-06-06 01:00:00+00:00,2024-06-06 01:00:00+00:00,1.0,2374.70009765625,2375.762518310547,0.9868790518382916,trend,59.969657252467016,stop,1
GC=F,SCORE,2024-06-06 02:00:00+00:00,2024-06-06 04:00:00+00:00,1.0,2386.70009765625,2387.700048828125,1.9189584634628838,trend,51.4536252460469,signal_change,2
GC=F,SCORE,2024-06-06 09:00:00+00:00,2024-06-06 10:00:00+00:00,1.0,2381.900048828125,2380.4,0.9446401116068185,transition,-921.5137929277249,signal_change,1
GC=F,SCORE,2024-06-06 13:00:00+00:00,2024-06-06 18:00:00+00:00,1.0,2376.799951171875,2392.099951171875,0.9251944653212345,shock,5382.762165783173,signal_change,5
GC=F,SCORE,2024-06-07 05:00:00+00:00,2024-06-07 06:00:00+00:00,1.0,2405.49990234375,2394.50009765625,0.9181342040235624,transition,-4398.707085749814,signal_change,1
GC=F,SCORE,2024-06-07 09:00:00+00:00,2024-06-09 22:00:00+00:00,-1.0,2365.50009765625,2311.1,0.2598818897637795,shock,2693.5521922664716,signal_change,12
GC=F,SCORE,2024-06-10 03:00:00+00:00,2024-06-10 05:00:00+00:00,-1.0,2313.099951171875,2311.99990234375,0.4948982370140815,transition,207.77806241798368,signal_change,2
GC=F,SCORE,2024-06-10 09:00:00+00:00,2024-06-10 10:00:00+00:00,-1.0,2309.50009765625,2312.400048828125,0.5685743273869023,transition,-806.3013441079153,signal_change,1
GC=F,SCORE,2024-06-10 17:00:00+00:00,2024-06-10 18:00:00+00:00,1.0,2330.70009765625,2329.4,0.7781621767109546,range,-708.215067190205,signal_change,1
GC=F,SCORE,2024-06-11 10:00:00+00:00,2024-06-11 11:00:00+00:00,1.0,2323.49990234375,2324.79990234375,1.1791541552387028,transition,196.8959144931536,signal_change,1
GC=F,SCORE,2024-06-11 13:00:00+00:00,2024-06-11 15:00:00+00:00,1.0,2335.299951171875,2331.79990234375,1.104291858394802,shock,-2005.6997416745394,signal_change,2
GC=F,SCORE,2024-06-12 03:00:00+00:00,2024-06-12 04:00:00+00:00,1.0,2330.400048828125,2330.4,0.4179714267248209,transition,-155.16239565829173,signal_change,1
GC=F,SCORE,2024-06-12 08:00:00+00:00,2024-06-12 09:00:00+00:00,1.0,2331.20009765625,2329.4,1.2502238740784737,transition,-1392.252552553576,signal_change,1
GC=F,SCORE,2024-06-12 13:00:00+00:00,2024-06-12 13:00:00+00:00,1.0,2353.1,2341.8125061035157,0.3647710902812038,shock,-1815.6840076176586,stop,1
GC=F,SCORE,2024-06-12 16:00:00+00:00,2024-06-12 18:00:00+00:00,1.0,2352.49990234375,2351.4,1.0113675899274919,transition,-826.6053084102629,signal_change,2
GC=F,SCORE,2024-06-13 14:00:00+00:00,2024-06-13 15:00:00+00:00,-1.0,2325.9,2329.49990234375,0.7218937882574888,transition,-1218.2428374071487,signal_change,1
GC=F,SCORE,2024-06-13 16:00:00+00:00,2024-06-13 17:00:00+00:00,-1.0,2314.200048828125,2314.99990234375,0.7093385486674465,transition,-379.5533291944194,signal_change,1
GC=F,SCORE,2024-06-13 18:00:00+00:00,2024-06-13 19:00:00+00:00,-1.0,2316.79990234375,2318.70009765625,0.7196921771156193,transition,-770.8632642412431,signal_change,1
GC=F,SCORE,2024-06-14 11:00:00+00:00,2024-06-14 20:00:00+00:00,1.0,2346.1,2348.099951171875,0.7971490628134663,transition,356.5885699388159,signal_change,9
GC=F,SCORE,2024-06-16 22:00:00+00:00,2024-06-16 23:00:00+00:00,1.0,2348.6,2343.9,1.0169193806632928,transition,-2319.130498122865,signal_change,1
GC=F,SCORE,2024-06-17 02:00:00+00:00,2024-06-17 03:00:00+00:00,1.0,2341.1,2337.29990234375,0.9685355445362593,transition,-1854.7211624550994,signal_change,1
GC=F,SCORE,2024-06-17 14:00:00+00:00,2024-06-17 15:00:00+00:00,-1.0,2335.599951171875,2339.6,1.1328316141045724,transition,-1985.0628857908791,signal_change,1
GC=F,SCORE,2024-06-17 16:00:00+00:00,2024-06-17 17:00:00+00:00,-1.0,2327.099951171875,2331.70009765625,0.3801527662994442,transition,-821.9729299133589,signal_change,1
GC=F,SCORE,2024-06-18 10:00:00+00:00,2024-06-18 12:00:00+00:00,-1.0,2325.4,2327.99990234375,1.174069539999383,transition,-1681.5983429813962,signal_change,2
GC=F,SCORE,2024-06-18 17:00:00+00:00,2024-06-18 18:00:00+00:00,1.0,2345.400048828125,2344.50009765625,1.0896682066517522,transition,-793.5867942663842,signal_change,1
GC=F,SCORE,2024-06-18 19:00:00+00:00,2024-06-18 20:00:00+00:00,1.0,2346.1,2344.099951171875,1.1005160573023427,transition,-1288.902386689522,signal_change,1
GC=F,SCORE,2024-06-20 05:00:00+00:00,2024-06-20 06:00:00+00:00,1.0,2354.400048828125,2353.9,1.0596076176103209,transition,-598.1629121324064,signal_change,1
GC=F,SCORE,2024-06-20 13:00:00+00:00,2024-06-20 17:00:00+00:00,1.0,2352.1,2369.9,1.0142039251024237,transition,6878.543134676012,signal_change,4
GC=F,SCORE,2024-06-21 08:00:00+00:00,2024-06-21 09:00:00+00:00,1.0,2376.799951171875,2378.9,1.0045066318466085,transition,477.06692495195057,signal_change,1
GC=F,SCORE,2024-06-21 11:00:00+00:00,2024-06-21 12:00:00+00:00,1.0,2377.299951171875,2380.00009765625,1.0340344060092954,transition,739.5644201571602,signal_change,1
GC=F,SCORE,2024-06-21 15:00:00+00:00,2024-06-21 19:00:00+00:00,-1.0,2343.00009765625,2335.299951171875,0.31371354988681033,transition,943.9000808473162,signal_change,4
GC=F,SCORE,2024-06-24 10:00:00+00:00,2024-06-24 11:00:00+00:00,-1.0,2337.00009765625,2337.6,0.8572353370431885,transition,-385.02454777376596,signal_change,1
GC=F,SCORE,2024-06-24 14:00:00+00:00,2024-06-24 15:00:00+00:00,-1.0,2340.4,2343.299951171875,0.9921792751256022,shock,-1455.2679196478925,signal_change,1
GC=F,SCORE,2024-06-24 19:00:00+00:00,2024-06-24 20:00:00+00:00,1.0,2346.6,2344.50009765625,1.2095979545053783,transition,-1473.3041722440807,signal_change,1
GC=F,SCORE,2024-06-25 16:00:00+00:00,2024-06-25 18:00:00+00:00,-1.0,2336.9,2331.6,1.0647029838285307,shock,2073.257318324321,signal_change,2
GC=F,SCORE,2024-06-26 02:00:00+00:00,2024-06-26 03:00:00+00:00,-1.0,2324.4,2330.99990234375,0.997582189097178,transition,-3063.409501582869,signal_change,1
GC=F,SCORE,2024-06-26 06:00:00+00:00,2024-06-26 07:00:00+00:00,-1.0,2323.50009765625,2328.799951171875,0.9770819070382859,transition,-2393.365688905791,signal_change,1
GC=F,SCORE,2024-06-26 10:00:00+00:00,2024-06-26 18:00:00+00:00,-1.0,2327.700048828125,2313.400048828125,0.9645318778519016,transition,5317.363259729391,signal_change,8
GC=F,SCORE,2024-06-26 19:00:00+00:00,2024-06-26 20:00:00+00:00,-1.0,2310.4,2310.299951171875,0.9632447206486388,transition,-235.458779041655,signal_change,1
GC=F,SCORE,2024-06-27 13:00:00+00:00,2024-06-27 20:00:00+00:00,1.0,2333.70009765625,2336.599951171875,1.2083307493975497,transition,984.5516540316967,signal_change,7
GC=F,SCORE,2024-06-27 22:00:00+00:00,2024-06-27 23:00:00+00:00,1.0,2338.70009765625,2337.200048828125,1.3871796110174688,trend,-1357.1197761694364,signal_change,1
GC=F,SCORE,2024-06-28 00:00:00+00:00,2024-06-28 01:00:00+00:00,1.0,2338.20009765625,2332.00009765625,1.3187546768648784,transition,-3810.040526805254,signal_change,1
GC=F,SCORE,2024-06-28 03:00:00+00:00,2024-06-28 04:00:00+00:00,1.0,2334.49990234375,2332.4,1.244891668169013,transition,-1515.962340720825,signal_change,1
GC=F,SCORE,2024-06-28 07:00:00+00:00,2024-06-28 08:00:00+00:00,1.0,2338.299951171875,2337.79990234375,1.244611888566353,transition,-705.8029438639142,signal_change,1
GC=F,SCORE,2024-06-28 10:00:00+00:00,2024-06-28 12:00:00+00:00,1.0,2340.6,2344.50009765625,1.2370170534386846,transition,1496.9999407671362,signal_change,2
GC=F,SCORE,2024-06-28 13:00:00+00:00,2024-06-28 14:00:00+00:00,1.0,2346.20009765625,2335.9417928059897,1.1523084472091984,transition,-5190.089115121074,stop,2
GC=F,SCORE,2024-07-01 13:00:00+00:00,2024-07-01 16:00:00+00:00,-1.0,2337.29990234375,2337.99990234375,0.3451113259118348,shock,-195.91579347234057,signal_change,3
GC=F,SCORE,2024-07-02 12:00:00+00:00,2024-07-02 13:00:00+00:00,-1.0,2329.700048828125,2340.716756184896,1.0701486829501023,transition,-1516.2294493457273,stop,2
GC=F,SCORE,2024-07-02 14:00:00+00:00,2024-07-02 14:00:00+00:00,1.0,2343.99990234375,2332.9165242513022,0.37213506960202275,range,-1789.1952515986495,stop,1
GC=F,SCORE,2024-07-03 14:30:00+00:00,2024-07-05 04:00:00+00:00,1.0,2365.49990234375,2370.099951171875,0.3276966970343339,shock,481.21074295366583,signal_change,3
GC=F,SCORE,2024-07-05 05:00:00+00:00,2024-07-05 06:00:00+00:00,1.0,2372.1,2372.79990234375,0.32485627388286664,transition,-27.22352873294315,signal_change,1
GC=F,SCORE,2024-07-05 12:00:00+00:00,2024-07-05 12:00:00+00:00,1.0,2373.799951171875,2366.649938964844,0.9675603155962088,trend,-3084.8930285118518,stop,1
GC=F,SCORE,2024-07-05 13:00:00+00:00,2024-07-05 17:00:00+00:00,1.0,2380.400048828125,2394.599951171875,0.9058324586510318,trend,4729.296853012016,signal_change,4
GC=F,SCORE,2024-07-05 19:00:00+00:00,2024-07-05 20:00:00+00:00,1.0,2399.6,2397.099951171875,0.7833972184509334,trend,-1049.9027506643754,signal_change,1
GC=F,SCORE,2024-07-08 05:00:00+00:00,2024-07-08 06:00:00+00:00,1.0,2393.1,2390.700048828125,0.9326554416687965,transition,-1214.5102683559815,signal_change,1
GC=F,SCORE,2024-07-08 15:00:00+00:00,2024-07-08 15:00:00+00:00,-1.0,2380.700048828125,2377.2624755859374,0.3288342652455006,shock,-563.972241679328,stop,1
GC=F,SCORE,2024-07-08 16:00:00+00:00,2024-07-08 19:00:00+00:00,-1.0,2362.700048828125,2364.20009765625,0.6669858151961082,transition,-585.8035346767006,signal_change,3
GC=F,SCORE,2024-07-09 13:00:00+00:00,2024-07-09 14:00:00+00:00,-1.0,2366.79990234375,2374.49990234375,1.1027073113581907,transition,-3757.712226941974,signal_change,1
GC=F,SCORE,2024-07-09 15:00:00+00:00,2024-07-09 17:00:00+00:00,-1.0,2361.50009765625,2364.20009765625,0.9682525881638797,shock,-1315.7166522909938,signal_change,2
GC=F,SCORE,2024-07-10 12:00:00+00:00,2024-07-10 13:00:00+00:00,1.0,2385.1,2384.4,1.1853384197772592,transition,-748.148852180168,signal_change,1
GC=F,SCORE,2024-07-10 14:00:00+00:00,2024-07-10 15:00:00+00:00,1.0,2389.20009765625,2381.200048828125,1.1033092019682145,transition,-3833.4471970379814,signal_change,1
GC=F,SCORE,2024-07-10 16:00:00+00:00,2024-07-10 17:00:00+00:00,1.0,2385.6,2384.099951171875,1.2993564481579543,transition,-1219.9336911540126,signal_change,1
GC=F,SCORE,2024-07-10 18:00:00+00:00,2024-07-10 19:00:00+00:00,1.0,2379.49990234375,2378.9,1.2999533950878068,transition,-765.7938186042039,signal_change,1
GC=F,SCORE,2024-07-11 13:00:00+00:00,2024-07-11 17:00:00+00:00,1.0,2411.99990234375,2417.29990234375,0.347676531207271,shock,586.098838214636,signal_change,4
GC=F,SCORE,2024-07-11 18:00:00+00:00,2024-07-11 20:00:00+00:00,1.0,2419.299951171875,2419.700048828125,0.9845977699742129,trend,-198.1359039889304,signal_change,2
GC=F,SCORE,2024-07-12 13:00:00+00:00,2024-07-12 14:00:00+00:00,1.0,2403.99990234375,2408.29990234375,0.9089070928334636,shock,1182.3266926629433,signal_change,1
GC=F,SCORE,2024-07-12 15:00:00+00:00,2024-07-12 16:00:00+00:00,1.0,2414.20009765625,2416.79990234375,0.3602195395806115,shock,231.7466082089278,signal_change,1
GC=F,SCORE,2024-07-12 18:00:00+00:00,2024-07-12 19:00:00+00:00,1.0,2422.99990234375,2419.00009765625,1.1428324487257615,range,-2154.0170008993246,signal_change,1
GC=F,SCORE,2024-07-15 12:00:00+00:00,2024-07-15 13:00:00+00:00,1.0,2423.299951171875,2419.4,1.1150276862611266,transition,-2054.040587793512,signal_change,1
GC=F,SCORE,2024-07-15 14:00:00+00:00,2024-07-15 17:00:00+00:00,1.0,2423.799951171875,2435.200048828125,1.1280147841435915,shock,4496.724906511854,signal_change,3
GC=F,SCORE,2024-07-16 08:00:00+00:00,2024-07-16 09:00:00+00:00,1.0,2441.6,2441.4,1.066851654936715,transition,-458.91808962484276,signal_change,1
GC=F,SCORE,2024-07-16 10:00:00+00:00,2024-07-16 11:00:00+00:00,1.0,2447.299951171875,2444.700048828125,1.0477751038473209,transition,-1402.3829753411794,signal_change,1
GC=F,SCORE,2024-07-16 13:00:00+00:00,2024-07-16 17:00:00+00:00,1.0,2437.1,2463.79990234375,0.3269567162092904,transition,3193.6106003079626,signal_change,4
GC=F,SCORE,2024-07-16 20:00:00+00:00,2024-07-16 22:00:00+00:00,1.0,2473.49990234375,2473.099951171875,0.9643655919095776,trend,-485.9732657403089,signal_change,1
GC=F,SCORE,2024-07-17 02:00:00+00:00,2024-07-17 03:00:00+00:00,1.0,2484.400048828125,2479.50009765625,0.842956324478349,trend,-1840.9012288326146,signal_change,1
GC=F,SCORE,2024-07-17 14:00:00+00:00,2024-07-17 14:00:00+00:00,1.0,2487.70009765625,2470.7834269205728,0.25682848096901306,shock,-1708.7413102723947,stop,1
GC=F,SCORE,2024-07-17 17:00:00+00:00,2024-07-17 18:00:00+00:00,-1.0,2459.700048828125,2456.70009765625,0.7444554485966212,transition,577.0376615463791,signal_change,1
GC=F,SCORE,2024-07-18 20:00:00+00:00,2024-07-18 22:00:00+00:00,-1.0,2445.599951171875,2448.1,1.0143262423305384,transition,-1164.115877273138,signal_change,1
GC=F,SCORE,2024-07-19 01:00:00+00:00,2024-07-19 03:00:00+00:00,-1.0,2436.9,2430.900048828125,0.8617536610402943,transition,1585.871865429011,signal_change,2
GC=F,SCORE,2024-07-19 07:00:00+00:00,2024-07-19 09:00:00+00:00,-1.0,2422.200048828125,2422.799951171875,0.8214024549382537,trend,-354.69800579538514,signal_change,2
GC=F,SCORE,2024-07-19 10:00:00+00:00,2024-07-19 19:00:00+00:00,-1.0,2418.099951171875,2400.49990234375,0.8084611758551067,trend,5297.780181166874,signal_change,9
GC=F,SCORE,2024-07-22 01:00:00+00:00,2024-07-22 03:00:00+00:00,-1.0,2409.599951171875,2408.299951171875,0.8684538514696194,transition,59.32917708885225,signal_change,2
GC=F,SCORE,2024-07-22 06:00:00+00:00,2024-07-22 07:00:00+00:00,-1.0,2404.29990234375,2404.1,0.9396411189505225,transition,-116.8644055128991,signal_change,1
GC=F,SCORE,2024-07-22 12:00:00+00:00,2024-07-22 17:00:00+00:00,-1.0,2399.50009765625,2394.6,0.9463337415740088,transition,1671.0922891498496,signal_change,5
GC=F,SCORE,2024-07-23 14:00:00+00:00,2024-07-23 17:00:00+00:00,1.0,2403.299951171875,2406.4,1.0215743990704655,transition,863.2661890888788,signal_change,3
GC=F,SCORE,2024-07-23 18:00:00+00:00,2024-07-23 19:00:00+00:00,1.0,2406.1,2406.599951171875,1.1220538590241182,transition,-183.6758592828766,signal_change,1
GC=F,SCORE,2024-07-24 03:00:00+00:00,2024-07-24 04:00:00+00:00,1.0,2415.6,2417.50009765625,1.1141018453062914,transition,419.4925838176183,signal_change,1
GC=F,SCORE,2024-07-24 05:00:00+00:00,2024-07-24 06:00:00+00:00,1.0,2419.1,2416.9,1.1113103897270116,transition,-1340.0776506052227,signal_change,1
GC=F,SCORE,2024-07-24 07:00:00+00:00,2024-07-24 08:00:00+00:00,1.0,2418.49990234375,2415.50009765625,1.1140345662331812,transition,-1684.9786260149067,signal_change,1
GC=F,SCORE,2024-07-24 10:00:00+00:00,2024-07-24 11:00:00+00:00,1.0,2414.299951171875,2414.4,1.2204191725147882,transition,-387.6614993472763,signal_change,1
GC=F,SCORE,2024-07-24 12:00:00+00:00,2024-07-24 17:00:00+00:00,1.0,2418.6,2419.29990234375,1.1816584889481707,transition,-105.28427300799461,signal_change,5
GC=F,SCORE,2024-07-24 20:00:00+00:00,2024-07-24 23:00:00+00:00,-1.0,2399.00009765625,2397.799951171875,0.3318876344821482,transition,87.49101720796317,signal_change,2
GC=F,SCORE,2024-07-25 02:00:00+00:00,2024-07-25 04:00:00+00:00,-1.0,2375.200048828125,2373.6,0.4859086796057074,transition,53.72284824681586,signal_change,2
GC=F,SCORE,2024-07-25 07:00:00+00:00,2024-07-25 09:00:00+00:00,-1.0,2371.00009765625,2374.49990234375,0.6452917074120453,transition,-1065.4677531677514,signal_change,2
GC=F,SCORE,2024-07-25 12:00:00+00:00,2024-07-25 19:00:00+00:00,-1.0,2367.599951171875,2356.400048828125,0.5814797351384693,transition,2348.485125084864,signal_change,7
GC=F,SCORE,2024-07-26 13:00:00+00:00,2024-07-26 19:00:00+00:00,1.0,2376.49990234375,2383.4,0.8371858873633686,transition,1964.2543133867973,signal_change,6
GC=F,SCORE,2024-07-26 20:00:00+00:00,2024-07-28 22:00:00+00:00,1.0,2385.6,2386.79990234375,0.9613335147862244,transition,106.86506104207305,signal_change,1
GC=F,SCORE,2024-07-28 23:00:00+00:00,2024-07-29 00:00:00+00:00,1.0,2394.70009765625,2396.29990234375,0.892920608684444,trend,237.04981782830188,signal_change,1
GC=F,SCORE,2024-07-29 08:00:00+00:00,2024-07-29 11:00:00+00:00,1.0,2390.20009765625,2390.700048828125,0.9626229561955231,transition,-156.87043043794668,signal_change,3
GC=F,SCORE,2024-07-29 13:00:00+00:00,2024-07-29 14:00:00+00:00,1.0,2391.99990234375,2379.1749877929688,0.9390632419598534,transition,-5036.1526570872065,stop,2
GC=F,SCORE,2024-07-29 16:00:00+00:00,2024-07-29 17:00:00+00:00,-1.0,2374.599951171875,2375.900048828125,0.31736558164528356,transition,-224.8939423063816,signal_change,1
GC=F,SCORE,2024-07-29 18:00:00+00:00,2024-07-29 19:00:00+00:00,-1.0,2375.50009765625,2377.1,0.3268832581616322,transition,-269.8241991946768,signal_change,1
GC=F,SCORE,2024-07-30 08:00:00+00:00,2024-07-30 08:00:00+00:00,1.0,2387.49990234375,2408.5874084472657,0.23057379446592438,shock,1807.879815805263,stop,1
GC=F,SCORE,2024-07-30 14:00:00+00:00,2024-07-30 16:00:00+00:00,1.0,2439.20009765625,2430.099951171875,0.31603124114356645,transition,-1209.0794524086875,signal_change,2
GC=F,SCORE,2024-07-30 17:00:00+00:00,2024-07-30 19:00:00+00:00,1.0,2445.299951171875,2449.9,0.3142983204940632,trend,437.7924086871312,signal_change,2
GC=F,SCORE,2024-07-31 02:00:00+00:00,2024-07-31 03:00:00+00:00,1.0,2454.299951171875,2452.50009765625,0.3145832802743896,trend,-325.83032836124835,signal_change,1
GC=F,SCORE,2024-07-31 04:00:00+00:00,2024-07-31 06:00:00+00:00,1.0,2461.70009765625,2462.29990234375,0.309280999588676,trend,-39.02892666970675,signal_change,2
GC=F,SCORE,2024-07-31 09:00:00+00:00,2024-07-31 11:00:00+00:00,1.0,2466.6,2463.099951171875,0.13076212380149146,shock,-218.6419392134838,signal_change,2
GC=F,SCORE,2024-07-31 13:00:00+00:00,2024-07-31 18:00:00+00:00,1.0,2465.400048828125,2471.700048828125,0.6867611338779277,transition,1386.518871867233,signal_change,5
GC=F,SCORE,2024-07-31 19:00:00+00:00,2024-07-31 22:00:00+00:00,1.0,2478.900048828125,2493.29990234375,0.9134667484933073,shock,4609.801023165573,signal_change,2
GC=F,SCORE,2024-08-01 02:00:00+00:00,2024-08-01 03:00:00+00:00,1.0,2495.400048828125,2485.4,0.8230101401512804,transition,-3373.6271989540005,signal_change,1
GC=F,SCORE,2024-08-01 13:00:00+00:00,2024-08-01 16:00:00+00:00,1.0,2495.1,2489.200048828125,0.7967480816555391,transition,-2035.6866676454613,signal_change,3
GC=F,SCORE,2024-08-02 06:00:00+00:00,2024-08-02 07:00:00+00:00,1.0,2511.6,2509.599951171875,0.7750310485644281,transition,-846.6249632377923,signal_change,1
GC=F,SCORE,2024-08-02 10:00:00+00:00,2024-08-02 11:00:00+00:00,1.0,2508.49990234375,2507.9,0.7991202619039902,transition,-459.00056961485353,signal_change,1
GC=F,SCORE,2024-08-02 13:00:00+00:00,2024-08-02 13:00:00+00:00,1.0,2517.1,2499.6083374023438,0.25286541613293795,transition,-1719.303562949561,stop,1
GC=F,SCORE,2024-08-02 14:00:00+00:00,2024-08-02 14:00:00+00:00,1.0,2516.900048828125,2496.2833862304688,0.6030220291838343,shock,-4785.874168875801,stop,1
GC=F,SCORE,2024-08-02 15:00:00+00:00,2024-08-02 18:00:00+00:00,-1.0,2474.200048828125,2470.70009765625,0.2057703297786211,shock,226.52211827429008,signal_change,3
GC=F,SCORE,2024-08-05 07:00:00+00:00,2024-08-05 10:00:00+00:00,-1.0,2469.9,2465.1,0.42999788472381495,transition,681.3178999830194,signal_change,3
GC=F,SCORE,2024-08-05 11:00:00+00:00,2024-08-05 15:00:00+00:00,-1.0,2448.9,2436.99990234375,0.37182923833689735,transition,1470.218389981797,signal_change,4
GC=F,SCORE,2024-08-06 14:00:00+00:00,2024-08-06 15:00:00+00:00,1.0,2436.299951171875,2429.099951171875,0.6480742647290301,transition,-1997.404823949797,signal_change,1
GC=F,SCORE,2024-08-07 16:00:00+00:00,2024-08-07 18:00:00+00:00,1.0,2434.799951171875,2429.79990234375,0.31667274751937424,transition,-709.1870758363345,signal_change,2
GC=F,SCORE,2024-08-08 12:00:00+00:00,2024-08-08 13:00:00+00:00,1.0,2451.799951171875,2447.29990234375,0.9282205606611263,transition,-1894.6620277935274,signal_change,1
GC=F,SCORE,2024-08-08 14:00:00+00:00,2024-08-08 16:00:00+00:00,1.0,2453.49990234375,2457.9,0.30180102376484585,shock,391.6571705050996,signal_change,2
GC=F,SCORE,2024-08-08 18:00:00+00:00,2024-08-08 19:00:00+00:00,1.0,2463.1,2463.4,0.886721548445301,trend,-211.50058475576245,signal_change,1
GC=F,SCORE,2024-08-08 20:00:00+00:00,2024-08-08 23:00:00+00:00,1.0,2463.299951171875,2465.00009765625,0.916117423641547,trend,260.17057185654164,signal_change,2
GC=F,SCORE,2024-08-09 02:00:00+00:00,2024-08-09 03:00:00+00:00,1.0,2466.70009765625,2461.9,0.9140739554502714,trend,-1955.314111584548,signal_change,1
GC=F,SCORE,2024-08-09 11:00:00+00:00,2024-08-09 12:00:00+00:00,1.0,2470.20009765625,2465.79990234375,0.9212585871146535,transition,-1827.268956572125,signal_change,1
GC=F,SCORE,2024-08-09 13:00:00+00:00,2024-08-09 18:00:00+00:00,1.0,2469.299951171875,2470.00009765625,0.9116832034658082,transition,-81.12294999547518,signal_change,5
GC=F,SCORE,2024-08-12 06:00:00+00:00,2024-08-12 20:00:00+00:00,1.0,2473.49990234375,2510.599951171875,1.097872960078529,transition,14698.347371888165,signal_change,14
GC=F,SCORE,2024-08-12 22:00:00+00:00,2024-08-12 23:00:00+00:00,1.0,2512.70009765625,2513.700048828125,1.134942271552413,trend,19.244523609004773,signal_change,1
GC=F,SCORE,2024-08-13 00:00:00+00:00,2024-08-13 01:00:00+00:00,1.0,2515.70009765625,2511.79990234375,1.107374104655522,trend,-1987.5630578265514,signal_change,1
GC=F,SCORE,2024-08-13 13:00:00+00:00,2024-08-13 16:00:00+00:00,1.0,2507.400048828125,2508.200048828125,0.9228270481338521,transition,-51.68642628962019,signal_change,3
GC=F,SCORE,2024-08-14 09:00:00+00:00,2024-08-14 10:00:00+00:00,1.0,2513.6,2511.79990234375,1.0379342535128855,transition,-1055.4635830019,signal_change,1
GC=F,SCORE,2024-08-14 14:00:00+00:00,2024-08-14 19:00:00+00:00,-1.0,2496.00009765625,2486.1,0.31312404607789357,transition,1016.4794300007634,signal_change,5
GC=F,SCORE,2024-08-15 13:00:00+00:00,2024-08-15 14:00:00+00:00,-1.0,2478.4,2490.8249450683593,0.29198822380514705,shock,488.3889628016925,stop,2
GC=F,SCORE,2024-08-15 15:00:00+00:00,2024-08-15 16:00:00+00:00,-1.0,2489.700048828125,2496.20009765625,0.8835765284737517,transition,-2388.0137822599677,signal_change,1
GC=F,SCORE,2024-08-16 12:00:00+00:00,2024-08-16 14:00:00+00:00,1.0,2510.1,2517.412481689453,0.8229268292682926,shock,1936.6922703940863,stop,3
GC=F,SCORE,2024-08-16 15:00:00+00:00,2024-08-18 22:00:00+00:00,1.0,2525.70009765625,2549.599951171875,0.9394701108304426,transition,7917.54077248642,signal_change,6
GC=F,SCORE,2024-08-19 00:00:00+00:00,2024-08-19 01:00:00+00:00,1.0,2545.299951171875,2541.00009765625,0.8706664565936664,trend,-1685.196355811478,signal_change,1
GC=F,SCORE,2024-08-19 03:00:00+00:00,2024-08-19 04:00:00+00:00,1.0,2542.299951171875,2541.79990234375,0.8082333808157927,trend,-434.52902872407475,signal_change,1
GC=F,SCORE,2024-08-19 14:00:00+00:00,2024-08-19 18:00:00+00:00,1.0,2532.900048828125,2541.4,0.2949627741168845,transition,819.9339922462045,signal_change,4
GC=F,SCORE,2024-08-20 08:00:00+00:00,2024-08-20 10:00:00+00:00,1.0,2553.49990234375,2560.099951171875,1.0456281141275787,transition,2156.1032980273576,signal_change,2
GC=F,SCORE,2024-08-20 12:00:00+00:00,2024-08-20 15:00:00+00:00,1.0,2565.1,2553.4417317708335,1.1096817880981216,trend,-5117.983395319164,stop,4
GC=F,SCORE,2024-08-21 14:00:00+00:00,2024-08-21 16:00:00+00:00,-1.0,2540.599951171875,2546.299951171875,0.8806115078978675,shock,-2154.0389070025817,signal_change,2
GC=F,SCORE,2024-08-21 19:00:00+00:00,2024-08-21 20:00:00+00:00,1.0,2554.299951171875,2549.50009765625,0.975572156810234,transition,-2047.1095336119886,signal_change,1
GC=F,SCORE,2024-08-22 12:00:00+00:00,2024-08-22 17:00:00+00:00,-1.0,2535.599951171875,2520.20009765625,0.940750858186153,transition,4966.681100959436,signal_change,5
GC=F,SCORE,2024-08-22 18:00:00+00:00,2024-08-22 19:00:00+00:00,-1.0,2517.9,2517.99990234375,0.9268329316751768,transition,-293.62115395977474,signal_change,1
GC=F,SCORE,2024-08-23 15:00:00+00:00,2024-08-23 16:00:00+00:00,1.0,2545.1,2537.562536621094,0.3954128314956535,shock,-1231.294888460931,stop,2
GC=F,SCORE,2024-08-23 17:00:00+00:00,2024-08-23 19:00:00+00:00,1.0,2546.20009765625,2545.29990234375,0.39999115100806565,trend,-272.6525059160976,signal_change,2
GC=F,SCORE,2024-08-23 20:00:00+00:00,2024-08-26 01:00:00+00:00,1.0,2546.49990234375,2548.9,1.1727155797033613,trend,615.1287248452029,signal_change,4
GC=F,SCORE,2024-08-26 07:00:00+00:00,2024-08-26 11:00:00+00:00,1.0,2550.70009765625,2560.599951171875,1.1092817726372428,trend,3618.553181377915,signal_change,4
GC=F,SCORE,2024-08-26 12:00:00+00:00,2024-08-26 13:00:00+00:00,1.0,2562.299951171875,2559.4,1.1152489628027376,transition,-1574.177519013713,signal_change,1
GC=F,SCORE,2024-08-26 15:00:00+00:00,2024-08-26 18:00:00+00:00,1.0,2552.6,2553.700048828125,1.1923817944315465,transition,58.0361554387498,signal_change,3
GC=F,SCORE,2024-08-27 08:00:00+00:00,2024-08-27 09:00:00+00:00,-1.0,2539.79990234375,2546.20009765625,1.1460760773410843,transition,-3100.2695672024083,signal_change,1
GC=F,SCORE,2024-08-27 10:00:00+00:00,2024-08-27 11:00:00+00:00,-1.0,2544.00009765625,2544.20009765625,1.1332277990038644,transition,-399.20856168498517,signal_change,1
GC=F,SCORE,2024-08-27 13:00:00+00:00,2024-08-27 15:00:00+00:00,-1.0,2544.79990234375,2550.299951171875,1.0795755473332482,transition,-2311.1844440092937,signal_change,2
GC=F,SCORE,2024-08-27 16:00:00+00:00,2024-08-27 17:00:00+00:00,-1.0,2547.200048828125,2549.799951171875,1.086562143997836,transition,-1410.1920535378172,signal_change,1
GC=F,SCORE,2024-08-29 08:00:00+00:00,2024-08-29 09:00:00+00:00,1.0,2552.400048828125,2550.29990234375,1.1825135418140653,transition,-1315.4845944692768,signal_change,1
GC=F,SCORE,2024-08-29 10:00:00+00:00,2024-08-29 12:00:00+00:00,1.0,2556.299951171875,2553.099951171875,1.1463630674011536,transition,-1728.1342619903653,signal_change,2
GC=F,SCORE,2024-08-29 14:00:00+00:00,2024-08-29 16:00:00+00:00,1.0,2550.1,2556.00009765625,0.37954352044974243,transition,678.0824032408548,signal_change,2
GC=F,SCORE,2024-08-30 14:00:00+00:00,2024-08-30 15:00:00+00:00,1.0,2548.900048828125,2542.00009765625,0.3821320030617915,shock,-1089.4503575845483,signal_change,1
GC=F,SCORE,2024-08-30 16:00:00+00:00,2024-08-30 18:00:00+00:00,-1.0,2535.099951171875,2532.299951171875,1.0579597773993286,transition,859.4830368604626,signal_change,2
GC=F,SCORE,2024-09-02 03:00:00+00:00,2024-09-03 04:00:00+00:00,-1.0,2523.700048828125,2526.49990234375,0.9934760975921721,transition,-2744.8697922210217,signal_change,1
GC=F,SCORE,2024-09-03 10:00:00+00:00,2024-09-03 17:00:00+00:00,-1.0,2532.700048828125,2517.49990234375,0.9977524594663573,transition,5215.402779615598,signal_change,7
GC=F,SCORE,2024-09-04 08:00:00+00:00,2024-09-04 11:00:00+00:00,-1.0,2513.00009765625,2520.299951171875,0.8561037884278575,transition,-2496.3200233768384,signal_change,3
GC=F,SCORE,2024-09-04 14:00:00+00:00,2024-09-04 14:00:00+00:00,-1.0,2516.099951171875,2529.3749186197915,0.9590915352020458,shock,4337.759458617192,stop,1
GC=F,SCORE,2024-09-04 15:00:00+00:00,2024-09-04 16:00:00+00:00,1.0,2527.49990234375,2525.00009765625,0.354948596351609,transition,-450.71763431555837,signal_change,1
GC=F,SCORE,2024-09-05 08:00:00+00:00,2024-09-05 10:00:00+00:00,1.0,2536.6,2545.599951171875,1.0670834051308649,transition,3136.059717333761,signal_change,2
GC=F,SCORE,2024-09-05 11:00:00+00:00,2024-09-05 14:00:00+00:00,1.0,2546.70009765625,2537.962438964844,1.246721513386825,transition,-4419.597339371598,stop,4
GC=F,SCORE,2024-09-05 15:00:00+00:00,2024-09-05 19:00:00+00:00,1.0,2539.20009765625,2545.79990234375,1.2198985490519052,transition,2508.240222159642,signal_change,4
GC=F,SCORE,2024-09-05 22:00:00+00:00,2024-09-05 23:00:00+00:00,1.0,2547.20009765625,2546.00009765625,1.2730474588064395,transition,-1004.4337392978355,signal_change,1
GC=F,SCORE,2024-09-06 13:00:00+00:00,2024-09-06 13:00:00+00:00,1.0,2552.49990234375,2541.1583048502603,0.39529747333710974,shock,-1768.5416070708086,stop,1
GC=F,SCORE,2024-09-06 14:00:00+00:00,2024-09-06 15:00:00+00:00,-1.0,2539.00009765625,2547.949822998047,0.370909028312617,transition,1813.5462371368249,stop,2
GC=F,SCORE,2024-09-06 16:00:00+00:00,2024-09-06 16:00:00+00:00,-1.0,2534.700048828125,2533.912316894531,0.9485539395239774,shock,-607.0050427103394,stop,1
GC=F,SCORE,2024-09-06 17:00:00+00:00,2024-09-06 19:00:00+00:00,-1.0,2518.200048828125,2524.20009765625,0.6434589922046523,shock,-1553.9423018809532,signal_change,2
GC=F,SCORE,2024-09-09 06:00:00+00:00,2024-09-09 07:00:00+00:00,-1.0,2516.79990234375,2518.900048828125,0.8190894150152439,transition,-799.8155409655155,signal_change,1
GC=F,SCORE,2024-09-09 09:00:00+00:00,2024-09-09 10:00:00+00:00,-1.0,2521.200048828125,2525.49990234375,0.7871065087256492,transition,-1402.2155626156646,signal_change,1
GC=F,SCORE,2024-09-09 14:00:00+00:00,2024-09-09 15:00:00+00:00,-1.0,2528.79990234375,2526.20009765625,0.8842816588443925,transition,594.395887045869,signal_change,1
GC=F,SCORE,2024-09-09 18:00:00+00:00,2024-09-09 22:00:00+00:00,1.0,2529.1,2535.9,0.39917388588927394,shock,851.5660564311248,signal_change,3
GC=F,SCORE,2024-09-10 09:00:00+00:00,2024-09-10 12:00:00+00:00,1.0,2531.20009765625,2533.4,1.382730341642271,transition,625.977488422718,signal_change,3
GC=F,SCORE,2024-09-10 13:00:00+00:00,2024-09-10 14:00:00+00:00,1.0,2542.900048828125,2535.700048828125,1.3695277147829756,shock,-4067.630966126606,signal_change,1
GC=F,SCORE,2024-09-10 15:00:00+00:00,2024-09-10 18:00:00+00:00,1.0,2538.1,2541.79990234375,1.321459770625607,transition,1313.1448609926597,signal_change,3
GC=F,SCORE,2024-09-10 19:00:00+00:00,2024-09-10 22:00:00+00:00,1.0,2545.20009765625,2545.599951171875,1.4481394315546854,transition,-296.12498757072046,signal_change,2
GC=F,SCORE,2024-09-11 07:00:00+00:00,2024-09-11 08:00:00+00:00,1.0,2555.70009765625,2550.50009765625,1.2991274287313086,transition,-2890.9511596214757,signal_change,1
GC=F,SCORE,2024-09-12 14:00:00+00:00,2024-09-12 17:00:00+00:00,1.0,2573.900048828125,2579.200048828125,0.36389193254509233,shock,563.3548761344825,signal_change,3
GC=F,SCORE,2024-09-12 18:00:00+00:00,2024-09-12 20:00:00+00:00,1.0,2582.6,2586.099951171875,1.0295976072366502,trend,926.0490583534435,signal_change,2
GC=F,SCORE,2024-09-13 08:00:00+00:00,2024-09-13 10:00:00+00:00,1.0,2597.900048828125,2596.200048828125,0.898889459893643,trend,-853.8526961568783,signal_change,2
GC=F,SCORE,2024-09-13 12:00:00+00:00,2024-09-15 22:00:00+00:00,1.0,2595.299951171875,2607.9,0.8886990889901123,trend,3661.309374969572,signal_change,9
GC=F,SCORE,2024-09-15 23:00:00+00:00,2024-09-16 00:00:00+00:00,1.0,2608.299951171875,2606.79990234375,1.1769717098978618,transition,-1034.825261122806,signal_change,1
GC=F,SCORE,2024-09-16 08:00:00+00:00,2024-09-16 10:00:00+00:00,1.0,2609.99990234375,2613.00009765625,1.25586970034598,transition,895.1114080835216,signal_change,2
GC=F,SCORE,2024-09-16 12:00:00+00:00,2024-09-16 15:00:00+00:00,1.0,2610.70009765625,2607.599951171875,1.2114217631842301,transition,-1751.3890622105198,signal_change,3
GC=F,SCORE,2024-09-17 10:00:00+00:00,2024-09-17 12:00:00+00:00,-1.0,2600.4,2607.20009765625,1.2343205970633568,transition,-3142.1674960212436,signal_change,2
GC=F,SCORE,2024-09-17 13:00:00+00:00,2024-09-17 19:00:00+00:00,-1.0,2604.599951171875,2596.900048828125,0.40243566433440625,transition,948.198750330559,signal_change,6
GC=F,SCORE,2024-09-18 17:00:00+00:00,2024-09-18 18:00:00+00:00,1.0,2601.799951171875,2594.29990234375,0.4396613634841003,transition,-1318.1086650710906,signal_change,1
GC=F,SCORE,2024-09-18 19:00:00+00:00,2024-09-18 19:00:00+00:00,1.0,2602.1,2587.4833374023438,0.31041914556363287,shock,-1709.232103629084,stop,1
GC=F,SCORE,2024-09-18 20:00:00+00:00,2024-09-18 22:00:00+00:00,-1.0,2574.700048828125,2585.20009765625,0.5948580934289384,shock,-2260.8243982984945,signal_change,1
GC=F,SCORE,2024-09-20 01:00:00+00:00,2024-09-20 04:00:00+00:00,1.0,2612.900048828125,2616.4,0.93000217207465,transition,818.7508287853896,signal_change,3
GC=F,SCORE,2024-09-20 07:00:00+00:00,2024-09-20 10:00:00+00:00,1.0,2630.99990234375,2631.29990234375,2.00810818529199,transition,-484.3414618913502,signal_change,3
GC=F,SCORE,2024-09-20 11:00:00+00:00,2024-09-20 18:00:00+00:00,1.0,2638.6,2644.700048828125,1.032917205486084,transition,1828.5537667566218,signal_change,7
GC=F,SCORE,2024-09-20 19:00:00+00:00,2024-09-20 20:00:00+00:00,1.0,2646.799951171875,2646.00009765625,1.0941844668525347,transition,-679.7582293903307,signal_change,1
GC=F,SCORE,2024-09-22 22:00:00+00:00,2024-09-22 23:00:00+00:00,1.0,2646.299951171875,2645.00009765625,1.0818017514254046,transition,-858.8207463221468,signal_change,1
GC=F,SCORE,2024-09-23 02:00:00+00:00,2024-09-23 03:00:00+00:00,1.0,2644.99990234375,2650.00009765625,1.0318374886920483,transition,1430.018362912083,signal_change,1
GC=F,SCORE,2024-09-23 13:00:00+00:00,2024-09-23 17:00:00+00:00,1.0,2651.99990234375,2653.00009765625,1.032359836248322,transition,1.4894594262402734,signal_change,4
GC=F,SCORE,2024-09-24 05:00:00+00:00,2024-09-24 05:00:00+00:00,1.0,2662.6,2651.5583292643228,1.2110125417205122,transition,-5019.219604877134,stop,1
GC=F,SCORE,2024-09-24 10:00:00+00:00,2024-09-24 11:00:00+00:00,1.0,2655.49990234375,2658.200048828125,1.2810627295563692,transition,748.7497276329553,signal_change,1
GC=F,SCORE,2024-09-24 13:00:00+00:00,2024-09-24 18:00:00+00:00,1.0,2658.20009765625,2678.9,1.1779483178620849,transition,7966.2355260292015,signal_change,5
GC=F,SCORE,2024-09-24 19:00:00+00:00,2024-09-24 22:00:00+00:00,1.0,2682.400048828125,2682.700048828125,1.0350574231732943,transition,-250.3849428348192,signal_change,2
GC=F,SCORE,2024-09-25 03:00:00+00:00,2024-09-25 04:00:00+00:00,1.0,2694.49990234375,2685.79990234375,0.8848453906794659,transition,-2932.706270326421,signal_change,1
GC=F,SCORE,2024-09-25 13:00:00+00:00,2024-09-25 19:00:00+00:00,1.0,2683.900048828125,2684.4,1.010909369038896,transition,-174.6758698595058,signal_change,6
GC=F,SCORE,2024-09-26 08:00:00+00:00,2024-09-26 13:00:00+00:00,1.0,2687.799951171875,2691.099981689453,1.2561337502349341,transition,976.6868742785355,stop,6
GC=F,SCORE,2024-09-27 15:00:00+00:00,2024-09-27 17:00:00+00:00,-1.0,2671.599951171875,2674.1,0.35923242793774246,shock,-382.7582622734054,signal_change,2
GC=F,SCORE,2024-09-27 18:00:00+00:00,2024-09-27 19:00:00+00:00,-1.0,2667.599951171875,2670.6,1.0231458722762072,transition,-1266.8003006502088,signal_change,1
GC=F,SCORE,2024-09-30 08:00:00+00:00,2024-09-30 09:00:00+00:00,-1.0,2672.50009765625,2675.400048828125,0.894752102555728,transition,-1135.40409599149,signal_change,1
GC=F,SCORE,2024-09-30 11:00:00+00:00,2024-09-30 12:00:00+00:00,-1.0,2658.29990234375,2663.49990234375,0.2890301814089284,shock,-557.0206271595906,signal_change,1
GC=F,SCORE,2024-09-30 13:00:00+00:00,2024-09-30 16:00:00+00:00,-1.0,2660.700048828125,2656.20009765625,0.8043715332737967,transition,1190.0314729795668,signal_change,3
GC=F,SCORE,2024-09-30 18:00:00+00:00,2024-09-30 20:00:00+00:00,-1.0,2659.099951171875,2652.99990234375,0.8746824759112025,transition,1657.6624865988244,signal_change,2
GC=F,SCORE,2024-10-01 12:00:00+00:00,2024-10-01 13:00:00+00:00,1.0,2671.900048828125,2675.599981689453,0.427223260221287,transition,395.74048428624036,stop,2
GC=F,SCORE,2024-10-01 14:00:00+00:00,2024-10-01 15:00:00+00:00,1.0,2690.900048828125,2678.5083821614585,0.7632610169491525,transition,-3488.3357352784165,stop,2
GC=F,SCORE,2024-10-01 16:00:00+00:00,2024-10-01 19:00:00+00:00,1.0,2685.1,2682.29990234375,1.0245733980031364,transition,-1327.556453788215,signal_change,3
GC=F,SCORE,2024-10-02 15:00:00+00:00,2024-10-02 16:00:00+00:00,-1.0,2669.200048828125,2671.299951171875,0.91796944477071,transition,-973.4779882365054,signal_change,1
GC=F,SCORE,2024-10-03 13:00:00+00:00,2024-10-03 14:00:00+00:00,-1.0,2662.50009765625,2667.400048828125,1.0413536545655266,transition,-2246.008225432607,signal_change,1
GC=F,SCORE,2024-10-03 17:00:00+00:00,2024-10-03 18:00:00+00:00,1.0,2680.400048828125,2676.9,1.0322262040744599,transition,-1577.7936399956802,signal_change,1
GC=F,SCORE,2024-10-04 12:00:00+00:00,2024-10-04 12:00:00+00:00,1.0,2681.400048828125,2667.7001139322915,0.9773943847387443,shock,-4867.728948380115,stop,1
GC=F,SCORE,2024-10-04 13:00:00+00:00,2024-10-04 13:00:00+00:00,-1.0,2658.29990234375,2672.4081827799478,0.3337900644121214,shock,1487.2626807442466,stop,1
GC=F,SCORE,2024-10-07 13:00:00+00:00,2024-10-07 14:00:00+00:00,-1.0,2659.599951171875,2662.299951171875,0.27567185807085387,transition,-328.0669086471331,signal_change,1
GC=F,SCORE,2024-10-08 13:00:00+00:00,2024-10-08 14:00:00+00:00,-1.0,2665.00009765625,2658.900048828125,0.8404761139102596,range,1568.9325347359954,signal_change,1
GC=F,SCORE,2024-10-08 15:00:00+00:00,2024-10-08 19:00:00+00:00,-1.0,2640.00009765625,2634.49990234375,0.2674024109363816,transition,430.2105471219218,signal_change,4
GC=F,SCORE,2024-10-09 14:00:00+00:00,2024-10-09 16:00:00+00:00,-1.0,2628.00009765625,2633.400048828125,0.8899462806330591,transition,-1837.7231937519293,signal_change,2
GC=F,SCORE,2024-10-10 15:00:00+00:00,2024-10-10 17:00:00+00:00,1.0,2642.6,2636.200048828125,1.0423865824805771,transition,-2637.4894586534674,signal_change,2
GC=F,SCORE,2024-10-10 18:00:00+00:00,2024-10-10 19:00:00+00:00,1.0,2641.20009765625,2643.50009765625,0.9994741190062658,transition,446.1612067966139,signal_change,1
GC=F,SCORE,2024-10-11 02:00:00+00:00,2024-10-11 05:00:00+00:00,1.0,2654.900048828125,2662.599951171875,0.9577333556079205,transition,2181.7443164119622,signal_change,3
GC=F,SCORE,2024-10-11 08:00:00+00:00,2024-10-11 09:00:00+00:00,1.0,2662.49990234375,2656.4,0.9419887712270992,transition,-2271.6355807101954,signal_change,1
GC=F,SCORE,2024-10-11 14:00:00+00:00,2024-10-11 20:00:00+00:00,1.0,2666.900048828125,2673.00009765625,1.017940565617773,transition,1756.0894988166078,signal_change,6
GC=F,SCORE,2024-10-13 22:00:00+00:00,2024-10-13 22:00:00+00:00,1.0,2673.20009765625,2660.9334106445312,1.0960667004449707,transition,-4918.625377667375,stop,1
GC=F,SCORE,2024-10-14 07:00:00+00:00,2024-10-14 08:00:00+00:00,1.0,2681.20009765625,2677.29990234375,1.047225241714081,transition,-1722.2407961916833,signal_change,1
GC=F,SCORE,2024-10-14 14:00:00+00:00,2024-10-14 15:00:00+00:00,1.0,2672.400048828125,2662.50009765625,1.0306484080406,transition,-3772.6083588148203,signal_change,1
GC=F,SCORE,2024-10-14 15:00:00+00:00,2024-10-14 16:00:00+00:00,-1.0,2662.50009765625,2663.6,1.056250641416635,transition,-673.0915842766622,signal_change,1
GC=F,SCORE,2024-10-15 16:00:00+00:00,2024-10-15 17:00:00+00:00,1.0,2681.49990234375,2678.599951171875,1.1122610762781882,transition,-1446.022587268234,signal_change,1
GC=F,SCORE,2024-10-15 18:00:00+00:00,2024-10-15 19:00:00+00:00,1.0,2680.70009765625,2681.700048828125,1.1044185204796342,transition,-1.683307468975329,signal_change,1
GC=F,SCORE,2024-10-16 07:00:00+00:00,2024-10-16 08:00:00+00:00,1.0,2693.799951171875,2692.50009765625,1.1297241372245728,transition,-862.8740911320506,signal_change,1
GC=F,SCORE,2024-10-16 09:00:00+00:00,2024-10-16 10:00:00+00:00,1.0,2696.400048828125,2696.79990234375,1.1451030390783068,transition,-230.4319902921515,signal_change,1
GC=F,SCORE,2024-10-16 13:00:00+00:00,2024-10-16 15:00:00+00:00,1.0,2698.299951171875,2685.941691080729,1.0978311685294049,shock,-4841.748836301301,stop,3
GC=F,SCORE,2024-10-16 17:00:00+00:00,2024-10-16 19:00:00+00:00,1.0,2690.6,2691.200048828125,1.175419838376085,transition,-157.61466515773202,signal_change,2
GC=F,SCORE,2024-10-17 02:00:00+00:00,2024-10-17 03:00:00+00:00,1.0,2698.900048828125,2697.099951171875,1.2149642859106682,transition,-1119.8433150670353,signal_change,1
GC=F,SCORE,2024-10-17 15:00:00+00:00,2024-10-17 18:00:00+00:00,1.0,2711.400048828125,2707.29990234375,0.3953379786329789,transition,-659.532948442462,signal_change,3
GC=F,SCORE,2024-10-18 02:00:00+00:00,2024-10-18 03:00:00+00:00,1.0,2719.900048828125,2723.099951171875,0.3665851825188779,transition,260.1281504511627,signal_change,1
GC=F,SCORE,2024-10-18 14:00:00+00:00,2024-10-20 22:00:00+00:00,1.0,2729.1,2736.200048828125,1.1069846492674114,transition,2179.8859934249385,signal_change,7
GC=F,SCORE,2024-10-20 23:00:00+00:00,2024-10-21 00:00:00+00:00,1.0,2738.6,2738.599951171875,1.188975066511679,transition,-393.0570598061903,signal_change,1
GC=F,SCORE,2024-10-21 02:00:00+00:00,2024-10-21 05:00:00+00:00,1.0,2741.49990234375,2745.200048828125,1.189427548532779,transition,1028.5374711953,signal_change,3
GC=F,SCORE,2024-10-21 07:00:00+00:00,2024-10-21 14:00:00+00:00,1.0,2745.20009765625,2738.312353515625,1.1980363636363636,transition,-3065.3903845385303,stop,8
GC=F,SCORE,2024-10-22 14:00:00+00:00,2024-10-22 15:00:00+00:00,-1.0,2750.29990234375,2756.400048828125,1.0520248800260914,transition,-2340.5408333216137,signal_change,1
GC=F,SCORE,2024-10-22 16:00:00+00:00,2024-10-22 19:00:00+00:00,1.0,2752.20009765625,2759.00009765625,1.145898109554278,transition,2118.17325645212,signal_change,3
GC=F,SCORE,2024-10-22 20:00:00+00:00,2024-10-22 23:00:00+00:00,1.0,2762.900048828125,2761.29990234375,1.2362854968558497,transition,-1039.1665106718403,signal_change,2
GC=F,SCORE,2024-10-23 08:00:00+00:00,2024-10-23 09:00:00+00:00,1.0,2768.99990234375,2771.00009765625,1.1969296370769293,transition,369.61175851414,signal_change,1
GC=F,SCORE,2024-10-23 13:00:00+00:00,2024-10-23 13:00:00+00:00,1.0,2757.299951171875,2745.6915690104165,1.195302655305307,shock,-4835.553262947215,stop,1
GC=F,SCORE,2024-10-23 15:00:00+00:00,2024-10-23 19:00:00+00:00,-1.0,2731.4,2727.900048828125,0.7289755503608657,shock,720.2044832604248,signal_change,4
GC=F,SCORE,2024-10-24 14:00:00+00:00,2024-10-24 15:00:00+00:00,-1.0,2746.50009765625,2745.400048828125,1.0359606918842559,transition,91.41292834498859,signal_change,1
GC=F,SCORE,2024-10-24 16:00:00+00:00,2024-10-24 19:00:00+00:00,1.0,2744.1,2748.4,0.41024650719398226,shock,430.3886884580526,signal_change,3
GC=F,SCORE,2024-10-24 20:00:00+00:00,2024-10-24 22:00:00+00:00,1.0,2749.900048828125,2748.50009765625,1.2504027675461165,transition,-969.3332753683791,signal_change,1
GC=F,SCORE,2024-10-25 09:00:00+00:00,2024-10-25 10:00:00+00:00,-1.0,2731.79990234375,2733.49990234375,1.2220935089506622,transition,-989.7649820562383,signal_change,1
GC=F,SCORE,2024-10-25 14:00:00+00:00,2024-10-25 14:00:00+00:00,-1.0,2740.00009765625,2752.1917114257812,1.1376893528310172,transition,4068.4404044819953,stop,1
GC=F,SCORE,2024-10-25 18:00:00+00:00,2024-10-25 19:00:00+00:00,1.0,2757.20009765625,2754.700048828125,1.2793657632326347,transition,-1442.1555081289093,signal_change,1
GC=F,SCORE,2024-10-28 14:00:00+00:00,2024-10-28 16:00:00+00:00,1.0,2753.1,2753.099951171875,0.3512524095510961,transition,-114.91150357925935,signal_change,2
GC=F,SCORE,2024-10-29 00:00:00+00:00,2024-10-29 04:00:00+00:00,1.0,2756.49990234375,2763.50009765625,0.4472449295854306,shock,852.6423491989774,signal_change,4
GC=F,SCORE,2024-10-29 05:00:00+00:00,2024-10-29 06:00:00+00:00,1.0,2766.99990234375,2761.9,1.258319482575481,transition,-2454.3346171161675,signal_change,1
GC=F,SCORE,2024-10-29 09:00:00+00:00,2024-10-29 10:00:00+00:00,1.0,2767.1,2764.29990234375,1.2927820032463269,transition,-1571.1404162906654,signal_change,1
GC=F,SCORE,2024-10-29 11:00:00+00:00,2024-10-29 13:00:00+00:00,1.0,2762.49990234375,2761.200048828125,1.2747084112886125,transition,-941.9338110279296,signal_change,2
GC=F,SCORE,2024-10-29 14:00:00+00:00,2024-10-29 19:00:00+00:00,1.0,2773.49990234375,2785.4,0.40511527736626907,shock,1390.0786978897243,signal_change,5
GC=F,SCORE,2024-10-30 02:00:00+00:00,2024-10-30 03:00:00+00:00,1.0,2793.99990234375,2792.50009765625,1.1023780184197085,transition,-878.1688870538214,signal_change,1
GC=F,SCORE,2024-10-30 07:00:00+00:00,2024-10-30 08:00:00+00:00,1.0,2799.400048828125,2794.200048828125,1.1015588036200663,transition,-2150.936454024915,signal_change,1
GC=F,SCORE,2024-10-30 10:00:00+00:00,2024-10-30 11:00:00+00:00,1.0,2796.6,2792.099951171875,1.133460061348781,transition,-1961.7916090308258,signal_change,1
GC=F,SCORE,2024-10-30 13:00:00+00:00,2024-10-30 19:00:00+00:00,1.0,2794.49990234375,2799.4,1.0408920820054688,shock,1253.961830495587,signal_change,6
GC=F,SCORE,2024-10-30 20:00:00+00:00,2024-10-30 22:00:00+00:00,1.0,2799.1,2799.00009765625,1.1802204634708329,transition,-419.65771510419586,signal_change,1
GC=F,SCORE,2024-10-31 13:00:00+00:00,2024-10-31 13:00:00+00:00,-1.0,2784.099951171875,2784.3125244140624,1.0685654322850837,shock,-275.62991335208955,stop,1
GC=F,SCORE,2024-10-31 14:00:00+00:00,2024-10-31 14:00:00+00:00,-1.0,2765.599951171875,2764.949914550781,0.7151998109875597,shock,-379.07950171132876,stop,1
GC=F,SCORE,2024-10-31 15:00:00+00:00,2024-10-31 19:00:00+00:00,-1.0,2744.9,2758.699951171875,0.7027360687873118,shock,-2638.1445530825545,stop,5
GC=F,SCORE,2024-10-31 20:00:00+00:00,2024-10-31 23:00:00+00:00,-1.0,2756.50009765625,2756.20009765625,1.0162785920847561,transition,-105.8680590078563,signal_change,2
GC=F,SCORE,2024-11-01 01:00:00+00:00,2024-11-01 02:00:00+00:00,-1.0,2754.50009765625,2759.49990234375,1.0083848578565482,transition,-1981.4531332639615,signal_change,1
GC=F,SCORE,2024-11-01 07:00:00+00:00,2024-11-01 08:00:00+00:00,-1.0,2761.50009765625,2759.400048828125,1.0176431873736715,transition,278.4375867057572,signal_change,1
GC=F,SCORE,2024-11-01 13:00:00+00:00,2024-11-01 15:00:00+00:00,-1.0,2763.79990234375,2757.20009765625,0.9867228105622519,transition,1782.8495954486436,signal_change,2
GC=F,SCORE,2024-11-01 16:00:00+00:00,2024-11-01 17:00:00+00:00,1.0,2754.49990234375,2752.700048828125,0.3846105248966093,shock,-343.17831561568806,signal_change,1
GC=F,SCORE,2024-11-04 15:00:00+00:00,2024-11-04 18:00:00+00:00,-1.0,2752.79990234375,2747.799951171875,0.9591628485645546,transition,1199.7489361642415,signal_change,3
GC=F,SCORE,2024-11-05 03:00:00+00:00,2024-11-05 04:00:00+00:00,-1.0,2737.00009765625,2744.20009765625,1.1594809079983701,transition,-2957.1168132874823,signal_change,1
GC=F,SCORE,2024-11-06 02:00:00+00:00,2024-11-06 03:00:00+00:00,1.0,2755.70009765625,2746.29990234375,0.9241936252427025,shock,-3033.1019314310506,signal_change,1
GC=F,SCORE,2024-11-06 07:00:00+00:00,2024-11-06 07:00:00+00:00,-1.0,2716.00009765625,2736.2417602539062,0.4751717964491017,shock,2908.094881823511,stop,1
GC=F,SCORE,2024-11-06 08:00:00+00:00,2024-11-06 09:00:00+00:00,-1.0,2734.29990234375,2733.400048828125,0.2325741072497287,shock,5.866507519472293,signal_change,1
GC=F,SCORE,2024-11-06 12:00:00+00:00,2024-11-06 20:00:00+00:00,-1.0,2707.50009765625,2675.799951171875,0.572434928833931,transition,5642.492361041472,signal_change,8
GC=F,SCORE,2024-11-06 21:00:00+00:00,2024-11-06 23:00:00+00:00,-1.0,2669.29990234375,2667.799951171875,0.4719340301994511,transition,15.235680033476115,signal_change,1
GC=F,SCORE,2024-11-07 02:00:00+00:00,2024-11-07 03:00:00+00:00,-1.0,2656.4,2664.799951171875,0.46651890469395507,transition,-1379.5132684537957,signal_change,1
GC=F,SCORE,2024-11-07 05:00:00+00:00,2024-11-07 06:00:00+00:00,-1.0,2661.29990234375,2665.99990234375,0.49246477285706564,transition,-1144.5614061455597,signal_change,1
GC=F,SCORE,2024-11-07 09:00:00+00:00,2024-11-07 10:00:00+00:00,-1.0,2664.29990234375,2668.6,0.579477700894297,transition,-965.4439678739545,signal_change,1
GC=F,SCORE,2024-11-07 15:00:00+00:00,2024-11-07 23:00:00+00:00,1.0,2699.299951171875,2713.50009765625,0.26175932140110025,transition,1112.2483793966796,signal_change,7
GC=F,SCORE,2024-11-08 08:00:00+00:00,2024-11-08 10:00:00+00:00,1.0,2694.6,2696.599951171875,0.8316709511568123,transition,266.34840077679763,signal_change,2
GC=F,SCORE,2024-11-08 13:00:00+00:00,2024-11-08 16:00:00+00:00,1.0,2699.20009765625,2694.79990234375,0.8349706189302252,transition,-1456.7649845654921,signal_change,3
GC=F,SCORE,2024-11-08 19:00:00+00:00,2024-11-08 20:00:00+00:00,-1.0,2692.700048828125,2694.799951171875,0.8749371613828856,transition,-877.9038841844607,signal_change,1
GC=F,SCORE,2024-11-11 02:00:00+00:00,2024-11-11 03:00:00+00:00,-1.0,2679.599951171875,2678.799951171875,0.9296040926523165,transition,-61.56849253199377,signal_change,1
GC=F,SCORE,2024-11-11 11:00:00+00:00,2024-11-11 12:00:00+00:00,-1.0,2668.700048828125,2669.400048828125,0.9063487269330887,transition,-383.58165125198906,signal_change,1
GC=F,SCORE,2024-11-11 13:00:00+00:00,2024-11-12 00:00:00+00:00,-1.0,2663.9,2630.400048828125,0.8264846604057463,shock,8892.837982186466,signal_change,10
GC=F,SCORE,2024-11-12 04:00:00+00:00,2024-11-12 05:00:00+00:00,-1.0,2624.79990234375,2623.99990234375,0.8598258879938985,trend,3.5531446323447256,signal_change,1
GC=F,SCORE,2024-11-12 06:00:00+00:00,2024-11-12 07:00:00+00:00,-1.0,2612.599951171875,2614.400048828125,0.8194988354205626,trend,-655.7347523949381,signal_change,1
GC=F,SCORE,2024-11-12 08:00:00+00:00,2024-11-12 11:00:00+00:00,-1.0,2604.700048828125,2603.20009765625,0.7712137460453515,trend,596.6073916388467,signal_change,3
GC=F,SCORE,2024-11-12 13:00:00+00:00,2024-11-12 17:00:00+00:00,-1.0,2611.79990234375,2607.20009765625,0.7491006590765942,shock,894.9595253922026,signal_change,4
GC=F,SCORE,2024-11-12 19:00:00+00:00,2024-11-12 20:00:00+00:00,-1.0,2605.50009765625,2604.70009765625,0.8586934434739917,transition,-52.53787517934464,signal_change,1
GC=F,SCORE,2024-11-13 12:00:00+00:00,2024-11-13 13:00:00+00:00,1.0,2616.900048828125,2615.599951171875,1.0177807930285434,transition,-780.0953088975706,signal_change,1
GC=F,SCORE,2024-11-13 14:00:00+00:00,2024-11-13 15:00:00+00:00,1.0,2618.70009765625,2607.599951171875,0.9760930565497494,transition,-3950.2342982922996,signal_change,1
GC=F,SCORE,2024-11-13 15:00:00+00:00,2024-11-13 16:00:00+00:00,-1.0,2607.599951171875,2611.400048828125,0.9478400281212108,transition,-1454.0567081416125,signal_change,1
GC=F,SCORE,2024-11-13 17:00:00+00:00,2024-11-13 20:00:00+00:00,-1.0,2591.50009765625,2586.900048828125,0.3108698250952693,transition,379.1091383277083,signal_change,3
GC=F,SCORE,2024-11-13 21:00:00+00:00,2024-11-14 00:00:00+00:00,-1.0,2579.4,2575.299951171875,0.8870646833029558,transition,1118.1281426393916,signal_change,2
GC=F,SCORE,2024-11-14 02:00:00+00:00,2024-11-14 05:00:00+00:00,-1.0,2567.29990234375,2569.799951171875,0.81531015540745,trend,-963.8597183597713,signal_change,3
GC=F,SCORE,2024-11-14 06:00:00+00:00,2024-11-14 08:00:00+00:00,-1.0,2563.099951171875,2561.900048828125,0.7924785620613679,trend,60.869853338395075,signal_change,2
GC=F,SCORE,2024-11-14 09:00:00+00:00,2024-11-14 11:00:00+00:00,-1.0,2560.9,2551.99990234375,0.7161507155558351,trend,1926.6030060003843,signal_change,2
GC=F,SCORE,2024-11-14 13:00:00+00:00,2024-11-14 15:00:00+00:00,-1.0,2557.00009765625,2576.283406575521,0.6677940986193629,transition,700.5191321391908,stop,3
GC=F,SCORE,2024-11-14 16:00:00+00:00,2024-11-14 18:00:00+00:00,-1.0,2575.50009765625,2578.400048828125,0.6926860944695677,transition,-864.5336891544521,signal_change,2
GC=F,SCORE,2024-11-15 11:00:00+00:00,2024-11-15 17:00:00+00:00,1.0,2572.6,2566.50009765625,0.8671022552126362,transition,-2081.927761216185,signal_change,6
GC=F,SCORE,2024-11-18 02:00:00+00:00,2024-11-18 03:00:00+00:00,1.0,2591.400048828125,2595.4,0.7974201823118503,transition,810.8069956071228,signal_change,1
GC=F,SCORE,2024-11-18 14:00:00+00:00,2024-11-18 17:00:00+00:00,1.0,2608.6,2615.9,0.7719355641383489,transition,1631.098736217542,signal_change,3
GC=F,SCORE,2024-11-18 18:00:00+00:00,2024-11-18 20:00:00+00:00,1.0,2614.900048828125,2613.9,0.8436773878528225,trend,-559.8055680970249,signal_change,2
GC=F,SCORE,2024-11-18 23:00:00+00:00,2024-11-19 00:00:00+00:00,1.0,2616.400048828125,2616.599951171875,0.8849823913375565,trend,-232.03979434918728,signal_change,1
GC=F,SCORE,2024-11-19 01:00:00+00:00,2024-11-19 05:00:00+00:00,1.0,2617.49990234375,2627.00009765625,0.9440360184403153,trend,2682.0449650174664,signal_change,4
GC=F,SCORE,2024-11-19 07:00:00+00:00,2024-11-19 08:00:00+00:00,1.0,2629.20009765625,2622.599951171875,1.0860876480598476,transition,-2746.349804277955,signal_change,1
GC=F,SCORE,2024-11-19 09:00:00+00:00,2024-11-19 12:00:00+00:00,1.0,2630.299951171875,2633.099951171875,1.065002492411717,trend,639.9589387868731,signal_change,3
GC=F,SCORE,2024-11-19 13:00:00+00:00,2024-11-19 14:00:00+00:00,1.0,2643.400048828125,2630.7917683919272,1.0549811241576625,transition,-4744.391899405513,stop,2
GC=F,SCORE,2024-11-19 15:00:00+00:00,2024-11-19 17:00:00+00:00,1.0,2626.99990234375,2630.00009765625,0.36239237182580203,transition,241.2619353256507,signal_change,2
GC=F,SCORE,2024-11-20 15:00:00+00:00,2024-11-20 20:00:00+00:00,1.0,2646.6,2654.29990234375,1.119152618322852,shock,2465.31553474559,signal_change,5
GC=F,SCORE,2024-11-21 01:00:00+00:00,2024-11-21 02:00:00+00:00,1.0,2661.20009765625,2655.79990234375,1.085558222031522,transition,-2275.8212772594998,signal_change,1
GC=F,SCORE,2024-11-21 08:00:00+00:00,2024-11-21 13:00:00+00:00,1.0,2665.49990234375,2665.700048828125,1.0985065410989852,trend,-287.32246393930416,signal_change,5
GC=F,SCORE,2024-11-21 14:00:00+00:00,2024-11-21 20:00:00+00:00,1.0,2668.20009765625,2672.200048828125,1.0460441848775701,transition,1021.9890092558619,signal_change,6
GC=F,SCORE,2024-11-21 21:00:00+00:00,2024-11-21 23:00:00+00:00,1.0,2674.1,2671.9,1.0724618354269142,transition,-1117.8791694206782,signal_change,1
GC=F,SCORE,2024-11-22 02:00:00+00:00,2024-11-22 05:00:00+00:00,1.0,2679.799951171875,2690.9,1.0790054658551442,transition,3533.7447064733296,signal_change,3
GC=F,SCORE,2024-11-22 08:00:00+00:00,2024-11-22 09:00:00+00:00,1.0,2699.299951171875,2699.700048828125,0.9648304382344987,transition,-190.29195019761272,signal_change,1
GC=F,SCORE,2024-11-22 10:00:00+00:00,2024-11-22 12:00:00+00:00,1.0,2705.900048828125,2700.9,0.9448043602234587,transition,-1831.5922646905117,signal_change,2
GC=F,SCORE,2024-11-22 15:00:00+00:00,2024-11-22 20:00:00+00:00,1.0,2697.20009765625,2710.200048828125,0.8369103761415819,transition,3239.431465057831,signal_change,5
GC=F,SCORE,2024-11-25 04:00:00+00:00,2024-11-25 05:00:00+00:00,-1.0,2673.9,2674.1,0.2049720726540468,shock,-120.76095794703384,signal_change,1
GC=F,SCORE,2024-11-25 13:00:00+00:00,2024-11-25 14:00:00+00:00,-1.0,2682.200048828125,2673.3125549316405,0.5756599656997206,transition,-919.6124887249114,stop,2
GC=F,SCORE,2024-11-25 15:00:00+00:00,2024-11-25 20:00:00+00:00,-1.0,2642.4,2626.99990234375,0.352966015417746,transition,1701.2792717914883,signal_change,5
GC=F,SCORE,2024-11-25 23:00:00+00:00,2024-11-26 00:00:00+00:00,-1.0,2626.099951171875,2610.799951171875,0.4542632767377493,trend,2256.8738531222402,signal_change,1
GC=F,SCORE,2024-11-26 03:00:00+00:00,2024-11-26 04:00:00+00:00,-1.0,2625.4,2630.299951171875,0.49804331664384993,transition,-1046.0389028608229,signal_change,1
GC=F,SCORE,2024-11-26 09:00:00+00:00,2024-11-26 10:00:00+00:00,-1.0,2613.50009765625,2626.6,0.562598854692362,transition,-2580.588552221273,signal_change,1
GC=F,SCORE,2024-11-26 14:00:00+00:00,2024-11-26 16:00:00+00:00,-1.0,2629.79990234375,2630.1,0.5421278292044798,transition,-165.02959917227332,signal_change,2
GC=F,SCORE,2024-11-27 09:00:00+00:00,2024-11-27 09:00:00+00:00,1.0,2678.799951171875,2659.7832234700522,0.49459927618453525,trend,-3228.422069325382,stop,1
GC=F,SCORE,2024-11-27 10:00:00+00:00,2024-11-27 11:00:00+00:00,1.0,2648.1,2648.099951171875,0.6620729917206064,transition,-216.356136070615,signal_change,1
GC=F,SCORE,2024-11-27 13:00:00+00:00,2024-11-27 15:00:00+00:00,1.0,2651.299951171875,2642.5873168945313,0.17288695045987093,transition,-533.2315020225303,stop,3
GC=F,SCORE,2024-11-27 17:00:00+00:00,2024-11-27 18:00:00+00:00,1.0,2664.20009765625,2662.29990234375,0.13538636561130588,transition,-128.11195085834652,signal_change,1
GC=F,SCORE,2024-12-02 14:00:00+00:00,2024-12-02 17:00:00+00:00,1.0,2670.400048828125,2664.29990234375,0.21669838404568043,transition,-501.1540054148855,signal_change,3
GC=F,SCORE,2024-12-03 04:00:00+00:00,2024-12-03 05:00:00+00:00,1.0,2663.20009765625,2662.29990234375,0.273466935677017,transition,-169.4207963490358,signal_change,1
GC=F,SCORE,2024-12-03 07:00:00+00:00,2024-12-03 08:00:00+00:00,1.0,2669.900048828125,2667.099951171875,0.30800225721967295,transition,-380.89050525218863,signal_change,1
GC=F,SCORE,2024-12-03 09:00:00+00:00,2024-12-03 10:00:00+00:00,1.0,2668.20009765625,2666.50009765625,0.32360443285193247,transition,-284.35619690532724,signal_change,1
GC=F,SCORE,2024-12-03 14:00:00+00:00,2024-12-03 15:00:00+00:00,1.0,2675.70009765625,2669.50009765625,0.12601886875302223,range,-294.4185663577758,signal_change,1
GC=F,SCORE,2024-12-04 16:00:00+00:00,2024-12-04 17:00:00+00:00,1.0,2679.799951171875,2674.00009765625,0.14242503682541685,transition,-313.775240067045,signal_change,1
GC=F,SCORE,2024-12-05 14:00:00+00:00,2024-12-05 15:00:00+00:00,1.0,2672.400048828125,2663.50009765625,0.3773553719008265,shock,-1212.6220090926645,signal_change,1
GC=F,SCORE,2024-12-05 18:00:00+00:00,2024-12-05 19:00:00+00:00,-1.0,2650.79990234375,2652.799951171875,0.370130246184593,transition,-313.8975665332793,signal_change,1
GC=F,SCORE,2024-12-06 02:00:00+00:00,2024-12-06 03:00:00+00:00,-1.0,2640.4,2648.1,0.3582275235236382,transition,-974.0041068963967,signal_change,1
GC=F,SCORE,2024-12-06 11:00:00+00:00,2024-12-06 12:00:00+00:00,-1.0,2655.4,2659.900048828125,0.38595932913501496,transition,-690.8385056916678,signal_change,1
GC=F,SCORE,2024-12-06 14:00:00+00:00,2024-12-06 16:00:00+00:00,-1.0,2657.00009765625,2659.6,0.36200301905285115,transition,-399.9142799858505,signal_change,2
GC=F,SCORE,2024-12-09 11:00:00+00:00,2024-12-09 18:00:00+00:00,1.0,2679.49990234375,2687.29990234375,0.29054041515798507,transition,638.5547350488953,signal_change,7
GC=F,SCORE,2024-12-09 19:00:00+00:00,2024-12-09 20:00:00+00:00,1.0,2685.799951171875,2682.79990234375,0.28320540579778003,transition,-365.1141970721771,signal_change,1
GC=F,SCORE,2024-12-10 02:00:00+00:00,2024-12-10 08:00:00+00:00,1.0,2690.299951171875,2686.4,0.2989561152243139,shock,-470.76628908870737,signal_change,6
GC=F,SCORE,2024-12-10 09:00:00+00:00,2024-12-10 19:00:00+00:00,1.0,2685.900048828125,2718.00009765625,0.29686347161995985,transition,2958.268038632938,signal_change,10
GC=F,SCORE,2024-12-10 23:00:00+00:00,2024-12-11 00:00:00+00:00,1.0,2721.299951171875,2723.700048828125,0.37751957526579727,trend,166.32207761195872,signal_change,1
GC=F,SCORE,2024-12-11 01:00:00+00:00,2024-12-11 05:00:00+00:00,1.0,2731.99990234375,2735.79990234375,0.35929046624883226,trend,316.9258217867068,signal_change,4
GC=F,SCORE,2024-12-11 07:00:00+00:00,2024-12-11 08:00:00+00:00,1.0,2731.900048828125,2726.00009765625,0.41326977939112813,transition,-907.51003003857,signal_change,1
GC=F,SCORE,2024-12-11 09:00:00+00:00,2024-12-11 09:00:00+00:00,1.0,2728.1,2693.5916951497397,0.39629966704843855,trend,-4469.758995091828,stop,1
GC=F,SCORE,2024-12-11 10:00:00+00:00,2024-12-11 11:00:00+00:00,1.0,2727.400048828125,2725.50009765625,0.411722372812598,transition,-379.549792830248,signal_change,1
GC=F,SCORE,2024-12-11 14:00:00+00:00,2024-12-11 18:00:00+00:00,1.0,2709.70009765625,2757.099951171875,0.39674949708909224,transition,5834.96173990569,signal_change,4
GC=F,SCORE,2024-12-12 07:00:00+00:00,2024-12-12 08:00:00+00:00,1.0,2751.900048828125,2748.9,0.417147038175207,transition,-529.0894809791359,signal_change,1
GC=F,SCORE,2024-12-12 09:00:00+00:00,2024-12-12 10:00:00+00:00,1.0,2753.799951171875,2748.29990234375,0.4509267324829028,transition,-925.9769373563117,signal_change,1
GC=F,SCORE,2024-12-12 15:00:00+00:00,2024-12-12 17:00:00+00:00,-1.0,2710.700048828125,2707.299951171875,0.1342437797953982,transition,109.95115921608591,signal_change,2
GC=F,SCORE,2024-12-12 19:00:00+00:00,2024-12-12 21:00:00+00:00,-1.0,2708.00009765625,2704.299951171875,0.4465999242601262,transition,441.0618615170412,signal_change,2
GC=F,SCORE,2024-12-13 03:00:00+00:00,2024-12-13 04:00:00+00:00,-1.0,2709.200048828125,2710.400048828125,0.4609346807181101,transition,-296.5974461349053,signal_change,1
GC=F,SCORE,2024-12-13 09:00:00+00:00,2024-12-13 11:00:00+00:00,-1.0,2694.9,2686.799951171875,0.38389694170950595,trend,900.2071522284396,signal_change,2
GC=F,SCORE,2024-12-13 13:00:00+00:00,2024-12-13 16:00:00+00:00,-1.0,2693.599951171875,2679.20009765625,0.3612530613520444,transition,1558.0018086230577,signal_change,3
GC=F,SCORE,2024-12-17 02:00:00+00:00,2024-12-17 03:00:00+00:00,1.0,2675.20009765625,2672.00009765625,0.705017279974233,range,-961.5686441827268,signal_change,1
GC=F,SCORE,2024-12-17 09:00:00+00:00,2024-12-17 11:00:00+00:00,-1.0,2659.29990234375,2653.1,0.5638108193128434,transition,920.3011804991247,signal_change,2
GC=F,SCORE,2024-12-17 14:00:00+00:00,2024-12-17 18:00:00+00:00,-1.0,2649.9,2662.20009765625,0.18114596181478326,transition,-788.262900475317,signal_change,4
GC=F,SCORE,2024-12-18 16:00:00+00:00,2024-12-18 17:00:00+00:00,1.0,2654.900048828125,2651.200048828125,1.347026778958858,transition,-2066.3967808845264,signal_change,1
GC=F,SCORE,2024-12-18 20:00:00+00:00,2024-12-18 20:00:00+00:00,-1.0,2619.29990234375,2621.6999755859374,0.6877491304801221,shock,321.3568230310331,stop,1
GC=F,SCORE,2024-12-18 21:00:00+00:00,2024-12-19 00:00:00+00:00,-1.0,2606.9,2601.799951171875,0.6510628258302893,trend,1018.1364309422801,signal_change,2
GC=F,SCORE,2024-12-19 02:00:00+00:00,2024-12-19 03:00:00+00:00,-1.0,2624.00009765625,2624.6,0.7807736003669978,transition,-460.8126140142688,signal_change,1
GC=F,SCORE,2024-12-19 08:00:00+00:00,2024-12-19 09:00:00+00:00,-1.0,2629.9,2632.900048828125,0.7176817436117006,transition,-848.3472416147441,signal_change,1
GC=F,SCORE,2024-12-19 11:00:00+00:00,2024-12-19 12:00:00+00:00,-1.0,2633.200048828125,2630.900048828125,0.7034479472204573,transition,302.82386689016374,signal_change,1
GC=F,SCORE,2024-12-19 13:00:00+00:00,2024-12-19 17:00:00+00:00,-1.0,2620.50009765625,2606.6,0.6508725537748428,transition,2779.3960259998744,signal_change,4
GC=F,SCORE,2024-12-19 20:00:00+00:00,2024-12-19 21:00:00+00:00,-1.0,2611.4,2612.400048828125,0.7108283711815051,shock,-421.6028473290289,signal_change,1
GC=F,SCORE,2024-12-20 15:00:00+00:00,2024-12-20 20:00:00+00:00,1.0,2634.20009765625,2647.700048828125,0.9673313426101824,shock,3987.220543231816,signal_change,5
GC=F,SCORE,2024-12-23 07:00:00+00:00,2024-12-23 08:00:00+00:00,1.0,2645.400048828125,2643.79990234375,1.020806603395646,transition,-872.7094488321835,signal_change,1
GC=F,SCORE,2024-12-23 16:00:00+00:00,2024-12-23 17:00:00+00:00,-1.0,2624.50009765625,2632.20009765625,1.1082086276579157,shock,-3048.024490621422,signal_change,1
GC=F,SCORE,2024-12-24 15:30:00+00:00,2024-12-24 16:30:00+00:00,-1.0,2624.9,2626.6,1.302451585306307,transition,-1157.4302858568828,signal_change,1
GC=F,SCORE,2024-12-26 14:00:00+00:00,2024-12-26 17:00:00+00:00,1.0,2638.99990234375,2648.79990234375,0.5088848335393923,transition,1472.7394666779558,signal_change,3
GC=F,SCORE,2024-12-26 18:00:00+00:00,2024-12-26 20:00:00+00:00,1.0,2647.1,2653.200048828125,1.302859471803058,transition,2181.4624528419886,signal_change,2
GC=F,SCORE,2024-12-27 03:00:00+00:00,2024-12-27 05:00:00+00:00,1.0,2651.20009765625,2650.200048828125,1.3579300618889998,transition,-889.8268827997059,signal_change,2
GC=F,SCORE,2024-12-27 14:00:00+00:00,2024-12-27 17:00:00+00:00,-1.0,2633.4,2633.70009765625,0.45265236445719836,transition,-164.23884447353834,signal_change,3
GC=F,SCORE,2024-12-30 09:00:00+00:00,2024-12-30 12:00:00+00:00,-1.0,2623.50009765625,2629.49990234375,1.1649031377307792,transition,-2698.5767082007214,signal_change,3
GC=F,SCORE,2024-12-30 14:00:00+00:00,2024-12-30 18:00:00+00:00,-1.0,2618.00009765625,2618.799951171875,0.3511668336813671,shock,-119.89729025982665,signal_change,4
GC=F,SCORE,2024-12-31 15:00:00+00:00,2024-12-31 20:00:00+00:00,1.0,2626.799951171875,2637.700048828125,0.40206119099635645,transition,1315.9307309256533,signal_change,5
GC=F,SCORE,2025-01-02 05:00:00+00:00,2025-01-02 10:00:00+00:00,1.0,2645.900048828125,2648.79990234375,1.232610564784557,transition,770.5266466620508,signal_change,5
GC=F,SCORE,2025-01-02 11:00:00+00:00,2025-01-02 20:00:00+00:00,1.0,2654.900048828125,2668.200048828125,1.09468412627566,trend,4406.893149006064,signal_change,9
GC=F,SCORE,2025-01-02 21:00:00+00:00,2025-01-02 23:00:00+00:00,1.0,2672.799951171875,2671.00009765625,0.97607967741264,trend,-893.3620570939742,signal_change,1
GC=F,SCORE,2025-01-03 01:00:00+00:00,2025-01-03 05:00:00+00:00,1.0,2674.799951171875,2677.79990234375,0.3693801474485616,shock,240.6792265539858,signal_change,4
GC=F,SCORE,2025-01-03 07:00:00+00:00,2025-01-03 08:00:00+00:00,1.0,2674.799951171875,2669.50009765625,1.0105772826833679,transition,-2077.3511295424355,signal_change,1
GC=F,SCORE,2025-01-03 11:00:00+00:00,2025-01-03 12:00:00+00:00,1.0,2672.1,2672.00009765625,1.09214045754808,transition,-391.92605532457264,signal_change,1
GC=F,SCORE,2025-01-03 14:00:00+00:00,2025-01-03 15:00:00+00:00,1.0,2664.1,2661.50009765625,1.0710254554505056,transition,-1258.7899371626866,signal_change,1
GC=F,SCORE,2025-01-03 17:00:00+00:00,2025-01-03 18:00:00+00:00,-1.0,2653.200048828125,2655.49990234375,1.1741324294565945,transition,-1267.0094878628106,signal_change,1
GC=F,SCORE,2025-01-06 05:00:00+00:00,2025-01-06 06:00:00+00:00,-1.0,2646.599951171875,2645.400048828125,1.1652846510694133,trend,231.4249216761287,signal_change,1
GC=F,SCORE,2025-01-06 08:00:00+00:00,2025-01-06 09:00:00+00:00,-1.0,2638.50009765625,2643.6,1.1170141257702466,transition,-2237.425153251858,signal_change,1
GC=F,SCORE,2025-01-06 10:00:00+00:00,2025-01-06 11:00:00+00:00,-1.0,2644.79990234375,2645.70009765625,1.133914306640625,transition,-776.7739811383914,signal_change,1
GC=F,SCORE,2025-01-06 12:00:00+00:00,2025-01-06 13:00:00+00:00,-1.0,2659.29990234375,2653.975061035156,0.35351520118003765,shock,-451.35827825751295,stop,2
GC=F,SCORE,2025-01-06 14:00:00+00:00,2025-01-06 15:00:00+00:00,-1.0,2634.4,2648.9375854492187,0.28626728690252246,shock,-382.8881035910438,stop,2
GC=F,SCORE,2025-01-06 16:00:00+00:00,2025-01-06 17:00:00+00:00,-1.0,2645.200048828125,2652.6,0.2804443104497428,transition,-695.6649484739553,signal_change,1
GC=F,SCORE,2025-01-07 14:00:00+00:00,2025-01-07 15:00:00+00:00,1.0,2676.49990234375,2663.5665486653647,0.3644312404385013,shock,-1639.2492154854606,stop,2
GC=F,SCORE,2025-01-07 16:00:00+00:00,2025-01-07 20:00:00+00:00,1.0,2661.20009765625,2663.700048828125,0.3757014464874997,transition,183.01569796623176,signal_change,4
GC=F,SCORE,2025-01-08 14:00:00+00:00,2025-01-08 15:00:00+00:00,1.0,2674.799951171875,2677.00009765625,1.1631583450748422,shock,448.6072514758766,signal_change,1
GC=F,SCORE,2025-01-08 16:00:00+00:00,2025-01-08 17:00:00+00:00,1.0,2681.400048828125,2670.8625244140626,0.43967486242093484,shock,-1629.9169439187424,stop,2
GC=F,SCORE,2025-01-09 12:00:00+00:00,2025-01-09 14:00:00+00:00,1.0,2687.400048828125,2691.200048828125,0.9963503524308693,transition,891.16966636528,signal_change,2
GC=F,SCORE,2025-01-09 15:00:00+00:00,2025-01-09 16:00:00+00:00,1.0,2691.900048828125,2687.4,1.0264172524130473,transition,-1808.9484964947108,signal_change,1
GC=F,SCORE,2025-01-09 19:00:00+00:00,2025-01-09 20:00:00+00:00,1.0,2692.400048828125,2691.200048828125,0.4227182114331835,shock,-298.01583330511147,signal_change,1
GC=F,SCORE,2025-01-10 06:00:00+00:00,2025-01-10 10:00:00+00:00,1.0,2699.70009765625,2704.00009765625,1.3301378121100813,transition,1391.2850499492897,signal_change,4
GC=F,SCORE,2025-01-10 11:00:00+00:00,2025-01-10 12:00:00+00:00,1.0,2709.1,2708.599951171875,1.3075000196412718,transition,-628.439488756404,signal_change,1
GC=F,SCORE,2025-01-10 13:00:00+00:00,2025-01-10 13:00:00+00:00,1.0,2704.99990234375,2696.3500427246095,1.1399155766110627,shock,-3502.025407185628,stop,1
GC=F,SCORE,2025-01-10 14:00:00+00:00,2025-01-10 14:00:00+00:00,1.0,2713.1,2714.949987792969,0.3583418731509724,shock,94.60937148357601,stop,1
GC=F,SCORE,2025-01-10 15:00:00+00:00,2025-01-10 20:00:00+00:00,1.0,2723.1,2716.200048828125,0.33746358873636717,transition,-839.5573013456674,signal_change,5
GC=F,SCORE,2025-01-13 13:00:00+00:00,2025-01-13 15:00:00+00:00,-1.0,2691.700048828125,2690.20009765625,0.6811737717217229,transition,149.76139759868062,signal_change,2
GC=F,SCORE,2025-01-13 16:00:00+00:00,2025-01-13 18:00:00+00:00,-1.0,2681.00009765625,2682.20009765625,0.8167015197462918,transition,-574.6615951001093,signal_change,2
GC=F,SCORE,2025-01-13 19:00:00+00:00,2025-01-13 20:00:00+00:00,-1.0,2678.599951171875,2677.49990234375,0.9137893777879,shock,86.4501022166356,signal_change,1
GC=F,SCORE,2025-01-14 14:00:00+00:00,2025-01-14 15:00:00+00:00,-1.0,2675.00009765625,2678.49990234375,1.093885887223431,transition,-1365.2952644080035,signal_change,1
GC=F,SCORE,2025-01-14 19:00:00+00:00,2025-01-14 20:00:00+00:00,1.0,2685.900048828125,2687.700048828125,0.41934442848281045,transition,105.92136384900274,signal_change,1
GC=F,SCORE,2025-01-14 21:00:00+00:00,2025-01-15 00:00:00+00:00,1.0,2689.99990234375,2691.79990234375,1.1890053840225494,transition,299.1504110372073,signal_change,2
GC=F,SCORE,2025-01-15 09:00:00+00:00,2025-01-15 12:00:00+00:00,1.0,2702.299951171875,2707.9,1.2034243768525335,transition,1745.839332979946,signal_change,3
GC=F,SCORE,2025-01-15 14:00:00+00:00,2025-01-15 14:00:00+00:00,1.0,2716.6,2704.433349609375,0.39219874051593323,shock,-1629.8975526161466,stop,1
GC=F,SCORE,2025-01-15 15:00:00+00:00,2025-01-15 16:00:00+00:00,1.0,2704.299951171875,2699.9,0.38993077236939533,shock,-666.9275039264289,signal_change,1
GC=F,SCORE,2025-01-15 17:00:00+00:00,2025-01-15 18:00:00+00:00,1.0,2712.20009765625,2715.79990234375,0.37745832720692196,transition,307.40888191821637,signal_change,1
GC=F,SCORE,2025-01-16 10:00:00+00:00,2025-01-16 11:00:00+00:00,1.0,2736.400048828125,2738.00009765625,1.077204794433923,transition,194.65569352985557,signal_change,1
GC=F,SCORE,2025-01-16 14:00:00+00:00,2025-01-16 20:00:00+00:00,1.0,2744.20009765625,2747.9,1.0137679748026394,transition,844.7143845992708,signal_change,6
GC=F,SCORE,2025-01-16 23:00:00+00:00,2025-01-17 00:00:00+00:00,1.0,2746.900048828125,2744.79990234375,1.1541759053954177,transition,-1122.7612858977668,signal_change,1
GC=F,SCORE,2025-01-17 19:00:00+00:00,2025-01-17 20:00:00+00:00,-1.0,2744.4,2742.299951171875,0.44776015764713917,transition,233.7163583248024,signal_change,1
GC=F,SCORE,2025-01-21 15:00:00+00:00,2025-01-21 16:00:00+00:00,1.0,2753.900048828125,2753.00009765625,0.9598183641710418,transition,-573.635225788948,signal_change,1
GC=F,SCORE,2025-01-22 01:00:00+00:00,2025-01-22 02:00:00+00:00,1.0,2762.99990234375,2762.599951171875,1.011974685770583,transition,-446.90160172833555,signal_change,1
GC=F,SCORE,2025-01-22 04:00:00+00:00,2025-01-22 05:00:00+00:00,1.0,2766.400048828125,2768.200048828125,1.0412491370931327,transition,247.2711781337605,signal_change,1
GC=F,SCORE,2025-01-22 06:00:00+00:00,2025-01-22 07:00:00+00:00,1.0,2771.900048828125,2762.700048828125,0.9926184186481687,transition,-3127.6166925888506,signal_change,1
GC=F,SCORE,2025-01-22 09:00:00+00:00,2025-01-22 12:00:00+00:00,1.0,2766.900048828125,2768.29990234375,1.0193709547046674,transition,115.76144989541092,signal_change,3
GC=F,SCORE,2025-01-22 13:00:00+00:00,2025-01-22 18:00:00+00:00,1.0,2770.1,2768.200048828125,1.0113736813542185,transition,-910.3439330098303,signal_change,5
GC=F,SCORE,2025-01-22 19:00:00+00:00,2025-01-22 20:00:00+00:00,1.0,2769.6,2766.79990234375,1.1371251891674958,transition,-1336.4964426312797,signal_change,1
GC=F,SCORE,2025-01-23 10:00:00+00:00,2025-01-23 11:00:00+00:00,-1.0,2753.200048828125,2757.900048828125,1.2525570942505624,transition,-2055.5475292257156,signal_change,1
GC=F,SCORE,2025-01-23 12:00:00+00:00,2025-01-23 16:00:00+00:00,-1.0,2758.599951171875,2758.249932861328,1.1844669165294757,transition,4449.1351294270335,stop,5
GC=F,SCORE,2025-01-23 17:00:00+00:00,2025-01-23 18:00:00+00:00,-1.0,2760.599951171875,2765.299951171875,1.1473475383264673,transition,-1884.1492438283353,signal_change,1
GC=F,SCORE,2025-01-23 20:00:00+00:00,2025-01-23 21:00:00+00:00,-1.0,2762.9,2761.99990234375,1.146063122278521,transition,-45.53381822766326,signal_change,1
GC=F,SCORE,2025-01-24 03:00:00+00:00,2025-01-24 04:00:00+00:00,1.0,2781.299951171875,2779.9,1.063254411352815,transition,-790.010471382183,signal_change,1
GC=F,SCORE,2025-01-24 13:00:00+00:00,2025-01-24 18:00:00+00:00,1.0,2785.99990234375,2779.200048828125,1.0703398323472941,trend,-2552.913275342249,signal_change,5
GC=F,SCORE,2025-01-24 19:00:00+00:00,2025-01-24 20:00:00+00:00,1.0,2780.49990234375,2781.9,1.128606739903763,transition,125.46930169966032,signal_change,1
GC=F,SCORE,2025-01-27 08:00:00+00:00,2025-01-27 09:00:00+00:00,-1.0,2753.79990234375,2761.6,0.9409233567585328,transition,-2550.114447019838,signal_change,1
GC=F,SCORE,2025-01-27 13:00:00+00:00,2025-01-27 20:00:00+00:00,-1.0,2766.29990234375,2741.799951171875,0.2987498443460837,transition,2163.1624870802552,signal_change,7
GC=F,SCORE,2025-01-28 16:00:00+00:00,2025-01-29 00:00:00+00:00,1.0,2759.99990234375,2769.700048828125,1.2708849046339863,transition,3375.0259163450937,signal_change,7
GC=F,SCORE,2025-01-29 09:00:00+00:00,2025-01-29 10:00:00+00:00,1.0,2772.900048828125,2770.4,1.6458455625521216,transition,-1778.7001610681884,signal_change,1
GC=F,SCORE,2025-01-29 13:00:00+00:00,2025-01-29 17:00:00+00:00,1.0,2769.6,2770.599951171875,1.576496539211852,transition,-17.489264535156565,signal_change,4
GC=F,SCORE,2025-01-30 09:00:00+00:00,2025-01-30 09:00:00+00:00,1.0,2813.400048828125,2798.3083292643228,0.6564023759860925,shock,-3188.657277296349,stop,1
GC=F,SCORE,2025-01-30 10:00:00+00:00,2025-01-30 10:00:00+00:00,1.0,2811.70009765625,2794.5167032877603,0.28624434816472405,shock,-1565.857154359965,stop,1
GC=F,SCORE,2025-01-30 12:00:00+00:00,2025-01-30 12:00:00+00:00,1.0,2817.400048828125,2796.5250040690103,0.23760357543321894,transition,-1557.1082562687307,stop,1
GC=F,SCORE,2025-01-30 14:00:00+00:00,2025-01-30 14:00:00+00:00,1.0,2830.1,2804.7083129882812,0.5603421988083372,transition,-4401.13109834353,stop,1
GC=F,SCORE,2025-01-30 15:00:00+00:00,2025-01-30 20:00:00+00:00,1.0,2834.400048828125,2844.50009765625,0.5067276993844388,trend,1355.8704975743526,signal_change,5
GC=F,SCORE,2025-01-30 21:00:00+00:00,2025-01-30 23:00:00+00:00,1.0,2847.299951171875,2851.79990234375,0.36854183964121895,trend,373.58613003300877,signal_change,1
GC=F,SCORE,2025-01-31 11:00:00+00:00,2025-01-31 17:00:00+00:00,1.0,2844.299951171875,2849.700048828125,0.08670202251015331,shock,111.34288222294495,signal_change,6
GC=F,SCORE,2025-01-31 18:00:00+00:00,2025-01-31 19:00:00+00:00,1.0,2843.20009765625,2834.099951171875,0.0869132516512825,transition,-260.1567670780054,signal_change,1
GC=F,SCORE,2025-02-03 00:00:00+00:00,2025-02-03 01:00:00+00:00,-1.0,2834.200048828125,2834.299951171875,0.23615041849026167,transition,-66.33693681572197,signal_change,1
GC=F,SCORE,2025-02-03 03:00:00+00:00,2025-02-03 04:00:00+00:00,-1.0,2811.50009765625,2808.400048828125,0.22720053858397848,transition,166.3411950584572,signal_change,1
GC=F,SCORE,2025-02-04 04:00:00+00:00,2025-02-04 07:00:00+00:00,1.0,2851.900048828125,2843.099951171875,0.2757022796838883,transition,-798.8981984085079,signal_change,3
GC=F,SCORE,2025-02-04 09:00:00+00:00,2025-02-04 10:00:00+00:00,1.0,2842.799951171875,2847.200048828125,0.26870731711999873,transition,264.88991807367694,signal_change,1
GC=F,SCORE,2025-02-04 14:00:00+00:00,2025-02-04 19:00:00+00:00,1.0,2859.6,2873.700048828125,0.2562865315847006,transition,978.6864250763175,signal_change,5
GC=F,SCORE,2025-02-05 03:00:00+00:00,2025-02-05 04:00:00+00:00,1.0,2881.400048828125,2882.50009765625,0.4052246515507038,transition,4.19109493799953,signal_change,1
GC=F,SCORE,2025-02-05 06:00:00+00:00,2025-02-05 07:00:00+00:00,1.0,2887.1,2885.700048828125,0.4818866014266553,transition,-345.0965133759204,signal_change,1
GC=F,SCORE,2025-02-05 08:00:00+00:00,2025-02-05 18:00:00+00:00,1.0,2890.400048828125,2894.4,0.5150992278176832,trend,442.6875280418933,signal_change,10
GC=F,SCORE,2025-02-06 14:00:00+00:00,2025-02-06 18:00:00+00:00,-1.0,2879.099951171875,2877.6,0.29915235469182355,shock,46.24637932197811,signal_change,4
GC=F,SCORE,2025-02-07 15:00:00+00:00,2025-02-07 16:00:00+00:00,1.0,2900.400048828125,2888.587713623047,0.9856598864907411,shock,-3671.0329564818294,stop,2
GC=F,SCORE,2025-02-07 18:00:00+00:00,2025-02-07 19:00:00+00:00,1.0,2884.6,2884.599951171875,0.9599371162861237,transition,-296.00989797120434,signal_change,1
GC=F,SCORE,2025-02-10 07:00:00+00:00,2025-02-10 13:00:00+00:00,1.0,2913.900048828125,2928.79990234375,0.8316290355099384,transition,3291.6070507632708,signal_change,6
GC=F,SCORE,2025-02-10 14:00:00+00:00,2025-02-11 02:00:00+00:00,1.0,2927.799951171875,2942.11240234375,0.8068487774517847,transition,3057.649674798291,stop,12
GC=F,SCORE,2025-02-11 03:00:00+00:00,2025-02-11 04:00:00+00:00,1.0,2945.70009765625,2944.599951171875,0.28274535330509776,transition,-176.28298743120968,signal_change,1
GC=F,SCORE,2025-02-11 13:00:00+00:00,2025-02-11 14:00:00+00:00,-1.0,2916.50009765625,2923.900048828125,0.6981289115401729,shock,-1745.449707993018,signal_change,1
GC=F,SCORE,2025-02-11 15:00:00+00:00,2025-02-11 16:00:00+00:00,-1.0,2922.200048828125,2932.900048828125,0.6933088808214197,range,-2264.4319964712017,signal_change,1
GC=F,SCORE,2025-02-13 03:00:00+00:00,2025-02-13 05:00:00+00:00,1.0,2936.900048828125,2946.700048828125,0.840685987991666,transition,2087.645683986053,signal_change,2
GC=F,SCORE,2025-02-13 11:00:00+00:00,2025-02-13 17:00:00+00:00,1.0,2944.799951171875,2941.50009765625,0.867630142601342,transition,-1081.9123233597888,signal_change,6
GC=F,SCORE,2025-02-13 19:00:00+00:00,2025-02-13 23:00:00+00:00,1.0,2951.99990234375,2957.200048828125,1.0081315780342408,transition,1176.8065760846484,signal_change,3
GC=F,SCORE,2025-02-14 14:00:00+00:00,2025-02-14 15:00:00+00:00,-1.0,2940.200048828125,2939.299951171875,0.359866318747491,transition,63.48123786925097,signal_change,1
GC=F,SCORE,2025-02-14 16:00:00+00:00,2025-02-14 21:00:00+00:00,-1.0,2916.50009765625,2896.49990234375,0.6016363125439075,shock,3286.3567316063563,signal_change,5
GC=F,SCORE,2025-02-16 23:00:00+00:00,2025-02-17 02:00:00+00:00,-1.0,2895.00009765625,2907.20009765625,0.784912298136646,trend,-2985.711292093201,signal_change,3
GC=F,SCORE,2025-02-18 06:00:00+00:00,2025-02-18 07:00:00+00:00,-1.0,2924.099951171875,2926.400048828125,0.7045433526464601,transition,-602.0115049524602,signal_change,1
GC=F,SCORE,2025-02-18 17:00:00+00:00,2025-02-18 21:00:00+00:00,1.0,2950.99990234375,2951.099951171875,0.8881995805628102,transition,-248.61450353218234,signal_change,4
GC=F,SCORE,2025-02-18 23:00:00+00:00,2025-02-19 00:00:00+00:00,1.0,2954.20009765625,2953.29990234375,0.9667126445967275,trend,-544.9596877785804,signal_change,1
GC=F,SCORE,2025-02-19 02:00:00+00:00,2025-02-19 02:00:00+00:00,1.0,2957.6,2942.7916870117188,1.0020863885534543,transition,-4512.415433500044,stop,1
GC=F,SCORE,2025-02-19 03:00:00+00:00,2025-02-19 05:00:00+00:00,1.0,2947.900048828125,2945.9,1.0056339131340486,transition,-876.7258842753112,signal_change,2
GC=F,SCORE,2025-02-19 06:00:00+00:00,2025-02-19 07:00:00+00:00,1.0,2949.799951171875,2948.200048828125,1.1035804133179203,transition,-836.0826031907418,signal_change,1
GC=F,SCORE,2025-02-19 08:00:00+00:00,2025-02-19 11:00:00+00:00,1.0,2951.799951171875,2962.00009765625,1.0920450096964776,transition,2803.740256512084,signal_change,3
GC=F,SCORE,2025-02-19 14:00:00+00:00,2025-02-19 16:00:00+00:00,1.0,2953.400048828125,2941.50009765625,0.9965941060386069,transition,-3655.8461800357054,signal_change,2
GC=F,SCORE,2025-02-20 09:00:00+00:00,2025-02-20 10:00:00+00:00,1.0,2972.1,2969.29990234375,1.0071499726047815,transition,-1095.4824286693424,signal_change,1
GC=F,SCORE,2025-02-20 13:00:00+00:00,2025-02-20 14:00:00+00:00,1.0,2962.799951171875,2950.79990234375,0.9387530647169846,range,-3440.316587692473,signal_change,1
GC=F,SCORE,2025-02-20 17:00:00+00:00,2025-02-20 18:00:00+00:00,1.0,2958.799951171875,2956.50009765625,0.9501725341890737,transition,-898.7360915866353,signal_change,1
GC=F,SCORE,2025-02-20 19:00:00+00:00,2025-02-20 20:00:00+00:00,1.0,2957.6,2954.099951171875,0.9712174872745029,transition,-1243.1323597780276,signal_change,1
GC=F,SCORE,2025-02-21 09:00:00+00:00,2025-02-21 10:00:00+00:00,-1.0,2936.79990234375,2943.49990234375,0.7835149154550782,transition,-1666.637331678373,signal_change,1
GC=F,SCORE,2025-02-21 12:00:00+00:00,2025-02-21 14:00:00+00:00,-1.0,2941.700048828125,2945.20009765625,0.7777019805396898,transition,-952.4474083699524,signal_change,2
GC=F,SCORE,2025-02-24 09:00:00+00:00,2025-02-24 10:00:00+00:00,1.0,2961.20009765625,2958.79990234375,0.8642780646963385,transition,-836.3582173300807,signal_change,1
GC=F,SCORE,2025-02-24 12:00:00+00:00,2025-02-24 13:00:00+00:00,1.0,2962.299951171875,2961.79990234375,0.8390405162248179,transition,-369.28662845665826,signal_change,1
GC=F,SCORE,2025-02-24 14:00:00+00:00,2025-02-24 14:00:00+00:00,1.0,2972.70009765625,2953.508504231771,0.7734817719711421,shock,-4329.282216190701,stop,1
GC=F,SCORE,2025-02-25 13:00:00+00:00,2025-02-25 14:00:00+00:00,-1.0,2942.099951171875,2950.99990234375,0.8946363169815789,transition,-2377.4632864745786,signal_change,1
GC=F,SCORE,2025-02-25 15:00:00+00:00,2025-02-25 15:00:00+00:00,-1.0,2946.200048828125,2937.749871826172,0.8120061148574049,shock,-2137.878679207532,stop,1
GC=F,SCORE,2025-02-25 16:00:00+00:00,2025-02-25 18:00:00+00:00,-1.0,2918.00009765625,2925.4749389648437,0.5381192011099281,shock,79.28604077411865,stop,3
GC=F,SCORE,2025-02-25 19:00:00+00:00,2025-02-25 20:00:00+00:00,-1.0,2922.00009765625,2924.1,0.728648998847222,transition,-723.6638191148635,signal_change,1
GC=F,SCORE,2025-02-26 02:00:00+00:00,2025-02-26 03:00:00+00:00,-1.0,2930.79990234375,2934.49990234375,0.7017553255670032,transition,-927.7717449483957,signal_change,1
GC=F,SCORE,2025-02-26 07:00:00+00:00,2025-02-26 08:00:00+00:00,-1.0,2919.4,2927.400048828125,0.6802182897828544,transition,-1637.0488034853793,signal_change,1
GC=F,SCORE,2025-02-26 14:00:00+00:00,2025-02-26 16:00:00+00:00,-1.0,2919.200048828125,2928.1,0.7110250839854507,transition,-1890.8378422444255,signal_change,2
GC=F,SCORE,2025-02-26 18:00:00+00:00,2025-02-26 19:00:00+00:00,1.0,2928.6,2929.29990234375,0.32531700477565767,shock,-33.924281360939915,signal_change,1
GC=F,SCORE,2025-02-27 06:00:00+00:00,2025-02-27 07:00:00+00:00,-1.0,2903.700048828125,2906.299951171875,0.9365093912872455,transition,-954.5530709168536,signal_change,1
GC=F,SCORE,2025-02-27 09:00:00+00:00,2025-02-27 11:00:00+00:00,-1.0,2892.50009765625,2906.20009765625,0.8938071699958621,transition,-3568.0110662392854,signal_change,2
GC=F,SCORE,2025-02-27 12:00:00+00:00,2025-02-27 13:00:00+00:00,-1.0,2896.00009765625,2897.799951171875,0.8416279223664433,transition,-761.5172860565791,signal_change,1
GC=F,SCORE,2025-02-27 14:00:00+00:00,2025-02-27 17:00:00+00:00,-1.0,2902.00009765625,2890.900048828125,0.7596686408035445,transition,2214.2573104781336,signal_change,3
GC=F,SCORE,2025-02-27 20:00:00+00:00,2025-02-27 23:00:00+00:00,-1.0,2890.50009765625,2889.1,0.770573755077683,transition,625.7658628633765,signal_change,2
GC=F,SCORE,2025-02-28 02:00:00+00:00,2025-02-28 03:00:00+00:00,-1.0,2886.599951171875,2884.900048828125,0.7358945251962627,transition,211.89108728532366,signal_change,1
GC=F,SCORE,2025-02-28 04:00:00+00:00,2025-02-28 05:00:00+00:00,-1.0,2877.599951171875,2874.1,0.7102685751675768,transition,-32.8096614776876,signal_change,1
GC=F,SCORE,2025-02-28 08:00:00+00:00,2025-02-28 09:00:00+00:00,-1.0,2870.099951171875,2868.20009765625,0.7319960995588639,transition,171.9918209874205,signal_change,1
GC=F,SCORE,2025-02-28 14:00:00+00:00,2025-02-28 20:00:00+00:00,-1.0,2860.50009765625,2859.299951171875,0.7540132191639074,shock,42.06437859894908,signal_change,6
GC=F,SCORE,2025-03-03 15:00:00+00:00,2025-03-03 20:00:00+00:00,1.0,2888.49990234375,2891.200048828125,0.809721420290514,transition,369.616334946518,signal_change,5
GC=F,SCORE,2025-03-03 21:00:00+00:00,2025-03-03 23:00:00+00:00,1.0,2901.49990234375,2904.099951171875,0.8361117046700594,transition,354.56230389625347,signal_change,1
GC=F,SCORE,2025-03-04 02:00:00+00:00,2025-03-04 03:00:00+00:00,1.0,2899.49990234375,2895.4,0.9192381262400793,transition,-1319.198707196021,signal_change,1
GC=F,SCORE,2025-03-04 08:00:00+00:00,2025-03-04 11:00:00+00:00,1.0,2909.299951171875,2924.29990234375,0.8219316084501438,transition,3162.002857585267,signal_change,3
GC=F,SCORE,2025-03-04 12:00:00+00:00,2025-03-04 15:00:00+00:00,1.0,2931.299951171875,2913.79990234375,0.8138133766961628,transition,-4160.421150776017,signal_change,3
GC=F,SCORE,2025-03-04 16:00:00+00:00,2025-03-04 17:00:00+00:00,1.0,2916.400048828125,2926.099951171875,0.7656891430031622,transition,1817.360055214187,signal_change,1
GC=F,SCORE,2025-03-05 14:00:00+00:00,2025-03-05 15:00:00+00:00,-1.0,2909.9,2921.799951171875,0.7645598931022183,transition,-2783.7744686625647,signal_change,1
GC=F,SCORE,2025-03-05 16:00:00+00:00,2025-03-05 18:00:00+00:00,1.0,2927.70009765625,2925.50009765625,0.761998376626808,transition,-683.2125678073365,signal_change,2
GC=F,SCORE,2025-03-06 09:00:00+00:00,2025-03-06 11:00:00+00:00,-1.0,2912.4,2907.20009765625,0.7461308399478859,transition,879.4865831487385,signal_change,2
GC=F,SCORE,2025-03-06 15:00:00+00:00,2025-03-06 16:00:00+00:00,1.0,2923.900048828125,2923.00009765625,0.7794150377930509,range,-422.60748676860237,signal_change,1
GC=F,SCORE,2025-03-07 09:00:00+00:00,2025-03-07 10:00:00+00:00,1.0,2930.299951171875,2928.9,0.9073082454307237,transition,-615.1627257804308,signal_change,1
GC=F,SCORE,2025-03-07 14:00:00+00:00,2025-03-07 14:00:00+00:00,1.0,2920.49990234375,2912.0373596191407,0.30496186894708044,shock,-797.7735995139053,stop,1
GC=F,SCORE,2025-03-07 15:00:00+00:00,2025-03-07 15:00:00+00:00,1.0,2934.900048828125,2917.2666829427085,0.2918136168484567,shock,-1488.8326998595346,stop,1
GC=F,SCORE,2025-03-07 18:00:00+00:00,2025-03-07 19:00:00+00:00,-1.0,2916.200048828125,2915.6,0.8417621142269031,transition,28.816968129601847,signal_change,1
GC=F,SCORE,2025-03-10 09:00:00+00:00,2025-03-10 10:00:00+00:00,-1.0,2904.29990234375,2918.20009765625,0.7844365397615032,transition,-3185.799469926239,signal_change,1
GC=F,SCORE,2025-03-10 11:00:00+00:00,2025-03-10 12:00:00+00:00,-1.0,2909.79990234375,2910.49990234375,0.7459909414300776,transition,-402.3808124501298,signal_change,1
GC=F,SCORE,2025-03-10 14:00:00+00:00,2025-03-10 15:00:00+00:00,-1.0,2909.9,2915.299951171875,0.8246135004069023,transition,-1323.135790595957,signal_change,1
GC=F,SCORE,2025-03-10 17:00:00+00:00,2025-03-10 19:00:00+00:00,-1.0,2901.599951171875,2890.799951171875,0.8354668011383072,shock,2178.76545709351,signal_change,2
GC=F,SCORE,2025-03-11 14:00:00+00:00,2025-03-11 15:00:00+00:00,1.0,2923.99990234375,2920.599951171875,0.8757460047876663,transition,-1067.0799599628672,signal_change,1
GC=F,SCORE,2025-03-11 18:00:00+00:00,2025-03-11 20:00:00+00:00,1.0,2923.900048828125,2925.29990234375,1.0082470043496563,shock,88.35294574522771,signal_change,2
GC=F,SCORE,2025-03-12 09:00:00+00:00,2025-03-12 10:00:00+00:00,1.0,2927.799951171875,2920.79990234375,1.1817586108120388,transition,-2591.297830990747,signal_change,1
GC=F,SCORE,2025-03-12 13:00:00+00:00,2025-03-12 14:00:00+00:00,1.0,2923.49990234375,2920.79990234375,1.0752195553025934,transition,-1100.4516213335573,signal_change,1
GC=F,SCORE,2025-03-12 15:00:00+00:00,2025-03-12 18:00:00+00:00,1.0,2929.1,2943.700048828125,1.140820372537238,transition,4166.233962790747,signal_change,3
GC=F,SCORE,2025-03-13 13:00:00+00:00,2025-03-13 14:00:00+00:00,1.0,2951.799951171875,2962.700079345703,1.08494843515805,transition,2868.7718837520406,stop,2
GC=F,SCORE,2025-03-13 15:00:00+00:00,2025-03-13 20:00:00+00:00,1.0,2980.900048828125,2994.9,0.3524837929644769,shock,1217.2481624248594,signal_change,5
GC=F,SCORE,2025-03-13 22:00:00+00:00,2025-03-13 23:00:00+00:00,1.0,3001.49990234375,2999.4,0.9921491759924094,trend,-845.6323639199541,signal_change,1
GC=F,SCORE,2025-03-14 08:00:00+00:00,2025-03-14 12:00:00+00:00,1.0,3000.70009765625,3004.700048828125,0.9012933287457633,trend,695.6923778604418,signal_change,4
GC=F,SCORE,2025-03-14 14:00:00+00:00,2025-03-14 15:00:00+00:00,1.0,2997.20009765625,2995.50009765625,0.8399487301762956,transition,-626.9836576410769,signal_change,1
GC=F,SCORE,2025-03-14 16:00:00+00:00,2025-03-14 18:00:00+00:00,1.0,2995.70009765625,2997.50009765625,0.32931711587768114,shock,61.772315135302954,signal_change,2
GC=F,SCORE,2025-03-17 13:00:00+00:00,2025-03-17 14:00:00+00:00,-1.0,2994.599951171875,3008.0082194010415,1.1256911491328916,transition,2731.210526559872,stop,2
GC=F,SCORE,2025-03-17 15:00:00+00:00,2025-03-17 16:00:00+00:00,1.0,3006.1,3004.599951171875,1.1877128198530005,transition,-823.8024171315749,signal_change,1
GC=F,SCORE,2025-03-18 03:00:00+00:00,2025-03-18 04:00:00+00:00,1.0,3020.299951171875,3020.50009765625,1.2726035716000192,transition,-305.6303924269974,signal_change,1
GC=F,SCORE,2025-03-18 09:00:00+00:00,2025-03-18 10:00:00+00:00,1.0,3035.6,3029.9,1.143435754833301,transition,-2052.7624458271,signal_change,1
GC=F,SCORE,2025-03-18 13:00:00+00:00,2025-03-18 20:00:00+00:00,1.0,3042.99990234375,3042.50009765625,1.1295992308424905,shock,-478.45122792211197,signal_change,7
GC=F,SCORE,2025-03-19 06:00:00+00:00,2025-03-19 07:00:00+00:00,1.0,3051.49990234375,3049.00009765625,1.1719824706279796,transition,-1107.562011132649,signal_change,1
GC=F,SCORE,2025-03-19 19:00:00+00:00,2025-03-19 20:00:00+00:00,1.0,3055.70009765625,3056.50009765625,0.3753735496057326,shock,-31.003547127380926,signal_change,1
GC=F,SCORE,2025-03-21 14:00:00+00:00,2025-03-21 17:00:00+00:00,-1.0,3010.599951171875,3021.70009765625,0.7099860291003482,shock,-2256.7048821503176,signal_change,3
GC=F,SCORE,2025-03-21 18:00:00+00:00,2025-03-21 19:00:00+00:00,-1.0,3019.79990234375,3024.299951171875,1.0291631157745469,transition,-1355.2675189045635,signal_change,1
GC=F,SCORE,2025-03-24 13:00:00+00:00,2025-03-24 15:00:00+00:00,-1.0,3028.599951171875,3016.799951171875,0.9054166529747887,transition,2584.060602620325,signal_change,2
GC=F,SCORE,2025-03-24 15:00:00+00:00,2025-03-24 16:00:00+00:00,1.0,3016.799951171875,3019.00009765625,0.3639564218061952,shock,105.11769339721778,signal_change,1
GC=F,SCORE,2025-03-25 16:00:00+00:00,2025-03-25 17:00:00+00:00,1.0,3026.799951171875,3029.00009765625,1.1739936914487588,transition,336.89205498634624,signal_change,1
GC=F,SCORE,2025-03-25 18:00:00+00:00,2025-03-25 19:00:00+00:00,1.0,3028.20009765625,3023.9,1.1812921048281475,transition,-1679.2686578942064,signal_change,1
GC=F,SCORE,2025-03-26 14:00:00+00:00,2025-03-26 17:00:00+00:00,-1.0,3022.200048828125,3021.799951171875,1.2156860332306807,transition,-34.34435010010109,signal_change,3
GC=F,SCORE,2025-03-27 10:00:00+00:00,2025-03-27 13:00:00+00:00,1.0,3048.799951171875,3058.099951171875,1.1841385194163296,transition,2523.8214637333044,signal_change,3
GC=F,SCORE,2025-03-27 15:00:00+00:00,2025-03-27 16:00:00+00:00,1.0,3069.20009765625,3063.00009765625,0.35285290631725413,shock,-670.7348564257446,signal_change,1
GC=F,SCORE,2025-03-28 02:00:00+00:00,2025-03-28 03:00:00+00:00,1.0,3085.1,3081.29990234375,0.9644471160887467,transition,-1225.8772400561197,signal_change,1
GC=F,SCORE,2025-03-28 08:00:00+00:00,2025-03-28 08:00:00+00:00,1.0,3117.99990234375,3096.883260091146,0.5184557884241198,trend,-2941.7099839099315,stop,1
GC=F,SCORE,2025-03-28 09:00:00+00:00,2025-03-28 09:00:00+00:00,1.0,3113.49990234375,3089.941609700521,0.6630704010851485,transition,-4165.30160768666,stop,1
GC=F,SCORE,2025-03-28 13:00:00+00:00,2025-03-28 13:00:00+00:00,1.0,3112.799951171875,3079.4583536783853,0.4690659046411296,transition,-4093.465860578791,stop,1
GC=F,SCORE,2025-03-28 14:00:00+00:00,2025-03-28 14:00:00+00:00,1.0,3118.900048828125,3083.0584513346353,0.43421392998859837,transition,-4035.307038037485,stop,1
GC=F,SCORE,2025-03-28 15:00:00+00:00,2025-03-28 19:00:00+00:00,1.0,3103.900048828125,3111.79990234375,0.41077980367964,transition,700.520092782563,signal_change,4
GC=F,SCORE,2025-03-31 03:00:00+00:00,2025-03-31 04:00:00+00:00,1.0,3138.799951171875,3138.9,0.23968701027391726,transition,-62.08344412749861,signal_change,1
GC=F,SCORE,2025-03-31 06:00:00+00:00,2025-03-31 23:00:00+00:00,1.0,3149.1,3156.599951171875,0.21465187419502632,transition,341.34877274373764,signal_change,16
GC=F,SCORE,2025-04-01 01:00:00+00:00,2025-04-01 06:00:00+00:00,1.0,3161.6,3160.9,0.22308873102175247,transition,-100.17251676348317,signal_change,5
GC=F,SCORE,2025-04-01 07:00:00+00:00,2025-04-01 08:00:00+00:00,1.0,3160.6,3155.9,0.2280694332219513,transition,-329.4757119526831,signal_change,1
GC=F,SCORE,2025-04-01 15:00:00+00:00,2025-04-01 16:00:00+00:00,1.0,3160.1,3143.700048828125,0.233696814254043,transition,-1012.770113349565,signal_change,1
GC=F,SCORE,2025-04-02 05:00:00+00:00,2025-04-02 06:00:00+00:00,-1.0,3146.599951171875,3147.49990234375,0.28120922869741255,transition,-100.58082841536508,signal_change,1
GC=F,SCORE,2025-04-02 17:00:00+00:00,2025-04-02 19:00:00+00:00,1.0,3173.799951171875,3163.099951171875,0.32733373757115863,transition,-952.9912387276805,signal_change,2
GC=F,SCORE,2025-04-02 22:00:00+00:00,2025-04-02 22:00:00+00:00,1.0,3196.70009765625,3136.6250813802085,0.09254645115899768,shock,-1379.8443531932176,stop,1
GC=F,SCORE,2025-04-03 00:00:00+00:00,2025-04-03 01:00:00+00:00,1.0,3188.299951171875,3174.700048828125,0.08920713989586862,shock,-320.7739206341057,signal_change,1
GC=F,SCORE,2025-04-03 11:00:00+00:00,2025-04-03 15:00:00+00:00,-1.0,3117.9,3152.299951171875,0.22339632270826185,transition,-1979.9701909338637,signal_change,4
GC=F,SCORE,2025-04-04 13:00:00+00:00,2025-04-04 14:00:00+00:00,-1.0,3090.099951171875,3081.1,0.2056714575898865,transition,385.2183909358308,signal_change,1
GC=F,SCORE,2025-04-04 15:00:00+00:00,2025-04-04 17:00:00+00:00,-1.0,3056.29990234375,3049.70009765625,0.20751914578792666,trend,253.76305021990532,signal_change,2
GC=F,SCORE,2025-04-07 01:00:00+00:00,2025-04-07 01:00:00+00:00,-1.0,2993.700048828125,3083.8416544596353,0.16986035960209908,shock,3917.050670005966,stop,1
GC=F,SCORE,2025-04-07 02:00:00+00:00,2025-04-07 04:00:00+00:00,-1.0,3059.099951171875,3035.400048828125,0.05771023485330069,shock,371.1094232055493,signal_change,2
GC=F,SCORE,2025-04-07 14:00:00+00:00,2025-04-07 16:00:00+00:00,-1.0,3032.099951171875,3003.900048828125,0.16326183548480566,transition,1131.6527987739507,signal_change,2
GC=F,SCORE,2025-04-07 18:00:00+00:00,2025-04-07 19:00:00+00:00,-1.0,2984.099951171875,2980.900048828125,0.16715780523819987,transition,109.54418423216246,signal_change,1
GC=F,SCORE,2025-04-08 14:00:00+00:00,2025-04-08 15:00:00+00:00,-1.0,3024.599951171875,3021.20009765625,0.2727357404803984,transition,189.57961493503177,signal_change,1
GC=F,SCORE,2025-04-08 18:00:00+00:00,2025-04-08 19:00:00+00:00,1.0,2999.70009765625,2997.9,0.31561107218179857,transition,-238.30520701874264,signal_change,1
GC=F,SCORE,2025-04-09 02:00:00+00:00,2025-04-09 03:00:00+00:00,1.0,3022.49990234375,3016.29990234375,0.31597467377892197,range,-596.3848219928395,signal_change,1
GC=F,SCORE,2025-04-09 07:00:00+00:00,2025-04-09 08:00:00+00:00,1.0,3057.20009765625,3059.00009765625,0.31294130673774295,transition,54.52362606284413,signal_change,1
GC=F,SCORE,2025-04-09 12:00:00+00:00,2025-04-09 13:00:00+00:00,1.0,3084.900048828125,3064.00009765625,0.31822748059278383,transition,-1772.6216234577041,signal_change,1
GC=F,SCORE,2025-04-09 14:00:00+00:00,2025-04-09 15:00:00+00:00,1.0,3091.799951171875,3085.9,0.32322938280412017,transition,-571.9266449538301,signal_change,1
GC=F,SCORE,2025-04-09 16:00:00+00:00,2025-04-09 18:00:00+00:00,1.0,3102.400048828125,3056.6250813802085,0.34037244277991785,transition,-4008.160799151008,stop,3
GC=F,SCORE,2025-04-09 19:00:00+00:00,2025-04-09 20:00:00+00:00,1.0,3083.70009765625,3110.50009765625,0.3080310875400823,transition,1984.655208497227,signal_change,1
GC=F,SCORE,2025-04-10 03:00:00+00:00,2025-04-10 04:00:00+00:00,1.0,3135.400048828125,3141.4,0.29738715623188344,transition,357.5688853644639,signal_change,1
GC=F,SCORE,2025-04-10 12:00:00+00:00,2025-04-11 05:00:00+00:00,1.0,3142.49990234375,3226.79990234375,0.29440274915243114,transition,6009.158387173653,signal_change,16
GC=F,SCORE,2025-04-11 06:00:00+00:00,2025-04-11 12:00:00+00:00,1.0,3214.99990234375,3231.099951171875,0.29081122179352614,transition,1060.142739331682,signal_change,6
GC=F,SCORE,2025-04-11 13:00:00+00:00,2025-04-11 19:00:00+00:00,1.0,3251.400048828125,3252.700048828125,0.26371045583863534,transition,12.90793071735743,signal_change,6
GC=F,SCORE,2025-04-15 15:00:00+00:00,2025-04-15 16:00:00+00:00,1.0,3239.1,3237.700048828125,0.5802145635443238,transition,-360.79487300617967,signal_change,1
GC=F,SCORE,2025-04-15 18:00:00+00:00,2025-04-15 22:00:00+00:00,1.0,3244.1,3248.29990234375,0.7078501826391626,transition,516.8575858527846,signal_change,3
GC=F,SCORE,2025-04-16 00:00:00+00:00,2025-04-16 03:00:00+00:00,1.0,3269.299951171875,3284.200048828125,0.7150758617388229,trend,2350.2156766221847,signal_change,3
GC=F,SCORE,2025-04-16 04:00:00+00:00,2025-04-16 10:00:00+00:00,1.0,3297.900048828125,3319.9,0.6933815231245176,trend,3435.292489052306,signal_change,6
GC=F,SCORE,2025-04-16 11:00:00+00:00,2025-04-16 20:00:00+00:00,1.0,3320.299951171875,3351.9,0.6571920278484558,trend,4744.210328436311,signal_change,9
GC=F,SCORE,2025-04-16 22:00:00+00:00,2025-04-16 23:00:00+00:00,1.0,3357.6,3365.00009765625,0.6012336460828757,trend,880.2911212702174,signal_change,1
GC=F,SCORE,2025-04-17 01:00:00+00:00,2025-04-17 03:00:00+00:00,1.0,3359.1,3352.29990234375,0.5830520004038203,shock,-1098.815121050113,signal_change,2
GC=F,SCORE,2025-04-17 15:00:00+00:00,2025-04-17 16:00:00+00:00,-1.0,3304.29990234375,3309.400048828125,0.1996116928048971,transition,-244.1694108562819,signal_change,1
GC=F,SCORE,2025-04-21 03:00:00+00:00,2025-04-21 04:00:00+00:00,1.0,3396.799951171875,3393.79990234375,0.5989411764705882,transition,-590.2634900059714,signal_change,1
GC=F,SCORE,2025-04-21 07:00:00+00:00,2025-04-21 08:00:00+00:00,1.0,3403.6,3396.9,0.5879031859405401,transition,-1084.7662988787931,signal_change,1
GC=F,SCORE,2025-04-21 12:00:00+00:00,2025-04-21 22:00:00+00:00,1.0,3415.99990234375,3435.00009765625,0.5961029821385972,transition,2455.492701237017,signal_change,9
GC=F,SCORE,2025-04-22 00:00:00+00:00,2025-04-22 08:00:00+00:00,1.0,3445.400048828125,3459.162451171875,0.6196934996356602,transition,1805.1111638617044,stop,9
GC=F,SCORE,2025-04-22 17:00:00+00:00,2025-04-22 18:00:00+00:00,-1.0,3405.200048828125,3414.299951171875,0.13114731552345796,transition,-310.3298305235386,signal_change,1
GC=F,SCORE,2025-04-22 23:00:00+00:00,2025-04-23 00:00:00+00:00,-1.0,3337.9,3346.20009765625,0.3124859547733252,transition,-707.7672245351395,signal_change,1
GC=F,SCORE,2025-04-23 03:00:00+00:00,2025-04-23 05:00:00+00:00,-1.0,3363.700048828125,3356.400048828125,0.3041413186265,transition,463.727265150693,signal_change,2
GC=F,SCORE,2025-04-23 06:00:00+00:00,2025-04-23 08:00:00+00:00,-1.0,3329.099951171875,3330.20009765625,0.28973043430286055,transition,-125.75503877080001,signal_change,2
GC=F,SCORE,2025-04-23 10:00:00+00:00,2025-04-23 11:00:00+00:00,-1.0,3328.200048828125,3341.70009765625,0.29689935781537924,transition,-1028.7091071690802,signal_change,1
GC=F,SCORE,2025-04-23 12:00:00+00:00,2025-04-23 17:00:00+00:00,-1.0,3335.200048828125,3307.70009765625,0.2904022382413899,transition,1861.6934218388496,signal_change,5
GC=F,SCORE,2025-04-23 18:00:00+00:00,2025-04-23 19:00:00+00:00,-1.0,3294.099951171875,3295.900048828125,0.3025985473341767,transition,-203.94211205178297,signal_change,1
GC=F,SCORE,2025-04-24 15:00:00+00:00,2025-04-24 19:00:00+00:00,1.0,3338.49990234375,3346.79990234375,0.4509381261424354,transition,762.9802984703698,signal_change,4
GC=F,SCORE,2025-04-24 22:00:00+00:00,2025-04-24 23:00:00+00:00,1.0,3362.1,3378.4,0.4989465240159716,transition,1784.402568366356,signal_change,1
GC=F,SCORE,2025-04-25 06:00:00+00:00,2025-04-25 07:00:00+00:00,-1.0,3303.700048828125,3315.1,0.4899921446822024,transition,-1420.2339847758628,signal_change,1
GC=F,SCORE,2025-04-25 10:00:00+00:00,2025-04-25 11:00:00+00:00,-1.0,3302.00009765625,3308.1,0.49502212789429756,transition,-942.722111073384,signal_change,1
GC=F,SCORE,2025-04-25 13:00:00+00:00,2025-04-25 16:00:00+00:00,-1.0,3302.79990234375,3293.799951171875,0.4702117842144158,shock,973.6147174825535,signal_change,3
GC=F,SCORE,2025-04-28 02:00:00+00:00,2025-04-28 04:00:00+00:00,-1.0,3290.79990234375,3301.799951171875,0.4451171115242495,transition,-1184.8368324273642,signal_change,2
GC=F,SCORE,2025-04-28 15:00:00+00:00,2025-04-28 16:00:00+00:00,1.0,3339.6,3336.200048828125,0.16781881910856852,transition,-184.08540618578343,signal_change,1
GC=F,SCORE,2025-04-29 08:00:00+00:00,2025-04-29 09:00:00+00:00,1.0,3333.20009765625,3321.50009765625,0.5720503222045011,transition,-1761.7261038209092,signal_change,1
GC=F,SCORE,2025-04-29 13:00:00+00:00,2025-04-29 14:00:00+00:00,1.0,3322.70009765625,3317.00009765625,0.5785656129792338,transition,-953.5037667700892,signal_change,1
GC=F,SCORE,2025-04-29 15:00:00+00:00,2025-04-29 16:00:00+00:00,1.0,3325.299951171875,3323.700048828125,0.6306277255488159,shock,-420.71711534696254,signal_change,1
GC=F,SCORE,2025-04-30 09:00:00+00:00,2025-04-30 12:00:00+00:00,-1.0,3293.599951171875,3313.6625,0.6846743156609342,transition,7132.916100725135,stop,4
GC=F,SCORE,2025-04-30 18:00:00+00:00,2025-04-30 19:00:00+00:00,-1.0,3315.599951171875,3312.6,0.6376121717676086,transition,339.1697954179079,signal_change,1
GC=F,SCORE,2025-05-01 01:00:00+00:00,2025-05-01 05:00:00+00:00,-1.0,3253.700048828125,3234.400048828125,1.037899119495383,transition,4589.056440848487,signal_change,4
GC=F,SCORE,2025-05-01 07:00:00+00:00,2025-05-01 08:00:00+00:00,-1.0,3243.700048828125,3238.299951171875,0.48585038773035805,transition,533.5426110297963,signal_change,1
GC=F,SCORE,2025-05-01 10:00:00+00:00,2025-05-01 11:00:00+00:00,-1.0,3226.200048828125,3230.900048828125,0.4972850948533248,transition,-678.6401161323286,signal_change,1
GC=F,SCORE,2025-05-01 12:00:00+00:00,2025-05-01 17:00:00+00:00,-1.0,3212.79990234375,3228.1,0.46008474875484384,transition,-1812.6846256815961,signal_change,5
GC=F,SCORE,2025-05-01 18:00:00+00:00,2025-05-01 19:00:00+00:00,-1.0,3221.9,3231.49990234375,0.4944442403544109,transition,-1252.4873255408374,signal_change,1
GC=F,SCORE,2025-05-02 04:00:00+00:00,2025-05-02 05:00:00+00:00,1.0,3263.99990234375,3260.29990234375,0.5837773637939312,transition,-699.4089396879274,signal_change,1
GC=F,SCORE,2025-05-02 10:00:00+00:00,2025-05-02 11:00:00+00:00,1.0,3273.400048828125,3267.599951171875,0.6149617937120827,transition,-1050.3263080588936,signal_change,1
GC=F,SCORE,2025-05-02 13:00:00+00:00,2025-05-02 16:00:00+00:00,1.0,3257.400048828125,3239.9,0.6539976721296747,shock,-2991.1910708537616,signal_change,3
GC=F,SCORE,2025-05-05 10:00:00+00:00,2025-05-05 11:00:00+00:00,1.0,3317.49990234375,3321.700048828125,0.5717726453322651,transition,412.60439018183524,signal_change,1
GC=F,SCORE,2025-05-05 17:00:00+00:00,2025-05-05 23:00:00+00:00,1.0,3318.49990234375,3339.099951171875,0.6793668136609047,trend,3164.4091576480077,signal_change,5
GC=F,SCORE,2025-05-06 00:00:00+00:00,2025-05-06 01:00:00+00:00,1.0,3342.900048828125,3348.3375610351563,0.6924587183990157,trend,702.7128380232414,stop,2
GC=F,SCORE,2025-05-06 02:00:00+00:00,2025-05-06 04:00:00+00:00,1.0,3388.6,3368.700048828125,0.419365424506342,transition,-2092.6778829883833,signal_change,2
GC=F,SCORE,2025-05-06 06:00:00+00:00,2025-05-06 07:00:00+00:00,1.0,3369.6,3372.50009765625,0.5875445536132022,trend,235.28194143433694,signal_change,1
GC=F,SCORE,2025-05-06 10:00:00+00:00,2025-05-06 12:00:00+00:00,1.0,3390.900048828125,3387.00009765625,0.620567413061639,transition,-748.3411163355397,signal_change,2
GC=F,SCORE,2025-05-06 13:00:00+00:00,2025-05-06 19:00:00+00:00,1.0,3399.6,3424.4,0.5959337403534799,transition,3297.6534594917666,signal_change,6
GC=F,SCORE,2025-05-06 20:00:00+00:00,2025-05-06 22:00:00+00:00,1.0,3431.6,3401.4750162760415,0.5731560224097229,trend,-4192.005745895774,stop,2
GC=F,SCORE,2025-05-07 18:00:00+00:00,2025-05-07 19:00:00+00:00,-1.0,3393.50009765625,3392.6,0.16109025309026745,transition,25.822102924127396,signal_change,1
GC=F,SCORE,2025-05-07 20:00:00+00:00,2025-05-07 22:00:00+00:00,-1.0,3379.29990234375,3373.20009765625,0.44386036595912864,transition,637.6673227647613,signal_change,1
GC=F,SCORE,2025-05-08 02:00:00+00:00,2025-05-08 03:00:00+00:00,1.0,3415.799951171875,3408.79990234375,0.5735500474451505,transition,-1102.2751832940276,signal_change,1
GC=F,SCORE,2025-05-08 06:00:00+00:00,2025-05-08 08:00:00+00:00,-1.0,3360.9,3349.20009765625,0.5094805734817818,transition,1321.4770064933816,signal_change,2
GC=F,SCORE,2025-05-08 14:00:00+00:00,2025-05-08 15:00:00+00:00,-1.0,3361.50009765625,3362.6,0.5125614694104396,transition,-232.3088994229268,signal_change,1
GC=F,SCORE,2025-05-08 16:00:00+00:00,2025-05-08 19:00:00+00:00,-1.0,3335.79990234375,3313.70009765625,0.46673892745317963,transition,2358.032329851225,signal_change,3
GC=F,SCORE,2025-05-09 02:00:00+00:00,2025-05-09 04:00:00+00:00,-1.0,3295.50009765625,3313.400048828125,0.4358519204468508,transition,-1810.535808861881,signal_change,2
GC=F,SCORE,2025-05-09 18:00:00+00:00,2025-05-09 19:00:00+00:00,1.0,3346.20009765625,3343.50009765625,0.5848683883669565,transition,-544.9852129758649,signal_change,1
GC=F,SCORE,2025-05-12 02:00:00+00:00,2025-05-12 03:00:00+00:00,-1.0,3275.29990234375,3275.70009765625,0.4888179749411659,transition,-236.14688793360313,signal_change,1
GC=F,SCORE,2025-05-12 08:00:00+00:00,2025-05-12 13:00:00+00:00,-1.0,3226.700048828125,3237.400048828125,0.33029283672858994,transition,-947.7288215233164,signal_change,5
GC=F,SCORE,2025-05-12 14:00:00+00:00,2025-05-12 19:00:00+00:00,-1.0,3238.599951171875,3234.20009765625,0.42688591989062163,transition,395.82547215471476,signal_change,5
GC=F,SCORE,2025-05-13 13:00:00+00:00,2025-05-13 14:00:00+00:00,1.0,3249.1,3231.79990234375,0.628387553074588,transition,-2849.0063725099167,signal_change,1
GC=F,SCORE,2025-05-13 18:00:00+00:00,2025-05-13 19:00:00+00:00,1.0,3251.99990234375,3253.50009765625,0.6459442127177941,transition,51.19559656696882,signal_change,1
GC=F,SCORE,2025-05-14 12:00:00+00:00,2025-05-14 12:00:00+00:00,-1.0,3223.79990234375,3225.2124877929687,0.6391908210393056,shock,38.66509609972614,stop,1
GC=F,SCORE,2025-05-14 13:00:00+00:00,2025-05-14 17:00:00+00:00,-1.0,3188.50009765625,3191.99990234375,0.4316443529692614,shock,-483.0787893561156,signal_change,4
GC=F,SCORE,2025-05-14 18:00:00+00:00,2025-05-14 20:00:00+00:00,-1.0,3185.79990234375,3184.1,0.6495088981474778,transition,178.9449896402883,signal_change,2
GC=F,SCORE,2025-05-14 21:00:00+00:00,2025-05-14 22:00:00+00:00,-1.0,3180.599951171875,3180.900048828125,0.6436487012799874,transition,-169.44772497432254,signal_change,1
GC=F,SCORE,2025-05-15 02:00:00+00:00,2025-05-15 09:00:00+00:00,-1.0,3175.00009765625,3165.70009765625,0.603804849803645,transition,1236.1492490313467,signal_change,7
GC=F,SCORE,2025-05-15 10:00:00+00:00,2025-05-15 11:00:00+00:00,-1.0,3167.9,3181.49990234375,0.49390883491061244,transition,-1853.8006570134683,signal_change,1
GC=F,SCORE,2025-05-15 15:00:00+00:00,2025-05-15 17:00:00+00:00,1.0,3208.70009765625,3225.9,0.5534288980408654,transition,2194.0201249339093,signal_change,2
GC=F,SCORE,2025-05-15 22:00:00+00:00,2025-05-15 23:00:00+00:00,1.0,3243.6,3254.79990234375,0.5505550875106343,transition,1354.1559412587696,signal_change,1
GC=F,SCORE,2025-05-16 01:00:00+00:00,2025-05-16 02:00:00+00:00,1.0,3246.6,3225.9,0.4963083136872918,transition,-2665.327630827367,signal_change,1
GC=F,SCORE,2025-05-16 09:00:00+00:00,2025-05-16 10:00:00+00:00,1.0,3210.299951171875,3212.29990234375,0.6011035205406118,transition,124.44534557110414,signal_change,1
GC=F,SCORE,2025-05-19 14:00:00+00:00,2025-05-19 16:00:00+00:00,1.0,3232.70009765625,3234.599951171875,0.5173203185665287,transition,92.96350552106831,signal_change,2
GC=F,SCORE,2025-05-20 14:00:00+00:00,2025-05-20 17:00:00+00:00,1.0,3264.49990234375,3281.700048828125,0.23749117061240954,shock,927.3952972088102,signal_change,3
GC=F,SCORE,2025-05-20 18:00:00+00:00,2025-05-20 19:00:00+00:00,1.0,3289.70009765625,3290.4,0.7081406730667349,transition,-83.42637900472455,signal_change,1
GC=F,SCORE,2025-05-20 20:00:00+00:00,2025-05-20 22:00:00+00:00,1.0,3296.799951171875,3292.9,0.7073241172537074,transition,-868.4490343998439,signal_change,1
GC=F,SCORE,2025-05-21 01:00:00+00:00,2025-05-21 04:00:00+00:00,1.0,3305.799951171875,3309.00009765625,0.6251820672743421,transition,303.0209751190238,signal_change,3
GC=F,SCORE,2025-05-21 06:00:00+00:00,2025-05-21 08:00:00+00:00,1.0,3317.99990234375,3311.79990234375,0.6159264017889544,trend,-1090.5485542705046,signal_change,2
GC=F,SCORE,2025-05-21 10:00:00+00:00,2025-05-21 11:00:00+00:00,1.0,3316.1,3314.200048828125,0.6526157825281179,transition,-483.4720088820458,signal_change,1
GC=F,SCORE,2025-05-21 13:00:00+00:00,2025-05-21 17:00:00+00:00,1.0,3304.70009765625,3305.099951171875,0.6183478044470422,transition,-116.44798292802558,signal_change,4
GC=F,SCORE,2025-05-21 18:00:00+00:00,2025-05-21 19:00:00+00:00,1.0,3318.900048828125,3316.50009765625,0.6752285989800281,transition,-580.2400115339888,signal_change,1
GC=F,SCORE,2025-05-22 02:00:00+00:00,2025-05-22 03:00:00+00:00,1.0,3338.900048828125,3342.50009765625,0.7286986213871294,transition,414.8105181958016,signal_change,1
GC=F,SCORE,2025-05-22 11:00:00+00:00,2025-05-22 12:00:00+00:00,-1.0,3289.50009765625,3314.49990234375,0.6477449076481899,shock,-4026.8142337439162,signal_change,1
GC=F,SCORE,2025-05-22 14:00:00+00:00,2025-05-22 15:00:00+00:00,-1.0,3286.700048828125,3296.6,0.20970078567197029,transition,-527.9583160129653,signal_change,1
GC=F,SCORE,2025-05-23 12:00:00+00:00,2025-05-23 17:00:00+00:00,1.0,3348.6,3359.50009765625,1.2666192354361947,shock,2882.9547242564227,signal_change,5
GC=F,SCORE,2025-05-23 18:00:00+00:00,2025-05-23 19:00:00+00:00,1.0,3363.20009765625,3361.79990234375,0.6960040134083558,transition,-427.2985050695741,signal_change,1
GC=F,SCORE,2025-05-27 06:00:00+00:00,2025-05-27 17:00:00+00:00,-1.0,3322.50009765625,3296.70009765625,0.34377055252075966,shock,2032.2504630722183,signal_change,11
GC=F,SCORE,2025-05-27 18:00:00+00:00,2025-05-27 19:00:00+00:00,-1.0,3300.200048828125,3301.99990234375,0.7553174941501254,transition,-542.6325424292102,signal_change,1
GC=F,SCORE,2025-05-28 09:00:00+00:00,2025-05-28 11:00:00+00:00,1.0,3320.299951171875,3311.9,0.2793817462667749,shock,-639.3992365807941,signal_change,2
GC=F,SCORE,2025-05-28 13:00:00+00:00,2025-05-28 15:00:00+00:00,1.0,3310.900048828125,3301.29990234375,0.7826069406225452,transition,-2020.1181901407024,signal_change,2
GC=F,SCORE,2025-05-29 00:00:00+00:00,2025-05-29 01:00:00+00:00,-1.0,3255.200048828125,3261.299951171875,0.22241984238307783,shock,-371.1316600105367,signal_change,1
GC=F,SCORE,2025-05-29 13:00:00+00:00,2025-05-29 14:00:00+00:00,1.0,3341.6,3337.4,0.39170173400908176,transition,-499.92604893989903,signal_change,1
GC=F,SCORE,2025-05-29 15:00:00+00:00,2025-05-29 17:00:00+00:00,1.0,3334.99990234375,3347.00009765625,0.37647116182230694,transition,961.6466938749861,signal_change,2
GC=F,SCORE,2025-05-29 18:00:00+00:00,2025-05-29 19:00:00+00:00,1.0,3349.1,3345.4,0.37816499912379836,transition,-437.4714005801645,signal_change,1
GC=F,SCORE,2025-05-30 06:00:00+00:00,2025-05-30 08:00:00+00:00,1.0,3327.1,3318.599951171875,0.42095001753797706,transition,-968.9400029585088,signal_change,2
GC=F,SCORE,2025-05-30 13:00:00+00:00,2025-05-30 13:00:00+00:00,1.0,3328.6,3300.8417154947915,0.2088361687728951,shock,-1432.6219947550185,stop,1
GC=F,SCORE,2025-05-30 14:00:00+00:00,2025-05-30 17:00:00+00:00,-1.0,3300.50009765625,3317.799951171875,0.22392371554291676,transition,-953.5003220698692,signal_change,3
GC=F,SCORE,2025-06-02 06:00:00+00:00,2025-06-02 09:00:00+00:00,1.0,3347.99990234375,3376.50009765625,0.6679932066368416,transition,4278.299829931145,signal_change,3
GC=F,SCORE,2025-06-02 14:00:00+00:00,2025-06-02 17:00:00+00:00,1.0,3396.20009765625,3396.79990234375,0.7101867898505834,trend,-102.15453149428117,signal_change,3
GC=F,SCORE,2025-06-02 18:00:00+00:00,2025-06-03 01:00:00+00:00,1.0,3399.49990234375,3401.099951171875,0.7545798591789378,trend,68.10380558910288,signal_change,6
GC=F,SCORE,2025-06-03 02:00:00+00:00,2025-06-03 04:00:00+00:00,1.0,3397.400048828125,3385.599951171875,0.7558145832200532,trend,-2289.409923556221,signal_change,2
GC=F,SCORE,2025-06-03 06:00:00+00:00,2025-06-03 09:00:00+00:00,1.0,3389.99990234375,3385.4,0.7333524612069612,transition,-991.3781583220223,signal_change,3
GC=F,SCORE,2025-06-03 15:00:00+00:00,2025-06-03 16:00:00+00:00,-1.0,3370.29990234375,3374.1,0.2859315836298056,transition,-321.26758598976335,signal_change,1
GC=F,SCORE,2025-06-04 01:00:00+00:00,2025-06-04 01:00:00+00:00,-1.0,3373.50009765625,3394.3168131510415,0.8194349031885515,shock,3746.439133337519,stop,1
GC=F,SCORE,2025-06-04 14:00:00+00:00,2025-06-04 14:00:00+00:00,-1.0,3376.79990234375,3399.5748901367188,0.7500555305821963,shock,3785.909505991752,stop,1
GC=F,SCORE,2025-06-04 15:00:00+00:00,2025-06-04 16:00:00+00:00,1.0,3401.6,3396.4,0.27067311995330284,transition,-405.7991733866283,signal_change,1
GC=F,SCORE,2025-06-05 10:00:00+00:00,2025-06-05 12:00:00+00:00,1.0,3413.400048828125,3416.700048828125,0.8204739892846871,transition,396.8344659903712,signal_change,2
GC=F,SCORE,2025-06-05 13:00:00+00:00,2025-06-05 15:00:00+00:00,1.0,3405.799951171875,3390.79990234375,0.7859630657461306,transition,-2973.4872067994224,signal_change,2
GC=F,SCORE,2025-06-05 16:00:00+00:00,2025-06-05 17:00:00+00:00,-1.0,3367.599951171875,3377.20009765625,0.7362236840354326,transition,-1731.739629893451,signal_change,1
GC=F,SCORE,2025-06-06 13:00:00+00:00,2025-06-06 16:00:00+00:00,-1.0,3375.599951171875,3354.6,0.24948009772534352,transition,1154.8830180162468,signal_change,3
GC=F,SCORE,2025-06-09 01:00:00+00:00,2025-06-09 03:00:00+00:00,-1.0,3325.4,3325.400048828125,0.6987362300944149,transition,-174.02666891937332,signal_change,2
GC=F,SCORE,2025-06-09 09:00:00+00:00,2025-06-09 10:00:00+00:00,-1.0,3340.50009765625,3339.6,0.7339806690013628,transition,-52.53781411427158,signal_change,1
GC=F,SCORE,2025-06-09 14:00:00+00:00,2025-06-09 16:00:00+00:00,-1.0,3339.79990234375,3349.799951171875,0.7872116382793336,transition,-2085.3101320982864,signal_change,2
GC=F,SCORE,2025-06-10 03:00:00+00:00,2025-06-10 04:00:00+00:00,1.0,3328.900048828125,3327.4,0.923072960501822,transition,-589.9888460862812,signal_change,1
GC=F,SCORE,2025-06-10 07:00:00+00:00,2025-06-10 08:00:00+00:00,1.0,3345.20009765625,3350.50009765625,0.8819445233016916,transition,850.6337389896928,signal_change,1
GC=F,SCORE,2025-06-10 13:00:00+00:00,2025-06-10 15:00:00+00:00,1.0,3358.299951171875,3346.599951171875,0.8453793289589642,transition,-2561.5644461961197,signal_change,2
GC=F,SCORE,2025-06-11 08:00:00+00:00,2025-06-11 09:00:00+00:00,1.0,3366.49990234375,3365.4,0.9104145876743134,transition,-491.0128220773309,signal_change,1
GC=F,SCORE,2025-06-11 19:00:00+00:00,2025-06-11 20:00:00+00:00,1.0,3364.6,3367.9,0.7160648640792322,transition,349.4679511434072,signal_change,1
GC=F,SCORE,2025-06-12 11:00:00+00:00,2025-06-12 12:00:00+00:00,1.0,3402.99990234375,3399.4,0.5921107159030269,transition,-659.2574637407122,signal_change,1
GC=F,SCORE,2025-06-12 13:00:00+00:00,2025-06-12 15:00:00+00:00,1.0,3409.1,3404.29990234375,0.6121618905329568,shock,-848.766432664664,signal_change,2
GC=F,SCORE,2025-06-12 16:00:00+00:00,2025-06-12 17:00:00+00:00,1.0,3406.70009765625,3404.29990234375,0.6265776076279831,transition,-522.5962968398511,signal_change,1
GC=F,SCORE,2025-06-13 01:00:00+00:00,2025-06-13 04:00:00+00:00,1.0,3436.299951171875,3447.700048828125,0.6521917612171818,transition,1516.5340297557018,signal_change,3
GC=F,SCORE,2025-06-13 09:00:00+00:00,2025-06-13 11:00:00+00:00,1.0,3444.900048828125,3436.099951171875,0.6318625615763547,transition,-1445.4029569399895,signal_change,2
GC=F,SCORE,2025-06-13 12:00:00+00:00,2025-06-13 18:00:00+00:00,1.0,3442.400048828125,3450.599951171875,0.6516691556312344,transition,1035.84227551413,signal_change,6
GC=F,SCORE,2025-06-13 19:00:00+00:00,2025-06-13 20:00:00+00:00,1.0,3456.99990234375,3452.9,0.6585892764266141,transition,-798.0577364349425,signal_change,1
GC=F,SCORE,2025-06-16 14:00:00+00:00,2025-06-16 16:00:00+00:00,-1.0,3407.099951171875,3424.1,0.48783390805838117,transition,-1975.4507133426757,signal_change,2
GC=F,SCORE,2025-06-16 19:00:00+00:00,2025-06-16 22:00:00+00:00,-1.0,3404.79990234375,3404.299951171875,0.7289328843909424,transition,-121.1138269555897,signal_change,2
GC=F,SCORE,2025-06-17 01:00:00+00:00,2025-06-17 05:00:00+00:00,-1.0,3413.200048828125,3413.299951171875,0.8054934637980563,transition,-63.79734024756996,signal_change,4
GC=F,SCORE,2025-06-17 09:00:00+00:00,2025-06-17 10:00:00+00:00,-1.0,3396.9,3404.1,0.7592132849044583,transition,-1366.7172524350344,signal_change,1
GC=F,SCORE,2025-06-17 12:00:00+00:00,2025-06-17 15:00:00+00:00,-1.0,3407.099951171875,3403.900048828125,0.7481452868055587,transition,371.11482251645265,signal_change,3
GC=F,SCORE,2025-06-18 19:00:00+00:00,2025-06-18 22:00:00+00:00,-1.0,3396.79990234375,3387.1,0.8827366415170012,transition,1636.9729146771156,signal_change,2
GC=F,SCORE,2025-06-19 07:00:00+00:00,2025-06-19 08:00:00+00:00,-1.0,3373.4,3383.1,0.8006871385439188,transition,-1952.7198997394191,signal_change,1
GC=F,SCORE,2025-06-19 15:00:00+00:00,2025-06-19 16:00:00+00:00,-1.0,3381.700048828125,3385.799951171875,0.8097029437064313,transition,-1030.6664756937253,signal_change,1
GC=F,SCORE,2025-06-19 23:00:00+00:00,2025-06-20 00:00:00+00:00,-1.0,3382.099951171875,3385.1,0.3101633564124414,shock,-315.66689422797157,signal_change,1
GC=F,SCORE,2025-06-23 12:00:00+00:00,2025-06-23 12:00:00+00:00,1.0,3395.6,3373.6332804361978,0.7718579112443047,transition,-4107.778778561338,stop,1
GC=F,SCORE,2025-06-23 14:00:00+00:00,2025-06-23 16:00:00+00:00,1.0,3396.400048828125,3403.29990234375,0.26749586031274797,transition,346.82570299989095,signal_change,2
GC=F,SCORE,2025-06-23 17:00:00+00:00,2025-06-23 18:00:00+00:00,1.0,3405.6,3397.79990234375,0.7224007910759983,transition,-1484.2273458933396,signal_change,1
GC=F,SCORE,2025-06-24 00:00:00+00:00,2025-06-24 01:00:00+00:00,-1.0,3358.79990234375,3365.6,0.6459488664586087,transition,-1132.6073417311363,signal_change,1
GC=F,SCORE,2025-06-24 06:00:00+00:00,2025-06-24 09:00:00+00:00,-1.0,3346.00009765625,3341.49990234375,0.6395345025482356,transition,453.55354306952984,signal_change,3
GC=F,SCORE,2025-06-24 10:00:00+00:00,2025-06-24 11:00:00+00:00,-1.0,3332.4,3339.299951171875,0.6069985977244086,transition,-1197.3282130036457,signal_change,1
GC=F,SCORE,2025-06-24 12:00:00+00:00,2025-06-24 16:00:00+00:00,-1.0,3334.9,3327.20009765625,0.5882125082069423,transition,959.976857842612,signal_change,4
GC=F,SCORE,2025-06-24 18:00:00+00:00,2025-06-24 19:00:00+00:00,-1.0,3332.099951171875,3331.400048828125,0.6618686003928892,transition,-76.7370442547239,signal_change,1
GC=F,SCORE,2025-06-25 15:00:00+00:00,2025-06-25 20:00:00+00:00,1.0,3336.799951171875,3348.099951171875,1.1416052328096722,transition,2670.4637499850774,signal_change,5
GC=F,SCORE,2025-06-26 08:00:00+00:00,2025-06-26 09:00:00+00:00,1.0,3359.49990234375,3361.700048828125,1.0844573224195775,transition,248.3696645582383,signal_change,1
GC=F,SCORE,2025-06-27 03:00:00+00:00,2025-06-27 09:00:00+00:00,-1.0,3321.099951171875,3301.20009765625,0.9010356354476301,transition,3896.261089257044,signal_change,6
GC=F,SCORE,2025-06-27 10:00:00+00:00,2025-06-27 16:00:00+00:00,-1.0,3294.50009765625,3286.299951171875,0.8071959128665217,transition,1332.8464695481923,signal_change,6
GC=F,SCORE,2025-06-29 23:00:00+00:00,2025-06-30 01:00:00+00:00,-1.0,3274.50009765625,3274.99990234375,0.6874398253939101,trend,-374.3569353150232,signal_change,2
GC=F,SCORE,2025-06-30 04:00:00+00:00,2025-06-30 05:00:00+00:00,-1.0,3289.9,3296.99990234375,0.6984759113264395,transition,-1307.6484513460923,signal_change,1
GC=F,SCORE,2025-06-30 14:00:00+00:00,2025-06-30 18:00:00+00:00,1.0,3299.20009765625,3305.599951171875,0.7871339415983996,transition,969.125778119622,signal_change,4
GC=F,SCORE,2025-06-30 20:00:00+00:00,2025-06-30 22:00:00+00:00,1.0,3320.49990234375,3315.599951171875,0.8075508055738934,transition,-1157.1394353642056,signal_change,1
GC=F,SCORE,2025-07-01 00:00:00+00:00,2025-07-01 03:00:00+00:00,1.0,3324.400048828125,3327.29990234375,0.9487054769087956,trend,378.57164983714,signal_change,3
GC=F,SCORE,2025-07-01 04:00:00+00:00,2025-07-01 09:00:00+00:00,1.0,3332.900048828125,3351.29990234375,1.0240819131390875,transition,4120.571536366252,signal_change,5
GC=F,SCORE,2025-07-01 10:00:00+00:00,2025-07-01 19:00:00+00:00,1.0,3357.799951171875,3350.099951171875,1.0425845560342706,trend,-2167.855761497048,signal_change,9
GC=F,SCORE,2025-07-02 14:00:00+00:00,2025-07-02 15:00:00+00:00,-1.0,3347.700048828125,3354.1,1.0465181683029419,transition,-1858.0198448502563,signal_change,1
GC=F,SCORE,2025-07-02 19:00:00+00:00,2025-07-02 20:00:00+00:00,1.0,3365.70009765625,3368.4,1.0825348686980696,transition,373.6424883319547,signal_change,1
GC=F,SCORE,2025-07-03 14:30:00+00:00,2025-07-03 16:30:00+00:00,-1.0,3340.599951171875,3338.400048828125,0.32714748324961473,transition,90.5876058324732,signal_change,2
GC=F,SCORE,2025-07-07 02:00:00+00:00,2025-07-07 03:00:00+00:00,-1.0,3325.50009765625,3317.99990234375,0.9744208735056382,transition,1486.5441803989293,signal_change,1
GC=F,SCORE,2025-07-07 08:00:00+00:00,2025-07-07 09:00:00+00:00,-1.0,3311.00009765625,3319.400048828125,1.0324758896162083,transition,-2338.319151061275,signal_change,1
GC=F,SCORE,2025-07-07 11:00:00+00:00,2025-07-07 14:00:00+00:00,-1.0,3310.79990234375,3327.849853515625,0.9766694513661832,transition,-3339.3344917296026,stop,4
GC=F,SCORE,2025-07-07 15:00:00+00:00,2025-07-07 16:00:00+00:00,-1.0,3327.599951171875,3330.799951171875,0.9312039590443687,transition,-868.4666836535051,signal_change,1
GC=F,SCORE,2025-07-08 07:00:00+00:00,2025-07-08 08:00:00+00:00,1.0,3346.1,3343.50009765625,1.0288922776442309,transition,-906.7181201262324,signal_change,1
GC=F,SCORE,2025-07-08 12:00:00+00:00,2025-07-08 14:00:00+00:00,1.0,3334.400048828125,3324.4,1.126265157517346,transition,-2929.4876619113693,signal_change,2
GC=F,SCORE,2025-07-08 15:00:00+00:00,2025-07-08 19:00:00+00:00,-1.0,3306.00009765625,3314.299951171875,0.7104543557505348,transition,-1440.2511788915976,signal_change,4
GC=F,SCORE,2025-07-09 03:00:00+00:00,2025-07-09 04:00:00+00:00,-1.0,3296.599951171875,3301.70009765625,0.9491340307006975,transition,-1261.1685574909095,signal_change,1
GC=F,SCORE,2025-07-09 06:00:00+00:00,2025-07-09 07:00:00+00:00,-1.0,3297.700048828125,3300.70009765625,0.9354843776488456,transition,-913.4363208254397,signal_change,1
GC=F,SCORE,2025-07-09 08:00:00+00:00,2025-07-09 10:00:00+00:00,-1.0,3300.00009765625,3297.20009765625,0.9231879554112006,transition,384.66388859789794,signal_change,2
GC=F,SCORE,2025-07-09 12:00:00+00:00,2025-07-09 13:00:00+00:00,-1.0,3292.79990234375,3305.1,0.8864552672505525,transition,-2747.8387932176756,signal_change,1
GC=F,SCORE,2025-07-09 14:00:00+00:00,2025-07-09 15:00:00+00:00,-1.0,3309.200048828125,3320.49990234375,0.8652190957575938,range,-2699.4144318330978,signal_change,1
GC=F,SCORE,2025-07-10 05:00:00+00:00,2025-07-10 06:00:00+00:00,1.0,3330.49990234375,3329.599951171875,1.0649354641402378,transition,-511.95646624575795,signal_change,1
GC=F,SCORE,2025-07-10 07:00:00+00:00,2025-07-10 08:00:00+00:00,1.0,3333.70009765625,3329.50009765625,1.059193481992373,transition,-1307.6839663486364,signal_change,1
GC=F,SCORE,2025-07-10 09:00:00+00:00,2025-07-10 10:00:00+00:00,1.0,3337.400048828125,3335.200048828125,1.055443837955398,transition,-818.4334514583248,signal_change,1
GC=F,SCORE,2025-07-10 13:00:00+00:00,2025-07-10 17:00:00+00:00,1.0,3332.99990234375,3323.9,1.0274549314580625,transition,-2413.290726163772,signal_change,4
GC=F,SCORE,2025-07-10 18:00:00+00:00,2025-07-10 19:00:00+00:00,1.0,3326.20009765625,3330.29990234375,1.0742917484298193,transition,709.9830871674649,signal_change,1
GC=F,SCORE,2025-07-10 20:00:00+00:00,2025-07-10 22:00:00+00:00,1.0,3334.299951171875,3333.00009765625,1.109768729897656,transition,-631.0761873267508,signal_change,1
GC=F,SCORE,2025-07-11 01:00:00+00:00,2025-07-11 02:00:00+00:00,1.0,3343.70009765625,3340.00009765625,1.0693736744190894,transition,-1188.1714072894679,signal_change,1
GC=F,SCORE,2025-07-11 08:00:00+00:00,2025-07-11 09:00:00+00:00,1.0,3352.400048828125,3342.700048828125,0.985507232467101,transition,-2425.366674764893,signal_change,1
GC=F,SCORE,2025-07-11 13:00:00+00:00,2025-07-11 14:00:00+00:00,1.0,3367.20009765625,3363.700048828125,0.9679193359336122,transition,-1021.0582246104925,signal_change,1
GC=F,SCORE,2025-07-11 15:00:00+00:00,2025-07-11 17:00:00+00:00,1.0,3374.299951171875,3368.200048828125,0.9949433495054778,transition,-1623.7055280155864,signal_change,2
GC=F,SCORE,2025-07-11 18:00:00+00:00,2025-07-11 19:00:00+00:00,1.0,3367.6,3370.50009765625,0.9966747566098286,transition,375.74333879936796,signal_change,1
GC=F,SCORE,2025-07-15 13:00:00+00:00,2025-07-15 14:00:00+00:00,-1.0,3357.50009765625,3355.1,1.1392548931831181,shock,304.1077911279484,signal_change,1
GC=F,SCORE,2025-07-15 16:00:00+00:00,2025-07-15 17:00:00+00:00,-1.0,3336.200048828125,3336.49990234375,0.3726951169150933,transition,-126.14023135220619,signal_change,1
GC=F,SCORE,2025-07-16 13:00:00+00:00,2025-07-16 15:00:00+00:00,-1.0,3341.700048828125,3351.2500549316405,1.0237159371181397,transition,202.98566689229915,stop,3
GC=F,SCORE,2025-07-16 16:00:00+00:00,2025-07-16 17:00:00+00:00,-1.0,3350.4,3356.1,0.3129582315175983,shock,-485.2750923279299,signal_change,1
GC=F,SCORE,2025-07-16 17:00:00+00:00,2025-07-16 19:00:00+00:00,1.0,3356.1,3356.700048828125,0.3157609494849132,transition,-42.51311599548936,signal_change,2
GC=F,SCORE,2025-07-17 13:00:00+00:00,2025-07-17 14:00:00+00:00,-1.0,3318.00009765625,3339.7000528971353,0.7693765829849079,transition,1578.997136223147,stop,2
GC=F,SCORE,2025-07-18 08:00:00+00:00,2025-07-18 09:00:00+00:00,1.0,3356.1,3353.00009765625,1.166903179211216,transition,-1127.9424415135527,signal_change,1
GC=F,SCORE,2025-07-18 13:00:00+00:00,2025-07-18 19:00:00+00:00,1.0,3366.799951171875,3357.50009765625,1.244414402609784,transition,-2920.8888275256545,signal_change,6
GC=F,SCORE,2025-07-21 02:00:00+00:00,2025-07-21 03:00:00+00:00,1.0,3362.99990234375,3360.4,1.3550376546795169,transition,-1149.726726132481,signal_change,1
GC=F,SCORE,2025-07-21 05:00:00+00:00,2025-07-21 08:00:00+00:00,1.0,3363.99990234375,3372.00009765625,1.2869671783840162,transition,1942.4962602828646,signal_change,3
GC=F,SCORE,2025-07-21 09:00:00+00:00,2025-07-21 11:00:00+00:00,1.0,3373.70009765625,3373.200048828125,1.3921742298818922,transition,-529.9341817874856,signal_change,2
GC=F,SCORE,2025-07-21 12:00:00+00:00,2025-07-21 17:00:00+00:00,1.0,3382.99990234375,3409.9,1.3034201339262703,shock,7420.495816863969,signal_change,5
GC=F,SCORE,2025-07-22 08:00:00+00:00,2025-07-22 09:00:00+00:00,1.0,3399.400048828125,3400.700048828125,1.297225773007068,transition,23.02183269473673,signal_change,1
GC=F,SCORE,2025-07-22 12:00:00+00:00,2025-07-22 14:00:00+00:00,1.0,3401.20009765625,3419.349951171875,1.2284874436066042,shock,4627.299397013329,stop,3
GC=F,SCORE,2025-07-22 15:00:00+00:00,2025-07-22 16:00:00+00:00,1.0,3439.99990234375,3441.00009765625,0.4204515471213339,transition,-21.574334878033973,signal_change,1
GC=F,SCORE,2025-07-22 17:00:00+00:00,2025-07-22 18:00:00+00:00,1.0,3446.299951171875,3442.700048828125,1.1836987271145039,transition,-1264.2927386243364,signal_change,1
GC=F,SCORE,2025-07-23 07:00:00+00:00,2025-07-23 08:00:00+00:00,1.0,3437.900048828125,3434.29990234375,1.0822393531287626,transition,-1156.3158968616128,signal_change,1
GC=F,SCORE,2025-07-23 09:00:00+00:00,2025-07-23 10:00:00+00:00,1.0,3440.299951171875,3444.099951171875,1.0641223924841692,transition,602.8275263779207,signal_change,1
GC=F,SCORE,2025-07-23 16:00:00+00:00,2025-07-23 18:00:00+00:00,-1.0,3406.4,3402.400048828125,0.9925581633186983,shock,651.0648042536121,signal_change,2
GC=F,SCORE,2025-07-24 08:00:00+00:00,2025-07-24 09:00:00+00:00,-1.0,3372.50009765625,3374.299951171875,0.916983492868729,trend,-705.3253071641724,signal_change,1
GC=F,SCORE,2025-07-24 10:00:00+00:00,2025-07-24 11:00:00+00:00,-1.0,3368.700048828125,3368.99990234375,0.9108681444905072,trend,-187.0754229913507,signal_change,1
GC=F,SCORE,2025-07-24 13:00:00+00:00,2025-07-24 14:00:00+00:00,-1.0,3357.29990234375,3376.3915812174478,0.8873886611268169,trend,-1757.9958106973008,stop,2
GC=F,SCORE,2025-07-24 15:00:00+00:00,2025-07-24 18:00:00+00:00,-1.0,3377.4,3372.799951171875,0.9277872677840694,transition,745.2398903330024,signal_change,3
GC=F,SCORE,2025-07-25 09:00:00+00:00,2025-07-25 10:00:00+00:00,-1.0,3347.00009765625,3348.1,1.1420147261913849,transition,-544.5261766313064,signal_change,1
GC=F,SCORE,2025-07-25 13:00:00+00:00,2025-07-25 14:00:00+00:00,-1.0,3341.700048828125,3345.20009765625,1.1257025608163065,transition,-1200.4828245285798,signal_change,1
GC=F,SCORE,2025-07-25 15:00:00+00:00,2025-07-25 17:00:00+00:00,-1.0,3332.79990234375,3330.299951171875,0.406115379213782,shock,137.9760057664848,signal_change,2
GC=F,SCORE,2025-07-28 13:00:00+00:00,2025-07-28 13:00:00+00:00,-1.0,3327.9,3326.0750366210937,0.9641776593392749,shock,-663.0641983364077,stop,1
GC=F,SCORE,2025-07-28 14:00:00+00:00,2025-07-28 16:00:00+00:00,-1.0,3300.599951171875,3314.1,0.6522924551453034,shock,-2192.1368007311116,signal_change,2
GC=F,SCORE,2025-07-28 17:00:00+00:00,2025-07-28 19:00:00+00:00,-1.0,3311.200048828125,3312.70009765625,1.0085416421265638,transition,-527.2879172508492,signal_change,2
GC=F,SCORE,2025-07-28 22:00:00+00:00,2025-07-28 23:00:00+00:00,-1.0,3313.29990234375,3311.70009765625,1.0408072375135242,transition,190.7262455718078,signal_change,1
GC=F,SCORE,2025-07-29 07:00:00+00:00,2025-07-29 08:00:00+00:00,-1.0,3314.79990234375,3315.900048828125,1.0377454521372789,transition,-399.90896386951397,signal_change,1
GC=F,SCORE,2025-07-29 12:00:00+00:00,2025-07-29 13:00:00+00:00,-1.0,3313.4,3321.70009765625,0.982238057077675,transition,-2075.355831047483,signal_change,1
GC=F,SCORE,2025-07-29 14:00:00+00:00,2025-07-29 15:00:00+00:00,-1.0,3315.200048828125,3325.70009765625,1.0613603549903967,shock,-2764.254916347961,signal_change,1
GC=F,SCORE,2025-07-29 15:00:00+00:00,2025-07-29 17:00:00+00:00,1.0,3325.70009765625,3321.00009765625,0.3691011113036417,shock,-489.6806066624415,signal_change,2
GC=F,SCORE,2025-07-29 18:00:00+00:00,2025-07-29 19:00:00+00:00,1.0,3326.400048828125,3324.00009765625,1.0676000543695614,transition,-863.6686810207517,signal_change,1
GC=F,SCORE,2025-07-30 08:00:00+00:00,2025-07-30 08:00:00+00:00,1.0,3383.299951171875,3359.5999348958335,0.25114706531446873,shock,-1382.062060167363,stop,1
GC=F,SCORE,2025-07-30 11:00:00+00:00,2025-07-30 11:00:00+00:00,1.0,3382.99990234375,3345.458211263021,0.4520896098208261,transition,-3863.0273610962163,stop,1
GC=F,SCORE,2025-07-30 12:00:00+00:00,2025-07-30 12:00:00+00:00,1.0,3385.6,3343.5749715169272,0.401562052488015,transition,-3805.5577656005053,stop,1
GC=F,SCORE,2025-07-30 13:00:00+00:00,2025-07-30 14:00:00+00:00,1.0,3367.299951171875,3356.700048828125,0.3936942058129891,shock,-1019.2798462487666,signal_change,1
GC=F,SCORE,2025-07-30 17:00:00+00:00,2025-07-30 19:00:00+00:00,1.0,3352.49990234375,3332.200048828125,0.40534464856701236,transition,-1915.8691976315745,signal_change,2
GC=F,SCORE,2025-08-01 13:00:00+00:00,2025-08-01 14:00:00+00:00,1.0,3394.20009765625,3395.29990234375,0.3063993946324779,shock,-7.867290215777238,signal_change,1
GC=F,SCORE,2025-08-01 15:00:00+00:00,2025-08-01 18:00:00+00:00,1.0,3399.400048828125,3400.099951171875,0.8713827187777551,transition,-97.99274296771777,signal_change,3
GC=F,SCORE,2025-08-01 20:00:00+00:00,2025-08-03 22:00:00+00:00,1.0,3410.20009765625,3399.700048828125,0.8417240020573965,trend,-2126.4401021181884,signal_change,1
GC=F,SCORE,2025-08-04 04:00:00+00:00,2025-08-04 05:00:00+00:00,1.0,3412.20009765625,3410.700048828125,0.8117474075250533,trend,-474.91224550036804,signal_change,1
GC=F,SCORE,2025-08-04 07:00:00+00:00,2025-08-04 08:00:00+00:00,1.0,3415.20009765625,3408.599951171875,0.8051795775798598,trend,-1351.1586879098431,signal_change,1
GC=F,SCORE,2025-08-04 12:00:00+00:00,2025-08-04 13:00:00+00:00,1.0,3424.1,3420.599951171875,0.7927211381508161,trend,-800.1200506821287,signal_change,1
GC=F,SCORE,2025-08-04 14:00:00+00:00,2025-08-04 17:00:00+00:00,1.0,3437.6,3424.599951171875,0.6370412801569408,shock,-1926.4593029526457,signal_change,3
GC=F,SCORE,2025-08-04 18:00:00+00:00,2025-08-04 19:00:00+00:00,1.0,3428.299951171875,3430.099951171875,0.9754680378637373,transition,118.35930567297379,signal_change,1
GC=F,SCORE,2025-08-05 06:00:00+00:00,2025-08-05 07:00:00+00:00,1.0,3427.70009765625,3420.099951171875,1.2079111954132,transition,-2266.0224879929438,signal_change,1
GC=F,SCORE,2025-08-05 08:00:00+00:00,2025-08-05 09:00:00+00:00,1.0,3428.400048828125,3420.4,1.2151339521894613,transition,-2374.9830807485955,signal_change,1
GC=F,SCORE,2025-08-05 16:00:00+00:00,2025-08-05 17:00:00+00:00,1.0,3444.20009765625,3436.700048828125,1.1442986219968379,transition,-2099.976978999423,signal_change,1
GC=F,SCORE,2025-08-06 13:00:00+00:00,2025-08-06 16:00:00+00:00,1.0,3422.20009765625,3436.4,1.1669664425252557,shock,3192.878847719649,signal_change,3
GC=F,SCORE,2025-08-07 04:00:00+00:00,2025-08-07 05:00:00+00:00,1.0,3444.1,3445.00009765625,1.1750952478108618,transition,-82.46935313199785,signal_change,1
GC=F,SCORE,2025-08-07 06:00:00+00:00,2025-08-07 08:00:00+00:00,1.0,3445.1,3445.3749755859376,1.0967496733612547,transition,-225.0519595505175,stop,3
GC=F,SCORE,2025-08-07 09:00:00+00:00,2025-08-07 10:00:00+00:00,1.0,3452.299951171875,3450.29990234375,0.9719121646946361,transition,-660.0787998212672,signal_change,1
GC=F,SCORE,2025-08-07 15:00:00+00:00,2025-08-07 16:00:00+00:00,1.0,3450.20009765625,3453.79990234375,0.3082518364958414,transition,152.9744320233878,signal_change,1
GC=F,SCORE,2025-08-07 22:00:00+00:00,2025-08-07 22:00:00+00:00,1.0,3487.99990234375,3495.9250549316407,0.6871824392073694,transition,952.8998996446043,stop,1
GC=F,SCORE,2025-08-08 01:00:00+00:00,2025-08-08 02:00:00+00:00,1.0,3510.299951171875,3488.00009765625,0.6133994058198741,shock,-2984.3179399813316,signal_change,1
GC=F,SCORE,2025-08-08 13:00:00+00:00,2025-08-08 16:00:00+00:00,1.0,3481.49990234375,3492.29990234375,0.18828896042890608,transition,373.55042431148036,signal_change,3
GC=F,SCORE,2025-08-11 01:00:00+00:00,2025-08-11 02:00:00+00:00,-1.0,3443.79990234375,3442.299951171875,0.48894925234763015,transition,47.87150249973714,signal_change,1
GC=F,SCORE,2025-08-11 07:00:00+00:00,2025-08-11 09:00:00+00:00,-1.0,3425.50009765625,3419.70009765625,0.4973452638440343,transition,498.4766721433883,signal_change,2
GC=F,SCORE,2025-08-11 10:00:00+00:00,2025-08-11 11:00:00+00:00,-1.0,3409.099951171875,3413.49990234375,0.5183607268493945,transition,-596.1787249346293,signal_change,1
GC=F,SCORE,2025-08-11 15:00:00+00:00,2025-08-11 16:00:00+00:00,-1.0,3403.79990234375,3409.99990234375,0.5767925365953378,transition,-859.6065127972979,signal_change,1
GC=F,SCORE,2025-08-11 17:00:00+00:00,2025-08-11 19:00:00+00:00,-1.0,3403.200048828125,3406.400048828125,0.5681841202584097,transition,-461.35087510613175,signal_change,2
GC=F,SCORE,2025-08-12 14:00:00+00:00,2025-08-12 15:00:00+00:00,-1.0,3395.00009765625,3409.5000549316405,0.8383922954589176,transition,5195.861681886037,stop,2
GC=F,SCORE,2025-08-13 10:00:00+00:00,2025-08-13 12:00:00+00:00,1.0,3415.6,3413.4,0.9543551828038139,transition,-694.9558164474929,signal_change,2
GC=F,SCORE,2025-08-13 14:00:00+00:00,2025-08-13 17:00:00+00:00,1.0,3414.99990234375,3408.4,1.0444767724152355,transition,-1736.215146287473,signal_change,3
GC=F,SCORE,2025-08-14 07:00:00+00:00,2025-08-14 07:00:00+00:00,1.0,3410.900048828125,3395.3167114257812,1.0961460743695775,shock,-3909.765181342156,stop,1
GC=F,SCORE,2025-08-14 08:00:00+00:00,2025-08-14 09:00:00+00:00,-1.0,3394.099951171875,3393.70009765625,0.3794647575689424,transition,-33.668109212218404,signal_change,1
GC=F,SCORE,2025-08-14 13:00:00+00:00,2025-08-14 16:00:00+00:00,-1.0,3398.79990234375,3389.20009765625,1.0006765587040647,transition,1905.374183921016,signal_change,3
GC=F,SCORE,2025-08-14 17:00:00+00:00,2025-08-14 18:00:00+00:00,-1.0,3380.200048828125,3383.99990234375,0.9700321010061892,transition,-955.7893656989827,signal_change,1
GC=F,SCORE,2025-08-15 14:00:00+00:00,2025-08-15 15:00:00+00:00,-1.0,3382.099951171875,3388.1,1.1708963290379106,transition,-1650.7750107230765,signal_change,1
GC=F,SCORE,2025-08-18 14:00:00+00:00,2025-08-18 15:00:00+00:00,-1.0,3382.4,3379.6,1.2047446961289903,shock,559.6995949075631,signal_change,1
GC=F,SCORE,2025-08-19 13:00:00+00:00,2025-08-19 14:00:00+00:00,-1.0,3379.29990234375,3377.799951171875,1.587120078920804,shock,28.912673591776638,signal_change,1
GC=F,SCORE,2025-08-19 15:00:00+00:00,2025-08-19 19:00:00+00:00,-1.0,3369.29990234375,3361.900048828125,0.5100780936510816,transition,718.5841501263025,signal_change,4
GC=F,SCORE,2025-08-20 07:00:00+00:00,2025-08-20 08:00:00+00:00,-1.0,3365.50009765625,3367.799951171875,1.442316676192999,transition,-1083.5287919107361,signal_change,1
GC=F,SCORE,2025-08-20 15:00:00+00:00,2025-08-20 16:00:00+00:00,1.0,3390.99990234375,3384.4,1.4715217391304347,transition,-2439.9245697482083,signal_change,1
GC=F,SCORE,2025-08-20 18:00:00+00:00,2025-08-20 19:00:00+00:00,1.0,3390.299951171875,3388.50009765625,1.5580660731223188,transition,-993.941920300254,signal_change,1
GC=F,SCORE,2025-08-21 03:00:00+00:00,2025-08-21 04:00:00+00:00,1.0,3387.1,3382.29990234375,1.5123486392082668,transition,-1922.8859770325173,signal_change,1
GC=F,SCORE,2025-08-22 13:00:00+00:00,2025-08-22 13:00:00+00:00,-1.0,3364.9,3376.441691080729,0.516357237607178,shock,1132.3481191787632,stop,1
GC=F,SCORE,2025-08-22 15:00:00+00:00,2025-08-22 16:00:00+00:00,1.0,3419.49990234375,3412.4,0.4159040980981718,shock,-724.3221711864394,signal_change,1
GC=F,SCORE,2025-08-25 14:00:00+00:00,2025-08-25 16:00:00+00:00,1.0,3415.400048828125,3418.9,1.16878955993356,transition,556.1528035297201,signal_change,2
GC=F,SCORE,2025-08-26 00:00:00+00:00,2025-08-26 00:00:00+00:00,-1.0,3399.599951171875,3413.049845377604,1.285066400070713,shock,3305.642765830082,stop,1
GC=F,SCORE,2025-08-26 01:00:00+00:00,2025-08-26 02:00:00+00:00,1.0,3431.400048828125,3424.29990234375,0.4342692494246587,transition,-757.353407367967,signal_change,1
GC=F,SCORE,2025-08-26 14:00:00+00:00,2025-08-26 17:00:00+00:00,1.0,3422.49990234375,3432.099951171875,1.0255997418553537,transition,1800.2597570536857,signal_change,3
GC=F,SCORE,2025-08-26 22:00:00+00:00,2025-08-26 23:00:00+00:00,1.0,3443.1,3440.29990234375,0.9579129181691811,transition,-807.162333340871,signal_change,1
GC=F,SCORE,2025-08-27 08:00:00+00:00,2025-08-27 10:00:00+00:00,1.0,3430.400048828125,3426.79990234375,1.31452501624229,transition,-1330.0066354182288,signal_change,2
GC=F,SCORE,2025-08-27 15:00:00+00:00,2025-08-27 18:00:00+00:00,1.0,3435.799951171875,3447.29990234375,1.3752400390625,transition,2947.4647723159014,signal_change,3
GC=F,SCORE,2025-08-28 07:00:00+00:00,2025-08-28 08:00:00+00:00,1.0,3451.49990234375,3450.599951171875,1.4308781810420608,transition,-637.5353674225532,signal_change,1
GC=F,SCORE,2025-08-28 09:00:00+00:00,2025-08-28 10:00:00+00:00,1.0,3456.99990234375,3455.099951171875,1.4356796210069287,transition,-937.3243090455369,signal_change,1
GC=F,SCORE,2025-08-28 11:00:00+00:00,2025-08-28 22:00:00+00:00,1.0,3454.6,3477.099951171875,1.3838765146955971,transition,6123.320281732382,signal_change,10
GC=F,SCORE,2025-08-29 06:00:00+00:00,2025-08-29 07:00:00+00:00,1.0,3470.70009765625,3468.9,1.4494812704123008,transition,-920.4197426999834,signal_change,1
GC=F,SCORE,2025-08-29 08:00:00+00:00,2025-08-29 09:00:00+00:00,1.0,3471.20009765625,3470.599951171875,1.4705897119802758,transition,-564.6793269621697,signal_change,1
GC=F,SCORE,2025-08-29 12:00:00+00:00,2025-08-29 19:00:00+00:00,1.0,3469.900048828125,3509.50009765625,1.4875468386215978,transition,11911.817936118865,signal_change,7
GC=F,SCORE,2025-09-02 05:00:00+00:00,2025-09-02 06:00:00+00:00,1.0,3566.1,3561.599951171875,0.7343910584930173,shock,-873.5779670233084,signal_change,1
GC=F,SCORE,2025-09-02 13:00:00+00:00,2025-09-02 19:00:00+00:00,1.0,3548.1,3593.29990234375,0.7523189563571777,transition,6833.148080603622,signal_change,6
GC=F,SCORE,2025-09-03 07:00:00+00:00,2025-09-03 08:00:00+00:00,1.0,3601.70009765625,3598.29990234375,0.2737917812920723,shock,-263.7492461687366,signal_change,1
GC=F,SCORE,2025-09-03 09:00:00+00:00,2025-09-03 10:00:00+00:00,1.0,3607.1,3601.700048828125,0.8244804575431276,transition,-1131.5212806573315,signal_change,1
GC=F,SCORE,2025-09-03 11:00:00+00:00,2025-09-03 20:00:00+00:00,1.0,3608.70009765625,3619.4,0.8150271930033733,transition,1574.1697586448197,signal_change,9
GC=F,SCORE,2025-09-04 00:00:00+00:00,2025-09-04 01:00:00+00:00,1.0,3613.99990234375,3619.00009765625,0.840673499074194,transition,640.7050100298566,signal_change,1
GC=F,SCORE,2025-09-04 03:00:00+00:00,2025-09-04 04:00:00+00:00,-1.0,3589.200048828125,3587.70009765625,0.7937811634099663,transition,-29.02321243863946,signal_change,1
GC=F,SCORE,2025-09-04 14:00:00+00:00,2025-09-04 15:00:00+00:00,-1.0,3605.29990234375,3605.799951171875,0.7211176721429944,transition,-205.09838367177701,signal_change,1
GC=F,SCORE,2025-09-04 18:00:00+00:00,2025-09-04 19:00:00+00:00,-1.0,3600.599951171875,3602.299951171875,0.7265119107408392,transition,-446.05051216477443,signal_change,1
GC=F,SCORE,2025-09-05 04:00:00+00:00,2025-09-05 05:00:00+00:00,1.0,3617.70009765625,3616.700048828125,0.31979208800155423,shock,-149.77289608481007,signal_change,1
GC=F,SCORE,2025-09-05 13:00:00+00:00,2025-09-05 17:00:00+00:00,1.0,3639.70009765625,3651.4,0.306807442056765,transition,650.4769050497741,signal_change,4
GC=F,SCORE,2025-09-08 12:00:00+00:00,2025-09-08 18:00:00+00:00,1.0,3658.99990234375,3674.29990234375,0.7353158184914584,transition,2087.1510959062884,signal_change,6
GC=F,SCORE,2025-09-08 19:00:00+00:00,2025-09-08 20:00:00+00:00,1.0,3677.49990234375,3676.099951171875,0.9326511504030128,transition,-509.967616974663,signal_change,1
GC=F,SCORE,2025-09-09 01:00:00+00:00,2025-09-09 04:00:00+00:00,1.0,3679.70009765625,3685.79990234375,1.0201110958530968,transition,988.1315121689847,signal_change,3
GC=F,SCORE,2025-09-09 05:00:00+00:00,2025-09-09 06:00:00+00:00,1.0,3693.299951171875,3694.9,1.0146166884735586,trend,59.64867815647557,signal_change,1
GC=F,SCORE,2025-09-09 07:00:00+00:00,2025-09-09 08:00:00+00:00,1.0,3687.6,3683.700048828125,0.9639237703015502,transition,-1012.9930819995678,signal_change,1
GC=F,SCORE,2025-09-09 09:00:00+00:00,2025-09-09 10:00:00+00:00,1.0,3687.70009765625,3692.200048828125,1.014339965592292,transition,652.8740615657623,signal_change,1
GC=F,SCORE,2025-09-09 13:00:00+00:00,2025-09-09 14:00:00+00:00,1.0,3686.49990234375,3682.662451171875,0.949798847398094,shock,-985.5077635998259,stop,2
GC=F,SCORE,2025-09-11 06:00:00+00:00,2025-09-11 07:00:00+00:00,-1.0,3662.79990234375,3670.99990234375,1.0349727406645954,transition,-1868.4042814466973,signal_change,1
GC=F,SCORE,2025-09-11 10:00:00+00:00,2025-09-11 11:00:00+00:00,-1.0,3659.700048828125,3659.900048828125,1.0247045929922578,transition,-310.82240958576756,signal_change,1
GC=F,SCORE,2025-09-11 12:00:00+00:00,2025-09-11 12:00:00+00:00,-1.0,3654.79990234375,3674.8248697916665,0.9201019041161911,shock,3493.4000587387395,stop,1
GC=F,SCORE,2025-09-11 13:00:00+00:00,2025-09-11 16:00:00+00:00,-1.0,3666.700048828125,3671.99990234375,0.3205411519435275,transition,-429.39228481400283,signal_change,3
GC=F,SCORE,2025-09-12 13:00:00+00:00,2025-09-12 18:00:00+00:00,1.0,3683.70009765625,3687.29990234375,1.1653071425541024,transition,539.5456308455474,signal_change,5
GC=F,SCORE,2025-09-15 14:00:00+00:00,2025-09-15 18:00:00+00:00,1.0,3694.900048828125,3721.50009765625,0.41432603425007847,transition,2109.661998135347,signal_change,4
GC=F,SCORE,2025-09-16 01:00:00+00:00,2025-09-16 02:00:00+00:00,1.0,3725.49990234375,3717.50009765625,1.0447904557269183,transition,-1950.6434281671889,signal_change,1
GC=F,SCORE,2025-09-16 07:00:00+00:00,2025-09-16 08:00:00+00:00,1.0,3730.799951171875,3733.4,1.0550867054021078,transition,269.79188525023983,signal_change,1
GC=F,SCORE,2025-09-16 10:00:00+00:00,2025-09-16 11:00:00+00:00,1.0,3736.299951171875,3730.9,1.0685466432042512,transition,-1431.6449880626546,signal_change,1
GC=F,SCORE,2025-09-16 14:00:00+00:00,2025-09-16 15:00:00+00:00,1.0,3732.900048828125,3722.599951171875,1.008756070450305,transition,-2334.3512199884312,signal_change,1
GC=F,SCORE,2025-09-16 16:00:00+00:00,2025-09-16 17:00:00+00:00,1.0,3723.1,3726.9,1.0602886404126675,transition,523.9473790814104,signal_change,1
GC=F,SCORE,2025-09-17 08:00:00+00:00,2025-09-17 09:00:00+00:00,-1.0,3703.599951171875,3700.900048828125,1.171203436513731,transition,278.63639788549335,signal_change,1
GC=F,SCORE,2025-09-17 11:00:00+00:00,2025-09-17 12:00:00+00:00,-1.0,3696.79990234375,3701.49990234375,1.1255560917662781,transition,-1221.8911399729204,signal_change,1
GC=F,SCORE,2025-09-17 19:00:00+00:00,2025-09-17 22:00:00+00:00,-1.0,3685.700048828125,3692.6,0.6031097779590443,shock,-1479.4080133397447,signal_change,2
GC=F,SCORE,2025-09-18 02:00:00+00:00,2025-09-18 03:00:00+00:00,-1.0,3692.599951171875,3699.20009765625,0.7801489560717749,transition,-1234.9581994083333,signal_change,1
GC=F,SCORE,2025-09-18 05:00:00+00:00,2025-09-18 08:00:00+00:00,-1.0,3688.29990234375,3692.49990234375,0.7541555525024043,transition,-854.9516527495089,signal_change,3
GC=F,SCORE,2025-09-18 14:00:00+00:00,2025-09-18 16:00:00+00:00,-1.0,3675.200048828125,3674.70009765625,0.643611702503247,transition,-52.49720426374832,signal_change,2
GC=F,SCORE,2025-09-18 18:00:00+00:00,2025-09-18 19:00:00+00:00,-1.0,3676.599951171875,3674.6,0.6616937612884081,transition,92.3932300320486,signal_change,1
GC=F,SCORE,2025-09-19 15:00:00+00:00,2025-09-19 17:00:00+00:00,1.0,3700.99990234375,3702.099951171875,1.0649355489655898,transition,-44.698389134436155,signal_change,2
GC=F,SCORE,2025-09-19 18:00:00+00:00,2025-09-21 22:00:00+00:00,1.0,3713.20009765625,3721.200048828125,1.0293587786431546,transition,1366.3267488880592,signal_change,3
GC=F,SCORE,2025-09-22 01:00:00+00:00,2025-09-22 02:00:00+00:00,1.0,3725.900048828125,3723.9,0.9021309113130558,transition,-593.278506716074,signal_change,1
GC=F,SCORE,2025-09-22 07:00:00+00:00,2025-09-22 10:00:00+00:00,1.0,3749.20009765625,3757.79990234375,0.9260715851456197,transition,1325.8226220820397,signal_change,3
GC=F,SCORE,2025-09-22 11:00:00+00:00,2025-09-22 12:00:00+00:00,1.0,3761.99990234375,3758.79990234375,0.9104886854547551,transition,-810.2084041789266,signal_change,1
GC=F,SCORE,2025-09-22 13:00:00+00:00,2025-09-22 22:00:00+00:00,1.0,3755.70009765625,3781.099951171875,0.8862924390272001,trend,4193.478999303568,signal_change,8
GC=F,SCORE,2025-09-23 00:00:00+00:00,2025-09-23 05:00:00+00:00,1.0,3782.299951171875,3778.599951171875,0.3690126301960726,shock,-363.399316644546,signal_change,5
GC=F,SCORE,2025-09-23 06:00:00+00:00,2025-09-23 07:00:00+00:00,1.0,3787.400048828125,3787.700048828125,0.9792575232753716,transition,-198.9187387503284,signal_change,1
GC=F,SCORE,2025-09-23 08:00:00+00:00,2025-09-23 11:00:00+00:00,1.0,3787.70009765625,3816.4,0.9820189688818013,trend,5263.737633657089,signal_change,3
GC=F,SCORE,2025-09-23 12:00:00+00:00,2025-09-23 16:00:00+00:00,1.0,3816.70009765625,3811.599951171875,0.9488644029228085,trend,-1197.2623686418553,signal_change,4
GC=F,SCORE,2025-09-23 17:00:00+00:00,2025-09-23 18:00:00+00:00,1.0,3812.6,3810.00009765625,0.8765335782228101,transition,-676.4899213158121,signal_change,1
GC=F,SCORE,2025-09-24 14:00:00+00:00,2025-09-24 20:00:00+00:00,-1.0,3794.599951171875,3762.49990234375,0.8281817534274872,transition,5030.197935012623,signal_change,6
GC=F,SCORE,2025-09-25 13:00:00+00:00,2025-09-25 16:00:00+00:00,-1.0,3769.099951171875,3766.99990234375,0.748808548184725,transition,142.87327430749286,signal_change,3
GC=F,SCORE,2025-09-26 14:00:00+00:00,2025-09-26 17:00:00+00:00,1.0,3792.299951171875,3804.4,0.8454183639736764,shock,1801.3403667651385,signal_change,3
GC=F,SCORE,2025-09-26 18:00:00+00:00,2025-09-26 19:00:00+00:00,1.0,3813.1,3808.50009765625,0.8782339645160291,transition,-1030.035190902648,signal_change,1
GC=F,SCORE,2025-09-29 03:00:00+00:00,2025-09-29 04:00:00+00:00,1.0,3822.400048828125,3823.9,0.7652106386097494,transition,23.017031248130003,signal_change,1
GC=F,SCORE,2025-09-29 06:00:00+00:00,2025-09-29 08:00:00+00:00,1.0,3842.1,3836.099951171875,0.7342983269029256,transition,-1055.4746169226173,signal_change,2
GC=F,SCORE,2025-09-29 09:00:00+00:00,2025-09-29 10:00:00+00:00,1.0,3848.6,3837.599951171875,0.7137314198661844,transition,-1719.2165821835579,signal_change,1
GC=F,SCORE,2025-09-29 12:00:00+00:00,2025-09-29 13:00:00+00:00,1.0,3858.20009765625,3843.599951171875,0.6794634663206212,transition,-2103.8988648287004,signal_change,1
GC=F,SCORE,2025-09-29 14:00:00+00:00,2025-09-29 17:00:00+00:00,1.0,3850.70009765625,3858.9,0.6706059231894076,transition,889.7419819634908,signal_change,3
GC=F,SCORE,2025-09-30 01:00:00+00:00,2025-09-30 07:00:00+00:00,1.0,3867.6,3883.700048828125,0.7934244059063389,transition,2261.203312315561,signal_change,6
GC=F,SCORE,2025-09-30 10:00:00+00:00,2025-09-30 11:00:00+00:00,-1.0,3825.700048828125,3839.49990234375,0.6963849158201447,range,-2039.8088170607944,signal_change,1
GC=F,SCORE,2025-09-30 15:00:00+00:00,2025-09-30 16:00:00+00:00,1.0,3881.799951171875,3866.700048828125,0.2285174052263779,transition,-724.7159166843519,signal_change,1
GC=F,SCORE,2025-10-01 09:00:00+00:00,2025-10-01 12:00:00+00:00,1.0,3920.299951171875,3892.7999064127603,0.7147433668927142,transition,-3934.5372649181654,stop,4
GC=F,SCORE,2025-10-01 13:00:00+00:00,2025-10-01 18:00:00+00:00,1.0,3897.400048828125,3887.50009765625,0.7470865013602314,transition,-1604.7892607535032,signal_change,5
GC=F,SCORE,2025-10-02 15:00:00+00:00,2025-10-02 19:00:00+00:00,-1.0,3863.599951171875,3875.299951171875,0.2551667612680227,transition,-632.354458464863,signal_change,4
GC=F,SCORE,2025-10-03 16:00:00+00:00,2025-10-03 20:00:00+00:00,1.0,3914.6,3910.79990234375,0.3021233445025219,shock,-295.608892268318,signal_change,4
GC=F,SCORE,2025-10-05 23:00:00+00:00,2025-10-06 01:00:00+00:00,1.0,3927.70009765625,3926.4,0.8261643138186185,transition,-416.6912539416678,signal_change,2
GC=F,SCORE,2025-10-06 02:00:00+00:00,2025-10-06 10:00:00+00:00,1.0,3943.400048828125,3966.599951171875,0.8094564302884616,transition,3312.870198092124,signal_change,8
GC=F,SCORE,2025-10-06 11:00:00+00:00,2025-10-06 19:00:00+00:00,1.0,3966.49990234375,3982.79990234375,0.7344562621900357,trend,2052.85112766368,signal_change,8
GC=F,SCORE,2025-10-07 09:00:00+00:00,2025-10-07 10:00:00+00:00,1.0,3974.1,3977.4,0.7416463014018727,transition,265.35115822667973,signal_change,1
GC=F,SCORE,2025-10-07 11:00:00+00:00,2025-10-07 18:00:00+00:00,1.0,3983.299951171875,4003.79990234375,0.7606847249137714,shock,2722.094174044849,signal_change,7
GC=F,SCORE,2025-10-08 02:00:00+00:00,2025-10-08 08:00:00+00:00,1.0,4023.299951171875,4056.29990234375,0.7835341148352586,transition,4601.322862952607,signal_change,6
GC=F,SCORE,2025-10-08 09:00:00+00:00,2025-10-08 11:00:00+00:00,1.0,4058.299951171875,4059.099951171875,0.8026741997442263,trend,-90.92569457310479,signal_change,2
GC=F,SCORE,2025-10-08 12:00:00+00:00,2025-10-08 22:00:00+00:00,1.0,4060.20009765625,4061.700048828125,0.7915754568420451,transition,13.2382896425094,signal_change,9
GC=F,SCORE,2025-10-09 14:00:00+00:00,2025-10-09 16:00:00+00:00,-1.0,4034.29990234375,4036.7624755859374,0.20101753992157423,shock,391.97612120923753,stop,3
GC=F,SCORE,2025-10-09 17:00:00+00:00,2025-10-09 20:00:00+00:00,-1.0,3982.099951171875,3988.400048828125,0.3381324685848438,shock,-486.6052704360143,signal_change,3
GC=F,SCORE,2025-10-10 02:00:00+00:00,2025-10-10 03:00:00+00:00,-1.0,3987.9,3992.70009765625,0.5139585521267374,transition,-581.8388143919426,signal_change,1
GC=F,SCORE,2025-10-10 14:00:00+00:00,2025-10-10 15:00:00+00:00,-1.0,3995.4,4005.799951171875,0.48368316037775255,transition,-1056.3094470452263,signal_change,1
GC=F,SCORE,2025-10-10 18:00:00+00:00,2025-10-12 22:00:00+00:00,1.0,4005.1,4018.200048828125,0.18308989782675078,shock,405.9367721624516,signal_change,3
GC=F,SCORE,2025-10-12 23:00:00+00:00,2025-10-13 00:00:00+00:00,1.0,4058.900048828125,4052.9,0.158059398857233,transition,-217.14904927845794,signal_change,1
GC=F,SCORE,2025-10-13 09:00:00+00:00,2025-10-13 10:00:00+00:00,1.0,4097.1,4097.00009765625,0.46742626936373627,transition,-131.0932421874094,signal_change,1
GC=F,SCORE,2025-10-13 13:00:00+00:00,2025-10-13 17:00:00+00:00,1.0,4099.6,4125.29990234375,0.47077533006416195,transition,2091.69970894017,signal_change,4
GC=F,SCORE,2025-10-13 20:00:00+00:00,2025-10-13 22:00:00+00:00,1.0,4127.3998046875,4130.79990234375,0.564462808998137,trend,202.09915213382038,signal_change,1
GC=F,SCORE,2025-10-13 23:00:00+00:00,2025-10-14 05:00:00+00:00,1.0,4134.3001953125,4141.024816894531,0.23768369689896696,shock,237.19856183253432,stop,7
GC=F,SCORE,2025-10-14 06:00:00+00:00,2025-10-14 10:00:00+00:00,1.0,4135.3998046875,4143.79990234375,0.2084991639802644,shock,266.9641965518283,signal_change,4
GC=F,SCORE,2025-10-14 14:00:00+00:00,2025-10-14 15:00:00+00:00,1.0,4140.6,4145.29990234375,0.49665305238977847,transition,294.65344638092535,signal_change,1
GC=F,SCORE,2025-10-15 02:00:00+00:00,2025-10-15 03:00:00+00:00,1.0,4201.1,4195.29990234375,0.47601799108202264,transition,-620.6194583357258,signal_change,1
GC=F,SCORE,2025-10-15 07:00:00+00:00,2025-10-15 09:00:00+00:00,1.0,4217.1,4225.6998046875,0.19641882708444108,transition,250.51340836734437,signal_change,2
GC=F,SCORE,2025-10-15 10:00:00+00:00,2025-10-15 12:00:00+00:00,1.0,4208.8001953125,4214.4,0.55125092509889,transition,409.0329985810709,signal_change,2
GC=F,SCORE,2025-10-15 13:00:00+00:00,2025-10-15 22:00:00+00:00,1.0,4207.1,4225.00009765625,0.5647797704745405,transition,1664.653695944958,signal_change,8
GC=F,SCORE,2025-10-16 02:00:00+00:00,2025-10-16 04:00:00+00:00,1.0,4243.8998046875,4247.50009765625,0.6110630754929873,transition,231.95428500406638,signal_change,2
GC=F,SCORE,2025-10-16 13:00:00+00:00,2025-10-16 23:00:00+00:00,1.0,4250.8001953125,4360.1001953125,0.6417808949320513,transition,12263.108084284597,signal_change,9
GC=F,SCORE,2025-10-17 02:00:00+00:00,2025-10-17 03:00:00+00:00,1.0,4326.20009765625,4355.50009765625,0.15281753700657894,shock,754.8598751216724,signal_change,1
GC=F,SCORE,2025-10-17 08:00:00+00:00,2025-10-17 10:00:00+00:00,1.0,4354.6,4353.00009765625,0.38091424013217995,transition,-208.6941110425247,signal_change,2
GC=F,SCORE,2025-10-17 13:00:00+00:00,2025-10-17 14:00:00+00:00,1.0,4326.70009765625,4286.29990234375,0.31975139172920425,transition,-2381.8154977552776,signal_change,1
GC=F,SCORE,2025-10-17 17:00:00+00:00,2025-10-17 18:00:00+00:00,-1.0,4217.4,4234.3001953125,0.28495119926037576,transition,-910.0866316638896,signal_change,1
GC=F,SCORE,2025-10-20 06:00:00+00:00,2025-10-20 07:00:00+00:00,-1.0,4252.1998046875,4249.1,0.29433415108208905,transition,75.46226966233662,signal_change,1
GC=F,SCORE,2025-10-20 13:00:00+00:00,2025-10-20 14:00:00+00:00,1.0,4340.99990234375,4316.6998046875,0.3181750221169273,range,-1448.6623159698254,signal_change,1
GC=F,SCORE,2025-10-20 15:00:00+00:00,2025-10-20 22:00:00+00:00,1.0,4348.8001953125,4370.9,0.34582200509359856,transition,1254.9940412280455,signal_change,6
GC=F,SCORE,2025-10-21 01:00:00+00:00,2025-10-21 03:00:00+00:00,1.0,4385.99990234375,4354.6998046875,0.156441772205663,transition,-897.6374801608373,signal_change,2
GC=F,SCORE,2025-10-21 07:00:00+00:00,2025-10-21 08:00:00+00:00,1.0,4358.6,4312.50009765625,0.4329397944103737,transition,-3616.934984906152,signal_change,1
GC=F,SCORE,2025-10-21 13:00:00+00:00,2025-10-21 14:00:00+00:00,-1.0,4223.4,4188.474877929688,0.3688036194110927,shock,2648.7263556959983,stop,2
GC=F,SCORE,2025-10-21 15:00:00+00:00,2025-10-21 19:00:00+00:00,-1.0,4151.9,4128.49990234375,0.11575393770482872,trend,480.0341415653456,signal_change,4
GC=F,SCORE,2025-10-22 00:00:00+00:00,2025-10-22 01:00:00+00:00,-1.0,4106.6998046875,4130.9125305175785,0.27975348190384447,trend,3083.692329487183,stop,2
GC=F,SCORE,2025-10-22 02:00:00+00:00,2025-10-22 03:00:00+00:00,-1.0,4100.6001953125,4129.20009765625,0.273015084300317,trend,-1503.8570631434702,signal_change,1
GC=F,SCORE,2025-10-22 08:00:00+00:00,2025-10-22 17:00:00+00:00,-1.0,4146.1001953125,4074.799951171875,0.25031663942076726,trend,3117.0923413843375,signal_change,9
GC=F,SCORE,2025-10-23 10:00:00+00:00,2025-10-23 11:00:00+00:00,1.0,4139.70009765625,4122.79990234375,0.33569562882391357,transition,-1143.9302661156423,signal_change,1
GC=F,SCORE,2025-10-23 13:00:00+00:00,2025-10-23 19:00:00+00:00,1.0,4142.20009765625,4152.1998046875,0.37054371547179027,transition,589.9653022625666,signal_change,6
GC=F,SCORE,2025-10-24 01:00:00+00:00,2025-10-24 02:00:00+00:00,1.0,4147.8001953125,4133.1998046875,0.48854695675009596,transition,-1452.2742082711181,signal_change,1
GC=F,SCORE,2025-10-24 08:00:00+00:00,2025-10-24 09:00:00+00:00,-1.0,4088.700048828125,4078.799951171875,0.49303015414215545,transition,746.5830700731209,signal_change,1
GC=F,SCORE,2025-10-24 15:00:00+00:00,2025-10-24 16:00:00+00:00,-1.0,4133.00009765625,4146.70009765625,0.4632321103728156,transition,-1302.8083769169484,signal_change,1
GC=F,SCORE,2025-10-24 18:00:00+00:00,2025-10-24 19:00:00+00:00,-1.0,4123.4,4126.3998046875,0.4560730452332535,transition,-427.04171568920276,signal_change,1
GC=F,SCORE,2025-10-26 23:00:00+00:00,2025-10-27 01:00:00+00:00,-1.0,4097.1998046875,4094.99990234375,0.14221566815007972,shock,7.444651167764846,signal_change,2
GC=F,SCORE,2025-10-27 02:00:00+00:00,2025-10-27 04:00:00+00:00,-1.0,4094.50009765625,4082.1,0.40997369910634135,transition,626.6562871492787,signal_change,2
GC=F,SCORE,2025-10-27 14:00:00+00:00,2025-10-27 17:00:00+00:00,-1.0,4035.599951171875,4014.6,0.39134981337307917,shock,1491.308213853521,signal_change,3
GC=F,SCORE,2025-10-27 19:00:00+00:00,2025-10-27 22:00:00+00:00,-1.0,4014.099951171875,3999.99990234375,0.40725164428780625,transition,1460.4154390552562,signal_change,2
GC=F,SCORE,2025-10-28 07:00:00+00:00,2025-10-28 11:00:00+00:00,-1.0,3958.099951171875,3941.1,0.3953326030719878,transition,1224.4535009829192,signal_change,4
GC=F,SCORE,2025-10-28 13:00:00+00:00,2025-10-28 15:00:00+00:00,-1.0,3927.099951171875,3978.1332804361978,0.3881053974974785,transition,-1936.3637760806905,stop,3
GC=F,SCORE,2025-10-29 08:00:00+00:00,2025-10-29 12:00:00+00:00,1.0,4014.900048828125,4030.9,0.440175321009987,transition,1230.8221557695783,signal_change,4
GC=F,SCORE,2025-10-29 13:00:00+00:00,2025-10-29 15:00:00+00:00,1.0,4038.900048828125,4021.700048828125,0.48820852574629753,transition,-1733.3665330410674,signal_change,2
GC=F,SCORE,2025-10-29 16:00:00+00:00,2025-10-29 17:00:00+00:00,1.0,4007.900048828125,4007.200048828125,0.5062363036968583,transition,-204.0696182420237,signal_change,1
GC=F,SCORE,2025-10-29 18:00:00+00:00,2025-10-29 18:00:00+00:00,1.0,4008.70009765625,3964.9251098632812,0.45597035095049965,shock,-3947.964868024055,stop,1
GC=F,SCORE,2025-10-30 03:00:00+00:00,2025-10-30 04:00:00+00:00,-1.0,3934.79990234375,3949.6,0.4229246364705667,transition,-952.1061581315946,signal_change,1
GC=F,SCORE,2025-10-30 13:00:00+00:00,2025-10-30 14:00:00+00:00,-1.0,3972.099951171875,4007.70009765625,0.3569980286814347,transition,-2565.0041977717715,signal_change,1
GC=F,SCORE,2025-10-30 15:00:00+00:00,2025-10-30 16:00:00+00:00,-1.0,4009.099951171875,4015.400048828125,0.3519618948159102,range,-501.1072699655123,signal_change,1
GC=F,SCORE,2025-10-31 07:00:00+00:00,2025-10-31 09:00:00+00:00,1.0,4024.799951171875,4021.50009765625,0.4619250126544991,transition,-409.7835657436641,signal_change,2
GC=F,SCORE,2025-10-31 13:00:00+00:00,2025-10-31 16:00:00+00:00,1.0,4035.49990234375,4024.700048828125,0.49700229380942557,transition,-1142.5191053746432,signal_change,3
GC=F,SCORE,2025-10-31 17:00:00+00:00,2025-10-31 18:00:00+00:00,-1.0,3992.099951171875,4009.400048828125,0.17294378343895378,range,-588.3532995807095,signal_change,1
GC=F,SCORE,2025-11-03 01:00:00+00:00,2025-11-03 02:00:00+00:00,-1.0,3980.79990234375,4005.70009765625,0.48227538715204815,transition,-2488.0245592330457,signal_change,1
GC=F,SCORE,2025-11-04 14:00:00+00:00,2025-11-04 17:00:00+00:00,-1.0,3985.4,3979.49990234375,0.5636899334540736,shock,492.41631392498516,signal_change,3
GC=F,SCORE,2025-11-04 18:00:00+00:00,2025-11-04 21:00:00+00:00,-1.0,3965.00009765625,3948.900048828125,0.5488438930578589,transition,1580.343807821901,signal_change,3
GC=F,SCORE,2025-11-05 02:00:00+00:00,2025-11-05 03:00:00+00:00,-1.0,3945.200048828125,3957.20009765625,0.5818565668409529,transition,-1584.654614012961,signal_change,1
GC=F,SCORE,2025-11-05 16:00:00+00:00,2025-11-05 18:00:00+00:00,1.0,3988.6,3991.599951171875,0.6534278008983311,transition,199.04826928796066,signal_change,2
GC=F,SCORE,2025-11-05 19:00:00+00:00,2025-11-05 21:00:00+00:00,1.0,3992.299951171875,3995.00009765625,0.2528031766965796,shock,62.529519845290835,signal_change,2
GC=F,SCORE,2025-11-06 01:00:00+00:00,2025-11-06 04:00:00+00:00,1.0,3984.99990234375,3995.4,0.7255726342978193,transition,1239.7341655512478,signal_change,3
GC=F,SCORE,2025-11-06 07:00:00+00:00,2025-11-06 10:00:00+00:00,1.0,4000.900048828125,4020.29990234375,0.8016239698159318,transition,2731.594740617979,signal_change,3
GC=F,SCORE,2025-11-06 11:00:00+00:00,2025-11-06 13:00:00+00:00,1.0,4017.70009765625,4014.50009765625,0.8754767014183129,transition,-762.3350767950127,signal_change,2
GC=F,SCORE,2025-11-06 14:00:00+00:00,2025-11-06 15:00:00+00:00,1.0,4021.20009765625,4001.4,0.8136683069530715,shock,-3259.075864199307,signal_change,1
GC=F,SCORE,2025-11-07 15:00:00+00:00,2025-11-07 16:00:00+00:00,-1.0,4000.4,3998.400048828125,0.7740563910662938,shock,204.86456025440725,signal_change,1
GC=F,SCORE,2025-11-07 17:00:00+00:00,2025-11-07 20:00:00+00:00,1.0,4015.99990234375,4013.9,0.24930355636325813,transition,-164.56283382878848,signal_change,3
GC=F,SCORE,2025-11-10 00:00:00+00:00,2025-11-10 01:00:00+00:00,1.0,4019.799951171875,4027.79990234375,0.7508471874184682,transition,931.4893561557922,signal_change,1
GC=F,SCORE,2025-11-10 02:00:00+00:00,2025-11-10 04:00:00+00:00,1.0,4052.900048828125,4058.4,0.7104721543856548,transition,542.0369389829732,signal_change,2
GC=F,SCORE,2025-11-10 06:00:00+00:00,2025-11-10 08:00:00+00:00,1.0,4077.900048828125,4083.29990234375,0.7034452071550086,trend,519.7680967196221,signal_change,2
GC=F,SCORE,2025-11-10 09:00:00+00:00,2025-11-10 10:00:00+00:00,1.0,4090.6,4084.700048828125,0.6990694672015565,transition,-949.5590458832432,signal_change,1
GC=F,SCORE,2025-11-10 12:00:00+00:00,2025-11-11 00:00:00+00:00,1.0,4094.1,4126.79990234375,0.7081504925259702,trend,4093.9866183889308,signal_change,11
GC=F,SCORE,2025-11-11 01:00:00+00:00,2025-11-11 05:00:00+00:00,1.0,4137.3998046875,4149.00009765625,0.7857470171338242,trend,1468.9216503690968,signal_change,4
GC=F,SCORE,2025-11-11 09:00:00+00:00,2025-11-11 13:00:00+00:00,1.0,4142.49990234375,4140.6998046875,0.8517455222078605,transition,-508.3919382570048,signal_change,4
GC=F,SCORE,2025-11-11 14:00:00+00:00,2025-11-11 15:00:00+00:00,1.0,4149.49990234375,4125.391581217448,0.8603684059329338,transition,-4039.884920036211,stop,2
GC=F,SCORE,2025-11-12 04:00:00+00:00,2025-11-12 05:00:00+00:00,-1.0,4117.50009765625,4116.6,0.8173072119307487,transition,-50.48794408064536,signal_change,1
GC=F,SCORE,2025-11-12 16:00:00+00:00,2025-11-12 20:00:00+00:00,1.0,4187.8001953125,4203.29990234375,0.2521078988291574,shock,641.8351131309541,signal_change,4
GC=F,SCORE,2025-11-13 08:00:00+00:00,2025-11-13 10:00:00+00:00,1.0,4224.8001953125,4238.00009765625,0.605357846630681,trend,1275.8231367780486,signal_change,2
GC=F,SCORE,2025-11-13 12:00:00+00:00,2025-11-13 14:00:00+00:00,1.0,4234.8001953125,4199.008626302083,0.595014455809457,trend,-3978.647165364875,stop,3
GC=F,SCORE,2025-11-13 19:00:00+00:00,2025-11-13 21:00:00+00:00,-1.0,4161.4,4167.99990234375,0.179242281277874,transition,-268.7037156594968,signal_change,2
GC=F,SCORE,2025-11-14 12:00:00+00:00,2025-11-14 13:00:00+00:00,-1.0,4135.00009765625,4116.824792480469,0.4649076995158519,transition,1170.9108920758667,stop,2
GC=F,SCORE,2025-11-14 14:00:00+00:00,2025-11-14 16:00:00+00:00,-1.0,4056.29990234375,4108.074975585938,0.27539454187090157,shock,-1444.2805216840713,stop,3
GC=F,SCORE,2025-11-14 17:00:00+00:00,2025-11-14 19:00:00+00:00,-1.0,4107.29990234375,4100.3001953125,0.39956199726961805,transition,453.7233480171295,signal_change,2
GC=F,SCORE,2025-11-17 03:00:00+00:00,2025-11-17 04:00:00+00:00,-1.0,4082.50009765625,4084.299951171875,0.4330858587013601,transition,-210.57650409029844,signal_change,1
GC=F,SCORE,2025-11-17 05:00:00+00:00,2025-11-17 07:00:00+00:00,-1.0,4079.700048828125,4066.6,0.4161256218723921,transition,834.789360709708,signal_change,2
GC=F,SCORE,2025-11-17 11:00:00+00:00,2025-11-17 12:00:00+00:00,-1.0,4071.79990234375,4080.1,0.407466522111214,transition,-736.2985171475024,signal_change,1
GC=F,SCORE,2025-11-17 15:00:00+00:00,2025-11-17 16:00:00+00:00,1.0,4077.70009765625,4065.099951171875,0.1776847352563093,shock,-462.11995019881675,signal_change,1
GC=F,SCORE,2025-11-17 20:00:00+00:00,2025-11-17 23:00:00+00:00,-1.0,4011.29990234375,4045.70009765625,0.3341151171659296,transition,-2175.94835921839,signal_change,2
GC=F,SCORE,2025-11-18 04:00:00+00:00,2025-11-18 05:00:00+00:00,-1.0,4012.099951171875,4010.20009765625,0.4623633292635393,transition,-95.87535458208586,signal_change,1
GC=F,SCORE,2025-11-18 16:00:00+00:00,2025-11-18 17:00:00+00:00,-1.0,4053.29990234375,4067.299951171875,0.4614183245452191,range,-1339.1657945110169,signal_change,1
GC=F,SCORE,2025-11-19 06:00:00+00:00,2025-11-19 07:00:00+00:00,1.0,4096.6,4091.29990234375,0.5689504889321911,transition,-702.836678271938,signal_change,1
GC=F,SCORE,2025-11-19 10:00:00+00:00,2025-11-19 11:00:00+00:00,1.0,4114.20009765625,4109.6001953125,0.58430333142032,transition,-643.8659523855636,signal_change,1
GC=F,SCORE,2025-11-19 14:00:00+00:00,2025-11-19 16:00:00+00:00,1.0,4111.8998046875,4081.324774169922,0.6138544401348215,transition,-3583.8733305485284,stop,3
GC=F,SCORE,2025-11-20 14:00:00+00:00,2025-11-20 15:00:00+00:00,-1.0,4079.9,4092.400048828125,0.4339974774748341,transition,-1138.2789046268156,signal_change,1
GC=F,SCORE,2025-11-20 16:00:00+00:00,2025-11-20 18:00:00+00:00,-1.0,4069.200048828125,4064.799951171875,0.4322047286517225,transition,241.53750328553733,signal_change,2
GC=F,SCORE,2025-11-21 17:00:00+00:00,2025-11-21 18:00:00+00:00,1.0,4099.70009765625,4084.9,0.48371868918461186,transition,-1428.9737397790316,signal_change,1
GC=F,SCORE,2025-11-24 13:00:00+00:00,2025-11-24 14:00:00+00:00,1.0,4078.1,4075.00009765625,0.5572418040790574,shock,-460.346230832396,signal_change,1
GC=F,SCORE,2025-11-24 16:00:00+00:00,2025-11-24 18:00:00+00:00,1.0,4090.1,4091.700048828125,0.5959541414426052,transition,19.036636170865577,signal_change,2
GC=F,SCORE,2025-11-24 19:00:00+00:00,2025-11-24 20:00:00+00:00,1.0,4119.49990234375,4117.29990234375,0.21519469842797562,transition,-141.38726077431653,signal_change,1
GC=F,SCORE,2025-11-24 21:00:00+00:00,2025-11-24 23:00:00+00:00,1.0,4130.3998046875,4133.4,0.6480991514102972,transition,182.26079717905418,signal_change,1
GC=F,SCORE,2025-11-25 03:00:00+00:00,2025-11-25 04:00:00+00:00,1.0,4147.1,4139.6001953125,0.6846916747194535,trend,-1099.1708051929766,signal_change,1
GC=F,SCORE,2025-11-25 06:00:00+00:00,2025-11-25 07:00:00+00:00,1.0,4147.99990234375,4138.00009765625,0.7050427038196714,transition,-1445.7849824836399,signal_change,1
GC=F,SCORE,2025-11-25 09:00:00+00:00,2025-11-25 09:00:00+00:00,1.0,4150.1,4112.858337402344,0.19609582123448516,shock,-1356.2266006756843,stop,1
GC=F,SCORE,2025-11-25 12:00:00+00:00,2025-11-25 13:00:00+00:00,1.0,4130.70009765625,4127.00009765625,0.15242553920507826,shock,-140.44197629053366,signal_change,1
GC=F,SCORE,2025-11-25 14:00:00+00:00,2025-11-25 14:00:00+00:00,1.0,4181.8001953125,4125.716898600261,0.1299950270579073,shock,-1324.3593814681917,stop,1
GC=F,SCORE,2025-11-25 15:00:00+00:00,2025-11-25 16:00:00+00:00,1.0,4121.8998046875,4118.50009765625,0.12346934376565806,transition,-100.85030138148954,signal_change,1
GC=F,SCORE,2025-11-25 18:00:00+00:00,2025-11-25 19:00:00+00:00,1.0,4180.6,4131.6001953125,0.10226981858657411,transition,-912.1371275737694,signal_change,1
GC=F,SCORE,2025-11-25 21:00:00+00:00,2025-11-25 23:00:00+00:00,1.0,4129.20009765625,4166.9,0.0943565424001563,transition,613.4141646968988,signal_change,1
GC=F,SCORE,2025-11-26 16:00:00+00:00,2025-11-26 19:00:00+00:00,1.0,4200.49990234375,4198.6998046875,0.20055354813548182,transition,-114.95485180576158,signal_change,3
GC=F,SCORE,2025-11-26 20:00:00+00:00,2025-11-26 23:00:00+00:00,1.0,4196.70009765625,4198.50009765625,0.07267657603246885,transition,4.366500701002117,signal_change,2
GC=F,SCORE,2025-11-28 15:30:00+00:00,2025-12-01 04:00:00+00:00,1.0,4233.8001953125,4274.00009765625,0.0753047548557584,transition,507.88464821158897,signal_change,8
GC=F,SCORE,2025-12-01 05:00:00+00:00,2025-12-01 07:00:00+00:00,1.0,4280.6,4270.1001953125,0.23219575930480293,transition,-479.6323438014079,signal_change,2
GC=F,SCORE,2025-12-01 08:00:00+00:00,2025-12-01 12:00:00+00:00,1.0,4278.8001953125,4289.6001953125,0.24571935658430044,transition,394.96627152420774,signal_change,4
GC=F,SCORE,2025-12-01 14:00:00+00:00,2025-12-01 23:00:00+00:00,1.0,4281.8001953125,4265.1998046875,0.24928744136230768,shock,-777.8200807842236,signal_change,8
GC=F,SCORE,2025-12-02 10:00:00+00:00,2025-12-02 11:00:00+00:00,-1.0,4222.79990234375,4216.3001953125,0.27173375598616867,trend,229.57314215036155,signal_change,1
GC=F,SCORE,2025-12-02 15:00:00+00:00,2025-12-02 18:00:00+00:00,-1.0,4250.6998046875,4224.8001953125,0.26475629021139707,shock,1090.0661734342045,signal_change,3
GC=F,SCORE,2025-12-03 14:00:00+00:00,2025-12-03 15:00:00+00:00,1.0,4268.8001953125,4243.79990234375,0.3424370508733861,range,-1571.0512135459749,signal_change,1
GC=F,SCORE,2025-12-03 17:00:00+00:00,2025-12-03 19:00:00+00:00,1.0,4231.70009765625,4228.29990234375,0.12976838525510007,shock,-109.43765519970056,signal_change,2
GC=F,SCORE,2025-12-04 15:00:00+00:00,2025-12-04 16:00:00+00:00,-1.0,4231.1001953125,4237.8998046875,0.3797134919130194,transition,-507.85290929701756,signal_change,1
GC=F,SCORE,2025-12-04 18:00:00+00:00,2025-12-04 19:00:00+00:00,1.0,4246.8998046875,4238.4,0.14598744098697408,transition,-252.8104845952061,signal_change,1
GC=F,SCORE,2025-12-05 05:00:00+00:00,2025-12-05 08:00:00+00:00,1.0,4246.49990234375,4254.50009765625,0.41275619360247945,transition,467.36775209214153,signal_change,3
GC=F,SCORE,2025-12-05 10:00:00+00:00,2025-12-05 11:00:00+00:00,1.0,4253.3998046875,4252.6998046875,0.5753635021452423,transition,-217.09660954364534,signal_change,1
GC=F,SCORE,2025-12-05 13:00:00+00:00,2025-12-05 16:00:00+00:00,1.0,4259.1,4240.149816894531,0.6514591830265632,trend,-2299.6626437160594,stop,4
GC=F,SCORE,2025-12-08 15:00:00+00:00,2025-12-08 18:00:00+00:00,-1.0,4225.1998046875,4224.3998046875,0.36870152361724273,transition,-20.028345918760166,signal_change,3
GC=F,SCORE,2025-12-08 19:00:00+00:00,2025-12-08 20:00:00+00:00,-1.0,4215.9,4216.3001953125,0.4276682959204816,transition,-109.21644274655375,signal_change,1
GC=F,SCORE,2025-12-09 16:00:00+00:00,2025-12-09 18:00:00+00:00,1.0,4242.3998046875,4232.00009765625,0.8968474460793084,transition,-1844.1388207678078,signal_change,2
GC=F,SCORE,2025-12-09 19:00:00+00:00,2025-12-09 21:00:00+00:00,1.0,4237.99990234375,4240.79990234375,0.9369821802256596,transition,215.23010321690455,signal_change,2
GC=F,SCORE,2025-12-10 16:00:00+00:00,2025-12-10 17:00:00+00:00,-1.0,4222.00009765625,4233.1,1.1174365209620458,transition,-2476.8599947051875,signal_change,1
GC=F,SCORE,2025-12-10 21:00:00+00:00,2025-12-10 23:00:00+00:00,1.0,4259.20009765625,4258.1998046875,0.3254161552266387,transition,-138.36486311365636,signal_change,1
GC=F,SCORE,2025-12-11 14:00:00+00:00,2025-12-11 19:00:00+00:00,1.0,4248.6,4298.29990234375,0.7072948285534685,transition,5860.3003355044075,signal_change,5
GC=F,SCORE,2025-12-11 21:00:00+00:00,2025-12-11 23:00:00+00:00,1.0,4304.99990234375,4309.00009765625,0.7005128367947105,transition,300.5898870936561,signal_change,1
GC=F,SCORE,2025-12-12 06:00:00+00:00,2025-12-12 13:00:00+00:00,1.0,4309.99990234375,4361.29990234375,0.7795708688515911,trend,6631.386850453741,signal_change,7
GC=F,SCORE,2025-12-12 14:00:00+00:00,2025-12-12 15:00:00+00:00,1.0,4375.8998046875,4343.6416015625,0.6812414211964773,trend,-3906.8401742491205,stop,2
GC=F,SCORE,2025-12-15 17:00:00+00:00,2025-12-15 20:00:00+00:00,1.0,4328.20009765625,4342.6998046875,0.2804944001805665,shock,622.6924062982027,signal_change,3
GC=F,SCORE,2025-12-16 14:00:00+00:00,2025-12-16 15:00:00+00:00,-1.0,4342.6001953125,4355.99990234375,0.7190300143462772,transition,-1850.5004601920434,signal_change,1
GC=F,SCORE,2025-12-16 17:00:00+00:00,2025-12-16 18:00:00+00:00,-1.0,4332.00009765625,4334.1,0.7255266954677173,transition,-370.8319600182045,signal_change,1
GC=F,SCORE,2025-12-17 14:00:00+00:00,2025-12-17 16:00:00+00:00,1.0,4373.6,4361.6001953125,0.7184361656432278,transition,-1637.9192955201052,signal_change,2
GC=F,SCORE,2025-12-17 17:00:00+00:00,2025-12-17 20:00:00+00:00,1.0,4365.20009765625,4369.1998046875,0.757078910962783,shock,318.2101890516715,signal_change,3
GC=F,SCORE,2025-12-18 14:00:00+00:00,2025-12-18 14:00:00+00:00,1.0,4368.49990234375,4342.291585286458,0.8350213048479048,transition,-3902.678129405337,stop,1
GC=F,SCORE,2025-12-18 17:00:00+00:00,2025-12-18 17:00:00+00:00,1.0,4394.70009765625,4365.941813151042,0.2665520739564905,shock,-1345.606005121159,stop,1
GC=F,SCORE,2025-12-19 16:00:00+00:00,2025-12-19 17:00:00+00:00,1.0,4381.3998046875,4383.4,0.7775007974458639,transition,62.99970200408572,signal_change,1
GC=F,SCORE,2025-12-19 19:00:00+00:00,2025-12-19 20:00:00+00:00,1.0,4380.3001953125,4376.29990234375,0.3467932230247642,shock,-319.32291370670106,signal_change,1
GC=F,SCORE,2025-12-22 00:00:00+00:00,2025-12-22 08:00:00+00:00,1.0,4385.3998046875,4446.79990234375,0.9327783830448483,transition,9307.045206281855,signal_change,8
GC=F,SCORE,2025-12-22 13:00:00+00:00,2025-12-22 20:00:00+00:00,1.0,4449.6,4468.79990234375,0.8687642765843402,trend,2553.006971893846,signal_change,7
GC=F,SCORE,2025-12-22 21:00:00+00:00,2025-12-23 05:00:00+00:00,1.0,4472.6,4514.4,0.8791255945851437,trend,5875.812343282267,signal_change,7
GC=F,SCORE,2025-12-23 07:00:00+00:00,2025-12-23 10:00:00+00:00,1.0,4513.70009765625,4511.6998046875,0.9213273383383799,transition,-543.0995479316566,signal_change,3
GC=F,SCORE,2025-12-23 11:00:00+00:00,2025-12-23 13:00:00+00:00,1.0,4516.8998046875,4518.4,0.9109303727387683,trend,-8.142885568870298,signal_change,2
GC=F,SCORE,2025-12-23 14:00:00+00:00,2025-12-23 14:00:00+00:00,1.0,4510.3001953125,4481.750244140625,0.7867676412285143,shock,-3929.240746832507,stop,1
GC=F,SCORE,2025-12-23 16:00:00+00:00,2025-12-23 18:00:00+00:00,1.0,4485.99990234375,4499.9,0.26801740347515735,shock,549.5913325728726,signal_change,2
GC=F,SCORE,2025-12-24 15:30:00+00:00,2025-12-24 16:30:00+00:00,-1.0,4491.6998046875,4484.70009765625,0.5806814014945566,transition,505.72724154323566,signal_change,1
GC=F,SCORE,2025-12-26 14:00:00+00:00,2025-12-26 17:00:00+00:00,1.0,4557.6,4570.29990234375,0.5825830617196531,transition,1063.6701241352603,signal_change,3
GC=F,SCORE,2025-12-26 19:00:00+00:00,2025-12-26 20:00:00+00:00,1.0,4562.49990234375,4554.6998046875,0.5445168037591388,transition,-834.6278375928437,signal_change,1
GC=F,SCORE,2025-12-29 03:00:00+00:00,2025-12-29 04:00:00+00:00,1.0,4536.6,4540.6998046875,0.5605130708613961,transition,233.86862662428334,signal_change,1
GC=F,SCORE,2025-12-29 14:00:00+00:00,2025-12-29 19:00:00+00:00,-1.0,4440.50009765625,4350.1,0.3962531106733195,shock,6024.06386101121,signal_change,5
GC=F,SCORE,2025-12-30 04:00:00+00:00,2025-12-30 05:00:00+00:00,-1.0,4373.6998046875,4378.3998046875,0.4074073653309582,transition,-323.1206286934479,signal_change,1
GC=F,SCORE,2025-12-30 14:00:00+00:00,2025-12-30 15:00:00+00:00,-1.0,4403.50009765625,4381.3998046875,0.4599887050444536,shock,1615.4790844399024,signal_change,1
GC=F,SCORE,2025-12-30 17:00:00+00:00,2025-12-30 18:00:00+00:00,1.0,4393.70009765625,4385.4,0.19190525387220875,shock,-323.0139317958072,signal_change,1
GC=F,SCORE,2025-12-31 06:00:00+00:00,2025-12-31 07:00:00+00:00,-1.0,4296.9,4339.3998046875,0.4299587118084228,transition,-3253.767559506598,signal_change,1
GC=F,SCORE,2025-12-31 11:00:00+00:00,2025-12-31 12:00:00+00:00,-1.0,4318.79990234375,4323.99990234375,0.42204053684792486,transition,-461.1629868253113,signal_change,1
GC=F,SCORE,2025-12-31 19:00:00+00:00,2025-12-31 20:00:00+00:00,-1.0,4333.6001953125,4324.3001953125,0.4271929625672061,transition,635.1706820809236,signal_change,1
GC=F,SCORE,2026-01-02 14:00:00+00:00,2026-01-02 15:00:00+00:00,1.0,4377.8998046875,4364.6001953125,0.17902141863275137,transition,-454.2025659293019,signal_change,1
GC=F,SCORE,2026-01-05 01:00:00+00:00,2026-01-05 03:00:00+00:00,1.0,4404.70009765625,4414.6998046875,0.5233654412488872,transition,754.5895368005131,signal_change,2
GC=F,SCORE,2026-01-05 07:00:00+00:00,2026-01-05 08:00:00+00:00,1.0,4429.99990234375,4431.29990234375,0.5849769234735974,transition,-22.699626232897174,signal_change,1
GC=F,SCORE,2026-01-05 09:00:00+00:00,2026-01-05 11:00:00+00:00,1.0,4439.8998046875,4447.6001953125,0.5883409005733585,transition,612.925563294388,signal_change,2
GC=F,SCORE,2026-01-05 14:00:00+00:00,2026-01-05 20:00:00+00:00,1.0,4429.1,4450.6001953125,0.5675618891950017,transition,1921.720201463014,signal_change,6
GC=F,SCORE,2026-01-05 21:00:00+00:00,2026-01-06 00:00:00+00:00,1.0,4455.20009765625,4450.50009765625,0.6098036305044272,trend,-642.0416839878171,signal_change,2
GC=F,SCORE,2026-01-06 02:00:00+00:00,2026-01-06 06:00:00+00:00,1.0,4460.20009765625,4463.1998046875,0.6865552538385494,transition,170.78831608587876,signal_change,4
GC=F,SCORE,2026-01-06 07:00:00+00:00,2026-01-06 08:00:00+00:00,1.0,4475.6,4468.4,0.6913071817265197,transition,-1015.6349809015747,signal_change,1
GC=F,SCORE,2026-01-06 09:00:00+00:00,2026-01-06 10:00:00+00:00,1.0,4479.1,4456.1001953125,0.6552069003061778,transition,-2696.4795303175047,signal_change,1
GC=F,SCORE,2026-01-06 14:00:00+00:00,2026-01-06 20:00:00+00:00,1.0,4478.49990234375,4492.00009765625,0.6740702421892149,transition,1348.6021549015975,signal_change,6
GC=F,SCORE,2026-01-06 21:00:00+00:00,2026-01-06 23:00:00+00:00,1.0,4504.20009765625,4505.29990234375,0.7104914894053878,transition,-53.41627279442102,signal_change,1
GC=F,SCORE,2026-01-07 15:00:00+00:00,2026-01-07 17:00:00+00:00,-1.0,4454.50009765625,4474.20009765625,0.6541403311232156,transition,-2338.4470312461667,signal_change,2
GC=F,SCORE,2026-01-07 18:00:00+00:00,2026-01-07 19:00:00+00:00,-1.0,4461.50009765625,4461.8001953125,0.6566017140776652,transition,-158.2108562368094,signal_change,1
GC=F,SCORE,2026-01-08 17:00:00+00:00,2026-01-08 18:00:00+00:00,1.0,4472.8001953125,4472.6001953125,0.7417602474614152,range,-215.84724315802796,signal_change,1
GC=F,SCORE,2026-01-08 21:00:00+00:00,2026-01-08 23:00:00+00:00,1.0,4485.3001953125,4489.1998046875,0.7289507884684019,transition,285.70704558612306,signal_change,1
GC=F,SCORE,2026-01-09 14:00:00+00:00,2026-01-09 18:00:00+00:00,1.0,4492.3001953125,4493.50009765625,0.7631581255274436,transition,-40.930885061184256,signal_change,4
GC=F,SCORE,2026-01-09 19:00:00+00:00,2026-01-09 20:00:00+00:00,1.0,4505.8998046875,4507.9,0.7439446613988816,transition,55.28357410026712,signal_change,1
GC=F,SCORE,2026-01-12 00:00:00+00:00,2026-01-12 00:00:00+00:00,1.0,4550.1,4554.9751953125,0.20954446854663775,shock,113.92855664625255,stop,1
GC=F,SCORE,2026-01-12 01:00:00+00:00,2026-01-12 02:00:00+00:00,1.0,4600.3001953125,4581.50009765625,0.20551914120103368,shock,-680.6033832093528,signal_change,1
GC=F,SCORE,2026-01-12 13:00:00+00:00,2026-01-12 18:00:00+00:00,1.0,4600.49990234375,4626.79990234375,0.5334962377085027,transition,2142.810935585525,signal_change,5
GC=F,SCORE,2026-01-12 19:00:00+00:00,2026-01-12 20:00:00+00:00,1.0,4620.70009765625,4620.4,0.5592805133195954,transition,-170.98495276489902,signal_change,1
GC=F,SCORE,2026-01-13 14:00:00+00:00,2026-01-13 17:00:00+00:00,1.0,4619.6,4622.1998046875,0.6692307746493755,transition,111.9542342724186,signal_change,3
GC=F,SCORE,2026-01-13 18:00:00+00:00,2026-01-13 19:00:00+00:00,-1.0,4598.6998046875,4602.70009765625,0.6384678954391811,transition,-496.87437147705447,signal_change,1
GC=F,SCORE,2026-01-14 02:00:00+00:00,2026-01-14 03:00:00+00:00,1.0,4626.99990234375,4628.6998046875,0.6815861071535986,transition,12.296969360189422,signal_change,1
GC=F,SCORE,2026-01-14 04:00:00+00:00,2026-01-14 05:00:00+00:00,1.0,4636.70009765625,4636.6998046875,0.6886871497911592,transition,-176.86471089593624,signal_change,1
GC=F,SCORE,2026-01-14 09:00:00+00:00,2026-01-14 10:00:00+00:00,1.0,4641.99990234375,4637.79990234375,0.670702306893849,transition,-626.1214962917944,signal_change,1
GC=F,SCORE,2026-01-14 13:00:00+00:00,2026-01-14 15:00:00+00:00,1.0,4647.1,4624.29990234375,0.6602558964010664,transition,-2591.123640955387,signal_change,2
GC=F,SCORE,2026-01-14 19:00:00+00:00,2026-01-14 23:00:00+00:00,1.0,4642.70009765625,4635.6001953125,0.2531269958683024,transition,-352.89122172681823,signal_change,3
GC=F,SCORE,2026-01-15 14:00:00+00:00,2026-01-15 16:00:00+00:00,-1.0,4591.50009765625,4620.1,0.6020744790975449,shock,-2961.2737926996138,signal_change,2
GC=F,SCORE,2026-01-15 17:00:00+00:00,2026-01-15 18:00:00+00:00,-1.0,4610.29990234375,4621.49990234375,0.6402474900928425,range,-1316.4019972403971,signal_change,1
GC=F,SCORE,2026-01-16 15:00:00+00:00,2026-01-16 15:00:00+00:00,1.0,4611.49990234375,4576.783284505208,0.23127330623529221,shock,-1347.8254137568695,stop,1
GC=F,SCORE,2026-01-16 16:00:00+00:00,2026-01-16 18:00:00+00:00,-1.0,4574.50009765625,4586.1,0.22217269243782112,transition,-467.57113122795056,signal_change,2
GC=F,SCORE,2026-01-16 19:00:00+00:00,2026-01-16 20:00:00+00:00,-1.0,4587.6998046875,4595.3998046875,0.6342571385887604,transition,-906.2756273711141,signal_change,1
GC=F,SCORE,2026-01-16 21:00:00+00:00,2026-01-19 04:00:00+00:00,-1.0,4587.1001953125,4595.49990234375,0.6294246170904889,transition,-2140.205599898737,signal_change,1
GC=F,SCORE,2026-01-20 06:00:00+00:00,2026-01-20 07:00:00+00:00,1.0,4720.8001953125,4718.29990234375,0.18367118081701808,shock,-117.80012201184027,signal_change,1
GC=F,SCORE,2026-01-20 09:00:00+00:00,2026-01-20 10:00:00+00:00,1.0,4735.6,4737.4,0.5184321726360898,transition,14.42160057084915,signal_change,1
GC=F,SCORE,2026-01-20 14:00:00+00:00,2026-01-20 19:00:00+00:00,1.0,4742.3998046875,4764.29990234375,0.5110986071007628,transition,1606.2210401974148,signal_change,5
GC=F,SCORE,2026-01-20 23:00:00+00:00,2026-01-21 00:00:00+00:00,1.0,4767.6,4779.50009765625,0.5946259681093394,trend,943.8569480791427,signal_change,1
GC=F,SCORE,2026-01-21 01:00:00+00:00,2026-01-21 09:00:00+00:00,1.0,4789.70009765625,4856.79990234375,0.5512912004613915,trend,5555.0550313553495,signal_change,8
GC=F,SCORE,2026-01-21 10:00:00+00:00,2026-01-21 11:00:00+00:00,1.0,4862.6,4864.1998046875,0.5621420624627935,trend,-5.084732824438603,signal_change,1
GC=F,SCORE,2026-01-21 12:00:00+00:00,2026-01-21 15:00:00+00:00,1.0,4869.3998046875,4825.466471354167,0.5552851711026616,trend,-3865.8060943046667,stop,4
GC=F,SCORE,2026-01-21 16:00:00+00:00,2026-01-21 19:00:00+00:00,1.0,4850.1,4799.716634114583,0.48092444835745335,transition,-3811.8406968082472,stop,4
GC=F,SCORE,2026-01-22 18:00:00+00:00,2026-01-22 20:00:00+00:00,1.0,4907.8001953125,4915.4,0.42895671681725567,transition,381.43503043800365,signal_change,2
GC=F,SCORE,2026-01-22 21:00:00+00:00,2026-01-23 08:00:00+00:00,1.0,4920.8001953125,4945.1001953125,0.18443240959680998,shock,625.5579685282225,signal_change,10
GC=F,SCORE,2026-01-23 09:00:00+00:00,2026-01-23 12:00:00+00:00,1.0,4914.8998046875,4923.6001953125,0.5359789862878879,transition,564.9750441601936,signal_change,3
GC=F,SCORE,2026-01-23 13:00:00+00:00,2026-01-23 18:00:00+00:00,1.0,4940.3001953125,4967.1001953125,0.518613709627121,transition,1944.817283519123,signal_change,5
GC=F,SCORE,2026-01-23 20:00:00+00:00,2026-01-23 21:00:00+00:00,1.0,4985.20009765625,4981.29990234375,0.5508361064966714,transition,-457.0813510401938,signal_change,1
GC=F,SCORE,2026-01-26 00:00:00+00:00,2026-01-26 01:00:00+00:00,1.0,5039.49990234375,5040.6998046875,0.54753762874387,transition,-41.10767010558264,signal_change,1
GC=F,SCORE,2026-01-26 02:00:00+00:00,2026-01-26 03:00:00+00:00,1.0,5068.99990234375,5078.4,0.5219832840284939,transition,584.2000079468592,signal_change,1
GC=F,SCORE,2026-01-26 06:00:00+00:00,2026-01-26 07:00:00+00:00,1.0,5071.8998046875,5074.4,0.48119512042655754,transition,54.600899755125624,signal_change,1
GC=F,SCORE,2026-01-26 10:00:00+00:00,2026-01-26 13:00:00+00:00,1.0,5082.49990234375,5076.50009765625,0.49919311393374916,trend,-560.230759340724,signal_change,3
GC=F,SCORE,2026-01-26 14:00:00+00:00,2026-01-26 19:00:00+00:00,1.0,5065.8001953125,5022.550085449218,0.4841162348209452,shock,-3168.395551458149,stop,6
GC=F,SCORE,2026-01-27 21:00:00+00:00,2026-01-27 23:00:00+00:00,1.0,5175.1,5178.9,0.146120233357625,transition,42.5433390546755,signal_change,1
GC=F,SCORE,2026-01-28 06:00:00+00:00,2026-01-28 10:00:00+00:00,1.0,5253.20009765625,5311.79990234375,0.4898590751255932,trend,3895.264173880348,signal_change,4
GC=F,SCORE,2026-01-28 12:00:00+00:00,2026-01-28 23:00:00+00:00,1.0,5294.49990234375,5497.312353515625,0.43343195926401096,trend,12072.310301722107,stop,11
GC=F,SCORE,2026-01-29 01:00:00+00:00,2026-01-29 07:00:00+00:00,1.0,5548.99990234375,5590.9,0.2860663003546733,trend,1549.5860573243576,signal_change,6
GC=F,SCORE,2026-01-29 15:00:00+00:00,2026-01-29 15:00:00+00:00,1.0,5525.3998046875,5383.033284505208,0.18320894809489463,shock,-3602.4206759715244,stop,1
GC=F,SCORE,2026-01-29 16:00:00+00:00,2026-01-29 17:00:00+00:00,-1.0,5210.6001953125,5292.99990234375,0.0624361641752438,shock,-747.1396666813002,signal_change,1
GC=F,SCORE,2026-01-30 02:00:00+00:00,2026-01-30 04:00:00+00:00,-1.0,5330.1998046875,5224.3001953125,0.15880947198725068,transition,2297.781503004978,signal_change,2
GC=F,SCORE,2026-01-30 10:00:00+00:00,2026-01-30 11:00:00+00:00,-1.0,5039.1998046875,5146.1,0.12889660691153818,transition,-2147.777933073727,signal_change,1
GC=F,SCORE,2026-01-30 13:00:00+00:00,2026-02-02 18:00:00+00:00,-1.0,5093.00009765625,4677.49990234375,0.1195875986013727,transition,-6484.220130778788,signal_change,3
GC=F,SCORE,2026-02-02 19:00:00+00:00,2026-02-02 20:00:00+00:00,-1.0,4679.4,4707.49990234375,0.07727001243078055,shock,-361.79508480259085,signal_change,1
GC=F,SCORE,2026-02-02 21:00:00+00:00,2026-02-02 23:00:00+00:00,-1.0,4677.79990234375,4691.1,0.11283354751585868,transition,98.28567022768382,signal_change,1
GC=F,SCORE,2026-02-03 01:00:00+00:00,2026-02-03 02:00:00+00:00,-1.0,4803.00009765625,4863.3001953125,0.11539848036649189,transition,-1083.4871397222796,signal_change,1
GC=F,SCORE,2026-02-03 20:00:00+00:00,2026-02-03 23:00:00+00:00,1.0,4949.99990234375,4966.00009765625,0.07380084895649097,shock,158.2927861780411,signal_change,2
GC=F,SCORE,2026-02-04 01:00:00+00:00,2026-02-04 03:00:00+00:00,1.0,5038.70009765625,5060.79990234375,0.2216945640362483,transition,665.9639716323506,signal_change,2
GC=F,SCORE,2026-02-04 04:00:00+00:00,2026-02-04 06:00:00+00:00,1.0,5090.8001953125,5099.29990234375,0.25200696775002956,trend,248.83396288279675,signal_change,2
GC=F,SCORE,2026-02-04 07:00:00+00:00,2026-02-04 10:00:00+00:00,1.0,5098.1,5083.00009765625,0.2642360223339481,trend,-646.2924560512654,signal_change,3
GC=F,SCORE,2026-02-04 12:00:00+00:00,2026-02-04 13:00:00+00:00,1.0,5070.70009765625,5064.1998046875,0.2778676978798871,transition,-334.15654074373185,signal_change,1
GC=F,SCORE,2026-02-04 14:00:00+00:00,2026-02-04 15:00:00+00:00,1.0,5077.8998046875,5007.1998046875,0.2649480442268756,transition,-2801.8210708680567,signal_change,1
GC=F,SCORE,2026-02-05 03:00:00+00:00,2026-02-05 06:00:00+00:00,-1.0,4830.29990234375,4914.20009765625,0.15776172197352398,shock,-1944.9744390967005,signal_change,3
GC=F,SCORE,2026-02-05 10:00:00+00:00,2026-02-05 11:00:00+00:00,-1.0,4875.79990234375,4896.8998046875,0.20223933273050043,transition,-756.3822116199723,signal_change,1
GC=F,SCORE,2026-02-05 14:00:00+00:00,2026-02-05 17:00:00+00:00,-1.0,4857.9,4910.99990234375,0.1881517317262593,transition,-1629.0775884260236,signal_change,3
GC=F,SCORE,2026-02-05 23:00:00+00:00,2026-02-06 02:00:00+00:00,-1.0,4799.9,4792.8001953125,0.1894356656194325,transition,164.14675249532235,signal_change,3
GC=F,SCORE,2026-02-06 14:00:00+00:00,2026-02-06 16:00:00+00:00,1.0,4951.8001953125,4972.29990234375,0.21605476218342956,transition,603.0544262195045,signal_change,2
GC=F,SCORE,2026-02-06 17:00:00+00:00,2026-02-06 18:00:00+00:00,1.0,4975.3998046875,4986.6001953125,0.2419262464663055,transition,339.775839467917,signal_change,1
GC=F,SCORE,2026-02-06 19:00:00+00:00,2026-02-06 20:00:00+00:00,1.0,4986.3998046875,4980.29990234375,0.24451160477254885,transition,-281.1048945415768,signal_change,1
GC=F,SCORE,2026-02-09 00:00:00+00:00,2026-02-09 01:00:00+00:00,1.0,5057.6,5042.00009765625,0.2688879349074028,trend,-676.6400973606286,signal_change,1
GC=F,SCORE,2026-02-09 03:00:00+00:00,2026-02-09 04:00:00+00:00,1.0,5026.6,5036.4,0.30991175690087674,transition,366.40510064775265,signal_change,1
GC=F,SCORE,2026-02-09 06:00:00+00:00,2026-02-09 08:00:00+00:00,1.0,5058.70009765625,5026.6998046875,0.33723869441179216,transition,-1652.580237880642,signal_change,2
GC=F,SCORE,2026-02-09 09:00:00+00:00,2026-02-09 10:00:00+00:00,1.0,5048.8001953125,5028.4,0.35593673544042376,transition,-1142.8422484024302,signal_change,1
GC=F,SCORE,2026-02-09 15:00:00+00:00,2026-02-09 18:00:00+00:00,1.0,5059.6,5070.50009765625,0.37860944709750294,transition,507.3608890914741,signal_change,3
GC=F,SCORE,2026-02-09 19:00:00+00:00,2026-02-09 20:00:00+00:00,1.0,5086.99990234375,5098.1998046875,0.3852692771043587,transition,525.5063051984724,signal_change,1
GC=F,SCORE,2026-02-10 12:00:00+00:00,2026-02-10 13:00:00+00:00,1.0,5079.8001953125,5054.9,0.43476770596737563,transition,-1670.0830941008596,signal_change,1
GC=F,SCORE,2026-02-10 14:00:00+00:00,2026-02-10 16:00:00+00:00,1.0,5074.20009765625,5042.6001953125,0.4073757802713868,shock,-1957.673012810674,signal_change,2
GC=F,SCORE,2026-02-11 02:00:00+00:00,2026-02-11 03:00:00+00:00,1.0,5075.70009765625,5078.50009765625,0.4789440598185002,transition,74.1339183832944,signal_change,1
GC=F,SCORE,2026-02-11 11:00:00+00:00,2026-02-11 13:00:00+00:00,1.0,5118.8998046875,5107.4,0.4915601727286532,transition,-923.3015341716523,signal_change,2
GC=F,SCORE,2026-02-11 14:00:00+00:00,2026-02-11 15:00:00+00:00,1.0,5088.3001953125,5082.1998046875,0.14401342889445845,transition,-161.3830388412684,signal_change,1
GC=F,SCORE,2026-02-11 17:00:00+00:00,2026-02-11 20:00:00+00:00,1.0,5098.8001953125,5106.1001953125,0.42501770807067546,transition,339.3168598164608,signal_change,3
GC=F,SCORE,2026-02-12 15:00:00+00:00,2026-02-12 16:00:00+00:00,-1.0,5066.29990234375,5083.6,0.512319524346489,range,-1445.381270422194,signal_change,1
GC=F,SCORE,2026-02-12 17:00:00+00:00,2026-02-12 20:00:00+00:00,-1.0,4974.4,4965.3998046875,0.27721629279535015,shock,327.5800746947713,signal_change,3
GC=F,SCORE,2026-02-12 21:00:00+00:00,2026-02-12 23:00:00+00:00,-1.0,4935.6001953125,4950.1,0.3750122564686918,transition,66.68209492749054,signal_change,1
GC=F,SCORE,2026-02-13 06:00:00+00:00,2026-02-13 07:00:00+00:00,-1.0,4964.50009765625,4985.99990234375,0.3415553790456761,transition,-1230.6492374964268,signal_change,1
GC=F,SCORE,2026-02-13 11:00:00+00:00,2026-02-13 12:00:00+00:00,-1.0,4970.6998046875,4973.20009765625,0.33042255257374115,transition,-221.66933987413472,signal_change,1
GC=F,SCORE,2026-02-13 15:00:00+00:00,2026-02-13 17:00:00+00:00,-1.0,5017.29990234375,5030.1,0.30977350495670664,transition,-648.1767850796908,signal_change,2
GC=F,SCORE,2026-02-13 18:00:00+00:00,2026-02-13 20:00:00+00:00,1.0,5043.6,5046.1001953125,0.13270365986034066,shock,15.292818619321967,signal_change,2
GC=F,SCORE,2026-02-13 21:00:00+00:00,2026-02-15 23:00:00+00:00,1.0,5053.99990234375,5046.1998046875,0.40734355662179533,transition,-556.455232277015,signal_change,1
GC=F,SCORE,2026-02-17 06:00:00+00:00,2026-02-17 07:00:00+00:00,-1.0,4906.6001953125,4928.6,0.12991594012687102,transition,-507.99625659442887,signal_change,1
GC=F,SCORE,2026-02-17 14:00:00+00:00,2026-02-17 21:00:00+00:00,-1.0,4888.6001953125,4896.3001953125,0.34928779693568024,shock,-539.166861093619,signal_change,7
GC=F,SCORE,2026-02-18 15:00:00+00:00,2026-02-18 23:00:00+00:00,1.0,5012.20009765625,4993.6001953125,1.1200580451884334,transition,-3283.727209212253,signal_change,7
GC=F,SCORE,2026-02-19 07:00:00+00:00,2026-02-19 08:00:00+00:00,1.0,5036.6,5027.9,0.6717433409041735,transition,-1000.5123197296869,signal_change,1
GC=F,SCORE,2026-02-19 11:00:00+00:00,2026-02-19 12:00:00+00:00,1.0,5013.1,5003.6998046875,0.6381767904187141,transition,-1017.1116236495675,signal_change,1
GC=F,SCORE,2026-02-19 14:00:00+00:00,2026-02-19 17:00:00+00:00,1.0,5016.6,5014.1001953125,0.6231426867214159,transition,-373.62473413419804,signal_change,3
GC=F,SCORE,2026-02-20 11:00:00+00:00,2026-02-20 12:00:00+00:00,1.0,5054.8001953125,5036.9,0.6157453298433382,transition,-1716.0887847439647,signal_change,1
GC=F,SCORE,2026-02-20 13:00:00+00:00,2026-02-20 15:00:00+00:00,1.0,5044.20009765625,5017.87509765625,0.5959392416799241,transition,-2363.4665861526655,stop,3
GC=F,SCORE,2026-02-20 16:00:00+00:00,2026-02-22 23:00:00+00:00,1.0,5062.3998046875,5156.9,0.19757141657372748,shock,2584.6018423131018,signal_change,6
GC=F,SCORE,2026-02-23 00:00:00+00:00,2026-02-23 01:00:00+00:00,1.0,5187.1,5166.1998046875,0.15577805442047135,shock,-487.6753271357903,signal_change,1
GC=F,SCORE,2026-02-23 11:00:00+00:00,2026-02-23 12:00:00+00:00,1.0,5184.1,5170.1998046875,0.44539584459395515,transition,-963.3573451587462,signal_change,1
GC=F,SCORE,2026-02-23 13:00:00+00:00,2026-02-23 14:00:00+00:00,1.0,5185.1,5165.79990234375,0.44326054381964103,transition,-1287.5012401124775,signal_change,1
GC=F,SCORE,2026-02-23 15:00:00+00:00,2026-02-23 19:00:00+00:00,1.0,5213.20009765625,5228.9,0.42940905126387846,transition,819.446375991459,signal_change,4
GC=F,SCORE,2026-02-23 21:00:00+00:00,2026-02-23 23:00:00+00:00,1.0,5255.3001953125,5247.4,0.4710160420776766,transition,-619.9607047846121,signal_change,1
GC=F,SCORE,2026-02-24 01:00:00+00:00,2026-02-24 01:00:00+00:00,1.0,5243.1,5193.3667399088545,0.1832249212362486,shock,-1285.5918975681302,stop,1
GC=F,SCORE,2026-02-24 02:00:00+00:00,2026-02-24 03:00:00+00:00,1.0,5197.1,5209.29990234375,0.18428093323056602,transition,263.9236932573844,signal_change,1
GC=F,SCORE,2026-02-24 14:00:00+00:00,2026-02-24 15:00:00+00:00,-1.0,5131.9,5147.8001953125,0.46418645012234583,transition,-841.6285006469551,signal_change,1
GC=F,SCORE,2026-02-25 15:00:00+00:00,2026-02-25 18:00:00+00:00,1.0,5209.3998046875,5226.4,0.19488240589795372,transition,406.18262442519324,signal_change,3
GC=F,SCORE,2026-02-26 18:00:00+00:00,2026-02-26 19:00:00+00:00,-1.0,5184.1001953125,5197.3998046875,0.5483903339659422,transition,-1059.7181599961218,signal_change,1
GC=F,SCORE,2026-02-27 14:00:00+00:00,2026-03-01 23:00:00+00:00,1.0,5240.8998046875,5364.1001953125,0.2139561106417716,transition,3528.553229948769,signal_change,8
GC=F,SCORE,2026-03-02 00:00:00+00:00,2026-03-02 01:00:00+00:00,1.0,5401.3998046875,5360.4,0.16566999828975562,shock,-939.4006939804369,signal_change,1
GC=F,SCORE,2026-03-02 02:00:00+00:00,2026-03-02 03:00:00+00:00,1.0,5338.6,5358.6998046875,0.15919503028536416,transition,389.7613838244172,signal_change,1
GC=F,SCORE,2026-03-02 08:00:00+00:00,2026-03-02 09:00:00+00:00,1.0,5422.8998046875,5409.00009765625,0.4192406122031897,transition,-868.852447622012,signal_change,1
GC=F,SCORE,2026-03-02 13:00:00+00:00,2026-03-02 14:00:00+00:00,1.0,5412.3001953125,5341.7085367838545,0.3837191461801902,transition,-3665.749574941423,stop,2
GC=F,SCORE,2026-03-02 15:00:00+00:00,2026-03-02 16:00:00+00:00,1.0,5346.20009765625,5328.6001953125,0.12417799434627289,transition,-320.115321221448,signal_change,1
GC=F,SCORE,2026-03-03 10:00:00+00:00,2026-03-03 11:00:00+00:00,-1.0,5287.1998046875,5258.3998046875,0.3511149090964405,transition,1150.2443520696793,signal_change,1
GC=F,SCORE,2026-03-03 12:00:00+00:00,2026-03-03 19:00:00+00:00,-1.0,5154.4,5147.1,0.19478077174154268,transition,79.73547452797463,signal_change,7
GC=F,SCORE,2026-03-03 20:00:00+00:00,2026-03-03 21:00:00+00:00,-1.0,5123.6001953125,5108.70009765625,0.21772584394975145,transition,361.4104934060106,signal_change,1
GC=F,SCORE,2026-03-04 03:00:00+00:00,2026-03-04 04:00:00+00:00,-1.0,5164.6998046875,5183.3998046875,0.21229142987042507,transition,-580.4763899688645,signal_change,1
GC=F,SCORE,2026-03-04 16:00:00+00:00,2026-03-04 18:00:00+00:00,1.0,5161.3001953125,5152.6001953125,0.12522093715255314,shock,-180.21607965745795,signal_change,2
GC=F,SCORE,2026-03-04 19:00:00+00:00,2026-03-04 20:00:00+00:00,1.0,5144.8998046875,5148.29990234375,0.38557335447670466,range,88.22522221441386,signal_change,1
GC=F,SCORE,2026-03-05 14:00:00+00:00,2026-03-05 20:00:00+00:00,-1.0,5126.6998046875,5074.3998046875,0.15593041187199258,transition,1088.1125967912255,signal_change,6
GC=F,SCORE,2026-03-06 10:00:00+00:00,2026-03-06 11:00:00+00:00,-1.0,5094.4,5100.8001953125,0.4294655492499652,transition,-379.77661065841926,signal_change,1
GC=F,SCORE,2026-03-06 14:00:00+00:00,2026-03-06 15:00:00+00:00,-1.0,5093.1001953125,5139.3998046875,0.4070735142542764,transition,-2719.451422251437,signal_change,1
GC=F,SCORE,2026-03-06 19:00:00+00:00,2026-03-06 20:00:00+00:00,1.0,5170.49990234375,5168.1001953125,0.4590151384839545,transition,-261.1605293170908,signal_change,1
GC=F,SCORE,2026-03-09 02:00:00+00:00,2026-03-09 03:00:00+00:00,-1.0,5076.29990234375,5101.3998046875,0.3653947852426342,transition,-1316.9263972972287,signal_change,1
GC=F,SCORE,2026-03-10 02:00:00+00:00,2026-03-10 03:00:00+00:00,1.0,5192.8998046875,5173.6998046875,0.42928302712279126,transition,-1225.1588518608592,signal_change,1
GC=F,SCORE,2026-03-10 08:00:00+00:00,2026-03-10 10:00:00+00:00,1.0,5190.70009765625,5191.4,0.49609834038930295,transition,-71.3321310294055,signal_change,2
GC=F,SCORE,2026-03-10 11:00:00+00:00,2026-03-10 12:00:00+00:00,1.0,5186.70009765625,5184.50009765625,0.5234805874826715,transition,-281.80537523459054,signal_change,1
GC=F,SCORE,2026-03-10 13:00:00+00:00,2026-03-10 18:00:00+00:00,1.0,5196.3001953125,5177.175268554687,0.5024927122505559,shock,-1412.0316692454426,stop,6
GC=F,SCORE,2026-03-10 19:00:00+00:00,2026-03-10 20:00:00+00:00,1.0,5200.3998046875,5206.6001953125,0.5083313484796603,transition,305.59875372347324,signal_change,1
GC=F,SCORE,2026-03-11 16:00:00+00:00,2026-03-11 17:00:00+00:00,-1.0,5173.29990234375,5183.3998046875,0.5907779001158553,transition,-905.1880697668553,signal_change,1
GC=F,SCORE,2026-03-11 18:00:00+00:00,2026-03-11 19:00:00+00:00,-1.0,5176.50009765625,5180.3001953125,0.20077878403904803,transition,-140.61800421384285,signal_change,1
GC=F,SCORE,2026-03-12 03:00:00+00:00,2026-03-12 04:00:00+00:00,-1.0,5155.6001953125,5158.49990234375,0.5755841886795537,transition,-317.80340159612115,signal_change,1
GC=F,SCORE,2026-03-12 14:00:00+00:00,2026-03-12 23:00:00+00:00,-1.0,5156.9,5099.70009765625,0.58343286761458,transition,4534.565592969764,signal_change,8
GC=F,SCORE,2026-03-13 14:00:00+00:00,2026-03-13 14:00:00+00:00,-1.0,5107.00009765625,5110.099633789063,0.5352700143135126,shock,101.41542063059205,stop,1
GC=F,SCORE,2026-03-13 15:00:00+00:00,2026-03-13 19:00:00+00:00,-1.0,5045.79990234375,5050.99990234375,0.18132513700521247,shock,-171.2040799929663,signal_change,4
GC=F,SCORE,2026-03-13 20:00:00+00:00,2026-03-15 22:00:00+00:00,-1.0,5022.1998046875,5027.70009765625,0.5170467683662862,transition,145.09737962121406,signal_change,1
GC=F,SCORE,2026-03-16 00:00:00+00:00,2026-03-16 01:00:00+00:00,-1.0,5001.00009765625,5031.6,0.47969543690827254,transition,-2030.1772391578315,signal_change,1
GC=F,SCORE,2026-03-16 05:00:00+00:00,2026-03-16 06:00:00+00:00,-1.0,5016.29990234375,5021.1,0.44938285973992304,transition,-411.2127130841551,signal_change,1
GC=F,SCORE,2026-03-16 07:00:00+00:00,2026-03-16 11:00:00+00:00,-1.0,5016.00009765625,5004.3998046875,0.4335560549574183,transition,618.4777628709778,signal_change,4
GC=F,SCORE,2026-03-16 12:00:00+00:00,2026-03-16 17:00:00+00:00,-1.0,5001.6001953125,4996.20009765625,0.4163703220185602,transition,236.65092311456453,signal_change,5
GC=F,SCORE,2026-03-18 09:00:00+00:00,2026-03-18 10:00:00+00:00,-1.0,4991.00009765625,4996.3998046875,0.7058728536362435,transition,-708.6645393489159,signal_change,1
GC=F,SCORE,2026-03-18 11:00:00+00:00,2026-03-18 17:00:00+00:00,-1.0,4971.6001953125,4891.49990234375,0.6346448545100117,shock,7141.0718651184925,signal_change,6
GC=F,SCORE,2026-03-18 18:00:00+00:00,2026-03-18 23:00:00+00:00,-1.0,4895.1001953125,4836.6,0.5063215436374834,trend,4126.442956370548,signal_change,4
GC=F,SCORE,2026-03-19 04:00:00+00:00,2026-03-19 05:00:00+00:00,-1.0,4852.29990234375,4851.6,0.4327461370063469,transition,-86.63990277732186,signal_change,1
GC=F,SCORE,2026-03-19 06:00:00+00:00,2026-03-19 12:00:00+00:00,-1.0,4829.00009765625,4655.875207519532,0.37379033956926017,trend,9869.614927085766,stop,7
GC=F,SCORE,2026-03-19 13:00:00+00:00,2026-03-19 14:00:00+00:00,-1.0,4576.00009765625,4634.912622070313,0.18700800902743492,shock,-1151.7015917177985,stop,2
GC=F,SCORE,2026-03-19 15:00:00+00:00,2026-03-19 19:00:00+00:00,-1.0,4603.1001953125,4625.8998046875,0.25290839306855134,trend,-967.3469543415798,signal_change,4
GC=F,SCORE,2026-03-19 20:00:00+00:00,2026-03-19 22:00:00+00:00,-1.0,4647.4,4653.99990234375,0.24423678975379157,transition,-152.13122840544173,signal_change,1
GC=F,SCORE,2026-03-20 06:00:00+00:00,2026-03-20 07:00:00+00:00,-1.0,4689.9,4669.99990234375,0.22673167594185356,transition,619.3751857995859,signal_change,1
GC=F,SCORE,2026-03-20 15:00:00+00:00,2026-03-20 16:00:00+00:00,-1.0,4564.4,4554.99990234375,0.2749679301236767,transition,315.6748182198758,signal_change,1
GC=F,SCORE,2026-03-20 19:00:00+00:00,2026-03-22 22:00:00+00:00,-1.0,4501.1998046875,4511.8001953125,0.2631748258465624,transition,799.8601988191921,signal_change,2
GC=F,SCORE,2026-03-22 23:00:00+00:00,2026-03-23 00:00:00+00:00,-1.0,4499.1998046875,4471.324975585938,0.25393664191018256,transition,1525.1469258411694,stop,2
GC=F,SCORE,2026-03-23 01:00:00+00:00,2026-03-23 05:00:00+00:00,-1.0,4357.6001953125,4370.6,0.1422575847306296,shock,-364.70903367315026,signal_change,4
GC=F,SCORE,2026-03-23 06:00:00+00:00,2026-03-23 09:00:00+00:00,-1.0,4313.6998046875,4296.637353515625,0.17134584196640676,shock,3041.203293384984,stop,4
GC=F,SCORE,2026-03-23 10:00:00+00:00,2026-03-23 11:00:00+00:00,-1.0,4254.6001953125,4270.49990234375,0.15652503875108736,trend,-439.93582185300926,signal_change,1
GC=F,SCORE,2026-03-23 12:00:00+00:00,2026-03-23 17:00:00+00:00,-1.0,4380.00009765625,4378.1,0.13991680866068196,shock,-51.765895738604904,signal_change,5
GC=F,SCORE,2026-03-24 10:00:00+00:00,2026-03-24 13:00:00+00:00,1.0,4428.1,4378.9,0.16550601485260405,transition,-1384.5656855615957,signal_change,3
GC=F,SCORE,2026-03-24 17:00:00+00:00,2026-03-24 18:00:00+00:00,1.0,4422.3001953125,4388.1998046875,0.07445002240617021,range,-436.83027789998533,signal_change,1
GC=F,SCORE,2026-03-24 22:00:00+00:00,2026-03-24 23:00:00+00:00,1.0,4473.6,4487.4,0.2242541583402263,transition,447.2472807382685,signal_change,1
GC=F,SCORE,2026-03-25 00:00:00+00:00,2026-03-25 03:00:00+00:00,1.0,4549.1,4581.4,0.22527876965042395,transition,1108.8592340322543,signal_change,3
GC=F,SCORE,2026-03-25 05:00:00+00:00,2026-03-25 06:00:00+00:00,1.0,4571.20009765625,4554.9,0.2697127415203743,transition,-769.1022842837714,signal_change,1
GC=F,SCORE,2026-03-25 09:00:00+00:00,2026-03-25 11:00:00+00:00,1.0,4555.8001953125,4557.4,0.2867297607051928,transition,1.7704161730839445,signal_change,2
GC=F,SCORE,2026-03-25 12:00:00+00:00,2026-03-25 17:00:00+00:00,1.0,4577.8998046875,4553.4,0.2945787119328186,transition,-1217.9489927178645,signal_change,5
GC=F,SCORE,2026-03-25 18:00:00+00:00,2026-03-25 19:00:00+00:00,1.0,4548.1,4534.9,0.31766342931400043,transition,-750.1631130811684,signal_change,1
GC=F,SCORE,2026-03-25 20:00:00+00:00,2026-03-25 22:00:00+00:00,1.0,4528.3998046875,4508.79990234375,0.30257350058478955,transition,-1026.2053373989233,signal_change,1
GC=F,SCORE,2026-03-26 06:00:00+00:00,2026-03-26 07:00:00+00:00,-1.0,4434.6001953125,4453.20009765625,0.1099481457368827,transition,-351.373264403365,signal_change,1
GC=F,SCORE,2026-03-26 09:00:00+00:00,2026-03-26 11:00:00+00:00,-1.0,4425.29990234375,4440.6,0.307176711781954,transition,-808.0656697955735,signal_change,2
GC=F,SCORE,2026-03-26 12:00:00+00:00,2026-03-26 19:00:00+00:00,-1.0,4420.00009765625,4391.8001953125,0.30299773071357194,transition,1380.5142463943657,signal_change,7
GC=F,SCORE,2026-03-26 20:00:00+00:00,2026-03-26 23:00:00+00:00,-1.0,4361.00009765625,4404.99990234375,0.2875126146464077,transition,-2313.5472783217833,signal_change,2
GC=F,SCORE,2026-03-27 08:00:00+00:00,2026-03-27 09:00:00+00:00,1.0,4475.3998046875,4451.9,0.10877737657328058,range,-440.4217611570583,signal_change,1
GC=F,SCORE,2026-03-27 15:00:00+00:00,2026-03-27 17:00:00+00:00,1.0,4540.3998046875,4546.4,0.3122302709759486,transition,221.503536692604,signal_change,2
GC=F,SCORE,2026-03-30 12:00:00+00:00,2026-03-30 14:00:00+00:00,1.0,4589.6,4553.1001953125,0.32030619565919627,transition,-1918.7555475001282,signal_change,2
GC=F,SCORE,2026-03-30 15:00:00+00:00,2026-03-30 17:00:00+00:00,1.0,4569.1,4569.00009765625,0.3282968109703646,shock,-86.00655920309967,signal_change,2
GC=F,SCORE,2026-03-31 01:00:00+00:00,2026-03-31 03:00:00+00:00,1.0,4576.6,4597.4,0.3421875822262699,transition,1053.9363586595462,signal_change,2
GC=F,SCORE,2026-03-31 14:00:00+00:00,2026-03-31 22:00:00+00:00,1.0,4637.3001953125,4698.29990234375,0.35756655321428166,transition,3301.7786668760095,signal_change,7
GC=F,SCORE,2026-04-01 01:00:00+00:00,2026-04-01 02:00:00+00:00,1.0,4738.70009765625,4719.79990234375,0.3616398607940725,transition,-1136.2812128504693,signal_change,1
GC=F,SCORE,2026-04-01 05:00:00+00:00,2026-04-01 06:00:00+00:00,1.0,4702.99990234375,4710.6998046875,0.14288041962628883,transition,134.01886028578699,signal_change,1
GC=F,SCORE,2026-04-01 07:00:00+00:00,2026-04-01 10:00:00+00:00,1.0,4757.6,4749.9,0.38858089754718833,transition,-549.8552961065413,signal_change,3
GC=F,SCORE,2026-04-01 11:00:00+00:00,2026-04-01 13:00:00+00:00,1.0,4758.3001953125,4751.9,0.3847755212464979,trend,-465.4061277702201,signal_change,2
GC=F,SCORE,2026-04-01 14:00:00+00:00,2026-04-01 18:00:00+00:00,1.0,4765.3001953125,4801.00009765625,0.3931897158322057,transition,2034.575537403616,signal_change,4
GC=F,SCORE,2026-04-02 06:00:00+00:00,2026-04-02 08:00:00+00:00,-1.0,4621.6998046875,4668.20009765625,0.10544456595665953,transition,-795.5761031326235,signal_change,2
GC=F,SCORE,2026-04-02 09:00:00+00:00,2026-04-02 10:00:00+00:00,-1.0,4645.4,4647.6,0.30766655478338734,transition,-153.3060402627987,signal_change,1
GC=F,SCORE,2026-04-02 12:00:00+00:00,2026-04-02 14:00:00+00:00,-1.0,4626.50009765625,4704.441731770833,0.29727665344509985,transition,-783.6410511016618,stop,3
GC=F,SCORE,2026-04-02 15:00:00+00:00,2026-04-02 17:00:00+00:00,-1.0,4708.29990234375,4685.8001953125,0.28144720543935814,transition,843.3248762677001,signal_change,2
GC=F,SCORE,2026-04-02 18:00:00+00:00,2026-04-02 19:00:00+00:00,-1.0,4676.4,4695.8998046875,0.27942111332333397,transition,-853.3996606442715,signal_change,1
GC=F,SCORE,2026-04-06 07:00:00+00:00,2026-04-06 10:00:00+00:00,1.0,4691.99990234375,4719.9,0.11643190381498637,shock,471.8761553081375,signal_change,3
GC=F,SCORE,2026-04-06 14:00:00+00:00,2026-04-06 16:00:00+00:00,1.0,4707.49990234375,4693.4,0.39016153536481507,transition,-943.1642661417187,signal_change,2
GC=F,SCORE,2026-04-07 10:00:00+00:00,2026-04-07 12:00:00+00:00,-1.0,4696.6998046875,4685.3001953125,0.47591861946876274,transition,817.3034070848956,signal_change,2
GC=F,SCORE,2026-04-07 14:00:00+00:00,2026-04-07 16:00:00+00:00,-1.0,4668.4,4681.8998046875,0.4298638642487451,shock,-931.8413060194292,signal_change,2
GC=F,SCORE,2026-04-08 00:00:00+00:00,2026-04-08 01:00:00+00:00,1.0,4860.8001953125,4846.6001953125,0.11698941872306122,transition,-276.04352244837094,signal_change,1
GC=F,SCORE,2026-04-08 02:00:00+00:00,2026-04-08 03:00:00+00:00,1.0,4838.6,4833.6998046875,0.33395175106902786,transition,-326.94640185703366,signal_change,1
GC=F,SCORE,2026-04-08 12:00:00+00:00,2026-04-08 14:00:00+00:00,1.0,4826.3998046875,4757.7831624348955,0.3522574909508779,transition,-3713.6473460430757,stop,3
GC=F,SCORE,2026-04-08 15:00:00+00:00,2026-04-08 17:00:00+00:00,1.0,4761.70009765625,4785.6001953125,0.339912293336619,transition,1142.581922536438,signal_change,2
GC=F,SCORE,2026-04-09 16:00:00+00:00,2026-04-09 17:00:00+00:00,1.0,4817.8001953125,4813.4,0.17541328886086763,transition,-158.51420267477465,signal_change,1
GC=F,SCORE,2026-04-09 18:00:00+00:00,2026-04-09 19:00:00+00:00,1.0,4822.70009765625,4796.50009765625,0.5073984525113118,transition,-2109.2981845373656,signal_change,1
GC=F,SCORE,2026-04-10 00:00:00+00:00,2026-04-10 02:00:00+00:00,1.0,4786.70009765625,4787.4,0.5653233664909942,transition,-79.37452621166427,signal_change,2
GC=F,SCORE,2026-04-10 04:00:00+00:00,2026-04-10 05:00:00+00:00,1.0,4790.49990234375,4782.4,0.5724424500977635,transition,-835.0817606399886,signal_change,1
GC=F,SCORE,2026-04-10 14:00:00+00:00,2026-04-10 15:00:00+00:00,1.0,4799.20009765625,4799.29990234375,0.5969279572450162,transition,-137.33394732347602,signal_change,1
GC=F,SCORE,2026-04-12 23:00:00+00:00,2026-04-13 00:00:00+00:00,-1.0,4680.4,4693.8001953125,0.3567332987549117,shock,-797.9086256322131,signal_change,1
GC=F,SCORE,2026-04-13 14:00:00+00:00,2026-04-13 16:00:00+00:00,-1.0,4753.1001953125,4737.3001953125,0.1691917604350899,transition,382.07636636667576,signal_change,2
GC=F,SCORE,2026-04-13 18:00:00+00:00,2026-04-13 19:00:00+00:00,-1.0,4753.4,4762.1,0.47779264214046824,transition,-729.1462993706627,signal_change,1
GC=F,SCORE,2026-04-14 01:00:00+00:00,2026-04-14 02:00:00+00:00,1.0,4792.8001953125,4787.00009765625,0.21499442485352058,shock,-238.80299508515725,signal_change,1
GC=F,SCORE,2026-04-14 03:00:00+00:00,2026-04-14 04:00:00+00:00,1.0,4797.8001953125,4789.9,0.6489247542885858,transition,-923.149416974345,signal_change,1
GC=F,SCORE,2026-04-14 07:00:00+00:00,2026-04-14 10:00:00+00:00,1.0,4805.49990234375,4801.6001953125,0.61765480150914,transition,-508.21903573879456,signal_change,3
GC=F,SCORE,2026-04-14 11:00:00+00:00,2026-04-14 12:00:00+00:00,1.0,4790.70009765625,4797.00009765625,0.5895667072068108,transition,409.66497785235043,signal_change,1
GC=F,SCORE,2026-04-14 13:00:00+00:00,2026-04-14 17:00:00+00:00,1.0,4793.1,4833.29990234375,0.5878977289650777,transition,3375.5305358552737,signal_change,4
GC=F,SCORE,2026-04-14 18:00:00+00:00,2026-04-14 19:00:00+00:00,1.0,4859.70009765625,4860.1998046875,0.6180721245646807,transition,-105.74350513730451,signal_change,1
GC=F,SCORE,2026-04-14 20:00:00+00:00,2026-04-14 22:00:00+00:00,1.0,4869.3001953125,4862.6001953125,0.6428875368497584,transition,-792.2508504161915,signal_change,1
GC=F,SCORE,2026-04-15 02:00:00+00:00,2026-04-15 03:00:00+00:00,1.0,4870.3998046875,4848.1001953125,0.5887900793803764,transition,-2076.359009614493,signal_change,1
GC=F,SCORE,2026-04-15 14:00:00+00:00,2026-04-15 15:00:00+00:00,1.0,4851.8001953125,4838.9,0.6441191421315837,transition,-1381.1401874791313,signal_change,1
GC=F,SCORE,2026-04-16 15:00:00+00:00,2026-04-16 16:00:00+00:00,-1.0,4810.29990234375,4828.70009765625,0.24158245631996422,transition,-682.4102603660756,signal_change,1
GC=F,SCORE,2026-04-17 13:00:00+00:00,2026-04-17 17:00:00+00:00,1.0,4869.1,4888.9,0.20932083366007784,shock,557.9423040773087,signal_change,4
GC=F,SCORE,2026-04-20 00:00:00+00:00,2026-04-20 01:00:00+00:00,-1.0,4774.29990234375,4792.1,0.1681122345185259,transition,-483.08233798439875,signal_change,1
GC=F,SCORE,2026-04-21 13:00:00+00:00,2026-04-21 14:00:00+00:00,-1.0,4797.50009765625,4799.199975585938,0.6661080093001607,transition,-132.59976337134844,stop,2
GC=F,SCORE,2026-04-21 15:00:00+00:00,2026-04-21 19:00:00+00:00,-1.0,4757.6998046875,4728.8001953125,0.21715321800453163,transition,932.6287058464643,signal_change,4
GC=F,SCORE,2026-04-21 20:00:00+00:00,2026-04-21 22:00:00+00:00,-1.0,4698.4,4738.8001953125,0.484755418946415,transition,-3048.909445803999,signal_change,1
GC=F,SCORE,2026-04-22 13:00:00+00:00,2026-04-22 14:00:00+00:00,-1.0,4762.79990234375,4771.6,0.5257091265116413,transition,-833.5950289699632,signal_change,1
GC=F,SCORE,2026-04-22 15:00:00+00:00,2026-04-22 16:00:00+00:00,-1.0,4754.1001953125,4746.20009765625,0.5791566667063884,transition,542.3498695327851,signal_change,1
GC=F,SCORE,2026-04-22 22:00:00+00:00,2026-04-22 23:00:00+00:00,1.0,4759.3001953125,4743.4,0.2813758946638105,shock,-736.0526907388913,signal_change,1
GC=F,SCORE,2026-04-23 01:00:00+00:00,2026-04-23 02:00:00+00:00,1.0,4765.3998046875,4738.79990234375,0.7063187410933568,transition,-2968.6221224838114,signal_change,1
GC=F,SCORE,2026-04-23 03:00:00+00:00,2026-04-23 04:00:00+00:00,-1.0,4714.9,4719.1,0.6862132324667627,transition,-782.8039595373323,signal_change,1
GC=F,SCORE,2026-04-23 07:00:00+00:00,2026-04-23 08:00:00+00:00,-1.0,4729.79990234375,4735.70009765625,0.6608511764171511,transition,-820.216837645981,signal_change,1
GC=F,SCORE,2026-04-23 10:00:00+00:00,2026-04-23 11:00:00+00:00,-1.0,4713.4,4712.8998046875,0.6310108106164373,transition,-48.559010103443555,signal_change,1
GC=F,SCORE,2026-04-23 14:00:00+00:00,2026-04-23 15:00:00+00:00,-1.0,4741.4,4750.99990234375,0.6097020495257671,transition,-944.8057188863867,signal_change,1
GC=F,SCORE,2026-04-23 18:00:00+00:00,2026-04-23 20:00:00+00:00,-1.0,4726.00009765625,4712.6,0.18290404173815206,transition,310.37365013228685,signal_change,2
GC=F,SCORE,2026-04-27 15:00:00+00:00,2026-04-27 17:00:00+00:00,-1.0,4693.29990234375,4691.49990234375,0.7414639989489873,transition,108.10630451378586,signal_change,2
GC=F,SCORE,2026-04-28 06:00:00+00:00,2026-04-28 11:00:00+00:00,-1.0,4645.79990234375,4619.199853515625,0.6097377196357573,trend,2778.9515861314753,stop,6
GC=F,SCORE,2026-04-28 12:00:00+00:00,2026-04-28 12:00:00+00:00,-1.0,4575.50009765625,4612.5999755859375,0.4358365638083424,transition,2393.3012618215857,stop,1
GC=F,SCORE,2026-04-28 13:00:00+00:00,2026-04-28 16:00:00+00:00,-1.0,4606.9,4600.1,0.6090715720117361,transition,484.43337538567306,signal_change,3
GC=F,SCORE,2026-04-28 18:00:00+00:00,2026-04-28 19:00:00+00:00,-1.0,4609.29990234375,4608.6,0.6094447111090064,transition,-45.32924437451187,signal_change,1
GC=F,SCORE,2026-04-29 02:00:00+00:00,2026-04-29 03:00:00+00:00,-1.0,4598.4,4606.99990234375,0.5861200659325186,transition,-903.072323821963,signal_change,1
GC=F,SCORE,2026-04-29 08:00:00+00:00,2026-04-29 09:00:00+00:00,-1.0,4581.50009765625,4586.6,0.5997524320976224,transition,-526.7822202379025,signal_change,1
GC=F,SCORE,2026-04-29 10:00:00+00:00,2026-04-29 11:00:00+00:00,-1.0,4568.00009765625,4583.1,0.5937433244730486,transition,-1461.729594919535,signal_change,1
GC=F,SCORE,2026-04-29 14:00:00+00:00,2026-04-29 15:00:00+00:00,-1.0,4534.6001953125,4551.99990234375,0.21874118523848687,shock,-639.9345889074043,signal_change,1
GC=F,SCORE,2026-04-29 17:00:00+00:00,2026-04-29 18:00:00+00:00,-1.0,4559.29990234375,4561.3001953125,0.6321207781385074,transition,-447.2958509360818,signal_change,1
GC=F,SCORE,2026-04-29 19:00:00+00:00,2026-04-29 20:00:00+00:00,-1.0,4553.00009765625,4561.3001953125,0.5924400219457044,transition,-814.4876391162495,signal_change,1
GC=F,SCORE,2026-04-30 09:00:00+00:00,2026-04-30 10:00:00+00:00,1.0,4628.8001953125,4637.1001953125,0.521327373066817,transition,533.0234816273712,signal_change,1
GC=F,SCORE,2026-04-30 11:00:00+00:00,2026-04-30 12:00:00+00:00,1.0,4651.99990234375,4643.1998046875,0.5318449094422606,transition,-838.7356537565386,signal_change,1
GC=F,SCORE,2026-04-30 13:00:00+00:00,2026-04-30 14:00:00+00:00,1.0,4652.6,4623.1001953125,0.518673074833671,transition,-2443.4958788782055,signal_change,1
GC=F,SCORE,2026-04-30 15:00:00+00:00,2026-04-30 16:00:00+00:00,1.0,4633.3998046875,4628.1001953125,0.5594003497844833,transition,-584.2914080045972,signal_change,1
GC=F,SCORE,2026-05-01 13:00:00+00:00,2026-05-01 13:00:00+00:00,-1.0,4601.50009765625,4636.6584879557295,0.6613965958483975,transition,3387.5597188454162,stop,1
GC=F,SCORE,2026-05-01 16:00:00+00:00,2026-05-01 17:00:00+00:00,1.0,4654.1,4650.1001953125,0.6408714804626214,transition,-543.4553862477828,signal_change,1
GC=F,SCORE,2026-05-04 15:00:00+00:00,2026-05-04 19:00:00+00:00,-1.0,4572.6001953125,4525.99990234375,0.1812294503001195,shock,1241.4017748600816,signal_change,4
GC=F,SCORE,2026-05-04 20:00:00+00:00,2026-05-04 22:00:00+00:00,-1.0,4527.4,4534.1,0.5228690605390344,transition,-396.2819089735213,signal_change,1
GC=F,SCORE,2026-05-05 17:00:00+00:00,2026-05-05 19:00:00+00:00,1.0,4571.8001953125,4571.50009765625,0.2576544856333893,shock,-74.41675627410152,signal_change,2
GC=F,SCORE,2026-05-06 00:00:00+00:00,2026-05-06 12:00:00+00:00,1.0,4604.20009765625,4677.224890136718,0.6848798140298626,transition,7489.190144890733,stop,13
GC=F,SCORE,2026-05-06 13:00:00+00:00,2026-05-06 16:00:00+00:00,1.0,4694.20009765625,4698.9,0.5672058499496151,trend,268.57580388212,signal_change,3
GC=F,SCORE,2026-05-07 02:00:00+00:00,2026-05-07 03:00:00+00:00,1.0,4723.49990234375,4715.1001953125,0.6003815491342416,transition,-908.1119916689922,signal_change,1
GC=F,SCORE,2026-05-07 07:00:00+00:00,2026-05-07 08:00:00+00:00,1.0,4747.8998046875,4753.1001953125,0.19992480158691342,transition,107.25614966141084,signal_change,1
GC=F,SCORE,2026-05-07 13:00:00+00:00,2026-05-07 15:00:00+00:00,1.0,4760.3001953125,4722.766845703125,0.6353291983799331,transition,-3718.719927331817,stop,3
GC=F,SCORE,2026-05-08 15:00:00+00:00,2026-05-08 17:00:00+00:00,-1.0,4725.6998046875,4721.99990234375,0.4478504599235934,transition,152.27538966237853,signal_change,2
GC=F,SCORE,2026-05-11 06:00:00+00:00,2026-05-11 07:00:00+00:00,-1.0,4659.4,4686.99990234375,0.5520270999540857,transition,-2401.8587437895544,signal_change,1
GC=F,SCORE,2026-05-11 10:00:00+00:00,2026-05-11 11:00:00+00:00,-1.0,4664.9,4672.70009765625,0.5752768417287165,transition,-731.8641254458491,signal_change,1
GC=F,SCORE,2026-05-11 15:00:00+00:00,2026-05-11 16:00:00+00:00,-1.0,4735.1998046875,4742.1,0.5768610616647889,transition,-680.9760210495892,signal_change,1
GC=F,SCORE,2026-05-12 00:00:00+00:00,2026-05-12 01:00:00+00:00,1.0,4776.8001953125,4758.79990234375,0.557839505289635,transition,-1616.5774872183972,signal_change,1
GC=F,SCORE,2026-05-12 13:00:00+00:00,2026-05-12 14:00:00+00:00,1.0,4713.70009765625,4686.4,0.5726327511277395,transition,-2470.923390682522,signal_change,1
GC=F,SCORE,2026-05-12 15:00:00+00:00,2026-05-12 17:00:00+00:00,-1.0,4679.9,4678.49990234375,0.20381121921242212,shock,17.92264715271011,signal_change,2
GC=F,SCORE,2026-05-13 13:00:00+00:00,2026-05-13 15:00:00+00:00,-1.0,4690.50009765625,4687.20009765625,0.6697740862782683,transition,249.49052668208387,signal_change,2
GC=F,SCORE,2026-05-13 16:00:00+00:00,2026-05-13 18:00:00+00:00,1.0,4703.1,4693.6998046875,0.7477715359197223,transition,-1227.525353692426,signal_change,2
GC=F,SCORE,2026-05-14 20:00:00+00:00,2026-05-14 22:00:00+00:00,-1.0,4659.50009765625,4654.6,0.6276964350962355,transition,160.37720099762032,signal_change,1
GC=F,SCORE,2026-05-15 01:00:00+00:00,2026-05-15 03:00:00+00:00,-1.0,4634.9,4621.70009765625,0.5497505209791599,transition,928.8868151077025,signal_change,2
GC=F,SCORE,2026-05-15 05:00:00+00:00,2026-05-15 17:00:00+00:00,-1.0,4609.9,4548.6,0.5582673761223811,shock,5034.297762050672,signal_change,12
GC=F,SCORE,2026-05-15 20:00:00+00:00,2026-05-17 22:00:00+00:00,-1.0,4550.1001953125,4557.49990234375,0.4567226102706037,transition,-1257.9643263012738,signal_change,1
GC=F,SCORE,2026-05-18 01:00:00+00:00,2026-05-18 03:00:00+00:00,-1.0,4518.00009765625,4537.1,0.41680588454744455,transition,-1250.6315492905574,signal_change,2
GC=F,SCORE,2026-05-18 06:00:00+00:00,2026-05-18 07:00:00+00:00,-1.0,4534.1998046875,4551.1,0.4301722641753291,transition,-1152.3868287856762,signal_change,1
GC=F,SCORE,2026-05-18 14:00:00+00:00,2026-05-18 15:00:00+00:00,1.0,4579.99990234375,4550.9,0.4476203695254379,transition,-2105.9041814587704,signal_change,1
GC=F,SCORE,2026-05-19 14:00:00+00:00,2026-05-19 16:00:00+00:00,-1.0,4506.50009765625,4512.1,0.1865935009628632,transition,-185.3219548982886,signal_change,2
GC=F,SCORE,2026-05-19 18:00:00+00:00,2026-05-19 19:00:00+00:00,-1.0,4504.4,4496.49990234375,0.5605819608766138,transition,500.8218510800898,signal_change,1
GC=F,SCORE,2026-05-20 13:00:00+00:00,2026-05-20 14:00:00+00:00,-1.0,4498.9,4530.987634277344,0.5410973067000695,transition,4815.751607983895,stop,2
GC=F,SCORE,2026-05-26 12:00:00+00:00,2026-05-26 13:00:00+00:00,-1.0,4507.00009765625,4520.70009765625,0.6065324260701324,transition,-1447.9745193024996,signal_change,1
GC=F,SCORE,2026-05-26 14:00:00+00:00,2026-05-26 15:00:00+00:00,-1.0,4515.00009765625,4515.70009765625,0.2087788581859463,transition,-66.89294035209775,signal_change,1
GC=F,SCORE,2026-05-26 18:00:00+00:00,2026-05-26 19:00:00+00:00,-1.0,4489.9,4499.1,0.6076571355707885,transition,-947.7894885776523,signal_change,1
GC=F,SCORE,2026-05-27 08:00:00+00:00,2026-05-27 09:00:00+00:00,-1.0,4513.00009765625,4528.6,0.607201351259932,transition,-1641.3380463509639,signal_change,1
GC=F,SCORE,2026-05-27 11:00:00+00:00,2026-05-27 16:00:00+00:00,-1.0,4476.1998046875,4468.20009765625,0.1943223819426709,shock,206.51489951910264,signal_change,5
GC=F,SCORE,2026-05-28 02:00:00+00:00,2026-05-28 05:00:00+00:00,-1.0,4441.50009765625,4402.8001953125,0.4957306294764773,transition,3016.532373564299,signal_change,3
GC=F,SCORE,2026-05-28 15:00:00+00:00,2026-05-28 16:00:00+00:00,1.0,4500.8001953125,4512.79990234375,0.18559080124738572,transition,303.6157132038215,signal_change,1
GC=F,SCORE,2026-05-28 17:00:00+00:00,2026-05-28 18:00:00+00:00,1.0,4541.99990234375,4539.1001953125,0.5180757398999843,transition,-358.8018383018183,signal_change,1
GC=F,SCORE,2026-05-29 04:00:00+00:00,2026-05-29 09:00:00+00:00,1.0,4531.49990234375,4545.1001953125,0.5964183676084858,trend,1117.2402001731361,signal_change,5
GC=F,SCORE,2026-05-29 10:00:00+00:00,2026-05-29 18:00:00+00:00,1.0,4562.1,4584.1001953125,0.589372078133364,trend,1866.6243170571688,signal_change,8
GC=F,SCORE,2026-06-01 14:00:00+00:00,2026-06-01 17:00:00+00:00,-1.0,4479.00009765625,4520.350016276042,0.3808431755902296,transition,-1407.2391993504204,stop,4
GC=F,SCORE,2026-06-01 18:00:00+00:00,2026-06-01 19:00:00+00:00,-1.0,4517.29990234375,4516.6,0.6003729288043044,transition,-117.79162459161476,signal_change,1
GC=F,SCORE,2026-06-01 20:00:00+00:00,2026-06-01 22:00:00+00:00,-1.0,4511.1001953125,4515.8998046875,0.6190316044114956,transition,-402.45919770270433,signal_change,1
GC=F,SCORE,2026-06-02 15:00:00+00:00,2026-06-02 17:00:00+00:00,1.0,4533.49990234375,4521.1001953125,0.2555474055756457,shock,-555.4223248128952,signal_change,2
GC=F,SCORE,2026-06-03 06:00:00+00:00,2026-06-03 07:00:00+00:00,-1.0,4485.29990234375,4491.49990234375,0.7511198206915135,transition,-961.67034247804,signal_change,1
GC=F,SCORE,2026-06-03 08:00:00+00:00,2026-06-03 11:00:00+00:00,-1.0,4481.6998046875,4487.8998046875,0.7400383784111337,trend,-861.2495423050324,signal_change,3
GC=F,SCORE,2026-06-03 14:00:00+00:00,2026-06-03 15:00:00+00:00,-1.0,4473.79990234375,4485.8001953125,0.23165558328269592,transition,-456.7660425438719,signal_change,1
GC=F,SCORE,2026-06-03 16:00:00+00:00,2026-06-03 17:00:00+00:00,-1.0,4469.9,4469.99990234375,0.6489921357542527,transition,-44.98959680522143,signal_change,1
GC=F,SCORE,2026-06-03 18:00:00+00:00,2026-06-03 19:00:00+00:00,-1.0,4467.00009765625,4469.8998046875,0.6591441346306155,transition,-501.8744527715138,signal_change,1
GC=F,SCORE,2026-06-04 12:00:00+00:00,2026-06-04 14:00:00+00:00,1.0,4539.20009765625,4523.29990234375,0.20286395903896878,transition,-548.4390941181466,signal_change,2
GC=F,SCORE,2026-06-04 17:00:00+00:00,2026-06-04 18:00:00+00:00,1.0,4510.6,4506.00009765625,0.5901754333605843,transition,-564.9048759688701,signal_change,1
GC=F,SCORE,2026-06-05 13:00:00+00:00,2026-06-07 22:00:00+00:00,-1.0,4431.9,4342.3001953125,0.4050978147539506,shock,2669.8836291226726,signal_change,8
GC=F,SCORE,2026-06-07 23:00:00+00:00,2026-06-08 00:00:00+00:00,-1.0,4341.4,4367.1,0.47442760466571676,transition,-2214.5359861834468,signal_change,1
GC=F,SCORE,2026-06-08 01:00:00+00:00,2026-06-08 04:00:00+00:00,-1.0,4365.50009765625,4342.1,0.4477197306036288,transition,1909.2235545704307,signal_change,3
GC=F,SCORE,2026-06-08 06:00:00+00:00,2026-06-08 07:00:00+00:00,-1.0,4316.6998046875,4325.20009765625,0.41245662162822844,transition,-685.2338846342134,signal_change,1
GC=F,SCORE,2026-06-08 08:00:00+00:00,2026-06-08 10:00:00+00:00,-1.0,4319.1998046875,4319.1,0.4168587044664971,trend,-54.74362808218024,signal_change,2
GC=F,SCORE,2026-06-08 14:00:00+00:00,2026-06-08 15:00:00+00:00,-1.0,4351.1998046875,4356.3998046875,0.43820966640631526,transition,-389.691222258837,signal_change,1
GC=F,SCORE,2026-06-09 11:00:00+00:00,2026-06-09 12:00:00+00:00,1.0,4363.3998046875,4364.29990234375,0.6787414522153049,transition,-66.54701886871271,signal_change,1
GC=F,SCORE,2026-06-09 15:00:00+00:00,2026-06-09 19:00:00+00:00,-1.0,4324.6998046875,4294.70009765625,0.20862637650464347,transition,983.8050812240278,signal_change,4
GC=F,SCORE,2026-06-10 00:00:00+00:00,2026-06-10 04:00:00+00:00,-1.0,4245.1001953125,4208.99990234375,0.4859578923617554,transition,2919.444255503365,signal_change,4
GC=F,SCORE,2026-06-10 05:00:00+00:00,2026-06-10 06:00:00+00:00,-1.0,4197.6001953125,4228.70009765625,0.4394974587904536,transition,-2407.341249432144,signal_change,1
GC=F,SCORE,2026-06-10 07:00:00+00:00,2026-06-10 11:00:00+00:00,-1.0,4226.6001953125,4197.6,0.43272595253371837,transition,2000.6635139994278,signal_change,4
GC=F,SCORE,2026-06-10 12:00:00+00:00,2026-06-11 00:00:00+00:00,-1.0,4169.79990234375,4070.99990234375,0.3784240715191014,trend,6452.533237545953,signal_change,11
GC=F,SCORE,2026-06-11 02:00:00+00:00,2026-06-11 04:00:00+00:00,-1.0,4122.6998046875,4094.49990234375,0.3231372908381137,transition,1378.1402753292696,signal_change,2
GC=F,SCORE,2026-06-11 09:00:00+00:00,2026-06-11 10:00:00+00:00,-1.0,4104.9,4111.8998046875,0.32526300849730905,transition,-533.2452607439108,signal_change,1
GC=F,SCORE,2026-06-11 12:00:00+00:00,2026-06-11 13:00:00+00:00,-1.0,4100.79990234375,4102.8001953125,0.3314714462167466,transition,-163.14233836525665,signal_change,1
GC=F,SCORE,2026-06-11 15:00:00+00:00,2026-06-11 16:00:00+00:00,-1.0,4094.099951171875,4110.3001953125,0.3712190238459605,shock,-1100.8099363877657,signal_change,1
GC=F,SCORE,2026-06-11 20:00:00+00:00,2026-06-11 22:00:00+00:00,1.0,4230.3001953125,4234.79990234375,0.3280328783637995,transition,167.2553220370805,signal_change,1
GC=F,SCORE,2026-06-12 08:00:00+00:00,2026-06-12 10:00:00+00:00,1.0,4215.99990234375,4242.79990234375,0.3586647282186982,transition,1534.234898280777,signal_change,2
GC=F,SCORE,2026-06-12 15:00:00+00:00,2026-06-12 17:00:00+00:00,1.0,4224.99990234375,4236.4,0.35152875381977233,transition,589.4094957373974,signal_change,2
GC=F,SCORE,2026-06-14 23:00:00+00:00,2026-06-15 00:00:00+00:00,1.0,4305.70009765625,4314.1998046875,0.14960416329038295,transition,173.90495232845723,signal_change,1
GC=F,SCORE,2026-06-15 02:00:00+00:00,2026-06-15 04:00:00+00:00,1.0,4337.20009765625,4346.29990234375,0.45557108929419016,transition,570.679622922729,signal_change,2
GC=F,SCORE,2026-06-15 07:00:00+00:00,2026-06-15 10:00:00+00:00,1.0,4329.3001953125,4357.79990234375,0.4565742788671248,transition,2033.4062983687188,signal_change,3
GC=F,SCORE,2026-06-15 13:00:00+00:00,2026-06-15 17:00:00+00:00,1.0,4370.49990234375,4360.4,0.4843385589648639,trend,-921.3676376214503,signal_change,4
GC=F,SCORE,2026-06-15 19:00:00+00:00,2026-06-15 20:00:00+00:00,1.0,4347.6,4342.50009765625,0.5445037776897927,transition,-592.1820406656601,signal_change,1
GC=F,SCORE,2026-06-16 01:00:00+00:00,2026-06-16 02:00:00+00:00,1.0,4340.3998046875,4334.50009765625,0.23035795348515314,transition,-281.0259384695796,signal_change,1
GC=F,SCORE,2026-06-16 08:00:00+00:00,2026-06-16 10:00:00+00:00,1.0,4356.49990234375,4366.1001953125,0.7246316340829259,transition,962.7221333431669,signal_change,2
GC=F,SCORE,2026-06-16 13:00:00+00:00,2026-06-16 14:00:00+00:00,1.0,4375.99990234375,4352.4,0.7350509173366316,transition,-3020.2927744581084,signal_change,1
GC=F,SCORE,2026-06-16 14:00:00+00:00,2026-06-16 16:00:00+00:00,-1.0,4352.4,4355.70009765625,0.7371768153246209,transition,-584.7341887046183,signal_change,2
GC=F,SCORE,2026-06-17 15:00:00+00:00,2026-06-17 18:00:00+00:00,1.0,4363.8998046875,4361.500219726562,0.2769427326170687,transition,-167.84914593440953,stop,4
GC=F,SCORE,2026-06-17 19:00:00+00:00,2026-06-17 19:00:00+00:00,-1.0,4304.9,4300.437341308594,0.35487738843465705,shock,-349.64485885311024,stop,1
GC=F,SCORE,2026-06-17 20:00:00+00:00,2026-06-17 23:00:00+00:00,-1.0,4254.1001953125,4285.8001953125,0.34061190654776785,shock,-1887.2939382317093,signal_change,2
GC=F,SCORE,2026-06-18 11:00:00+00:00,2026-06-18 18:00:00+00:00,-1.0,4274.1001953125,4249.3001953125,0.3901045484655272,transition,1479.0442021306583,signal_change,7
GC=F,SCORE,2026-06-18 19:00:00+00:00,2026-06-18 20:00:00+00:00,-1.0,4237.79990234375,4236.3001953125,0.43732155143950985,shock,16.757402041843726,signal_change,1
GC=F,SCORE,2026-06-21 22:00:00+00:00,2026-06-21 23:00:00+00:00,-1.0,4163.79990234375,4172.8998046875,0.5245497139677058,trend,-927.657524084934,signal_change,1
GC=F,SCORE,2026-06-22 00:00:00+00:00,2026-06-22 00:00:00+00:00,-1.0,4157.1998046875,4201.441487630208,0.47779103745669815,shock,3495.3457538515204,stop,1
GC=F,SCORE,2026-06-22 02:00:00+00:00,2026-06-22 03:00:00+00:00,-1.0,4208.1001953125,4206.3998046875,0.41826933396138916,transition,116.23456826627026,signal_change,1
GC=F,SCORE,2026-06-23 07:00:00+00:00,2026-06-23 09:00:00+00:00,-1.0,4131.79990234375,4123.1,0.268230210378994,transition,381.57123238525804,signal_change,2
GC=F,SCORE,2026-06-23 11:00:00+00:00,2026-06-23 12:00:00+00:00,-1.0,4137.50009765625,4141.1,0.317528045716796,transition,-276.483783509419,signal_change,1
GC=F,SCORE,2026-06-23 13:00:00+00:00,2026-06-23 16:00:00+00:00,-1.0,4131.00009765625,4156.8998046875,0.3477686174507069,transition,-1620.1422620638682,signal_change,3
GC=F,SCORE,2026-06-23 18:00:00+00:00,2026-06-23 19:00:00+00:00,-1.0,4145.9,4135.8998046875,0.4348684952536777,transition,684.5012989079023,signal_change,1
GC=F,SCORE,2026-06-23 20:00:00+00:00,2026-06-23 22:00:00+00:00,-1.0,4129.79990234375,4130.1,0.481422829490464,transition,38.352871357231,signal_change,1
GC=F,SCORE,2026-06-24 03:00:00+00:00,2026-06-24 04:00:00+00:00,-1.0,4078.00009765625,4080.20009765625,0.48599193273987307,transition,-257.0410251562717,signal_change,1
GC=F,SCORE,2026-06-24 12:00:00+00:00,2026-06-24 13:00:00+00:00,-1.0,4063.29990234375,4053.100030517578,0.4627121255011422,shock,8774.720977950445,stop,2
GC=F,SCORE,2026-06-24 14:00:00+00:00,2026-06-24 20:00:00+00:00,-1.0,4054.79990234375,4005.6,0.14470990674081036,transition,1268.6498142295775,signal_change,6
GC=F,SCORE,2026-06-25 02:00:00+00:00,2026-06-25 03:00:00+00:00,-1.0,3992.79990234375,3998.900048828125,0.3491301947442915,transition,-448.8782105452624,signal_change,1
GC=F,SCORE,2026-06-25 16:00:00+00:00,2026-06-25 17:00:00+00:00,1.0,4057.299951171875,4044.29990234375,0.14083587791668203,transition,-361.72557221016115,signal_change,1
GC=F,SCORE,2026-06-26 07:00:00+00:00,2026-06-26 08:00:00+00:00,1.0,4047.900048828125,4046.00009765625,0.4914660609600963,transition,-290.715090440921,signal_change,1
GC=F,SCORE,2026-06-26 10:00:00+00:00,2026-06-26 11:00:00+00:00,1.0,4062.400048828125,4069.9,0.4923150066892628,transition,532.1523514246883,signal_change,1
GC=F,SCORE,2026-06-26 13:00:00+00:00,2026-06-26 17:00:00+00:00,1.0,4074.20009765625,4100.1001953125,0.4838705157153114,transition,2099.3715232707036,signal_change,4
GC=F,SCORE,2026-06-29 01:00:00+00:00,2026-06-29 02:00:00+00:00,1.0,4083.799951171875,4075.29990234375,0.4999960665943546,transition,-880.7445901834313,signal_change,1
GC=F,SCORE,2026-06-29 06:00:00+00:00,2026-06-29 08:00:00+00:00,1.0,4068.70009765625,4075.599951171875,0.5391669083678846,transition,525.6716826095087,signal_change,2
GC=F,SCORE,2026-06-29 15:00:00+00:00,2026-06-29 16:00:00+00:00,-1.0,4039.79990234375,4041.6,0.18914988949188027,transition,-102.16913691400264,signal_change,1
GC=F,SCORE,2026-06-29 18:00:00+00:00,2026-06-29 19:00:00+00:00,-1.0,4035.599951171875,4027.799951171875,0.551125214562943,transition,631.8921448454898,signal_change,1
GC=F,SCORE,2026-06-30 01:00:00+00:00,2026-06-30 04:00:00+00:00,-1.0,4000.4,3982.6,0.5402718392368542,trend,1366.883211587151,signal_change,3
GC=F,SCORE,2026-06-30 06:00:00+00:00,2026-06-30 06:00:00+00:00,-1.0,3991.4,4032.7832845052085,0.489726053590754,shock,3563.4817554773613,stop,1
GC=F,SCORE,2026-06-30 09:00:00+00:00,2026-06-30 10:00:00+00:00,-1.0,4028.9,4038.20009765625,0.17103282606072992,transition,-319.42776867093403,signal_change,1
GC=F,SCORE,2026-06-30 13:00:00+00:00,2026-06-30 14:00:00+00:00,-1.0,4023.599951171875,4044.49990234375,0.4906655489019591,transition,-1878.0619943239378,signal_change,1
GC=F,SCORE,2026-07-01 14:00:00+00:00,2026-07-01 16:00:00+00:00,1.0,4104.8998046875,4095.4,0.17659353339380626,transition,-341.9645860608051,signal_change,2
GC=F,SCORE,2026-07-02 13:00:00+00:00,2026-07-02 18:00:00+00:00,1.0,4130.8998046875,4119.6001953125,0.1533446260307128,shock,-342.5020933042822,signal_change,5
GC=F,SCORE,2026-07-03 01:00:00+00:00,2026-07-05 22:00:00+00:00,1.0,4159.8998046875,4187.4,0.4828184602184942,trend,2200.9506414753596,signal_change,3
GC=F,SCORE,2026-07-05 23:00:00+00:00,2026-07-06 00:00:00+00:00,1.0,4200.70009765625,4195.6998046875,0.49104760961279625,transition,-550.6507421475908,signal_change,1
GC=F,SCORE,2026-07-06 13:00:00+00:00,2026-07-06 14:00:00+00:00,1.0,4151.99990234375,4152.4,0.4224109976376401,transition,-77.50748852315593,signal_change,1
GC=F,SCORE,2026-07-07 13:00:00+00:00,2026-07-07 14:00:00+00:00,1.0,4184.20009765625,4169.6001953125,0.17730383399752644,shock,-495.7332920778913,signal_change,1
GC=F,SCORE,2026-07-07 19:00:00+00:00,2026-07-07 23:00:00+00:00,-1.0,4137.79990234375,4109.1,0.6124876147298924,transition,2861.4599286048424,signal_change,3
GC=F,SCORE,2026-07-08 00:00:00+00:00,2026-07-08 01:00:00+00:00,-1.0,4108.4,4122.8998046875,0.5903334409337698,transition,-1589.3881587832525,signal_change,1
GC=F,SCORE,2026-07-08 09:00:00+00:00,2026-07-08 18:00:00+00:00,-1.0,4066.50009765625,4096.875115966797,0.3595895912022989,shock,562.1980307012359,stop,10
GC=F,SCORE,2026-07-09 12:00:00+00:00,2026-07-09 19:00:00+00:00,1.0,4118.8001953125,4134.00009765625,0.581184496095538,transition,1418.5599965772963,signal_change,7
GC=F,SCORE,2026-07-10 01:00:00+00:00,2026-07-10 02:00:00+00:00,1.0,4136.3001953125,4126.6001953125,0.7270291026358742,transition,-1431.9787535842663,signal_change,1
GC=F,SCORE,2026-07-10 03:00:00+00:00,2026-07-10 04:00:00+00:00,1.0,4137.6,4128.6998046875,0.7424928228404871,transition,-1354.4335217907546,signal_change,1
GC=F,SCORE,2026-07-10 06:00:00+00:00,2026-07-10 07:00:00+00:00,1.0,4125.6,4120.1998046875,0.7738222058867354,transition,-934.308745256058,signal_change,1
GC=F,SCORE,2026-07-10 15:00:00+00:00,2026-07-10 16:00:00+00:00,-1.0,4101.79990234375,4122.49990234375,0.2631131626869459,transition,-995.6757784729876,signal_change,1
GC=F,SCORE,2026-07-10 17:00:00+00:00,2026-07-10 19:00:00+00:00,-1.0,4113.29990234375,4109.8001953125,0.757531108287593,transition,303.0924668888942,signal_change,2
GC=F,SCORE,2026-07-13 01:00:00+00:00,2026-07-13 05:00:00+00:00,-1.0,4082.79990234375,4066.49990234375,0.6106557935115495,transition,1664.1409192489762,signal_change,4
GC=F,SCORE,2026-07-13 06:00:00+00:00,2026-07-13 08:00:00+00:00,-1.0,4061.79990234375,4072.900048828125,0.5918428205806032,transition,-1307.16454971557,signal_change,2
GC=F,SCORE,2026-07-13 10:00:00+00:00,2026-07-13 11:00:00+00:00,-1.0,4076.099951171875,4068.49990234375,0.5653171990209498,transition,643.1677326927916,signal_change,1
GC=F,SCORE,2026-07-13 12:00:00+00:00,2026-07-13 13:00:00+00:00,-1.0,4063.9,4075.400048828125,0.5573558793821634,transition,-1249.7512053728465,signal_change,1
GC=F,SCORE,2026-07-13 14:00:00+00:00,2026-07-13 19:00:00+00:00,-1.0,4050.4,4008.900048828125,0.5122990218306666,shock,3764.3089522031873,signal_change,5
GC=F,SCORE,2026-07-14 15:00:00+00:00,2026-07-14 17:00:00+00:00,1.0,4093.1,4068.700048828125,0.5684718803773136,transition,-2620.863621183207,signal_change,2
GC=F,SCORE,2026-07-14 18:00:00+00:00,2026-07-14 19:00:00+00:00,1.0,4069.6,4060.200048828125,0.5805150515679808,transition,-1123.3904130766966,signal_change,1
GC=F,SCORE,2026-07-15 13:00:00+00:00,2026-07-15 14:00:00+00:00,1.0,4074.799951171875,4068.599951171875,0.6539247996777054,shock,-888.8374933821235,signal_change,1
GC=F,SCORE,2026-07-15 17:00:00+00:00,2026-07-15 17:00:00+00:00,-1.0,4040.29990234375,4072.0165405273438,0.6434428492279062,range,3502.845893297673,stop,1
GC=F,SCORE,2026-07-16 13:00:00+00:00,2026-07-16 20:00:00+00:00,-1.0,3996.200048828125,3984.900048828125,0.3976007291223624,shock,757.7228718201327,signal_change,7
GC=F,SCORE,2026-07-17 02:00:00+00:00,2026-07-17 03:00:00+00:00,-1.0,3986.9,3982.6,0.5889366390853017,transition,399.4570196912345,signal_change,1
GC=F,SCORE,2026-07-17 11:00:00+00:00,2026-07-17 12:00:00+00:00,-1.0,3994.4,3998.299951171875,0.5492878886222182,transition,-451.8505227068377,signal_change,1
GC=F,SCORE,2026-07-17 13:00:00+00:00,2026-07-17 13:00:00+00:00,-1.0,3970.00009765625,4006.5001017252603,0.5496427822861688,range,3548.487919833456,stop,1
GC=F,SCORE,2026-07-17 16:00:00+00:00,2026-07-17 17:00:00+00:00,1.0,4024.49990234375,4019.9,0.5959378180328669,transition,-652.4655214027144,signal_change,1
GC=F,SCORE,2026-07-20 15:00:00+00:00,2026-07-20 16:00:00+00:00,1.0,4010.49990234375,4016.200048828125,0.22659916721929563,shock,177.94336486109952,signal_change,1
GC=F,SCORE,2026-07-21 03:00:00+00:00,2026-07-21 04:00:00+00:00,1.0,4042.400048828125,4051.599951171875,0.7165507934211578,transition,1011.6953798201763,signal_change,1
GC=F,SCORE,2026-07-21 06:00:00+00:00,2026-07-21 08:00:00+00:00,1.0,4066.1,4075.50009765625,0.6843016759776537,transition,986.9550181606561,signal_change,2
GC=F,SCORE,2026-07-21 10:00:00+00:00,2026-07-21 11:00:00+00:00,1.0,4070.6,4067.599951171875,0.6954632967968797,transition,-555.1986590949107,signal_change,1
GC=F,SCORE,2026-07-21 14:00:00+00:00,2026-07-21 17:00:00+00:00,1.0,4057.6,4075.9,0.6885711278549272,transition,2103.815322524059,signal_change,3
GC=F,SCORE,2026-07-21 19:00:00+00:00,2026-07-21 20:00:00+00:00,1.0,4087.1,4088.50009765625,0.7065549189526711,transition,-3.3439635844049747,signal_change,1
GC=F,SCORE,2026-07-22 01:00:00+00:00,2026-07-22 04:00:00+00:00,1.0,4102.3998046875,4135.00009765625,0.6922816901408451,shock,3872.037862277318,signal_change,3
GC=F,SCORE,2026-07-22 12:00:00+00:00,2026-07-22 15:00:00+00:00,1.0,4127.6,4153.4,0.7327788476371397,transition,3207.8305611008464,signal_change,3
GC=F,SCORE,2026-07-22 16:00:00+00:00,2026-07-22 17:00:00+00:00,1.0,4164.49990234375,4152.6998046875,0.6936753661092844,transition,-1641.1431505514165,signal_change,1
GC=F,SCORE,2026-07-23 13:00:00+00:00,2026-07-23 15:00:00+00:00,-1.0,4064.099951171875,4061.6,0.5435478742886507,shock,195.89759611133238,signal_change,2
GC=F,SCORE,2026-07-23 16:00:00+00:00,2026-07-23 17:00:00+00:00,-1.0,4051.4,4054.6,0.2078116003000961,shock,-152.89582012971033,signal_change,1
GC=F,SCORE,2026-07-23 18:00:00+00:00,2026-07-23 19:00:00+00:00,-1.0,4044.29990234375,4049.299951171875,0.5962895245902818,transition,-592.3574178738509,signal_change,1
GC=F,SCORE,2026-07-24 03:00:00+00:00,2026-07-24 04:00:00+00:00,-1.0,4027.00009765625,4031.400048828125,0.7442014178153145,trend,-713.661435953371,signal_change,1
GC=F,SCORE,2026-07-24 06:00:00+00:00,2026-07-24 07:00:00+00:00,-1.0,4025.099951171875,4038.299951171875,0.7434898456052559,transition,-2025.7561214442183,signal_change,1
GC=F,SCORE,2026-07-24 15:00:00+00:00,2026-07-24 17:00:00+00:00,1.0,4066.20009765625,4069.599951171875,0.3000969462404578,shock,109.28308600085933,signal_change,2
GC=F,SCORE,2026-07-27 01:00:00+00:00,2026-07-27 02:00:00+00:00,1.0,4103.20009765625,4112.1001953125,0.7021060573848739,transition,944.1771630558952,signal_change,1
GC=F,SCORE,2026-07-27 09:00:00+00:00,2026-07-27 12:00:00+00:00,1.0,4096.8998046875,4096.00009765625,0.745030194062956,transition,-313.0804519176696,signal_change,3
GC=F,SCORE,2026-07-27 16:00:00+00:00,2026-07-27 17:00:00+00:00,1.0,4080.900048828125,4083.9,0.7271410636005823,range,207.5663425227018,signal_change,1
GC=F,SCORE,2026-07-28 02:00:00+00:00,2026-07-28 03:00:00+00:00,-1.0,4045.79990234375,4042.400048828125,0.8122522388462409,trend,324.56454789862266,signal_change,1
GC=F,SCORE,2026-07-28 08:00:00+00:00,2026-07-28 09:00:00+00:00,-1.0,4047.200048828125,4045.6,0.8361762185373599,transition,-2.2082753591796944,signal_change,1
GC=F,SCORE,2026-07-28 10:00:00+00:00,2026-07-28 12:00:00+00:00,-1.0,4023.00009765625,4027.400048828125,0.781165054063145,trend,-948.7649619180197,signal_change,2
GC=F,SCORE,2026-07-28 13:00:00+00:00,2026-07-28 22:00:00+00:00,-1.0,4029.29990234375,4020.99990234375,0.7882531919373672,transition,-1284.9503779337417,signal_change,8
GC=F,SCORE,2026-07-29 08:00:00+00:00,2026-07-29 09:00:00+00:00,1.0,4103.1,4096.6998046875,0.2134125114469419,shock,-300.5262342531542,signal_change,1
GC=F,SCORE,2026-07-29 13:00:00+00:00,2026-07-29 14:00:00+00:00,1.0,4081.400048828125,4065.00009765625,0.6075939476915796,transition,-1956.7737014218276,signal_change,1
GC=F,SCORE,2026-07-29 15:00:00+00:00,2026-07-29 16:00:00+00:00,1.0,4063.70009765625,4068.4,0.6314284703873415,transition,374.9104254673248,signal_change,1
GC=F,SCORE,2026-07-29 18:00:00+00:00,2026-07-29 18:00:00+00:00,1.0,4103.20009765625,4113.712377929687,0.5532381333131638,shock,901.1149879767759,stop,1
GC=F,SCORE,2026-07-29 19:00:00+00:00,2026-07-29 19:00:00+00:00,1.0,4167.20009765625,4124.1168212890625,0.3342334949264311,shock,-2631.9846873885062,stop,1
GC=F,SCORE,2026-07-30 14:00:00+00:00,2026-07-30 17:00:00+00:00,1.0,4172.20009765625,4169.6998046875,0.3966085855901089,transition,-274.6266852336891,signal_change,3
GC=F,SCORE,2026-07-31 13:00:00+00:00,2026-07-31 17:00:00+00:00,-1.0,4096.50009765625,4099.3001953125,0.6120740735316731,transition,-481.35564172989996,signal_change,4
GC=F,SCORE,2026-08-04 12:00:00+00:00,2026-08-04 13:00:00+00:00,1.0,4132.3998046875,4128.00009765625,0.7104669712247901,transition,-736.2584735093363,signal_change,1
GC=F,SCORE,2026-08-04 14:00:00+00:00,2026-08-04 19:00:00+00:00,1.0,4140.8001953125,4136.50009765625,0.2541616000719364,transition,-257.7466044164853,signal_change,5
GC=F,SCORE,2026-08-05 03:00:00+00:00,2026-08-05 04:00:00+00:00,1.0,4186.6,4186.00009765625,0.2238257511625912,shock,-80.51093794217687,signal_change,1
GC=F,SCORE,2026-08-05 06:00:00+00:00,2026-08-05 08:00:00+00:00,1.0,4222.49990234375,4229.79990234375,0.20799286066483133,trend,211.15610068774546,signal_change,2
GC=F,SCORE,2026-08-05 11:00:00+00:00,2026-08-05 19:00:00+00:00,1.0,4220.70009765625,4320.9,0.5579127312365746,trend,9525.590965344578,signal_change,8
GC=F,SCORE,2026-08-06 00:00:00+00:00,2026-08-06 03:00:00+00:00,1.0,4337.3001953125,4337.1001953125,0.48278168137281435,trend,-138.34134086827288,signal_change,3
GC=F,SCORE,2026-08-06 09:00:00+00:00,2026-08-06 10:00:00+00:00,1.0,4337.3001953125,4332.50009765625,0.49057432563179687,transition,-528.7966393742298,signal_change,1
GC=F,SCORE,2026-08-06 14:00:00+00:00,2026-08-06 16:00:00+00:00,1.0,4326.20009765625,4291.6998046875,0.4896055404056894,transition,-3017.9626123418398,signal_change,2
GC=F,SCORE,2026-08-07 07:00:00+00:00,2026-08-07 08:00:00+00:00,1.0,4356.3001953125,4349.1001953125,0.5849231621300947,transition,-863.1962842835006,signal_change,1
GC=F,SCORE,2026-08-07 13:00:00+00:00,2026-08-07 14:00:00+00:00,1.0,4421.70009765625,4408.29990234375,0.17792524390655906,shock,-443.0270905543991,signal_change,1
GC=F,SCORE,2026-08-07 15:00:00+00:00,2026-08-07 16:00:00+00:00,1.0,4401.49990234375,4400.29990234375,0.5225106005496437,transition,-238.05112292997023,signal_change,1
GC=F,SCORE,2026-08-07 18:00:00+00:00,2026-08-07 19:00:00+00:00,1.0,4399.8998046875,4395.6001953125,0.5561707482075579,transition,-542.0380684722493,signal_change,1
GC=F,SCORE,2026-08-10 02:00:00+00:00,2026-08-10 03:00:00+00:00,1.0,4382.8998046875,4379.50009765625,0.5646744815300149,transition,-466.2239602022759,signal_change,1
GC=F,SCORE,2026-08-10 05:00:00+00:00,2026-08-10 08:00:00+00:00,1.0,4399.20009765625,4414.9,0.556438593480756,transition,1319.4460700177308,signal_change,3
GC=F,SCORE,2026-08-10 14:00:00+00:00,2026-08-10 14:00:00+00:00,-1.0,4376.1001953125,4409.116943359375,0.23419993769793881,shock,1243.003643616187,stop,1
GC=F,SCORE,2026-08-10 16:00:00+00:00,2026-08-10 17:00:00+00:00,1.0,4418.20009765625,4416.29990234375,0.6934770529888491,transition,-397.02163162289725,signal_change,1
GC=F,SCORE,2026-08-10 18:00:00+00:00,2026-08-10 22:00:00+00:00,1.0,4419.49990234375,4446.79990234375,0.6919476900587763,transition,2976.5074005812367,signal_change,3
GC=F,SCORE,2026-08-11 00:00:00+00:00,2026-08-11 03:00:00+00:00,1.0,4462.3998046875,4470.6001953125,0.679276743564621,transition,754.2693921043193,signal_change,3
GC=F,SCORE,2026-08-11 13:00:00+00:00,2026-08-11 14:00:00+00:00,1.0,4450.8001953125,4448.1001953125,0.578568257620904,transition,-408.3616031293799,signal_change,1
GC=F,SCORE,2026-08-11 15:00:00+00:00,2026-08-11 17:00:00+00:00,1.0,4453.70009765625,4443.1998046875,0.5920348293772568,transition,-1186.0841594505644,signal_change,2
GC=F,SCORE,2026-08-12 07:00:00+00:00,2026-08-12 09:00:00+00:00,1.0,4463.1,4460.79990234375,0.2623332982771478,transition,-166.91598011368418,signal_change,2
GC=F,SCORE,2026-08-12 10:00:00+00:00,2026-08-12 11:00:00+00:00,1.0,4475.6,4472.1998046875,0.7319156734985269,transition,-598.1050894161709,signal_change,1
GC=F,SCORE,2026-08-12 13:00:00+00:00,2026-08-12 16:00:00+00:00,1.0,4497.8998046875,4480.1001953125,0.21940721292018336,transition,-698.439062510284,signal_change,3
GC=F,SCORE,2026-08-13 08:00:00+00:00,2026-08-13 09:00:00+00:00,-1.0,4426.29990234375,4432.3998046875,0.5520933094379864,transition,-702.7700447296315,signal_change,1
GC=F,SCORE,2026-08-13 14:00:00+00:00,2026-08-13 17:00:00+00:00,-1.0,4429.1998046875,4424.3998046875,0.5767384184176567,transition,344.8840458774838,signal_change,3
GC=F,SCORE,2026-08-13 18:00:00+00:00,2026-08-13 19:00:00+00:00,-1.0,4412.50009765625,4414.1,0.587173272155825,transition,-208.68260697715587,signal_change,1
GC=F,SCORE,2026-08-14 02:00:00+00:00,2026-08-14 03:00:00+00:00,-1.0,4373.6001953125,4370.8001953125,0.5969525469356634,transition,149.86981221340415,signal_change,1
GC=F,SCORE,2026-08-14 13:00:00+00:00,2026-08-14 14:00:00+00:00,-1.0,4430.6001953125,4441.70009765625,0.6110038529649472,transition,-1346.5979255216298,signal_change,1
GC=F,SCORE,2026-08-14 16:00:00+00:00,2026-08-14 17:00:00+00:00,1.0,4449.1,4442.9,0.24051777527699522,shock,-308.146024333956,signal_change,1
GC=F,SCORE,2026-08-14 21:00:00+00:00,2026-08-16 22:00:00+00:00,1.0,4432.1,4433.6001953125,0.7379125638096887,transition,-3.559501995786377,signal_change,1
GC=F,SCORE,2026-08-17 01:00:00+00:00,2026-08-17 03:00:00+00:00,1.0,4457.20009765625,4450.1001953125,0.7296374897968982,transition,-1041.451098762194,signal_change,2
GC=F,SCORE,2026-08-17 04:00:00+00:00,2026-08-17 05:00:00+00:00,1.0,4453.6,4447.1998046875,0.7364794626335431,transition,-965.2744149287307,signal_change,1
GC=F,SCORE,2026-08-17 07:00:00+00:00,2026-08-17 08:00:00+00:00,1.0,4459.1,4461.6998046875,0.7538448168702664,transition,131.850429545643,signal_change,1
GC=F,SCORE,2026-08-17 15:00:00+00:00,2026-08-17 17:00:00+00:00,1.0,4474.70009765625,4481.6001953125,0.2585969190754545,transition,227.7306034806722,signal_change,2
GC=F,SCORE,2026-08-18 01:00:00+00:00,2026-08-18 02:00:00+00:00,1.0,4491.70009765625,4464.50009765625,0.7017977769562287,transition,-3300.873910627012,signal_change,1
GC=F,SCORE,2026-08-18 14:00:00+00:00,2026-08-18 15:00:00+00:00,1.0,4450.6,4422.50009765625,0.24568332248263886,shock,-1196.973018354626,signal_change,1
GC=F,SCORE,2026-08-18 15:00:00+00:00,2026-08-18 17:00:00+00:00,-1.0,4422.50009765625,4419.20009765625,0.24376085264508984,transition,87.54287995437714,signal_change,2
GC=F,SCORE,2026-08-18 20:00:00+00:00,2026-08-18 22:00:00+00:00,-1.0,4400.00009765625,4391.49990234375,0.7049488718345497,trend,1285.9306682886438,signal_change,1
GC=F,SCORE,2026-08-19 02:00:00+00:00,2026-08-19 03:00:00+00:00,-1.0,4409.9,4408.49990234375,0.7062998938691852,shock,-14.45968859527396,signal_change,1
GC=F,SCORE,2026-08-19 06:00:00+00:00,2026-08-19 07:00:00+00:00,-1.0,4388.9,4402.8998046875,0.6970113657152722,transition,-1779.9575519632422,signal_change,1
GC=F,SCORE,2026-08-19 13:00:00+00:00,2026-08-19 17:00:00+00:00,1.0,4496.3998046875,4550.9,0.19330370029905625,shock,1657.4127780256254,signal_change,4
GC=F,SCORE,2026-08-19 19:00:00+00:00,2026-08-19 23:00:00+00:00,1.0,4553.3998046875,4576.29990234375,0.5639483509020106,trend,1932.6839187168662,signal_change,3
GC=F,SCORE,2026-08-20 07:00:00+00:00,2026-08-20 08:00:00+00:00,1.0,4550.70009765625,4547.79990234375,0.5645676904425136,trend,-406.41101943197395,signal_change,1
GC=F,SCORE,2026-08-20 13:00:00+00:00,2026-08-20 17:00:00+00:00,1.0,4529.8998046875,4566.6001953125,0.5984180053540339,shock,3403.8330602804,signal_change,4
GC=F,SCORE,2026-08-20 23:00:00+00:00,2026-08-21 00:00:00+00:00,1.0,4579.99990234375,4582.1998046875,0.6521171367850503,transition,65.61756435295992,signal_change,1
GC=F,SCORE,2026-08-21 06:00:00+00:00,2026-08-21 08:00:00+00:00,1.0,4609.99990234375,4621.29990234375,0.5983026035686383,transition,928.7439192890959,signal_change,2
GC=F,SCORE,2026-08-21 09:00:00+00:00,2026-08-21 20:00:00+00:00,1.0,4641.20009765625,4674.50009765625,0.5802039219198254,transition,2925.3179842567965,signal_change,11
GC=F,SCORE,2026-08-23 22:00:00+00:00,2026-08-23 23:00:00+00:00,1.0,4675.49990234375,4663.4,0.593643926616302,transition,-1288.3127378133597,signal_change,1
GC=F,SCORE,2026-08-24 01:00:00+00:00,2026-08-24 04:00:00+00:00,1.0,4679.1,4698.1001953125,0.5313841337888392,trend,1459.9020263519974,signal_change,3
GC=F,SCORE,2026-08-24 07:00:00+00:00,2026-08-24 08:00:00+00:00,1.0,4706.49990234375,4697.6998046875,0.5489729401739316,transition,-899.5362378804342,signal_change,1
GC=F,SCORE,2026-08-24 10:00:00+00:00,2026-08-24 11:00:00+00:00,1.0,4702.49990234375,4700.00009765625,0.5686966231065529,transition,-367.7782852928044,signal_change,1
GC=F,SCORE,2026-08-24 12:00:00+00:00,2026-08-24 17:00:00+00:00,1.0,4715.3001953125,4702.00009765625,0.5463758964514933,transition,-1276.3650311967738,signal_change,5
GC=F,SCORE,2026-08-25 00:00:00+00:00,2026-08-25 02:00:00+00:00,1.0,4737.3998046875,4714.4,0.5330953666406177,transition,-2044.393429739016,signal_change,2
GC=F,SCORE,2026-08-25 14:00:00+00:00,2026-08-25 15:00:00+00:00,-1.0,4671.1998046875,4715.358235677083,0.5324293208223276,transition,134.32770798276852,stop,2
GC=F,SCORE,2026-08-26 13:00:00+00:00,2026-08-26 14:00:00+00:00,-1.0,4669.9,4686.8001953125,0.6323264529007507,transition,-1804.4869234755054,signal_change,1
GC=F,SCORE,2026-08-26 16:00:00+00:00,2026-08-26 18:00:00+00:00,-1.0,4651.50009765625,4653.20009765625,0.6629234841361056,transition,-345.96211869894944,signal_change,2
GC=F,SCORE,2026-08-27 07:00:00+00:00,2026-08-27 08:00:00+00:00,-1.0,4654.1998046875,4654.1,0.6460054431636779,transition,-9.806644482662392,signal_change,1
GC=F,SCORE,2026-08-27 10:00:00+00:00,2026-08-27 11:00:00+00:00,-1.0,4632.79990234375,4643.20009765625,0.6134770757325024,transition,-1126.6237397068026,signal_change,1
GC=F,SCORE,2026-08-27 13:00:00+00:00,2026-08-27 16:00:00+00:00,-1.0,4639.1001953125,4664.8001953125,0.5845705735353098,transition,-2469.618099068505,signal_change,3
GC=F,SCORE,2026-08-28 16:00:00+00:00,2026-08-30 22:00:00+00:00,-1.0,4575.79990234375,4506.3998046875,0.16636545641169279,shock,543.1017073940908,signal_change,5
GC=F,SCORE,2026-08-31 01:00:00+00:00,2026-08-31 05:00:00+00:00,-1.0,4505.6998046875,4474.70009765625,0.40277524600241515,transition,1941.5828778756104,signal_change,4
GC=F,SCORE,2026-08-31 09:00:00+00:00,2026-08-31 10:00:00+00:00,-1.0,4485.6998046875,4495.99990234375,0.4034698782510391,trend,-780.9858073703688,signal_change,1
GC=F,SCORE,2026-08-31 13:00:00+00:00,2026-08-31 15:00:00+00:00,-1.0,4486.6001953125,4481.8001953125,0.3811599230410448,trend,210.61090592326696,signal_change,2
GC=F,SCORE,2026-08-31 16:00:00+00:00,2026-08-31 17:00:00+00:00,-1.0,4475.79990234375,4482.8998046875,0.48821211387972274,shock,-642.6101433622034,signal_change,1
GC=F,SCORE,2026-09-01 09:00:00+00:00,2026-09-01 11:00:00+00:00,-1.0,4419.29990234375,4427.1,0.4344379821143515,transition,-643.8362294326222,signal_change,2
GC=F,SCORE,2026-09-01 12:00:00+00:00,2026-09-01 16:00:00+00:00,-1.0,4422.9,4421.70009765625,0.5817316863192717,transition,-41.95531026506531,signal_change,4
GC=F,SCORE,2026-09-01 17:00:00+00:00,2026-09-01 22:00:00+00:00,-1.0,4399.6998046875,4377.3001953125,0.5635612944464637,transition,2261.607975316547,signal_change,4
GC=F,SCORE,2026-09-02 01:00:00+00:00,2026-09-02 04:00:00+00:00,-1.0,4362.00009765625,4349.99990234375,0.5235034264131377,trend,1126.6906799298708,signal_change,3
GC=F,SCORE,2026-09-02 09:00:00+00:00,2026-09-02 10:00:00+00:00,-1.0,4359.50009765625,4355.99990234375,0.5650909102426314,shock,208.69322078994622,signal_change,1
GC=F,SCORE,2026-09-02 13:00:00+00:00,2026-09-02 13:00:00+00:00,-1.0,4378.1998046875,4419.683024088542,0.535603568808909,shock,3592.5830604934786,stop,1
GC=F,SCORE,2026-09-02 14:00:00+00:00,2026-09-02 15:00:00+00:00,1.0,4432.99990234375,4424.00009765625,0.19445046457346313,transition,-341.0356424769768,signal_change,1
GC=F,SCORE,2026-09-03 02:00:00+00:00,2026-09-03 07:00:00+00:00,1.0,4455.3001953125,4465.9,0.627541701210413,trend,943.2795032939264,signal_change,5
GC=F,SCORE,2026-09-03 08:00:00+00:00,2026-09-03 10:00:00+00:00,1.0,4474.6,4474.00009765625,0.6497482249962535,transition,-229.46185722323906,signal_change,2
GC=F,SCORE,2026-09-03 11:00:00+00:00,2026-09-03 12:00:00+00:00,1.0,4473.20009765625,4486.275061035156,0.6466913893375278,trend,1231.9766351772414,stop,2
GC=F,SCORE,2026-09-03 13:00:00+00:00,2026-09-03 17:00:00+00:00,1.0,4540.99990234375,4533.79990234375,0.40050228060102727,shock,-568.0466215440215,signal_change,4
GC=F,SCORE,2026-09-04 13:00:00+00:00,2026-09-04 13:00:00+00:00,-1.0,4440.79990234375,4470.799951171875,0.398884053902302,shock,1890.622395366391,stop,1
GC=F,SCORE,2026-09-04 14:00:00+00:00,2026-09-04 17:00:00+00:00,-1.0,4459.9,4483.6,0.1994065244446471,shock,-835.2155809676592,signal_change,3
GC=F,SCORE,2026-09-04 18:00:00+00:00,2026-09-04 19:00:00+00:00,-1.0,4464.6001953125,4471.70009765625,0.5514449913283659,transition,-716.867525995289,signal_change,1
GC=F,SCORE,2026-09-08 07:00:00+00:00,2026-09-08 09:00:00+00:00,-1.0,4448.50009765625,4438.1,0.49296713412103416,transition,660.3381441145971,signal_change,2
GC=F,SCORE,2026-09-08 14:00:00+00:00,2026-09-08 15:00:00+00:00,-1.0,4440.1998046875,4443.8998046875,0.4815831239289063,transition,-339.86152020594636,signal_change,1
GC=F,SCORE,2026-09-08 16:00:00+00:00,2026-09-08 17:00:00+00:00,-1.0,4439.9,4438.49990234375,0.4769810984120987,transition,21.322048593379996,signal_change,1
GC=F,SCORE,2026-09-09 15:00:00+00:00,2026-09-09 15:00:00+00:00,1.0,4463.49990234375,4423.574951171875,0.5577784861730106,shock,-3834.52043078823,stop,1
GC=F,SCORE,2026-09-10 03:00:00+00:00,2026-09-10 04:00:00+00:00,1.0,4462.8001953125,4452.29990234375,0.6543708619569782,transition,-1299.4121900595785,signal_change,1
GC=F,SCORE,2026-09-10 13:00:00+00:00,2026-09-10 16:00:00+00:00,-1.0,4382.00009765625,4408.20009765625,0.3622002198790951,shock,-1636.5112657873503,signal_change,3
GC=F,SCORE,2026-09-10 18:00:00+00:00,2026-09-10 22:00:00+00:00,-1.0,4394.29990234375,4359.49990234375,0.5590287415135783,transition,3304.530413591654,signal_change,3
GC=F,SCORE,2026-09-11 04:00:00+00:00,2026-09-11 05:00:00+00:00,-1.0,4344.1001953125,4372.49990234375,0.5062252161081869,transition,-2498.0858736400546,signal_change,1
GC=F,SCORE,2026-09-11 11:00:00+00:00,2026-09-11 12:00:00+00:00,-1.0,4379.1998046875,4375.3998046875,0.5337537703309949,transition,276.0948791835772,signal_change,1
GC=F,SCORE,2026-09-11 14:00:00+00:00,2026-09-11 15:00:00+00:00,1.0,4443.8001953125,4412.4,0.48774888589435206,range,-2654.3349992918606,signal_change,1
GC=F,SCORE,2026-09-14 10:00:00+00:00,2026-09-14 11:00:00+00:00,-1.0,4325.00009765625,4334.49990234375,0.47361897495544913,transition,-865.0879520907765,signal_change,1
GC=F,SCORE,2026-09-14 13:00:00+00:00,2026-09-14 15:00:00+00:00,-1.0,4311.1001953125,4320.3001953125,0.5201695144864795,shock,-907.3413930417701,signal_change,2
GC=F,SCORE,2026-09-14 16:00:00+00:00,2026-09-14 17:00:00+00:00,-1.0,4329.1998046875,4356.6,0.1845606905498571,transition,-893.0617544047,signal_change,1
GC=F,SCORE,2026-09-15 09:00:00+00:00,2026-09-15 10:00:00+00:00,-1.0,4303.00009765625,4308.8998046875,0.5959484073429151,transition,-705.8606358755371,signal_change,1
GC=F,SCORE,2026-09-15 14:00:00+00:00,2026-09-15 15:00:00+00:00,1.0,4334.70009765625,4316.79990234375,0.6506110083551248,range,-2120.563356244579,signal_change,1
