symbol,model,entry_time,exit_time,side,entry_price,exit_price,weight,regime,PnL,exit_reason,bars_held
QQQ,SCORE,2023-10-20 18:30:00+00:00,2023-10-23 15:30:00+00:00,-1.0,355.729990234375,356.58000732421874,0.40505063115067635,trend,-1056.1895081856705,signal_change,4
QQQ,SCORE,2023-10-23 19:30:00+00:00,2023-10-24 14:30:00+00:00,-1.0,356.44999145507813,359.20000244140624,0.38946348581342055,transition,-3111.239624662385,signal_change,2
QQQ,SCORE,2023-10-25 14:30:00+00:00,2023-10-25 15:30:00+00:00,-1.0,353.56998657226563,354.2400109863281,0.4130787284584383,transition,-861.7293333839953,signal_change,1
QQQ,SCORE,2023-10-26 13:30:00+00:00,2023-10-26 18:30:00+00:00,-1.0,349.1099951171875,345.204091796875,0.4128543068463309,shock,4518.636943968897,signal_change,5
QQQ,SCORE,2023-10-26 19:30:00+00:00,2023-10-27 15:30:00+00:00,-1.0,345.3499853515625,348.42000366210937,0.3959175893236453,transition,-3589.474150622695,signal_change,3
QQQ,SCORE,2023-10-27 16:30:00+00:00,2023-10-27 19:30:00+00:00,-1.0,347.1300146484375,345.21748901367187,0.3665634726085879,transition,1973.3711654206788,signal_change,3
QQQ,SCORE,2023-10-30 14:30:00+00:00,2023-10-30 17:30:00+00:00,-1.0,347.28129028320313,348.65999389648437,0.3461380404347965,transition,-1449.4267454401033,signal_change,3
QQQ,SCORE,2023-10-31 19:30:00+00:00,2023-11-01 15:30:00+00:00,1.0,350.8600061035156,353.3800146484375,0.4164070904350345,transition,2879.774020250266,signal_change,3
QQQ,SCORE,2023-11-01 19:30:00+00:00,2023-11-02 19:30:00+00:00,1.0,356.80000854492187,363.28998779296876,0.3262680859313277,trend,5830.086310035063,signal_change,7
QQQ,SCORE,2023-11-03 13:30:00+00:00,2023-11-03 17:30:00+00:00,1.0,364.76,367.56000732421876,0.5060558691806459,trend,3771.409674627007,signal_change,4
QQQ,SCORE,2023-11-03 18:30:00+00:00,2023-11-03 19:30:00+00:00,1.0,368.4800012207031,368.22001098632813,0.5395405764517299,trend,-522.4596486617321,signal_change,1
QQQ,SCORE,2023-11-06 15:30:00+00:00,2023-11-06 16:30:00+00:00,1.0,368.7199914550781,368.9100134277344,0.5533271944667807,trend,145.6627609858748,signal_change,1
QQQ,SCORE,2023-11-06 19:30:00+00:00,2023-11-07 17:30:00+00:00,1.0,367.770009765625,371.99,0.589560528527688,trend,6663.385277592426,signal_change,5
QQQ,SCORE,2023-11-07 18:30:00+00:00,2023-11-08 16:30:00+00:00,1.0,373.0899865722656,372.0350134277344,0.2486818729582577,shock,-778.1721355673736,signal_change,5
QQQ,SCORE,2023-11-08 18:30:00+00:00,2023-11-08 20:30:00+00:00,1.0,372.30998779296874,372.59501098632813,0.7116582697986499,transition,369.65437902710437,signal_change,2
QQQ,SCORE,2023-11-09 14:30:00+00:00,2023-11-09 15:30:00+00:00,1.0,373.6500146484375,372.6300146484375,0.721624466381282,transition,-2184.366567802065,signal_change,1
QQQ,SCORE,2023-11-09 16:30:00+00:00,2023-11-09 17:30:00+00:00,1.0,373.7400109863281,373.3700048828125,0.6786141791679455,transition,-854.4048267146488,signal_change,1
QQQ,SCORE,2023-11-09 18:30:00+00:00,2023-11-09 19:30:00+00:00,1.0,373.05998779296874,371.44999145507813,0.6248161078740271,transition,-2888.1974655773074,signal_change,1
QQQ,SCORE,2023-11-10 14:30:00+00:00,2023-11-10 16:30:00+00:00,1.0,371.40999389648437,374.44001220703126,0.5844894785214786,transition,4657.873475850204,signal_change,2
QQQ,SCORE,2023-11-10 17:30:00+00:00,2023-11-13 16:30:00+00:00,1.0,375.46001220703124,377.74,0.569713481215154,transition,3361.5860660520407,signal_change,6
QQQ,SCORE,2023-11-14 15:30:00+00:00,2023-11-14 16:30:00+00:00,1.0,385.40999389648437,385.07999633789063,0.35757778666884366,shock,-402.9072473453686,signal_change,1
QQQ,SCORE,2023-11-15 15:30:00+00:00,2023-11-15 16:30:00+00:00,1.0,386.81999755859374,387.2599890136719,0.5598511738442444,trend,503.9898686618666,signal_change,1
QQQ,SCORE,2023-11-15 19:30:00+00:00,2023-11-15 20:30:00+00:00,1.0,386.33000732421874,385.7800085449219,0.5975938829535785,transition,-1018.1124806808385,signal_change,1
QQQ,SCORE,2023-11-16 15:30:00+00:00,2023-11-16 16:30:00+00:00,1.0,385.4699914550781,383.9000036621094,0.5742872403316998,transition,-2523.055595740868,signal_change,1
QQQ,SCORE,2023-11-17 15:30:00+00:00,2023-11-17 16:30:00+00:00,1.0,385.3900048828125,385.0999853515625,0.5743556322909823,transition,-584.5941643314828,signal_change,1
QQQ,SCORE,2023-11-17 17:30:00+00:00,2023-11-17 18:30:00+00:00,1.0,385.3699853515625,386.229990234375,0.6904426722723153,shock,1384.2480883050494,signal_change,1
QQQ,SCORE,2023-11-20 15:30:00+00:00,2023-11-20 17:30:00+00:00,1.0,387.6500146484375,389.04999755859376,0.6770550227158001,transition,2306.4928810663055,signal_change,2
QQQ,SCORE,2023-11-20 18:30:00+00:00,2023-11-20 19:30:00+00:00,1.0,390.33000732421874,390.28998779296876,0.7258379651525758,transition,-261.00414085662845,signal_change,1
QQQ,SCORE,2023-11-20 20:30:00+00:00,2023-11-21 14:30:00+00:00,1.0,391.15999389648437,388.6221110026042,0.772860149456139,transition,-5293.859449182371,stop,2
QQQ,SCORE,2023-11-22 14:30:00+00:00,2023-11-22 16:30:00+00:00,1.0,391.3499963378906,390.44999145507813,0.7088305096485518,shock,-1827.638467312898,signal_change,2
QQQ,SCORE,2023-11-28 15:30:00+00:00,2023-11-28 17:30:00+00:00,1.0,388.68999267578124,390.04999755859376,0.2741938763938764,shock,898.5215380820061,signal_change,2
QQQ,SCORE,2023-11-29 14:30:00+00:00,2023-11-29 15:30:00+00:00,1.0,392.70000244140624,390.4098150634766,0.7897761754174408,shock,-4853.237528622424,stop,2
QQQ,SCORE,2023-11-30 16:30:00+00:00,2023-11-30 17:30:00+00:00,-1.0,386.750009765625,386.3399865722656,0.6950174716240514,transition,528.4534473763096,signal_change,1
QQQ,SCORE,2023-11-30 18:30:00+00:00,2023-11-30 19:30:00+00:00,-1.0,386.1300146484375,386.5899865722656,0.7118936051243675,transition,-1051.5666942696243,signal_change,1
QQQ,SCORE,2023-11-30 20:30:00+00:00,2023-12-01 14:30:00+00:00,-1.0,386.47001098632813,387.76,0.6716148554258151,transition,-6034.581145891899,signal_change,1
QQQ,SCORE,2023-12-01 15:30:00+00:00,2023-12-01 16:30:00+00:00,-1.0,386.44999145507813,388.43999267578124,0.6113230085945206,shock,-3202.481458854705,signal_change,1
QQQ,SCORE,2023-12-04 15:30:00+00:00,2023-12-04 16:30:00+00:00,-1.0,383.4100134277344,383.8499963378906,0.37298846669533225,shock,-519.6648889896844,signal_change,1
QQQ,SCORE,2023-12-04 18:30:00+00:00,2023-12-04 19:30:00+00:00,-1.0,385.0300085449219,385.249990234375,0.5745279120358993,transition,-470.565074545559,signal_change,1
QQQ,SCORE,2023-12-05 15:30:00+00:00,2023-12-05 16:30:00+00:00,-1.0,386.82999633789063,386.4800012207031,0.5219600822946326,transition,352.33261597001547,signal_change,1
QQQ,SCORE,2023-12-07 19:30:00+00:00,2023-12-08 18:30:00+00:00,1.0,391.0899865722656,391.6500036621094,0.2039500650200978,transition,241.621594373578,signal_change,6
QQQ,SCORE,2023-12-08 19:30:00+00:00,2023-12-08 20:30:00+00:00,1.0,392.1500146484375,392.3700048828125,0.5983914244050759,transition,184.54238647936492,signal_change,1
QQQ,SCORE,2023-12-11 15:30:00+00:00,2023-12-11 16:30:00+00:00,1.0,393.3799951171875,393.5300085449219,0.5872675272509501,transition,76.25327561898874,signal_change,1
QQQ,SCORE,2023-12-11 17:30:00+00:00,2023-12-11 19:30:00+00:00,1.0,394.40999389648437,395.5199987792969,0.6182671855270727,transition,1577.0098616346597,signal_change,2
QQQ,SCORE,2023-12-12 14:30:00+00:00,2023-12-12 17:30:00+00:00,1.0,395.56999755859374,396.69779418945313,0.6388800500089009,trend,1655.676180328166,signal_change,3
QQQ,SCORE,2023-12-12 18:30:00+00:00,2023-12-13 16:30:00+00:00,1.0,397.02998901367187,399.5999853515625,0.743034133046468,trend,4614.032015779767,signal_change,5
QQQ,SCORE,2023-12-13 17:30:00+00:00,2023-12-13 18:30:00+00:00,1.0,399.51,398.94999145507813,0.8412633638220103,trend,-1393.7532831423273,signal_change,1
QQQ,SCORE,2023-12-13 19:30:00+00:00,2023-12-14 17:30:00+00:00,1.0,401.76,402.11747192382813,0.5432369266874139,shock,356.37086357904354,stop,6
QQQ,SCORE,2023-12-14 18:30:00+00:00,2023-12-14 20:30:00+00:00,1.0,401.71001220703124,402.82999633789063,0.22814451304911293,transition,580.1279942746436,signal_change,2
QQQ,SCORE,2023-12-15 14:30:00+00:00,2023-12-15 17:30:00+00:00,1.0,404.51,405.99,0.6416381769702505,transition,2193.257093153493,signal_change,3
QQQ,SCORE,2023-12-18 15:30:00+00:00,2023-12-18 16:30:00+00:00,1.0,406.27998901367187,406.19001220703126,0.6043283574183559,transition,-285.823453370169,signal_change,1
QQQ,SCORE,2023-12-18 20:30:00+00:00,2023-12-19 14:30:00+00:00,1.0,407.90999389648437,407.5300085449219,0.6265270019788093,transition,-742.4579797633822,signal_change,1
QQQ,SCORE,2023-12-19 15:30:00+00:00,2023-12-19 16:30:00+00:00,1.0,408.45000244140624,408.5999853515625,0.7011112662657858,transition,83.18471084307265,signal_change,1
QQQ,SCORE,2023-12-19 19:30:00+00:00,2023-12-19 20:30:00+00:00,1.0,408.80000854492187,408.57999633789063,0.8075102831019384,transition,-638.0316717703505,signal_change,1
QQQ,SCORE,2023-12-20 14:30:00+00:00,2023-12-20 16:30:00+00:00,1.0,408.31499267578124,409.68000244140626,0.3129457529535748,shock,972.0090707168575,signal_change,2
QQQ,SCORE,2023-12-20 18:30:00+00:00,2023-12-20 19:30:00+00:00,1.0,410.0999963378906,408.91999267578126,0.32560254357118223,transition,-1022.181549485691,signal_change,1
QQQ,SCORE,2023-12-20 20:30:00+00:00,2023-12-21 14:30:00+00:00,-1.0,403.75080322265626,406.3340530395508,0.2740493742606313,transition,2759.4995302535267,stop,2
QQQ,SCORE,2023-12-27 16:30:00+00:00,2023-12-28 16:30:00+00:00,1.0,410.6400048828125,411.79999755859376,0.25291456654037286,shock,655.5025960064785,signal_change,7
QQQ,SCORE,2023-12-28 18:30:00+00:00,2023-12-28 19:30:00+00:00,1.0,411.9000146484375,412.0300085449219,0.9562986081682615,transition,64.48153319256255,signal_change,1
QQQ,SCORE,2023-12-29 15:30:00+00:00,2023-12-29 15:30:00+00:00,1.0,411.31999755859374,409.20774841308594,0.9696638673760462,shock,-5255.270016689954,stop,1
QQQ,SCORE,2024-01-02 15:30:00+00:00,2024-01-03 17:30:00+00:00,-1.0,402.6300146484375,399.26,0.5014765862507031,transition,4061.880042241483,signal_change,9
QQQ,SCORE,2024-01-03 18:30:00+00:00,2024-01-03 19:30:00+00:00,-1.0,399.47001098632813,400.21001220703124,0.5678148838296871,transition,-1114.596484425768,signal_change,1
QQQ,SCORE,2024-01-03 20:30:00+00:00,2024-01-04 16:30:00+00:00,-1.0,398.7649938964844,399.17000366210937,0.5404327970122804,trend,-638.6587254237912,signal_change,3
QQQ,SCORE,2024-01-04 17:30:00+00:00,2024-01-04 18:30:00+00:00,-1.0,398.18000244140626,398.020009765625,0.4992671076381822,transition,126.32221984203588,signal_change,1
QQQ,SCORE,2024-01-04 19:30:00+00:00,2024-01-04 20:30:00+00:00,-1.0,397.07999633789063,397.2650048828125,0.5275289116025347,transition,-285.9926551743791,signal_change,1
QQQ,SCORE,2024-01-05 14:30:00+00:00,2024-01-05 18:30:00+00:00,-1.0,396.44001220703126,396.9900109863281,0.5099223072027861,transition,-854.784917961304,signal_change,4
QQQ,SCORE,2024-01-08 19:30:00+00:00,2024-01-09 18:30:00+00:00,1.0,403.8900048828125,405.7599890136719,0.6204027920171903,transition,2726.837767315198,signal_change,6
QQQ,SCORE,2024-01-10 14:30:00+00:00,2024-01-10 16:30:00+00:00,1.0,406.08000732421874,406.729990234375,0.6321986489906981,transition,858.776882301667,signal_change,2
QQQ,SCORE,2024-01-10 17:30:00+00:00,2024-01-10 18:30:00+00:00,1.0,407.30000854492187,407.6300146484375,0.6770342498908123,transition,382.24532888381975,signal_change,1
QQQ,SCORE,2024-01-10 19:30:00+00:00,2024-01-11 14:30:00+00:00,1.0,408.770009765625,406.1750051879883,0.6876593813394806,trend,-4567.6157474320125,stop,3
QQQ,SCORE,2024-01-11 15:30:00+00:00,2024-01-11 20:30:00+00:00,1.0,407.5790002441406,408.8899938964844,0.20417492290661818,transition,612.9567395367123,signal_change,5
QQQ,SCORE,2024-01-12 14:30:00+00:00,2024-01-12 17:30:00+00:00,1.0,410.40999389648437,408.8899938964844,0.5763682931474717,transition,-2284.348513925818,signal_change,3
QQQ,SCORE,2024-01-12 18:30:00+00:00,2024-01-12 19:30:00+00:00,1.0,409.52998901367187,409.57999633789063,0.5955411098859409,transition,-75.51326818666081,signal_change,1
QQQ,SCORE,2024-01-16 14:30:00+00:00,2024-01-16 17:30:00+00:00,1.0,408.635,408.3499853515625,0.5823218514492885,transition,-547.3788823183361,signal_change,3
QQQ,SCORE,2024-01-17 15:30:00+00:00,2024-01-17 16:30:00+00:00,-1.0,404.3899938964844,406.03999877929687,0.16376153756430595,shock,-692.7431792151853,signal_change,1
QQQ,SCORE,2024-01-17 17:30:00+00:00,2024-01-17 18:30:00+00:00,-1.0,405.31989501953126,404.80000854492187,0.5009756146690931,transition,529.5021313921748,signal_change,1
QQQ,SCORE,2024-01-19 15:30:00+00:00,2024-01-22 17:30:00+00:00,1.0,415.81999755859374,422.47001098632813,0.46514877080168665,transition,7294.688783185037,signal_change,9
QQQ,SCORE,2024-01-22 20:30:00+00:00,2024-01-23 14:30:00+00:00,1.0,422.3799951171875,422.41999267578126,0.5679821700503702,trend,-86.60745798918697,signal_change,1
QQQ,SCORE,2024-01-23 15:30:00+00:00,2024-01-23 16:30:00+00:00,1.0,421.93001342773437,421.35770629882813,0.5668107011933546,trend,-915.2665078789781,signal_change,1
QQQ,SCORE,2024-01-23 18:30:00+00:00,2024-01-23 19:30:00+00:00,1.0,422.21001220703124,421.96500610351563,0.6516372936402242,transition,-542.5555283644353,signal_change,1
QQQ,SCORE,2024-01-23 20:30:00+00:00,2024-01-24 19:30:00+00:00,1.0,422.9900109863281,426.3600866699219,0.6952064749198735,trend,5406.560316708257,signal_change,6
QQQ,SCORE,2024-01-25 15:30:00+00:00,2024-01-25 17:30:00+00:00,1.0,428.53999877929687,427.2800085449219,0.6415460553377026,transition,-2066.7304977896442,signal_change,2
QQQ,SCORE,2024-01-26 14:30:00+00:00,2024-01-26 16:30:00+00:00,1.0,424.45000244140624,425.69001220703126,0.6022315230779987,transition,1624.0487870776246,signal_change,2
QQQ,SCORE,2024-01-31 15:30:00+00:00,2024-01-31 16:30:00+00:00,-1.0,419.0300085449219,419.3799951171875,0.4730870074131876,transition,-494.819781651936,signal_change,1
QQQ,SCORE,2024-01-31 19:30:00+00:00,2024-01-31 19:30:00+00:00,-1.0,419.229990234375,422.24887252807616,0.6059086439340872,shock,4254.723198018728,stop,1
QQQ,SCORE,2024-01-31 20:30:00+00:00,2024-02-01 15:30:00+00:00,-1.0,418.4000036621094,420.33000732421874,0.21269392176386806,transition,-1035.5907259935584,signal_change,2
QQQ,SCORE,2024-02-01 16:30:00+00:00,2024-02-01 17:30:00+00:00,-1.0,418.17499755859376,419.7300927734375,0.539487174458354,transition,-2167.545547000603,signal_change,1
QQQ,SCORE,2024-02-05 19:30:00+00:00,2024-02-05 20:30:00+00:00,1.0,428.8399865722656,428.8599951171875,0.48127273536734466,transition,-97.30159316412986,signal_change,1
QQQ,SCORE,2024-02-06 15:30:00+00:00,2024-02-06 17:30:00+00:00,1.0,426.7400109863281,426.24,0.5152333908335571,transition,-737.4618259539095,signal_change,2
QQQ,SCORE,2024-02-06 18:30:00+00:00,2024-02-06 19:30:00+00:00,1.0,426.3799951171875,426.0099890136719,0.5434713700635355,transition,-611.9036939480345,signal_change,1
QQQ,SCORE,2024-02-06 20:30:00+00:00,2024-02-07 16:30:00+00:00,1.0,427.03499389648437,431.71000122070313,0.5647939710104428,transition,6103.311980936303,signal_change,3
QQQ,SCORE,2024-02-07 18:30:00+00:00,2024-02-07 19:30:00+00:00,1.0,432.20000244140624,432.000009765625,0.5954947015047811,transition,-428.7721875918654,signal_change,1
QQQ,SCORE,2024-02-08 18:30:00+00:00,2024-02-08 19:30:00+00:00,1.0,433.2300012207031,432.2599890136719,0.6892967428868506,transition,-1738.8772531890083,signal_change,1
QQQ,SCORE,2024-02-08 20:30:00+00:00,2024-02-09 14:30:00+00:00,1.0,432.96001220703124,433.5999853515625,0.7081534015017922,transition,884.2564059777794,signal_change,1
QQQ,SCORE,2024-02-09 15:30:00+00:00,2024-02-12 17:30:00+00:00,1.0,435.43999267578124,438.07999633789063,0.6940052333117304,transition,4092.3465494563857,signal_change,9
QQQ,SCORE,2024-02-12 19:30:00+00:00,2024-02-13 14:30:00+00:00,1.0,435.68001342773437,427.2699987792969,0.8963164389626619,transition,-17845.43727269609,signal_change,2
QQQ,SCORE,2024-02-13 15:30:00+00:00,2024-02-13 16:30:00+00:00,-1.0,430.04999755859376,430.33000732421874,0.2423903864130853,transition,-206.41769425126338,signal_change,1
QQQ,SCORE,2024-02-13 19:30:00+00:00,2024-02-14 14:30:00+00:00,-1.0,426.94999145507813,430.38134002685547,0.6225196067281684,transition,241.48870373356476,stop,3
QQQ,SCORE,2024-02-15 15:30:00+00:00,2024-02-15 16:30:00+00:00,-1.0,432.2599890136719,432.5899865722656,0.4935981868991274,transition,-464.4469442757732,signal_change,1
QQQ,SCORE,2024-02-16 15:30:00+00:00,2024-02-16 16:30:00+00:00,-1.0,431.06000732421876,433.3799951171875,0.45019798726160426,transition,-2492.4088540471926,signal_change,1
QQQ,SCORE,2024-02-20 15:30:00+00:00,2024-02-20 16:30:00+00:00,-1.0,424.84000610351563,426.42000366210937,0.1584864943550034,range,-612.2233764576141,signal_change,1
QQQ,SCORE,2024-02-21 15:30:00+00:00,2024-02-21 16:30:00+00:00,-1.0,424.03998779296876,424.4699914550781,0.46426045095681867,transition,-529.2538457606959,signal_change,1
QQQ,SCORE,2024-02-21 17:30:00+00:00,2024-02-21 18:30:00+00:00,-1.0,423.3800146484375,423.6299951171875,0.4710326054682353,transition,-348.82097323939934,signal_change,1
QQQ,SCORE,2024-02-21 19:30:00+00:00,2024-02-21 20:30:00+00:00,-1.0,422.5300085449219,422.78999877929687,0.46817467751665437,transition,-336.12055489471055,signal_change,1
QQQ,SCORE,2024-02-26 15:30:00+00:00,2024-02-26 16:30:00+00:00,1.0,437.68001342773437,437.57999633789063,0.4972006713201358,transition,-234.78797765180508,signal_change,1
QQQ,SCORE,2024-02-26 17:30:00+00:00,2024-02-26 18:30:00+00:00,1.0,438.395009765625,437.1500036621094,0.528897274664087,transition,-1624.609642768499,signal_change,1
QQQ,SCORE,2024-02-26 19:30:00+00:00,2024-02-26 20:30:00+00:00,1.0,437.92000366210937,437.5099890136719,0.5416376835595038,trend,-636.2883687647527,signal_change,1
QQQ,SCORE,2024-02-27 15:30:00+00:00,2024-02-27 16:30:00+00:00,1.0,437.4900109863281,436.6200048828125,0.5433807138792698,transition,-1205.958837884923,signal_change,1
QQQ,SCORE,2024-02-28 15:30:00+00:00,2024-02-28 16:30:00+00:00,-1.0,434.94001220703126,436.3600061035156,0.6910348610816868,transition,-2312.243306329047,signal_change,1
QQQ,SCORE,2024-03-01 15:30:00+00:00,2024-03-01 19:30:00+00:00,1.0,441.93001342773437,446.46000122070313,0.6589901725254311,transition,6516.820527327325,signal_change,4
QQQ,SCORE,2024-03-05 14:30:00+00:00,2024-03-05 14:30:00+00:00,1.0,440.76,437.1504643758138,0.21236072050558327,shock,-1784.6867270652624,stop,1
QQQ,SCORE,2024-03-07 14:30:00+00:00,2024-03-07 15:30:00+00:00,-1.0,442.4100134277344,443.770009765625,0.5171251226948774,transition,-1660.5220280544822,signal_change,1
QQQ,SCORE,2024-03-19 14:30:00+00:00,2024-03-19 15:30:00+00:00,-1.0,433.8499853515625,435.2300012207031,0.4486559721375233,transition,-1449.6233556316251,signal_change,1
QQQ,SCORE,2024-03-20 18:30:00+00:00,2024-03-21 17:30:00+00:00,1.0,441.0999963378906,448.2800085449219,0.5355012187428662,transition,8496.754202348136,signal_change,6
QQQ,SCORE,2024-03-21 19:30:00+00:00,2024-03-22 13:30:00+00:00,1.0,446.4800012207031,445.3599951171875,0.5592449254490383,transition,-1539.9642959693247,signal_change,1
QQQ,SCORE,2024-03-22 14:30:00+00:00,2024-03-22 16:30:00+00:00,1.0,445.30000854492187,445.78998779296876,0.5600550086078758,transition,478.2482276888031,signal_change,2
QQQ,SCORE,2024-03-22 17:30:00+00:00,2024-03-22 19:30:00+00:00,1.0,446.8399865722656,446.16999267578126,0.6118201572746851,trend,-1065.5738148909109,signal_change,2
QQQ,SCORE,2024-03-25 14:30:00+00:00,2024-03-25 16:30:00+00:00,1.0,444.8799951171875,445.1399938964844,0.599928203251414,transition,203.21728123060976,signal_change,2
QQQ,SCORE,2024-03-25 17:30:00+00:00,2024-03-25 18:30:00+00:00,1.0,445.6299951171875,445.96000122070313,0.6343822531819945,transition,313.76793610348625,signal_change,1
QQQ,SCORE,2024-03-27 13:30:00+00:00,2024-03-27 13:30:00+00:00,-1.0,446.43000244140626,446.35139251708983,0.2634699331213,shock,-110.70698191335678,stop,1
QQQ,SCORE,2024-03-27 14:30:00+00:00,2024-03-27 16:30:00+00:00,-1.0,442.78998779296876,443.270009765625,0.2668714466405518,transition,-360.5673919711631,signal_change,2
QQQ,SCORE,2024-03-28 14:30:00+00:00,2024-03-28 15:30:00+00:00,-1.0,444.4749853515625,444.9088037109375,0.7638461216020791,transition,-866.1548436625039,signal_change,1
QQQ,SCORE,2024-04-01 13:30:00+00:00,2024-04-01 14:30:00+00:00,-1.0,444.94999145507813,445.8399865722656,0.7512747930714396,range,-1613.8363104460198,signal_change,1
QQQ,SCORE,2024-04-02 14:30:00+00:00,2024-04-02 15:30:00+00:00,-1.0,438.9050085449219,439.6199853515625,0.42972922697971205,shock,-801.6047868555424,signal_change,1
QQQ,SCORE,2024-04-04 18:30:00+00:00,2024-04-05 15:30:00+00:00,-1.0,441.4100134277344,440.249990234375,0.5202772192866458,shock,1173.4949985315648,signal_change,4
QQQ,SCORE,2024-04-11 18:30:00+00:00,2024-04-12 13:30:00+00:00,1.0,445.78999877929687,441.1200048828125,0.49207894727979556,transition,-5254.636328192741,signal_change,2
QQQ,SCORE,2024-04-15 17:30:00+00:00,2024-04-16 15:30:00+00:00,-1.0,432.79999755859376,431.93999267578124,0.44338534928468265,transition,778.462900159007,signal_change,5
QQQ,SCORE,2024-04-16 18:30:00+00:00,2024-04-16 19:30:00+00:00,-1.0,430.6099951171875,432.7199914550781,0.4646943443713529,transition,-2413.04544062844,signal_change,1
QQQ,SCORE,2024-04-17 13:30:00+00:00,2024-04-17 17:30:00+00:00,-1.0,433.07999633789063,427.270009765625,0.4662547094983145,trend,6104.513049716317,signal_change,4
QQQ,SCORE,2024-04-18 13:30:00+00:00,2024-04-18 14:30:00+00:00,-1.0,426.4000036621094,426.020009765625,0.4495885407664039,transition,351.17835987122595,signal_change,1
QQQ,SCORE,2024-04-19 14:30:00+00:00,2024-04-22 15:30:00+00:00,-1.0,419.3599951171875,415.3499963378906,0.15658438324557095,trend,1474.8368669675099,signal_change,8
QQQ,SCORE,2024-04-22 19:30:00+00:00,2024-04-23 13:30:00+00:00,-1.0,419.74,420.92000366210937,0.4264558379919369,transition,2898.688475863727,signal_change,1
QQQ,SCORE,2024-04-24 19:30:00+00:00,2024-04-25 13:30:00+00:00,1.0,426.70000244140624,419.229990234375,0.4821537621020729,transition,-8559.76800904431,signal_change,1
QQQ,SCORE,2024-04-25 14:30:00+00:00,2024-04-25 15:30:00+00:00,1.0,421.18999267578124,420.5300085449219,0.4358791862245221,transition,-783.8404950570452,signal_change,1
QQQ,SCORE,2024-04-26 14:30:00+00:00,2024-04-26 15:30:00+00:00,1.0,430.020009765625,431.0050146484375,0.14777106043960148,transition,299.14277462008056,signal_change,1
QQQ,SCORE,2024-04-30 13:30:00+00:00,2024-04-30 14:30:00+00:00,1.0,431.15999389648437,430.8599951171875,0.4800948011261884,transition,-448.09114319329524,signal_change,1
QQQ,SCORE,2024-04-30 19:30:00+00:00,2024-05-01 13:30:00+00:00,1.0,427.68001342773437,423.1300146484375,0.5187266968230186,transition,-5597.041499333225,signal_change,1
QQQ,SCORE,2024-05-02 13:30:00+00:00,2024-05-02 15:30:00+00:00,-1.0,425.2699987792969,423.8499963378906,0.14577920249451945,transition,456.3068333842563,signal_change,2
QQQ,SCORE,2024-05-06 14:30:00+00:00,2024-05-06 15:30:00+00:00,1.0,437.71001220703124,437.8700048828125,0.3759970859691511,transition,44.37627648136518,signal_change,1
QQQ,SCORE,2024-05-06 18:30:00+00:00,2024-05-06 19:30:00+00:00,1.0,439.08501220703124,438.9000036621094,0.4196155183388338,transition,-275.6657933556087,signal_change,1
QQQ,SCORE,2024-05-07 13:30:00+00:00,2024-05-07 14:30:00+00:00,1.0,440.7300012207031,440.1200048828125,0.4293833070603594,transition,-689.0279500583481,signal_change,1
QQQ,SCORE,2024-05-07 15:30:00+00:00,2024-05-08 13:30:00+00:00,1.0,441.520009765625,437.729990234375,0.5393397782370241,shock,-4689.307256348782,signal_change,5
QQQ,SCORE,2024-05-08 14:30:00+00:00,2024-05-08 15:30:00+00:00,1.0,440.57500244140624,440.13959716796876,0.6119892727113279,trend,-739.4038571965566,signal_change,1
QQQ,SCORE,2024-05-08 16:30:00+00:00,2024-05-08 17:30:00+00:00,1.0,439.9800012207031,439.0999853515625,0.778401203726576,shock,-1710.580688590865,signal_change,1
QQQ,SCORE,2024-05-08 18:30:00+00:00,2024-05-09 13:30:00+00:00,1.0,440.15990234375,440.31998657226563,0.8155638148760143,transition,94.25108532077587,signal_change,2
QQQ,SCORE,2024-05-09 14:30:00+00:00,2024-05-09 16:30:00+00:00,1.0,439.5250146484375,440.57999633789063,0.7806323584443997,transition,1644.5746242404452,signal_change,2
QQQ,SCORE,2024-05-09 17:30:00+00:00,2024-05-09 18:30:00+00:00,1.0,441.18999267578124,441.06000732421876,0.845495118576709,transition,-446.7797728699077,signal_change,1
QQQ,SCORE,2024-05-10 13:30:00+00:00,2024-05-10 16:30:00+00:00,1.0,442.56999755859374,441.5806982421875,0.8139894731808042,transition,-1974.9703451668663,signal_change,3
QQQ,SCORE,2024-05-13 14:30:00+00:00,2024-05-13 15:30:00+00:00,1.0,443.31999755859374,442.69001220703126,0.8345750865071809,transition,-1357.4541157307428,signal_change,1
QQQ,SCORE,2024-05-13 16:30:00+00:00,2024-05-13 17:30:00+00:00,1.0,443.27998901367187,443.03998779296876,0.8642007167178608,transition,-662.626816067876,signal_change,1
QQQ,SCORE,2024-05-14 13:30:00+00:00,2024-05-14 16:30:00+00:00,1.0,442.6199853515625,443.54999755859376,0.8842616844353131,shock,1599.9889269418272,signal_change,3
QQQ,SCORE,2024-05-14 17:30:00+00:00,2024-05-15 13:30:00+00:00,1.0,443.8399865722656,448.43000244140626,0.8876611558512688,transition,8742.27967675652,signal_change,3
QQQ,SCORE,2024-05-15 14:30:00+00:00,2024-05-16 16:30:00+00:00,1.0,448.96001220703124,453.80008911132813,0.5755529171923434,shock,5959.688102192281,signal_change,9
QQQ,SCORE,2024-05-16 19:30:00+00:00,2024-05-17 13:30:00+00:00,1.0,452.92000366210937,452.07999633789063,0.9107115953629618,trend,-1893.065760689597,signal_change,1
QQQ,SCORE,2024-05-17 14:30:00+00:00,2024-05-17 15:30:00+00:00,1.0,452.43999267578124,452.1600134277344,0.8788933882483673,trend,-749.8479431005977,signal_change,1
QQQ,SCORE,2024-05-17 19:30:00+00:00,2024-05-20 15:30:00+00:00,1.0,451.58000732421874,454.6099951171875,0.8992934365514407,transition,5743.054287447146,signal_change,3
QQQ,SCORE,2024-05-20 18:30:00+00:00,2024-05-21 13:30:00+00:00,1.0,454.520009765625,453.0300085449219,0.9605469772114293,transition,-3361.6068603452018,signal_change,2
QQQ,SCORE,2024-05-21 14:30:00+00:00,2024-05-21 15:30:00+00:00,1.0,454.1500146484375,454.68000244140626,0.935058575935332,transition,854.4848122698489,signal_change,1
QQQ,SCORE,2024-05-22 13:30:00+00:00,2024-05-22 16:30:00+00:00,1.0,456.06999755859374,456.3599951171875,1.0108643196715124,transition,392.6499179296736,signal_change,3
QQQ,SCORE,2024-05-23 14:30:00+00:00,2024-05-23 16:30:00+00:00,1.0,458.45000244140624,459.1399938964844,0.2831802992614961,transition,354.20866490229906,signal_change,2
QQQ,SCORE,2024-05-29 14:30:00+00:00,2024-05-29 15:30:00+00:00,1.0,457.6100061035156,457.47001098632813,0.5597581944488526,transition,-305.1707613357069,signal_change,1
QQQ,SCORE,2024-05-31 13:30:00+00:00,2024-05-31 17:30:00+00:00,-1.0,451.7699987792969,445.8900048828125,0.6159652135185214,shock,7880.996371127045,signal_change,4
QQQ,SCORE,2024-05-31 18:30:00+00:00,2024-05-31 19:30:00+00:00,-1.0,444.94001220703126,448.97399139404297,0.5555819055004351,transition,-585.0764450983056,stop,2
QQQ,SCORE,2024-06-03 13:30:00+00:00,2024-06-03 17:30:00+00:00,-1.0,454.56000732421876,450.18999267578124,0.17635855469735207,transition,1654.1847048621628,signal_change,4
QQQ,SCORE,2024-06-05 14:30:00+00:00,2024-06-05 16:30:00+00:00,1.0,459.03999877929687,460.94999145507813,0.44424175019088097,transition,1740.7575786591647,signal_change,2
QQQ,SCORE,2024-06-05 18:30:00+00:00,2024-06-05 19:30:00+00:00,1.0,462.28999877929687,462.44001220703126,0.5177759099047385,trend,42.1496943760437,signal_change,1
QQQ,SCORE,2024-06-06 13:30:00+00:00,2024-06-06 15:30:00+00:00,1.0,464.2400109863281,463.3899938964844,0.5223896712915583,trend,-1086.1671302520078,signal_change,2
QQQ,SCORE,2024-06-06 17:30:00+00:00,2024-06-07 18:30:00+00:00,1.0,463.70000244140624,463.03998779296876,0.22437992054868028,transition,-372.0196100875064,signal_change,8
QQQ,SCORE,2024-06-07 19:30:00+00:00,2024-06-10 17:30:00+00:00,1.0,463.15999389648437,463.57999633789063,0.6528322376961353,transition,435.0961211423344,signal_change,5
QQQ,SCORE,2024-06-10 19:30:00+00:00,2024-06-11 16:30:00+00:00,1.0,464.83000732421874,464.4900915527344,0.7675841805214081,transition,-748.4236195702024,signal_change,4
QQQ,SCORE,2024-06-11 18:30:00+00:00,2024-06-11 19:30:00+00:00,1.0,467.31999755859374,466.84000610351563,0.7032640630351286,transition,-893.5333921472477,signal_change,1
QQQ,SCORE,2024-06-12 13:30:00+00:00,2024-06-12 16:30:00+00:00,1.0,471.9699914550781,474.34000610351563,0.625106270554659,shock,2989.677095248749,signal_change,3
QQQ,SCORE,2024-06-12 18:30:00+00:00,2024-06-12 19:30:00+00:00,1.0,475.0460107421875,473.5099890136719,0.615522407401408,transition,-2144.8083800797745,signal_change,1
QQQ,SCORE,2024-06-13 13:30:00+00:00,2024-06-13 15:30:00+00:00,1.0,477.68999267578124,476.31000732421876,0.6019338574860855,trend,-1885.1783819417954,signal_change,2
QQQ,SCORE,2024-06-14 14:30:00+00:00,2024-06-14 16:30:00+00:00,1.0,477.7300012207031,477.2800085449219,0.5991676664896767,trend,-708.3458782768037,signal_change,2
QQQ,SCORE,2024-06-14 17:30:00+00:00,2024-06-14 18:30:00+00:00,1.0,478.53999877929687,478.44498657226563,0.603286734544671,trend,-265.0958797641297,signal_change,1
QQQ,SCORE,2024-06-14 19:30:00+00:00,2024-06-18 18:30:00+00:00,1.0,478.81999755859374,484.8499853515625,0.6135339570996236,trend,7549.7051905698145,signal_change,13
QQQ,SCORE,2024-06-18 19:30:00+00:00,2024-06-20 15:30:00+00:00,1.0,485.05998779296874,485.1099951171875,0.8245563865453978,trend,-114.28911325674633,signal_change,3
QQQ,SCORE,2024-06-20 18:30:00+00:00,2024-06-20 19:30:00+00:00,1.0,482.27998901367187,481.2699987792969,0.6635652475147543,transition,-1557.6671997395815,signal_change,1
QQQ,SCORE,2024-06-24 13:30:00+00:00,2024-06-24 15:30:00+00:00,-1.0,478.16999267578126,477.9286096191406,0.6312459914371921,transition,214.47448909754092,signal_change,2
QQQ,SCORE,2024-06-24 17:30:00+00:00,2024-06-24 19:30:00+00:00,-1.0,475.66498779296876,476.05998779296874,0.5990055476206059,transition,-624.6124109556959,signal_change,2
QQQ,SCORE,2024-06-25 13:30:00+00:00,2024-06-25 14:30:00+00:00,-1.0,476.0199987792969,477.270009765625,0.5521519023095102,transition,-1565.1430382310105,signal_change,1
QQQ,SCORE,2024-06-25 15:30:00+00:00,2024-06-25 17:30:00+00:00,-1.0,478.49,477.70000244140624,0.5320251492750145,transition,795.9778480145121,signal_change,2
QQQ,SCORE,2024-06-27 17:30:00+00:00,2024-06-27 18:30:00+00:00,1.0,481.70000244140624,480.6399938964844,0.6296544698519765,transition,-1541.2289990296786,signal_change,1
QQQ,SCORE,2024-06-27 19:30:00+00:00,2024-06-28 15:30:00+00:00,1.0,481.67000366210937,483.1099951171875,0.6470249989748917,transition,1790.5333495601785,signal_change,3
QQQ,SCORE,2024-07-02 18:30:00+00:00,2024-07-02 19:30:00+00:00,1.0,486.15498901367187,486.21000122070313,0.5751332746135687,transition,-73.80520107410057,signal_change,1
QQQ,SCORE,2024-07-03 13:30:00+00:00,2024-07-05 18:30:00+00:00,1.0,486.8799951171875,495.6600134277344,0.5742607298806308,transition,10211.61804324762,signal_change,8
QQQ,SCORE,2024-07-05 19:30:00+00:00,2024-07-09 17:30:00+00:00,1.0,496.17000366210937,496.6200048828125,0.6939472622923186,trend,471.58140001264286,signal_change,12
QQQ,SCORE,2024-07-09 19:30:00+00:00,2024-07-10 19:30:00+00:00,1.0,497.40898681640624,502.3800146484375,0.8514831983879642,trend,8409.528413908822,signal_change,7
QQQ,SCORE,2024-07-11 13:30:00+00:00,2024-07-11 13:30:00+00:00,1.0,503.06999755859374,499.9582163492839,0.8030929185763361,shock,-5271.615193176276,stop,1
QQQ,SCORE,2024-07-11 15:30:00+00:00,2024-07-11 17:30:00+00:00,-1.0,494.44001220703126,493.26,0.24301980717640123,shock,520.4891865840019,signal_change,2
QQQ,SCORE,2024-07-11 18:30:00+00:00,2024-07-12 13:30:00+00:00,-1.0,491.500009765625,495.30272674560547,0.6487829272266802,transition,3838.0250381208057,stop,3
QQQ,SCORE,2024-07-16 14:30:00+00:00,2024-07-16 15:30:00+00:00,-1.0,494.5099890136719,495.3799951171875,0.4407460191464731,transition,-863.2313285136415,signal_change,1
QQQ,SCORE,2024-07-16 16:30:00+00:00,2024-07-16 17:30:00+00:00,-1.0,493.66898559570313,494.27998901367187,0.45803760532928345,transition,-652.688069839289,signal_change,1
QQQ,SCORE,2024-07-17 14:30:00+00:00,2024-07-17 18:30:00+00:00,-1.0,485.1200048828125,483.42940307617187,0.29663198771008886,shock,977.6985682991807,signal_change,4
QQQ,SCORE,2024-07-17 19:30:00+00:00,2024-07-18 17:30:00+00:00,-1.0,483.31998657226563,479.7400109863281,0.44454705826865215,transition,3252.7267493183917,signal_change,5
QQQ,SCORE,2024-07-18 18:30:00+00:00,2024-07-19 18:30:00+00:00,-1.0,478.4050085449219,474.9800012207031,0.4242392204093854,trend,3138.9809958637147,signal_change,7
QQQ,SCORE,2024-07-22 13:30:00+00:00,2024-07-22 16:30:00+00:00,-1.0,481.1099951171875,479.68001342773437,0.37612896148540126,transition,1028.7009626745044,signal_change,3
QQQ,SCORE,2024-07-24 14:30:00+00:00,2024-07-25 14:30:00+00:00,-1.0,470.19999145507813,465.0702149963379,0.13323212492848482,transition,4263.630591916406,stop,8
QQQ,SCORE,2024-07-25 15:30:00+00:00,2024-07-25 16:30:00+00:00,-1.0,463.3800146484375,466.8399865722656,0.343678188040872,transition,-2558.887750305272,signal_change,1
QQQ,SCORE,2024-07-25 17:30:00+00:00,2024-07-25 18:30:00+00:00,-1.0,464.94999145507813,463.8699853515625,0.3684873324511873,transition,780.5960921112226,signal_change,1
QQQ,SCORE,2024-07-26 13:30:00+00:00,2024-07-26 15:30:00+00:00,-1.0,462.6600134277344,461.3900048828125,0.3332428943270178,transition,859.5784357152172,signal_change,2
QQQ,SCORE,2024-07-26 18:30:00+00:00,2024-07-26 19:30:00+00:00,-1.0,463.0720007324219,463.18001342773437,0.32836757955878426,transition,-146.6686234141283,signal_change,1
QQQ,SCORE,2024-07-29 14:30:00+00:00,2024-07-29 15:30:00+00:00,-1.0,465.93000244140626,463.3399865722656,0.3019027329455588,transition,1587.1552386456583,signal_change,1
QQQ,SCORE,2024-07-31 14:30:00+00:00,2024-07-31 15:30:00+00:00,1.0,469.5899865722656,470.71000122070313,0.1147425974887145,transition,253.82399801176945,signal_change,1
QQQ,SCORE,2024-08-01 18:30:00+00:00,2024-08-01 19:30:00+00:00,-1.0,457.1099951171875,458.58000732421874,0.3299627687899033,transition,-1163.8754867583702,signal_change,1
QQQ,SCORE,2024-08-02 14:30:00+00:00,2024-08-02 16:30:00+00:00,-1.0,446.91498779296876,449.45000244140624,0.1895319689105435,transition,-1157.2396038514362,signal_change,2
QQQ,SCORE,2024-08-02 17:30:00+00:00,2024-08-02 18:30:00+00:00,-1.0,446.8494970703125,448.55000854492187,0.2717180162321277,transition,-1146.3535002679375,signal_change,1
QQQ,SCORE,2024-08-05 14:30:00+00:00,2024-08-05 16:30:00+00:00,-1.0,431.9100134277344,442.15498901367187,0.14677792468005318,shock,-3600.3436110937078,signal_change,2
QQQ,SCORE,2024-08-05 17:30:00+00:00,2024-08-06 13:30:00+00:00,-1.0,437.54999755859376,437.2400109863281,0.210473810650966,transition,1572.8863626138511,signal_change,3
QQQ,SCORE,2024-08-06 14:30:00+00:00,2024-08-06 16:30:00+00:00,-1.0,439.32999633789063,443.499990234375,0.1994068833570009,transition,-1945.4557850664078,signal_change,2
QQQ,SCORE,2024-08-06 19:30:00+00:00,2024-08-07 15:30:00+00:00,-1.0,443.68000244140626,446.80000854492187,0.20297581323249644,transition,-1545.183038351254,signal_change,3
QQQ,SCORE,2024-08-08 17:30:00+00:00,2024-08-08 18:30:00+00:00,1.0,447.5999963378906,447.979990234375,0.0843498080661474,shock,52.174747582627795,signal_change,1
QQQ,SCORE,2024-08-09 13:30:00+00:00,2024-08-09 15:30:00+00:00,1.0,446.8600061035156,448.1200048828125,0.25725787311089615,transition,677.7981874949137,signal_change,2
QQQ,SCORE,2024-08-09 17:30:00+00:00,2024-08-09 18:30:00+00:00,1.0,451.68001342773437,449.92499755859376,0.2740633269249713,transition,-1159.5266919114258,signal_change,1
QQQ,SCORE,2024-08-13 13:30:00+00:00,2024-08-14 16:30:00+00:00,1.0,455.8399865722656,461.9502966308594,0.34410125325969476,transition,4624.90796867051,signal_change,10
QQQ,SCORE,2024-08-14 17:30:00+00:00,2024-08-14 19:30:00+00:00,1.0,462.2300012207031,461.625009765625,0.41468364201755203,transition,-661.4535971145771,signal_change,2
QQQ,SCORE,2024-08-15 13:30:00+00:00,2024-08-15 17:30:00+00:00,1.0,468.9024865722656,473.31998657226563,0.39789412309830874,shock,3746.4572179166175,signal_change,4
QQQ,SCORE,2024-08-15 18:30:00+00:00,2024-08-16 17:30:00+00:00,1.0,474.30998779296874,475.8499853515625,0.45946707280779386,trend,1424.9089971911967,signal_change,6
QQQ,SCORE,2024-08-19 13:30:00+00:00,2024-08-19 16:30:00+00:00,1.0,475.1299951171875,476.4849951171875,0.5193989644447508,trend,1398.9740186829636,signal_change,3
QQQ,SCORE,2024-08-19 17:30:00+00:00,2024-08-20 16:30:00+00:00,1.0,477.30998779296874,480.1300146484375,0.58562092471659,trend,3429.52739783505,signal_change,6
QQQ,SCORE,2024-08-20 17:30:00+00:00,2024-08-20 19:30:00+00:00,1.0,479.65999389648437,480.479990234375,0.2429774397520068,shock,370.71761887669965,signal_change,2
QQQ,SCORE,2024-08-21 14:30:00+00:00,2024-08-21 16:30:00+00:00,1.0,481.8699853515625,480.94001220703126,0.6317545159017391,transition,-1423.4370890683135,signal_change,2
QQQ,SCORE,2024-08-21 18:30:00+00:00,2024-08-21 19:30:00+00:00,1.0,483.18999267578124,481.69001220703126,0.6432976572816642,transition,-2229.8692550855635,signal_change,1
QQQ,SCORE,2024-08-22 13:30:00+00:00,2024-08-22 14:30:00+00:00,1.0,484.8399865722656,480.88453674316406,0.6120239858606408,transition,-5318.875393683496,stop,2
QQQ,SCORE,2024-08-22 16:30:00+00:00,2024-08-22 17:30:00+00:00,1.0,480.43999267578124,477.8800146484375,0.5355206063120651,transition,-3068.070942617269,signal_change,1
QQQ,SCORE,2024-08-26 14:30:00+00:00,2024-08-26 15:30:00+00:00,-1.0,475.9000036621094,475.6199853515625,0.38425622168808926,transition,-95.45804939700741,signal_change,1
QQQ,SCORE,2024-08-27 15:30:00+00:00,2024-08-27 16:30:00+00:00,-1.0,476.1600134277344,476.1400048828125,0.3971036459267913,transition,-64.1755897394749,signal_change,1
QQQ,SCORE,2024-08-28 15:30:00+00:00,2024-08-28 16:30:00+00:00,-1.0,470.479990234375,470.7300012207031,0.4171315127798241,transition,-385.52805278967855,signal_change,1
QQQ,SCORE,2024-08-28 18:30:00+00:00,2024-08-28 19:30:00+00:00,-1.0,469.0300085449219,472.17000366210937,0.17012611752656562,transition,-1202.265655055807,signal_change,1
QQQ,SCORE,2024-08-29 19:30:00+00:00,2024-08-30 13:30:00+00:00,-1.0,470.99,475.06999755859374,0.4497106339016145,transition,4447.417772393194,signal_change,1
QQQ,SCORE,2024-09-03 14:30:00+00:00,2024-09-03 17:30:00+00:00,-1.0,469.2599890136719,465.7199914550781,0.12383509423274894,transition,908.9849958808152,signal_change,3
QQQ,SCORE,2024-09-03 18:30:00+00:00,2024-09-04 16:30:00+00:00,-1.0,462.47001098632813,462.7300012207031,0.3703975004664829,transition,-391.004850646611,signal_change,5
QQQ,SCORE,2024-09-05 14:30:00+00:00,2024-09-05 16:30:00+00:00,-1.0,464.34000610351563,460.42000366210937,0.35748183835031433,transition,3005.714616631266,signal_change,2
QQQ,SCORE,2024-09-05 17:30:00+00:00,2024-09-05 18:30:00+00:00,-1.0,459.06998657226563,461.55998779296874,0.3822663829647413,transition,-2218.032190516043,signal_change,1
QQQ,SCORE,2024-09-06 14:30:00+00:00,2024-09-06 17:30:00+00:00,-1.0,453.32999633789063,449.70000244140624,0.23034877418246286,trend,1829.9215771297227,signal_change,3
QQQ,SCORE,2024-09-09 13:30:00+00:00,2024-09-09 15:30:00+00:00,-1.0,453.1099951171875,451.6400048828125,0.34706609849990877,transition,1209.7969956039612,signal_change,2
QQQ,SCORE,2024-09-09 18:30:00+00:00,2024-09-09 19:30:00+00:00,-1.0,452.26899169921876,453.45000244140624,0.353815212879189,transition,-1059.279426795544,signal_change,1
QQQ,SCORE,2024-09-11 14:30:00+00:00,2024-09-11 15:30:00+00:00,-1.0,453.9000036621094,454.66499877929687,0.36066243162707984,transition,-768.6941970869532,signal_change,1
QQQ,SCORE,2024-09-11 17:30:00+00:00,2024-09-12 15:30:00+00:00,1.0,462.02998901367187,469.3274938964844,0.3817735499638049,transition,6101.112220128627,signal_change,5
QQQ,SCORE,2024-09-12 16:30:00+00:00,2024-09-13 16:30:00+00:00,1.0,470.1100061035156,474.62250732421876,0.38723268297016744,transition,3750.5275220121353,signal_change,7
QQQ,SCORE,2024-09-13 17:30:00+00:00,2024-09-13 18:30:00+00:00,1.0,476.18999267578124,474.97001098632813,0.40020463455482663,transition,-1167.6890782372038,signal_change,1
QQQ,SCORE,2024-09-13 19:30:00+00:00,2024-09-16 14:30:00+00:00,1.0,475.385,469.949951171875,0.4381343098870438,trend,-5324.786502239732,stop,3
QQQ,SCORE,2024-09-16 15:30:00+00:00,2024-09-16 16:30:00+00:00,1.0,471.9135949707031,471.4498083496094,0.40317580810589565,transition,-510.78584125682664,signal_change,1
QQQ,SCORE,2024-09-16 17:30:00+00:00,2024-09-17 15:30:00+00:00,1.0,471.9959924316406,475.52970336914063,0.45123548399928975,trend,3378.317382066728,signal_change,5
QQQ,SCORE,2024-09-19 13:30:00+00:00,2024-09-19 14:30:00+00:00,-1.0,482.615,484.7300012207031,0.39725785646277034,shock,-1496.007951645274,signal_change,1
QQQ,SCORE,2024-09-19 14:30:00+00:00,2024-09-19 15:30:00+00:00,1.0,484.7300012207031,484.6099951171875,0.1362656415298108,shock,-68.97672153787526,signal_change,1
QQQ,SCORE,2024-09-23 14:30:00+00:00,2024-09-23 15:30:00+00:00,1.0,483.55000854492187,483.34000610351563,0.4031215560779736,transition,-282.013442098121,signal_change,1
QQQ,SCORE,2024-09-24 16:30:00+00:00,2024-09-24 17:30:00+00:00,1.0,485.7300012207031,485.31901000976563,0.5781424951496196,shock,-650.6520924959016,signal_change,1
QQQ,SCORE,2024-09-25 18:30:00+00:00,2024-09-25 19:30:00+00:00,1.0,486.03999877929687,485.6099951171875,0.6666397216221763,transition,-776.3718393989384,signal_change,1
QQQ,SCORE,2024-09-26 13:30:00+00:00,2024-09-26 14:30:00+00:00,1.0,493.40498901367187,489.3215916951497,0.6009602772011425,shock,-5291.167347093246,stop,2
QQQ,SCORE,2024-09-26 15:30:00+00:00,2024-09-26 16:30:00+00:00,1.0,487.3900048828125,487.479990234375,0.5722194966112323,transition,-33.197896005951094,signal_change,1
QQQ,SCORE,2024-09-26 18:30:00+00:00,2024-09-26 19:30:00+00:00,1.0,489.58000732421874,489.58368896484376,0.5825303958081927,transition,-139.77957441989975,signal_change,1
QQQ,SCORE,2024-10-01 14:30:00+00:00,2024-10-01 16:30:00+00:00,-1.0,479.500009765625,480.56999755859374,0.3125930229912733,shock,-855.8425621094393,signal_change,2
QQQ,SCORE,2024-10-01 17:30:00+00:00,2024-10-01 18:30:00+00:00,-1.0,478.19999145507813,483.020009765625,0.4654106215801137,transition,-5014.082598317013,signal_change,1
QQQ,SCORE,2024-10-02 14:30:00+00:00,2024-10-02 15:30:00+00:00,-1.0,481.81998657226563,483.15999389648437,0.44570612014277544,transition,-1207.3456566370858,signal_change,1
QQQ,SCORE,2024-10-03 14:30:00+00:00,2024-10-03 15:30:00+00:00,-1.0,480.94999145507813,481.67500854492187,0.42297545221773264,transition,-791.2833431049169,signal_change,1
QQQ,SCORE,2024-10-04 18:30:00+00:00,2024-10-07 15:30:00+00:00,1.0,485.499990234375,485.97001098632813,0.16524625140134527,shock,123.53103837157406,signal_change,4
QQQ,SCORE,2024-10-07 16:30:00+00:00,2024-10-07 17:30:00+00:00,1.0,485.80000854492187,485.06000732421876,0.5302784697810613,transition,-954.8164360546609,signal_change,1
QQQ,SCORE,2024-10-08 14:30:00+00:00,2024-10-08 16:30:00+00:00,1.0,486.55000854492187,487.72001098632813,0.17211388120668505,transition,379.6196464950332,signal_change,2
QQQ,SCORE,2024-10-08 19:30:00+00:00,2024-10-09 19:30:00+00:00,1.0,489.02998901367187,492.56000732421876,0.5601776033044858,transition,3981.6337847055634,signal_change,7
QQQ,SCORE,2024-10-10 14:30:00+00:00,2024-10-10 16:30:00+00:00,1.0,491.9900109863281,493.54999755859376,0.6158467742704574,transition,1846.8341406830511,signal_change,2
QQQ,SCORE,2024-10-10 17:30:00+00:00,2024-10-10 18:30:00+00:00,1.0,493.31999755859374,492.0250036621094,0.6171692856545896,transition,-1813.9564759754896,signal_change,1
QQQ,SCORE,2024-10-11 14:30:00+00:00,2024-10-14 13:30:00+00:00,1.0,493.5150048828125,495.750009765625,0.6050836845950656,trend,2658.01172942932,signal_change,6
QQQ,SCORE,2024-10-14 14:30:00+00:00,2024-10-14 15:30:00+00:00,1.0,497.9749963378906,495.750009765625,0.43788241523180205,transition,-2116.389186876006,signal_change,1
QQQ,SCORE,2024-10-14 19:30:00+00:00,2024-10-15 13:30:00+00:00,1.0,497.9000146484375,497.81998657226563,0.6757044771108408,transition,-277.35417903338,signal_change,1
QQQ,SCORE,2024-10-15 19:30:00+00:00,2024-10-16 13:30:00+00:00,-1.0,489.69001220703126,491.1199853515625,0.6092336221298713,transition,-1107.3183012853312,signal_change,1
QQQ,SCORE,2024-10-21 13:30:00+00:00,2024-10-21 15:30:00+00:00,1.0,493.270009765625,491.56000732421876,0.6182441186108719,transition,-2338.3273880101983,signal_change,2
QQQ,SCORE,2024-10-22 13:30:00+00:00,2024-10-22 15:30:00+00:00,1.0,492.749990234375,494.500009765625,0.6140192604132606,transition,2075.4487596391123,signal_change,2
QQQ,SCORE,2024-10-23 16:30:00+00:00,2024-10-23 19:30:00+00:00,-1.0,489.34989379882813,487.5999963378906,0.595799901205725,transition,2060.3505855199546,signal_change,3
QQQ,SCORE,2024-10-24 14:30:00+00:00,2024-10-24 15:30:00+00:00,-1.0,490.729990234375,491.31999755859374,0.5511153655485268,transition,-929.9746240651921,signal_change,1
QQQ,SCORE,2024-10-25 14:30:00+00:00,2024-10-25 15:30:00+00:00,1.0,499.96001220703124,498.5300085449219,0.18680545235856327,shock,-593.0566426730802,signal_change,1
QQQ,SCORE,2024-10-29 14:30:00+00:00,2024-10-29 16:30:00+00:00,1.0,496.499990234375,498.22001098632813,0.6011984342768544,transition,1982.805505824544,signal_change,2
QQQ,SCORE,2024-10-29 17:30:00+00:00,2024-10-30 13:30:00+00:00,1.0,499.43999267578124,499.34000610351563,0.6301995660048219,transition,-282.8663385901325,signal_change,3
QQQ,SCORE,2024-10-30 14:30:00+00:00,2024-10-30 16:30:00+00:00,1.0,500.1100061035156,499.1300146484375,0.5982494429387273,transition,-1348.900055087915,signal_change,2
QQQ,SCORE,2024-10-31 14:30:00+00:00,2024-10-31 16:30:00+00:00,-1.0,486.93000244140626,485.7199914550781,0.40217828369782954,transition,941.2596825894732,signal_change,2
QQQ,SCORE,2024-10-31 17:30:00+00:00,2024-10-31 19:30:00+00:00,-1.0,485.24,485.53999877929687,0.5941350268863812,trend,-500.96081939093983,signal_change,2
QQQ,SCORE,2024-11-01 13:30:00+00:00,2024-11-01 14:30:00+00:00,-1.0,485.750009765625,490.5364278157552,0.5133027467249931,transition,-4905.022438017514,stop,2
QQQ,SCORE,2024-11-01 18:30:00+00:00,2024-11-04 15:30:00+00:00,-1.0,487.70011352539063,488.3900048828125,0.4954067820781508,transition,-733.5100268542923,signal_change,3
QQQ,SCORE,2024-11-04 16:30:00+00:00,2024-11-04 17:30:00+00:00,-1.0,488.21000122070313,486.68999267578124,0.4551824627234878,transition,1350.6006895959765,signal_change,1
QQQ,SCORE,2024-11-04 19:30:00+00:00,2024-11-05 15:30:00+00:00,-1.0,487.09000610351563,490.3600061035156,0.47412208185061316,transition,-3356.8189874221603,signal_change,3
QQQ,SCORE,2024-11-05 20:30:00+00:00,2024-11-06 16:30:00+00:00,1.0,491.96001220703124,502.729990234375,0.5353851464532362,transition,11784.274008165377,signal_change,3
QQQ,SCORE,2024-11-06 18:30:00+00:00,2024-11-07 18:30:00+00:00,1.0,504.68001342773437,512.3700048828125,0.5324737072567061,transition,8196.789253842104,signal_change,7
QQQ,SCORE,2024-11-07 19:30:00+00:00,2024-11-08 17:30:00+00:00,1.0,512.6801049804687,513.4300024414063,0.5765525940012259,trend,731.7405984214986,signal_change,5
QQQ,SCORE,2024-11-08 18:30:00+00:00,2024-11-08 20:30:00+00:00,1.0,514.1600244140625,513.8200170898438,0.6575390384420485,trend,-613.3521875374391,signal_change,2
QQQ,SCORE,2024-11-11 14:30:00+00:00,2024-11-11 16:30:00+00:00,1.0,515.4399926757812,513.5499975585938,0.6408903984264215,trend,-2593.436108156434,signal_change,2
QQQ,SCORE,2024-11-11 18:30:00+00:00,2024-11-12 16:30:00+00:00,1.0,511.93001342773437,512.8634130859375,0.28605638862589233,shock,469.0594580982995,signal_change,5
QQQ,SCORE,2024-11-14 15:30:00+00:00,2024-11-14 16:30:00+00:00,-1.0,510.9000036621094,511.249990234375,0.7094763365793647,transition,-725.912281767236,signal_change,1
QQQ,SCORE,2024-11-14 20:30:00+00:00,2024-11-15 14:30:00+00:00,-1.0,509.04499267578126,502.93999267578124,0.6809540844882458,transition,-7583.436675427772,signal_change,1
QQQ,SCORE,2024-11-15 15:30:00+00:00,2024-11-18 15:30:00+00:00,-1.0,498.8499853515625,501.36401916503905,0.38670434930092373,shock,-604.0036737598875,stop,8
QQQ,SCORE,2024-11-18 17:30:00+00:00,2024-11-18 18:30:00+00:00,-1.0,500.500009765625,500.3399865722656,0.5294669746933011,transition,86.65516992196882,signal_change,1
QQQ,SCORE,2024-11-18 19:30:00+00:00,2024-11-18 20:30:00+00:00,-1.0,499.21500610351563,500.43001342773437,0.540603742318884,transition,-1526.7902989918339,signal_change,1
QQQ,SCORE,2024-11-20 15:30:00+00:00,2024-11-20 17:30:00+00:00,-1.0,497.53998779296876,500.18999267578124,0.5206233232435877,transition,-3047.0457942418548,signal_change,2
QQQ,SCORE,2024-11-20 20:30:00+00:00,2024-11-21 14:30:00+00:00,1.0,500.9000146484375,499.5134298706055,0.5812580814217192,transition,-1777.1604494636508,stop,2
QQQ,SCORE,2024-11-21 16:30:00+00:00,2024-11-21 17:30:00+00:00,1.0,503.93001342773437,504.2750036621094,0.46387571460453053,transition,210.35361730267857,signal_change,1
QQQ,SCORE,2024-11-25 15:30:00+00:00,2024-11-25 16:30:00+00:00,1.0,507.90498901367187,508.000009765625,0.43510325313932846,transition,-23.20228888367778,signal_change,1
QQQ,SCORE,2024-11-25 18:30:00+00:00,2024-11-25 19:30:00+00:00,1.0,506.3900048828125,505.97001098632813,0.45356747500132216,transition,-494.2503608505033,signal_change,1
QQQ,SCORE,2024-11-26 14:30:00+00:00,2024-11-26 16:30:00+00:00,1.0,508.0899865722656,508.4100134277344,0.4691702868234116,transition,186.70504142281897,signal_change,2
QQQ,SCORE,2024-11-26 18:30:00+00:00,2024-11-26 19:30:00+00:00,1.0,508.5399072265625,507.56998657226563,0.21303131056149846,shock,-466.12651398831474,signal_change,1
QQQ,SCORE,2024-11-26 20:30:00+00:00,2024-11-27 14:30:00+00:00,1.0,508.4900109863281,504.4583994547526,0.2216213504561258,transition,-1841.473272671055,stop,2
QQQ,SCORE,2024-11-29 15:30:00+00:00,2024-12-02 14:30:00+00:00,1.0,508.6400048828125,511.000009765625,0.6099858770303291,transition,2728.3749590706775,signal_change,2
QQQ,SCORE,2024-12-02 15:30:00+00:00,2024-12-02 16:30:00+00:00,1.0,514.4097192382812,514.4199926757813,0.6303898153388197,transition,-140.7053039809249,signal_change,1
QQQ,SCORE,2024-12-02 17:30:00+00:00,2024-12-02 18:30:00+00:00,1.0,515.6500146484375,515.1074926757813,0.6771005772370443,transition,-891.0117113168792,signal_change,1
QQQ,SCORE,2024-12-02 20:30:00+00:00,2024-12-03 14:30:00+00:00,1.0,515.7410180664062,513.5999853515625,0.681468621546231,transition,-3047.8180690492063,signal_change,1
QQQ,SCORE,2024-12-03 15:30:00+00:00,2024-12-03 16:30:00+00:00,1.0,514.3900048828125,516.2000219726563,0.6899853155524615,transition,2297.966407561563,signal_change,1
QQQ,SCORE,2024-12-04 15:30:00+00:00,2024-12-04 18:30:00+00:00,1.0,521.290029296875,521.51001953125,1.4818997382830734,trend,276.5019366150987,signal_change,3
QQQ,SCORE,2024-12-04 19:30:00+00:00,2024-12-05 18:30:00+00:00,1.0,522.4700219726562,522.4099829101563,0.7865812571453059,trend,-281.904467296548,signal_change,6
QQQ,SCORE,2024-12-05 19:30:00+00:00,2024-12-05 20:30:00+00:00,1.0,522.290029296875,521.74,0.960571948670697,transition,-1262.4117314543587,signal_change,1
QQQ,SCORE,2024-12-06 14:30:00+00:00,2024-12-06 19:30:00+00:00,1.0,522.5599877929687,525.520029296875,0.8836009188424226,trend,4873.96763359867,signal_change,5
QQQ,SCORE,2024-12-06 20:30:00+00:00,2024-12-09 15:30:00+00:00,1.0,526.2200219726562,524.0700170898438,0.9529322740704599,trend,-4207.735575720575,signal_change,2
QQQ,SCORE,2024-12-09 16:30:00+00:00,2024-12-09 17:30:00+00:00,1.0,522.9199731445312,522.76001953125,0.8366059664903774,transition,-463.03673072562606,signal_change,1
QQQ,SCORE,2024-12-10 20:30:00+00:00,2024-12-11 14:30:00+00:00,-1.0,519.6099951171875,524.9100244140625,0.7997809720440057,transition,5136.207695274012,signal_change,1
QQQ,SCORE,2024-12-11 15:30:00+00:00,2024-12-11 17:30:00+00:00,1.0,527.4700219726562,529.5399877929688,0.23666938907621793,shock,891.1474711191579,signal_change,2
QQQ,SCORE,2024-12-13 15:30:00+00:00,2024-12-13 16:30:00+00:00,1.0,530.6600244140625,528.1200048828125,0.220597870390044,transition,-1133.508986889966,signal_change,1
QQQ,SCORE,2024-12-13 20:30:00+00:00,2024-12-16 14:30:00+00:00,1.0,530.8199975585937,532.99,0.6564059601098579,transition,2582.7330271259652,signal_change,1
QQQ,SCORE,2024-12-16 15:30:00+00:00,2024-12-17 15:30:00+00:00,1.0,535.3900048828125,534.2000219726563,0.6225258852465018,trend,-1560.6004540048052,signal_change,7
QQQ,SCORE,2024-12-18 15:30:00+00:00,2024-12-18 16:30:00+00:00,1.0,535.9500024414062,535.9099829101563,0.6447764525900316,transition,-205.71933790671198,signal_change,1
QQQ,SCORE,2024-12-18 20:30:00+00:00,2024-12-18 20:30:00+00:00,-1.0,521.979990234375,522.5368249511719,0.3612501900537842,shock,306.00890250777286,stop,1
QQQ,SCORE,2024-12-19 14:30:00+00:00,2024-12-19 18:30:00+00:00,-1.0,521.1200048828125,517.78001953125,0.3424069818148213,transition,2149.948430744696,signal_change,4
QQQ,SCORE,2024-12-19 19:30:00+00:00,2024-12-19 20:30:00+00:00,-1.0,517.1099951171875,516.8699853515625,0.4467691585226328,trend,227.23436591788447,signal_change,1
QQQ,SCORE,2024-12-20 14:30:00+00:00,2024-12-20 15:30:00+00:00,-1.0,510.3599951171875,516.8397521972656,0.39914170216178224,trend,-4704.592063638841,stop,2
QQQ,SCORE,2024-12-20 16:30:00+00:00,2024-12-20 17:30:00+00:00,-1.0,521.4500219726563,524.7999780273437,0.3733351762866902,transition,-2523.457915004871,signal_change,1
QQQ,SCORE,2024-12-20 18:30:00+00:00,2024-12-20 19:30:00+00:00,-1.0,521.3999731445313,522.479970703125,0.37855990329974865,transition,-889.9895470558246,signal_change,1
QQQ,SCORE,2024-12-20 20:30:00+00:00,2024-12-23 16:30:00+00:00,-1.0,520.9099829101563,519.9399926757812,0.3635379001670132,transition,705.5755660470214,signal_change,3
QQQ,SCORE,2024-12-26 14:30:00+00:00,2024-12-26 16:30:00+00:00,1.0,528.3500268554687,529.270029296875,0.15012136380948612,transition,229.69941537999404,signal_change,2
QQQ,SCORE,2024-12-26 18:30:00+00:00,2024-12-26 19:30:00+00:00,1.0,530.3199975585937,529.6699926757813,0.47547495981881943,transition,-708.263611290867,signal_change,1
QQQ,SCORE,2024-12-26 20:30:00+00:00,2024-12-27 14:30:00+00:00,1.0,530.6299951171875,526.000009765625,0.49741799182450397,transition,-4538.779107115454,signal_change,1
QQQ,SCORE,2024-12-30 15:30:00+00:00,2024-12-30 16:30:00+00:00,-1.0,512.3900244140625,515.3199975585937,0.4318836102113446,transition,-2630.9148298769232,signal_change,1
QQQ,SCORE,2024-12-31 14:30:00+00:00,2024-12-31 20:30:00+00:00,-1.0,516.9849951171875,513.290029296875,0.43111000796053484,transition,3003.191125698786,signal_change,6
QQQ,SCORE,2025-01-02 14:30:00+00:00,2025-01-02 16:30:00+00:00,-1.0,514.3499853515625,512.98998046875,0.36782787345549806,shock,765.6508968138894,signal_change,2
QQQ,SCORE,2025-01-02 17:30:00+00:00,2025-01-02 19:30:00+00:00,-1.0,509.69001220703126,508.6100061035156,0.3712455032091242,transition,451.6208591580604,signal_change,2
QQQ,SCORE,2025-01-03 18:30:00+00:00,2025-01-03 19:30:00+00:00,1.0,518.3074853515625,519.1200048828125,0.14938895610082487,shock,201.3963469265258,signal_change,1
QQQ,SCORE,2025-01-06 15:30:00+00:00,2025-01-06 17:30:00+00:00,1.0,527.4600122070312,526.24,0.2874349812308673,transition,-743.5796552507906,signal_change,2
QQQ,SCORE,2025-01-06 20:30:00+00:00,2025-01-07 15:30:00+00:00,1.0,523.9399926757812,517.8669713338217,0.43255663302821173,transition,-5193.65649725924,stop,3
QQQ,SCORE,2025-01-07 16:30:00+00:00,2025-01-07 17:30:00+00:00,1.0,519.8599755859375,516.8889868164063,0.36817540791928466,transition,-2210.4966955300793,signal_change,1
QQQ,SCORE,2025-01-08 14:30:00+00:00,2025-01-08 15:30:00+00:00,1.0,515.0900170898437,513.4400122070313,0.40223548625252453,transition,-1393.3977959475533,signal_change,1
QQQ,SCORE,2025-01-10 15:30:00+00:00,2025-01-10 17:30:00+00:00,-1.0,507.6300146484375,505.8399865722656,0.1123628332963982,transition,370.7430292677872,signal_change,2
QQQ,SCORE,2025-01-10 20:30:00+00:00,2025-01-13 14:30:00+00:00,-1.0,507.1099951171875,501.2400109863281,0.3293717089172633,transition,-4054.8571600213427,signal_change,1
QQQ,SCORE,2025-01-13 15:30:00+00:00,2025-01-13 17:30:00+00:00,-1.0,500.0999853515625,503.17000366210937,0.6062835230175486,transition,-3864.3389804408,signal_change,2
QQQ,SCORE,2025-01-14 15:30:00+00:00,2025-01-14 16:30:00+00:00,-1.0,507.42359375,504.71001220703124,0.3431313297217749,transition,1721.1254098579707,signal_change,1
QQQ,SCORE,2025-01-16 19:30:00+00:00,2025-01-16 20:30:00+00:00,1.0,515.4700219726562,515.0499975585938,0.44720981251788444,transition,-470.7954681478169,signal_change,1
QQQ,SCORE,2025-01-17 15:30:00+00:00,2025-01-17 20:30:00+00:00,1.0,520.1099755859375,521.750009765625,0.1382580106472746,transition,403.3230368278031,signal_change,5
QQQ,SCORE,2025-01-21 15:30:00+00:00,2025-01-21 19:30:00+00:00,1.0,522.8099877929687,525.2349951171875,0.45879904385060455,trend,2016.1296265864169,signal_change,4
QQQ,SCORE,2025-01-21 20:30:00+00:00,2025-01-22 14:30:00+00:00,1.0,525.3599755859375,529.5399877929688,0.5604934120804785,transition,4333.751330818503,signal_change,1
QQQ,SCORE,2025-01-22 15:30:00+00:00,2025-01-22 18:30:00+00:00,1.0,531.8799951171875,531.96998046875,1.01546412039842,transition,-69.95331616112617,signal_change,3
QQQ,SCORE,2025-01-23 15:30:00+00:00,2025-01-23 17:30:00+00:00,1.0,529.3199975585937,529.8599951171875,0.567815945508894,transition,447.108131501965,signal_change,2
QQQ,SCORE,2025-01-23 18:30:00+00:00,2025-01-23 19:30:00+00:00,1.0,530.7159936523437,530.3889868164063,0.7060568101025833,transition,-606.3046820447441,signal_change,1
QQQ,SCORE,2025-01-23 20:30:00+00:00,2025-01-24 15:30:00+00:00,1.0,530.9399926757812,531.750009765625,0.7165492999180398,transition,928.8130721708733,signal_change,2
QQQ,SCORE,2025-01-24 16:30:00+00:00,2025-01-24 17:30:00+00:00,1.0,532.249990234375,531.3100073242188,0.6982677241137777,transition,-1407.5592154476021,signal_change,1
QQQ,SCORE,2025-01-27 15:30:00+00:00,2025-01-27 19:30:00+00:00,-1.0,516.709970703125,513.9197900390625,0.3370458568165054,shock,1800.70424236294,signal_change,4
QQQ,SCORE,2025-01-27 20:30:00+00:00,2025-01-28 14:30:00+00:00,-1.0,512.0600073242188,517.4810206095377,0.47500344268944306,transition,1213.0728122739351,stop,2
QQQ,SCORE,2025-01-28 15:30:00+00:00,2025-01-28 17:30:00+00:00,-1.0,519.209970703125,521.2250268554687,0.4246717622222408,transition,-1781.2335508601466,signal_change,2
QQQ,SCORE,2025-01-29 15:30:00+00:00,2025-01-29 16:30:00+00:00,-1.0,520.1300146484375,519.76,0.4051841644353916,transition,51.77293908258331,signal_change,1
QQQ,SCORE,2025-01-29 19:30:00+00:00,2025-01-29 20:30:00+00:00,-1.0,517.6499731445313,522.1600244140625,0.37248722234034914,transition,-3324.4886405209318,signal_change,1
QQQ,SCORE,2025-01-30 15:30:00+00:00,2025-01-30 16:30:00+00:00,-1.0,520.9300024414063,521.3599755859375,0.341937810455663,transition,-338.46298334327514,signal_change,1
QQQ,SCORE,2025-01-30 19:30:00+00:00,2025-01-31 16:30:00+00:00,1.0,522.8099877929687,530.3599951171875,0.1538007791051579,transition,2188.3944295180154,signal_change,4
QQQ,SCORE,2025-01-31 17:30:00+00:00,2025-01-31 18:30:00+00:00,1.0,530.8199975585937,527.909921875,0.45151083455573365,transition,-2594.169214553063,signal_change,1
QQQ,SCORE,2025-01-31 19:30:00+00:00,2025-01-31 20:30:00+00:00,1.0,525.5699975585937,521.71998046875,0.4335513058826215,range,-3285.4061194549167,signal_change,1
QQQ,SCORE,2025-02-06 18:30:00+00:00,2025-02-06 19:30:00+00:00,1.0,528.6099755859375,527.7998754882813,0.21361205563051325,transition,-377.65438911815136,signal_change,1
QQQ,SCORE,2025-02-06 20:30:00+00:00,2025-02-07 15:30:00+00:00,1.0,527.6500146484375,525.1532919311524,0.6149196326061999,transition,-3047.2133821570815,stop,3
QQQ,SCORE,2025-02-07 16:30:00+00:00,2025-02-07 17:30:00+00:00,1.0,524.770009765625,523.8250219726563,0.530963743261591,transition,-1077.4133877651223,signal_change,1
QQQ,SCORE,2025-02-10 15:30:00+00:00,2025-02-10 16:30:00+00:00,1.0,529.6500146484375,529.4500219726563,0.18395103752540928,transition,-112.5346711048008,signal_change,1
QQQ,SCORE,2025-02-13 15:30:00+00:00,2025-02-13 17:30:00+00:00,1.0,532.5499780273437,532.3900244140625,0.6253319701808404,transition,-333.88745688234474,signal_change,2
QQQ,SCORE,2025-02-13 19:30:00+00:00,2025-02-14 16:30:00+00:00,1.0,533.8599755859375,536.8900244140625,0.22694026674093934,transition,1224.55299714375,signal_change,4
QQQ,SCORE,2025-02-14 20:30:00+00:00,2025-02-18 14:30:00+00:00,1.0,537.9399926757812,539.76001953125,0.6718793802884163,transition,2102.810298016578,signal_change,1
QQQ,SCORE,2025-02-18 15:30:00+00:00,2025-02-18 17:30:00+00:00,1.0,536.9199731445312,537.7000219726563,0.6361055515501082,transition,771.8555080636087,signal_change,2
QQQ,SCORE,2025-02-18 19:30:00+00:00,2025-02-19 17:30:00+00:00,1.0,537.1799829101562,538.8900244140625,0.7616575991790981,transition,2240.913248483557,signal_change,5
QQQ,SCORE,2025-02-19 18:30:00+00:00,2025-02-19 20:30:00+00:00,1.0,539.520009765625,538.8399755859375,0.7936732811923185,transition,-1187.927474083892,signal_change,2
QQQ,SCORE,2025-02-20 14:30:00+00:00,2025-02-20 14:30:00+00:00,1.0,538.7200219726562,535.0426940917969,0.7304501085952518,shock,-5153.223081175204,stop,1
QQQ,SCORE,2025-02-21 15:30:00+00:00,2025-02-24 14:30:00+00:00,-1.0,534.000009765625,528.0304315185547,0.6343549738536407,shock,11584.198196465028,stop,7
QQQ,SCORE,2025-02-24 15:30:00+00:00,2025-02-24 17:30:00+00:00,-1.0,521.8300268554688,524.9399926757812,0.3354474604431189,transition,-2028.9426780759998,signal_change,2
QQQ,SCORE,2025-02-24 19:30:00+00:00,2025-02-25 20:30:00+00:00,-1.0,523.49,515.1600244140625,0.4767658825233738,transition,7498.550466405081,signal_change,8
QQQ,SCORE,2025-02-26 14:30:00+00:00,2025-02-26 16:30:00+00:00,-1.0,515.520029296875,518.6500146484375,0.37449593346065085,transition,-2384.0328833646918,signal_change,2
QQQ,SCORE,2025-02-26 18:30:00+00:00,2025-02-26 20:30:00+00:00,-1.0,513.9199926757813,513.4100244140625,0.3559397824197595,transition,262.34204996293136,signal_change,2
QQQ,SCORE,2025-02-27 15:30:00+00:00,2025-02-27 16:30:00+00:00,-1.0,512.9199926757813,511.46748901367187,0.11437748867355564,transition,302.49646818126536,signal_change,1
QQQ,SCORE,2025-02-27 20:30:00+00:00,2025-02-28 17:30:00+00:00,-1.0,502.44999145507813,502.83000732421874,0.6212990331764331,transition,-409.77550046312757,signal_change,4
QQQ,SCORE,2025-03-03 18:30:00+00:00,2025-03-03 19:30:00+00:00,-1.0,502.49,503.17119384765624,0.27564968526070577,transition,-486.40330332263215,signal_change,1
QQQ,SCORE,2025-03-03 20:30:00+00:00,2025-03-04 14:30:00+00:00,-1.0,495.1399938964844,494.18001342773437,0.0890617160381439,transition,-983.5002711260365,signal_change,1
QQQ,SCORE,2025-03-04 15:30:00+00:00,2025-03-04 17:30:00+00:00,-1.0,489.71000122070313,495.499990234375,0.16458726804244636,transition,-2024.6822057673369,signal_change,2
QQQ,SCORE,2025-03-04 18:30:00+00:00,2025-03-04 19:30:00+00:00,-1.0,495.07499145507813,499.6199853515625,0.23909915164356127,transition,-2234.8015386706356,signal_change,1
QQQ,SCORE,2025-03-05 14:30:00+00:00,2025-03-05 16:30:00+00:00,-1.0,496.1500036621094,493.30998779296874,0.22383329600101765,transition,1214.3440344199923,signal_change,2
QQQ,SCORE,2025-03-06 17:30:00+00:00,2025-03-06 18:30:00+00:00,-1.0,489.871591796875,489.4699914550781,0.21915334790926483,transition,163.33805121297303,signal_change,1
QQQ,SCORE,2025-03-06 19:30:00+00:00,2025-03-06 20:30:00+00:00,-1.0,486.7800085449219,488.71001220703124,0.21489620594951242,transition,-881.0270623385312,signal_change,1
QQQ,SCORE,2025-03-07 15:30:00+00:00,2025-03-07 17:30:00+00:00,-1.0,487.68000244140626,483.2332971191406,0.22574377976382148,transition,1994.325125913231,signal_change,2
QQQ,SCORE,2025-03-10 14:30:00+00:00,2025-03-10 16:30:00+00:00,-1.0,478.29999755859376,476.15999389648437,0.07761293308236147,transition,333.8990942337934,signal_change,2
QQQ,SCORE,2025-03-10 17:30:00+00:00,2025-03-11 15:30:00+00:00,-1.0,474.3599951171875,472.53999877929687,0.23216310901254605,transition,792.782589819121,signal_change,5
QQQ,SCORE,2025-03-11 16:30:00+00:00,2025-03-11 18:30:00+00:00,-1.0,471.5999853515625,474.4699914550781,0.22854432814245515,trend,-1496.3525469990047,signal_change,2
QQQ,SCORE,2025-03-11 19:30:00+00:00,2025-03-12 15:30:00+00:00,-1.0,475.5199987792969,474.9900109863281,0.22535636226311653,transition,225.00152743615965,signal_change,3
QQQ,SCORE,2025-03-13 15:30:00+00:00,2025-03-13 16:30:00+00:00,-1.0,470.9000036621094,469.65999389648437,0.220882507368062,transition,521.3156378865627,signal_change,1
QQQ,SCORE,2025-03-17 13:30:00+00:00,2025-03-17 14:30:00+00:00,1.0,479.67000366210937,479.94001220703126,0.287218679994156,transition,92.78131053648377,signal_change,1
QQQ,SCORE,2025-03-17 18:30:00+00:00,2025-03-17 19:30:00+00:00,1.0,484.8600061035156,484.8499853515625,0.3457759552236911,transition,-91.08647860717082,signal_change,1
QQQ,SCORE,2025-03-19 14:30:00+00:00,2025-03-19 16:30:00+00:00,1.0,478.31999755859374,479.6099951171875,0.36921275886544286,transition,911.204786197437,signal_change,2
QQQ,SCORE,2025-03-20 14:30:00+00:00,2025-03-20 15:30:00+00:00,1.0,483.3499963378906,482.81000732421876,0.35816448706595855,transition,-489.7876198609373,signal_change,1
QQQ,SCORE,2025-03-21 15:30:00+00:00,2025-03-21 16:30:00+00:00,-1.0,475.4100134277344,478.53999877929687,0.33312544927248844,transition,-2217.3495007764664,signal_change,1
QQQ,SCORE,2025-03-24 13:30:00+00:00,2025-03-24 15:30:00+00:00,1.0,487.749990234375,490.104990234375,0.3463159303217703,shock,1594.0185062810351,signal_change,2
QQQ,SCORE,2025-03-25 14:30:00+00:00,2025-03-25 15:30:00+00:00,1.0,492.65999389648437,493.1300146484375,0.4159491834245502,transition,298.36216884576925,signal_change,1
QQQ,SCORE,2025-03-26 13:30:00+00:00,2025-03-26 15:30:00+00:00,1.0,492.3399865722656,488.3237097167969,0.47164584108666807,transition,-3984.6444249884353,signal_change,2
QQQ,SCORE,2025-03-26 18:30:00+00:00,2025-03-26 19:30:00+00:00,1.0,484.9500939941406,483.28998779296876,0.525134101183831,transition,-1927.6267995997605,signal_change,1
QQQ,SCORE,2025-03-27 14:30:00+00:00,2025-03-27 15:30:00+00:00,1.0,484.71001220703124,484.94999145507813,0.1775040381303329,transition,45.05350314519921,signal_change,1
QQQ,SCORE,2025-03-28 14:30:00+00:00,2025-03-31 16:30:00+00:00,-1.0,473.22001098632813,464.83000732421874,0.3165179375275687,trend,5515.89258109355,signal_change,9
QQQ,SCORE,2025-03-31 17:30:00+00:00,2025-03-31 18:30:00+00:00,-1.0,463.8499853515625,466.90999389648437,0.3596046303913503,transition,-2457.3474048404346,signal_change,1
QQQ,SCORE,2025-03-31 19:30:00+00:00,2025-04-01 15:30:00+00:00,-1.0,466.7699987792969,471.78499389648437,0.3614788835936413,transition,-3886.8586029269254,signal_change,3
QQQ,SCORE,2025-04-01 16:30:00+00:00,2025-04-01 19:30:00+00:00,-1.0,471.59000610351563,469.520009765625,0.33606678978661225,transition,1327.2113510171182,signal_change,3
QQQ,SCORE,2025-04-03 14:30:00+00:00,2025-04-03 16:30:00+00:00,-1.0,456.3800146484375,457.6199853515625,0.07983557283585958,shock,-222.58749103369547,signal_change,2
QQQ,SCORE,2025-04-03 19:30:00+00:00,2025-04-07 13:30:00+00:00,-1.0,451.69001220703126,425.75688720703124,0.23717451278889015,transition,16675.812929168493,stop,9
QQQ,SCORE,2025-04-07 14:30:00+00:00,2025-04-07 17:30:00+00:00,-1.0,419.1600134277344,425.8587854003906,0.04365954469297053,trend,-699.5136128365895,signal_change,3
QQQ,SCORE,2025-04-07 18:30:00+00:00,2025-04-08 13:30:00+00:00,-1.0,424.8700048828125,438.17000366210937,0.11668720047033282,trend,4190.249996393476,signal_change,2
QQQ,SCORE,2025-04-08 14:30:00+00:00,2025-04-09 13:30:00+00:00,-1.0,441.3700048828125,415.60259033203124,0.1110343369572175,transition,6396.821752451769,signal_change,6
QQQ,SCORE,2025-04-09 14:30:00+00:00,2025-04-09 15:30:00+00:00,-1.0,421.29999755859376,420.06999755859374,0.09968963681597445,transition,283.2325388036399,signal_change,1
QQQ,SCORE,2025-04-09 18:30:00+00:00,2025-04-09 19:30:00+00:00,1.0,459.6199853515625,462.06000732421876,0.09845520071008818,transition,512.382587335045,signal_change,1
QQQ,SCORE,2025-04-16 19:30:00+00:00,2025-04-17 13:30:00+00:00,-1.0,438.19999145507813,447.1400048828125,0.24212785658266037,transition,-1860.201854805807,signal_change,1
QQQ,SCORE,2025-04-17 14:30:00+00:00,2025-04-17 15:30:00+00:00,-1.0,442.7800085449219,443.31999755859374,0.2443404697730091,transition,-278.0381321699829,signal_change,1
QQQ,SCORE,2025-04-21 14:30:00+00:00,2025-04-21 18:30:00+00:00,-1.0,433.22001098632813,429.20500732421874,0.24748161830062462,transition,2304.0203584563446,signal_change,4
QQQ,SCORE,2025-04-22 13:30:00+00:00,2025-04-22 15:30:00+00:00,-1.0,438.8700048828125,443.67000366210937,0.2480223905094383,shock,-2818.559038454241,signal_change,2
QQQ,SCORE,2025-04-23 14:30:00+00:00,2025-04-23 15:30:00+00:00,1.0,461.78999877929687,457.32999633789063,0.07941652713535896,shock,-805.9258207546586,signal_change,1
QQQ,SCORE,2025-04-24 14:30:00+00:00,2025-04-24 15:30:00+00:00,1.0,462.80000854492187,463.06998657226563,0.22958809584403286,transition,79.95901335123547,signal_change,1
QQQ,SCORE,2025-04-24 18:30:00+00:00,2025-04-24 19:30:00+00:00,1.0,466.30998779296874,465.2599890136719,0.2517290059887358,transition,-643.130270565871,signal_change,1
QQQ,SCORE,2025-04-25 13:30:00+00:00,2025-04-25 15:30:00+00:00,1.0,467.20000244140624,468.0999853515625,0.24907037901324608,transition,430.8734636479762,signal_change,2
QQQ,SCORE,2025-04-25 16:30:00+00:00,2025-04-25 19:30:00+00:00,1.0,469.95989013671874,471.31000732421876,0.26722261754633625,transition,723.8313345078311,signal_change,3
QQQ,SCORE,2025-04-28 13:30:00+00:00,2025-04-28 15:30:00+00:00,1.0,473.42000366210937,467.44401000976563,0.28312995962370835,transition,-3739.4302228759743,signal_change,2
QQQ,SCORE,2025-04-28 18:30:00+00:00,2025-04-29 13:30:00+00:00,1.0,469.5999963378906,470.250009765625,0.1234906396501992,transition,146.53563259140242,signal_change,2
QQQ,SCORE,2025-04-29 14:30:00+00:00,2025-04-29 19:30:00+00:00,1.0,471.8058984375,475.5099890136719,0.35530195893017885,transition,2758.203739371141,signal_change,5
QQQ,SCORE,2025-05-01 14:30:00+00:00,2025-05-01 16:30:00+00:00,1.0,484.15999389648437,483.33259033203126,0.6369286913607238,transition,-1266.7382827130393,signal_change,2
QQQ,SCORE,2025-05-02 14:30:00+00:00,2025-05-02 15:30:00+00:00,1.0,488.6400048828125,487.68000244140626,0.3211396055482092,transition,-724.2546771583127,signal_change,1
QQQ,SCORE,2025-05-06 14:30:00+00:00,2025-05-06 16:30:00+00:00,1.0,482.04500366210937,482.1300146484375,0.3728935259442435,transition,-23.95590896749883,signal_change,2
QQQ,SCORE,2025-05-08 13:30:00+00:00,2025-05-08 14:30:00+00:00,-1.0,488.5300085449219,486.83000732421874,0.39524470551505236,transition,1365.9651304918207,signal_change,1
QQQ,SCORE,2025-05-12 14:30:00+00:00,2025-05-12 15:30:00+00:00,1.0,502.749990234375,503.7699987792969,0.11522660009120775,shock,210.93519360273072,signal_change,1
QQQ,SCORE,2025-05-13 13:30:00+00:00,2025-05-13 18:30:00+00:00,1.0,509.17000366210937,516.3499853515625,0.3473224012171841,shock,4916.567773968097,signal_change,5
QQQ,SCORE,2025-05-13 19:30:00+00:00,2025-05-14 13:30:00+00:00,1.0,516.790029296875,516.709970703125,0.43025145182635977,trend,-172.80207144217547,signal_change,1
QQQ,SCORE,2025-05-14 14:30:00+00:00,2025-05-14 17:30:00+00:00,1.0,517.4100244140625,516.709970703125,0.41888028789260606,trend,-684.0697246711013,signal_change,3
QQQ,SCORE,2025-05-14 18:30:00+00:00,2025-05-14 19:30:00+00:00,1.0,517.499990234375,517.6800024414063,0.45699458777953483,trend,51.26559866933532,signal_change,1
QQQ,SCORE,2025-05-15 13:30:00+00:00,2025-05-16 18:30:00+00:00,1.0,516.540029296875,520.4300024414063,0.4431362999981659,trend,3327.4321954162206,signal_change,12
QQQ,SCORE,2025-05-16 19:30:00+00:00,2025-05-19 13:30:00+00:00,1.0,521.3300073242187,517.0680999755859,0.6132777325203749,transition,-5317.997260185731,stop,2
QQQ,SCORE,2025-05-19 14:30:00+00:00,2025-05-19 15:30:00+00:00,1.0,519.2000024414062,519.1699926757813,0.1931683851286981,transition,-58.701550478740046,signal_change,1
QQQ,SCORE,2025-05-21 15:30:00+00:00,2025-05-21 16:30:00+00:00,1.0,522.03001953125,522.3399755859375,0.566209540823078,transition,206.34365905918838,signal_change,1
QQQ,SCORE,2025-05-21 17:30:00+00:00,2025-05-22 16:30:00+00:00,-1.0,514.3700048828125,516.0699975585937,0.16899954244403517,shock,-608.7339177419326,signal_change,6
QQQ,SCORE,2025-05-23 13:30:00+00:00,2025-05-23 15:30:00+00:00,-1.0,506.16999267578126,508.8499963378906,0.39911459770284746,shock,-2309.9947506253766,signal_change,2
QQQ,SCORE,2025-05-27 13:30:00+00:00,2025-05-27 14:30:00+00:00,-1.0,516.1499731445313,518.8699853515625,0.3612676268827448,range,-2006.6361914424813,signal_change,1
QQQ,SCORE,2025-05-28 13:30:00+00:00,2025-05-28 14:30:00+00:00,1.0,522.2000024414062,521.000009765625,0.4434879560533193,transition,-1148.0669994605814,signal_change,1
QQQ,SCORE,2025-05-29 14:30:00+00:00,2025-05-29 15:30:00+00:00,1.0,521.0800073242187,522.1099951171875,0.16614678749753767,transition,294.48828066228236,signal_change,1
QQQ,SCORE,2025-05-29 19:30:00+00:00,2025-05-30 16:30:00+00:00,1.0,518.9700219726562,514.4199926757813,0.5278458028108798,transition,-4846.862076028472,signal_change,4
QQQ,SCORE,2025-06-03 14:30:00+00:00,2025-06-03 15:30:00+00:00,1.0,525.4249780273437,526.6099951171875,0.45444587537232656,transition,930.4610893525486,signal_change,1
QQQ,SCORE,2025-06-03 16:30:00+00:00,2025-06-03 18:30:00+00:00,1.0,527.53001953125,527.2901098632813,0.5117734935153099,transition,-359.33059257554993,signal_change,2
QQQ,SCORE,2025-06-03 19:30:00+00:00,2025-06-04 13:30:00+00:00,1.0,527.6500146484375,528.020029296875,0.5457608139600978,transition,256.9499977189743,signal_change,1
QQQ,SCORE,2025-06-04 14:30:00+00:00,2025-06-04 16:30:00+00:00,1.0,528.4600122070312,527.8399755859375,0.539415709349024,transition,-772.9774091644397,signal_change,2
QQQ,SCORE,2025-06-04 18:30:00+00:00,2025-06-05 16:30:00+00:00,1.0,529.7200219726562,526.6080114746094,0.6268714436451763,shock,-3879.099161206448,stop,6
QQQ,SCORE,2025-06-05 17:30:00+00:00,2025-06-05 18:30:00+00:00,1.0,529.2200219726562,524.6941223144531,0.5841970035883955,transition,-5196.439683612431,stop,2
QQQ,SCORE,2025-06-11 13:30:00+00:00,2025-06-11 17:30:00+00:00,1.0,535.53001953125,531.3136465454102,0.6049924066325739,transition,-4935.91341392503,stop,5
QQQ,SCORE,2025-06-12 13:30:00+00:00,2025-06-12 14:30:00+00:00,1.0,531.01,533.2899877929688,0.6763049056603774,transition,2745.7084662100233,signal_change,1
QQQ,SCORE,2025-06-12 16:30:00+00:00,2025-06-12 17:30:00+00:00,1.0,534.1299951171875,533.71998046875,0.6809801198674139,transition,-687.0104663206296,signal_change,1
QQQ,SCORE,2025-06-13 14:30:00+00:00,2025-06-13 15:30:00+00:00,-1.0,526.3499853515625,530.5049951171875,0.3888533977542164,transition,-3193.985843599661,signal_change,1
QQQ,SCORE,2025-06-13 19:30:00+00:00,2025-06-16 13:30:00+00:00,-1.0,526.49,530.51,0.5344646099876186,transition,3035.1470435725596,signal_change,1
QQQ,SCORE,2025-06-24 14:30:00+00:00,2025-06-24 17:30:00+00:00,1.0,537.4199731445312,539.2849829101563,0.45554830388236817,transition,1476.6986863318425,signal_change,3
QQQ,SCORE,2025-06-25 14:30:00+00:00,2025-06-25 15:30:00+00:00,1.0,541.8099877929687,541.1599829101563,0.5086605001778427,transition,-733.964222404679,signal_change,1
QQQ,SCORE,2025-06-26 13:30:00+00:00,2025-06-26 15:30:00+00:00,1.0,543.4299829101562,543.6400244140625,0.6246783229368005,trend,93.88268039457051,signal_change,2
QQQ,SCORE,2025-06-26 16:30:00+00:00,2025-06-27 18:30:00+00:00,1.0,544.7999780273437,545.6186773681641,0.7020049894252993,trend,897.4817727794657,stop,10
QQQ,SCORE,2025-06-27 19:30:00+00:00,2025-06-30 15:30:00+00:00,1.0,546.3099877929687,549.8999731445313,0.8585924378784766,transition,5462.9755251741235,signal_change,3
QQQ,SCORE,2025-06-30 19:30:00+00:00,2025-07-01 14:30:00+00:00,1.0,551.4000146484375,548.031504313151,0.8212793384925262,trend,-5264.330596533371,stop,3
QQQ,SCORE,2025-07-01 15:30:00+00:00,2025-07-01 16:30:00+00:00,1.0,546.8199975585937,546.6699926757813,0.24830016896574483,transition,-127.48221209064455,signal_change,1
QQQ,SCORE,2025-07-03 14:30:00+00:00,2025-07-03 15:30:00+00:00,1.0,556.2200219726562,556.4008276367188,0.24647982588163192,transition,22.06791909567403,signal_change,1
QQQ,SCORE,2025-07-09 14:30:00+00:00,2025-07-09 15:30:00+00:00,1.0,556.1500146484375,554.520029296875,0.6740299079564956,transition,-2144.567300824755,signal_change,1
QQQ,SCORE,2025-07-11 14:30:00+00:00,2025-07-11 15:30:00+00:00,1.0,555.0900170898437,554.0800268554688,0.7633954992214664,transition,-1573.1942481677586,signal_change,1
QQQ,SCORE,2025-07-14 15:30:00+00:00,2025-07-14 16:30:00+00:00,1.0,555.6699731445312,555.709970703125,0.7576171925381766,transition,-124.39833038351252,signal_change,1
QQQ,SCORE,2025-07-15 14:30:00+00:00,2025-07-15 16:30:00+00:00,1.0,559.78001953125,558.9550268554688,0.28833689063433793,transition,-493.48455219445657,signal_change,2
QQQ,SCORE,2025-07-15 18:30:00+00:00,2025-07-15 19:30:00+00:00,1.0,559.4700219726562,557.5700170898438,0.8562709942088712,transition,-3110.8503683003264,signal_change,1
QQQ,SCORE,2025-07-17 14:30:00+00:00,2025-07-17 16:30:00+00:00,1.0,559.3300073242187,561.8100073242188,0.7316916215524253,transition,3062.439037416731,signal_change,2
QQQ,SCORE,2025-07-18 15:30:00+00:00,2025-07-18 16:30:00+00:00,1.0,561.0599877929687,560.71998046875,0.7380308649744399,transition,-621.3733545980331,signal_change,1
QQQ,SCORE,2025-07-18 18:30:00+00:00,2025-07-18 19:30:00+00:00,1.0,561.0649926757812,560.9400122070313,0.826038884486501,transition,-378.5552212906082,signal_change,1
QQQ,SCORE,2025-07-21 13:30:00+00:00,2025-07-21 15:30:00+00:00,1.0,562.1500146484375,565.4199926757813,0.7940282708209329,shock,4429.427185655257,signal_change,2
QQQ,SCORE,2025-07-21 17:30:00+00:00,2025-07-21 18:30:00+00:00,1.0,565.9199731445312,565.7849829101563,0.9322934961707178,trend,-443.44900754929847,signal_change,1
QQQ,SCORE,2025-07-25 16:30:00+00:00,2025-07-25 17:30:00+00:00,1.0,567.4100244140625,566.959970703125,0.9214734868587471,shock,-950.7678779612888,signal_change,1
QQQ,SCORE,2025-07-25 18:30:00+00:00,2025-07-25 19:30:00+00:00,1.0,567.1500146484375,566.7949926757813,0.3403620670698186,transition,-293.8547947649314,signal_change,1
QQQ,SCORE,2025-07-28 14:30:00+00:00,2025-07-28 17:30:00+00:00,1.0,568.4500024414062,567.520029296875,0.9591171346992348,transition,-1798.266543009681,signal_change,3
QQQ,SCORE,2025-07-28 19:30:00+00:00,2025-07-29 14:30:00+00:00,1.0,567.4700219726562,567.975221862793,1.0854510475309516,transition,709.6218352275641,stop,3
QQQ,SCORE,2025-07-29 16:30:00+00:00,2025-07-29 17:30:00+00:00,1.0,567.8500268554687,568.5700170898438,0.965158140852075,transition,997.5823235733511,signal_change,1
QQQ,SCORE,2025-07-30 13:30:00+00:00,2025-07-30 14:30:00+00:00,1.0,568.1799829101562,568.59498046875,0.9814088478793359,transition,486.87967231749184,signal_change,1
QQQ,SCORE,2025-07-30 19:30:00+00:00,2025-07-31 13:30:00+00:00,-1.0,565.99,573.385,0.29694546332852795,shock,1544.4278288272696,signal_change,1
QQQ,SCORE,2025-08-01 14:30:00+00:00,2025-08-01 16:30:00+00:00,-1.0,556.3700048828125,556.9700219726562,0.3221120881384898,transition,-443.8546009402933,signal_change,2
QQQ,SCORE,2025-08-01 17:30:00+00:00,2025-08-01 18:30:00+00:00,-1.0,553.0999853515625,554.1299951171875,0.4427001090654344,transition,-916.2479563197378,signal_change,1
QQQ,SCORE,2025-08-01 19:30:00+00:00,2025-08-04 13:30:00+00:00,-1.0,553.770029296875,560.1329091389974,0.43590465218125796,transition,4791.897800585111,stop,2
QQQ,SCORE,2025-08-06 17:30:00+00:00,2025-08-07 15:30:00+00:00,1.0,566.1500146484375,569.4550268554688,0.5595486965187311,transition,3160.6085628086275,signal_change,5
QQQ,SCORE,2025-08-08 13:30:00+00:00,2025-08-08 15:30:00+00:00,1.0,570.9249780273437,573.3599951171875,0.6067961342655116,transition,2471.8131937057105,signal_change,2
QQQ,SCORE,2025-08-08 16:30:00+00:00,2025-08-08 17:30:00+00:00,1.0,574.01,573.2650244140625,0.6177363876118882,transition,-959.1955460525052,signal_change,1
QQQ,SCORE,2025-08-08 18:30:00+00:00,2025-08-08 19:30:00+00:00,1.0,574.385,574.3599951171875,0.6673343552735306,transition,-188.0198356856888,signal_change,1
QQQ,SCORE,2025-08-11 13:30:00+00:00,2025-08-11 15:30:00+00:00,1.0,574.7850244140625,575.0800268554688,0.6795647959643275,transition,191.69137811544846,signal_change,2
QQQ,SCORE,2025-08-11 16:30:00+00:00,2025-08-11 17:30:00+00:00,1.0,576.36498046875,574.979990234375,0.7091564541868658,transition,-1893.18032421298,signal_change,1
QQQ,SCORE,2025-08-12 13:30:00+00:00,2025-08-12 17:30:00+00:00,1.0,575.1600244140625,578.8700048828125,0.6977309352571208,shock,4378.278975388949,signal_change,4
QQQ,SCORE,2025-08-12 18:30:00+00:00,2025-08-13 16:30:00+00:00,1.0,579.6600244140625,579.750009765625,0.7738193302584003,transition,-61.96986589954841,signal_change,5
QQQ,SCORE,2025-08-13 17:30:00+00:00,2025-08-13 18:30:00+00:00,1.0,580.3699853515625,579.9049780273438,0.30897249713899005,shock,-324.67256734123947,signal_change,1
QQQ,SCORE,2025-08-13 19:30:00+00:00,2025-08-14 15:30:00+00:00,1.0,580.165029296875,579.01001953125,0.8970762887765115,transition,-2024.3826463240712,signal_change,3
QQQ,SCORE,2025-08-14 17:30:00+00:00,2025-08-14 18:30:00+00:00,1.0,581.1799829101562,579.3599951171875,0.7724916179294931,transition,-2631.809843676153,signal_change,1
QQQ,SCORE,2025-08-15 14:30:00+00:00,2025-08-15 15:30:00+00:00,1.0,578.499990234375,577.1099951171875,0.751659739826286,transition,-2001.446108658457,signal_change,1
QQQ,SCORE,2025-08-15 16:30:00+00:00,2025-08-15 17:30:00+00:00,1.0,576.354970703125,577.250009765625,0.8020369328701413,transition,1065.19769692148,signal_change,1
QQQ,SCORE,2025-08-19 14:30:00+00:00,2025-08-19 19:30:00+00:00,-1.0,573.1099951171875,569.0499780273437,0.5399662096810705,transition,3746.084342113091,signal_change,5
QQQ,SCORE,2025-08-20 14:30:00+00:00,2025-08-20 15:30:00+00:00,-1.0,560.2999975585938,564.6274007161459,0.456765313912228,shock,-1728.3564032104866,stop,2
QQQ,SCORE,2025-08-20 16:30:00+00:00,2025-08-20 19:30:00+00:00,-1.0,565.1900122070313,565.76,0.2233204739987777,transition,-276.69883494652373,signal_change,3
QQQ,SCORE,2025-08-21 13:30:00+00:00,2025-08-21 18:30:00+00:00,-1.0,564.3100073242188,562.895009765625,0.5756575976378344,transition,1324.1726457728832,signal_change,5
QQQ,SCORE,2025-08-22 14:30:00+00:00,2025-08-22 15:30:00+00:00,-1.0,571.7000219726563,573.2999780273437,0.46448665911198106,transition,-1458.3974235500423,signal_change,1
QQQ,SCORE,2025-08-26 14:30:00+00:00,2025-08-26 15:30:00+00:00,1.0,571.5986840820312,570.6920263671875,0.6328411841538326,transition,-1164.343945470762,signal_change,1
QQQ,SCORE,2025-08-26 18:30:00+00:00,2025-08-27 15:30:00+00:00,1.0,571.4700219726562,572.7799780273438,0.7338819074659544,transition,1523.1454424247943,signal_change,4
QQQ,SCORE,2025-08-28 14:30:00+00:00,2025-08-28 19:30:00+00:00,1.0,573.8287866210937,577.3599951171875,0.29903451492537314,transition,1786.457704991764,signal_change,5
QQQ,SCORE,2025-09-02 14:30:00+00:00,2025-09-02 17:30:00+00:00,-1.0,565.1900122070313,562.8400170898437,0.20024419371086388,transition,811.5903998190432,signal_change,3
QQQ,SCORE,2025-09-02 18:30:00+00:00,2025-09-02 19:30:00+00:00,-1.0,562.8900244140625,564.5950219726562,0.5674937679573829,transition,-1866.8238680962925,signal_change,1
QQQ,SCORE,2025-09-03 14:30:00+00:00,2025-09-03 15:30:00+00:00,-1.0,569.500009765625,569.270009765625,0.5410287981499886,transition,73.05385632340095,signal_change,1
QQQ,SCORE,2025-09-03 18:30:00+00:00,2025-09-03 19:30:00+00:00,-1.0,567.4500219726563,567.6000268554687,0.5734821263387259,transition,-269.34211437098185,signal_change,1
QQQ,SCORE,2025-09-04 14:30:00+00:00,2025-09-04 15:30:00+00:00,-1.0,570.74,572.3350122070312,0.5289792637083869,transition,-1554.9450852461537,signal_change,1
QQQ,SCORE,2025-09-05 13:30:00+00:00,2025-09-05 13:30:00+00:00,1.0,580.6000268554687,575.4809112548828,0.5628459730431173,shock,-5143.692656439125,stop,1
QQQ,SCORE,2025-09-05 14:30:00+00:00,2025-09-05 16:30:00+00:00,1.0,575.1099755859375,574.3599951171875,0.18846073568929048,transition,-291.3778526542749,signal_change,2
QQQ,SCORE,2025-09-05 17:30:00+00:00,2025-09-08 16:30:00+00:00,1.0,574.6699731445312,579.479990234375,0.22929537866562796,shock,1872.4198222140765,signal_change,6
QQQ,SCORE,2025-09-08 18:30:00+00:00,2025-09-08 19:30:00+00:00,1.0,579.0599877929687,578.01001953125,0.7195061528292379,transition,-1482.214203183721,signal_change,1
QQQ,SCORE,2025-09-09 13:30:00+00:00,2025-09-09 18:30:00+00:00,1.0,579.6600244140625,579.6200048828125,0.7413238741131981,trend,-225.54645010054958,signal_change,5
QQQ,SCORE,2025-09-09 19:30:00+00:00,2025-09-10 15:30:00+00:00,1.0,580.2000024414062,582.3399755859375,0.7979812218390515,transition,2768.170374141695,signal_change,3
QQQ,SCORE,2025-09-11 14:30:00+00:00,2025-09-11 15:30:00+00:00,1.0,582.9500024414062,584.6699926757813,0.835163679426915,transition,2284.3534336268112,signal_change,1
QQQ,SCORE,2025-09-11 16:30:00+00:00,2025-09-11 17:30:00+00:00,1.0,584.4100244140625,584.1200048828125,0.9186009377204531,transition,-677.2883930845069,signal_change,1
QQQ,SCORE,2025-09-12 14:30:00+00:00,2025-09-12 17:30:00+00:00,1.0,585.770009765625,586.4450170898438,0.9555205168685407,transition,884.8549573738578,signal_change,3
QQQ,SCORE,2025-09-12 18:30:00+00:00,2025-09-12 19:30:00+00:00,1.0,586.999990234375,587.01001953125,1.0599204688845991,transition,-232.2066580749235,signal_change,1
QQQ,SCORE,2025-09-15 13:30:00+00:00,2025-09-15 15:30:00+00:00,1.0,588.4700219726562,590.26880859375,0.9716976595035676,trend,2768.1581647084117,signal_change,2
QQQ,SCORE,2025-09-15 19:30:00+00:00,2025-09-16 15:30:00+00:00,1.0,590.7549951171875,590.8999731445313,1.1110229193686716,trend,12.732216967858022,signal_change,3
QQQ,SCORE,2025-09-16 16:30:00+00:00,2025-09-17 13:30:00+00:00,1.0,591.1500146484375,591.1200048828125,1.2889961836039108,trend,-371.39378297462156,signal_change,4
QQQ,SCORE,2025-09-17 14:30:00+00:00,2025-09-17 15:30:00+00:00,1.0,589.1000268554687,588.4300024414063,1.2447792161959768,transition,-1726.8257903033411,signal_change,1
QQQ,SCORE,2025-09-17 18:30:00+00:00,2025-09-17 18:30:00+00:00,1.0,589.1699731445312,586.9382192993164,0.323214463780965,shock,-1313.090129203711,stop,1
QQQ,SCORE,2025-09-17 19:30:00+00:00,2025-09-18 13:30:00+00:00,1.0,591.2100122070312,594.8999731445313,0.3079866486402826,transition,1870.4800823292994,signal_change,1
QQQ,SCORE,2025-09-18 14:30:00+00:00,2025-09-18 15:30:00+00:00,1.0,597.4500024414062,597.3399755859375,0.2619267720117911,shock,-110.5569634352846,signal_change,1
QQQ,SCORE,2025-09-19 14:30:00+00:00,2025-09-19 15:30:00+00:00,1.0,597.6299951171875,596.270029296875,0.728387698807157,transition,-1846.6928230492995,signal_change,1
QQQ,SCORE,2025-09-19 16:30:00+00:00,2025-09-19 17:30:00+00:00,1.0,598.4299829101562,598.104990234375,0.7241249870687744,transition,-567.1312866791366,signal_change,1
QQQ,SCORE,2025-09-22 14:30:00+00:00,2025-09-22 15:30:00+00:00,1.0,599.9399926757812,600.3100073242188,0.6906397918736636,transition,266.91183445349395,signal_change,1
QQQ,SCORE,2025-09-22 16:30:00+00:00,2025-09-22 19:30:00+00:00,1.0,601.5880029296875,602.6300146484375,0.708531917848898,trend,1070.5740579655005,signal_change,3
QQQ,SCORE,2025-09-26 14:30:00+00:00,2025-09-26 15:30:00+00:00,-1.0,592.24,593.78001953125,0.6669755834468385,transition,-1885.2534490008775,signal_change,1
QQQ,SCORE,2025-10-01 13:30:00+00:00,2025-10-01 15:30:00+00:00,1.0,597.1799829101562,600.3200170898438,0.6852316426966867,transition,3468.3986368353226,signal_change,2
QQQ,SCORE,2025-10-01 17:30:00+00:00,2025-10-03 17:30:00+00:00,1.0,602.5679833984375,603.8399755859375,0.7649379104315893,shock,1455.182195617609,signal_change,14
QQQ,SCORE,2025-10-03 18:30:00+00:00,2025-10-03 19:30:00+00:00,1.0,604.1699731445312,603.3300268554688,0.8323800074100687,transition,-1367.985727786944,signal_change,1
QQQ,SCORE,2025-10-06 14:30:00+00:00,2025-10-06 19:30:00+00:00,1.0,606.749990234375,608.6499731445313,0.7947547034152187,transition,2328.4240314029485,signal_change,5
QQQ,SCORE,2025-10-07 14:30:00+00:00,2025-10-07 14:30:00+00:00,1.0,608.51,604.7099761962891,0.798425093504789,transition,-5241.394081114102,stop,1
QQQ,SCORE,2025-10-09 13:30:00+00:00,2025-10-09 14:30:00+00:00,1.0,611.4600122070312,609.6099951171875,0.8699863252726963,transition,-2857.607233324201,signal_change,1
QQQ,SCORE,2025-10-10 15:30:00+00:00,2025-10-13 13:30:00+00:00,-1.0,599.459970703125,597.1828744506836,0.4276935466795095,shock,12780.950949935515,stop,6
QQQ,SCORE,2025-10-13 14:30:00+00:00,2025-10-13 15:30:00+00:00,-1.0,599.6400244140625,600.9100244140625,0.16095626665545598,transition,-377.46103419441414,signal_change,1
QQQ,SCORE,2025-10-14 14:30:00+00:00,2025-10-14 16:30:00+00:00,-1.0,597.2799780273438,600.8779809570312,0.4005401862791347,transition,-2542.792544214001,signal_change,2
QQQ,SCORE,2025-10-15 17:30:00+00:00,2025-10-15 18:30:00+00:00,-1.0,597.9450170898438,601.3599755859375,0.3588836660395605,range,-2177.9484578824736,signal_change,1
QQQ,SCORE,2025-10-16 14:30:00+00:00,2025-10-16 15:30:00+00:00,1.0,605.98998046875,604.8499853515625,0.3809052006571679,transition,-815.8712742023149,signal_change,1
QQQ,SCORE,2025-10-20 14:30:00+00:00,2025-10-20 15:30:00+00:00,1.0,611.1099755859375,612.0416967773438,0.34013514705383496,transition,444.7599753198595,signal_change,1
QQQ,SCORE,2025-10-21 15:30:00+00:00,2025-10-21 17:30:00+00:00,1.0,611.0599877929687,611.2000219726563,0.4367466061214942,transition,-0.3726638543967411,signal_change,2
QQQ,SCORE,2025-10-22 14:30:00+00:00,2025-10-22 15:30:00+00:00,1.0,607.4399926757812,605.1099951171875,0.5325234392834602,transition,-2194.0049608756995,signal_change,1
QQQ,SCORE,2025-10-23 14:30:00+00:00,2025-10-23 15:30:00+00:00,1.0,608.0499169921875,608.8399755859375,0.6423955261929168,transition,692.1680462589271,signal_change,1
QQQ,SCORE,2025-10-24 14:30:00+00:00,2025-10-24 16:30:00+00:00,1.0,616.73998046875,617.6599829101563,0.6142017326169233,transition,781.9796686119674,signal_change,2
QQQ,SCORE,2025-10-24 19:30:00+00:00,2025-10-27 13:30:00+00:00,1.0,618.2750146484375,624.49,0.6615307127424153,transition,6579.414827665024,signal_change,1
QQQ,SCORE,2025-10-27 14:30:00+00:00,2025-10-27 16:30:00+00:00,1.0,625.790029296875,626.6300146484375,0.4101466416270428,transition,463.7588332525543,signal_change,2
QQQ,SCORE,2025-10-27 18:30:00+00:00,2025-10-27 19:30:00+00:00,1.0,627.2999780273437,627.209970703125,0.7019763375047817,trend,-268.49549295858947,signal_change,1
QQQ,SCORE,2025-10-28 13:30:00+00:00,2025-10-29 13:30:00+00:00,1.0,630.3300073242187,635.5800268554688,0.748897310548915,trend,6174.1289104063,signal_change,7
QQQ,SCORE,2025-10-29 14:30:00+00:00,2025-10-29 15:30:00+00:00,1.0,636.3300073242187,635.2550146484375,0.7742387615967032,trend,-1524.0329553825693,signal_change,1
QQQ,SCORE,2025-10-29 16:30:00+00:00,2025-10-29 17:30:00+00:00,1.0,635.1600244140625,634.6200048828125,0.8775281224419759,trend,-971.3193603518569,signal_change,1
QQQ,SCORE,2025-10-29 18:30:00+00:00,2025-10-29 18:30:00+00:00,1.0,635.1199853515625,631.1861673990885,0.8075425365608319,shock,-5304.804541726554,stop,1
QQQ,SCORE,2025-10-29 19:30:00+00:00,2025-10-30 13:30:00+00:00,1.0,633.76,629.7892477416992,0.270509237656851,trend,-1781.109520064782,stop,2
QQQ,SCORE,2025-11-04 15:30:00+00:00,2025-11-04 16:30:00+00:00,-1.0,626.209970703125,623.999990234375,0.43404126324370107,transition,1483.9236713223468,signal_change,1
QQQ,SCORE,2025-11-05 14:30:00+00:00,2025-11-05 15:30:00+00:00,-1.0,618.479990234375,622.0499780273437,0.4480651408515206,transition,-2720.7676875421457,signal_change,1
QQQ,SCORE,2025-11-06 15:30:00+00:00,2025-11-06 18:30:00+00:00,-1.0,617.71998046875,613.3500268554687,0.47998944787560904,transition,3332.0770566153287,signal_change,3
QQQ,SCORE,2025-11-06 20:30:00+00:00,2025-11-07 18:30:00+00:00,-1.0,614.0600073242188,603.8099877929687,0.4824576613873779,transition,8157.219955033968,signal_change,5
QQQ,SCORE,2025-11-07 20:30:00+00:00,2025-11-10 14:30:00+00:00,-1.0,607.084970703125,618.9000146484375,0.444454851482212,transition,4704.669422617343,signal_change,1
QQQ,SCORE,2025-11-11 15:30:00+00:00,2025-11-11 16:30:00+00:00,-1.0,619.1300146484375,618.3400170898437,0.38441057107241855,transition,451.75568219977106,signal_change,1
QQQ,SCORE,2025-11-12 19:30:00+00:00,2025-11-12 20:30:00+00:00,1.0,620.040029296875,620.5399877929688,0.17692982570993868,transition,104.69395918714318,signal_change,1
QQQ,SCORE,2025-11-13 15:30:00+00:00,2025-11-13 16:30:00+00:00,1.0,615.3300073242187,611.3900244140625,0.474083470631799,transition,-3242.8620557703957,signal_change,1
QQQ,SCORE,2025-11-14 15:30:00+00:00,2025-11-14 16:30:00+00:00,-1.0,606.51001953125,612.1299951171875,0.15410063551648062,transition,-1478.2301797538903,signal_change,1
QQQ,SCORE,2025-11-17 15:30:00+00:00,2025-11-17 16:30:00+00:00,-1.0,609.6400244140625,608.0699975585937,0.3874824712435045,transition,962.6571852660333,signal_change,1
QQQ,SCORE,2025-11-18 15:30:00+00:00,2025-11-18 18:30:00+00:00,-1.0,595.3700048828125,599.8099877929687,0.10920564562581321,transition,-861.6697213672611,signal_change,3
QQQ,SCORE,2025-11-18 19:30:00+00:00,2025-11-18 20:30:00+00:00,-1.0,599.4199926757813,598.9600122070312,0.31077080597695517,transition,138.37842289288625,signal_change,1
QQQ,SCORE,2025-11-19 14:30:00+00:00,2025-11-19 15:30:00+00:00,-1.0,597.0600073242188,605.3699853515625,0.29922410997256116,transition,-4335.674991675002,signal_change,1
QQQ,SCORE,2025-11-19 16:30:00+00:00,2025-11-19 17:30:00+00:00,-1.0,599.3999731445313,597.540029296875,0.2835862090939109,transition,802.6246911035547,signal_change,1
QQQ,SCORE,2025-11-19 19:30:00+00:00,2025-11-19 20:30:00+00:00,-1.0,596.6300146484375,600.9449975585937,0.303501767160259,transition,-2281.213499076602,signal_change,1
QQQ,SCORE,2025-11-20 16:30:00+00:00,2025-11-21 16:30:00+00:00,-1.0,604.2899877929688,586.78001953125,0.24080759096526808,shock,7122.0069858932575,signal_change,7
QQQ,SCORE,2025-11-25 20:30:00+00:00,2025-11-26 14:30:00+00:00,1.0,608.1500146484375,612.49,0.12121953926287149,shock,859.2271433980839,signal_change,1
QQQ,SCORE,2025-11-26 15:30:00+00:00,2025-11-26 17:30:00+00:00,1.0,611.8300073242187,615.2999975585938,0.35995244704776913,transition,2012.7734027934885,signal_change,2
QQQ,SCORE,2025-11-26 18:30:00+00:00,2025-11-28 14:30:00+00:00,1.0,615.5350244140625,616.0999853515625,0.410971622023668,trend,291.72899896500746,signal_change,3
QQQ,SCORE,2025-11-28 15:30:00+00:00,2025-11-28 16:30:00+00:00,1.0,616.3199975585937,616.770029296875,0.5071108155917149,trend,260.16915652565365,signal_change,1
QQQ,SCORE,2025-12-01 14:30:00+00:00,2025-12-01 18:30:00+00:00,1.0,613.6400048828125,618.6800024414063,0.5736008694275037,transition,4713.7855369602685,signal_change,4
QQQ,SCORE,2025-12-01 20:30:00+00:00,2025-12-02 18:30:00+00:00,1.0,617.1799829101562,621.1200048828125,0.5713851456662696,transition,3647.996958791697,signal_change,5
QQQ,SCORE,2025-12-02 19:30:00+00:00,2025-12-03 14:30:00+00:00,1.0,621.7200219726562,619.5899755859375,0.5702336453385012,transition,-2167.1449087160136,signal_change,2
QQQ,SCORE,2025-12-03 15:30:00+00:00,2025-12-03 18:30:00+00:00,1.0,620.4000146484375,622.8200170898438,0.5943730349411906,transition,2260.4780294532575,signal_change,3
QQQ,SCORE,2025-12-03 20:30:00+00:00,2025-12-04 14:30:00+00:00,1.0,624.1500146484375,624.7899877929688,0.6111715613838818,transition,504.5501261270457,signal_change,1
QQQ,SCORE,2025-12-04 15:30:00+00:00,2025-12-04 16:30:00+00:00,1.0,622.03001953125,621.7999975585938,0.5848000420943871,transition,-366.10228394114915,signal_change,1
QQQ,SCORE,2025-12-04 18:30:00+00:00,2025-12-04 19:30:00+00:00,1.0,622.770009765625,620.5899755859375,0.6167083824454072,transition,-2393.1204906535677,signal_change,1
QQQ,SCORE,2025-12-05 14:30:00+00:00,2025-12-05 16:30:00+00:00,1.0,624.3799951171875,624.8300268554688,0.20481676578953353,shock,109.30223816532833,signal_change,2
QQQ,SCORE,2025-12-10 20:30:00+00:00,2025-12-11 14:30:00+00:00,1.0,628.4299829101562,623.8100073242188,0.26069633068508363,shock,-2052.6354733440753,signal_change,1
QQQ,SCORE,2025-12-11 16:30:00+00:00,2025-12-11 17:30:00+00:00,-1.0,619.5600073242188,622.9000146484375,0.5788448358496221,transition,-3350.399797793105,signal_change,1
QQQ,SCORE,2025-12-12 15:30:00+00:00,2025-12-12 18:30:00+00:00,-1.0,616.250009765625,616.729970703125,0.17656814604604898,shock,-193.94347185172418,signal_change,3
QQQ,SCORE,2025-12-12 19:30:00+00:00,2025-12-15 14:30:00+00:00,-1.0,613.96998046875,617.76,0.4697654730686946,transition,3466.422059291161,signal_change,2
QQQ,SCORE,2025-12-15 15:30:00+00:00,2025-12-15 16:30:00+00:00,-1.0,610.1300146484375,614.645009765625,0.4039637379660874,transition,-3157.8018901867345,signal_change,1
QQQ,SCORE,2025-12-15 18:30:00+00:00,2025-12-15 19:30:00+00:00,-1.0,610.8300268554688,611.749990234375,0.39814670608136066,transition,-714.511633620675,signal_change,1
QQQ,SCORE,2025-12-16 14:30:00+00:00,2025-12-16 17:30:00+00:00,-1.0,608.2639868164063,609.2601220703125,0.3914028752264776,transition,-781.4922256813483,signal_change,3
QQQ,SCORE,2025-12-17 14:30:00+00:00,2025-12-17 17:30:00+00:00,-1.0,613.0800268554688,604.1600244140625,0.4223339671659242,transition,6277.10150392505,signal_change,3
QQQ,SCORE,2025-12-18 14:30:00+00:00,2025-12-18 15:30:00+00:00,-1.0,609.750009765625,610.8300073242187,0.4298997542899036,shock,-893.0850852954175,signal_change,1
QQQ,SCORE,2025-12-22 19:30:00+00:00,2025-12-22 20:30:00+00:00,1.0,619.40501953125,619.1099951171875,0.5679596717826592,transition,-416.9238165951743,signal_change,1
QQQ,SCORE,2025-12-23 15:30:00+00:00,2025-12-26 18:30:00+00:00,1.0,618.9000146484375,623.979990234375,0.5742841407099516,trend,4735.999637133922,signal_change,13
QQQ,SCORE,2025-12-29 15:30:00+00:00,2025-12-29 16:30:00+00:00,1.0,621.03001953125,620.020029296875,0.43647242050218193,range,-843.8959672464836,signal_change,1
QQQ,SCORE,2025-12-31 15:30:00+00:00,2025-12-31 16:30:00+00:00,-1.0,617.8200170898438,617.73998046875,1.0150040700891074,transition,-40.16759167074086,signal_change,1
QQQ,SCORE,2025-12-31 19:30:00+00:00,2026-01-02 14:30:00+00:00,-1.0,617.3300268554688,618.7821099853516,1.0039554733941571,transition,12605.940909066343,stop,3
QQQ,SCORE,2026-01-02 15:30:00+00:00,2026-01-02 15:30:00+00:00,-1.0,615.3999731445313,617.3046090698242,0.24577404218858379,shock,740.1481909045534,stop,1
QQQ,SCORE,2026-01-02 16:30:00+00:00,2026-01-02 19:30:00+00:00,-1.0,612.71998046875,613.6000268554687,0.23518371156367918,transition,-406.8663380271687,signal_change,3
QQQ,SCORE,2026-01-05 14:30:00+00:00,2026-01-05 15:30:00+00:00,-1.0,619.6800024414063,620.01,0.6201460148131265,shock,-436.1433859417158,signal_change,1
QQQ,SCORE,2026-01-07 15:30:00+00:00,2026-01-07 16:30:00+00:00,1.0,624.8400170898437,625.5299169921875,0.5809910649583293,transition,532.9557954662002,signal_change,1
QQQ,SCORE,2026-01-07 17:30:00+00:00,2026-01-07 18:30:00+00:00,1.0,627.6699731445312,626.3700048828125,0.6436334672348859,transition,-1559.907550755007,signal_change,1
QQQ,SCORE,2026-01-08 15:30:00+00:00,2026-01-08 16:30:00+00:00,1.0,620.8599755859375,619.0600073242188,0.24070005615889012,transition,-792.1456394607568,signal_change,1
QQQ,SCORE,2026-01-09 15:30:00+00:00,2026-01-09 18:30:00+00:00,1.0,624.76,626.0399877929688,0.23806404470995657,transition,454.13643679921455,signal_change,3
QQQ,SCORE,2026-01-09 19:30:00+00:00,2026-01-09 20:30:00+00:00,1.0,627.270009765625,627.4500219726563,0.7525266394192643,transition,43.52935031059256,signal_change,1
QQQ,SCORE,2026-01-12 15:30:00+00:00,2026-01-12 16:30:00+00:00,1.0,626.479970703125,626.9249975585938,0.6889081824279008,transition,346.228641686488,signal_change,1
QQQ,SCORE,2026-01-14 14:30:00+00:00,2026-01-14 15:30:00+00:00,1.0,621.9550073242187,619.1099951171875,0.6215523981079824,shock,-3139.5597987886727,signal_change,1
QQQ,SCORE,2026-01-14 17:30:00+00:00,2026-01-14 18:30:00+00:00,-1.0,616.26001953125,616.3699853515625,0.6074167400139142,transition,-271.8627803302734,signal_change,1
QQQ,SCORE,2026-01-15 15:30:00+00:00,2026-01-15 16:30:00+00:00,-1.0,625.1400244140625,626.1500146484375,0.5112111714584683,transition,-1057.7722764507605,signal_change,1
QQQ,SCORE,2026-01-15 20:30:00+00:00,2026-01-16 14:30:00+00:00,-1.0,621.6699926757813,625.23998046875,0.5149749218836901,transition,2987.084009850754,signal_change,1
QQQ,SCORE,2026-01-16 15:30:00+00:00,2026-01-16 16:30:00+00:00,-1.0,620.729990234375,621.8699853515625,0.47187291535280657,transition,-992.4343040232794,signal_change,1
QQQ,SCORE,2026-01-20 15:30:00+00:00,2026-01-21 14:30:00+00:00,-1.0,613.4199926757813,609.479970703125,0.16008266427185186,transition,1807.4050815616233,signal_change,6
QQQ,SCORE,2026-01-21 17:30:00+00:00,2026-01-21 18:30:00+00:00,-1.0,609.74,610.4700219726562,0.174086564259493,transition,-249.4815806393673,signal_change,1
QQQ,SCORE,2026-01-21 20:30:00+00:00,2026-01-22 14:30:00+00:00,-1.0,616.4500219726563,621.229970703125,0.4736902814059348,transition,4309.513851636282,signal_change,1
QQQ,SCORE,2026-01-26 15:30:00+00:00,2026-01-26 17:30:00+00:00,1.0,625.48998046875,627.0700170898438,0.5241299481540953,transition,1267.5109404746731,signal_change,2
QQQ,SCORE,2026-01-26 18:30:00+00:00,2026-01-26 19:30:00+00:00,1.0,626.98998046875,626.7899877929688,0.5792438112320005,transition,-336.82755599258826,signal_change,1
QQQ,SCORE,2026-01-27 14:30:00+00:00,2026-01-27 20:30:00+00:00,1.0,628.9100244140625,631.5899755859375,0.23363841866949067,trend,992.5868902221637,signal_change,6
QQQ,SCORE,2026-01-28 15:30:00+00:00,2026-01-28 17:30:00+00:00,1.0,634.6899926757812,632.4300024414063,0.7759485441645152,trend,-3108.410637265705,signal_change,2
QQQ,SCORE,2026-01-28 18:30:00+00:00,2026-01-28 19:30:00+00:00,1.0,633.28001953125,632.3399755859375,0.8378704723342827,transition,-1514.0400754705179,signal_change,1
QQQ,SCORE,2026-01-28 20:30:00+00:00,2026-01-29 14:30:00+00:00,1.0,633.6000268554687,632.5700170898438,0.8506754011587055,transition,-1661.4328767966147,signal_change,1
QQQ,SCORE,2026-01-30 15:30:00+00:00,2026-02-02 18:30:00+00:00,-1.0,624.71998046875,628.1699731445312,0.5631798845628209,range,2558.1802582452256,signal_change,1
QQQ,SCORE,2026-02-03 15:30:00+00:00,2026-02-03 20:30:00+00:00,-1.0,618.8900244140625,613.7000024414062,0.46980424956401035,transition,4071.207267120836,signal_change,5
QQQ,SCORE,2026-02-04 15:30:00+00:00,2026-02-04 18:30:00+00:00,-1.0,611.71998046875,604.3500268554687,0.38679111354668444,transition,4849.459996387616,signal_change,3
QQQ,SCORE,2026-02-05 15:30:00+00:00,2026-02-05 17:30:00+00:00,-1.0,595.5700170898438,601.8900048828125,0.24746757631348676,transition,-2816.1183662359917,signal_change,2
QQQ,SCORE,2026-02-05 18:30:00+00:00,2026-02-05 20:30:00+00:00,-1.0,599.26001953125,596.98998046875,0.3380164684040432,shock,1256.6384251607199,signal_change,2
QQQ,SCORE,2026-02-06 15:30:00+00:00,2026-02-06 16:30:00+00:00,-1.0,603.6400244140625,606.1299951171875,0.31696224806197426,transition,-1464.0413782994726,signal_change,1
QQQ,SCORE,2026-02-06 17:30:00+00:00,2026-02-06 18:30:00+00:00,-1.0,607.6800024414063,608.1899926757812,0.34638759222834103,transition,-387.04722557899277,signal_change,1
QQQ,SCORE,2026-02-10 15:30:00+00:00,2026-02-10 16:30:00+00:00,1.0,615.9199731445312,614.6400244140625,0.413504205424248,transition,-1010.9168020800714,signal_change,1
QQQ,SCORE,2026-02-10 19:30:00+00:00,2026-02-10 20:30:00+00:00,1.0,613.499990234375,612.3399755859375,0.17426579467358572,transition,-391.1675611303656,signal_change,1
QQQ,SCORE,2026-02-11 15:30:00+00:00,2026-02-11 18:30:00+00:00,1.0,608.1600244140625,612.96998046875,0.4730713500297738,transition,3833.395963698713,signal_change,3
QQQ,SCORE,2026-02-11 19:30:00+00:00,2026-02-11 20:30:00+00:00,1.0,614.7100122070312,613.1400244140625,0.5199500020703076,transition,-1536.441863367459,signal_change,1
QQQ,SCORE,2026-02-12 16:30:00+00:00,2026-02-12 17:30:00+00:00,-1.0,601.9350073242188,603.2200219726562,0.15259133413708942,transition,-414.817868426604,signal_change,1
QQQ,SCORE,2026-02-12 20:30:00+00:00,2026-02-13 16:30:00+00:00,-1.0,601.5700170898438,602.98998046875,0.4516453176495069,transition,-1275.9705309485612,signal_change,3
QQQ,SCORE,2026-02-13 19:30:00+00:00,2026-02-13 20:30:00+00:00,-1.0,604.74,600.9000146484375,0.1398962315282769,transition,904.756281284212,signal_change,1
QQQ,SCORE,2026-02-17 15:30:00+00:00,2026-02-17 16:30:00+00:00,-1.0,595.1599829101563,600.040029296875,0.34807310985360324,transition,-3130.509404750946,signal_change,1
QQQ,SCORE,2026-02-17 20:30:00+00:00,2026-02-18 14:30:00+00:00,-1.0,601.1499731445313,602.1199853515625,0.3807937603293804,transition,500.9955834350667,signal_change,1
QQQ,SCORE,2026-02-20 19:30:00+00:00,2026-02-23 14:30:00+00:00,1.0,608.290029296875,606.6170141601563,0.4377757544568043,shock,-1376.832200610825,signal_change,2
QQQ,SCORE,2026-02-23 19:30:00+00:00,2026-02-23 20:30:00+00:00,-1.0,600.1499731445313,599.979970703125,0.44190285239047855,transition,38.77943595049545,signal_change,1
QQQ,SCORE,2026-02-25 15:30:00+00:00,2026-02-25 16:30:00+00:00,1.0,615.270009765625,614.4500219726563,0.4385811153731379,transition,-723.6762165271609,signal_change,1
QQQ,SCORE,2026-02-26 15:30:00+00:00,2026-02-26 16:30:00+00:00,-1.0,605.7000219726563,608.7349755859375,0.17390699435529272,shock,-951.6142973961906,signal_change,1
QQQ,SCORE,2026-02-27 15:30:00+00:00,2026-02-27 16:30:00+00:00,1.0,606.78001953125,606.6950170898438,0.48792387999015,transition,-191.5775213968596,signal_change,1
QQQ,SCORE,2026-03-02 18:30:00+00:00,2026-03-02 19:30:00+00:00,-1.0,608.4099829101563,609.4349877929687,0.45333098756211565,transition,-899.0761401613419,signal_change,1
QQQ,SCORE,2026-03-02 20:30:00+00:00,2026-03-03 14:30:00+00:00,-1.0,606.7000219726563,596.3300073242187,0.15090424182185777,transition,-3457.6864493067824,signal_change,1
QQQ,SCORE,2026-03-03 15:30:00+00:00,2026-03-03 16:30:00+00:00,-1.0,592.020029296875,600.8850351969401,0.236501809054174,shock,-1660.4394325048268,stop,2
QQQ,SCORE,2026-03-06 18:30:00+00:00,2026-03-06 19:30:00+00:00,1.0,603.8400170898437,603.51001953125,0.14523674056044567,shock,-118.4793308435179,signal_change,1
QQQ,SCORE,2026-03-09 14:30:00+00:00,2026-03-09 15:30:00+00:00,-1.0,593.4300024414063,599.3400170898437,0.37647645886051684,transition,-3987.9931629559624,signal_change,1
QQQ,SCORE,2026-03-12 14:30:00+00:00,2026-03-12 15:30:00+00:00,-1.0,598.8999731445313,598.9600122070312,0.38332359803957317,range,-106.59743400605574,signal_change,1
QQQ,SCORE,2026-03-19 14:30:00+00:00,2026-03-19 15:30:00+00:00,-1.0,589.520029296875,590.3699853515625,0.17651874465555714,transition,-308.2499134403887,signal_change,1
QQQ,SCORE,2026-03-20 14:30:00+00:00,2026-03-20 16:30:00+00:00,-1.0,585.959970703125,586.76,0.4785348158256246,transition,-763.7637298446786,signal_change,2
QQQ,SCORE,2026-03-20 17:30:00+00:00,2026-03-23 13:30:00+00:00,-1.0,585.0399877929688,587.9109780883789,0.4860088603590117,trend,7536.623602475873,stop,4
QQQ,SCORE,2026-03-23 14:30:00+00:00,2026-03-23 18:30:00+00:00,-1.0,593.8499853515625,589.4500024414062,0.1415351921247306,shock,1116.639143277657,signal_change,4
QQQ,SCORE,2026-03-24 13:30:00+00:00,2026-03-24 15:30:00+00:00,-1.0,584.8100073242188,586.8699853515625,0.35472552176461425,transition,-1401.0461995418889,signal_change,2
QQQ,SCORE,2026-03-26 18:30:00+00:00,2026-03-26 19:30:00+00:00,-1.0,575.2249853515625,575.1199853515625,0.1485859735149565,shock,2.7009334242613914,signal_change,1
QQQ,SCORE,2026-03-27 13:30:00+00:00,2026-03-27 15:30:00+00:00,-1.0,570.7999975585938,568.4700219726562,0.40153721699181094,shock,1633.781965373562,signal_change,2
QQQ,SCORE,2026-03-27 16:30:00+00:00,2026-03-27 18:30:00+00:00,-1.0,566.6599829101563,563.73998046875,0.4061398572926614,transition,2076.1457653311163,signal_change,2
QQQ,SCORE,2026-03-27 19:30:00+00:00,2026-03-30 13:30:00+00:00,-1.0,563.0299780273438,567.354970703125,0.4341722178775687,transition,4266.183415981758,signal_change,1
QQQ,SCORE,2026-03-30 14:30:00+00:00,2026-03-30 15:30:00+00:00,-1.0,562.8700048828125,562.98998046875,0.40828588269402283,trend,-208.84280671121127,signal_change,1
QQQ,SCORE,2026-03-30 16:30:00+00:00,2026-03-31 13:30:00+00:00,-1.0,561.6599829101563,564.2999780273437,0.42016401078134186,trend,7370.457651975097,signal_change,4
QQQ,SCORE,2026-03-31 14:30:00+00:00,2026-03-31 16:30:00+00:00,-1.0,568.71998046875,568.3500268554687,0.13102159961257986,transition,61.57085973192379,signal_change,2
QQQ,SCORE,2026-03-31 17:30:00+00:00,2026-03-31 18:30:00+00:00,-1.0,574.500009765625,575.040029296875,0.3755528790260326,transition,-496.9296015871984,signal_change,1
QQQ,SCORE,2026-04-01 14:30:00+00:00,2026-04-01 15:30:00+00:00,1.0,583.8500268554687,585.3100073242188,0.3587033559758214,transition,864.1287766165622,signal_change,1
QQQ,SCORE,2026-04-01 19:30:00+00:00,2026-04-02 13:30:00+00:00,1.0,585.0499780273437,573.959970703125,0.38069499087997627,transition,-7777.7987966306355,signal_change,1
QQQ,SCORE,2026-04-02 14:30:00+00:00,2026-04-02 15:30:00+00:00,1.0,578.26,584.0299780273438,0.32311259880989107,transition,3324.4836274789013,signal_change,1
QQQ,SCORE,2026-04-06 14:30:00+00:00,2026-04-06 15:30:00+00:00,1.0,588.520009765625,586.5299780273438,0.3357635228739787,transition,-1286.0172683958583,signal_change,1
QQQ,SCORE,2026-04-06 17:30:00+00:00,2026-04-06 19:30:00+00:00,1.0,587.1699731445312,587.84498046875,0.3762736266361659,transition,364.5724586171645,signal_change,2
QQQ,SCORE,2026-04-07 13:30:00+00:00,2026-04-07 14:30:00+00:00,1.0,585.6400048828125,582.4199926757813,0.3875284403595203,transition,-2351.2033951812045,signal_change,1
QQQ,SCORE,2026-04-08 14:30:00+00:00,2026-04-08 15:30:00+00:00,1.0,605.2100122070312,604.2000219726563,0.11424181010107227,transition,-229.46630896264986,signal_change,1
QQQ,SCORE,2026-04-09 13:30:00+00:00,2026-04-09 14:30:00+00:00,1.0,606.0499780273437,603.5150244140625,0.37301711807491916,transition,-1739.2093740716632,signal_change,1
QQQ,SCORE,2026-04-09 16:30:00+00:00,2026-04-09 17:30:00+00:00,1.0,609.2100122070312,609.3599951171875,0.37233542529208585,transition,5.24120558115515,signal_change,1
QQQ,SCORE,2026-04-10 14:30:00+00:00,2026-04-10 15:30:00+00:00,1.0,612.4399926757812,612.625009765625,0.3782782163310148,transition,27.683827049474147,signal_change,1
QQQ,SCORE,2026-04-10 19:30:00+00:00,2026-04-13 15:30:00+00:00,1.0,611.3199975585937,611.750009765625,0.43789407995217594,trend,217.34553953750475,signal_change,3
QQQ,SCORE,2026-04-13 16:30:00+00:00,2026-04-13 18:30:00+00:00,1.0,613.51,613.8700048828125,0.6047466360778213,shock,226.3420360121666,signal_change,2
QQQ,SCORE,2026-04-13 19:30:00+00:00,2026-04-16 18:30:00+00:00,1.0,615.3400170898437,637.5999853515625,0.22246269308598215,transition,8337.295457175376,signal_change,20
QQQ,SCORE,2026-04-16 19:30:00+00:00,2026-04-17 17:30:00+00:00,1.0,639.3599755859375,647.3300268554688,0.6483921939402928,trend,8427.292562910714,signal_change,5
QQQ,SCORE,2026-04-20 13:30:00+00:00,2026-04-20 14:30:00+00:00,1.0,648.0499780273437,646.3700048828125,0.6217826781269081,trend,-1880.64859546743,signal_change,1
QQQ,SCORE,2026-04-20 15:30:00+00:00,2026-04-20 16:30:00+00:00,1.0,645.6299951171875,645.0999853515625,0.597984706651164,transition,-672.6963123687972,signal_change,1
QQQ,SCORE,2026-04-21 14:30:00+00:00,2026-04-21 15:30:00+00:00,1.0,649.1500146484375,646.2899877929688,0.616074086140993,transition,-3052.9427085154693,signal_change,1
QQQ,SCORE,2026-04-22 14:30:00+00:00,2026-04-22 15:30:00+00:00,1.0,652.76,652.76001953125,0.19489139702558164,shock,-47.90215604952588,signal_change,1
QQQ,SCORE,2026-04-23 13:30:00+00:00,2026-04-23 14:30:00+00:00,1.0,653.5499780273437,653.5349829101563,0.6249903396587653,transition,-168.88024275436914,signal_change,1
QQQ,SCORE,2026-04-23 18:30:00+00:00,2026-04-23 19:30:00+00:00,1.0,651.6899926757812,651.0999853515625,0.5278260138143962,transition,-638.9248709862051,signal_change,1
QQQ,SCORE,2026-04-24 14:30:00+00:00,2026-04-24 17:30:00+00:00,1.0,658.249990234375,662.59498046875,0.4653387237418045,transition,3154.6737272592836,signal_change,3
QQQ,SCORE,2026-04-27 13:30:00+00:00,2026-04-27 15:30:00+00:00,1.0,663.395009765625,661.8200170898438,0.5017772580530777,transition,-1395.939849368054,signal_change,2
QQQ,SCORE,2026-04-27 17:30:00+00:00,2026-04-27 19:30:00+00:00,1.0,663.4500024414062,663.7000219726563,0.6031755121808748,transition,94.40754764742363,signal_change,2
QQQ,SCORE,2026-04-28 13:30:00+00:00,2026-04-28 15:30:00+00:00,1.0,657.4650170898437,654.5750219726563,0.5412213047711456,transition,-2670.6685809679157,signal_change,2
QQQ,SCORE,2026-04-29 14:30:00+00:00,2026-04-29 15:30:00+00:00,1.0,660.0800073242187,660.2398779296875,0.6245151134349555,transition,7.893020327625763,signal_change,1
QQQ,SCORE,2026-04-30 18:30:00+00:00,2026-04-30 19:30:00+00:00,1.0,667.1799829101562,667.709970703125,0.5862595297155685,transition,352.1221315667188,signal_change,1
QQQ,SCORE,2026-05-01 14:30:00+00:00,2026-05-01 16:30:00+00:00,1.0,674.9100244140625,673.959970703125,0.5217636642403178,transition,-909.437098039675,signal_change,2
QQQ,SCORE,2026-05-01 17:30:00+00:00,2026-05-01 18:30:00+00:00,1.0,675.26,674.8270971679688,0.5844911307559342,trend,-541.2560277446958,signal_change,1
QQQ,SCORE,2026-05-01 19:30:00+00:00,2026-05-04 13:30:00+00:00,1.0,675.5604760742187,674.6300146484375,0.5769544418162681,trend,-985.0901923601124,signal_change,1
QQQ,SCORE,2026-05-04 14:30:00+00:00,2026-05-04 15:30:00+00:00,1.0,675.040029296875,668.9436289469401,0.552695299736344,transition,-5440.811196990053,stop,2
QQQ,SCORE,2026-05-04 16:30:00+00:00,2026-05-04 18:30:00+00:00,1.0,671.2949731445312,672.6300146484375,0.5363136108292788,transition,997.3317254171909,signal_change,2
QQQ,SCORE,2026-05-04 19:30:00+00:00,2026-05-05 13:30:00+00:00,1.0,672.8450219726562,677.9400122070313,0.5477129166318205,transition,4253.1412083047935,signal_change,1
QQQ,SCORE,2026-05-05 14:30:00+00:00,2026-05-05 16:30:00+00:00,1.0,681.1400048828125,681.020029296875,0.527205885825563,trend,-226.96593677009196,signal_change,2
QQQ,SCORE,2026-05-05 17:30:00+00:00,2026-05-05 19:30:00+00:00,1.0,681.76,682.250009765625,0.6188067365928025,trend,321.5865344769438,signal_change,2
QQQ,SCORE,2026-05-06 14:30:00+00:00,2026-05-06 16:30:00+00:00,1.0,688.4500024414062,692.2149755859375,0.5798097031297259,trend,3226.1387997805596,signal_change,2
QQQ,SCORE,2026-05-06 17:30:00+00:00,2026-05-07 15:30:00+00:00,1.0,692.4199731445312,699.147470703125,0.6484187683886808,trend,6545.360145253575,signal_change,5
QQQ,SCORE,2026-05-07 16:30:00+00:00,2026-05-07 17:30:00+00:00,1.0,696.3199975585937,693.0800268554688,0.5620899415899415,transition,-2940.5452025542845,signal_change,1
QQQ,SCORE,2026-05-08 13:30:00+00:00,2026-05-08 18:30:00+00:00,1.0,699.9299829101562,709.71998046875,0.5310460111354192,shock,7792.953222162118,signal_change,5
QQQ,SCORE,2026-05-11 13:30:00+00:00,2026-05-11 17:30:00+00:00,1.0,710.3699853515625,713.8100073242188,0.5340937132605075,trend,2653.50540042063,signal_change,4
QQQ,SCORE,2026-05-11 18:30:00+00:00,2026-05-11 19:30:00+00:00,1.0,714.36009765625,712.1300146484375,0.5701462003544251,transition,-2061.075835929664,signal_change,1
QQQ,SCORE,2026-05-12 13:30:00+00:00,2026-05-12 14:30:00+00:00,1.0,708.1849877929687,705.0399877929688,0.5184085035786866,transition,-2607.1623250223793,signal_change,1
QQQ,SCORE,2026-05-13 14:30:00+00:00,2026-05-13 15:30:00+00:00,1.0,709.1299951171875,710.1699926757813,0.49868050607752795,transition,663.8408501988981,signal_change,1
QQQ,SCORE,2026-05-13 17:30:00+00:00,2026-05-13 19:30:00+00:00,1.0,714.7999780273437,715.6800024414063,0.5563344428967268,transition,600.4836508171026,signal_change,2
QQQ,SCORE,2026-05-14 14:30:00+00:00,2026-05-14 16:30:00+00:00,1.0,718.1799829101562,720.729990234375,0.5233358449461603,transition,1871.749475376938,signal_change,2
QQQ,SCORE,2026-05-18 16:30:00+00:00,2026-05-18 17:30:00+00:00,-1.0,700.4400122070313,703.6299951171875,0.4618630376644754,transition,-2342.2502331505925,signal_change,1
QQQ,SCORE,2026-05-19 14:30:00+00:00,2026-05-19 16:30:00+00:00,-1.0,696.4300024414063,701.2000024414062,0.38781560230768447,transition,-2999.364299075602,signal_change,2
QQQ,SCORE,2026-05-19 18:30:00+00:00,2026-05-19 19:30:00+00:00,-1.0,703.9801123046875,702.9000146484375,0.3828831051382137,transition,571.1825148930609,signal_change,1
QQQ,SCORE,2026-05-20 13:30:00+00:00,2026-05-20 14:30:00+00:00,-1.0,705.3100073242188,708.6099755859375,0.37119816434367614,transition,-1954.243214863708,signal_change,1
QQQ,SCORE,2026-05-22 14:30:00+00:00,2026-05-22 16:30:00+00:00,1.0,717.7200219726562,720.1900122070313,0.43172774658669244,transition,1487.4445245010825,signal_change,2
QQQ,SCORE,2026-05-22 17:30:00+00:00,2026-05-22 18:30:00+00:00,1.0,721.8799951171875,720.0499975585938,0.17361216182505154,shock,-514.4302839700559,signal_change,1
QQQ,SCORE,2026-05-26 14:30:00+00:00,2026-05-26 15:30:00+00:00,1.0,729.9100244140625,728.312021484375,0.3318963789245315,transition,-859.7877596731687,signal_change,1
QQQ,SCORE,2026-05-26 16:30:00+00:00,2026-05-26 17:30:00+00:00,1.0,728.1691796875,727.5821020507813,0.5089342944783967,transition,-563.4634213435671,signal_change,1
QQQ,SCORE,2026-05-26 18:30:00+00:00,2026-05-27 13:30:00+00:00,1.0,729.4399926757812,732.9400122070313,0.5437249225016887,transition,2659.3634934911715,signal_change,2
QQQ,SCORE,2026-05-27 14:30:00+00:00,2026-05-27 15:30:00+00:00,1.0,726.3300073242187,727.1699926757813,0.17269339034642703,transition,172.1661409200115,signal_change,1
QQQ,SCORE,2026-05-27 18:30:00+00:00,2026-05-27 19:30:00+00:00,1.0,729.6699731445312,728.979990234375,0.5145992757385334,transition,-647.8842763578737,signal_change,1
QQQ,SCORE,2026-05-28 14:30:00+00:00,2026-05-28 17:30:00+00:00,1.0,731.9399926757812,735.5700170898438,0.5343872796570852,transition,2711.2618484034365,signal_change,3
QQQ,SCORE,2026-05-28 19:30:00+00:00,2026-05-29 13:30:00+00:00,1.0,735.6600244140625,737.7000830078125,0.603361308496684,transition,1652.0188412749803,signal_change,1
QQQ,SCORE,2026-05-29 14:30:00+00:00,2026-05-29 17:30:00+00:00,1.0,738.499990234375,737.6200048828125,0.5700420817507517,trend,-870.9629151092034,signal_change,3
QQQ,SCORE,2026-05-29 18:30:00+00:00,2026-06-01 19:30:00+00:00,1.0,737.8699853515625,743.99,0.2336672526655278,shock,2024.259147845374,signal_change,8
QQQ,SCORE,2026-06-02 14:30:00+00:00,2026-06-02 16:30:00+00:00,1.0,742.540029296875,744.9508764648438,0.6900635078850208,trend,2246.778693449823,signal_change,2
QQQ,SCORE,2026-06-02 19:30:00+00:00,2026-06-03 15:30:00+00:00,1.0,745.040029296875,745.1800024414063,0.7721964607751174,trend,-32.00229619665038,signal_change,3
QQQ,SCORE,2026-06-03 18:30:00+00:00,2026-06-03 19:30:00+00:00,1.0,745.4199731445312,744.334970703125,0.6980891396472804,transition,-1268.8219834413665,signal_change,1
QQQ,SCORE,2026-06-05 14:30:00+00:00,2026-06-08 13:30:00+00:00,-1.0,724.9450170898438,717.427495727539,0.32579938569398487,shock,15780.839200725804,stop,7
QQQ,SCORE,2026-06-08 14:30:00+00:00,2026-06-08 17:30:00+00:00,-1.0,717.46998046875,719.6000268554687,0.34822125663024794,transition,-1305.4593365952203,signal_change,3
QQQ,SCORE,2026-06-08 19:30:00+00:00,2026-06-09 13:30:00+00:00,-1.0,715.6549780273438,722.979970703125,0.3487855490478883,transition,3339.9099121529207,signal_change,1
QQQ,SCORE,2026-06-09 14:30:00+00:00,2026-06-09 18:30:00+00:00,-1.0,715.9199926757813,704.479970703125,0.2897558221784634,transition,4933.81818885512,signal_change,4
QQQ,SCORE,2026-06-09 19:30:00+00:00,2026-06-10 13:30:00+00:00,-1.0,703.9400122070313,701.5049951171875,0.2484760250863477,transition,-4119.048240691857,signal_change,1
QQQ,SCORE,2026-06-10 14:30:00+00:00,2026-06-10 17:30:00+00:00,-1.0,709.2999975585938,697.5599877929687,0.21811940836815072,transition,3916.3276814818446,signal_change,3
QQQ,SCORE,2026-06-11 13:30:00+00:00,2026-06-11 14:30:00+00:00,-1.0,699.2799780273438,702.11498046875,0.2240853568265462,transition,-1064.3530267903386,signal_change,1
QQQ,SCORE,2026-06-15 13:30:00+00:00,2026-06-15 17:30:00+00:00,1.0,738.1000268554687,744.020029296875,0.08746692244170357,shock,748.6932083587271,signal_change,4
QQQ,SCORE,2026-06-16 13:30:00+00:00,2026-06-16 14:30:00+00:00,1.0,742.290029296875,739.0800268554688,0.3182391554673912,trend,-1595.3142962091122,signal_change,1
QQQ,SCORE,2026-06-16 16:30:00+00:00,2026-06-16 17:30:00+00:00,1.0,735.6799829101562,733.6099951171875,0.3384123775484492,transition,-1131.792677401969,signal_change,1
QQQ,SCORE,2026-06-16 19:30:00+00:00,2026-06-17 13:30:00+00:00,1.0,733.145009765625,735.209970703125,0.3784673139377109,transition,1085.5752476225912,signal_change,1
QQQ,SCORE,2026-06-17 14:30:00+00:00,2026-06-17 15:30:00+00:00,1.0,734.895009765625,732.6099951171875,0.3834175027084293,transition,-1406.8801163902294,signal_change,1
QQQ,SCORE,2026-06-17 16:30:00+00:00,2026-06-17 17:30:00+00:00,1.0,733.6799829101562,732.74,0.4108983951423609,transition,-680.7744469273092,signal_change,1
QQQ,SCORE,2026-06-18 14:30:00+00:00,2026-06-18 15:30:00+00:00,1.0,735.499990234375,736.96998046875,0.3494648102010742,transition,679.4998599194232,signal_change,1
QQQ,SCORE,2026-06-18 16:30:00+00:00,2026-06-18 17:30:00+00:00,1.0,739.290029296875,739.979990234375,0.40399700104963265,shock,313.3594069465799,signal_change,1
QQQ,SCORE,2026-06-23 14:30:00+00:00,2026-06-23 16:30:00+00:00,-1.0,722.0399877929688,719.4299829101562,0.10984787448286629,transition,416.27486189108686,signal_change,2
QQQ,SCORE,2026-06-24 13:30:00+00:00,2026-06-24 15:30:00+00:00,-1.0,714.7899877929688,717.4199731445312,0.32120588862851024,transition,-1378.6185073901788,signal_change,2
QQQ,SCORE,2026-06-24 17:30:00+00:00,2026-06-24 18:30:00+00:00,-1.0,708.0499975585938,711.1500146484375,0.3627570534802428,transition,-1766.920919477467,signal_change,1
QQQ,SCORE,2026-06-24 19:30:00+00:00,2026-06-25 13:30:00+00:00,-1.0,707.3300268554688,725.9199731445312,0.3485888935018483,transition,6337.079421892128,signal_change,1
QQQ,SCORE,2026-06-25 14:30:00+00:00,2026-06-25 15:30:00+00:00,-1.0,712.2799780273438,713.0549829101562,0.10096710924398802,transition,-104.31089164051903,signal_change,1
QQQ,SCORE,2026-06-26 14:30:00+00:00,2026-06-26 15:30:00+00:00,-1.0,712.6800024414063,712.5300805664062,0.25536080779120685,transition,10.869826933253563,signal_change,1
QQQ,SCORE,2026-06-30 13:30:00+00:00,2026-06-30 17:30:00+00:00,1.0,724.1799829101562,735.9300024414063,0.28981431227730203,transition,5098.100885256484,signal_change,4
QQQ,SCORE,2026-06-30 19:30:00+00:00,2026-07-01 13:30:00+00:00,1.0,737.0599877929687,729.1499731445313,0.3892921838164849,transition,-4728.07465212467,signal_change,1
QQQ,SCORE,2026-07-01 14:30:00+00:00,2026-07-01 16:30:00+00:00,1.0,730.249990234375,729.2149755859375,0.37314586454930704,transition,-675.0659123154342,signal_change,2
QQQ,SCORE,2026-07-01 19:30:00+00:00,2026-07-02 13:30:00+00:00,1.0,727.915029296875,725.5700170898438,0.4252186097618154,transition,-1615.2853440118934,signal_change,1
QQQ,SCORE,2026-07-02 14:30:00+00:00,2026-07-02 15:30:00+00:00,1.0,722.1899926757812,715.750009765625,0.38005598733992624,transition,-3824.1227340999685,signal_change,1
QQQ,SCORE,2026-07-07 14:30:00+00:00,2026-07-07 16:30:00+00:00,-1.0,707.2000219726563,712.6699731445312,0.12185527975745876,shock,-1074.801990651895,signal_change,2
QQQ,SCORE,2026-07-07 18:30:00+00:00,2026-07-08 13:30:00+00:00,-1.0,712.3499853515625,704.9500024414062,0.35773525818235674,transition,-914.8316856959018,signal_change,2
QQQ,SCORE,2026-07-08 14:30:00+00:00,2026-07-08 16:30:00+00:00,-1.0,707.0899755859375,706.749990234375,0.3348852056798347,transition,35.31015583626714,signal_change,2
QQQ,SCORE,2026-07-10 17:30:00+00:00,2026-07-10 19:30:00+00:00,1.0,725.7781884765625,725.6699926757813,0.16135056023232563,shock,-66.51333058480145,signal_change,2
QQQ,SCORE,2026-07-13 14:30:00+00:00,2026-07-13 15:30:00+00:00,1.0,717.6199853515625,717.6400244140625,0.15730806318545676,transition,-34.4234737111892,signal_change,1
QQQ,SCORE,2026-07-14 14:30:00+00:00,2026-07-14 16:30:00+00:00,1.0,717.1400048828125,719.5249731445313,0.4641391342559775,transition,1579.8219101069783,signal_change,2
QQQ,SCORE,2026-07-16 14:30:00+00:00,2026-07-16 15:30:00+00:00,-1.0,712.4649755859375,710.5950219726562,0.40119787909558313,transition,1053.7370512222374,signal_change,1
QQQ,SCORE,2026-07-16 16:30:00+00:00,2026-07-16 17:30:00+00:00,-1.0,707.959970703125,708.7999780273437,0.4052800436505698,transition,-553.6822216280347,signal_change,1
QQQ,SCORE,2026-07-16 19:30:00+00:00,2026-07-17 13:30:00+00:00,-1.0,704.2799780273438,691.6400048828125,0.4055795166676893,transition,-10248.704410819268,signal_change,1
QQQ,SCORE,2026-07-17 14:30:00+00:00,2026-07-17 17:30:00+00:00,-1.0,697.0449926757813,701.999990234375,0.11722966410072518,transition,-934.9075063253532,signal_change,3
QQQ,SCORE,2026-07-17 18:30:00+00:00,2026-07-17 19:30:00+00:00,-1.0,697.49,696.1299951171875,0.34093050299236516,transition,679.2616717405441,signal_change,1
QQQ,SCORE,2026-07-20 13:30:00+00:00,2026-07-20 15:30:00+00:00,-1.0,702.250009765625,701.55052734375,0.32081959796588383,transition,277.993477404636,signal_change,2
QQQ,SCORE,2026-07-20 17:30:00+00:00,2026-07-20 18:30:00+00:00,-1.0,700.1499731445313,699.9600122070312,0.32463358258917513,transition,40.57728850739569,signal_change,1
QQQ,SCORE,2026-07-21 13:30:00+00:00,2026-07-21 15:30:00+00:00,-1.0,706.6699926757813,708.6699731445312,0.3176598714905965,shock,-1075.8261704901006,signal_change,2
QQQ,SCORE,2026-07-23 15:30:00+00:00,2026-07-23 16:30:00+00:00,-1.0,688.6200048828125,694.4000146484375,0.419990070002178,range,-3955.955801915706,signal_change,1
QQQ,SCORE,2026-07-24 14:30:00+00:00,2026-07-24 15:30:00+00:00,-1.0,686.8963720703125,689.51,0.42459427596350696,transition,-1835.2115011428448,signal_change,1
QQQ,SCORE,2026-07-24 19:30:00+00:00,2026-07-27 13:30:00+00:00,-1.0,683.46998046875,691.729970703125,0.4399944789365542,transition,4580.344890318898,signal_change,1
QQQ,SCORE,2026-07-27 14:30:00+00:00,2026-07-27 16:30:00+00:00,-1.0,679.4500219726563,681.1199853515625,0.37070121499214015,transition,-1051.0101552431668,signal_change,2
QQQ,SCORE,2026-07-27 17:30:00+00:00,2026-07-27 18:30:00+00:00,-1.0,677.3800146484375,679.3699853515625,0.3624692495823414,transition,-1208.5297292598875,signal_change,1
QQQ,SCORE,2026-07-28 13:30:00+00:00,2026-07-28 17:30:00+00:00,-1.0,676.1800024414063,677.385,0.31063683801173725,shock,-725.8293101512929,signal_change,4
QQQ,SCORE,2026-07-29 13:30:00+00:00,2026-07-29 16:30:00+00:00,-1.0,675.4500219726563,666.7100122070312,0.31682557622282986,transition,4285.27440824294,signal_change,3
QQQ,SCORE,2026-07-29 19:30:00+00:00,2026-07-30 13:30:00+00:00,-1.0,670.76001953125,678.7343423461914,0.28227623378094463,transition,12049.573746611586,stop,2
QQQ,SCORE,2026-08-03 14:30:00+00:00,2026-08-03 15:30:00+00:00,1.0,694.6799829101562,695.9400122070313,0.27715274334218126,transition,482.03675350826865,signal_change,1
QQQ,SCORE,2026-08-03 17:30:00+00:00,2026-08-03 18:30:00+00:00,1.0,699.6799829101562,699.8300268554688,0.2993371285054323,transition,-4.6498885435328035,signal_change,1
QQQ,SCORE,2026-08-04 14:30:00+00:00,2026-08-05 17:30:00+00:00,1.0,716.0900170898437,720.7899877929688,0.6384503073017463,trend,4441.571313975841,signal_change,10
QQQ,SCORE,2026-08-05 18:30:00+00:00,2026-08-06 13:30:00+00:00,1.0,721.3300073242187,710.750009765625,0.5096601199170635,trend,-8382.439231015675,signal_change,2
QQQ,SCORE,2026-08-06 14:30:00+00:00,2026-08-06 15:30:00+00:00,1.0,716.9600122070312,717.46998046875,0.45728481755033684,trend,241.76968004846887,signal_change,1
QQQ,SCORE,2026-08-06 18:30:00+00:00,2026-08-06 19:30:00+00:00,1.0,716.1099755859375,714.8900244140625,0.49383098553940696,transition,-1043.5586786617255,signal_change,1
QQQ,SCORE,2026-08-07 14:30:00+00:00,2026-08-07 16:30:00+00:00,1.0,721.2780053710937,720.0899755859375,0.4560265166733628,transition,-932.3787921929891,signal_change,2
QQQ,SCORE,2026-08-11 19:30:00+00:00,2026-08-12 13:30:00+00:00,1.0,718.1000268554687,726.959970703125,0.6444937513519039,transition,8522.84121976116,signal_change,1
QQQ,SCORE,2026-08-12 14:30:00+00:00,2026-08-12 15:30:00+00:00,1.0,725.249990234375,724.24,0.588488117772506,transition,-1049.354764786863,signal_change,1
QQQ,SCORE,2026-08-13 14:30:00+00:00,2026-08-13 15:30:00+00:00,1.0,732.9600122070312,731.9099829101563,0.22994820994344978,transition,-419.70544071067843,signal_change,1
QQQ,SCORE,2026-08-17 13:30:00+00:00,2026-08-17 16:30:00+00:00,1.0,732.9700219726562,732.6900122070313,0.7515867168686332,transition,-502.2991062398024,signal_change,3
QQQ,SCORE,2026-08-18 14:30:00+00:00,2026-08-18 18:30:00+00:00,-1.0,719.5899755859375,718.020009765625,0.22886409737436195,transition,497.9470832211593,signal_change,4
QQQ,SCORE,2026-08-19 13:30:00+00:00,2026-08-19 13:30:00+00:00,-1.0,720.3999731445313,720.7442071533203,0.6602201420283268,shock,181.47223512578677,stop,1
QQQ,SCORE,2026-08-19 14:30:00+00:00,2026-08-19 15:30:00+00:00,-1.0,715.1300146484375,718.3300073242187,0.2253107151745659,transition,-1157.9085831512082,signal_change,1
QQQ,SCORE,2026-08-20 13:30:00+00:00,2026-08-20 16:30:00+00:00,-1.0,712.270029296875,711.8599755859375,0.5996393493177087,transition,127.21226587744717,signal_change,3
QQQ,SCORE,2026-08-20 17:30:00+00:00,2026-08-20 19:30:00+00:00,-1.0,710.7450048828125,710.9410302734375,0.5706098036070307,trend,-301.445285393329,signal_change,2
QQQ,SCORE,2026-08-21 13:30:00+00:00,2026-08-21 15:30:00+00:00,-1.0,715.21998046875,712.790029296875,0.5448188664647139,trend,1961.7274946140942,signal_change,2
QQQ,SCORE,2026-08-21 16:30:00+00:00,2026-08-21 17:30:00+00:00,-1.0,713.7694799804688,713.4349877929687,0.6131494712325318,shock,200.0717486865977,signal_change,1
QQQ,SCORE,2026-08-24 14:30:00+00:00,2026-08-24 15:30:00+00:00,-1.0,704.1499731445313,706.8099877929687,0.1945618807306788,transition,-869.6496727100631,signal_change,1
QQQ,SCORE,2026-08-24 17:30:00+00:00,2026-08-24 18:30:00+00:00,-1.0,707.24,709.1799829101562,0.6119213483935072,transition,-1960.612525484352,signal_change,1
QQQ,SCORE,2026-08-24 19:30:00+00:00,2026-08-25 13:30:00+00:00,-1.0,707.729990234375,713.4053548177084,0.6232961531831763,transition,8232.241034983863,stop,2
QQQ,SCORE,2026-08-25 14:30:00+00:00,2026-08-25 15:30:00+00:00,-1.0,709.229990234375,710.770009765625,0.5646840651014917,transition,-1533.050896727508,signal_change,1
QQQ,SCORE,2026-08-27 14:30:00+00:00,2026-08-27 15:30:00+00:00,1.0,718.9399926757812,718.24,0.5721389848253775,transition,-758.8828158695588,signal_change,1
QQQ,SCORE,2026-08-27 17:30:00+00:00,2026-08-27 18:30:00+00:00,1.0,719.7668969726562,717.2999975585938,0.6369706582937315,transition,-2568.5530649920333,signal_change,1
QQQ,SCORE,2026-08-27 19:30:00+00:00,2026-08-28 16:30:00+00:00,1.0,718.8900048828125,716.2799780273438,0.6431357857565408,transition,-2717.0257219748273,signal_change,4
QQQ,SCORE,2026-08-31 16:30:00+00:00,2026-08-31 17:30:00+00:00,1.0,714.8599755859375,714.1900122070313,0.6395363000559289,transition,-818.1585103472149,signal_change,1
QQQ,SCORE,2026-09-01 13:30:00+00:00,2026-09-01 14:30:00+00:00,1.0,707.4399926757812,708.584970703125,0.5587226711198163,transition,852.181487997639,signal_change,1
QQQ,SCORE,2026-09-04 14:30:00+00:00,2026-09-04 15:30:00+00:00,1.0,719.6099755859375,717.4199926757813,0.6303709172423472,transition,-2264.014251260837,signal_change,1
QQQ,SCORE,2026-09-04 18:30:00+00:00,2026-09-04 19:30:00+00:00,1.0,717.6099755859375,717.9400122070313,0.790224032084879,transition,200.87902041090837,signal_change,1
QQQ,SCORE,2026-09-08 13:30:00+00:00,2026-09-08 13:30:00+00:00,1.0,720.979970703125,716.1192728678385,0.7398523203654034,transition,-5651.2199925867935,stop,1
QQQ,SCORE,2026-09-08 14:30:00+00:00,2026-09-08 16:30:00+00:00,1.0,717.8261010742187,719.0899755859375,0.7359281696100437,transition,1230.7318350239702,signal_change,2
QQQ,SCORE,2026-09-08 17:30:00+00:00,2026-09-08 18:30:00+00:00,1.0,720.290029296875,719.8200170898438,0.7805507301371586,transition,-749.9636130595161,signal_change,1
QQQ,SCORE,2026-09-09 13:30:00+00:00,2026-09-09 15:30:00+00:00,1.0,716.2999780273437,714.8100073242188,0.7344349354607199,transition,-1845.964228638782,signal_change,2
QQQ,SCORE,2026-09-10 14:30:00+00:00,2026-09-10 15:30:00+00:00,-1.0,710.3999731445313,711.1400048828125,0.23820274190784757,transition,-322.09393165332494,signal_change,1
QQQ,SCORE,2026-09-10 16:30:00+00:00,2026-09-10 17:30:00+00:00,-1.0,709.625009765625,710.478017578125,0.671003421114067,transition,-1069.2835557315584,signal_change,1
QQQ,SCORE,2026-09-10 18:30:00+00:00,2026-09-10 19:30:00+00:00,-1.0,709.1599829101563,709.1699731445312,0.6875703200201985,transition,-202.30883844828563,signal_change,1
QQQ,SCORE,2026-09-11 13:30:00+00:00,2026-09-11 14:30:00+00:00,-1.0,715.4300024414063,716.51,0.6310502378840416,shock,-1096.406391633272,signal_change,1
QQQ,SCORE,2026-09-14 13:30:00+00:00,2026-09-14 15:30:00+00:00,-1.0,703.2799780273438,707.540029296875,0.5672135972334634,shock,-3881.4225992944107,signal_change,2
QQQ,SCORE,2026-09-15 13:30:00+00:00,2026-09-15 15:30:00+00:00,-1.0,708.750009765625,705.6699731445312,0.5769530228547791,transition,2593.487937962545,signal_change,2
