tilt,dev,temp,ema,bond_c,ann,vol,sharpe,mdd,ymean,ystd,ymin,ymax,yrange,util,y2021,y2022,y2023,y2024,y2025
0.25,0.15,0.14,0.3,0.45,0.10036033533882871,0.06372868727312743,1.5748062549712647,-0.07437034378190566,0.10932778060333832,0.06170398923239194,0.012155431802077343,0.177635182771541,0.16547975096946366,0.3511476901654367,0.09528517111789858,0.012155431802077343,0.12947035329147538,0.177635182771541,0.1320927640336993
0.25,0.22,0.14,0.3,0.45,0.09967611947587218,0.06424061172444953,1.551606013706998,-0.07437034378190566,0.10932778060333832,0.06170398923239194,0.012155431802077343,0.177635182771541,0.16547975096946366,0.3445265708138222,0.09528517111789858,0.012155431802077343,0.12947035329147538,0.177635182771541,0.1320927640336993
0.25,0.18,0.14,0.3,0.45,0.09967611947587218,0.06424061172444953,1.551606013706998,-0.07437034378190566,0.10932778060333832,0.06170398923239194,0.012155431802077343,0.177635182771541,0.16547975096946366,0.3445265708138222,0.09528517111789858,0.012155431802077343,0.12947035329147538,0.177635182771541,0.1320927640336993
0.25,0.15,0.1,0.3,0.45,0.10179568237281522,0.0652634206565408,1.5597662725729824,-0.07700125739761399,0.11082517226107483,0.06254731022611093,0.011452790011313052,0.1783638029275878,0.16691101291627475,0.3438594076361102,0.09743073329348206,0.011452790011313052,0.1311896593176225,0.1783638029275878,0.1356888757553687
0.25,0.22,0.1,0.3,0.45,0.1022122511639858,0.0658433959035592,1.5523538809221817,-0.07700125739761399,0.11082517226107483,0.06254731022611093,0.011452790011313052,0.1783638029275878,0.16691101291627475,0.34250619227281476,0.09743073329348206,0.011452790011313052,0.1311896593176225,0.1783638029275878,0.1356888757553687
0.25,0.18,0.1,0.3,0.45,0.1022122511639858,0.0658433959035592,1.5523538809221817,-0.07700125739761399,0.11082517226107483,0.06254731022611093,0.011452790011313052,0.1783638029275878,0.16691101291627475,0.34250619227281476,0.09743073329348206,0.011452790011313052,0.1311896593176225,0.1783638029275878,0.1356888757553687
0.25,0.12,0.14,0.3,0.45,0.09801262756122653,0.06388280229564909,1.5342568584832093,-0.07246842337608117,0.10661895907118138,0.060934224677740234,0.012031317760603288,0.17823232598216632,0.16620100822156303,0.34120511749421945,0.0956197335326181,0.012031317760603288,0.12987230412097284,0.17823232598216632,0.11733911395954633
0.25,0.15,0.08,0.3,0.45,0.10281042027257681,0.06617057638896981,1.5537180705246905,-0.07831607681451191,0.11186904609107926,0.0631524516213326,0.010846541738926962,0.17889533165650628,0.16804878991757932,0.339879712164865,0.0992949823028324,0.010846541738926962,0.13266857365626916,0.17889533165650628,0.1376398011008615
0.25,0.12,0.1,0.3,0.45,0.09969619942375707,0.0650036815905856,1.5337008148503999,-0.07474488275908475,0.10871357143752931,0.06182060089808946,0.011328510860849628,0.1789070217410107,0.16757851088016107,0.3378834206689969,0.0977657622615904,0.011328510860849628,0.1315920938945101,0.1789070217410107,0.12397446842968574
0.25,0.22,0.08,0.3,0.45,0.10542498945536827,0.06779758093383345,1.5549963288256112,-0.07872296324120664,0.11438789178008121,0.06529033892260325,0.010846541738926962,0.18459970433579143,0.17375316259686446,0.3367196546422856,0.0992949823028324,0.010846541738926962,0.13916525764402876,0.18459970433579143,0.13803297287882654
0.25,0.18,0.08,0.3,0.45,0.10541594441949198,0.0677914149872753,1.5550043385180696,-0.07872296324120664,0.11438789178008121,0.06529033892260325,0.010846541738926962,0.18459970433579143,0.17375316259686446,0.3367108030223487,0.0992949823028324,0.010846541738926962,0.13916525764402876,0.18459970433579143,0.13803297287882654
0.25,0.12,0.06,0.3,0.45,0.10382970663155255,0.06693735154561307,1.5511475168060682,-0.07796040007920746,0.11299348894350562,0.06390480637578592,0.009738234630108256,0.17985068823623362,0.17011245360612537,0.33616437725263515,0.1026840271560141,0.009738234630108256,0.13451921485679397,0.17985068823623362,0.13817527983837818
0.25,0.22,0.06,0.3,0.45,0.10563552742110227,0.06875378477126777,1.536432180025199,-0.07640226220110258,0.11402423429708772,0.0646104872964137,0.00986290990318306,0.18046810952014858,0.17060519961696552,0.3335639047281962,0.10234794813561954,0.00986290990318306,0.1449454098366736,0.18046810952014858,0.13249679408981385
0.25,0.15,0.06,0.3,0.45,0.10236403280258388,0.06724363923784125,1.5222857353172325,-0.07554144936723506,0.1112557355828609,0.06270729401710991,0.00986290990318306,0.17754577222738588,0.16768286232420282,0.33224148626382766,0.10234794813561954,0.00986290990318306,0.1350118430308156,0.17754577222738588,0.13151020461730045
0.25,0.18,0.06,0.3,0.45,0.10320720054472066,0.06815060307067904,1.5143989325770808,-0.07640462740183163,0.11118020214059339,0.062324631222000125,0.00986290990318306,0.17553510774364423,0.16567219784046117,0.33199798623738497,0.10234794813561954,0.00986290990318306,0.13551066234939202,0.17553510774364423,0.1326443825711281
0.25,0.12,0.08,0.3,0.45,0.1001156483374801,0.06632666539167172,1.5094328615237618,-0.07648083787970406,0.10876096249001996,0.06210751452243087,0.01072211543197188,0.17943586464162542,0.16871374920965354,0.3293782617427157,0.09963041263338024,0.01072211543197188,0.133071422687989,0.17943586464162542,0.12094499705513329
0.25,0.12,0.1,0.3,0.4,0.10616879127415335,0.06958786523476189,1.525679670097393,-0.08091007323720056,0.11570619471830593,0.06594967622874737,0.009092597663024282,0.18320764955030322,0.17411505188727894,0.32370359707453844,0.10346152901540906,0.009092597663024282,0.13967565180608688,0.18320764955030322,0.14309354555670617
0.25,0.12,0.14,0.3,0.4,0.10408784486310396,0.0681469635499863,1.5274025347696492,-0.07794011706793458,0.11387296177337243,0.06624290719199205,0.00979834440106786,0.1893049096000139,0.17950656519894603,0.32365395622032933,0.10130806686149518,0.00979834440106786,0.13794647097029422,0.1893049096000139,0.13100701703399098
0.25,0.18,0.1,0.3,0.4,0.10897618489633398,0.07064017554335106,1.5426941405242767,-0.08175056154101656,0.11874009343532728,0.06887041734882848,0.00933004433985829,0.1922712775060802,0.1829412331662219,0.3226185128693928,0.10282538120346718,0.00933004433985829,0.14517460008823346,0.1922712775060802,0.14409916403899725
0.25,0.22,0.1,0.3,0.4,0.10897618489633398,0.07064017554335106,1.5426941405242767,-0.08175056154101656,0.11874009343532728,0.06887041734882848,0.00933004433985829,0.1922712775060802,0.1829412331662219,0.3226185128693928,0.10282538120346718,0.00933004433985829,0.14517460008823346,0.1922712775060802,0.14409916403899725
0.35,0.15,0.14,0.3,0.45,0.09894861821133327,0.06480980936258861,1.5267537304075338,-0.07901837401680256,0.10766830481889453,0.06313415911839713,0.008016984850712339,0.17806989288125785,0.1700529080305455,0.3225490797933154,0.09486266868829873,0.008016984850712339,0.13077056231088657,0.17806989288125785,0.12662141536331717
0.25,0.18,0.14,0.3,0.4,0.10378200354295553,0.06845650589030547,1.5160283481201267,-0.0777866751513906,0.11335777290961327,0.06578826263356238,0.010035481608973162,0.18825504669433113,0.17821956508535797,0.3223583290231422,0.10067280199403039,0.010035481608973162,0.1371808276989004,0.18825504669433113,0.13064470655183125
0.25,0.22,0.14,0.3,0.4,0.10378200354295553,0.06845650589030547,1.5160283481201267,-0.0777866751513906,0.11335777290961327,0.06578826263356238,0.010035481608973162,0.18825504669433113,0.17821956508535797,0.3223583290231422,0.10067280199403039,0.010035481608973162,0.1371808276989004,0.18825504669433113,0.13064470655183125
0.25,0.15,0.14,0.3,0.4,0.10375845124879834,0.06843861136316813,1.5160806039474732,-0.0777866751513906,0.11335777290961327,0.06578826263356238,0.010035481608973162,0.18825504669433113,0.17821956508535797,0.32234313022699024,0.10067280199403039,0.010035481608973162,0.1371808276989004,0.18825504669433113,0.13064470655183125
0.25,0.18,0.08,0.3,0.4,0.10884059669850221,0.07127334221595001,1.527087033027408,-0.0785537353196033,0.11785010550637746,0.06831628710574678,0.008721304319678325,0.1902446700757825,0.18152336575610417,0.3205973539573693,0.10469565075522902,0.008721304319678325,0.1498976780978416,0.1902446700757825,0.1356912242833559
0.25,0.22,0.08,0.3,0.4,0.10884059669850221,0.07127334221595001,1.527087033027408,-0.0785537353196033,0.11785010550637746,0.06831628710574678,0.008721304319678325,0.1902446700757825,0.18152336575610417,0.3205973539573693,0.10469565075522902,0.008721304319678325,0.1498976780978416,0.1902446700757825,0.1356912242833559
0.25,0.12,0.08,0.3,0.4,0.10589157246260927,0.06950507331199625,1.5235085356615672,-0.07946462562167789,0.11657646179423783,0.06685447969764804,0.008483581768157,0.18602291676446425,0.17753933499630725,0.3196184325030539,0.1053325580514719,0.008483581768157,0.14116303372657812,0.18602291676446425,0.14188021866051792
0.25,0.15,0.1,0.3,0.4,0.10719281569322758,0.07078512193516252,1.5143410474225591,-0.08320890534509184,0.1168030006856732,0.06699845794875826,0.00933004433985829,0.18629973109101328,0.176969686751155,0.3182769028484087,0.10282538120346718,0.00933004433985829,0.13890908926126788,0.18629973109101328,0.14665075753275936
0.35,0.12,0.14,0.3,0.45,0.09781600641971022,0.06351183718097393,1.5401224521499544,-0.07292297251185409,0.1078864395300724,0.06465205122903088,0.005317538451639292,0.17905241872796163,0.17373488027632233,0.31762725770139977,0.09541196870123336,0.005317538451639292,0.1326842993032198,0.17905241872796163,0.12696597246630792
0.25,0.15,0.06,0.3,0.4,0.10759641136169007,0.07111663880419455,1.512956927814534,-0.07938235542446492,0.11700644054311113,0.067152392569637,0.007733456356297408,0.1862544576093712,0.1785210012530738,0.316673482879113,0.10775831250643186,0.007733456356297408,0.14275103713602788,0.1862544576093712,0.14053493910742731
0.35,0.22,0.1,0.3,0.45,0.1002335618023884,0.06670570252140033,1.5026235840966036,-0.07448329241176765,0.10608939186183908,0.06291565981832149,0.005727931425284272,0.17682970467524006,0.1711017732499558,0.3164034073767372,0.09904222837335919,0.005727931425284272,0.12024255647770565,0.17682970467524006,0.1286045383576062
0.25,0.22,0.06,0.3,0.4,0.10917700110233763,0.07185872968209676,1.519328292962275,-0.07987251218675251,0.1187222113100161,0.06865969787999583,0.007733456356297408,0.19041948976934653,0.18268603341304912,0.3153960375426049,0.10775831250643186,0.007733456356297408,0.14655216995693743,0.19041948976934653,0.14114762796106728
0.25,0.18,0.06,0.3,0.4,0.10916545924888155,0.07185341498678621,1.519280040746247,-0.07987251218675251,0.1187222113100161,0.06865969787999583,0.007733456356297408,0.19041948976934653,0.18268603341304912,0.31537012426445066,0.10775831250643186,0.007733456356297408,0.14655216995693743,0.19041948976934653,0.14114762796106728
0.25,0.12,0.06,0.3,0.4,0.10822371983891887,0.07083039164143362,1.5279277345631856,-0.08139689185865273,0.11868405377081573,0.06897375582942206,0.007495266952174617,0.1922602245010241,0.18476495754884947,0.3142212179342557,0.10839644710729401,0.007495266952174617,0.14281615228668976,0.1922602245010241,0.14245217800689614
0.25,0.15,0.08,0.3,0.4,0.1082925334603122,0.07177740777665917,1.508727283622064,-0.0847925626386885,0.11796391711554324,0.06770656022468255,0.008721304319678325,0.1869193305978749,0.1781980262781966,0.3140595077038554,0.10469565075522902,0.008721304319678325,0.14039568361181898,0.1869193305978749,0.14908761629311496
0.35,0.18,0.1,0.3,0.45,0.09979094303613922,0.0664951813953513,1.500724427576577,-0.08091459756984676,0.1081563468711598,0.06369227936046969,0.005677842673879718,0.17698945227586793,0.1713116096019882,0.30975178701893824,0.09921660326748372,0.005677842673879718,0.12984853426453347,0.17698945227586793,0.12904930187403418
0.25,0.12,0.14,0.3,0.35,0.11076064816161191,0.07278499620124353,1.5217511017706087,-0.0835091013186029,0.12081426972218852,0.07084070030456072,0.0075259161047109835,0.19652918115324236,0.18900326504853138,0.3091257338730249,0.10706087264399566,0.0075259161047109835,0.14612965591281646,0.19652918115324236,0.14682572279617712
0.35,0.22,0.14,0.3,0.45,0.09875160039599273,0.0649776800900023,1.5197772567319932,-0.07334856547792223,0.1065712278291068,0.06486083063291054,0.002899502584384095,0.17614419848574037,0.17324469590135627,0.30798846518926504,0.09414112313917578,0.002899502584384095,0.128715464426983,0.17614419848574037,0.13095585050925074
0.35,0.12,0.14,0.3,0.4,0.10390088453562263,0.06872304020056515,1.5118784651027153,-0.08129036240452203,0.11391669553103956,0.06762235026652624,0.006884660948979215,0.18847101284901013,0.18158635190003092,0.30790776761454464,0.10056006742490387,0.006884660948979215,0.14173964249891702,0.18847101284901013,0.13192809393338756
0.35,0.12,0.08,0.3,0.45,0.09940379158044843,0.06681368965631071,1.4877758149831426,-0.07960285766514297,0.10850561114346217,0.06406577008275519,0.006373156432292415,0.18063662808259817,0.17426347165030576,0.3069760774260716,0.10101771251412872,0.006373156432292415,0.12371645157583866,0.18063662808259817,0.13078410711245292
0.35,0.12,0.1,0.3,0.45,0.09998826639491809,0.06592622540403953,1.5166690612441989,-0.07879413593059459,0.10897296908136118,0.06546168437304895,0.004224694647944061,0.1800769611934525,0.17585226654550845,0.3068204531963954,0.09841107016448625,0.004224694647944061,0.13456194941539112,0.1800769611934525,0.12759016998553196
0.25,0.12,0.14,0.4,0.45,0.09584975428888387,0.06264917249248175,1.5299444585702449,-0.06702642664958369,0.10195774822724282,0.06442434785998205,0.0003558804467123089,0.17653575604982774,0.17617987560311543,0.3064313237779085,0.09330118506770657,0.0003558804467123089,0.12148396376012593,0.17653575604982774,0.11811195581184153
0.25,0.22,0.14,0.4,0.45,0.09634808113031124,0.06333981901667164,1.5211297194415965,-0.06705427375899509,0.10176581149544295,0.0642378313169904,0.0006288091445774135,0.17623560694047335,0.17560679779589594,0.3059171146754587,0.09256557992257552,0.0006288091445774135,0.12105440685286806,0.17623560694047335,0.11834465461672039
0.25,0.18,0.14,0.4,0.45,0.09634808113031124,0.06333981901667164,1.5211297194415965,-0.06705427375899509,0.10176581149544295,0.0642378313169904,0.0006288091445774135,0.17623560694047335,0.17560679779589594,0.3059171146754587,0.09256557992257552,0.0006288091445774135,0.12105440685286806,0.17623560694047335,0.11834465461672039
0.35,0.12,0.1,0.3,0.4,0.10592182567824127,0.07035932112487413,1.505441268972033,-0.08363289536542884,0.11540324106131661,0.06837317064135759,0.006778030752392583,0.19114835734411173,0.18437032659171915,0.3050866099548958,0.10356858638776223,0.006778030752392583,0.14115468906802597,0.19114835734411173,0.13436654175429052
0.25,0.15,0.14,0.4,0.45,0.09616846403061707,0.06333432064305054,1.5184257611701295,-0.06705427375899509,0.10176581149544295,0.0642378313169904,0.0006288091445774135,0.17623560694047335,0.17560679779589594,0.3050255845879589,0.09256557992257552,0.0006288091445774135,0.12105440685286806,0.17623560694047335,0.11834465461672039
0.35,0.15,0.1,0.3,0.45,0.09808559682990814,0.06645224251703868,1.4760314041284386,-0.0796533080330799,0.1062166258599246,0.06270557034238507,0.005552036360517487,0.17578984054875235,0.17023780418823486,0.3048712749053393,0.09965374103301605,0.005552036360517487,0.12608522938414501,0.17578984054875235,0.12400228197319207
0.25,0.18,0.14,0.3,0.35,0.10941948334669593,0.07294137531059892,1.5001017307497417,-0.08338491130593784,0.12012534424349752,0.07023859417173157,0.007897764650389494,0.19512496955014758,0.18722720489975808,0.3047161038360858,0.10607081982702993,0.007897764650389494,0.1449325992160828,0.19512496955014758,0.1466005679738378
0.25,0.22,0.14,0.3,0.35,0.10941948334669593,0.07294137531059892,1.5001017307497417,-0.08338491130593784,0.12012534424349752,0.07023859417173157,0.007897764650389494,0.19512496955014758,0.18722720489975808,0.3047161038360858,0.10607081982702993,0.007897764650389494,0.1449325992160828,0.19512496955014758,0.1466005679738378
0.25,0.18,0.1,0.3,0.35,0.1129777291532954,0.07454981102502208,1.515466338544779,-0.08583593399060163,0.12310726626580233,0.07209137043287316,0.007189560716899912,0.19715009219273583,0.18996053147583591,0.3046269027600288,0.1082304025750247,0.007189560716899912,0.15582519819345353,0.19715009219273583,0.14714107765089768
0.25,0.22,0.1,0.3,0.35,0.1129777291532954,0.07454981102502208,1.515466338544779,-0.08583593399060163,0.12310726626580233,0.07209137043287316,0.007189560716899912,0.19715009219273583,0.18996053147583591,0.3046269027600288,0.1082304025750247,0.007189560716899912,0.15582519819345353,0.19715009219273583,0.14714107765089768
0.25,0.15,0.14,0.3,0.35,0.10959036455903881,0.0730189949215963,1.5008473435810885,-0.08342089592886903,0.12031932867347184,0.0704066511944831,0.0077917738296713335,0.19551274606394942,0.18772097223427808,0.30437341947757757,0.10635312024308252,0.0077917738296713335,0.14527387603788222,0.19551274606394942,0.1466651271927737
0.25,0.15,0.08,0.3,0.35,0.11429424365172802,0.07478611378521302,1.5282816269873711,-0.08619422537131749,0.12489357073251775,0.0734876505816528,0.006472106385945642,0.20021348338801515,0.1937413770020695,0.30360764747019053,0.11038970815704174,0.006472106385945642,0.1579065501614656,0.20021348338801515,0.1494860055701206
0.35,0.12,0.14,0.3,0.35,0.11153513556310823,0.07280051632156491,1.5320651720442453,-0.08167472385054653,0.12027110660144005,0.07289775146598021,0.004758327147508901,0.20045742069498873,0.19569909354747983,0.3018444936585951,0.10579526530084316,0.004758327147508901,0.14927083495041615,0.20045742069498873,0.1410736849134433
0.35,0.15,0.06,0.3,0.45,0.10290409159923386,0.06869532661381048,1.497978052826465,-0.07849866900885505,0.11070431307247644,0.06625650155531732,0.0030523668581965424,0.18266820737333944,0.1796158405151429,0.3010653176717105,0.10695078387028634,0.0030523668581965424,0.13057383965461722,0.18266820737333944,0.13027636760594263
0.35,0.15,0.1,0.3,0.4,0.10648354005322447,0.07020178416310369,1.516820994261704,-0.07919396534565193,0.11457318781544315,0.06961122773049208,0.0036469664336631347,0.19238001464384258,0.18873304821017944,0.3008487636323194,0.10468233232997903,0.0036469664336631347,0.13518573594596162,0.19238001464384258,0.13697088972376936
0.25,0.15,0.1,0.3,0.35,0.11200649333187584,0.07452226478808915,1.502993684509945,-0.0858448762955305,0.12327202674383311,0.07223185901649341,0.007083434062736815,0.1974296827522506,0.19034624868951378,0.2997050660539654,0.10851309411446652,0.007083434062736815,0.1561529447880463,0.1974296827522506,0.1471809780016653
0.25,0.12,0.08,0.3,0.35,0.11135158439386372,0.07408181387302078,1.5030893355921986,-0.08481013865115583,0.12222979072680444,0.0718794718710779,0.006205605203510878,0.19815162372152084,0.19194601851800996,0.29876196063889626,0.11109928402317193,0.006205605203510878,0.14936385702633448,0.19815162372152084,0.1463285836594841
0.25,0.12,0.06,0.3,0.35,0.11421358808690574,0.07482467360990293,1.5264161215370775,-0.08269239867520761,0.12506845955045773,0.07471885141544161,0.005212864350992552,0.20646443439027484,0.2012515700392823,0.29858331120661263,0.114173525570062,0.005212864350992552,0.15121594132185545,0.20646443439027484,0.14827553211910383
0.25,0.15,0.06,0.3,0.35,0.11403298754037405,0.07540743814413026,1.5122246604163467,-0.0835908354955075,0.12441772498060186,0.07360686716157931,0.005479878925357173,0.20193481301307203,0.19645493408771486,0.29823948877075823,0.11346258742408666,0.005479878925357173,0.15415117374515974,0.20193481301307203,0.1470601717953337
0.25,0.18,0.1,0.4,0.45,0.10203581367448256,0.06743068493759144,1.5131955691821743,-0.07413121431556846,0.10833172632111505,0.06689927400526623,-0.0002599614408337336,0.18066682142346924,0.18092678286430297,0.29745851664967227,0.10394261264664784,-0.0002599614408337336,0.13266891472120546,0.18066682142346924,0.12464024425508646
0.25,0.22,0.1,0.4,0.45,0.10203581367448256,0.06743068493759144,1.5131955691821743,-0.07413121431556846,0.10833172632111505,0.06689927400526623,-0.0002599614408337336,0.18066682142346924,0.18092678286430297,0.29745851664967227,0.10394261264664784,-0.0002599614408337336,0.13266891472120546,0.18066682142346924,0.12464024425508646
0.25,0.12,0.1,0.3,0.35,0.11083069296272252,0.07444234432400365,1.488812502738251,-0.0881808546962104,0.12120793004718262,0.07123900671687527,0.006817236177661723,0.19741598561587836,0.19059874943821664,0.2960269820964222,0.10922182683626702,0.006817236177661723,0.14786833251236042,0.19741598561587836,0.14471626909374558
0.35,0.18,0.14,0.3,0.35,0.1102524870954884,0.07135578051857042,1.545109398204888,-0.07927122377409357,0.11948296562124897,0.07415029839810347,0.001777628351682381,0.20053409581745862,0.19875646746577624,0.2950490836878157,0.10443305077509746,0.001777628351682381,0.14707813209641118,0.20053409581745862,0.14359192106559515
0.35,0.12,0.08,0.3,0.4,0.10761706584000863,0.07114041917109165,1.51274152013627,-0.08257224787244866,0.11580125051682999,0.07071704355474051,0.0029606974474061243,0.19545457080196393,0.1924938733545578,0.29480999933644425,0.10766580323904651,0.0029606974474061243,0.1347317380314983,0.19545457080196393,0.1381934430642351
0.35,0.12,0.06,0.3,0.45,0.10058030089956826,0.06796198263851337,1.4799494804992699,-0.08070468664178143,0.10975057773277216,0.06612523341329322,0.0038398388766125446,0.18444666142477262,0.18060682254816007,0.29463536539675406,0.10658650355365884,0.0038398388766125446,0.12013418855820812,0.18444666142477262,0.13374569625060873
0.35,0.18,0.1,0.3,0.4,0.10555355609965966,0.07001711081759605,1.5075394409609504,-0.08517116583001172,0.11486242371258784,0.06978079106812846,0.003792161692906859,0.19273198305106543,0.18893982135815857,0.2942054948262517,0.10418671490056863,0.003792161692906859,0.13735889923519995,0.19273198305106543,0.1362423596831983
0.35,0.18,0.14,0.3,0.45,0.09728053275448678,0.06559788602055895,1.4829827400840052,-0.07999292733264085,0.1058522966726871,0.06475015853716387,0.0028771192061760598,0.17729413005402916,0.1744170108478531,0.2939896234609255,0.09434687072811587,0.0028771192061760598,0.12877999667400308,0.17729413005402916,0.1259633667011113
0.25,0.15,0.1,0.4,0.45,0.10079128331998066,0.06671145221779329,1.5108542831735507,-0.07831340168664302,0.10832345762932671,0.0668978600755287,-0.0002599614408337336,0.1806798751047456,0.18093983654557932,0.29329290682578935,0.10394261264664784,-0.0002599614408337336,0.1326145026434773,0.1806798751047456,0.12464025919259658
0.35,0.15,0.14,0.3,0.4,0.10323097922272506,0.06864310327059728,1.5038798408600391,-0.08328298967753722,0.11268778716523883,0.06913269662816296,0.0035510074782920675,0.19046829395792075,0.18691728647962869,0.29290956551560654,0.09993655002425306,0.0035510074782920675,0.13800840501915945,0.19046829395792075,0.13147467934656887
0.35,0.15,0.08,0.3,0.45,0.09783716258493191,0.06740600480266332,1.4514606357602464,-0.08130224478965509,0.10580876293183077,0.06365647456813057,0.004455711484669278,0.17935062564720927,0.17489491416254,0.29256063091209916,0.10263468319514191,0.004455711484669278,0.1169642209379671,0.17935062564720927,0.1256385733941663
0.25,0.22,0.08,0.3,0.35,0.11254694349090677,0.07573144029958849,1.4861323519753304,-0.08810112470173204,0.12299770068049427,0.07273214479109309,0.006578354151355104,0.19993915958357267,0.19336080543221756,0.2924991317614857,0.11010668022113146,0.006578354151355104,0.1578128419418101,0.19993915958357267,0.140551467504602
0.25,0.18,0.08,0.3,0.35,0.11254694349090677,0.07573144029958849,1.4861323519753304,-0.08810112470173204,0.12299770068049427,0.07273214479109309,0.006578354151355104,0.19993915958357267,0.19336080543221756,0.2924991317614857,0.11010668022113146,0.006578354151355104,0.1578128419418101,0.19993915958357267,0.140551467504602
0.35,0.15,0.08,0.3,0.4,0.1068344075999943,0.07122669052507406,1.4999209820423312,-0.08149567885528597,0.11544642753253194,0.07011246713167597,0.002265095704425457,0.19143086867981984,0.1891657729753944,0.29162648521675594,0.107573605674953,0.002265095704425457,0.13704261448730093,0.19143086867981984,0.13891995311616046
0.35,0.18,0.14,0.3,0.4,0.10229485835340912,0.06787394275901817,1.5071300442439313,-0.07805906924529604,0.11162220803882512,0.06906250544394917,0.001053660796009659,0.18587418945478262,0.18482052865877296,0.29042661172259754,0.09935176238345478,0.001053660796009659,0.13801875565198185,0.18587418945478262,0.1338126719078967
0.35,0.22,0.14,0.3,0.4,0.10204015769166896,0.0676913460322625,1.5074328355508755,-0.07800604834475722,0.1113640127856895,0.06911856524087467,0.001116239240838146,0.18656897495781077,0.18545273571697263,0.29018015670439523,0.09880220478180801,0.001116239240838146,0.13719701491732184,0.18656897495781077,0.13313563003066875
0.25,0.18,0.14,0.3,0.3,0.1155049974333,0.07718476661699532,1.4964740128898304,-0.0880328333140934,0.12633968171729082,0.07517934628791346,0.005742407633506863,0.20510395499185008,0.19936154735834322,0.28965485988864426,0.11147911989916293,0.005742407633506863,0.15870559558427355,0.20510395499185008,0.15066733047766068
0.25,0.22,0.14,0.3,0.3,0.1155049974333,0.07718476661699532,1.4964740128898304,-0.0880328333140934,0.12633968171729082,0.07517934628791346,0.005742407633506863,0.20510395499185008,0.19936154735834322,0.28965485988864426,0.11147911989916293,0.005742407633506863,0.15870559558427355,0.20510395499185008,0.15066733047766068
0.35,0.22,0.1,0.3,0.4,0.10297092290577115,0.07019987594243168,1.46682485579054,-0.08481304351330599,0.11122667360348645,0.06703447118338236,0.003928217198527095,0.18573281182543466,0.18180459462690757,0.28961782052481444,0.10372093802483184,0.003928217198527095,0.126790109320569,0.18573281182543466,0.1359612916480697
0.25,0.15,0.14,0.3,0.3,0.11585127737365686,0.07739257176431398,1.4969301928156926,-0.08805232001020513,0.1267210834109967,0.07551213304376388,0.005509245459718093,0.20580200573254048,0.2002927602728224,0.28871001283535336,0.1120964088830716,0.005509245459718093,0.159443265696525,0.20580200573254048,0.15075449128312823
0.35,0.12,0.14,0.3,0.3,0.11713180153587399,0.07835001171487121,1.4949812893728234,-0.09145314239550784,0.12807867163570688,0.07672836371759272,0.007550043027260589,0.21366553576905312,0.20611549274179253,0.2884919078902438,0.11112264301288333,0.007550043027260589,0.15961810473444138,0.21366553576905312,0.14843703163489597
0.25,0.12,0.14,0.3,0.3,0.11442310760986363,0.07650305509694832,1.4956671660348884,-0.08809838358364985,0.12559081721646148,0.07473222261043166,0.005212874052712424,0.20437633773858743,0.199163463685875,0.28840440912286336,0.11288051416534373,0.005212874052712424,0.15442564797484248,0.20437633773858743,0.15105871215082134
0.25,0.12,0.14,0.4,0.4,0.10235758029367648,0.0670333417848672,1.5269652022149929,-0.07210884220981473,0.10934023406121487,0.0706381828951002,-0.0017821533639951204,0.19128848350153937,0.1930706368655345,0.2880371203879618,0.09900690212470309,-0.0017821533639951204,0.1311080592345404,0.19128848350153937,0.12707987880928662
0.25,0.12,0.1,0.4,0.45,0.09828833362198952,0.0660745376591361,1.4875372133368117,-0.07687695476107559,0.10570530627266383,0.06610649206407143,-0.00018428214316235092,0.18113103623197446,0.1813153183751368,0.28770378582151357,0.1026181390784473,-0.00018428214316235092,0.12071146400258614,0.18113103623197446,0.12425017419347362
0.25,0.15,0.14,0.4,0.4,0.1026559403790186,0.06762523375920361,1.5180123553369218,-0.07214465885798316,0.10892128468853687,0.0703528522732508,-0.0014476498008273442,0.19086828850010873,0.19231593830093607,0.28766403143865404,0.09795171797877589,-0.0014476498008273442,0.13024579532000646,0.19086828850010873,0.12698827144462066
0.25,0.22,0.14,0.4,0.4,0.1026559403790186,0.06762523375920361,1.5180123553369218,-0.07214465885798316,0.10892128468853687,0.0703528522732508,-0.0014476498008273442,0.19086828850010873,0.19231593830093607,0.28766403143865404,0.09795171797877589,-0.0014476498008273442,0.13024579532000646,0.19086828850010873,0.12698827144462066
0.25,0.18,0.14,0.4,0.4,0.1026559403790186,0.06762523375920361,1.5180123553369218,-0.07214465885798316,0.10892128468853687,0.0703528522732508,-0.0014476498008273442,0.19086828850010873,0.19231593830093607,0.28766403143865404,0.09795171797877589,-0.0014476498008273442,0.13024579532000646,0.19086828850010873,0.12698827144462066
0.25,0.18,0.1,0.3,0.3,0.11753239006986926,0.07855092770966975,1.4962571862203589,-0.09025887406535504,0.12839981017005786,0.07642348155163302,0.005031465983375005,0.20618284736248538,0.20115138137911037,0.2857662149181063,0.11364569239422684,0.005031465983375005,0.1637723018850945,0.20618284736248538,0.15336674322510757
0.25,0.22,0.1,0.3,0.3,0.11753239006986926,0.07855092770966975,1.4962571862203589,-0.09025887406535504,0.12839981017005786,0.07642348155163302,0.005031465983375005,0.20618284736248538,0.20115138137911037,0.2857662149181063,0.11364569239422684,0.005031465983375005,0.1637723018850945,0.20618284736248538,0.15336674322510757
0.35,0.15,0.14,0.3,0.35,0.1103514947061226,0.0718857893533096,1.5350947064622036,-0.07900090093909629,0.11963586418040757,0.07519718355152491,-0.0005163766636890887,0.20014287982190826,0.20065925648559735,0.285070715811397,0.10509190318336725,-0.0005163766636890887,0.14995259608817735,0.20014287982190826,0.14350831847227408
0.25,0.15,0.1,0.3,0.3,0.11784811939724604,0.07874335768277252,1.496610290254728,-0.09027833467264057,0.12877771081125297,0.07675639933183663,0.004798010710666878,0.20688133226268168,0.2020833215520148,0.28475797192988084,0.11426383374713955,0.004798010710666878,0.16449136739275283,0.20688133226268168,0.15345400994302394
0.25,0.12,0.06,0.4,0.45,0.10146791952910927,0.06670377222854841,1.5211721337355224,-0.07256179826465992,0.10845007746640245,0.06891962758299806,-0.00465323657388772,0.17895787790962592,0.18361111448351364,0.2847082818397122,0.10254219884604243,-0.00465323657388772,0.1362201635753144,0.17895787790962592,0.1291833835749172
0.35,0.15,0.14,0.3,0.3,0.11410708596136065,0.0761072359314614,1.4992935239971155,-0.08334624190096973,0.12373857072159349,0.0752763980904514,0.00272081048503936,0.2033523167508524,0.20063150626581305,0.2846911899011513,0.11033330596510704,0.00272081048503936,0.1517628612943014,0.2033523167508524,0.15052355911266724
0.25,0.12,0.08,0.4,0.45,0.10079752116436791,0.0653613442948643,1.542158017889604,-0.07066868033140838,0.10766450922114272,0.06945993791288321,-0.006609715585259246,0.17980622135047897,0.1864159369357382,0.2845629447947702,0.10558677690208595,-0.006609715585259246,0.13497140845855027,0.17980622135047897,0.12456785497985767
0.25,0.15,0.08,0.3,0.3,0.11713692716186741,0.07867109167362268,1.488944981821598,-0.08734494592613007,0.1280724503132379,0.0765827570701833,0.004184101535805507,0.20790174372236292,0.2037176421865574,0.2827480169476364,0.11614683979785845,0.004184101535805507,0.15989062170340773,0.20790174372236292,0.15223894480675493
0.35,0.22,0.14,0.3,0.35,0.108874560976715,0.07129388504627074,1.527123411861394,-0.07926784957014155,0.11798091199033749,0.07455844682362153,-0.0006976192202914344,0.19924815028987464,0.19994576951016607,0.2827258224408883,0.10361681174319215,-0.0006976192202914344,0.14419810485332363,0.19924815028987464,0.14353911228558847
0.25,0.12,0.1,0.3,0.3,0.11703608635923235,0.07826651669028571,1.4953532022175537,-0.09006946657034698,0.1286048278571157,0.07685149392726077,0.004501267600851788,0.20799973522120174,0.20349846762034995,0.28269492432021504,0.11504902133469841,0.004501267600851788,0.16210912720387216,0.20799973522120174,0.15336498792495434
0.35,0.12,0.1,0.3,0.35,0.10876983503126558,0.07437130747814236,1.4625241738990928,-0.09025943275242287,0.11818915367235086,0.07102390127334292,0.0047969208112703665,0.19746952995954037,0.19267260914827,0.28254726693859245,0.10881333538574833,0.0047969208112703665,0.13925965242370175,0.19746952995954037,0.14060632978149346
0.25,0.18,0.08,0.3,0.3,0.11813970430282894,0.07926352923547111,1.4904673743691998,-0.09031986668315273,0.1285387009083935,0.07694052266653353,0.004417818194260681,0.20911823426334375,0.20470041606908307,0.2822386238030391,0.11552796542738464,0.004417818194260681,0.15926147622334086,0.20911823426334375,0.15436801043363757
0.25,0.22,0.08,0.3,0.3,0.11813970430282894,0.07926352923547111,1.4904673743691998,-0.09031986668315273,0.1285387009083935,0.07694052266653353,0.004417818194260681,0.20911823426334375,0.20470041606908307,0.2822386238030391,0.11552796542738464,0.004417818194260681,0.15926147622334086,0.20911823426334375,0.15436801043363757
0.35,0.12,0.1,0.3,0.3,0.11709203907957311,0.079773702286614,1.4678024928425706,-0.09331598544652664,0.12787338769711282,0.07556034325166149,0.00654886452913872,0.20788290956077282,0.2013340450316341,0.28221977668616005,0.11415040604252336,0.00654886452913872,0.157979691378771,0.20788290956077282,0.15280506697435814
0.25,0.18,0.06,0.3,0.35,0.11368084347280227,0.07690311375061318,1.4782345984254226,-0.0920817973421626,0.12574150105225881,0.07487690313388515,0.0055863316915680805,0.2057091670392075,0.20012283534763942,0.2814767170841178,0.1131790159611199,0.0055863316915680805,0.15686062275984125,0.2057091670392075,0.14737236780955731
0.25,0.22,0.06,0.3,0.35,0.11367187132521361,0.07691519937752463,1.477885674680181,-0.09215230636711014,0.12574150105225881,0.07487690313388515,0.0055863316915680805,0.2057091670392075,0.20012283534763942,0.28134346505822727,0.1131790159611199,0.0055863316915680805,0.15686062275984125,0.2057091670392075,0.14737236780955731
0.25,0.12,0.08,0.3,0.3,0.11679168057431388,0.07859169200625628,1.48605631960458,-0.08663150224765925,0.1277976923290094,0.07665073036197385,0.003887026932994253,0.20885409818355005,0.2049670712505558,0.2811702082465589,0.11693295813068172,0.003887026932994253,0.15752392407923033,0.20885409818355005,0.15179045431859062
0.35,0.12,0.06,0.3,0.4,0.10536562592152388,0.0719331603822181,1.4647712593421698,-0.08507255276873849,0.11440993508137294,0.06966274776470327,0.0016134525430038238,0.19155032765500235,0.18993687511199853,0.2793339513488997,0.11192621852664164,0.0016134525430038238,0.1319939385334452,0.19155032765500235,0.13496573814877166
0.35,0.12,0.08,0.3,0.3,0.1188320585335878,0.08088639757662441,1.4691228945017254,-0.09479489696447951,0.1298362219883285,0.07674276490942626,0.005683880178229073,0.20906165181461978,0.2033777716363907,0.27862121101167636,0.11678163546627074,0.005683880178229073,0.1616541466803474,0.20906165181461978,0.1559997958021755
0.45,0.22,0.14,0.3,0.45,0.10295329024375799,0.06653340133184263,1.5473925604715018,-0.07493181371601898,0.1096654832554119,0.07164330719498034,-0.00740001876547125,0.17979844636335507,0.18719846512882632,0.278196222436492,0.0973351448187274,-0.00740001876547125,0.13923358239171324,0.17979844636335507,0.13936026146873504
0.35,0.12,0.08,0.3,0.35,0.1111883333810868,0.07460003929750329,1.4904594478519,-0.08447716136535266,0.12047086614523286,0.07408088479881841,0.0008113304611487848,0.20102736986417824,0.20021603940302946,0.2781822878634451,0.11294686774417673,0.0008113304611487848,0.144286709123723,0.20102736986417824,0.14328205353293755
0.35,0.15,0.08,0.3,0.35,0.1124754250794413,0.07507466628438719,1.4981808197904984,-0.08507310286478675,0.12201030944444113,0.07491133403252742,0.00031565448840287225,0.2005755492273391,0.20025989473893624,0.27787647048978426,0.11268505930530082,0.00031565448840287225,0.1472277726909752,0.2005755492273391,0.14924751151018767
0.35,0.18,0.1,0.3,0.35,0.11011652250662962,0.07432722587189812,1.4815099206906206,-0.09112423710344508,0.12002455531878371,0.07344583627237622,0.0018730128011095193,0.19913574052650795,0.19726272772539843,0.2753637054139786,0.10922279103697496,0.0018730128011095193,0.14495522690480644,0.19913574052650795,0.14493600532451967
0.25,0.12,0.06,0.3,0.3,0.12060158177999702,0.08092982612841462,1.490199442522385,-0.09077232047828587,0.13183248275162907,0.07936884008780246,0.0028898679892717105,0.2132869079184545,0.2103970399291828,0.27455881424258577,0.12001763325109871,0.0028898679892717105,0.16587797173436525,0.2132869079184545,0.15709003286495515
0.25,0.22,0.06,0.3,0.3,0.11990667945151201,0.0803402688453903,1.4924854145343318,-0.09331766149535836,0.13118939655416767,0.07922812160064122,0.0034216630715415697,0.2142278695142914,0.21080620644274983,0.2745094995688777,0.11860995279807018,0.0034216630715415697,0.16647749199452178,0.2142278695142914,0.15321000539241347
0.25,0.18,0.06,0.3,0.3,0.11990667945151201,0.0803402688453903,1.4924854145343318,-0.09331766149535836,0.13118939655416767,0.07922812160064122,0.0034216630715415697,0.2142278695142914,0.21080620644274983,0.2745094995688777,0.11860995279807018,0.0034216630715415697,0.16647749199452178,0.2142278695142914,0.15321000539241347
0.35,0.22,0.1,0.3,0.35,0.10997508486843377,0.07438333804085696,1.4784908524544451,-0.09111290798269933,0.11993094927740086,0.07383494761110185,0.002078537974539829,0.2014706012092733,0.19939206323473346,0.2736885940801562,0.10853096847797783,0.002078537974539829,0.14341320817915681,0.2014706012092733,0.14416143054605657
0.25,0.15,0.06,0.3,0.3,0.12022531500250344,0.08050270590829746,1.4934319740687343,-0.09329323006599544,0.13153892858522695,0.0795814190144958,0.003187503860587304,0.21505442864876856,0.21186692478818125,0.2736125071648772,0.11923001134393574,0.003187503860587304,0.1671684774244957,0.21505442864876856,0.15305422164834748
0.35,0.15,0.06,0.3,0.4,0.10616037680431845,0.07311904754878858,1.4518840215127677,-0.08689081627720763,0.11531152739932957,0.07020525187319525,0.0009657526129167593,0.19102838428338265,0.1900626316704659,0.2732337990110181,0.11211896220074435,0.0009657526129167593,0.13287561110342794,0.19102838428338265,0.13956892679617616
0.25,0.22,0.1,0.5,0.45,0.10369252132419149,0.06770972700114636,1.5314272544982483,-0.06997229434543606,0.10989737660508256,0.07266466947633789,-0.008689365495418655,0.17592270647756414,0.1846120719729828,0.2719289526210229,0.0929952603799784,-0.008689365495418655,0.14432520977447139,0.17592270647756414,0.14493307188881754
0.25,0.12,0.14,0.5,0.45,0.10258836023445772,0.06648890898494154,1.542939443594901,-0.07383182509862973,0.1091520760231407,0.07158468185650872,-0.010165682425536171,0.17626070796451465,0.18642639039005082,0.27183957021016114,0.10277688068180835,-0.010165682425536171,0.13892706448307202,0.17626070796451465,0.13796140941184465
0.25,0.15,0.1,0.4,0.4,0.10563301981811413,0.07204301575472172,1.4662492777614033,-0.07889954635291951,0.1128073229331176,0.0708434703620792,-0.0023483621109849917,0.18916187836432918,0.19151024047531418,0.2716450347374204,0.10935935565999921,-0.0023483621109849917,0.14025475309802982,0.18916187836432918,0.12760898965421474
0.25,0.18,0.1,0.4,0.4,0.10563915749125474,0.07207796469213172,1.465623480663941,-0.07892976077545322,0.11276583818739856,0.07083269576553666,-0.0023483621109849917,0.18916187836432918,0.19151024047531418,0.2715131672491844,0.10935935565999921,-0.0023483621109849917,0.14025475309802982,0.18916187836432918,0.12740156592561958
0.25,0.22,0.1,0.4,0.4,0.10563915749125474,0.07207796469213172,1.465623480663941,-0.07892976077545322,0.11276583818739856,0.07083269576553666,-0.0023483621109849917,0.18916187836432918,0.19151024047531418,0.2715131672491844,0.10935935565999921,-0.0023483621109849917,0.14025475309802982,0.18916187836432918,0.12740156592561958
0.45,0.12,0.14,0.3,0.3,0.1129181382906812,0.07481685108918522,1.5092607700914524,-0.08361673514036183,0.12227702337918137,0.07726298699176545,-0.0015975873836306942,0.2072135031133624,0.2088110904969931,0.2710244551589419,0.11209084082397536,-0.0015975873836306942,0.14893613590455823,0.2072135031133624,0.1447422244376415
0.35,0.18,0.14,0.3,0.3,0.11494862763147995,0.07550334338308726,1.5224309610801743,-0.08339635355899211,0.12499580173952766,0.07971018257004486,-0.0023078099248770023,0.21053839939034336,0.21284620931522036,0.26810174908843487,0.10959487484512365,-0.0023078099248770023,0.1567528525103159,0.21053839939034336,0.15040069187673244
0.25,0.15,0.1,0.5,0.45,0.10374036959321975,0.06800453351239037,1.5254919670071458,-0.06997225776745575,0.10871744173104159,0.07330184515773225,-0.009229551612720432,0.1759371052126204,0.18516665682534084,0.26751066768128473,0.0872905691964001,-0.009229551612720432,0.1443253477005062,0.1759371052126204,0.14526373815840166
0.25,0.12,0.06,0.4,0.4,0.10805336369097263,0.07187366482810353,1.5033790742325186,-0.07807765791464216,0.1149007667941051,0.07369619558720544,-0.006784512601626824,0.1874598451660232,0.19424435776765003,0.2668123640651058,0.10829063641925374,-0.006784512601626824,0.1480332823036048,0.1874598451660232,0.1375045826832706
0.35,0.18,0.06,0.3,0.35,0.1126690824899339,0.07668842923853887,1.4691796873225482,-0.0850522011165098,0.12236181404737098,0.07533807699018029,-0.0013640247004403916,0.20010113159339005,0.20146515629383044,0.26622943988888126,0.1169652595175259,-0.0013640247004403916,0.14691632171835356,0.20010113159339005,0.14919038210802582
0.25,0.12,0.1,0.4,0.4,0.1023400831909167,0.06932000505040596,1.4763426966934037,-0.08150032272148033,0.11035606967618627,0.07124902049608711,-0.0034555457451159732,0.18965428426132758,0.19310983000644355,0.26548545966321746,0.10090258888760917,-0.0034555457451159732,0.13027924272828928,0.18965428426132758,0.13439977824882132
0.25,0.12,0.1,0.5,0.45,0.10415310561041968,0.06796850858445096,1.5323729735956957,-0.07185879055029465,0.1102923536053038,0.0726902704190367,-0.011915389538969867,0.17529145983394434,0.1872068493729142,0.2652459845212304,0.10508313153780913,-0.011915389538969867,0.14088695221510505,0.17529145983394434,0.14211561397863037
0.45,0.15,0.1,0.3,0.45,0.10174511960860944,0.06760288782052931,1.5050410254473179,-0.0752944945563061,0.1086470141739491,0.07152669386837486,-0.008743364049445201,0.1801631833950128,0.188906547444458,0.2636403429099927,0.1010454156661722,-0.008743364049445201,0.1289977006487235,0.1801631833950128,0.14177213520928222
0.35,0.22,0.06,0.3,0.35,0.11126631764986628,0.0764351043867757,1.4556965486282092,-0.08621097189420956,0.120587921897511,0.07447690070667878,-0.0011566005096326215,0.19952322385778154,0.20067982436741416,0.2635943292504854,0.11624001970609821,-0.0011566005096326215,0.1455670121453303,0.19952322385778154,0.14276595428797756
0.35,0.18,0.08,0.3,0.35,0.1084857454602084,0.07551253981521487,1.4366586758395565,-0.08529534973101982,0.11739677828433037,0.0731551864398467,0.00048285375674073094,0.20078256641645376,0.20029971265971303,0.2632000368405707,0.11212555455059303,0.00048285375674073094,0.13824366746783934,0.20078256641645376,0.135349249230025
0.35,0.22,0.08,0.3,0.3,0.1153658175289396,0.07768315852768717,1.48508144770944,-0.08860512090799555,0.12550997618347084,0.07857017863837387,-0.0009475410224432101,0.21151076885213205,0.21245830987457526,0.26280116454808167,0.11655630469302314,-0.0009475410224432101,0.15173010597398084,0.21151076885213205,0.14870024242066138
0.35,0.22,0.14,0.3,0.3,0.11162871250413131,0.07516612016979782,1.4850934470472292,-0.08339590371309724,0.12109324649519629,0.07690522280983136,-0.0025560820964907194,0.2032627421199762,0.2058188242164669,0.2627020322877407,0.10868132676579201,-0.0025560820964907194,0.14575280991593464,0.2032627421199762,0.1503254357707693
0.45,0.15,0.14,0.3,0.45,0.09807863850454202,0.06660938328079799,1.4724447769030151,-0.07340339525340145,0.10582881433922983,0.06937377555366955,-0.006749662638898424,0.17945205783089824,0.18620172046979666,0.2624832108656979,0.09798713675451554,-0.006749662638898424,0.12947234852640066,0.17945205783089824,0.12898219122323318
0.35,0.22,0.08,0.3,0.45,0.10040860610178037,0.06850456499788304,1.4657213881276852,-0.07842931365378758,0.10902717692331336,0.069762644589341,-0.005519531897760999,0.17955696560258683,0.18507649750034783,0.2623790199636189,0.10199586666025917,-0.005519531897760999,0.1376743106785958,0.17955696560258683,0.131428273572886
0.35,0.12,0.06,0.3,0.35,0.1119777157935109,0.07676450702025543,1.458717317939187,-0.09170691872854653,0.12200856403327191,0.07491066418359497,-0.0005593311853241412,0.20060470896996985,0.201164040155294,0.26234847415130336,0.11724564706263729,-0.0005593311853241412,0.1421351299044329,0.20060470896996985,0.1506166654146437
0.35,0.15,0.1,0.3,0.3,0.11323540682562405,0.0786277454139605,1.4401456665132724,-0.09417088508015448,0.12352159384528974,0.07591394625048466,0.002995534179785375,0.2092824326161098,0.20628689843632442,0.2620826918871064,0.11335954648042246,0.002995534179785375,0.1513592159188517,0.2092824326161098,0.14061124003127934
0.45,0.15,0.14,0.3,0.4,0.10423358814278383,0.06875127549778612,1.5160967907590353,-0.0765498603321606,0.11262834935829122,0.07406809406513323,-0.008352517026372963,0.1876899191825061,0.19604243620887907,0.2619202570468735,0.10260849822629159,-0.008352517026372963,0.1385087368652913,0.1876899191825061,0.1426871095437401
0.35,0.18,0.08,0.3,0.3,0.11606868334300002,0.07791594141977122,1.4896654167044117,-0.08863658915319428,0.12630640525432682,0.0794195080363766,-0.0013041663779199686,0.2135943792999213,0.21489854567784128,0.2615136227461361,0.1170638590513251,-0.0013041663779199686,0.15357978243138892,0.2135943792999213,0.1485981718669187
0.35,0.15,0.08,0.3,0.3,0.11676542002067558,0.07854620830922011,1.486582516637778,-0.08849362303612174,0.12708598930652146,0.07935963423900498,-0.001494705366111515,0.2115708828007863,0.2130655881668978,0.2614490082169564,0.1176908908478902,-0.001494705366111515,0.15488212174249516,0.2115708828007863,0.1527807565075472
0.45,0.18,0.14,0.3,0.45,0.10177673090956829,0.06659382045463336,1.5283209495226826,-0.07402595702694337,0.1089331170506537,0.0731428273022043,-0.010739866622967442,0.18144645972975626,0.1921863263527237,0.26129112080613315,0.09785001281074357,-0.010739866622967442,0.1374458151314446,0.18144645972975626,0.13866316420429148
0.25,0.18,0.1,0.5,0.45,0.10239659864624184,0.06804416369590392,1.5048549807131488,-0.06997229434543595,0.10844775952066063,0.07327450131105692,-0.00905293634245119,0.1759227064791673,0.1849756428216185,0.2611741397629863,0.0861106037681425,-0.00905293634245119,0.1443253518096277,0.1759227064791673,0.14493307188881688
0.45,0.12,0.14,0.4,0.45,0.10373767547777457,0.06798100697190253,1.5259802715286457,-0.07319905790769121,0.11065066154153676,0.07293800061839491,-0.012371949270961746,0.17445864931978372,0.18683059859074547,0.260822849104537,0.10583744716036825,-0.012371949270961746,0.1433113594529556,0.17445864931978372,0.14201780104553796
0.45,0.12,0.14,0.3,0.45,0.09688059382473568,0.06583939942951142,1.471468370978344,-0.0799710263783775,0.10567560927792956,0.06894845545680835,-0.005825468890913954,0.17948307625612503,0.18530854514703898,0.2606419879928271,0.09730513784280714,-0.005825468890913954,0.13020944599013995,0.17948307625612503,0.12720585519148964
0.35,0.15,0.1,0.3,0.35,0.10863095595388339,0.07502919685393886,1.447849110864906,-0.09061348986895745,0.11832955319985031,0.07381594014291817,-2.4401731632317514e-05,0.1989007612134599,0.19892516294509222,0.26051605603438877,0.10810861227066404,-2.4401731632317514e-05,0.13790707733956697,0.1989007612134599,0.1467557169071929
0.45,0.12,0.08,0.3,0.45,0.10012959737520499,0.06710410496912281,1.492153086927819,-0.07587015513965478,0.10807354011266763,0.07142399755767512,-0.008014282299661724,0.18429093493252346,0.1923052172321852,0.2599581537400245,0.1018761548378544,-0.008014282299661724,0.12790224394111815,0.18429093493252346,0.13431264915150387
0.35,0.18,0.08,0.3,0.45,0.10102111554534932,0.06833903968436468,1.4782343447015394,-0.08259799208342522,0.10983564978718525,0.07106578240895926,-0.005706206696222793,0.18467372199226872,0.19037992868849152,0.2598751681687681,0.10217802468495907,-0.005706206696222793,0.13738324367533816,0.18467372199226872,0.1306494652795831
0.25,0.18,0.08,0.4,0.45,0.10393827443143389,0.06851602628251506,1.5169921560083002,-0.07893906934452544,0.11116184920177383,0.07291807842231497,-0.01048139672092152,0.17929105949925672,0.18977245622017824,0.25978740493874497,0.10531533908414126,-0.01048139672092152,0.14493462698117976,0.17929105949925672,0.13674961716521294
0.25,0.22,0.08,0.4,0.45,0.10393827443143389,0.06851602628251506,1.5169921560083002,-0.07893906934452544,0.11116184920177383,0.07291807842231497,-0.01048139672092152,0.17929105949925672,0.18977245622017824,0.25978740493874497,0.10531533908414126,-0.01048139672092152,0.14493462698117976,0.17929105949925672,0.13674961716521294
0.25,0.15,0.08,0.4,0.45,0.10381267827593677,0.06842651432561139,1.5171411155321801,-0.07893821979895088,0.11115784739197128,0.07293418152603941,-0.01048139672092152,0.17941310140580669,0.1898944981267282,0.2596260448947324,0.10531533908414126,-0.01048139672092152,0.14493462698117976,0.17941310140580669,0.1366075662096502
0.35,0.12,0.06,0.3,0.3,0.11884987086428356,0.07977129707119125,1.4898826423521352,-0.08844720820447327,0.1293099810868959,0.08045826598895034,-0.00251581494734765,0.21252393638797473,0.21503975133532238,0.25946047366139113,0.12237417720498045,-0.00251581494734765,0.15651300559626735,0.21252393638797473,0.15765460119260455
0.25,0.22,0.1,0.4,0.35,0.11170226572238118,0.07612124515371324,1.4674256246967379,-0.08359523772139055,0.11959022481921236,0.07557275784715993,-0.004454342655122456,0.19792151157395366,0.2023758542290761,0.25847454732862185,0.11478643704501001,-0.004454342655122456,0.148244213996644,0.19792151157395366,0.14145330413557655
0.25,0.18,0.1,0.4,0.35,0.11170226572238118,0.07612124515371324,1.4674256246967379,-0.08359523772139055,0.11959022481921236,0.07557275784715993,-0.004454342655122456,0.19792151157395366,0.2023758542290761,0.25847454732862185,0.11478643704501001,-0.004454342655122456,0.148244213996644,0.19792151157395366,0.14145330413557655
0.25,0.22,0.14,0.4,0.35,0.10686918400877676,0.07290541487903036,1.4658607208545675,-0.08129066150658693,0.11433976676323906,0.07461633361202107,-0.0035417559637643814,0.1997969377597033,0.2033386937234677,0.25813035750728863,0.10334832993790832,-0.0035417559637643814,0.1380639026185273,0.1997969377597033,0.1340314194638208
0.25,0.18,0.14,0.4,0.35,0.10686918400877676,0.07290541487903036,1.4658607208545675,-0.08129066150658693,0.11433976676323906,0.07461633361202107,-0.0035417559637643814,0.1997969377597033,0.2033386937234677,0.25813035750728863,0.10334832993790832,-0.0035417559637643814,0.1380639026185273,0.1997969377597033,0.1340314194638208
0.25,0.15,0.14,0.4,0.35,0.10704742478337836,0.07301548250175896,1.4660921371135165,-0.0812906618300806,0.1145315831246491,0.07476909619620355,-0.0038070211475272897,0.1999396842996648,0.2037467054471921,0.2574132822197276,0.10403251397030999,-0.0038070211475272897,0.1384608274796688,0.1999396842996648,0.1340319110211292
0.25,0.15,0.1,0.4,0.35,0.11156574513705864,0.07624814025577412,1.4631930006792524,-0.08359491090824811,0.11943683152105056,0.07563740313348843,-0.004372180174949891,0.1980636856382958,0.20243586581324569,0.25722311912979434,0.11339024010751264,-0.004372180174949891,0.14854833456905858,0.1980636856382958,0.14155407746533566
0.45,0.12,0.06,0.3,0.45,0.10163113256166212,0.06742957041755422,1.507219042510822,-0.07926226376521128,0.1095340139380883,0.07305974846821657,-0.009101339303765332,0.1880925132413116,0.19719385254507693,0.256749063806914,0.10370702372300267,-0.009101339303765332,0.1295205301109137,0.1880925132413116,0.1354513419189789
0.25,0.15,0.06,0.4,0.45,0.10565982139284813,0.06954708160180331,1.5192560055619708,-0.0751265835510253,0.1120937743494039,0.07408721221329802,-0.012533174588466367,0.17781122312280329,0.19034439771126965,0.256714509469571,0.10720670368088991,-0.012533174588466367,0.14879392891046095,0.17781122312280329,0.13919019062133176
0.35,0.22,0.06,0.3,0.3,0.11730401704597271,0.07893691149536701,1.4860477161290704,-0.08890799631812152,0.12770200965770268,0.08016581586752768,-0.0029963093905975846,0.2126551253989455,0.21565143478954307,0.25633268494459593,0.12122653006226236,-0.0029963093905975846,0.15473916318174585,0.2126551253989455,0.1528855390361572
0.35,0.15,0.06,0.3,0.35,0.11007704641310112,0.07697700584139866,1.4299990654339152,-0.08562758248031743,0.11911948591470425,0.07439343788334843,-0.0011481251637636136,0.2022118100102248,0.20335993517398843,0.25630186683646894,0.11735297389620292,-0.0011481251637636136,0.14053324192733685,0.2022118100102248,0.13664752890352028
0.45,0.12,0.1,0.3,0.45,0.0990984994916706,0.06710030282335086,1.4768711216186106,-0.08017795115932413,0.10807567419663537,0.07102658736658958,-0.007061566526612273,0.1838369668182731,0.19089853334488538,0.25584410906200195,0.10016014944920526,-0.007061566526612273,0.13268306455259649,0.1838369668182731,0.1307597566897143
0.35,0.15,0.06,0.3,0.3,0.1183506594732262,0.07957534818906986,1.4872779342671147,-0.08905432168344474,0.12879433620696928,0.08084891386898288,-0.003249934573164248,0.21398705849371935,0.2172369930668836,0.2552665033396506,0.12262276803432748,-0.003249934573164248,0.15741354898192328,0.21398705849371935,0.1531982400980405
0.35,0.18,0.06,0.3,0.3,0.1176610229411943,0.07926333959024857,1.4844318136157566,-0.08897554449828571,0.12805933302805944,0.08036891051614721,-0.0032323377739899017,0.21273083449256158,0.21596317226655148,0.25524200158780797,0.12203832412316151,-0.0032323377739899017,0.15639011571629635,0.21273083449256158,0.1523697285822676
0.35,0.12,0.14,0.6,0.45,0.1065796139822599,0.06969145125672759,1.529306852710595,-0.07160718906844532,0.11279591320253257,0.07550536889850192,-0.014638423621312291,0.16870455662214479,0.18334298024345708,0.25362570148400765,0.10299051596428277,-0.014638423621312291,0.14925210277180745,0.16870455662214479,0.15767081427574015
0.35,0.15,0.14,0.4,0.45,0.1032108093115065,0.06871924417186998,1.501920030630307,-0.07482961614891193,0.11085893447777166,0.07327399186005057,-0.011788339047372864,0.17845214408451437,0.19024048313188724,0.25351951708203113,0.10679189733366301,-0.011788339047372864,0.14752310231927823,0.17845214408451437,0.13331586769877557
0.45,0.12,0.14,0.3,0.4,0.10410918072742747,0.0702426497043798,1.482136297044273,-0.08522222976477511,0.11200487861724076,0.07321446352694921,-0.007668986388792098,0.1858693457873828,0.1935383321761749,0.2528726128931619,0.10215911303903225,-0.007668986388792098,0.13683667201412408,0.1858693457873828,0.14282824863445676
0.45,0.12,0.1,0.3,0.4,0.10486638347048349,0.07030451848183217,1.4916023284845152,-0.0773795328748117,0.11320434454877362,0.07463985723926722,-0.009195609269648242,0.18874793749701735,0.1979435467666656,0.25273968559120497,0.10515596573487107,-0.009195609269648242,0.13720646779885715,0.18874793749701735,0.14410696098277076
0.35,0.22,0.1,0.3,0.3,0.11261602518383818,0.07815586420667545,1.4409158714698138,-0.09452601506339586,0.12295930763118194,0.07689570281985374,0.00015256718491096777,0.20879322720056948,0.2086406600156585,0.2527232164666221,0.11355401883196414,0.00015256718491096777,0.15055944028504253,0.20879322720056948,0.1417372846534226
0.35,0.18,0.06,0.3,0.45,0.10274422304066655,0.07043031674832714,1.4588067722002247,-0.08018908302350503,0.11082015282073802,0.07156678838313862,-0.007930213333486202,0.18168192572323583,0.18961213905672203,0.25233942737071524,0.10688110978841703,-0.007930213333486202,0.13840915391606212,0.18168192572323583,0.13505878800946136
0.25,0.12,0.14,0.4,0.35,0.10713285854286037,0.07295928224823424,1.4683924408460474,-0.08133516897179771,0.1152708228118142,0.07589746098343036,-0.005613714619375654,0.20035458931060157,0.20596830392997723,0.25107014378800296,0.10478030897896184,-0.005613714619375654,0.14040231768974465,0.20035458931060157,0.1364306126991386
0.25,0.12,0.1,0.4,0.35,0.10915195617983642,0.07455012629910779,1.4641418009394136,-0.08293114556239922,0.11701794528056646,0.07610260807367741,-0.005612570574867748,0.1987092980847096,0.20432186865957735,0.25101925949868975,0.10670551584858212,-0.005612570574867748,0.13846054814294262,0.1987092980847096,0.1468269349014657
0.25,0.12,0.06,0.4,0.35,0.11375218267411036,0.07610497070389818,1.4946748106202719,-0.082541410905004,0.12118051798196716,0.07861916850892633,-0.00894522467876624,0.1981516588371217,0.20709688351588795,0.25015266152718696,0.11410795386251982,-0.00894522467876624,0.152509065899604,0.1981516588371217,0.15007913598935652
0.35,0.18,0.08,0.3,0.4,0.10664808736284836,0.0724817473434091,1.4713785369655008,-0.08183326050929918,0.11549553624675502,0.07489004823051092,-0.007574194633488518,0.1905300598455788,0.19810425447906732,0.25008717486363385,0.10717063819339523,-0.007574194633488518,0.1433560259606954,0.1905300598455788,0.14399515186759415
0.25,0.15,0.08,0.4,0.4,0.10994612617097732,0.07241523191038886,1.5182734801848254,-0.078084676715657,0.11706835651112368,0.07742019406144322,-0.012558338319287099,0.18759527908846163,0.20015361740774873,0.25008412427064675,0.1107400818902029,-0.012558338319287099,0.15277881571493657,0.18759527908846163,0.14678594418130442
0.45,0.22,0.14,0.3,0.4,0.10677627759286579,0.06959124614929343,1.5343348984411007,-0.07879396506956715,0.1142517211232426,0.07747028139538957,-0.01244202313812881,0.19036965762037905,0.20281168075850786,0.25002338472450425,0.10164096227413588,-0.01244202313812881,0.14410854719835808,0.19036965762037905,0.1475814616614688
0.25,0.18,0.06,0.4,0.45,0.10564580394766421,0.07047125879773906,1.4991332033798388,-0.07852185786408572,0.11234689583817854,0.0742479326685279,-0.012670047563698272,0.17735929488285795,0.19002934244655623,0.24921344351713362,0.10720670368088991,-0.012670047563698272,0.14975837206712228,0.17735929488285795,0.14008015612372082
0.35,0.12,0.14,0.5,0.45,0.10421060870899468,0.06832875182997292,1.5251355530144766,-0.07089074481337865,0.11010359943807342,0.07503951962619752,-0.01587307952023087,0.1718639853655035,0.18773706488573438,0.24902652837866912,0.10135195953195542,-0.01587307952023087,0.13949890270191267,0.1718639853655035,0.15367622911122636
0.45,0.15,0.08,0.3,0.45,0.10421817026294011,0.06865053017168816,1.5180970926561064,-0.07606370855070899,0.11119714263152805,0.07508776102939314,-0.013837475313572822,0.18108969976280775,0.19492717507638058,0.24861598948887517,0.10364115762467141,-0.013837475313572822,0.14015380119746657,0.18108969976280775,0.14493852988626732
0.25,0.22,0.06,0.4,0.45,0.10566075327807845,0.07057015139746924,1.4972442482512176,-0.07892380749253824,0.11234689583817854,0.0742479326685279,-0.012670047563698272,0.17735929488285795,0.19002934244655623,0.24855816911724918,0.10720670368088991,-0.012670047563698272,0.14975837206712228,0.17735929488285795,0.14008015612372082
0.55,0.12,0.1,0.3,0.3,0.11801569075768947,0.07791317886375389,1.5147076846147236,-0.08802645436804901,0.126437751778323,0.08173263414276569,-0.008800303083946304,0.20144570030689124,0.21024600339083754,0.2484840142826941,0.11433960037259139,-0.008800303083946304,0.15794804303702814,0.20144570030689124,0.1672557182590506
0.25,0.12,0.1,0.5,0.4,0.10996379220544084,0.07219820888142048,1.5230819975887098,-0.07722117810191742,0.11676886440533782,0.07759783059880826,-0.013999606153093147,0.18397815557328734,0.19797776172638049,0.24832375689013667,0.1107317402707948,-0.013999606153093147,0.1493374485991963,0.18397815557328734,0.15379658373650384
0.35,0.15,0.14,0.6,0.45,0.10776055664269424,0.07075360073617072,1.5230398950933501,-0.07289727985891359,0.11293010386442186,0.07660368339494723,-0.015517364768575459,0.16902303331950952,0.18454039808808498,0.2477782220931212,0.10018372786923213,-0.015517364768575459,0.1508021363444476,0.16902303331950952,0.1601589865574955
0.45,0.18,0.14,0.3,0.4,0.10538219214563083,0.0690500002528822,1.5261722195465466,-0.07746214801076179,0.11412172572234576,0.07734760252050218,-0.012295190087671215,0.19110851458297984,0.20340370467065105,0.24763742371916378,0.10223130321578688,-0.012295190087671215,0.14410481490859417,0.19110851458297984,0.1454591859920391
0.35,0.22,0.06,0.3,0.45,0.10175994151162482,0.06991856595936782,1.4554065878691098,-0.07917545927797198,0.1096806142825731,0.07231135623049893,-0.008492680498436322,0.18306855995908022,0.19156124045751655,0.24745641745387184,0.10575872291288313,-0.008492680498436322,0.1475144407558162,0.18306855995908022,0.12055402828352224
0.45,0.12,0.08,0.3,0.4,0.1055256429394138,0.07103832930670025,1.485474728492253,-0.07842277937644904,0.1138679422445302,0.07531212279620998,-0.010208384908838575,0.18920759126456832,0.1994159761734069,0.24743492575582818,0.10747367936380958,-0.010208384908838575,0.13613866253940454,0.18920759126456832,0.14672816296370716
0.55,0.12,0.14,0.3,0.45,0.10125137231591608,0.06793896451450852,1.490328459367284,-0.07491225438769678,0.10803835251928177,0.07220117946873333,-0.01382803848656422,0.1756239624126159,0.18945200089918013,0.2473680190477435,0.10917684704130326,-0.01382803848656422,0.13772893995184532,0.1756239624126159,0.13149005167720862
0.25,0.12,0.08,0.4,0.4,0.10478935598256567,0.0713527175924187,1.4686105802044414,-0.08314194021326282,0.11382890443546292,0.07399250811023733,-0.008715367506350047,0.18827594454786523,0.19699131205421527,0.2469206427801456,0.11125550169890097,-0.008715367506350047,0.14415048551130005,0.18827594454786523,0.1341779579255984
0.35,0.12,0.1,0.6,0.45,0.10775979148721215,0.07120038029849811,1.513472133652146,-0.07438858058017528,0.1121657431204253,0.07548480535954212,-0.01668000846523876,0.16605491523123583,0.1827349236964746,0.24567105989849952,0.10646549711764797,-0.01668000846523876,0.151688477371277,0.16605491523123583,0.1532998343472045
0.45,0.15,0.14,0.3,0.35,0.10837472949750548,0.07232090147824344,1.498525699795214,-0.08027562553775935,0.11741657008128341,0.07814078667420173,-0.009941376051183615,0.1976415415192292,0.2075829175704128,0.245238175451958,0.10724101008108144,-0.009941376051183615,0.14274205482783175,0.1976415415192292,0.14939962002945828
0.35,0.22,0.06,0.3,0.4,0.10783739919695079,0.07253961681285219,1.4866000667630315,-0.08352346034220903,0.11675561316618747,0.07654248244378785,-0.009840807309187904,0.19150641373615485,0.20134722104534275,0.24498410360625497,0.11046585758517224,-0.009840807309187904,0.15257787879623197,0.19150641373615485,0.13906872302256623
0.25,0.12,0.1,0.6,0.45,0.10244882041916403,0.06853059710861432,1.4949354703095994,-0.07333036912300928,0.10853755620401757,0.07469364969263884,-0.01307932423023761,0.170984345202138,0.18406366943237562,0.24476766998050029,0.08787261830983972,-0.01307932423023761,0.14596082322361803,0.170984345202138,0.1509493185147297
0.25,0.22,0.14,0.4,0.3,0.113103520705915,0.07738246478798874,1.4616169311199152,-0.08605659787214759,0.12133086250051942,0.07921829952809836,-0.005653385047172166,0.2071408983694225,0.21279428341659468,0.24413849001236357,0.10875531164095675,-0.005653385047172166,0.1458465517965637,0.2071408983694225,0.15056493574282626
0.25,0.18,0.14,0.4,0.3,0.113103520705915,0.07738246478798874,1.4616169311199152,-0.08605659787214759,0.12133086250051942,0.07921829952809836,-0.005653385047172166,0.2071408983694225,0.21279428341659468,0.24413849001236357,0.10875531164095675,-0.005653385047172166,0.1458465517965637,0.2071408983694225,0.15056493574282626
0.55,0.12,0.08,0.3,0.45,0.10265612575466099,0.06777023894367411,1.5147670622790868,-0.07965745381001454,0.109078799552691,0.07425808402363669,-0.015137165177324219,0.17562958052272393,0.19076674570004815,0.2440018071447991,0.10138342606487472,-0.015137165177324219,0.143027903406459,0.17562958052272393,0.14049025294672157
0.55,0.12,0.1,0.3,0.45,0.10234045897892075,0.06860235879505001,1.4917921304231465,-0.07574693572339453,0.10908294182992091,0.07310132734537833,-0.014987526587667,0.17542288587680788,0.19041041246447488,0.24360408030732525,0.11076155251272923,-0.014987526587667,0.13898248897846077,0.17542288587680788,0.13523530836927367
0.25,0.18,0.1,0.4,0.3,0.11799234327748342,0.08043981541242363,1.4668400551707375,-0.08844634992025935,0.12690901472561203,0.08084690225637835,-0.006577778165316794,0.20761390834988647,0.21419168651520326,0.24338138766576614,0.1202237508962185,-0.006577778165316794,0.1565472265094936,0.20761390834988647,0.15673796603777834
0.25,0.22,0.1,0.4,0.3,0.11799234327748342,0.08043981541242363,1.4668400551707375,-0.08844634992025935,0.12690901472561203,0.08084690225637835,-0.006577778165316794,0.20761390834988647,0.21419168651520326,0.24338138766576614,0.1202237508962185,-0.006577778165316794,0.1565472265094936,0.20761390834988647,0.15673796603777834
0.25,0.15,0.14,0.4,0.3,0.11344716028444934,0.07759594078139495,1.4620244196027632,-0.08605659857606018,0.12170220571224802,0.0794633345764497,-0.005989674480533003,0.2074544244420431,0.2134440989225761,0.24324504526358479,0.10979536890019181,-0.005989674480533003,0.14668490947874657,0.2074544244420431,0.15056600022079158
0.25,0.15,0.14,0.5,0.45,0.09924121972072064,0.06695475395791016,1.4822131940490253,-0.07396461621223493,0.10497148383710146,0.07326253994038565,-0.012711239075263503,0.17598057859089722,0.18869181766616072,0.24245035609931967,0.08539890474591161,-0.012711239075263503,0.1386939139483372,0.17598057859089722,0.1374952609756248
0.35,0.12,0.14,0.4,0.4,0.10649533982732362,0.0717942524346931,1.4833407440824877,-0.07796665247248302,0.11374316069342486,0.07601285060848854,-0.012099208168877329,0.18859149077681447,0.2006906989456918,0.24240929941394848,0.10758334554815074,-0.012099208168877329,0.14332375133131792,0.18859149077681447,0.14131642397971844
0.25,0.22,0.14,0.5,0.45,0.09912103021122687,0.06699528200329659,1.4795225461749604,-0.07396461621223493,0.10483615994031159,0.07330339351508001,-0.01269633775904988,0.17598057859100602,0.1886769163500559,0.2415407086277551,0.08470736845321891,-0.01269633775904988,0.13869392944075765,0.17598057859100602,0.13749526097562526
0.25,0.18,0.14,0.5,0.45,0.09912103021122687,0.06699528200329659,1.4795225461749604,-0.07396461621223493,0.10483615994031159,0.07330339351508001,-0.01269633775904988,0.17598057859100602,0.1886769163500559,0.2415407086277551,0.08470736845321891,-0.01269633775904988,0.13869392944075765,0.17598057859100602,0.13749526097562526
0.45,0.12,0.14,0.3,0.35,0.10676307418831077,0.07265380358475522,1.4694767365312809,-0.0813002767364287,0.1153036055341536,0.07675515165871404,-0.00909493537749717,0.19619574740167223,0.2052906827791694,0.24137940905944236,0.10708490866814957,-0.00909493537749717,0.1327522401275718,0.19619574740167223,0.14958006685087155
0.45,0.12,0.08,0.5,0.45,0.11114661231510192,0.0717297326133336,1.5495194010306579,-0.07414062988820913,0.11430587409402634,0.07913745391166684,-0.020406137754196974,0.16929806983761297,0.18970420759180995,0.24046083284828773,0.10690747566420633,-0.020406137754196974,0.15399517733354307,0.16929806983761297,0.16173478538896635
0.35,0.12,0.14,0.6,0.4,0.1118992959488172,0.07357997199319743,1.520784704282878,-0.07618455402392066,0.11751162915539523,0.07961797549318658,-0.016128298405127528,0.1769408580802272,0.19306915648535472,0.240272530907525,0.10491465468095273,-0.016128298405127528,0.15654769876125663,0.1769408580802272,0.16528323265966716
0.35,0.22,0.08,0.3,0.4,0.10533431818980721,0.07299504487612292,1.4430338164537884,-0.08774742885076214,0.11454830860350824,0.07449683531245606,-0.007294934491488214,0.19119738546490117,0.19849231995638938,0.24020554659549004,0.1066840125166133,-0.007294934491488214,0.1431763072383061,0.19119738546490117,0.13897877228920885
0.45,0.12,0.14,0.6,0.45,0.10932752369601428,0.07183194416834394,1.5219903200698066,-0.0717005671933525,0.11299142525516266,0.07831951980315356,-0.01804139208508948,0.1665283841325942,0.18456977621768367,0.23979898127635288,0.09837702580608632,-0.01804139208508948,0.1543426693664678,0.16375043905575448,0.1665283841325942
0.45,0.12,0.06,0.3,0.4,0.10745231208964601,0.07251670658072247,1.481759406296737,-0.0821306681993833,0.11577639272996691,0.07673015689087824,-0.011814637041930087,0.18928185214655957,0.20109648918848966,0.23949754722557293,0.10997312686346317,-0.011814637041930087,0.14121913243281603,0.18928185214655957,0.1502224892489259
0.35,0.22,0.14,0.4,0.45,0.10235894010762614,0.06973901954954817,1.4677427467259154,-0.075789635100601,0.10900779832576848,0.07407116861283175,-0.012676575012877778,0.17795388916758492,0.1906304641804627,0.2393049413960789,0.09670432513653204,-0.012676575012877778,0.14923943091830338,0.17795388916758492,0.13381792141929982
0.25,0.15,0.06,0.4,0.4,0.1113849909190725,0.07390088316050043,1.5072213775465013,-0.07993229403713109,0.11837104248525047,0.07901685250077994,-0.014666623638439846,0.18764842834657158,0.20231505198501143,0.23911738169172725,0.11263410035599386,-0.014666623638439846,0.1568899754201989,0.18764842834657158,0.1493493319419279
0.25,0.12,0.14,0.5,0.4,0.10571892157112073,0.07113589169771842,1.4861544439529604,-0.07534051396183339,0.11222470624359152,0.07676015663774831,-0.013237889256909052,0.18447119039150905,0.1977090796484181,0.23897481146560526,0.0966884081924062,-0.013237889256909052,0.14532698194389315,0.18447119039150905,0.1478748399470582
0.25,0.18,0.06,0.4,0.4,0.11169002595872368,0.07411700553217625,1.5069419650290101,-0.0801338936960424,0.11850842151535568,0.0791052508989232,-0.014749088227930529,0.1873478426494659,0.20209693087739644,0.23888264640706905,0.11263410035599386,-0.014749088227930529,0.15746998938678702,0.1873478426494659,0.14983926341246212
0.45,0.18,0.08,0.3,0.45,0.10517636779630912,0.06990603706265398,1.5045391244542121,-0.0788161482536538,0.11228444848901956,0.07630769563778318,-0.015100400606692932,0.1816451746428931,0.19674557524958602,0.23881446021556166,0.1042897955769484,-0.015100400606692932,0.14300323773274282,0.1816451746428931,0.14758443509920638
0.25,0.18,0.1,0.5,0.4,0.10771320715098565,0.07300186463810868,1.4754856973167894,-0.08468130424993736,0.11533954111963078,0.07692954002383484,-0.01083195389312741,0.18356451503544258,0.19439646892857,0.2383340929276521,0.09833264341984571,-0.01083195389312741,0.15232572553520352,0.18356451503544258,0.15330677550078953
0.25,0.22,0.1,0.5,0.4,0.10771098604289797,0.07300256086645177,1.4754412004798096,-0.08468130424993747,0.11533703490302978,0.07693023596692412,-0.010831962776807424,0.18356451503544569,0.1943964778122531,0.238318197792074,0.0983201210730269,-0.010831962776807424,0.15232572568269553,0.18356451503544569,0.1533067755007882
0.25,0.18,0.1,0.6,0.45,0.10446713476256098,0.0693744972022968,1.5058434868065949,-0.07400637289952394,0.11006520959714747,0.07713897584081045,-0.015164213620762257,0.17067691703248666,0.18584113065324892,0.23807289220300404,0.08656173277560208,-0.015164213620762257,0.1518440147527278,0.17067691703248666,0.15640759704568308
0.25,0.18,0.08,0.4,0.4,0.10820425366742836,0.07324379703245242,1.4773162786670642,-0.08073340291660025,0.11591022251907299,0.07689241503777539,-0.012558338319287099,0.18750467552349281,0.2000630138427799,0.2380135508574796,0.1107400818902029,-0.012558338319287099,0.15277881571493657,0.18750467552349281,0.14108587778601978
0.25,0.22,0.08,0.4,0.4,0.10820425366742836,0.07324379703245242,1.4773162786670642,-0.08073340291660025,0.11591022251907299,0.07689241503777539,-0.012558338319287099,0.18750467552349281,0.2000630138427799,0.2380135508574796,0.1107400818902029,-0.012558338319287099,0.15277881571493657,0.18750467552349281,0.14108587778601978
0.45,0.15,0.1,0.3,0.4,0.10767721018414789,0.07147744388579887,1.5064502076513286,-0.07980155385769727,0.11528578825435062,0.0783365913362283,-0.014236593569419753,0.1902900731831092,0.20452666675252895,0.23744146605743655,0.1058256883501767,-0.014236593569419753,0.14518949763683353,0.1902900731831092,0.14936027567105348
0.25,0.15,0.08,0.4,0.35,0.11529017673988995,0.07642973080342039,1.5084467199867526,-0.08508950514677027,0.12395156375887381,0.08172279072542889,-0.012755544985720402,0.19810728202100347,0.21086282700672387,0.23723567736344348,0.11640424907295888,-0.012755544985720402,0.1615186307252361,0.19810728202100347,0.15648320196089105
0.25,0.22,0.1,0.6,0.45,0.10459181455723465,0.06964130372859226,1.5018646831319005,-0.07400637289952361,0.11004265131657118,0.07714765660460629,-0.015164435764072115,0.17067691703248777,0.1858413527965599,0.2372013204599318,0.08644916351586596,-0.015164435764072115,0.15184401475289033,0.17067691703248777,0.15640759704568397
0.25,0.12,0.06,0.5,0.45,0.10341239703513816,0.0696264887346948,1.4852450398465644,-0.0748475515477468,0.1090871938973444,0.07541474597828395,-0.014874718957939792,0.17297658484378342,0.1878513038017232,0.23698868477920207,0.09173006527231031,-0.014874718957939792,0.1467579347273098,0.17297658484378342,0.14884610360125827
0.25,0.15,0.1,0.4,0.3,0.1165033753025908,0.0794075826601772,1.467156805429579,-0.08844635062374684,0.1252171759403076,0.08171521227375397,-0.007665559055697879,0.20792567956872876,0.21559123862442664,0.23689332147597264,0.11170257946097761,-0.007665559055697879,0.1573841740012023,0.20792567956872876,0.15673900572632715
0.35,0.12,0.1,0.4,0.45,0.10341582975490815,0.06891321055048363,1.5006677083945898,-0.07365547153203267,0.10967990692721279,0.07542092584267718,-0.01752411191962322,0.17951981672905615,0.19704392864867937,0.23612718567124294,0.109911119138983,-0.01752411191962322,0.14384329194280032,0.17951981672905615,0.1326494187448477
0.45,0.18,0.1,0.3,0.45,0.10395812554524508,0.06926868460035321,1.5007954336802145,-0.07597234800293728,0.11110418105722016,0.07561005144311274,-0.017128296232794327,0.17854948020686856,0.1956777764396629,0.23587568827795222,0.11066762315722456,-0.017128296232794327,0.1423157979544285,0.17854948020686856,0.14111630020037347
0.55,0.12,0.14,0.4,0.45,0.10530767699869115,0.06922148818681512,1.5213148367236276,-0.07484942226773839,0.11143981994556955,0.0783498250757541,-0.017400045078520998,0.1715029352741928,0.1889029803527138,0.2344236450611628,0.09140472146903411,-0.017400045078520998,0.15477002186209976,0.1715029352741928,0.15692146620104208
0.25,0.12,0.1,0.4,0.3,0.11501362374201962,0.07902218978087208,1.4554598405960593,-0.08796929542369991,0.12352632155287413,0.08101713330634118,-0.0078001773954659015,0.20840934256064547,0.21620951995611137,0.23424490621763308,0.11258251821595366,-0.0078001773954659015,0.147924027043848,0.20840934256064547,0.15651589733938942
0.25,0.15,0.06,0.5,0.45,0.10366194831731157,0.06967132854465069,1.48787098628207,-0.07217532925048475,0.10884417880259764,0.07672549798224867,-0.015727887760581094,0.1710532162253824,0.18678110398596348,0.23364215045814082,0.08594766523564168,-0.015727887760581094,0.15115858310766317,0.1710532162253824,0.1517893172048821
0.55,0.12,0.14,0.3,0.4,0.1064056249522991,0.07157720836241752,1.486585288623364,-0.07990166671356635,0.11372584367639908,0.0764545980691537,-0.01569547414230521,0.18341685996225543,0.19911233410456064,0.2336274962497452,0.11404777347761752,-0.01569547414230521,0.14563525652363163,0.18341685996225543,0.14122480256079606
0.25,0.15,0.1,0.6,0.45,0.10435676693891849,0.069373520983387,1.50427375545648,-0.0739333003338778,0.10995413126772544,0.07763432654294528,-0.016432062446504525,0.17069069639204693,0.18712275883855145,0.23356280450203842,0.08713391879696064,-0.016432062446504525,0.15176667274292077,0.17069069639204693,0.1566114308532034
0.25,0.15,0.1,0.5,0.4,0.10635919473075561,0.07257001009963045,1.4656081015385891,-0.08155005936581405,0.11408740403944935,0.07755408478583467,-0.011376289961999908,0.18356451503708127,0.19494080499908117,0.23284319509714319,0.09237830797773161,-0.011376289961999908,0.1523258675540764,0.18356451503708127,0.15354461959035737
0.55,0.12,0.06,0.3,0.4,0.11087365198887356,0.07344981754606543,1.5095156896657649,-0.0858026819992177,0.1180189139709025,0.0795817561976678,-0.01559801601923938,0.18467953239662704,0.20027754841586642,0.2325846631719985,0.10844241666830912,-0.01559801601923938,0.153496328264066,0.18467953239662704,0.1590743085447497
0.55,0.12,0.08,0.3,0.3,0.11779815744059463,0.07834351355175856,1.5036108555786165,-0.08839178230381117,0.1261119230694591,0.08319333993093488,-0.013035621141438414,0.19891072881319638,0.2119463499546348,0.23241334959578064,0.11652747914110684,-0.013035621141438414,0.15917767770355318,0.19891072881319638,0.16897935083087745
0.45,0.22,0.14,0.3,0.35,0.10821473276552296,0.07211038551113039,1.500681656303443,-0.08080528660114805,0.11740658239142931,0.07999095863902261,-0.013791246958066217,0.19629347229776695,0.21008471925583316,0.23207008026071402,0.10602194028275225,-0.013791246958066217,0.14913520880726372,0.19629347229776695,0.14937353752742988
0.45,0.18,0.14,0.3,0.3,0.11298027999569782,0.07555661308135107,1.4953063059358291,-0.08486511749621395,0.1227577112388584,0.08222017402836719,-0.01173919537100132,0.20457283180847985,0.21631202717948117,0.23183144090358346,0.11124712774302359,-0.01173919537100132,0.14916739700335757,0.20457283180847985,0.16054039501043227
0.25,0.12,0.08,0.4,0.3,0.11753253534267794,0.08001873975433553,1.4688126269360529,-0.08918164615138979,0.12646552837158595,0.08286937639440407,-0.009239407786094667,0.2088016723753936,0.21804108016148827,0.23156443131413026,0.11453584046864007,-0.009239407786094667,0.15913302609230962,0.2088016723753936,0.15909651070768116
0.45,0.18,0.14,0.3,0.35,0.10874896999489003,0.07255295618009056,1.4988909580052663,-0.08086152698832938,0.11798409940676828,0.08031173899275884,-0.013780435955449866,0.19717471419882804,0.2109551501542779,0.23129465111184366,0.10669491928073627,-0.013780435955449866,0.1502002781218419,0.19717471419882804,0.1496310213878851
0.25,0.12,0.14,0.6,0.45,0.10200142823723524,0.06731869336216781,1.5152021398941569,-0.07167110657699638,0.10854331093239955,0.07733326446126294,-0.018568835357614,0.17217728101175833,0.19074611636937233,0.23122923147070648,0.09033544118622916,-0.018568835357614,0.14453227819913028,0.17217728101175833,0.15424038962249398
0.35,0.18,0.08,0.4,0.45,0.10671726268290427,0.07141937566478863,1.494234046287222,-0.07763398415963274,0.11232451644008339,0.07785508946495993,-0.016870916387945356,0.17483670606314772,0.19170762245109307,0.23049513354070372,0.09686442872039769,-0.016870916387945356,0.1574979124699467,0.17483670606314772,0.14929445133487018
0.35,0.12,0.08,0.4,0.45,0.10414537460721363,0.06975435359461414,1.4930304596106942,-0.07439033874425749,0.1100875601790253,0.0760428416526103,-0.01898620845746768,0.17822146072454514,0.19720766918201282,0.22993595318643492,0.11185999415499848,-0.01898620845746768,0.14576450137348806,0.17822146072454514,0.1335780530995625
0.55,0.12,0.14,0.3,0.35,0.10968984376037416,0.07438790130297895,1.4745656462818033,-0.0834673084018942,0.11724765148418156,0.07808607891698409,-0.01472755057417341,0.18973012342966644,0.20445767400383985,0.22982223198265364,0.11848612342914633,-0.01472755057417341,0.14319145881709372,0.18973012342966644,0.14955810231917477
0.35,0.12,0.1,0.6,0.4,0.11323867371129204,0.07550922683594403,1.4996667090410196,-0.07523934015481482,0.11822561141535057,0.08043260492998437,-0.01864225594848501,0.17385031768366588,0.1924925736321509,0.2296010889494748,0.11058911940271376,-0.01864225594848501,0.15805120452503663,0.17385031768366588,0.1672796714138216
0.25,0.12,0.08,0.6,0.45,0.10271168575665679,0.06968339980382034,1.4739763852771388,-0.07452056465400647,0.10732452597472979,0.07520418683567114,-0.017222358288620843,0.16970692032186196,0.1869292786104828,0.22943055981601454,0.09246251864211241,-0.017222358288620843,0.14185220907457463,0.16970692032186196,0.14982334012372078
0.25,0.22,0.06,0.4,0.4,0.11087826538479018,0.07492790052860605,1.4797994418976006,-0.08378402326260015,0.11850842151535568,0.0791052508989232,-0.014749088227930529,0.1873478426494659,0.20209693087739644,0.2292978381522176,0.11263410035599386,-0.014749088227930529,0.15746998938678702,0.1873478426494659,0.14983926341246212
0.35,0.18,0.06,0.3,0.4,0.10576561268424833,0.0744371221004686,1.420871867419798,-0.08347812018481693,0.11440099512378696,0.07555556692357403,-0.009775858452124031,0.19273339227012043,0.20250925072224446,0.22917922430866888,0.11188877233658046,-0.009775858452124031,0.14576348012660523,0.19273339227012043,0.13139518933775274
0.25,0.15,0.14,0.6,0.45,0.10196493970112241,0.06749966532066172,1.5105991891475474,-0.07178603592538879,0.10840571255433122,0.07746258597265106,-0.018773939909001447,0.17195186384855887,0.19072580375756032,0.22917906922958328,0.08960980566688925,-0.018773939909001447,0.14523625273526086,0.17195186384855887,0.15400458042994858
0.55,0.12,0.06,0.3,0.3,0.11960105308181301,0.0791750015777007,1.5105911044970302,-0.08897750657409276,0.12795633805686424,0.08447533310826959,-0.014796090103249337,0.19906013229899622,0.21385622240224555,0.22866210700407935,0.12216533164043808,-0.014796090103249337,0.160417659566231,0.19906013229899622,0.17293465688190524
0.25,0.12,0.08,0.5,0.45,0.1017136198671007,0.06872967102369014,1.4799084347725375,-0.0730292326943397,0.10891173387828215,0.07503745729689754,-0.018387758678254262,0.1736227669031256,0.19201052558137988,0.22863094693928424,0.10645748610550632,-0.018387758678254262,0.1434947823628403,0.1736227669031256,0.13937139269819276
0.25,0.18,0.14,0.6,0.45,0.1018915367849198,0.06753100020964309,1.508811308415512,-0.07178603592538835,0.1083259474881803,0.07748593790879657,-0.018770946700073066,0.1719518638485591,0.19072281054863216,0.2285799461565517,0.08920798712541878,-0.018770946700073066,0.1452362527370481,0.1719518638485591,0.15400458042994858
0.25,0.22,0.14,0.6,0.45,0.1018915367849198,0.06753100020964309,1.508811308415512,-0.07178603592538835,0.1083259474881803,0.07748593790879657,-0.018770946700073066,0.1719518638485591,0.19072281054863216,0.2285799461565517,0.08920798712541878,-0.018770946700073066,0.1452362527370481,0.1719518638485591,0.15400458042994858
0.35,0.12,0.1,0.4,0.4,0.10829722941236497,0.07332969886779665,1.4768535952617228,-0.080145535768682,0.11543525129579837,0.07802259606329744,-0.016170811381393313,0.1880575577460022,0.2042283691273955,0.2276878952732487,0.11524076914965797,-0.016170811381393313,0.14658595405475427,0.1880575577460022,0.14346278690997072
0.25,0.12,0.08,0.4,0.35,0.11063547268134921,0.07610381052574745,1.453744193845839,-0.0841184728100195,0.11858384586744619,0.07909977430806547,-0.01222447190479814,0.19881651712391823,0.21104098902871637,0.22739111254027639,0.11522955248315281,-0.01222447190479814,0.14294793576702003,0.19881651712391823,0.14814969586793802
0.35,0.15,0.14,0.4,0.4,0.10651542021815352,0.07247504044370454,1.469684177698253,-0.07924017466320565,0.11450942771374953,0.07783913260261777,-0.01508136098027324,0.18718719926413163,0.20226856024440487,0.22693934158634488,0.10726016746928657,-0.01508136098027324,0.1515373113748144,0.18718719926413163,0.14164382144078824
0.45,0.15,0.14,0.3,0.3,0.11112537450361604,0.07561727472031453,1.4695765605760753,-0.08421677402652994,0.12053934024623683,0.08131524452275027,-0.011561664218973311,0.20668035352215397,0.21824201774112728,0.2265671405288957,0.11186803731038752,-0.011561664218973311,0.15011836694557812,0.20668035352215397,0.14559160767203783
0.35,0.22,0.14,0.6,0.45,0.10786639166088641,0.07207882031233126,1.4965060636880678,-0.07346309525781325,0.11204489282009504,0.07860556560816834,-0.019743471465540896,0.16874858450012398,0.18849205596566487,0.22653099853058722,0.09850059232435315,-0.019743471465540896,0.15312962282621445,0.16874858450012398,0.15958913591532453
0.35,0.15,0.14,0.6,0.4,0.11128120035902178,0.07465074356919293,1.4906911175757611,-0.07687027367440313,0.11789999127461759,0.08063612378452849,-0.017298639304207497,0.17662645914855624,0.19392509845276373,0.2262694330255644,0.10432785132548772,-0.017298639304207497,0.1582810816445801,0.17662645914855624,0.16756320355867138
0.25,0.15,0.14,0.5,0.4,0.10485113930125611,0.0712454760715006,1.4716883805510614,-0.07539255038090265,0.11123573076779021,0.07837139739588614,-0.014885250091143387,0.18654520855648027,0.20143045864762366,0.2261624947388762,0.09049531659452437,-0.014885250091143387,0.14663668884199432,0.18654520855648027,0.14738668993709547
0.25,0.18,0.08,0.5,0.45,0.10370095160513748,0.0702053987082239,1.4771079363301145,-0.07586209546818934,0.10942266932383231,0.07653555910285895,-0.01761124595974972,0.17223229342027535,0.18984353938002507,0.2259579090465226,0.09457648839471,-0.01761124595974972,0.14805683690187377,0.17223229342027535,0.14985897386205216
0.55,0.15,0.14,0.3,0.35,0.11185166058707519,0.07503812360248543,1.4905977817303844,-0.08478628402674604,0.11957675547954287,0.08025304489929347,-0.01640530547197705,0.19155777295503906,0.2079630784270161,0.2259085504818788,0.11913878636542319,-0.01640530547197705,0.14920472784079952,0.19155777295503906,0.15438779570842964
0.25,0.22,0.08,0.5,0.45,0.10365335957304223,0.07022064500996847,1.4761094768971101,-0.07586209546818945,0.10936896209614007,0.07654873601614887,-0.017611413334500114,0.1722322934202858,0.1898437067547859,0.22561131826038663,0.09430811881741952,-0.017611413334500114,0.14805683771544076,0.1722322934202858,0.14985897386205438
0.35,0.22,0.14,0.4,0.4,0.10687041052992541,0.07308090639188551,1.4623574857822466,-0.07993227613334408,0.11431600831127484,0.07816285431681516,-0.014399425677658617,0.18645647913670538,0.200855904814364,0.22558031170903733,0.10155039933556642,-0.014399425677658617,0.1560147528575,0.18645647913670538,0.14195783590426103
0.25,0.22,0.14,0.5,0.4,0.10476025589629345,0.07127514079637706,1.4698007569789109,-0.07539255038090287,0.11113337675306552,0.07840112769650144,-0.014871918006312379,0.18654520855656553,0.2014171265628779,0.22551900202769934,0.08997020307465653,-0.014871918006312379,0.1466367002033222,0.18654520855656553,0.1473866899370957
0.25,0.18,0.14,0.5,0.4,0.10476025589629345,0.07127514079637706,1.4698007569789109,-0.07539255038090287,0.11113337675306552,0.07840112769650144,-0.014871918006312379,0.18654520855656553,0.2014171265628779,0.22551900202769934,0.08997020307465653,-0.014871918006312379,0.1466367002033222,0.18654520855656553,0.1473866899370957
0.55,0.15,0.14,0.3,0.45,0.10374406120488011,0.06943427288536586,1.4941333277322397,-0.07849973245331887,0.11052756851944004,0.07649557402271573,-0.019441248006687117,0.17824378347941372,0.19768503148610084,0.2254071210707352,0.11097571087023339,-0.019441248006687117,0.1444970380536279,0.17824378347941372,0.13836255820061227
0.25,0.18,0.08,0.4,0.35,0.11483388075179035,0.07718088196790956,1.4878539584392962,-0.08535678200455865,0.1234621412352278,0.08246326688249582,-0.014652641805535604,0.19791259819061446,0.21256523999615007,0.2253906712511345,0.11617518701550655,-0.014652641805535604,0.16139297121804352,0.19791259819061446,0.1564825915575101
0.25,0.22,0.08,0.4,0.35,0.11483388075179035,0.07718088196790956,1.4878539584392962,-0.08535678200455865,0.1234621412352278,0.08246326688249582,-0.014652641805535604,0.19791259819061446,0.21256523999615007,0.2253906712511345,0.11617518701550655,-0.014652641805535604,0.16139297121804352,0.19791259819061446,0.1564825915575101
0.45,0.18,0.08,0.3,0.4,0.10939308286477933,0.07293159162825401,1.4999409778738462,-0.08217964345005913,0.11726314866873774,0.08032015818049063,-0.016995376121165418,0.18936160881062825,0.20635698493179366,0.2252158953973645,0.10882028897016971,-0.016995376121165418,0.1495560012022512,0.18936160881062825,0.155573220481805
0.35,0.12,0.14,0.4,0.35,0.11058719936262174,0.0754979557323493,1.4647707780945574,-0.08248625505056995,0.1177998118663853,0.07975318427564543,-0.014177839614235133,0.1974102972018541,0.21158813681608923,0.2250389741780939,0.11265262077375682,-0.014177839614235133,0.1448383395099917,0.1974102972018541,0.14827564146055905
0.45,0.15,0.08,0.3,0.4,0.10825769265946383,0.07264284284904045,1.4902733485311805,-0.08379449624970492,0.11692379242388173,0.07975823359559543,-0.015878539052005536,0.1905989270707964,0.20647746612280193,0.22454854130850188,0.10844744036894727,-0.015878539052005536,0.14725784863353697,0.1905989270707964,0.15419328509813357
0.25,0.18,0.1,0.5,0.35,0.11262487828604462,0.07648744711253559,1.4724622475677638,-0.08593627338148613,0.12119876968252294,0.08166624381007438,-0.01298361056984143,0.1932337475468049,0.20621735811664632,0.2243313265745454,0.1036593289749752,-0.01298361056984143,0.1603625426148827,0.1932337475468049,0.16172183984579336
0.25,0.22,0.1,0.5,0.35,0.11262487828604462,0.07648744711253559,1.4724622475677638,-0.08593627338148613,0.12119876968252294,0.08166624381007438,-0.01298361056984143,0.1932337475468049,0.20621735811664632,0.2243313265745454,0.1036593289749752,-0.01298361056984143,0.1603625426148827,0.1932337475468049,0.16172183984579336
0.25,0.12,0.06,0.4,0.3,0.1189741241627218,0.08138800992782474,1.46181389947031,-0.09065313660731078,0.12806401304447296,0.08383126221345663,-0.011136429194531727,0.20811964536312622,0.21925607455765794,0.2241292105297549,0.11999674622701528,-0.011136429194531727,0.16088192448109506,0.20811964536312622,0.16245817834566
0.25,0.12,0.14,0.4,0.3,0.11288178064682963,0.07752135514867285,1.456137865886651,-0.08605659946877176,0.12146292486660126,0.08182139595079328,-0.011090380211506767,0.2078743698484935,0.21896475006000027,0.22381935523807908,0.11062392881187,-0.011090380211506767,0.14933934519153258,0.2078743698484935,0.150567360692617
0.35,0.18,0.14,0.5,0.45,0.10542026265282156,0.06938424317890877,1.5193689204189074,-0.07612225714890897,0.11031832750228357,0.07914272249382895,-0.021094086410614166,0.1713358646840819,0.19242995109469607,0.22366907641094302,0.09409291429461164,-0.021094086410614166,0.14877469185776238,0.1713358646840819,0.15848225308557606
0.35,0.18,0.14,0.6,0.4,0.11205950885997451,0.07543678149593372,1.4854757405843841,-0.07728189528428697,0.11778982793419583,0.08097755165453326,-0.017803681813765238,0.1763759254280286,0.19417960724179384,0.2236593795447917,0.10338552827030356,-0.017803681813765238,0.15989079860901811,0.1763759254280286,0.16710056917739413
0.45,0.12,0.1,0.5,0.45,0.10814078548629391,0.07131174779662344,1.5164511995233174,-0.07360200899877845,0.11176613387207208,0.07989850401082638,-0.021898215641424246,0.16947985269813914,0.1913780683395634,0.2235887946496652,0.09743425621016089,-0.021898215641424246,0.15156025204550883,0.16947985269813914,0.1622545240479758
0.35,0.22,0.08,0.3,0.35,0.10837233564113347,0.07593211670569848,1.42722658530867,-0.08525488504401757,0.11764140030505225,0.07862991387733206,-0.009881146134778862,0.20199841559255427,0.21187956172733313,0.223573972672965,0.11150901654999479,-0.009881146134778862,0.14935432297258378,0.20199841559255427,0.13522639254490731
0.35,0.12,0.14,0.6,0.35,0.11647465561461434,0.07728841422043024,1.5070131376020095,-0.0807151447856288,0.12287681568509698,0.08390168144392121,-0.017965642518721014,0.18467645777241293,0.20264210029113394,0.2235289693760195,0.10951840477321517,-0.017965642518721014,0.16384606794297119,0.18467645777241293,0.17430879045560665
0.45,0.12,0.14,0.6,0.4,0.11352145742118491,0.07538842025050498,1.5058208812967468,-0.07623110263958532,0.11759982741314204,0.08212103430557044,-0.019854018774080662,0.173880722666224,0.19373474144030467,0.2234942774449433,0.10242111294026723,-0.019854018774080662,0.1611852890469072,0.17036603118639237,0.173880722666224
0.45,0.12,0.14,0.5,0.45,0.10654895351378668,0.06975929413009425,1.5273800407883042,-0.07227565285456516,0.11133489264037333,0.0793529524487118,-0.023518013694333484,0.16661757808271438,0.19013559177704786,0.2234710432515351,0.1034402089429114,-0.023518013694333484,0.1496496980965194,0.16661757808271438,0.16048499177405495
0.25,0.15,0.08,0.5,0.45,0.10200156037103292,0.06907717620675964,1.476631877159035,-0.07113078164641862,0.10823420068744286,0.07719665303162822,-0.018169774058420463,0.17233912438402554,0.190508898442446,0.22306494370006333,0.08855760510680244,-0.018169774058420463,0.14805687388247835,0.17233912438402554,0.15038717412232838
0.35,0.12,0.14,0.4,0.45,0.09933404184698835,0.06758733594223092,1.469713822303817,-0.07208513375694348,0.10642560336892729,0.07514825327337889,-0.01862792508886224,0.1798225034065395,0.19845042849540173,0.2228861289160074,0.10247126462102152,-0.01862792508886224,0.13513201305071232,0.1798225034065395,0.1333301608552253
0.35,0.22,0.08,0.4,0.45,0.10548621420204629,0.07177991991727385,1.4695783211184805,-0.078350982051558,0.11077850483098035,0.07722277410171711,-0.0176355946204656,0.17448090327649646,0.19211649789696206,0.22286303475021416,0.09667140047629719,-0.0176355946204656,0.15004930428050045,0.17448090327649646,0.15032651074207326
0.45,0.12,0.08,0.3,0.35,0.10914379942088148,0.07540772711055133,1.4473821662980435,-0.08601692416332873,0.11768431569299878,0.07911677036524573,-0.012330455945378849,0.19928614612473616,0.211616602070115,0.2227984158114094,0.11281239622833317,-0.012330455945378849,0.1483129754794088,0.19928614612473616,0.1403405165778946
0.35,0.12,0.14,0.5,0.4,0.10717550016886124,0.07177019045328241,1.4933149750887915,-0.0787693104334134,0.1131182453203855,0.07951822012817839,-0.01825969869293298,0.18001963943491983,0.1982793381278528,0.22248063098772355,0.09730596069625563,-0.01825969869293298,0.14680310368744376,0.18001963943491983,0.15972222147624127
0.45,0.15,0.14,0.5,0.45,0.10850146016151463,0.07207838286462885,1.505325950018778,-0.07650898342703238,0.11296845042090635,0.07992153441531005,-0.02074388076282352,0.16858354806274023,0.18932742882556375,0.2220263832134186,0.0985212152742696,-0.02074388076282352,0.15265212987473764,0.1658292396556078,0.16858354806274023
0.45,0.15,0.1,0.3,0.35,0.11092439595561432,0.07414001373778659,1.4961474966530794,-0.08361046617469636,0.12038221927468604,0.0822794042404521,-0.01604186424516274,0.19797593543485448,0.21401779968001722,0.22141897501097707,0.11066832557027273,-0.01604186424516274,0.1532816692962904,0.19797593543485448,0.15602703031717535
0.35,0.18,0.1,0.3,0.3,0.1110098865696687,0.07837105832305134,1.4164653246365217,-0.09448910720629766,0.12125277188829749,0.07998812386905717,-0.006905954071366183,0.210042704081838,0.2169486581532042,0.22130736168968018,0.11261969044821574,-0.006905954071366183,0.15061414953964802,0.210042704081838,0.13989326944315184
0.25,0.15,0.08,0.6,0.45,0.10489238994154593,0.07089519466977909,1.479541602644883,-0.0723053744315254,0.10899492586037152,0.07784957707825169,-0.020017384434475982,0.16928389933729693,0.1893012837717729,0.22102008127160616,0.09202955334006901,-0.020017384434475982,0.1532864770878628,0.16928389933729693,0.15039208397110482
0.25,0.12,0.14,0.5,0.35,0.11160919230226174,0.07523347877925332,1.483504340265062,-0.08355537479181385,0.11941423859127176,0.08224619422481014,-0.01520271510477289,0.19465008156475738,0.20985279666953027,0.22088541554909652,0.10212895326701732,-0.01520271510477289,0.15339196090114027,0.19465008156475738,0.16210291232821672
0.25,0.12,0.06,0.5,0.4,0.1096409305942998,0.07367208375801407,1.488228987175526,-0.08006692510073843,0.11621896935044895,0.08062100440643039,-0.017965814881808928,0.18244619474533863,0.20041200962714756,0.22079825797376307,0.10179102259426709,-0.017965814881808928,0.15574854905161795,0.18244619474533863,0.15907489524283003
0.45,0.22,0.1,0.3,0.4,0.10833992326657271,0.07298830657697593,1.4843463062444637,-0.08055558605921254,0.1160915192315551,0.07929082930961064,-0.01868304345269134,0.18428755037894895,0.2029705938316403,0.22057811661718232,0.11453323002775839,-0.01868304345269134,0.1479782325705874,0.18428755037894895,0.15234162663317208
0.35,0.18,0.14,0.6,0.45,0.10616213972443034,0.07178677757356246,1.4788536735144884,-0.07346309523769468,0.11218036616117391,0.07858843618232927,-0.019644294704404652,0.16888137729294783,0.18852567199735248,0.220322540473294,0.09887260894123795,-0.019644294704404652,0.15288394346491074,0.16888137729294783,0.15990819581117766
0.45,0.12,0.1,0.3,0.35,0.10610948572222378,0.07493429187754051,1.416033741876557,-0.08488534312992724,0.11423489075586149,0.07716693907998395,-0.011162179312819265,0.1981154646500778,0.20927764396289705,0.22007197090525377,0.1101183773837191,-0.011162179312819265,0.13658308645401673,0.1981154646500778,0.13751970460431306
0.45,0.18,0.06,0.3,0.3,0.11526410406798382,0.07920800689231317,1.4552077320250028,-0.09060726226847582,0.12480350790442454,0.08179455805239803,-0.013264446332480362,0.19846636263816597,0.21173080897064633,0.21990265993143854,0.12205060788743238,-0.013264446332480362,0.15617503796120769,0.19846636263816597,0.160589977367797
0.45,0.15,0.06,0.3,0.3,0.11614663369102485,0.07985429994296862,1.454481897330212,-0.090530587779735,0.12568338671252768,0.0823896304705753,-0.012850815842758045,0.20182971492213753,0.21468053076489557,0.2198606177746733,0.12251086433299418,-0.012850815842758045,0.1597022438750415,0.20182971492213753,0.15722492627522322
0.45,0.22,0.14,0.3,0.3,0.11308093966377752,0.07569132910892543,1.4939748184504156,-0.08764689831102113,0.12273509457679325,0.08379791607707303,-0.015151120117605887,0.20329090355828305,0.21844202367588894,0.2186713945871955,0.11048352550175466,-0.015151120117605887,0.1547341436178722,0.20329090355828305,0.16031802032366227
0.45,0.18,0.1,0.3,0.3,0.11191053982857846,0.07659327599049334,1.4611013614624428,-0.08568237928630296,0.12148394872773416,0.08193852635585942,-0.013872767012156118,0.20312163471479971,0.21699440172695583,0.21816568542486287,0.11479185568579875,-0.013872767012156118,0.15169812184930032,0.20312163471479971,0.15168089840092813
0.35,0.22,0.14,0.5,0.45,0.10627605604024248,0.0708773378647946,1.4994363394823658,-0.07612226227596608,0.1109412840583754,0.07964886515008601,-0.02117445397247808,0.1712088589548404,0.19238331292731847,0.21803371758568518,0.09362563816050073,-0.02117445397247808,0.15286856562418993,0.1712088589548404,0.15817781152482402
0.25,0.18,0.1,0.6,0.4,0.10905561509460027,0.07371674020884851,1.4793873791167707,-0.07915723522167573,0.115263916884042,0.08132938592192795,-0.017249094551490485,0.17955553186783657,0.19680462641932706,0.21764861841311028,0.09174805033148048,-0.017249094551490485,0.1597347985273747,0.17955553186783657,0.16253029824500875
0.25,0.22,0.1,0.6,0.4,0.10904423528012486,0.0737329316476831,1.4789081736390084,-0.07915723522167573,0.11526101133203223,0.08133044469901972,-0.017249119543675806,0.17955553186783635,0.19680465141151215,0.2175119349506533,0.09173354756359497,-0.017249119543675806,0.15973479852739692,0.17955553186783635,0.16253029824500875
0.55,0.15,0.14,0.4,0.45,0.10708102659977703,0.07248556061439844,1.477273896927088,-0.07785690184725025,0.11145373418714714,0.07871953570763275,-0.020265373884797766,0.16802345617032532,0.1882888300551231,0.2171979003353855,0.09712769222326467,-0.020265373884797766,0.15239390027928046,0.16802345617032532,0.15998899614766304
0.45,0.18,0.1,0.3,0.4,0.10848605166455227,0.07347390681302617,1.4765248830530244,-0.0806446023340861,0.11628039635783764,0.07961665515980501,-0.018972907855816956,0.1849730195239474,0.20394592737976436,0.2171964004026268,0.11459145333611165,-0.018972907855816956,0.1480328450286914,0.1849730195239474,0.15277757175625473
0.35,0.12,0.08,0.6,0.45,0.1069236684166972,0.07229412573004285,1.479009080432984,-0.07541570377651852,0.11108916377448583,0.07791766425345273,-0.0222120387750957,0.16617427025410625,0.18838630902920195,0.21717575000947378,0.10617628157593528,-0.0222120387750957,0.15172625646188487,0.16617427025410625,0.15358104935559846
0.25,0.12,0.14,0.6,0.4,0.10785580300116226,0.07164876766415991,1.5053406571724444,-0.07334349731116974,0.11450999239750985,0.08204879277392788,-0.020548740490124007,0.18159437085233487,0.20214311134245888,0.21684651993688928,0.09554166926786833,-0.020548740490124007,0.1531063672025701,0.18159437085233487,0.16285629515489997
0.45,0.12,0.08,0.4,0.45,0.10542743221450901,0.07023940244645409,1.5009727950758118,-0.07473910732741063,0.11208992920455925,0.07968257397775563,-0.021861121425595154,0.17420217150259032,0.19606329292818547,0.21661659897820124,0.1008233595191157,-0.021861121425595154,0.15079233274762172,0.17420217150259032,0.15649290367906366
0.55,0.12,0.14,0.4,0.4,0.11023269466279606,0.07403812574952369,1.4888639271572217,-0.07921075518306586,0.11528441025676632,0.08123617939837201,-0.019822386327722485,0.17450128075856597,0.19432366708628845,0.21653652694256678,0.09802314711054749,-0.019822386327722485,0.1614995157273842,0.17450128075856597,0.16222049401505645
0.55,0.15,0.14,0.3,0.3,0.11481215462586025,0.07750629513261281,1.4813268319614212,-0.08726262982533062,0.12301602182202595,0.08300092075625863,-0.01724698230774513,0.198142838738127,0.21538982104587212,0.21597825174445617,0.12320767848621061,-0.01724698230774513,0.14742821012226304,0.198142838738127,0.16354836407127427
0.45,0.12,0.1,0.4,0.45,0.10428003713879863,0.0701112598052197,1.4873507825776524,-0.07604589890436353,0.11110442769613019,0.07865232093207697,-0.021012306338843545,0.17428785899641253,0.19530016533525607,0.2159692152848717,0.10029794123079161,-0.021012306338843545,0.15003203558126077,0.17428785899641253,0.15191660901102955
0.35,0.15,0.1,0.4,0.45,0.10164428711627749,0.06961782795915286,1.4600324384713013,-0.07471816349339877,0.10829989800834472,0.07619704822900639,-0.020087655575856456,0.17689409934906863,0.1969817549249251,0.21585571657192687,0.10512946544415369,-0.020087655575856456,0.1444273001285037,0.17689409934906863,0.13513628069585404
0.35,0.18,0.14,0.4,0.45,0.10037806280436712,0.06937425540079986,1.4469065249702096,-0.07578963523739168,0.10823730664565905,0.07575604173005544,-0.01818526432968892,0.17809080315630088,0.1962760674859898,0.21564683513955293,0.10183141386215877,-0.01818526432968892,0.14563136691509682,0.17809080315630088,0.1338182136244277
0.45,0.12,0.1,0.3,0.3,0.11322510569658628,0.07788277314731323,1.4537888305854743,-0.08869585649883249,0.12249674802427143,0.08263684875817974,-0.01322209430921606,0.20685134904610036,0.22007344335531642,0.2156146713398845,0.1151180846367168,-0.01322209430921606,0.1522444404553751,0.20685134904610036,0.151491960292381
0.55,0.12,0.06,0.3,0.45,0.10081945021722238,0.06782812142649726,1.4863960271474799,-0.0775785859744782,0.10697538278819849,0.07635786374340818,-0.022098405818116285,0.17450062572253167,0.19659903154064795,0.21552265119384065,0.10438133097030056,-0.022098405818116285,0.14343567755107456,0.17450062572253167,0.13465768551520196
0.55,0.18,0.14,0.3,0.45,0.1042464020391094,0.06968524906321158,1.4959608158183857,-0.07984716003265058,0.11116129527552547,0.07853121727653331,-0.02170824785271197,0.18099763704603378,0.20270588489874575,0.21515215885017858,0.10922575122524103,-0.02170824785271197,0.14703410080506574,0.18099763704603378,0.1402572351539988
0.55,0.12,0.1,0.4,0.45,0.1071820782260624,0.07124737764641477,1.5043652379457912,-0.07731134622478586,0.11161046117888021,0.0808915393880413,-0.021818792627855577,0.17269489541787553,0.1945136880457311,0.21474192682549467,0.09182225373334862,-0.021818792627855577,0.15639826179238003,0.17269489541787553,0.15895568757865242
0.55,0.12,0.1,0.3,0.4,0.10695455859777603,0.07219612199986473,1.4814446487579542,-0.08112633401389213,0.11428319555226038,0.07908979186358898,-0.020649631884471997,0.18321301256965317,0.20386264445412516,0.2145748261401628,0.11655511801824847,-0.020649631884471997,0.1497960465101673,0.18321301256965317,0.14250143254770498
0.55,0.18,0.14,0.3,0.3,0.11396579478049684,0.07717041400311468,1.476806833975221,-0.08716709231414788,0.12349337815482382,0.08275990637635025,-0.017291651305156086,0.19507757073104592,0.212369222036202,0.21451409433396457,0.12293617242957211,-0.017291651305156086,0.155315887205834,0.19507757073104592,0.16142891171282314
0.45,0.12,0.14,0.5,0.4,0.11230365115732299,0.07415998171514304,1.5143430265219608,-0.0797827920612344,0.11719300347435632,0.08298029691323801,-0.022570614936209932,0.17347925751561633,0.19604987245182626,0.2143766213765267,0.10521129590762857,-0.022570614936209932,0.15652227889981063,0.17347925751561633,0.17332279998493605
0.35,0.22,0.14,0.4,0.35,0.11124894668069918,0.07596781741899952,1.4644220468663334,-0.08418049767661517,0.11887672266159424,0.08195309074650789,-0.016142410372637084,0.19508030459340686,0.21122271496604395,0.21436990591031696,0.10651953518103952,-0.016142410372637084,0.16290716401393457,0.19508030459340686,0.14601901989222732
0.35,0.15,0.1,0.5,0.45,0.10601950347211897,0.07082147932569945,1.4969964547697183,-0.07450289753925399,0.11048645906119614,0.07988984689013989,-0.02267579141173448,0.16928711483183112,0.1919629062435656,0.21419994559545671,0.09474554375155253,-0.02267579141173448,0.15148549835001912,0.16928711483183112,0.1595899297843124
0.45,0.15,0.06,0.3,0.45,0.10142787839063017,0.07000893639237879,1.4487847354537393,-0.08035443439180157,0.10892337260021398,0.07587925910397889,-0.018478208607852986,0.17901357797497885,0.19749178658283184,0.2141382262086476,0.10766555231977648,-0.018478208607852986,0.14742997115372014,0.17901357797497885,0.12898597016044744
0.25,0.15,0.14,0.6,0.4,0.10749193521579081,0.07176598862682122,1.4978116691841639,-0.07338914328159551,0.11401029200436201,0.08195467193345497,-0.02088876107216664,0.18045227881153747,0.2013410398837041,0.21410712996949396,0.09482133983915797,-0.02088876107216664,0.1530976536345574,0.18045227881153747,0.16256894880872386
0.25,0.18,0.14,0.6,0.4,0.10743809699897455,0.07178588242079026,1.4966466020324196,-0.07338914328159596,0.11395032526692969,0.08197144603452212,-0.020886248000878904,0.18045227881153747,0.20133852681241637,0.2137059611607522,0.09451899307938416,-0.020886248000878904,0.15309765363588212,0.18045227881153747,0.16256894880872363
0.25,0.22,0.14,0.6,0.4,0.10743809699897455,0.07178588242079026,1.4966466020324196,-0.07338914328159596,0.11395032526692969,0.08197144603452212,-0.020886248000878904,0.18045227881153747,0.20133852681241637,0.2137059611607522,0.09451899307938416,-0.020886248000878904,0.15309765363588212,0.18045227881153747,0.16256894880872363
0.25,0.15,0.06,0.4,0.35,0.11597902890082334,0.07869717974073129,1.4737380587578552,-0.08695213942370572,0.12467846895607078,0.08394610928809063,-0.0168080876141371,0.19738496808399675,0.21419305569813385,0.2136787765660529,0.11831569026746491,-0.0168080876141371,0.1653650506898947,0.19738496808399675,0.1591347233531346
0.55,0.12,0.14,0.3,0.3,0.11436344162685752,0.07809884577108765,1.464342276735607,-0.08745175979874786,0.12255026513199721,0.08275413909964849,-0.016419875878452728,0.19978966842929746,0.2162095443077502,0.21349365018090588,0.11962761793917065,-0.016419875878452728,0.1520669147210192,0.19978966842929746,0.15768700044895145
0.25,0.18,0.06,0.5,0.45,0.10238446983108052,0.07175252203783047,1.426911095572359,-0.07726365928818701,0.1072407050566713,0.07631893716160014,-0.01678840229225209,0.17073831409014484,0.18752671638239693,0.21342369197698827,0.0856922756352474,-0.01678840229225209,0.15329379050707526,0.17073831409014484,0.14326754734314107
0.25,0.15,0.1,0.6,0.4,0.10877720003955127,0.07350356780782778,1.4798900690636545,-0.07915225355073519,0.1151539867484187,0.08182659918967995,-0.018515281714791887,0.17955553186783368,0.19807081358262557,0.2134186695393839,0.0923181416957517,-0.018515281714791887,0.1597347985495834,0.17955553186783368,0.16267674334371662
0.45,0.12,0.08,0.3,0.3,0.11464788146791127,0.07845258151809859,1.4613653145558076,-0.08860315472689273,0.12413791682939648,0.08369545647116154,-0.014566153236951207,0.20608514217098217,0.22065129540793338,0.21339853314961205,0.11790545139247666,-0.014566153236951207,0.15100219834189565,0.20608514217098217,0.1602629454785791
0.55,0.15,0.1,0.3,0.45,0.10422494115072323,0.07015206958759625,1.485700161997095,-0.07955497579041393,0.11093345624444384,0.07793227257910822,-0.02227600391249418,0.17751168714774956,0.19978769106024374,0.21336865642262168,0.11254586039481618,-0.02227600391249418,0.14351927498903572,0.17751168714774956,0.14336646260311192
0.45,0.18,0.14,0.4,0.45,0.10392634944427304,0.07074082071654822,1.4691142736482532,-0.07763704713432718,0.10872765046080132,0.07873826982042162,-0.019344321591587832,0.17629259772799655,0.19563691931958438,0.21326821153358685,0.08767641980977547,-0.019344321591587832,0.14392199591705324,0.17629259772799655,0.15509156044076922
0.55,0.12,0.08,0.3,0.4,0.11033939091219236,0.07317396611421215,1.5079050210285347,-0.08202834193172115,0.11809502897280225,0.08197484050486203,-0.022121110823405066,0.1859980054821906,0.20811911630559565,0.2132026102245077,0.11834934869660874,-0.022121110823405066,0.15169394888587506,0.1859980054821906,0.15655495262274188
0.35,0.12,0.14,0.4,0.3,0.11720206852959003,0.07945495832663116,1.475075577382904,-0.08697167577231257,0.1254678602001948,0.08504319048187052,-0.016298930181855575,0.2048944613999948,0.22119339158185036,0.21319810688575508,0.11777889792801854,-0.016298930181855575,0.16291224954434647,0.2048944613999948,0.15805262231046968
0.45,0.12,0.14,0.4,0.4,0.1071146377194685,0.07195740184956301,1.4885840089586142,-0.07857880088547042,0.11487931036173156,0.08111148204577366,-0.02014366906216747,0.18527776756475833,0.2054214366269258,0.21277238279862462,0.10247787945920184,-0.02014366906216747,0.1512889426981654,0.18527776756475833,0.1554956311486997
0.45,0.15,0.14,0.4,0.45,0.10442886688858488,0.07030127594141346,1.4854476748844805,-0.07473059759948186,0.1104483240992066,0.07921299907220111,-0.022163334239931665,0.1767657745026996,0.19892910874263126,0.2123455944912144,0.09975209526925366,-0.022163334239931665,0.14465590066437795,0.1767657745026996,0.15323118429963345
0.25,0.18,0.06,0.4,0.35,0.11596403308567949,0.07892966802097814,1.4692071561083755,-0.08760181917891896,0.12460515892709934,0.08391360245838073,-0.01684542649855736,0.19699038041563455,0.2138358069141919,0.2122260587681929,0.11807181265111066,-0.01684542649855736,0.16538907400645253,0.19699038041563455,0.1594199540608563
0.25,0.12,0.1,0.6,0.4,0.10702145139399288,0.0730112924453207,1.465820530079548,-0.07507721364099917,0.11312618048566755,0.08063648930215779,-0.01910920192481036,0.17988422914126434,0.1989934310660747,0.21221439561608474,0.09304570716598226,-0.01910920192481036,0.15471226762619983,0.17988422914126434,0.15709790041970173
0.25,0.22,0.06,0.5,0.45,0.10224239977215199,0.07187769568252488,1.4224496041685082,-0.07772103398410712,0.10708916028630078,0.07623060497130586,-0.01678840229225209,0.17073831448806032,0.1875267167803124,0.21217414427823408,0.0856922756352474,-0.01678840229225209,0.1533047824827105,0.17073831448806032,0.14249883111773776
0.25,0.22,0.06,0.4,0.35,0.11595932562991229,0.07893659542660754,1.4690185838801115,-0.08762578857593173,0.12460515892709934,0.08391360245838073,-0.01684542649855736,0.19699038041563455,0.2138358069141919,0.2121612820656999,0.11807181265111066,-0.01684542649855736,0.16538907400645253,0.19699038041563455,0.1594199540608563
0.45,0.15,0.1,0.3,0.3,0.1134494833493207,0.0780798171304748,1.4529937123154586,-0.08955756617923905,0.12286812786538619,0.08313469199902135,-0.014155201003202111,0.20617431121984042,0.22032951222304253,0.2118945470049617,0.11544085436665297,-0.014155201003202111,0.15175053916821835,0.20617431121984042,0.15513013557542132
0.35,0.15,0.14,0.5,0.45,0.10274591769875552,0.06877557667877761,1.4939302970680912,-0.07531736232181152,0.10811212755839972,0.07872991618708021,-0.023044634679959874,0.17152930994611792,0.1945739446260778,0.21183997642346328,0.0947396647638663,-0.023044634679959874,0.14154919473643446,0.17152930994611792,0.15578710302553977
0.35,0.22,0.08,0.4,0.4,0.10973268656529656,0.07446030462250378,1.4737071936734003,-0.08244302906785184,0.11562915120256197,0.08123102436266369,-0.019405564263913044,0.18285715198949926,0.2022627162534123,0.2113803061469629,0.10132889268963541,-0.019405564263913044,0.15099651925624724,0.18285715198949926,0.16236875634134096
0.25,0.15,0.1,0.6,0.35,0.11482072954212774,0.07787732530925763,1.4743794690709349,-0.08072159069333429,0.12119821327368926,0.08492954029430451,-0.017645840855336714,0.18706560036473707,0.2047114412200738,0.2109386447780329,0.09752858581034363,-0.017645840855336714,0.16787533127949028,0.18706560036473707,0.17116738976921209
0.35,0.18,0.14,0.6,0.35,0.1162255136994752,0.07841009773784445,1.4822773731013885,-0.08167290127011884,0.12280757871902266,0.08483124423149244,-0.019434629985165652,0.1840173220175496,0.20345195200271526,0.21084051641484935,0.1082724227785905,-0.019434629985165652,0.16684802882653327,0.1840173220175496,0.17433474995760556
0.45,0.22,0.06,0.3,0.45,0.10383393796155227,0.07099676797951089,1.4625164062611684,-0.08021400503261933,0.11098918419406126,0.07826482956004964,-0.020005039494027432,0.1743319064053852,0.19433694589941264,0.21031825693464137,0.09889554957624958,-0.020005039494027432,0.14947471874713925,0.1743319064053852,0.15224878573555967
0.45,0.12,0.1,0.5,0.4,0.11183297603013864,0.07559489597031088,1.4793720474734153,-0.08196913937294814,0.11677745372307272,0.08213143448622055,-0.020750620072468973,0.1728189096177588,0.19356952969022778,0.21016246981444653,0.10186759145491475,-0.020750620072468973,0.15953374677520227,0.1728189096177588,0.1704176408399567
0.25,0.12,0.08,0.6,0.4,0.10746874620244395,0.07386756970329185,1.4548840124850444,-0.07989977659640934,0.11305363057558031,0.07971335711802535,-0.01924590420436334,0.17795152391308378,0.19719742811744712,0.21010173050318642,0.09761101215878254,-0.01924590420436334,0.15048116477543028,0.17795152391308378,0.1584703562349683
0.45,0.15,0.08,0.3,0.35,0.11253024315299487,0.07590205435455696,1.4825717710793271,-0.08753425593095188,0.121906129243912,0.0837576400441186,-0.017788594508135747,0.19874985391053457,0.21653844841867032,0.21006199743932238,0.11332468417907515,-0.017788594508135747,0.15471916684342224,0.19874985391053457,0.16052553579466378
0.45,0.12,0.14,0.4,0.35,0.11276475016353982,0.07581173595315592,1.4874313158218295,-0.08283186784783614,0.11921242618455422,0.08349627470083748,-0.02023207279777839,0.189902700583243,0.21013477338102138,0.20980662552971788,0.1068886466672978,-0.02023207279777839,0.15802930039531904,0.189902700583243,0.1614735560746896
0.25,0.15,0.06,0.4,0.3,0.12028900878034032,0.08183339019556521,1.4699257661557708,-0.09155807018297102,0.12956613680907178,0.08700727899156847,-0.015355466635112336,0.2080780481308484,0.22343351476596074,0.20931644673893546,0.11915192195597446,-0.015355466635112336,0.17323464874022032,0.2080780481308484,0.16272153185342808
0.25,0.12,0.1,0.5,0.35,0.11278936699872877,0.07664158735782409,1.4716470637819388,-0.08231413891413919,0.11894939378914475,0.0838948205201888,-0.018074491858074304,0.19370018706591208,0.21177467892398638,0.2092684916101746,0.09898625571502828,-0.018074491858074304,0.15780790434929304,0.19370018706591208,0.16232711367356467
0.25,0.18,0.08,0.6,0.45,0.10406979297545504,0.07170990261280441,1.4512611115563347,-0.0800693066588668,0.10877206872128178,0.07783734947278621,-0.02001818993209903,0.16919000833733056,0.18920819826942958,0.20911594784763962,0.09130438798399276,-0.02001818993209903,0.15368970337851784,0.16919000833733056,0.14969443383866676
0.35,0.15,0.14,0.6,0.35,0.11544031793880927,0.07854178589819882,1.4697949202280187,-0.08139985568932229,0.12276483931600483,0.08465634641730549,-0.019025401882733606,0.18432874934220944,0.20335415122494305,0.20825734072153096,0.10798709628394043,-0.019025401882733606,0.16574295714746445,0.18432874934220944,0.17479079568914346
0.45,0.22,0.14,0.4,0.45,0.10370478163987618,0.0711600676602522,1.457345180375685,-0.07906742273776357,0.10839486451212861,0.07874806552902285,-0.020001770443024647,0.1755328363921791,0.19553460683520374,0.20800058421977305,0.08780128544422472,-0.020001770443024647,0.1449713941352846,0.1755328363921791,0.15367057703197928
0.35,0.22,0.14,0.6,0.4,0.1113970938466764,0.0755818088385804,1.473861178482596,-0.0772818952991674,0.11696893783978654,0.08248102936650359,-0.02153874659790067,0.17618131978043028,0.19772006637833095,0.20798027829176485,0.10338103706601465,-0.02153874659790067,0.15996668801964198,0.17618131978043028,0.1668543909307465
0.25,0.22,0.08,0.6,0.45,0.1041381877001577,0.07200967300580124,1.4461694290955622,-0.08006930665886702,0.10871024137233509,0.0778549361042613,-0.020018532930199395,0.16919000833732967,0.18920854126752906,0.20787165501146362,0.09099559423718584,-0.020018532930199395,0.15368970337869126,0.16919000833732967,0.1496944338386681
0.25,0.15,0.14,0.5,0.35,0.11007166586517081,0.07519640190091553,1.4637889989764346,-0.08355537855751205,0.11765013993466474,0.0832088414703963,-0.016906147947589156,0.19439109587890613,0.21129724382649528,0.2078167391971904,0.0956996010318707,-0.016906147947589156,0.15322302698672008,0.19439109587890613,0.16184312372341592
0.35,0.12,0.08,0.6,0.4,0.1116857979378183,0.07627406711089271,1.4642696026087276,-0.08053062354713136,0.11636021926611931,0.08096947942209229,-0.022075148770652864,0.17320419825175692,0.1952793470224098,0.20776631059641562,0.11080025620609169,-0.022075148770652864,0.15978582115407414,0.17320419825175692,0.16008596948932663
0.35,0.18,0.1,0.5,0.45,0.10684345707415766,0.07277841034659144,1.4680652760253872,-0.07581532244081202,0.11109557910159833,0.08009804158396162,-0.02226519421614037,0.16883136178486757,0.19109655600100794,0.20749629309076434,0.09443113603871733,-0.02226519421614037,0.15525344521300433,0.16883136178486757,0.1592271466875428
0.25,0.18,0.14,0.5,0.35,0.11016889388234885,0.0751834554374186,1.4653342712353987,-0.08355537855751038,0.11779402091284057,0.08343080559062736,-0.01705146292622861,0.1943114098626768,0.21136287278890542,0.2073632085645738,0.0952492300463601,-0.01705146292622861,0.15461780949853443,0.1943114098626768,0.16184311808286012
0.25,0.22,0.14,0.5,0.35,0.11016889388234885,0.0751834554374186,1.4653342712353987,-0.08355537855751038,0.11779402091284057,0.08343080559062736,-0.01705146292622861,0.1943114098626768,0.21136287278890542,0.2073632085645738,0.0952492300463601,-0.01705146292622861,0.15461780949853443,0.1943114098626768,0.16184311808286012
0.45,0.18,0.08,0.3,0.35,0.11185710546725347,0.07585489295248345,1.4746195151487764,-0.0882778512492497,0.12123752949850855,0.08341319161427639,-0.018373529891352547,0.19548115239134933,0.21385468228270188,0.20675784509773917,0.11334222264001248,-0.018373529891352547,0.15148031586618704,0.19548115239134933,0.16425748648634642
0.45,0.12,0.1,0.4,0.4,0.10884047093137683,0.07352373505898027,1.4803446920108956,-0.08040186610461642,0.11598978729668237,0.08184458095749281,-0.02162030109968538,0.18163732804105237,0.20325762914073775,0.2067194599962187,0.10512723835342008,-0.02162030109968538,0.15732355857142766,0.18163732804105237,0.1574811126171971
0.45,0.22,0.08,0.3,0.3,0.11265585189611316,0.07756249811046001,1.4524525981057912,-0.08947340059017217,0.12211976408364256,0.08320423243575398,-0.016131169912888654,0.20338475463201133,0.2195159245449,0.20668843437365825,0.11713507202694817,-0.016131169912888654,0.14926901915317448,0.20338475463201133,0.15694114451896746
0.25,0.12,0.08,0.5,0.4,0.10822489862857587,0.07299322936829053,1.482670373200265,-0.0784162842513566,0.11500932056004873,0.08196422961489026,-0.02190890061874118,0.18323733137272602,0.2051462319914672,0.20661883944652584,0.10256521956897702,-0.02190890061874118,0.15206683907415264,0.18323733137272602,0.15908611340312917
0.35,0.15,0.14,0.4,0.3,0.11651449219677046,0.07977149165549022,1.4606031525643588,-0.08811797872943716,0.12450377013814969,0.08472505518527465,-0.017612677079727135,0.2047045499383473,0.22231722701807444,0.20650866969721743,0.12202429831432449,-0.017612677079727135,0.15518880964209836,0.2047045499383473,0.1582138698757054
0.25,0.12,0.08,0.6,0.35,0.11356081726811529,0.07828608657605371,1.4505874828446397,-0.08156877044235078,0.11918236223138508,0.08313961752620933,-0.01873610933788472,0.18653456023267756,0.20527066957056228,0.2062443949573255,0.10277953148167729,-0.01873610933788472,0.1581894583884924,0.18653456023267756,0.16714437039196284
0.45,0.15,0.08,0.3,0.3,0.11361841641935522,0.07855281758319449,1.4463951760740232,-0.08999626185094178,0.12300992148198482,0.08334773134546633,-0.015828958670056847,0.20370885624786528,0.21953781491792212,0.2062416514197485,0.11828071022561293,-0.015828958670056847,0.1541332925216572,0.20370885624786528,0.15475570708484554
0.45,0.18,0.06,0.3,0.45,0.10587878820600993,0.07124699219448856,1.4860808147098226,-0.08205231322586393,0.11263923116466248,0.07994910281646893,-0.02328939043504985,0.18115111684696794,0.2044405072820178,0.2061225035922291,0.11101282993831751,-0.02328939043504985,0.1448321799075749,0.18115111684696794,0.14948941956550188
0.35,0.12,0.06,0.5,0.45,0.10498671852449792,0.0708284406804442,1.4822678223026993,-0.0729033817043343,0.10941630833863622,0.08026530040705324,-0.024125912002768146,0.17174128071914274,0.1958671927219109,0.2060516017262092,0.09367562293901721,-0.024125912002768146,0.14946476938713404,0.17174128071914274,0.15632578065065528
0.45,0.22,0.08,0.3,0.35,0.11047698318369847,0.07558607136409135,1.4616050442883946,-0.08814375387793005,0.11965778045196636,0.08209144632742682,-0.01836047909547356,0.19045669103825946,0.20881717013373302,0.2059064667803442,0.11263736930771162,-0.01836047909547356,0.15009038269839126,0.19045669103825946,0.163464938310943
0.25,0.15,0.06,0.5,0.4,0.10870409478796916,0.07501574626181812,1.4490836951561183,-0.08137240115919642,0.11512017706691705,0.08184207736053044,-0.01795167587366675,0.18047936850361368,0.19843104437728043,0.20560005312606958,0.09092277644867841,-0.01795167587366675,0.1597874581283607,0.18047936850361368,0.16236295812759916
0.35,0.22,0.14,0.5,0.4,0.10998840499040896,0.07342303669117863,1.498009479681783,-0.08046718570305944,0.11570103339272349,0.08338137577950629,-0.02294261660793584,0.17910281210666157,0.2020454287145974,0.20522550250301624,0.09855181676281166,-0.02294261660793584,0.16019130850019803,0.17910281210666157,0.163601846201882
0.45,0.15,0.1,0.4,0.45,0.1071775879432264,0.07182163271919655,1.4922744566704884,-0.07676121635460986,0.1119264605287383,0.08111057868620386,-0.024908346805406656,0.1739079308883622,0.19881627769376886,0.20515268185276397,0.1014515588485505,-0.024908346805406656,0.15441880680393094,0.1739079308883622,0.15476235290825446
0.25,0.15,0.08,0.5,0.4,0.10760988358761936,0.07349378241535674,1.4642039101954556,-0.08269087318275203,0.1156824994592032,0.0815074927807228,-0.019746865554988058,0.1828169264245998,0.20256379197958785,0.20482119181048655,0.10043643063760999,-0.019746865554988058,0.15608391624497542,0.1828169264245998,0.15882208954381882
0.45,0.12,0.08,0.5,0.4,0.11354555220268803,0.07674079712662793,1.4795982900116291,-0.08291630058019894,0.11808646530798428,0.08307275304846398,-0.022879918441834235,0.17261342399258606,0.1954933424344203,0.204717988826973,0.10856396059178697,-0.022879918441834235,0.1603843612410576,0.17261342399258606,0.171750499156325
0.45,0.18,0.08,0.3,0.3,0.11231412777666083,0.07806172272402381,1.4387861791589145,-0.08956932522516214,0.12162066908736982,0.08270624967015895,-0.01616284107840149,0.2023149865795677,0.2184778276579692,0.2042444043418607,0.11793493910918462,-0.01616284107840149,0.15041970796595816,0.2023149865795677,0.15359655286054008
0.35,0.22,0.1,0.5,0.45,0.1066168344983327,0.07341632205080292,1.4522224965799233,-0.076724707856756,0.11022446892837863,0.07945738985859366,-0.02251995828078379,0.1635601724465996,0.18608013072738339,0.2042213854772535,0.09440090495256848,-0.02251995828078379,0.15658612010096196,0.1635601724465996,0.1590951054225469
0.25,0.22,0.08,0.4,0.3,0.11888707428605438,0.08145512202439517,1.4595408039588798,-0.08987330238003144,0.12818481500544718,0.0866275025747767,-0.016764183022572765,0.20772713892242067,0.22449132194499344,0.20420216517349388,0.12162054844184955,-0.016764183022572765,0.16902341524096776,0.20772713892242067,0.1593171554445707
0.25,0.18,0.08,0.4,0.3,0.11888707428605438,0.08145512202439517,1.4595408039588798,-0.08987330238003144,0.12818481500544718,0.0866275025747767,-0.016764183022572765,0.20772713892242067,0.22449132194499344,0.20420216517349388,0.12162054844184955,-0.016764183022572765,0.16902341524096776,0.20772713892242067,0.1593171554445707
0.45,0.12,0.06,0.3,0.3,0.1150122224395751,0.07937495774870867,1.4489736524167938,-0.0899940761447573,0.12455986896039499,0.08459830171670492,-0.016266695495778527,0.20792079893047477,0.2241874944262533,0.2039327458176381,0.12146985541108912,-0.016266695495778527,0.15611895664508757,0.20792079893047477,0.15355642931110203
0.35,0.15,0.1,0.6,0.45,0.1062446163946138,0.0731975877127192,1.45147701877274,-0.08349235450775161,0.11338739100922819,0.07899997794961267,-0.021620212347500445,0.16492547853797457,0.186545690885475,0.20337625856900685,0.10737638196886778,-0.021620212347500445,0.153586495063188,0.16492547853797457,0.16266881182361104
0.25,0.18,0.1,0.6,0.35,0.11445913530374341,0.0780356460997268,1.4667545029033102,-0.08072159070502438,0.12068138490852405,0.08560109892215814,-0.01934831713169649,0.18697347004743747,0.20632178717913396,0.20317886170794008,0.09703204795350384,-0.01934831713169649,0.1676669373554487,0.18697347004743747,0.17108278631792673
0.25,0.22,0.1,0.6,0.35,0.11445977000042706,0.07803962805054145,1.466687795158359,-0.08072159070502438,0.12068138490852405,0.08560109892215814,-0.01934831713169649,0.18697347004743747,0.20632178717913396,0.20316294640772264,0.09703204795350384,-0.01934831713169649,0.1676669373554487,0.18697347004743747,0.17108278631792673
0.45,0.12,0.08,0.6,0.45,0.10923933695919263,0.07391021641240625,1.478000501982784,-0.08283032344518648,0.11369714458012721,0.0814284291808187,-0.023450517306326746,0.16894462183571934,0.1923951391420461,0.20298584596902433,0.10117443043274243,-0.023450517306326746,0.15611635363024656,0.16570083430825444,0.16894462183571934
0.35,0.15,0.08,0.4,0.45,0.103431751548974,0.07060196176777542,1.464998265758997,-0.0762446028300402,0.1104088093809952,0.07910158171018421,-0.023499436814958696,0.17631189213895593,0.19981132895391462,0.20294174812302795,0.10468585835690924,-0.023499436814958696,0.14606113222650174,0.17631189213895593,0.14848460099756777
0.55,0.12,0.1,0.3,0.35,0.11291796543108124,0.07588997026884972,1.4879168489729961,-0.08515701152052202,0.1210286184131624,0.08401113692789833,-0.022581449895061056,0.19167541485474526,0.21425686474980632,0.20270595442646838,0.12172570370967128,-0.022581449895061056,0.1587390759738685,0.19167541485474526,0.15558434742258798
0.45,0.12,0.06,0.3,0.35,0.111298337852211,0.07686639049250396,1.447945417224513,-0.08782640766761318,0.12018498398929142,0.08285494034185281,-0.0178005543186458,0.2003416704729244,0.2181422247915702,0.20246522623212482,0.11569502313963587,-0.0178005543186458,0.15538694094833083,0.2003416704729244,0.14730183970421185
0.35,0.15,0.06,0.4,0.45,0.10503359469055873,0.07153614707060367,1.4682590409418368,-0.07772572547085566,0.11157620067111267,0.08053823392597127,-0.022696988055358136,0.17587892611774847,0.1985759141731066,0.20223353324007173,0.09735133372045945,-0.022696988055358136,0.15784070685266438,0.17587892611774847,0.14950702472004918
0.35,0.15,0.1,0.6,0.4,0.11293083423480255,0.07675367776884176,1.4713410160606915,-0.07990504725164393,0.11861735574958736,0.08317344544248768,-0.023446930529935184,0.17305179769342538,0.19649872822336056,0.2019855340837805,0.1120065354289681,-0.023446930529935184,0.16117897013799865,0.17305179769342538,0.17029640601747986
0.45,0.18,0.1,0.3,0.35,0.11149753668610685,0.0764670938352501,1.4581113403672765,-0.08653721381636148,0.12071892511570037,0.08294605521666838,-0.0198458660619929,0.19297900118477895,0.21282486724677185,0.20152637443297564,0.11798821200699017,-0.0198458660619929,0.15402979004539552,0.19297900118477895,0.1584434884033301
0.35,0.12,0.1,0.5,0.45,0.10218269452251438,0.06968477530475159,1.46635608819344,-0.072925483040299,0.1063938930047699,0.07913135888356444,-0.024498721257568357,0.16961660791482025,0.1941153291723886,0.20135399478939772,0.08972434580259736,-0.024498721257568357,0.1421349788085804,0.16961660791482025,0.1549922537554198
0.45,0.22,0.14,0.4,0.4,0.10704786567707503,0.07351946624188062,1.4560479169542018,-0.08030052508551744,0.1116399114768698,0.0811911510218974,-0.02122997711804553,0.18179836203475075,0.20302833915279628,0.20128574820649847,0.09198188677236363,-0.02122997711804553,0.15031522003687514,0.18179836203475075,0.15533406565840502
0.35,0.12,0.1,0.4,0.35,0.11277911671979401,0.07737854906148517,1.4574984680855088,-0.08469859579290684,0.12042117706895597,0.08331174284597825,-0.02068188911014679,0.19585129095913034,0.21653318006927713,0.20106125243044826,0.12054873845725411,-0.02068188911014679,0.1559771450034797,0.19585129095913034,0.15041060003506246
0.35,0.12,0.14,0.6,0.3,0.12002035437813241,0.0815291801570833,1.4721153107008764,-0.08526173037086704,0.12798178106119587,0.08797237206689294,-0.01972946692318256,0.19302193390606237,0.21275140082924493,0.20104633769650054,0.11416428544292612,-0.01972946692318256,0.17066858299677046,0.19302193390606237,0.18178356988340294
0.45,0.22,0.1,0.3,0.3,0.11150634677216531,0.07729360316225856,1.4426335713459453,-0.08941703078188834,0.12080610858472085,0.0829215987922174,-0.017476568311413643,0.1988125171949855,0.21628908550639914,0.201039560572661,0.11399374578898258,-0.017476568311413643,0.15425775769480143,0.1988125171949855,0.15444309055624839
0.35,0.18,0.14,0.4,0.4,0.10559980740714114,0.07309133558065621,1.4447650541371195,-0.07993227651263812,0.11437011040543284,0.08052880151050741,-0.020186114857877913,0.18675080649272657,0.20693692135060449,0.20098625991925212,0.10680454851728394,-0.020186114857877913,0.15652285854350145,0.18675080649272657,0.14195845333153012
0.55,0.15,0.14,0.3,0.4,0.10568268614562104,0.07185017699523305,1.4708757941213233,-0.0792866429456709,0.11293761359744944,0.08041662549453933,-0.023838012480406068,0.18502893021796174,0.2088669426983678,0.20096894898781048,0.11504263879023213,-0.023838012480406068,0.14401481508734082,0.18502893021796174,0.14443969637211862
0.55,0.18,0.1,0.3,0.45,0.10442452007293679,0.07152393636058074,1.459994029781737,-0.08165906314369653,0.11092389908344931,0.07857573803679042,-0.024023700157892458,0.17671360914928247,0.20073730930717493,0.20070378553495394,0.11592606427739649,-0.024023700157892458,0.1491028193484314,0.17671360914928247,0.13690070280002864
0.25,0.12,0.14,0.5,0.3,0.1162552090347464,0.07941819817549746,1.4638358928497335,-0.0886085908630353,0.12551752005506697,0.0870234052274421,-0.017199544289442814,0.20446937070772409,0.2216689149971669,0.20069162436139948,0.10762622722059212,-0.017199544289442814,0.16205938995967806,0.20446937070772409,0.17063215667678344
0.45,0.22,0.1,0.3,0.35,0.11097736564881222,0.07589327521156967,1.4622819392026198,-0.08644502101122142,0.12019483358270591,0.08313178655596214,-0.02033384847726405,0.19487280110881677,0.21520664958608082,0.20045775645120442,0.11843942548635611,-0.02033384847726405,0.15011903794820203,0.19487280110881677,0.15787675184741867
0.35,0.12,0.08,0.5,0.45,0.10387839759072981,0.07023808208834605,1.478946954446602,-0.0737676740805594,0.10824843952623098,0.08003149793055905,-0.026130305010595767,0.17284896645158332,0.19897927146217909,0.20015187486737793,0.0977519889667482,-0.026130305010595767,0.14304250998434265,0.17284896645158332,0.1537290372390765
0.55,0.15,0.08,0.3,0.45,0.10488036436962256,0.0706535982322508,1.484430616327032,-0.08028728236874061,0.11159147926996797,0.08024426878410414,-0.0255079409920147,0.17778418908752802,0.20329213007954272,0.20007176180459293,0.1108468746689164,-0.0255079409920147,0.1497977786950011,0.17778418908752802,0.14503649489040904
0.45,0.12,0.06,0.5,0.45,0.10872863877486783,0.07220397886695078,1.50585383909688,-0.07457617719270626,0.11083155323591878,0.08290582607142502,-0.027998413086283702,0.16939445146166543,0.19739286454794913,0.19993543332086583,0.09657276609631449,-0.027998413086283702,0.1503727671849624,0.16939445146166543,0.16581619452293528
0.45,0.22,0.06,0.3,0.35,0.11363534447175971,0.07693667728322981,1.4769983379114457,-0.08858826891676597,0.12207224576679551,0.08422518366416425,-0.021891462113817872,0.18889359240677606,0.21078505452059393,0.19985938816546164,0.11958395444377046,-0.021891462113817872,0.15986610080612174,0.18889359240677606,0.1639090432911272
0.45,0.22,0.08,0.3,0.45,0.1034656345473628,0.07159131251692974,1.445226116267885,-0.07908134679855017,0.11047148019236364,0.07806281545579394,-0.02344793733242634,0.17327572087598941,0.19672365820841575,0.19984029609229706,0.11137037357378943,-0.02344793733242634,0.1416771644429511,0.17327572087598941,0.1494820794015146
0.35,0.15,0.14,0.6,0.3,0.12091876726583317,0.08170033121791914,1.48002787091899,-0.08590981298731071,0.1281839764862834,0.08867851389254078,-0.020723012230290383,0.19267007731128727,0.21339308954157765,0.19967301581688884,0.11382227321141958,-0.020723012230290383,0.17318732626450495,0.19267007731128727,0.18196321787449565
0.35,0.15,0.08,0.6,0.45,0.107272193696621,0.07417691583465444,1.4461668093041002,-0.08541708799177072,0.11334009188552507,0.07958552065218533,-0.02226072612997798,0.16453132762833778,0.18679205375831576,0.19928177654957296,0.10568407866235097,-0.02226072612997798,0.1554585281855081,0.16328725108140651,0.16453132762833778
0.35,0.18,0.1,0.6,0.45,0.10676197126005738,0.07413836656564429,1.4400367340913451,-0.07596779447512869,0.11152965619176973,0.07984748204367849,-0.023315644170410654,0.1644831194947458,0.18779876366515647,0.198965917325484,0.10003803526864119,-0.023315644170410654,0.15484020302975376,0.1644831194947458,0.16160256733611855
0.35,0.12,0.08,0.5,0.4,0.10866356225838758,0.07448136231332987,1.4589362879972476,-0.07890781239055922,0.11345797408365746,0.08155670661794591,-0.02365441369134602,0.17722831050910304,0.20088272420044906,0.1986974932775676,0.10230995706215973,-0.02365441369134602,0.15090932606752916,0.17722831050910304,0.16049669047084136
0.45,0.12,0.06,0.5,0.4,0.11541606742356891,0.07713553428032234,1.496276242854937,-0.08099775212157467,0.11945491784670033,0.08567755573471768,-0.025702129642100058,0.17939370471077032,0.20509583435287038,0.19863253907287648,0.11022196353754987,-0.025702129642100058,0.15791741588312402,0.17544363474415747,0.17939370471077032
0.25,0.12,0.1,0.6,0.35,0.11347123252803959,0.07725670290493111,1.4687558265031395,-0.08020565146871084,0.11975854146655487,0.0857730639804039,-0.021169572561811734,0.18739210465846146,0.2085616772202732,0.19859327286024184,0.09824314367651787,-0.021169572561811734,0.16294058413360735,0.18739210465846146,0.1713864474259994
0.25,0.18,0.1,0.5,0.3,0.11641557967038207,0.08055850755176715,1.4451059634585839,-0.09106470682279333,0.12562630759902652,0.08699093538799159,-0.015493664649405603,0.2029646227350823,0.21845828738448791,0.19848269759492182,0.1020458015793233,-0.015493664649405603,0.1684368245421093,0.2029646227350823,0.17017795378802325
0.25,0.22,0.1,0.5,0.3,0.11641557967038207,0.08055850755176715,1.4451059634585839,-0.09106470682279333,0.12562630759902652,0.08699093538799159,-0.015493664649405603,0.2029646227350823,0.21845828738448791,0.19848269759492182,0.1020458015793233,-0.015493664649405603,0.1684368245421093,0.2029646227350823,0.17017795378802325
0.25,0.18,0.08,0.5,0.4,0.1076596396170677,0.07450055762780657,1.4450850174158274,-0.08638649742818594,0.11543179025149697,0.08144586619659847,-0.019745786289471212,0.1827282707218436,0.20247405701131482,0.1984404020116073,0.09981769977478638,-0.019745786289471212,0.1560839180601612,0.1827282707218436,0.15827484899016486
0.45,0.12,0.14,0.5,0.35,0.11562303286153086,0.0775597683537234,1.4907604201989622,-0.0839620952559651,0.12087022567119765,0.08591911989194367,-0.024199406299098336,0.18043193793409928,0.20463134423319762,0.19830052458156733,0.10931235512132709,-0.024199406299098336,0.1626534254897547,0.18043193793409928,0.17615281610990552
0.25,0.22,0.08,0.5,0.4,0.10762747902161474,0.07451060479355971,1.444458534725482,-0.08638649742818638,0.11539544231610432,0.0814545005373747,-0.019745469095469703,0.18272827072184983,0.20247373981731953,0.19821991999015146,0.09963564236974709,-0.019745469095469703,0.15608391859422954,0.18272827072184983,0.15827484899016486
0.25,0.18,0.06,0.5,0.4,0.10857362953828109,0.07568750289412483,1.4344987664629243,-0.0821213452887698,0.11506720052431693,0.08230626433756826,-0.018882948597202076,0.1801982695946056,0.19908121819180769,0.19816768421017458,0.09086467039094193,-0.018882948597202076,0.1611820615666042,0.1801982695946056,0.16197394966663503
0.55,0.12,0.14,0.5,0.45,0.10742767740275627,0.07175213919296601,1.4972052207927427,-0.0741121795499452,0.11075867367274654,0.0838457044839263,-0.025785809641484136,0.17421015683677243,0.19999596647825657,0.19804969557177343,0.08603901760599708,-0.025785809641484136,0.15441130079086052,0.16491870277158682,0.17421015683677243
0.35,0.15,0.14,0.5,0.4,0.10796474779182086,0.07260863796901493,1.4869408215299924,-0.0798984647873906,0.11340542576677029,0.08290416049985844,-0.02483313420074562,0.17965224012606917,0.2044853743268148,0.19796492043792127,0.09951386555835162,-0.02483313420074562,0.1488333284770762,0.17965224012606917,0.16386082887310005
0.35,0.22,0.08,0.4,0.35,0.11383305139708089,0.0776725058627797,1.465551421737111,-0.08611923751795914,0.12053600364546609,0.08507249247822987,-0.0209751905751987,0.19141724587597775,0.21239243645117645,0.19776003976670828,0.10611175248720928,-0.0209751905751987,0.15695656946472902,0.19141724587597775,0.16916964097461307
0.45,0.22,0.1,0.3,0.45,0.1041116042187229,0.07108393910842868,1.4646290783057914,-0.08038173561595585,0.11090085219196166,0.07941765053753393,-0.024949142605315666,0.17570512999748922,0.20065427260280488,0.19774909000770427,0.11025126194033286,-0.024949142605315666,0.14803436183882246,0.17570512999748922,0.14546264978847945
0.55,0.12,0.08,0.4,0.45,0.10738838808964024,0.07177030472992055,1.4962788369612532,-0.07816942202421195,0.11169858965539015,0.08219749754316885,-0.027495015069862516,0.1718516453528649,0.19934666042272742,0.19726854116654402,0.1036223788085493,-0.027495015069862516,0.14596787393932753,0.1718516453528649,0.16454606524607152
0.45,0.18,0.14,0.4,0.4,0.10688131216022967,0.07413731811894327,1.4416668268031103,-0.08186289546360337,0.11197331794404135,0.08128109700901501,-0.020848808810009722,0.1827132094990438,0.20356201830905352,0.197201924914187,0.09197348702269692,-0.020848808810009722,0.15057598217505563,0.1827132094990438,0.15545271983342013
0.55,0.12,0.06,0.4,0.45,0.10635059264202007,0.07166761259048891,1.4839421713363168,-0.07850940435104337,0.10995341756496727,0.08185627961398396,-0.02581030756508429,0.1709226946205613,0.1967330021856456,0.19716209785686112,0.09320531788050035,-0.02581030756508429,0.14617894959367184,0.1709226946205613,0.1652704332951871
0.55,0.12,0.1,0.4,0.4,0.10905870358975656,0.07456787394406693,1.462542752279099,-0.08196420133690863,0.11322204564675095,0.08226097233673077,-0.023349581540447972,0.1742454119198804,0.19759499346032838,0.19704195161794008,0.09574135283194596,-0.023349581540447972,0.15430320133332365,0.1742454119198804,0.16516984368905274
0.25,0.15,0.08,0.6,0.4,0.10857114487578601,0.07481079839348678,1.451276382651712,-0.0805251855696959,0.11452888378935047,0.08226937452346154,-0.022099856146599928,0.1774893200257115,0.19958917617231142,0.19683404086543882,0.09721864054816476,-0.022099856146599928,0.16131783175195924,0.1774893200257115,0.15871848276751677
0.45,0.12,0.1,0.6,0.45,0.10826499970003134,0.07339778548735088,1.4750444987020672,-0.08199472594958024,0.1130973084204581,0.08201457648537885,-0.025094613113338937,0.16704800241989193,0.19214261553323086,0.19644880565794987,0.10031102841092587,-0.025094613113338937,0.15792182802336363,0.16530029636144805,0.16704800241989193
0.35,0.22,0.1,0.6,0.45,0.1071987235085805,0.07473643017334308,1.434357023207352,-0.07658540939780334,0.11158826492305732,0.08007711529283856,-0.0236352199719142,0.16432813550403136,0.18796335547594556,0.19643323349088881,0.0999104318805295,-0.0236352199719142,0.15612616637544896,0.16432813550403136,0.16121181082719094
0.45,0.22,0.14,0.4,0.3,0.11752443535174528,0.07917827138956522,1.4843016055947091,-0.08614433437252833,0.12393118653734285,0.0886672064410961,-0.02085258284230107,0.1961434206511936,0.21699600349349468,0.19632577162661702,0.09998362272967842,-0.02085258284230107,0.16776957641385892,0.1961434206511936,0.17661189573428437
0.55,0.15,0.06,0.3,0.45,0.10616352839915066,0.07118441317528339,1.4913872807764146,-0.08077456268951877,0.11298132361130173,0.08151441742652696,-0.02705477281698443,0.1764906782651381,0.20354545108212252,0.19620297501477535,0.11289789466933398,-0.02705477281698443,0.15090662407143207,0.1764906782651381,0.15166619386758895
0.35,0.18,0.14,0.6,0.3,0.12054153506119625,0.08192672598984338,1.4713334825089925,-0.08605663959322074,0.1278451576261929,0.08880921184461561,-0.0210737779553829,0.1923530155666393,0.2134267935220222,0.1958797014594606,0.11277283964868579,-0.0210737779553829,0.17343092281389816,0.1923530155666393,0.18174278805712407
0.35,0.12,0.06,0.4,0.45,0.10449047157618607,0.07096858081729956,1.4723483317946677,-0.07537357963295288,0.1105795776929038,0.08041094469466512,-0.027025441172225273,0.178017774944347,0.20504321611657228,0.1955051425951679,0.11436206616431055,-0.027025441172225273,0.15279619380260234,0.178017774944347,0.1347472947254844
0.35,0.12,0.06,0.6,0.45,0.10566998070013933,0.07301946465935427,1.4471481158223243,-0.07658820957314227,0.1092261290921781,0.07998459993196873,-0.02493505629347581,0.1656896427337584,0.19062469902723422,0.19547298862631932,0.09523326629811857,-0.02493505629347581,0.15376456868439203,0.1656896427337584,0.1563782240380973
0.25,0.22,0.14,0.6,0.35,0.11251384019235844,0.07562342284939214,1.4878173448514151,-0.08121269598998238,0.11977957878710521,0.08666446906468706,-0.02301151668217538,0.18989091223578702,0.2129024289179624,0.1953481558902808,0.09984373109842282,-0.02301151668217538,0.1610000874143942,0.18989091223578702,0.1711746798690974
0.25,0.18,0.14,0.6,0.35,0.11251384019235844,0.07562342284939214,1.4878173448514151,-0.08121269598998238,0.11977957878710521,0.08666446906468706,-0.02301151668217538,0.18989091223578702,0.2129024289179624,0.1953481558902808,0.09984373109842282,-0.02301151668217538,0.1610000874143942,0.18989091223578702,0.1711746798690974
0.35,0.22,0.14,0.6,0.3,0.12041758002799097,0.0817940571501261,1.4722045124497816,-0.0860566395928023,0.12778333443185394,0.08888909613426778,-0.021452392158244682,0.1920552242803304,0.21350761643857508,0.1949518316303407,0.11319060711885331,-0.021452392158244682,0.17342608039437724,0.1920552242803304,0.18169715252395346
0.45,0.18,0.06,0.3,0.35,0.11260273578556967,0.07695367382118855,1.4632535419584536,-0.08901734520174176,0.122027995384044,0.084308295771567,-0.021842374104820594,0.19088249869752416,0.21272487280234476,0.19481836030708397,0.12032706651380032,-0.021842374104820594,0.15557481207736346,0.19088249869752416,0.1651979737363527
0.35,0.18,0.14,0.5,0.4,0.10937133383066033,0.07336447088652205,1.4907942837866657,-0.08046718385691687,0.11502776848532323,0.08432707001052027,-0.025496093458580837,0.17936677121077316,0.204862864669354,0.19473718266627787,0.09870973660059756,-0.025496093458580837,0.1587213533011036,0.17936677121077316,0.1638370747727227
0.45,0.12,0.14,0.6,0.35,0.11538009692731843,0.07919581016835661,1.456896478261164,-0.08891803338741544,0.12122327500364256,0.08525348726570915,-0.021501577806159577,0.1810184420689429,0.20252001987510249,0.19445760177491878,0.10611198502788843,-0.021501577806159577,0.16344614544699732,0.17704138028054373,0.1810184420689429
0.25,0.12,0.14,0.6,0.35,0.11211059957931724,0.07574746930590055,1.4800573617392665,-0.08121340930931453,0.12020317583206386,0.08651500494216716,-0.022485756126575662,0.19027276720795805,0.2127585233345337,0.1944238281956872,0.10076576241828605,-0.022485756126575662,0.16101286702427764,0.19027276720795805,0.1714502386363732
0.45,0.12,0.06,0.4,0.45,0.10509247456575621,0.07147785426566088,1.4702802097998113,-0.07769183192351725,0.1112781327888284,0.0816736512641119,-0.025352082098576534,0.17364294006470882,0.19899502216328535,0.19410998797761292,0.09709261861215968,-0.025352082098576534,0.15303936546054842,0.17364294006470882,0.15796782190530156
0.55,0.12,0.08,0.3,0.35,0.11250769537546845,0.07661760361434723,1.468431405682865,-0.08607395481549251,0.12038748960926346,0.08400508646914229,-0.023992204118667315,0.18964545946314693,0.21363766358181424,0.19408044081877063,0.1237852132413566,-0.023992204118667315,0.15712847501616878,0.18964545946314693,0.15537050444431233
0.25,0.18,0.08,0.6,0.4,0.10844554478370139,0.07528780714436045,1.4404131146463424,-0.08080100146298552,0.11428889925119663,0.08223947167878763,-0.02210048315262869,0.17740596835177658,0.19950645150440527,0.19391805032891424,0.09651040655215803,-0.02210048315262869,0.16158846743597133,0.17740596835177658,0.1580401370687059
0.25,0.12,0.06,0.6,0.45,0.10237866657762273,0.07152690837683566,1.431330794255027,-0.07902623494461425,0.10710546709627115,0.07851127976449813,-0.023504384412626478,0.16700725551514184,0.19051163992776832,0.19363137286584955,0.091191822611977,-0.023504384412626478,0.14899814568910164,0.16700725551514184,0.15183449607776178
0.25,0.22,0.06,0.4,0.3,0.12041470652066177,0.08294516931275141,1.4517386306926263,-0.09181947884664576,0.12976826911655875,0.08837749952767861,-0.018921939691255663,0.20778657303875292,0.22670851273000858,0.19354618810908067,0.12342833406046405,-0.018921939691255663,0.17280680570104945,0.20778657303875292,0.16374157247378296
0.25,0.18,0.06,0.4,0.3,0.12041470652066177,0.08294516931275141,1.4517386306926263,-0.09181947884664576,0.12976826911655875,0.08837749952767861,-0.018921939691255663,0.20778657303875292,0.22670851273000858,0.19354618810908067,0.12342833406046405,-0.018921939691255663,0.17280680570104945,0.20778657303875292,0.16374157247378296
0.25,0.22,0.08,0.6,0.4,0.10839588542556067,0.07532763139930974,1.4389923513054195,-0.08080100146298552,0.11424718547738491,0.08225086226822,-0.022100667635265303,0.17740596835177658,0.19950663598704188,0.1934687275303443,0.09630202216561745,-0.022100667635265303,0.16158846743608968,0.17740596835177658,0.15804013706870612
0.35,0.22,0.14,0.6,0.35,0.11499646015263898,0.07802276200299085,1.4738834822103684,-0.08167290126930626,0.12158456353373633,0.0864850376207244,-0.023913356700381194,0.18375153073310901,0.2076648874334902,0.19334834583817012,0.10827744231819003,-0.023913356700381194,0.16556009093958068,0.18375153073310901,0.17424711037818308
0.35,0.12,0.1,0.6,0.35,0.11622954812366015,0.07952711649516786,1.4615083916782317,-0.08315244291872603,0.1231366885835045,0.08594515951719216,-0.02362155408314559,0.18188474714542346,0.20550630122856905,0.19319774749071944,0.11656310426629246,-0.02362155408314559,0.16591697844651998,0.18188474714542346,0.1749401671424322
0.55,0.22,0.14,0.3,0.4,0.10396992184791709,0.07203831895437578,1.4432585790038304,-0.08222251387625878,0.11232654917688945,0.08001967939806381,-0.02329072569327284,0.18359376417389806,0.2068844898671709,0.19282680444959158,0.11273510195896108,-0.02329072569327284,0.15126544836246558,0.18359376417389806,0.13732915708239535
0.45,0.18,0.06,0.3,0.4,0.10976903904799218,0.0748267566725456,1.4669757708243303,-0.08648037277115594,0.1161821463672319,0.08255304184229183,-0.024890678106320285,0.18265340599783886,0.20754408410415914,0.19278612143857918,0.11576338297630451,-0.024890678106320285,0.14575982912903895,0.18265340599783886,0.16162479183929745
0.25,0.15,0.1,0.5,0.35,0.11054280469864497,0.07700665904413628,1.4354966969192557,-0.08593626884489192,0.11899977798545788,0.08446710447340075,-0.018699920311045726,0.1933133233110087,0.21201324362205443,0.19275625140344826,0.09758149473850852,-0.018699920311045726,0.16094485043047713,0.1933133233110087,0.16185914175834082
0.35,0.18,0.06,0.4,0.4,0.11208083077288733,0.07617779347293269,1.471305818443161,-0.0843163493583654,0.11836682341934116,0.08463229609786047,-0.024336180431975163,0.18117490614747922,0.20551108657945438,0.19259602770154066,0.10664166482268556,-0.024336180431975163,0.16231934356749167,0.18117490614747922,0.16603438299102447
0.55,0.12,0.06,0.5,0.45,0.11101181171337648,0.07266762006109957,1.527665439160341,-0.07396263759799304,0.11310815193470733,0.08552971397033492,-0.03199133458365622,0.17482951916366418,0.2068208537473204,0.19257740396882334,0.10425320509420688,-0.03199133458365622,0.153477494404479,0.16497187559484283,0.17482951916366418
0.35,0.22,0.06,0.4,0.45,0.10708010723571038,0.07326948183446175,1.4614557733277984,-0.08098288618334759,0.1125058097441203,0.08172352307884931,-0.025331128645241896,0.17344673180165993,0.19877786044690182,0.19253580239609658,0.10153272806922953,-0.025331128645241896,0.15318293505685943,0.17344673180165993,0.15969778243809452
0.25,0.22,0.06,0.5,0.4,0.10800778375634934,0.07640934485063254,1.4135415500222708,-0.08222811264503038,0.1150435092975535,0.08228940247383087,-0.018882948597202076,0.1801982695946056,0.19908121819180769,0.19224656707477494,0.09086467039094193,-0.018882948597202076,0.1611820615666042,0.1801982695946056,0.1618554935328178
0.25,0.15,0.14,0.6,0.35,0.11186719400225442,0.07576845358328503,1.4764349635206622,-0.08121269598998282,0.11987192251304332,0.08660940767789348,-0.02286110251283946,0.18998367245679004,0.2128447749696295,0.1921925976285201,0.10005847581400196,-0.02286110251283946,0.161003886930845,0.18998367245679004,0.1711746798764191
0.35,0.12,0.1,0.5,0.4,0.10820947245577694,0.07363783849009585,1.4694819222637954,-0.07768485722661878,0.11313086595006401,0.08298098633327694,-0.026168577618427058,0.17763788676616077,0.20380646438458783,0.19209930466288686,0.10134515469736205,-0.026168577618427058,0.1496710061979296,0.17763788676616077,0.16316885970729467
0.35,0.15,0.1,0.4,0.4,0.10515719050069539,0.07342736937106617,1.4321252606678874,-0.08143577864698337,0.11170981541655464,0.08001646249085381,-0.02319372705829159,0.1855192713072804,0.208712998365572,0.19206521285517,0.11017406928472395,-0.02319372705829159,0.14327873753999687,0.1855192713072804,0.1427707260090636
0.45,0.15,0.08,0.4,0.45,0.10690257310651119,0.07240318138270944,1.476489997607212,-0.07784137249983758,0.1113868361163175,0.08265966812311261,-0.026765100642377693,0.17415919100535704,0.20092429164773473,0.19197569522560437,0.09643091011334448,-0.026765100642377693,0.15689004086061153,0.17415919100535704,0.15621913924465214
0.45,0.18,0.1,0.4,0.45,0.10699578523844067,0.07253570440920944,1.47507749610902,-0.07848376656645373,0.11154312517919343,0.08278242665066136,-0.026361593448050447,0.1729963180101659,0.19935791145821635,0.19185196618207198,0.09490265314939839,-0.026361593448050447,0.15614631930147183,0.1729963180101659,0.16003192888298146
0.45,0.22,0.08,0.3,0.4,0.10835954191007202,0.07447538042558638,1.45497131120185,-0.08212476692257864,0.11491220205950536,0.08184979554776316,-0.02528795770842518,0.18185555543142962,0.2071435131398548,0.19158659257111982,0.11565373158283765,-0.02528795770842518,0.14727906877183417,0.18185555543142962,0.15506061221985057
0.25,0.18,0.08,0.5,0.35,0.113357816020357,0.07776075558215219,1.4577766788878157,-0.08476405087104166,0.12100934530505661,0.08591386711320773,-0.02188894911916983,0.19105293957847036,0.2129418886976402,0.19157202393289863,0.10507553672921621,-0.02188894911916983,0.1641472747483963,0.19105293957847036,0.16665992458836998
0.25,0.22,0.08,0.5,0.35,0.11334999257883793,0.07776302167827487,1.4576335915519756,-0.08476405087104188,0.1210004656488193,0.08591532717780535,-0.021887322381343943,0.19105293957847103,0.21294026195981497,0.19152573725097455,0.10502951163727481,-0.021887322381343943,0.16414727482132685,0.19105293957847103,0.16665992458836776
0.45,0.18,0.1,0.4,0.4,0.11060993178253131,0.07585556708033166,1.4581649843233588,-0.08213914114634124,0.11551833835123645,0.0837732106394252,-0.024185646098700886,0.1764085672311686,0.2005942133298695,0.19151266953102933,0.09887824243984444,-0.024185646098700886,0.160564931476894,0.1764085672311686,0.16592559670697615
0.25,0.15,0.14,0.5,0.3,0.11478752428572592,0.07931057744162018,1.4473167134638505,-0.08860859358262363,0.12384204469135293,0.08757542577804946,-0.018040804230051277,0.20423115576469475,0.22227195999474603,0.19146202492327097,0.10126874390981921,-0.018040804230051277,0.16132136794856278,0.20423115576469475,0.17042976006373922
0.25,0.15,0.08,0.4,0.3,0.11851897495116126,0.0810024149509044,1.4631535988525237,-0.08975989208591029,0.12790039478381263,0.08856569756653558,-0.020741638030839282,0.2080528683070828,0.2287945063379221,0.190950854850284,0.12212143862513303,-0.020741638030839282,0.17075110607533284,0.2080528683070828,0.15931819894235377
0.55,0.18,0.06,0.3,0.3,0.11638097344951337,0.07869716027734373,1.4788459080272367,-0.09165110060930348,0.12405669050924731,0.08644918808821861,-0.024192075806279134,0.19185789463492786,0.216049970441207,0.19081137896435937,0.12308233891879361,-0.024192075806279134,0.1634570928152732,0.19185789463492786,0.16607820198352097
0.25,0.12,0.14,0.6,0.3,0.11752155760206873,0.08051181687492784,1.459680853863156,-0.08705909465634565,0.1260481205096531,0.08870309541951671,-0.02033997367181206,0.19919491606583462,0.21953488973764668,0.1906273016579244,0.10663209687941255,-0.02033997367181206,0.168959394301736,0.19919491606583462,0.1757941689730944
0.55,0.22,0.1,0.3,0.4,0.10692021804161933,0.07329810503617848,1.4587037139479342,-0.0843787087442277,0.11544999687511455,0.08152606960065856,-0.02544060557142136,0.1791587018481704,0.20459930741959176,0.1903314158199945,0.11973791993291427,-0.02544060557142136,0.15286835266064758,0.1791587018481704,0.15092561550526185
0.35,0.18,0.14,0.4,0.35,0.11116036874478996,0.07620687470228754,1.4586658904338088,-0.08418049801430882,0.11893617585190767,0.08498976162075855,-0.023072665309211704,0.19549578735557116,0.21856845266478286,0.18985405061434668,0.11170236443847248,-0.023072665309211704,0.16453547643107758,0.19549578735557116,0.14601991634362887
0.35,0.12,0.08,0.6,0.35,0.11747212827235542,0.08090697537945793,1.4519406728703554,-0.08601512439613601,0.12257201383167342,0.08596643033986269,-0.02413214528650698,0.1811463899087371,0.20527853519524408,0.18978057835374532,0.11537334425903745,-0.02413214528650698,0.16776005722507858,0.1811463899087371,0.17271242305202095
0.45,0.15,0.1,0.5,0.45,0.10823562184496516,0.07402294391152912,1.462190182199811,-0.07911546769125533,0.11171093228502071,0.08248463484627432,-0.026852461796467386,0.17058832176461602,0.1974407835610834,0.18971372978652554,0.09875040467110252,-0.026852461796467386,0.15136960801765476,0.16469878876819766,0.17058832176461602
0.55,0.12,0.14,0.5,0.3,0.1206945374100783,0.08128724344516594,1.4847906300512625,-0.08703485416509837,0.1254370257526736,0.09031877617539226,-0.02350981352657422,0.19218563666159616,0.21569545018817038,0.18953771974303518,0.10348892390162079,-0.02350981352657422,0.17101253337857436,0.18400784834815087,0.19218563666159616
0.55,0.12,0.06,0.3,0.35,0.11459480039961467,0.07841181335179027,1.4614481606934842,-0.08973657288618375,0.12237889012532613,0.08516285879093363,-0.024233295350466255,0.19252307818367353,0.2167563735341398,0.18905234713608338,0.12711131458301228,-0.024233295350466255,0.15848954101687895,0.19252307818367353,0.1580038121935321
0.35,0.22,0.1,0.5,0.4,0.1103562507632454,0.07565823937144048,1.4586151049782787,-0.08342956079998354,0.1161674774329873,0.08427422248796186,-0.024329595387088232,0.17617480872283298,0.2005044041099212,0.18888463852241033,0.09899921650211874,-0.024329595387088232,0.163418644938655,0.17617480872283298,0.16657431238841802
0.55,0.12,0.06,0.4,0.4,0.11299936641047559,0.07598252852988581,1.4871756520451953,-0.08394867499925063,0.1171816135538443,0.08521062028276703,-0.028078566844071284,0.17747397046661306,0.20555253731068435,0.18862982066780057,0.11126882806846794,-0.028078566844071284,0.1541629775338973,0.17747397046661306,0.17108085854431443
0.55,0.22,0.14,0.3,0.3,0.11227700029609355,0.07690809188290604,1.4598853975864765,-0.08709478349356159,0.12281571899458221,0.08547314184717135,-0.02310771355812058,0.19446695949842474,0.21757467305654532,0.1885215053473954,0.12234624808037542,-0.02310771355812058,0.15926324634897848,0.19446695949842474,0.161109854603253
0.55,0.18,0.14,0.4,0.45,0.10457911171769707,0.07319235115704459,1.4288256909975159,-0.0787451261768799,0.10737213473439766,0.07948016786362615,-0.02574814451743679,0.16927739106612782,0.1950255355835646,0.1883920010964235,0.095342993513432,-0.02574814451743679,0.1417270593602873,0.16927739106612782,0.15626137424957798
0.55,0.15,0.1,0.3,0.3,0.11606391334748944,0.07893704297417851,1.4703352060635928,-0.08841535133360745,0.12424138724940548,0.08641842617936536,-0.025024728760452808,0.19319676919555606,0.21822149795600887,0.1883480858070801,0.12967219495840343,-0.025024728760452808,0.16020417619021732,0.19319676919555606,0.16315852466330338
0.45,0.18,0.08,0.4,0.4,0.11146182835261209,0.07675820342694363,1.4521161696899072,-0.0837270002902073,0.11620315125411337,0.0842371062007402,-0.02444982817351482,0.17606065491169676,0.20051048308521158,0.18830876135125746,0.09996903615759622,-0.02444982817351482,0.15989811092880535,0.17606065491169676,0.1695377824459834
0.45,0.18,0.14,0.4,0.35,0.11280549702523168,0.07688915152505106,1.4671185048579813,-0.08512707047227164,0.11893445909298724,0.08678607345698179,-0.023099035118689493,0.1893614409382942,0.2124604760569837,0.1880263968003132,0.09627673160143302,-0.023099035118689493,0.16173236274750513,0.1893614409382942,0.1704007952963933
0.55,0.12,0.14,0.4,0.35,0.11283440528401534,0.07721974199848017,1.4612118917237011,-0.08331091113433942,0.11841238550303834,0.08536792328324257,-0.025004347317185482,0.18133953837961347,0.20634388569679896,0.1879363392204753,0.10484465157790046,-0.025004347317185482,0.16269596221765825,0.18133953837961347,0.168186122657205
0.35,0.18,0.1,0.4,0.45,0.10138074441766354,0.07005636098171131,1.4471311811946623,-0.07617527692740356,0.10765599683566829,0.07990554501799407,-0.026432520726301867,0.1763416188263378,0.20277413955263968,0.18777037362957408,0.09961851837902369,-0.026432520726301867,0.1380203220018852,0.1763416188263378,0.15073204569739662
0.35,0.12,0.08,0.4,0.4,0.10923228546203112,0.07411619696386733,1.473797765355977,-0.07902402034092382,0.11584229074706298,0.08401781015364225,-0.02759897876324413,0.18688533264959428,0.2144843114128384,0.18776478573555466,0.11726259578909537,-0.02759897876324413,0.15813228424106796,0.18688533264959428,0.14453021981880143
0.45,0.22,0.14,0.4,0.35,0.11174783403647748,0.07698378695053329,1.4515762144603535,-0.0849778802361022,0.11767906494116702,0.08566462436090816,-0.022407653602161348,0.1885597983667624,0.21096745196892375,0.18769333405376307,0.09602986247536016,-0.022407653602161348,0.1557132880007075,0.1885597983667624,0.1705000294651664
0.35,0.18,0.08,0.4,0.4,0.11109694860593922,0.07508124724602448,1.4796897052322442,-0.08193056576875124,0.1175931143505428,0.08594451652667556,-0.02588496779773719,0.18336681099890773,0.20925177879664492,0.18766999657531142,0.10177281574934449,-0.02588496779773719,0.16658988477752112,0.18336681099890773,0.16212102802467787
0.35,0.22,0.14,0.5,0.35,0.11349702847799414,0.0769708150148511,1.4745462738844002,-0.0847633352938223,0.12016229258460569,0.0868451567647205,-0.024669063643350753,0.18617202066549754,0.2108410843088483,0.18757773741691885,0.10351909273741122,-0.024669063643350753,0.16713435381077102,0.18617202066549754,0.16865505935269942
0.45,0.22,0.06,0.3,0.4,0.1095583785634564,0.07469153453979269,1.4668111886908421,-0.0866231192316842,0.11739228720511363,0.08357718245790481,-0.025866414311289,0.1813786762647196,0.2072450905760086,0.1873969158367237,0.11548790597858893,-0.025866414311289,0.15445829825778334,0.1813786762647196,0.1615029698357653
0.45,0.15,0.14,0.6,0.45,0.10591747193018763,0.07371106382001676,1.4369277343332143,-0.08222967714775753,0.11045191992825462,0.08076628253779856,-0.025421057928946666,0.1693336266307912,0.19475468455973788,0.18707709785436094,0.09806226673888885,-0.025421057928946666,0.152290211044253,0.15799455315628674,0.1693336266307912
0.25,0.15,0.06,0.5,0.35,0.11386761492626851,0.0794054766328296,1.4340020330435346,-0.08640141597620521,0.12114993461253462,0.0866663578555836,-0.020031152843275835,0.19003870582425164,0.21006985866752748,0.1868795589310008,0.09615299647183684,-0.020031152843275835,0.1719184327707184,0.19003870582425164,0.1676706908391421
0.55,0.18,0.1,0.3,0.3,0.11545173745163351,0.07872326434308377,1.4665517038074465,-0.08843668124106596,0.12361719753447457,0.08615042679169461,-0.025354670777104293,0.19179310373715786,0.21714777451426215,0.1868010483439964,0.1294826832171263,-0.025354670777104293,0.15945143302844977,0.19179310373715786,0.16271343846674324
0.25,0.18,0.14,0.5,0.3,0.1145770275627056,0.07924566944591838,1.4458459164244841,-0.08860859358261919,0.12368606529684978,0.08821026522945206,-0.019237059559587988,0.20405629737960074,0.22329335693918873,0.186544700582526,0.10054334907683438,-0.019237059559587988,0.16263799189545658,0.20405629737960074,0.1704297476919452
0.25,0.22,0.14,0.5,0.3,0.1145770275627056,0.07924566944591838,1.4458459164244841,-0.08860859358261919,0.12368606529684978,0.08821026522945206,-0.019237059559587988,0.20405629737960074,0.22329335693918873,0.186544700582526,0.10054334907683438,-0.019237059559587988,0.16263799189545658,0.20405629737960074,0.1704297476919452
0.45,0.15,0.14,0.5,0.4,0.11082965691395441,0.07521115257952905,1.4735800890268498,-0.08052188856821596,0.11536740752364287,0.08488267720981683,-0.02750897306999045,0.1728057823676339,0.20031475543762434,0.18646368849991837,0.1023170140192382,-0.02750897306999045,0.15801034361494226,0.1728057823676339,0.17121287068639046
0.35,0.22,0.1,0.4,0.45,0.10352727857502653,0.07113833478235204,1.455295220105567,-0.07976600525390776,0.10977242095667794,0.08117875694683084,-0.026628616946072103,0.1760717276124737,0.2027003445585458,0.18638003195683298,0.09929913654679035,-0.026628616946072103,0.14878226424319152,0.1760717276124737,0.15133759332700625
0.25,0.12,0.08,0.5,0.35,0.11316774064677215,0.07728998133839633,1.4641967650541063,-0.08353147729518406,0.12074903331822666,0.08669967587363972,-0.024366131919895784,0.1917956305584445,0.2161617624783403,0.18625344993135037,0.10795525911492909,-0.024366131919895784,0.1606382332041585,0.1917956305584445,0.167722175633497
0.55,0.18,0.14,0.3,0.35,0.10962267049438923,0.07486446367115261,1.4642817849589422,-0.08479189380616026,0.11872291410282801,0.08450140539332865,-0.025291790548356285,0.19119723580814596,0.21648902635650225,0.18613390665322396,0.11921548463750842,-0.025291790548356285,0.1495008145436878,0.19119723580814596,0.15899282607315413
0.35,0.12,0.14,0.5,0.35,0.11004563027157355,0.075587773170143,1.4558654879787003,-0.08368488338233715,0.1167830568137886,0.08525798321282327,-0.023690487868147647,0.18718160474933554,0.2108720926174832,0.1860237612546297,0.0980927203351114,-0.023690487868147647,0.1541674511336033,0.18718160474933554,0.1681639957190404
0.45,0.12,0.1,0.5,0.35,0.11664173923792998,0.0796082968747568,1.4651957624647562,-0.08651698866047353,0.12164131137517258,0.0871821003855113,-0.025277397385894962,0.17979678305699354,0.2050741804428885,0.18590943744314448,0.10830008092892429,-0.025277397385894962,0.167947016626961,0.17979678305699354,0.17744007364887904
0.25,0.18,0.1,0.6,0.3,0.11933297467050963,0.08201246663837625,1.4550589631292705,-0.0864746188315737,0.12622909095288665,0.09002437616755384,-0.021461007555010236,0.1963563546781928,0.21781736223320303,0.18573185735846034,0.10255817304063553,-0.021461007555010236,0.17564052020290166,0.1963563546781928,0.17805141439771344
0.25,0.22,0.1,0.6,0.3,0.11933297467050963,0.08201246663837625,1.4550589631292705,-0.0864746188315737,0.12622909095288665,0.09002437616755384,-0.021461007555010236,0.1963563546781928,0.21781736223320303,0.18573185735846034,0.10255817304063553,-0.021461007555010236,0.17564052020290166,0.1963563546781928,0.17805141439771344
0.55,0.15,0.08,0.3,0.3,0.11431312772444624,0.07801588272362081,1.4652545575804365,-0.08865964983720043,0.1220164450002655,0.08623839430445732,-0.025003999920301445,0.1924189960382532,0.21742299595855463,0.1854363849918696,0.11924087424882068,-0.025003999920301445,0.15876807245895574,0.1924189960382532,0.1646582821755993
0.55,0.15,0.08,0.4,0.45,0.10691998731050978,0.07351886245708847,1.4543204796308824,-0.07992605116045315,0.11021036120855984,0.0821825421086608,-0.02751512200006012,0.16685439905258437,0.1943695210526445,0.18534320877400315,0.09585606939211866,-0.02751512200006012,0.15164374484609344,0.16685439905258437,0.1642127147520629
0.25,0.22,0.08,0.6,0.35,0.1159639667701069,0.07976175603500138,1.4538793092672022,-0.08246483612599165,0.12107407856335739,0.08756346335464366,-0.024196886173788346,0.18588712502763705,0.2100840112014254,0.18531000696642536,0.10168432928184212,-0.024196886173788346,0.16952897807159273,0.18588712502763705,0.1724668466095034
0.35,0.18,0.06,0.4,0.45,0.10524512117872287,0.07275752022638832,1.446518804533853,-0.07998785995106805,0.11058479171114206,0.08135016393990589,-0.027010623806285827,0.17395527128284827,0.2009658950891341,0.18485817714010735,0.1018043365374075,-0.027010623806285827,0.1513674979891182,0.17395527128284827,0.15280747655262217
0.55,0.12,0.14,0.4,0.3,0.11691410487846832,0.08040850489849401,1.4540017256390751,-0.08753410490975688,0.12258021173968421,0.08747849207858753,-0.023970416677005946,0.1874113700021005,0.21138178667910645,0.18465399521927786,0.10779745084801418,-0.023970416677005946,0.16559156503531747,0.1874113700021005,0.17607108948999484
0.55,0.12,0.08,0.5,0.45,0.10831363372352798,0.07240789839612498,1.4958814731919432,-0.07658831795502075,0.11046491536832707,0.08477005651076178,-0.030911873489417152,0.1708938666498212,0.20180574013923835,0.18451865327758935,0.09418650388964056,-0.030911873489417152,0.1515501945956157,0.16660588519597508,0.1708938666498212
0.35,0.12,0.06,0.6,0.4,0.11218390036905412,0.07738356819902918,1.4497121673236766,-0.08209561272061872,0.11665814650004136,0.08394934417952385,-0.02743665988469912,0.17265855352684123,0.20009521341154035,0.1842795636055049,0.11233082581659226,-0.02743665988469912,0.1621626544613488,0.17265855352684123,0.16357535858012362
0.35,0.22,0.14,0.4,0.3,0.1159174665250211,0.07948493078380048,1.4583577714915217,-0.08832723779001128,0.12447114621018658,0.08813680172865843,-0.023040091678067087,0.20376778801819828,0.22680787969626537,0.18403619526579068,0.11625471986693281,-0.023040091678067087,0.16695867768579964,0.20376778801819828,0.15841463715806925
0.35,0.18,0.1,0.6,0.4,0.11042085361277554,0.07742210860047864,1.4262186293915133,-0.08056540286355052,0.11563927269418764,0.08321913391159551,-0.025065455942523407,0.17261623553386518,0.1976816914763886,0.1839886666316004,0.10478868555325471,-0.025065455942523407,0.15713041599288258,0.17261623553386518,0.1687264823334591
0.45,0.15,0.1,0.6,0.45,0.10776775673025996,0.07578604762583512,1.4219999604983018,-0.08540523122776333,0.11189263433289738,0.08123298259002874,-0.024824916928646967,0.1708734698648382,0.19569838679348517,0.1837699009596256,0.09972494662464904,-0.024824916928646967,0.15264313663579387,0.16104653546785275,0.1708734698648382
0.45,0.18,0.14,0.5,0.45,0.10603208316743018,0.07296920354004639,1.4531073113500337,-0.07763781418689364,0.10976948686213887,0.08256178409957701,-0.027637356022493398,0.16599923227631108,0.19363658829880448,0.18373635620126,0.09258268165649697,-0.027637356022493398,0.1522338089330113,0.16566906746736842,0.16599923227631108
0.45,0.12,0.14,0.5,0.3,0.11972664888128426,0.08093603940633348,1.4792748664189677,-0.08769649893259668,0.12551773247003004,0.0897011865547235,-0.02602543078602182,0.1874609147031716,0.21348634548919343,0.1834880245597705,0.11357655476467343,-0.02602543078602182,0.16976803041568878,0.1874609147031716,0.1828085932526382
0.55,0.15,0.06,0.3,0.3,0.11802363177858766,0.07994641032504979,1.4762843171910003,-0.09209223360740071,0.12600063069759063,0.08850028428929531,-0.025380779729550884,0.19509741261362779,0.22047819234317867,0.1833909083013672,0.12317227769711603,-0.025380779729550884,0.16650831796221643,0.19509741261362779,0.17060592494454374
0.25,0.15,0.06,0.6,0.45,0.10388674235859763,0.07245599754951264,1.433790795408025,-0.0771137821063882,0.10836687618294598,0.08081222200690348,-0.026870569666445743,0.16597208099110383,0.19284265065754957,0.18337709327552734,0.09339664958065041,-0.026870569666445743,0.15593663878950714,0.16597208099110383,0.15339958121991426
0.35,0.15,0.08,0.6,0.4,0.11212632706060788,0.07824267366902088,1.4330584807840325,-0.09038641907395317,0.11887218074726687,0.08379384258271648,-0.0241509045431888,0.17232880182013055,0.19647970636331935,0.18293966629723396,0.11161476157202088,-0.0241509045431888,0.16326438203792404,0.17130386284944765,0.17232880182013055
0.55,0.18,0.1,0.4,0.3,0.11881956478365607,0.08102039624207268,1.46653892470048,-0.08925462492933678,0.12328212907175631,0.08861524506983924,-0.025592268470034152,0.18292412797121926,0.20851639644125342,0.18256062430125292,0.10812538854365106,-0.025592268470034152,0.17306636805851006,0.18292412797121926,0.1778870292554353
0.25,0.15,0.08,0.6,0.35,0.11386516895290666,0.07921160654907264,1.4374808681902655,-0.08222117197212286,0.11982454477537599,0.08647624620628477,-0.02403922741808029,0.18603347773408663,0.21007270515216692,0.18239064034997807,0.1023968362591039,-0.02403922741808029,0.16937659100470537,0.18603347773408663,0.16535504629706432
0.55,0.15,0.14,0.4,0.4,0.10923765519473361,0.0756114919255752,1.4447229172816325,-0.0818481346047748,0.11299594109540231,0.08326078988632454,-0.027093225491518824,0.1740696299806368,0.20116285547215562,0.1823730276096898,0.10023883966303804,-0.027093225491518824,0.15832559635845134,0.1740696299806368,0.15943886496640425
0.25,0.15,0.1,0.5,0.3,0.11688462720161641,0.0808658465393702,1.4454140060811724,-0.0910647063782073,0.12491249567789413,0.08916994386383223,-0.020676415120158942,0.20313923899436337,0.2238156541145223,0.1822200391413146,0.10282172630771624,-0.020676415120158942,0.16907098946406007,0.20313923899436337,0.1702069387434899
0.35,0.15,0.1,0.5,0.4,0.10947335611185105,0.07552147697802357,1.4495658783753307,-0.07905838398706888,0.11547839641188273,0.08490060778052827,-0.026264099098673443,0.1769259540428647,0.20319005314153815,0.1820002833955878,0.09928153119866412,-0.026264099098673443,0.1588231267280944,0.1769259540428647,0.16862546918846388
0.25,0.18,0.08,0.6,0.35,0.11497754524345272,0.07955889149825149,1.4451878737649284,-0.08246483612599165,0.12108385592801182,0.08756080185754268,-0.024197003396099315,0.1858871250276357,0.21008412842373503,0.18196119230555285,0.1017333333274526,-0.024197003396099315,0.16952897807156653,0.1858871250276357,0.17246684660950362
0.55,0.18,0.08,0.3,0.45,0.10107192147693644,0.07167609632828084,1.4101203421294173,-0.08219994380143647,0.10832207835147915,0.07853253874399442,-0.025122045612617994,0.17528445683727245,0.20040650244989044,0.18187471194674057,0.10592671660369501,-0.025122045612617994,0.14232560008740713,0.17528445683727245,0.14319566384163918
0.45,0.15,0.14,0.4,0.4,0.1051773173390238,0.07334359218580586,1.4340355333642727,-0.08005907710194027,0.11062447132491253,0.08287980872300886,-0.024769658674591355,0.1825249210951605,0.20729457976975185,0.1815133820787173,0.08991833164412566,-0.024769658674591355,0.1535777872330284,0.1825249210951605,0.15187097532683946
0.55,0.15,0.1,0.4,0.45,0.10562860777356597,0.07277929129187473,1.451355267392644,-0.07914024893049854,0.1090536878218064,0.08211588762289891,-0.028640293822465357,0.16646650790013306,0.19510680172259842,0.18139477119756342,0.09496066656597613,-0.028640293822465357,0.15056825465228618,0.16646650790013306,0.16191330381310198
0.55,0.18,0.1,0.4,0.45,0.10802621702007054,0.07504608768194011,1.4394650055297569,-0.08100838658328602,0.11066671035020977,0.0826005262056994,-0.0276471158133601,0.16857664498703384,0.19622376080039394,0.18089770827106247,0.0962004781328134,-0.0276471158133601,0.1511135458377033,0.16857664498703384,0.16508999860685836
0.35,0.15,0.06,0.4,0.4,0.11221320792831668,0.07605696452820218,1.4753837288195697,-0.08274780405790416,0.11885792851249884,0.08708755588484814,-0.027498917096856035,0.1844962867224169,0.21199520381927295,0.18086737784166387,0.10547638216244848,-0.027498917096856035,0.1668500908713053,0.1844962867224169,0.1649657999031795
0.55,0.18,0.14,0.3,0.4,0.10466985546294105,0.07215602985177089,1.4506044148765234,-0.07948344943361352,0.1132569207847783,0.08250344291203134,-0.027587296377079684,0.18471501844462312,0.2123023148217028,0.18082828406759996,0.11531586902862956,-0.027587296377079684,0.14435088800143459,0.18471501844462312,0.14949012482628388
0.45,0.22,0.08,0.4,0.4,0.11021197225601687,0.07663120214421835,1.4382127537109517,-0.08368351499288018,0.11480870867660346,0.0841511195599343,-0.025978333236613915,0.17500313319568694,0.20098146643230086,0.18055577248548735,0.09991488728777131,-0.025978333236613915,0.15545869651911093,0.17500313319568694,0.16964515961706206
0.35,0.22,0.06,0.4,0.4,0.11086053663094897,0.07619032318363338,1.4550474653290772,-0.08448146279739832,0.11702006875425845,0.08515636576093542,-0.026800123859396008,0.1805625516765228,0.2073626755359188,0.18048443388911065,0.106290516691804,-0.026800123859396008,0.1587655454526895,0.1805625516765228,0.16628185380967198
0.35,0.22,0.1,0.6,0.4,0.1109970185414677,0.07808940866412875,1.4214093875249876,-0.08072932954845136,0.11654186958396329,0.08399494838659077,-0.025429950551756786,0.17238740509374217,0.19781735564549896,0.18033935809349658,0.10479800137422401,-0.025429950551756786,0.1624206393848624,0.17238740509374217,0.16853325261874463
0.25,0.12,0.06,0.5,0.35,0.11291416056210957,0.07851353990357308,1.4381488938186435,-0.08520658770397604,0.12012815432245691,0.0872365893736135,-0.02285424810677572,0.19080274316061363,0.21365699126738935,0.18001265794281238,0.09768232143521494,-0.02285424810677572,0.16537389616790144,0.19080274316061363,0.1696360589553303
0.25,0.12,0.1,0.6,0.3,0.1185892924347034,0.08170918678108907,1.4513581288285435,-0.08607954541016993,0.12537914458513044,0.09028225513809988,-0.023213906538025242,0.19692111852603822,0.22013502506406346,0.17983233193334486,0.10345770010931177,-0.023213906538025242,0.1711868361101454,0.19692111852603822,0.17854397471818206
0.35,0.12,0.1,0.6,0.3,0.12134736748566533,0.08353655875352752,1.4526258837606374,-0.08754842881790736,0.12811648628323516,0.08983824137498363,-0.025405034317715125,0.18743295308754027,0.2128379874052554,0.17967430475362295,0.12130709487141611,-0.025405034317715125,0.17372416554962533,0.18743295308754027,0.18352325222530919
0.45,0.15,0.06,0.3,0.4,0.10872401663346754,0.07370329175437611,1.4751582194700563,-0.08453327187583737,0.11772551045880086,0.08581782657284004,-0.027633488200346834,0.1904253968655485,0.21805888506589532,0.17927128277054266,0.1127627878297488,-0.027633488200346834,0.15841821095363762,0.1904253968655485,0.15465464484541624
0.25,0.18,0.06,0.5,0.35,0.11367379141430134,0.08053241507364221,1.411528405181358,-0.08704432896132519,0.12020871558072935,0.08652554422768485,-0.02099162839267743,0.18971843667068322,0.21071006506336065,0.1792085970434291,0.09606103983586167,-0.02099162839267743,0.1691129449707658,0.18971843667068322,0.16714278481901346
0.25,0.12,0.1,0.5,0.3,0.11712436939750859,0.08081315200822191,1.4493231174251486,-0.09071709300640751,0.12511613254120507,0.08976502117009186,-0.022030751763959522,0.20353019833534436,0.22556095009930388,0.1791649090918991,0.10441198495338155,-0.022030751763959522,0.1688554200633312,0.20353019833534436,0.17081381111792782
0.25,0.22,0.06,0.5,0.35,0.1136672081524599,0.08054078229202537,1.4113000261199908,-0.0870683695179163,0.12020568478342808,0.0865234894736669,-0.02099162839267743,0.18971843667068322,0.21071006506336065,0.17913774634763585,0.09606103983586167,-0.02099162839267743,0.1691129449707658,0.18971843667068322,0.16712763083250715
0.35,0.15,0.1,0.6,0.35,0.1162615505933633,0.08086949807949871,1.437644023449638,-0.08381900395750952,0.12242605471058736,0.08750804433743005,-0.025192737265657295,0.18121389878977867,0.20640663605543597,0.17910575705208592,0.10951790997251343,-0.025192737265657295,0.1687529556890992,0.18121389878977867,0.1778382463672028
0.25,0.12,0.08,0.6,0.3,0.11800674552172596,0.08282152481162226,1.4248318391883337,-0.08747405437930578,0.12421972226347111,0.08825523401539802,-0.022651405967611504,0.19536702278610418,0.2180184287537157,0.17901051325208464,0.1079596253223909,-0.022651405967611504,0.16647225311920355,0.19536702278610418,0.17395111605726843
0.45,0.22,0.08,0.4,0.35,0.11521016623478397,0.0789550665531221,1.4591864875101959,-0.08631501434654554,0.12062153166922904,0.08781353307010556,-0.026260320506618084,0.18237739314247037,0.20863771364908845,0.17893007396246408,0.10405666779446299,-0.026260320506618084,0.16902854055853345,0.18237739314247037,0.1739053773572965
0.25,0.12,0.06,0.6,0.4,0.10767273011583267,0.07534730357431933,1.4290190226864448,-0.0817155067144355,0.11307884505259376,0.08344507108957266,-0.025715584954127402,0.17675299986744153,0.20246858482156893,0.17883789527641986,0.09609470162367684,-0.025715584954127402,0.15772487664509316,0.17675299986744153,0.16053723208088466
0.35,0.12,0.06,0.5,0.4,0.10970777595121928,0.07575256967546605,1.4482383425568504,-0.07953780953163392,0.11405616818911413,0.08521858948750405,-0.027300885868641878,0.18021870733640033,0.2075195932050422,0.17868247181506286,0.09600336838591628,-0.027300885868641878,0.15784264144316396,0.18021870733640033,0.16351700964873195
0.45,0.18,0.14,0.4,0.3,0.11727500380589628,0.07974339740540366,1.4706547202859626,-0.08785306483794164,0.12418027877559049,0.09081502950562281,-0.024194963813435333,0.1993008251465569,0.22349578895999223,0.17863213607585626,0.10019229687390019,-0.024194963813435333,0.16908162211387134,0.1993008251465569,0.1765216135570593
0.35,0.18,0.08,0.5,0.45,0.1069920833421425,0.07427796314098352,1.440428342644047,-0.07754346323125239,0.11107986757452024,0.08333826687493864,-0.028139832052368696,0.16763097314412767,0.19577080519649637,0.17843138932640318,0.09464937477150381,-0.028139832052368696,0.15741701349614834,0.16763097314412767,0.16384180851319008
0.35,0.15,0.08,0.5,0.45,0.10468233912837444,0.0727666627828047,1.4386029965512124,-0.07621977539570435,0.10975842734556959,0.08237845378488742,-0.02830757098429404,0.16751500967225397,0.195822580656548,0.17840916507074986,0.09530948825848795,-0.02830757098429404,0.15221565788640512,0.16751500967225397,0.162059551894995
0.45,0.12,0.06,0.4,0.4,0.11108462152322329,0.07562653070389141,1.4688578266027394,-0.08241264504196133,0.11646801482473661,0.08621373973897856,-0.028680261758876835,0.18097287815533214,0.20965313991420897,0.1783079372228828,0.10397313445566136,-0.028680261758876835,0.16093440323617525,0.18097287815533214,0.16513992003539113
0.45,0.15,0.08,0.5,0.45,0.10849708357582544,0.07521681143827047,1.4424578960631385,-0.07695273356467824,0.1118104663255951,0.08307112998297939,-0.029923848382458318,0.16538771732366597,0.1953115657061243,0.17827352081058123,0.10454097843661825,-0.029923848382458318,0.1551560237778138,0.16389146047233583,0.16538771732366597
0.45,0.12,0.14,0.4,0.3,0.11602704211028958,0.07948063545845246,1.459815229722733,-0.08674889271196506,0.12454910220223485,0.08921561844061987,-0.024991313257168746,0.19897716865337256,0.2239684819105413,0.17818232977085108,0.11257770195367733,-0.024991313257168746,0.1674871360737975,0.19897716865337256,0.1686948175874956
0.55,0.22,0.14,0.3,0.45,0.09890261772669073,0.06967161800745843,1.4195539095432388,-0.07992550944687249,0.1051926790768692,0.07935090930906925,-0.026266808230689942,0.17723560734978205,0.203502415580472,0.1780225195458147,0.09417017009332374,-0.026266808230689942,0.14790087316217715,0.17723560734978205,0.132923553009753
0.35,0.15,0.1,0.4,0.35,0.1144470025965032,0.07765268893027447,1.4738318038061362,-0.08640055527664892,0.12232191110356105,0.0883350763399987,-0.02734617086213864,0.1942036610037281,0.22154983186586674,0.17789650568474008,0.11533204317872459,-0.02734617086213864,0.16360054637153953,0.1942036610037281,0.1658194758259517
0.35,0.18,0.14,0.5,0.35,0.11291961464685385,0.07697214158749506,1.4670192659054044,-0.08476333535212444,0.11951586538732173,0.08772821199914595,-0.027088473990445228,0.18649300805046698,0.2135814820409122,0.1775151023981852,0.1037256260032342,-0.027088473990445228,0.1657061067451886,0.18649300805046698,0.1687430601281641
0.55,0.12,0.14,0.5,0.4,0.11008203689577423,0.07556592375601646,1.45676822864234,-0.07902441183658049,0.11371099904782744,0.08637336114413935,-0.027605105643201067,0.18114424896685977,0.20874935461006083,0.17744800079840364,0.09016451435151174,-0.027605105643201067,0.1590146289489065,0.16583670861506028,0.18114424896685977
0.35,0.18,0.1,0.4,0.4,0.10938969687012445,0.07472862775386067,1.4638258477116637,-0.08321477304808234,0.11652555653476071,0.08594263087153395,-0.027717715337479687,0.18494916690931396,0.21266688224679364,0.1773533883584629,0.1046536407729739,-0.027717715337479687,0.16632040065268772,0.18494916690931396,0.15442228967630767
0.45,0.15,0.06,0.3,0.35,0.11162102843980826,0.07658646179947362,1.4574511710968665,-0.08870321209526821,0.12093357779733364,0.08679041614153292,-0.025746079455378434,0.19684649193906756,0.222592571394446,0.1770930135189968,0.11768201392076505,-0.025746079455378434,0.15077734928720443,0.19684649193906756,0.16510811329500963
0.35,0.15,0.14,0.5,0.35,0.11117857190724512,0.07613221174932928,1.4603355052038742,-0.0844694504134118,0.1174075858163002,0.08681528001876958,-0.026883164208001742,0.18681729434905825,0.21370045855706,0.1770512689106446,0.10115861020248818,-0.026883164208001742,0.15612883880415906,0.18681729434905825,0.16981634993379724
0.45,0.22,0.1,0.4,0.35,0.11350787770890425,0.07839392379968207,1.4479167798635508,-0.08497534751363311,0.11897492985901423,0.08702073245528227,-0.026294056007629907,0.1844806503139953,0.2107747063216252,0.17705066507864964,0.10267639233366799,-0.026294056007629907,0.1641095816882121,0.1844806503139953,0.16990208096682569
0.45,0.15,0.1,0.4,0.3,0.11758862125250524,0.08032571837609187,1.4638975365516842,-0.08756440988289349,0.12355168958939229,0.08979902719330159,-0.025943173827614907,0.19263402479017588,0.2185771986177908,0.17701509546434602,0.10598057438851738,-0.025943173827614907,0.1689912840710288,0.19263402479017588,0.17609573852485427
0.45,0.12,0.06,0.6,0.45,0.10915339868624185,0.07464949513207578,1.4622121488312687,-0.08393714062581858,0.11349754080405108,0.08444270986214657,-0.029686643318825978,0.17017324311647242,0.1998598864352984,0.17686712909430646,0.10336259916168067,-0.029686643318825978,0.1575915764859266,0.1660469285750017,0.17017324311647242
0.35,0.12,0.06,0.4,0.4,0.10956441820430318,0.07516145070308619,1.457720908516264,-0.08024251879337463,0.1160597469843482,0.08499586840551608,-0.029522686173079293,0.18690271714314322,0.2164254033162225,0.17675329201483567,0.11995568954396596,-0.029522686173079293,0.16041567634681653,0.18690271714314322,0.1425473380608946
0.35,0.18,0.1,0.5,0.4,0.11031057225529528,0.07626347366433563,1.446440438063624,-0.08322828070605126,0.11558558980946018,0.08544205005727662,-0.0271605775385092,0.17649161955604042,0.20365219709454963,0.17672135062038644,0.09907966172289151,-0.0271605775385092,0.16289543455426325,0.17649161955604042,0.16662181075261495
0.45,0.22,0.06,0.3,0.3,0.11256263404948008,0.07855414259705963,1.4329305919213664,-0.09020088055580555,0.12211288928238125,0.08611054697522016,-0.024110242134377513,0.1976459880056225,0.22175623014,0.17665524336739938,0.12115537335633064,-0.024110242134377513,0.15619746994517603,0.1976459880056225,0.15967585723915456
0.45,0.22,0.1,0.4,0.45,0.10499908185900009,0.07297509983066713,1.4388343709380602,-0.07914484040414116,0.10912778697500572,0.08237773546640428,-0.028722661882153,0.1691507944080417,0.1978734562901947,0.1765565405997257,0.09445706261954778,-0.028722661882153,0.15059816494306832,0.1691507944080417,0.16015557478652376
0.55,0.15,0.1,0.3,0.35,0.11146044881381312,0.076808846274395,1.451140776358329,-0.08615195095056294,0.11910798219729261,0.08538839944243906,-0.027938285488718795,0.18860620136387007,0.21654448685258887,0.17641998788612173,0.12333808698987636,-0.027938285488718795,0.15756327069919318,0.18860620136387007,0.15397063742224226
0.45,0.15,0.1,0.5,0.4,0.11222886800373688,0.07753528618768325,1.447455391240496,-0.08351273853667773,0.11622142500768733,0.08575694702556734,-0.028137278108337216,0.17350564578430427,0.2016429238926415,0.17623672285289294,0.10263128438138658,-0.028137278108337216,0.16182490700522445,0.17128256597585856,0.17350564578430427
0.35,0.15,0.08,0.4,0.35,0.11655060576555387,0.07886351893663739,1.4778773168769712,-0.08814396617641884,0.12468587383069114,0.08957345499379894,-0.0277274337800949,0.19267364808749465,0.22040108186758955,0.17608284050811138,0.11764203336622514,-0.0277274337800949,0.17248486582782574,0.19267364808749465,0.16835625565200507
0.25,0.15,0.1,0.6,0.3,0.11902262702459554,0.08226037657734338,1.4469010716561372,-0.08647461883065566,0.12589769349034158,0.09102206438999394,-0.02374935628755792,0.1965580071469959,0.22030736343455382,0.17575020518312345,0.10275705152623593,-0.02374935628755792,0.17585336579715616,0.1965580071469959,0.17806939926887777
0.35,0.12,0.14,0.5,0.3,0.11560322136797252,0.07956266403855392,1.4529832901517015,-0.08824620429759122,0.12314127746938315,0.08944350090477254,-0.024432723828342606,0.19697138540688175,0.22140410923522436,0.17565063565969394,0.10425750991671823,-0.024432723828342606,0.16154782459827643,0.19697138540688175,0.17736239125338193
0.55,0.15,0.1,0.3,0.4,0.10710196439633224,0.0741594890682334,1.4442111959238122,-0.08356850194053578,0.11417522704813547,0.08329284455404518,-0.028771339483601444,0.18437611807418097,0.21314745755778242,0.17536969265694544,0.11899153666616136,-0.028771339483601444,0.15354868149146195,0.18437611807418097,0.14273113849247454
0.45,0.15,0.1,0.4,0.4,0.1089910823384237,0.07467554071819398,1.4595285322369158,-0.08104688842454266,0.11404377367373533,0.08507841518995439,-0.02979044806680542,0.18031296148840648,0.2101034095552119,0.17533184594959206,0.10559261988344582,-0.02979044806680542,0.14988792823084518,0.18031296148840648,0.16421580683278458
0.55,0.22,0.1,0.3,0.45,0.1014184469582049,0.07088405321252053,1.4307653465320034,-0.08226570550640899,0.10807447470316962,0.08063238313360949,-0.028035035466470903,0.17509708690956693,0.20313212237603784,0.17529339989587198,0.10095894909533532,-0.028035035466470903,0.15032659903316614,0.17509708690956693,0.14202477394425062
0.55,0.18,0.08,0.3,0.3,0.11497229280062937,0.07913457096274641,1.4528706152302768,-0.08872588128746584,0.12281931279305232,0.08688065574608839,-0.028046629320294114,0.19063975248051324,0.21868638180080735,0.17508623864573813,0.13215071966623682,-0.028046629320294114,0.15587571940481726,0.19063975248051324,0.16347700173398838
0.55,0.15,0.1,0.4,0.3,0.11855282586977545,0.08142890971294751,1.4559058482754692,-0.08906518643199957,0.12308016053592097,0.08922561716407497,-0.02703899621198247,0.18160870814529617,0.20864770435727864,0.1749524159804082,0.10828188568507202,-0.02703899621198247,0.17466142732903722,0.18160870814529617,0.1778877777321819
0.45,0.18,0.14,0.5,0.4,0.110501441541214,0.07593545775113783,1.455202152113954,-0.0812813024138842,0.11495300854138717,0.08628961842369935,-0.028534733133224965,0.17383454341698812,0.20236927655021308,0.1748232951334552,0.09648930360748742,-0.028534733133224965,0.1603555065627955,0.17262042225288976,0.17383454341698812
0.35,0.22,0.1,0.5,0.35,0.11493019075936162,0.07912593960126509,1.4524970109489113,-0.08746388171846753,0.12147327893736366,0.0884893880831345,-0.026087657400233666,0.18447391242449696,0.21056156982473062,0.17466506173935714,0.10363047469474629,-0.026087657400233666,0.16979267822858746,0.18447391242449696,0.17555698673922127
0.25,0.18,0.06,0.6,0.45,0.10388244154281079,0.07353915457566824,1.4126140304743477,-0.08132353914635149,0.1083039621376802,0.08109889773008562,-0.02719030581342008,0.16567945561799857,0.19286976143141865,0.1744733630796871,0.09261059405666727,-0.02719030581342008,0.15753813410079376,0.16567945561799857,0.15288193272636152
0.45,0.12,0.14,0.6,0.3,0.11920154166311758,0.08249019105860997,1.4450389814035451,-0.0929624782048859,0.1256340919970121,0.08961235023801932,-0.024760600417102374,0.18762634626645203,0.2123869466835544,0.17446210469592174,0.11066338841866763,-0.024760600417102374,0.17051019354618968,0.18413113217085342,0.18762634626645203
0.35,0.18,0.1,0.4,0.35,0.11560921236884791,0.07810495332963546,1.480177728049191,-0.08734495293809275,0.12367701509439391,0.0897405122893471,-0.02825791706231695,0.19368022825661546,0.2219381453189324,0.1743656393931937,0.11468166407111546,-0.02825791706231695,0.17178463314641879,0.19368022825661546,0.16649646706013677
0.25,0.22,0.14,0.6,0.3,0.1169447122163565,0.08016439412398926,1.4588111529350496,-0.087059094683828,0.12465531750783136,0.09063732611181645,-0.025147808295061802,0.19872027504513268,0.22386808334019448,0.17429930062590326,0.10518148898769653,-0.025147808295061802,0.16894371584303758,0.19872027504513268,0.17557891595835184
0.25,0.18,0.14,0.6,0.3,0.1169447122163565,0.08016439412398926,1.4588111529350496,-0.087059094683828,0.12465531750783136,0.09063732611181645,-0.025147808295061802,0.19872027504513268,0.22386808334019448,0.17429930062590326,0.10518148898769653,-0.025147808295061802,0.16894371584303758,0.19872027504513268,0.17557891595835184
0.55,0.15,0.06,0.3,0.35,0.11493171200919194,0.07852263203229447,1.4636762552982596,-0.09071282493490851,0.12325341051437604,0.08722523087566485,-0.02876617187298558,0.18720813204391917,0.21597430391690475,0.1742726693951753,0.1324224498388047,-0.02876617187298558,0.16697081541127767,0.18720813204391917,0.15843182715086424
0.45,0.15,0.14,0.4,0.35,0.11146612891587315,0.07655311860223592,1.4560625478243745,-0.0843327739644949,0.11753856073729985,0.08774401388758732,-0.026615589196478107,0.1886095074976566,0.2152250966941347,0.17414538461717582,0.09611009160171147,-0.026615589196478107,0.1603704797893264,0.1886095074976566,0.1692183139942829
0.55,0.22,0.08,0.3,0.35,0.11033739629223227,0.07622680622075852,1.447488118191479,-0.08656421959307437,0.1191813740396748,0.08523696994961479,-0.028176691399001252,0.1835702777175563,0.21174696911655755,0.1739305026551644,0.12269735903959855,-0.028176691399001252,0.16292467867102456,0.1835702777175563,0.1548912461691958
0.55,0.18,0.1,0.3,0.35,0.11307933907779955,0.07668615423419287,1.474573085676784,-0.08696375469467477,0.12124201575645932,0.0873280513901846,-0.029989190244562147,0.18764597794328153,0.21763516818784368,0.17389406630554002,0.12614530671668422,-0.029989190244562147,0.16299689397269845,0.18764597794328153,0.15941109039419454
0.45,0.22,0.1,0.4,0.3,0.11751844978184178,0.0807806803613188,1.4547841050137351,-0.08738864187530615,0.12373669718952178,0.08992318228880333,-0.026199946535298002,0.19154837515975576,0.21774832169505376,0.17385440511698486,0.10627645810460695,-0.026199946535298002,0.1725733731439747,0.19154837515975576,0.1744852260745695
0.55,0.18,0.14,0.4,0.4,0.10993185066167421,0.07622052802299505,1.4422866583725156,-0.08121183361468154,0.11361758104672268,0.08509116417130444,-0.02895595029047926,0.17512422135124295,0.2040801716417222,0.17369857548492537,0.09944659862602867,-0.02895595029047926,0.15362720677064634,0.17512422135124295,0.1688458287761747
0.35,0.22,0.08,0.5,0.45,0.1077996796223144,0.0751430329882126,1.4345931397156213,-0.07837439347563935,0.11146737960957129,0.0839129141859603,-0.029278654807945226,0.17109467863481398,0.2003733334427592,0.1735246515640916,0.09717282930446447,-0.029278654807945226,0.15445883618364453,0.1638892087328787,0.17109467863481398
0.45,0.12,0.08,0.4,0.4,0.10785179369561093,0.07450218090737804,1.4476327052719908,-0.07975589707403907,0.11478998573120062,0.08477166499548955,-0.02936877926851411,0.18079344405956999,0.2101622233280841,0.17339982669221443,0.10851298628413497,-0.02936877926851411,0.15579642258665016,0.18079344405956999,0.15821585499416213
0.45,0.15,0.06,0.4,0.45,0.1073013276324386,0.07398794919017669,1.450254113093932,-0.07927801216577357,0.11168090027269066,0.08499923942251791,-0.02929927351761008,0.1739425510313175,0.20324182454892759,0.17308985004674862,0.09259663797573192,-0.02929927351761008,0.16000836957319775,0.1739425510313175,0.16115621630081622
0.55,0.12,0.1,0.4,0.35,0.11309707776848521,0.07814356874638904,1.4472986015718836,-0.08588901606494859,0.11763599017086965,0.08704723539916297,-0.02770634121470572,0.1807272562573352,0.20843359747204093,0.17304224705577853,0.10156607633166681,-0.02770634121470572,0.15930535120675748,0.1807272562573352,0.17428760827329448
0.55,0.12,0.14,0.6,0.45,0.10510537183167545,0.07385278642009202,1.4231740862668523,-0.08291179174340269,0.10852553595506695,0.08314830102264092,-0.026700451728480457,0.1739894234144086,0.20068987514288905,0.17261826536813857,0.08413314307477093,-0.026700451728480457,0.15033740364074877,0.16086816137388693,0.1739894234144086
0.45,0.18,0.1,0.4,0.3,0.11712442749789997,0.08047269840151854,1.4554554504126063,-0.08749302597052966,0.12323810371598279,0.08989027141209154,-0.02669450009243768,0.1921662392539969,0.21886073934643457,0.17260684819421676,0.10647284257175582,-0.02669450009243768,0.16827354973349218,0.1921662392539969,0.1759723871131067
0.35,0.22,0.06,0.4,0.3,0.12086415396107553,0.08221196759815207,1.4701527951727587,-0.0905592998604845,0.12873801626773115,0.0921811931893675,-0.02664745218892961,0.19826716165822278,0.2249146138471524,0.17245704967027634,0.11610051441390645,-0.02664745218892961,0.1775846674110173,0.19826716165822278,0.17838519004443887
0.55,0.22,0.1,0.4,0.3,0.11810964028478166,0.08097661201527924,1.4585648540407679,-0.0891883415102005,0.1226259635708831,0.08943033154459647,-0.028078650566455754,0.18208384536378786,0.2101624959302436,0.17233031533012877,0.10863908066814099,-0.028078650566455754,0.17286300347553496,0.18208384536378786,0.1776225389134074
0.35,0.15,0.08,0.4,0.4,0.10987441786098473,0.0751001815243875,1.4630379798124042,-0.08314467833428518,0.11737216509259982,0.08637802800405418,-0.029870112666447013,0.1840477423789002,0.21391785504534722,0.17216214787408357,0.11244230270602684,-0.029870112666447013,0.16457012335398713,0.1840477423789002,0.15567076969053195
0.45,0.15,0.08,0.4,0.3,0.12126028485930918,0.08161128893336203,1.4858273462427691,-0.0882279140658877,0.12691332045813675,0.09163958249513218,-0.030416965876934432,0.1904251852761334,0.22084215115306782,0.172102542119654,0.12343080513596139,-0.030416965876934432,0.170141045995855,0.1904251852761334,0.1809865317596684
0.55,0.22,0.08,0.3,0.4,0.10468149743599753,0.07398046462213716,1.4149883752510755,-0.08474756411665552,0.11259326870276584,0.08182989432382708,-0.027206233126374935,0.17929612143828821,0.20650235456466315,0.17208895945340705,0.11126058810651562,-0.027206233126374935,0.15294772246169597,0.17929612143828821,0.14666814463370437
0.25,0.22,0.06,0.6,0.45,0.10386807239520612,0.07398043069310244,1.4039938862493033,-0.08181945084648123,0.1081599560481529,0.08108729111503167,-0.0271908105213583,0.16567945562073438,0.19287026614209268,0.17208693862552094,0.09214452664630501,-0.0271908105213583,0.1575508017706737,0.16567945562073438,0.15261580672440966
0.55,0.15,0.08,0.3,0.4,0.10809836348746771,0.07467802299376851,1.4475257800609953,-0.08411813838603,0.11522882806418203,0.08408145455933891,-0.030132005770185377,0.18261037839943883,0.2127423841696242,0.1720320367888076,0.12203789056381398,-0.030132005770185377,0.15467108478685399,0.18261037839943883,0.14695679234098868
0.25,0.15,0.08,0.5,0.35,0.11186217598282822,0.07805351121078896,1.4331472633016673,-0.08449584952776401,0.11934829911861027,0.08773795117695933,-0.025116303476733326,0.19118833347453457,0.2163046369512679,0.17182704175658403,0.09883676390867246,-0.025116303476733326,0.16471418444510122,0.19118833347453457,0.16711851724147642
0.55,0.12,0.1,0.5,0.45,0.10689026011088476,0.0724526247513951,1.4753124607652885,-0.07554330941090093,0.1098234642576216,0.0862352183717988,-0.031902412629305044,0.17399244154180749,0.20589485417111253,0.1718142922449269,0.08742384410682935,-0.031902412629305044,0.15507024329105468,0.1645332049777215,0.17399244154180749
0.25,0.15,0.14,0.6,0.3,0.11633297713246371,0.08036828049630738,1.4474986451627363,-0.08705909468382755,0.12478931031305943,0.0905367471200165,-0.02481901228136696,0.19892243836393453,0.2237414506453015,0.1716964205849433,0.1053125646906179,-0.02481901228136696,0.16895164481821778,0.19892243836393453,0.17557891597389386
0.25,0.15,0.06,0.5,0.3,0.12012997909036782,0.08350836872335339,1.4385382079290105,-0.09116997818360362,0.12860507994076856,0.09244029338860175,-0.02217427155609719,0.19792773685067444,0.22010200840677163,0.17153611452089257,0.10159377051366758,-0.02217427155609719,0.18661552100168377,0.19792773685067444,0.17906264289391416
0.25,0.22,0.08,0.5,0.3,0.11864443892048149,0.08178426869490879,1.4507000039711464,-0.09252064394252868,0.12799440303722343,0.09140456636778545,-0.024021267598601237,0.20199302934092023,0.22601429693952146,0.1715317714255412,0.11075358331269203,-0.024021267598601237,0.1760368569788846,0.20199302934092023,0.1752098131522215
0.25,0.18,0.08,0.5,0.3,0.1186445214947962,0.08178430836999845,1.4507003098692153,-0.09252064394252912,0.12799451308264992,0.09140476372858679,-0.0240218733782116,0.20199302934091978,0.22601490271913138,0.17153014334761116,0.11075473931207425,-0.0240218733782116,0.17603685698624605,0.20199302934091978,0.17520981315222106
0.45,0.12,0.1,0.6,0.4,0.11134100682352432,0.07733960574771045,1.4396376312898445,-0.08725500121857155,0.11657045911522028,0.08591631426255694,-0.02818705227326823,0.17641093329135482,0.20459798556462305,0.17076806806719727,0.1035924118519802,-0.02818705227326823,0.16160141611661372,0.1694345865894209,0.17641093329135482
0.45,0.15,0.14,0.6,0.4,0.10938697563592759,0.07708322407002212,1.4190762900181868,-0.08615439764704558,0.11498770286058566,0.08445765051430816,-0.027216304348460674,0.17600036259536211,0.2032166669438228,0.17015068420429116,0.10227167970514439,-0.027216304348460674,0.15903792186917354,0.16484485448170894,0.17600036259536211
0.45,0.15,0.1,0.4,0.35,0.1119267281990759,0.07788852477994507,1.437011787234351,-0.084894388037001,0.11722853635521358,0.08741719468657838,-0.026958612667812853,0.1877283445324167,0.21468695720022957,0.1699490172336175,0.09787932641325536,-0.026958612667812853,0.1565144195289594,0.1877283445324167,0.17097920396924926
0.35,0.18,0.1,0.6,0.35,0.11428558213064077,0.08045931576685925,1.420414541702011,-0.08423111198723021,0.12086729326991305,0.08725469688367839,-0.02673382728461149,0.1797055012921145,0.20643932857672598,0.16989903276839843,0.10969108693100149,-0.02673382728461149,0.16425347696333215,0.1797055012921145,0.17742022844772865
0.55,0.22,0.14,0.5,0.45,0.10908166032149347,0.07606775561303891,1.4340065569490206,-0.07864965452400707,0.1132498309722501,0.08620467835345172,-0.028311980052389885,0.18316892337926705,0.21148090343165693,0.16983680919590882,0.09181386929057456,-0.028311980052389885,0.16140775694656706,0.15817058529723171,0.18316892337926705
0.45,0.12,0.08,0.6,0.4,0.11162755580805261,0.07848686599919635,1.4222450391788557,-0.08896021570960067,0.11646288644057612,0.0852492192997347,-0.02738143448601904,0.17723842469313644,0.20461985917915548,0.1695236920383346,0.10474244451626968,-0.02738143448601904,0.15861366697009238,0.16910133050940113,0.17723842469313644
0.55,0.22,0.14,0.3,0.35,0.10805957985197279,0.07474285093430075,1.4457513795795343,-0.08473780865353497,0.11726231784451166,0.08561399506015929,-0.02881819964207155,0.19053727544291021,0.21935547508498177,0.16926205192586247,0.11870381098556892,-0.02881819964207155,0.14738581334247658,0.19053727544291021,0.15850288909367416
0.55,0.12,0.06,0.4,0.3,0.12039423546089423,0.08233393614992912,1.4622674572688685,-0.09035415273988845,0.1254718972199595,0.09155144932001015,-0.028004651153637372,0.19016596151368637,0.21817061266732374,0.16919922023304076,0.10970442701771232,-0.028004651153637372,0.17173276394930692,0.19016596151368637,0.18376098477272929
0.45,0.12,0.08,0.5,0.35,0.11780478481052259,0.08078367018149878,1.4582747298537875,-0.0877855869657227,0.12300299023953347,0.08947388931553098,-0.029718788501641114,0.1795623176673704,0.20928110616901152,0.16918238580333744,0.11524974663082266,-0.029718788501641114,0.17048536878591602,0.17943630661519938,0.1795623176673704
0.45,0.12,0.1,0.5,0.3,0.12017776087718413,0.08288984947435414,1.4498489457912063,-0.08992329903461438,0.12587473318435247,0.09082531935690548,-0.02781061377636518,0.18616358212031225,0.21397419589667743,0.16861671435966852,0.11407995049944608,-0.02781061377636518,0.17249945646462783,0.18616358212031225,0.18444129061374137
0.35,0.22,0.1,0.6,0.35,0.1147977031143661,0.08064584182832368,1.4234795063426062,-0.08416278031626678,0.12154918254252714,0.0879093540363261,-0.027159134892684067,0.17938152997096557,0.20654066486364964,0.16849939827041105,0.10970031010578407,-0.027159134892684067,0.16861732738190338,0.17938152997096557,0.17720588014666672
0.45,0.15,0.14,0.5,0.35,0.11401881811540604,0.07858412247745301,1.4509141862355184,-0.08462235425164577,0.11922818457732631,0.08864115299609546,-0.028911157245858354,0.17989043178269348,0.20880158902855184,0.16849417769154085,0.10244861809790295,-0.028911157245858354,0.1647397317953725,0.17989043178269348,0.177973298456521
0.45,0.15,0.1,0.6,0.4,0.11202542671972338,0.07927118144813232,1.413192343967049,-0.09001156740676008,0.116831356990955,0.08529428180704621,-0.026691550902227745,0.17962609896796056,0.2063176498701883,0.1684568671264562,0.10410387450327008,-0.026691550902227745,0.15971955841987384,0.16739880396589824,0.17962609896796056
0.55,0.22,0.14,0.4,0.45,0.1065366481800265,0.07387618628980201,1.442097291840483,-0.07779499279705948,0.10950331607461547,0.0838510251001692,-0.03227985355139673,0.16600073075076183,0.19828058430215856,0.16835802197432173,0.09879734077572477,-0.03227985355139673,0.1501599529720492,0.16600073075076183,0.1648384094259383
0.55,0.22,0.1,0.3,0.35,0.11123816774535689,0.07630392093552534,1.4578302973362274,-0.08680882363142972,0.12062198929262405,0.08701375302921055,-0.030099859830631237,0.18670701625596609,0.21680687608659732,0.1682979850638761,0.1256224138106199,-0.030099859830631237,0.16206562851295914,0.18670701625596609,0.15881474771420634
0.55,0.15,0.14,0.5,0.45,0.10751959188134541,0.07446324889992226,1.4439282930812016,-0.07736991285611006,0.11069329371554677,0.08593707779452966,-0.030132320393122636,0.17732995271151886,0.2074622731046415,0.16824475293002558,0.087586307972634,-0.030132320393122636,0.15855240274535953,0.1601301255413441,0.17732995271151886
0.35,0.22,0.1,0.4,0.4,0.10554503685404826,0.07420621674685357,1.4223206825663093,-0.08347154883820274,0.11203926409287719,0.08358664995358163,-0.028340091588393457,0.18457846514460052,0.21291855673299398,0.16805830740980204,0.10415544538918065,-0.028340091588393457,0.14493142455028152,0.18457846514460052,0.15487107696871671
0.55,0.18,0.08,0.3,0.35,0.11224356272111957,0.0772157529063073,1.4536355406300914,-0.08703350341672389,0.12138949980604921,0.08710582845683726,-0.03017636809907487,0.18597548749013426,0.21615185558920913,0.16791418714584283,0.12974445472875784,-0.03017636809907487,0.16546612947584993,0.18597548749013426,0.15593779543457886
0.25,0.15,0.08,0.6,0.3,0.1201628225338447,0.08336941942008975,1.441329727011254,-0.08792626528242486,0.12701478430661278,0.09198312121364165,-0.025864304407394623,0.19483156404292812,0.22069586845032274,0.16788671369650052,0.10738720012804581,-0.025864304407394623,0.17745998777533112,0.19483156404292812,0.18125947399415354
0.55,0.15,0.06,0.3,0.4,0.10689325014987872,0.07484806680187603,1.4281364197799093,-0.08473908496419236,0.11369725042412968,0.08337901842162387,-0.03004420601990243,0.1808674038529503,0.21091160987285273,0.16771099533805914,0.11841075613001428,-0.03004420601990243,0.15355160360008968,0.1808674038529503,0.14570069455749657
0.35,0.12,0.08,0.5,0.35,0.11289900655184071,0.07940345370518725,1.4218399991896733,-0.08782642851953326,0.12020140949311715,0.08740123628101766,-0.026119885804892773,0.18537038338794143,0.2114902691928342,0.167582112947022,0.10513134489032239,-0.026119885804892773,0.16370244164560255,0.18537038338794143,0.17292276334661216
0.55,0.12,0.1,0.5,0.3,0.12152413174384713,0.08279296964697488,1.467807378597724,-0.0883770053526155,0.12609156166800356,0.09218025818077152,-0.029834903527943712,0.194048623219087,0.22388352674703071,0.1673817184675378,0.11564257678247025,-0.029834903527943712,0.1680445742811254,0.1825569375852789,0.194048623219087
0.45,0.18,0.1,0.4,0.35,0.11342315014879811,0.07840702927231596,1.4465941536296119,-0.08508019471058281,0.11894108592552659,0.08850860726990185,-0.028781082598837604,0.18537965430676007,0.21416073690559767,0.1671282342232885,0.10228696024334338,-0.028781082598837604,0.1643104468457366,0.18537965430676007,0.17150945083063052
0.55,0.22,0.1,0.3,0.3,0.11490828812439702,0.07826820037812307,1.4681350480688362,-0.08831542616881283,0.12343647054583358,0.08901825869913779,-0.030833446443274126,0.19092611482189037,0.2217595612651645,0.16704432569811745,0.128907001094567,-0.030833446443274126,0.1660120661101998,0.19092611482189037,0.16217061714578485
0.55,0.12,0.14,0.5,0.35,0.1138907762368302,0.07868441204232464,1.447437596350951,-0.08316136018291975,0.11783557499304631,0.089239728375516,-0.028619962255918563,0.1866536900331892,0.21527365228910778,0.16698854084208894,0.09444824159562004,-0.028619962255918563,0.16520222970848764,0.17149367588385322,0.1866536900331892
0.55,0.22,0.14,0.4,0.3,0.11580689556665069,0.08014159317803646,1.4450286171549263,-0.0865233617953648,0.12020579202956538,0.08893431832654358,-0.02920932942650345,0.18495588028502952,0.21416520971153297,0.16674213423839235,0.10614993374176462,-0.02920932942650345,0.16460009763950612,0.18495588028502952,0.1745323779080301
0.45,0.18,0.14,0.6,0.45,0.10564065024522273,0.07453913677537763,1.417250786839254,-0.0829035039339937,0.1103867709529079,0.0830080885101563,-0.02950280984081044,0.17068695790512267,0.2001897677459331,0.16659983982499416,0.0982732161617077,-0.02950280984081044,0.15470363331832426,0.1577728572201953,0.17068695790512267
0.35,0.18,0.08,0.6,0.45,0.10601434558593703,0.07620491617436749,1.3911746237389908,-0.08696379828593381,0.11155229816949774,0.08188472922404194,-0.02715503590189694,0.1653179614919993,0.19247299739389623,0.16656471201898554,0.10102863563081055,-0.02715503590189694,0.15593817234929874,0.16263175727727708,0.1653179614919993
0.45,0.15,0.14,0.5,0.3,0.11873453682163881,0.08141318324606664,1.4584190432988051,-0.08817265749672831,0.12458383202315486,0.09114930130062199,-0.02911714607058824,0.18700652229503367,0.2161236683656219,0.16631768021926124,0.11173530757162431,-0.02911714607058824,0.16871261514035485,0.18700652229503367,0.18458186117934972
0.25,0.22,0.08,0.6,0.3,0.12066260064013323,0.08395833856359193,1.437172325042386,-0.08802870028445675,0.12686906876448273,0.09209596317058555,-0.02630539905090923,0.19461622633571873,0.22092162538662796,0.1661751642729529,0.107485706039399,-0.02630539905090923,0.17751124826568465,0.19461622633571873,0.18103756223252043
0.25,0.18,0.08,0.6,0.3,0.12066256803220754,0.08395832500134404,1.43717216881442,-0.08802870028445697,0.1268690338082063,0.09209599507566657,-0.026305461577206923,0.1946162263357174,0.22092168791292432,0.16617486531861198,0.10748559378431266,-0.026305461577206923,0.17751124826568887,0.1946162263357174,0.18103756223251954
0.45,0.22,0.1,0.4,0.4,0.10790259396280732,0.07565965304334059,1.4261576629355783,-0.08211627656701614,0.1125060708534528,0.08487744799488903,-0.029621998087503876,0.17666343980327448,0.20628543789077836,0.1660880500460805,0.09844661627960183,-0.029621998087503876,0.1527019641935996,0.17666343980327448,0.1643403320782919
0.25,0.22,0.06,0.5,0.3,0.11812618169906641,0.083445034854686,1.4156166619712645,-0.09142485598616545,0.12615621051842302,0.09107606217770978,-0.022983520365825738,0.19681248665071127,0.219796007016537,0.1657479282738323,0.10139272317533132,-0.022983520365825738,0.17699485970625162,0.19681248665071127,0.17856450342564667
0.25,0.18,0.06,0.5,0.3,0.11812618169906641,0.083445034854686,1.4156166619712645,-0.09142485598616545,0.12615621051842302,0.09107606217770978,-0.022983520365825738,0.19681248665071127,0.219796007016537,0.1657479282738323,0.10139272317533132,-0.022983520365825738,0.17699485970625162,0.19681248665071127,0.17856450342564667
0.45,0.12,0.08,0.4,0.3,0.11754133628887864,0.08059439477275107,1.4584306591085576,-0.0875911631902414,0.12382269978210184,0.09156541760841878,-0.028262945473621848,0.19354896782631847,0.22181191329994032,0.16563954295617303,0.10475512625126004,-0.028262945473621848,0.17018753569976552,0.19354896782631847,0.17888481460678696
0.35,0.15,0.1,0.6,0.3,0.1200120171176684,0.08389895963036792,1.4304351048738042,-0.08806796232108072,0.1274132308146611,0.09125464788441734,-0.026745726251105717,0.1884530814666665,0.21519880771777222,0.16533381944364933,0.11453998411448008,-0.026745726251105717,0.17617350776866392,0.1884530814666665,0.1846453069746008
0.55,0.22,0.1,0.4,0.35,0.1147289740865578,0.07922920085379428,1.448064259770499,-0.08640656719664741,0.11840503467888139,0.08850556082836512,-0.030436181857712685,0.1772151719417565,0.2076513537994692,0.16509850404764964,0.10376982465237972,-0.030436181857712685,0.16693740475374375,0.1772151719417565,0.17453895390423968
0.55,0.18,0.1,0.3,0.4,0.10674543989482044,0.07475003924985031,1.4280318909001,-0.08487557670732837,0.11512936024818154,0.08401132334335072,-0.030400019953112922,0.18021201660878172,0.21061203656189464,0.16483070230886732,0.12225019570969375,-0.030400019953112922,0.15803761819735063,0.18021201660878172,0.14554699067819454
0.45,0.22,0.14,0.5,0.45,0.10622477377043205,0.07348863557175077,1.4454585112921206,-0.07840937625337063,0.1100428885252871,0.0852701437372861,-0.0320500162479489,0.16993411691223614,0.20198413316018504,0.16471920451310718,0.09283090179881137,-0.0320500162479489,0.15388260266786058,0.1656168374954763,0.16993411691223614
0.35,0.15,0.14,0.4,0.35,0.1088411229547126,0.07690209211981736,1.4153207013553366,-0.08368771385358398,0.11753040828585784,0.08681023547022701,-0.02624985788701495,0.19598205930649848,0.22223191719351343,0.16466524377298639,0.10496241979266374,-0.02624985788701495,0.16437638940274124,0.19598205930649848,0.14858103081440066
0.25,0.15,0.06,0.6,0.4,0.10862749749910305,0.07644667130194607,1.420957847465332,-0.08240407045187836,0.11414993572526559,0.08553771783177186,-0.029076518880487123,0.17517278786187362,0.20424930674236075,0.16462423238302767,0.09855080149682172,-0.029076518880487123,0.1643119119046883,0.17517278786187362,0.16179069624343145
0.45,0.22,0.08,0.4,0.45,0.10541187791398388,0.07403043768657186,1.4238991583471914,-0.08077630664011326,0.1092787187345454,0.08366850272080575,-0.03084149492977828,0.16712414877865522,0.1979656437084335,0.16439239174154802,0.09434983124664953,-0.03084149492977828,0.15176676594710692,0.16712414877865522,0.1639943426300936
0.55,0.12,0.08,0.4,0.3,0.11838529617015903,0.08180290891897934,1.447201544964767,-0.08942365656370377,0.12344244461734595,0.09086018392190408,-0.028821901554192286,0.1868709609491357,0.21569286250332798,0.1639265584894339,0.10749222905330669,-0.028821901554192286,0.16991021382385463,0.1868709609491357,0.18176072081462502
0.35,0.15,0.06,0.6,0.45,0.10675672037879136,0.07605369792377181,1.4037019013302023,-0.08733609004540854,0.11141191864899118,0.0822192257948315,-0.029948518965510318,0.16193492233396212,0.19188344129947243,0.16381077944888078,0.10767958176981063,-0.029948518965510318,0.15561410853600988,0.16193492233396212,0.1617794995706836
0.35,0.22,0.1,0.4,0.35,0.11135916903060261,0.07692326587299333,1.4476656414259088,-0.08448878196344434,0.1180869575146287,0.08821483163297257,-0.0300190501833022,0.19321520943847537,0.22323425962177756,0.16362042694595605,0.10913494759135411,-0.0300190501833022,0.15158857728661723,0.19321520943847537,0.16651510343999898
0.55,0.22,0.06,0.3,0.3,0.11309549983610956,0.07780143596945446,1.453642833539883,-0.09111733524188381,0.12043480844949099,0.08789950160782904,-0.030642610911275958,0.18818787167270723,0.2188304825839832,0.1635829139213213,0.12034503967157772,-0.030642610911275958,0.15974821902766934,0.18818787167270723,0.16453552278677663
0.35,0.12,0.08,0.6,0.3,0.12160579480007061,0.08519479285524391,1.4273852981448447,-0.09432992790613903,0.1276992670640923,0.09074955877600296,-0.02748704716552275,0.18883514173554117,0.21632218890106392,0.16338554368417202,0.12108021242384126,-0.02748704716552275,0.17573651979685145,0.18883514173554117,0.18033150852975033
0.35,0.22,0.08,0.4,0.3,0.11867345547675945,0.08135748086381925,1.4586667902783492,-0.08942163149825422,0.12651104430848353,0.09305451479033439,-0.02744682446255653,0.200847805943694,0.22829463040625053,0.16330683509645533,0.10621335574141355,-0.02744682446255653,0.17783286206632942,0.200847805943694,0.17510802225353728
0.35,0.18,0.14,0.5,0.3,0.11725728290413029,0.08025851765748125,1.4609948741459247,-0.0891339944146965,0.12502043876742547,0.09194230263390894,-0.02866112859656278,0.1962954532546326,0.22495658185119538,0.1632412957192369,0.10894111719905375,-0.02866112859656278,0.17237685774396572,0.1962954532546326,0.176149894236038
0.55,0.22,0.06,0.3,0.35,0.11149722319360356,0.07676283418584806,1.45248966346997,-0.0896625121845791,0.11910499501312455,0.08684475573340829,-0.03173894944781275,0.18428034267043758,0.21601929211825033,0.16307566151167685,0.1257631061252158,-0.03173894944781275,0.15918730051083418,0.18428034267043758,0.15803317520694793
0.45,0.18,0.14,0.5,0.35,0.11452716395440743,0.0787714717111788,1.453916772995297,-0.0848414725891079,0.11994415708294204,0.09024423712877139,-0.029884118477668586,0.18389748732919875,0.21378160580686734,0.1629901053579079,0.10037683236012751,-0.029884118477668586,0.16575036691541656,0.17958021728763596,0.18389748732919875
0.55,0.12,0.08,0.4,0.4,0.10951752838112094,0.07499409184282456,1.460348751347665,-0.0830227588643585,0.11373315682255473,0.08742471134066496,-0.03242126470994944,0.1788020102079131,0.21122327491786252,0.1628801790201884,0.09808502438319233,-0.03242126470994944,0.1569191995441921,0.1788020102079131,0.16728081468742562
0.55,0.15,0.1,0.4,0.4,0.10788318604434699,0.07608470915060252,1.417935183675374,-0.08274844407307747,0.11135551915695538,0.0845374724227516,-0.03056071088893475,0.17244227200933926,0.203002982898274,0.16283555808939687,0.09901040505435499,-0.03056071088893475,0.14742199791136334,0.17244227200933926,0.16846363169865408
0.35,0.15,0.1,0.4,0.3,0.1195344482947176,0.08116294371847486,1.4727712280784162,-0.09073285092578764,0.12826620039963413,0.09278553477141434,-0.03010600356288262,0.2029942240979663,0.23310022766084892,0.16269910807036309,0.1251825981584438,-0.03010600356288262,0.1712934868884135,0.2029942240979663,0.17196669641622964
0.35,0.18,0.1,0.5,0.35,0.11399604424573395,0.0791612441098938,1.4400486693650436,-0.08754467540769151,0.12042653540259567,0.0892396250081281,-0.0288137035527406,0.1848461057728905,0.2136598093256311,0.1626888006024304,0.10374948907008297,-0.0288137035527406,0.16989169213559285,0.1848461057728905,0.1724590935871526
0.35,0.15,0.1,0.5,0.3,0.11829310023674489,0.08233297702479313,1.4367645202617052,-0.09109490222545569,0.12577290810917924,0.09151035946125798,-0.02673522042514076,0.1936051364732776,0.22034035689841835,0.16259388000273686,0.10752303519463258,-0.02673522042514076,0.1754016958143929,0.1936051364732776,0.1790698934887338
0.35,0.12,0.06,0.6,0.35,0.11725757216739097,0.08248359299209924,1.4215866200035996,-0.09575442906285747,0.12360898061735152,0.0884217738458156,-0.02770813278395967,0.1804444910445857,0.20815262382854538,0.1625469399649742,0.11708161119327243,-0.02770813278395967,0.17522780573897,0.1804444910445857,0.17299912789388916
0.35,0.15,0.1,0.5,0.35,0.11294020300710184,0.07919088025113405,1.4261768861381545,-0.08679995117607486,0.11987235558003881,0.0884173637075379,-0.027983919022978254,0.18521000614585814,0.2131939251688364,0.16245256038645317,0.1038454593695235,-0.027983919022978254,0.16543276359024706,0.18521000614585814,0.17285746781754363
0.55,0.15,0.08,0.3,0.35,0.11187275700366017,0.0774605177560037,1.444255218588302,-0.0869003425689624,0.11951577715718582,0.08710713578408458,-0.03158984254806174,0.188498642340303,0.22008848488836474,0.16235984931860928,0.1288695454718538,-0.03158984254806174,0.1593580704382962,0.188498642340303,0.15244247008353784
0.45,0.12,0.1,0.6,0.3,0.12046043905739223,0.0843651212663323,1.4278464518187628,-0.0953211055167148,0.12646097498728165,0.0909786655012581,-0.02679848259635287,0.19025607277037837,0.21705455536673124,0.16232062536872394,0.11274817491871802,-0.02679848259635287,0.17361162632128901,0.18248748352237576,0.19025607277037837
0.45,0.15,0.14,0.4,0.3,0.1164760346487046,0.08001797991336697,1.4556232833521874,-0.08803742486327604,0.12339055639494287,0.09281680098639845,-0.02703964861920316,0.19979309846661275,0.2268327470858159,0.16212864978725264,0.09561088877422041,-0.02703964861920316,0.16986912538021826,0.19979309846661275,0.1787193179728661
0.35,0.12,0.1,0.4,0.3,0.11684315239455545,0.08129703180468043,1.437237618653484,-0.08924064846713953,0.12534354207021972,0.09042188085410609,-0.028301454681152194,0.20474568686940264,0.23304714155055484,0.16203231137864513,0.12579847438355074,-0.028301454681152194,0.16817235730541635,0.20474568686940264,0.15630264647388104
0.45,0.18,0.08,0.4,0.35,0.11269076040408521,0.07920954519309023,1.4226916734514425,-0.08646299087873388,0.11785392166207312,0.08759075891039736,-0.029158014395305742,0.18207384160489526,0.211231856000201,0.16158202988659237,0.10430958659088918,-0.029158014395305742,0.15802017771072174,0.18207384160489526,0.17402401679916513
0.35,0.22,0.1,0.6,0.3,0.11954457587476774,0.0833557407328705,1.4341492838252297,-0.08796909403206177,0.12695233493095084,0.09141270843153801,-0.028595298783036016,0.18485046261738325,0.21344576140041926,0.1615775421293118,0.11733396208561997,-0.028595298783036016,0.17657619379422118,0.18485046261738325,0.1845963549405658
0.35,0.15,0.08,0.4,0.3,0.11862875389327487,0.08187376865636627,1.4489226017086567,-0.08937922143396071,0.12625877870045296,0.09282739848413099,-0.027419291803417623,0.20216992864797678,0.2295892204513944,0.16157476532288548,0.10692387235188705,-0.027419291803417623,0.1746859999242103,0.20216992864797678,0.17493338438160833
0.55,0.22,0.14,0.4,0.4,0.1091203261327518,0.0761448875329269,1.433061754613079,-0.08018804293136927,0.11252974579205095,0.08645574194115994,-0.03159661900214228,0.17583675788926012,0.2074333768914024,0.16155534471912292,0.09607314833562564,-0.03159661900214228,0.15354966304692175,0.17583675788926012,0.16878577869058953
0.35,0.12,0.08,0.5,0.3,0.11865715649383635,0.0823893253213644,1.4402006088896484,-0.09207872263949857,0.12572218965480936,0.09141576372970485,-0.027806657835325876,0.19313511264352567,0.22094177047885155,0.1615387718355001,0.11124722124255304,-0.027806657835325876,0.17138246316514194,0.19313511264352567,0.18065280905815206
0.25,0.18,0.06,0.6,0.4,0.10935016930062935,0.07757950694630314,1.409523901412732,-0.08297788663889727,0.1140106779463576,0.08568264257003301,-0.02926378671783103,0.17490737678327317,0.2041711635011042,0.1615367340487285,0.09781539028276764,-0.02926378671783103,0.1654732121974749,0.17490737678327317,0.1611211971861033
0.55,0.18,0.14,0.5,0.4,0.11297595570393604,0.0782090135649929,1.4445388140594726,-0.0812456748758702,0.11777146045434295,0.08998027367541302,-0.02983441362021977,0.19214568575653135,0.22198009937675112,0.1614733646549777,0.09544483323253306,-0.02983441362021977,0.16669270475133646,0.16440849215153364,0.19214568575653135
0.45,0.15,0.08,0.5,0.4,0.11376214766122472,0.07885069462601249,1.442753905983919,-0.08129638505331149,0.11728258881708646,0.08818423989869763,-0.03280149798737908,0.17804149008476022,0.2108429880721393,0.1613991454919426,0.10883107720135254,-0.03280149798737908,0.1618469248332559,0.17049494995344272,0.17804149008476022
0.35,0.22,0.14,0.5,0.3,0.1170822340280051,0.08026590762819057,1.4586795002724682,-0.08913399438460357,0.12488837759133589,0.09210737587691266,-0.029035520735704146,0.19594439628946958,0.22497991702517373,0.1612083896072751,0.10854637455973348,-0.029035520735704146,0.17288257026643983,0.19594439628946958,0.17610406757674069
0.25,0.22,0.06,0.6,0.4,0.1092772512729292,0.07766427417748552,1.4070465787551019,-0.08305849641289131,0.11390877677425501,0.08567993973536421,-0.0292640974995656,0.17490737678327362,0.20417147428283922,0.160797083804621,0.09745259542802653,-0.0292640974995656,0.16547321219750977,0.17490737678327362,0.16097479696203076
0.35,0.15,0.06,0.5,0.45,0.10651742286716326,0.07383775948121966,1.4425874188971772,-0.07792016833666993,0.1107819372819377,0.08562039702862309,-0.03351076306282785,0.16985155935548413,0.20336232241831198,0.1606249607850303,0.09776455955913965,-0.03351076306282785,0.1568394699850848,0.16985155935548413,0.1629648605728078
0.45,0.18,0.08,0.4,0.45,0.10574204435894918,0.07393275293795708,1.4302462732273185,-0.08035759072924764,0.1098516819434309,0.08473200888468474,-0.032257255515768524,0.17159151609389744,0.20384877160966597,0.16056268848735356,0.0959841382258162,-0.032257255515768524,0.1506964697038078,0.17159151609389744,0.16324354120940154
0.35,0.18,0.1,0.6,0.3,0.11936358028268934,0.08362904487531576,1.4272981409826087,-0.08804926136400493,0.1266847038617197,0.0914291723828736,-0.02812318767078381,0.18518409470882724,0.21330728237961105,0.16050230841268853,0.11462154255587409,-0.02812318767078381,0.1768840691178648,0.18518409470882724,0.1848570005968162
0.45,0.12,0.08,0.4,0.35,0.11391761659838728,0.07867087671660541,1.4480278007927956,-0.08583647800639349,0.11987146543191673,0.08950618668481053,-0.03090238080422203,0.18731658617665392,0.21821896698087595,0.16046652945019124,0.10730404493264456,-0.03090238080422203,0.16583745210524437,0.18731658617665392,0.16980162474926286
0.35,0.22,0.06,0.4,0.35,0.11490607804733166,0.07932157121071534,1.4486107157671797,-0.08796930333435238,0.12188195787616965,0.09008610539439249,-0.030290378945330043,0.19027739960813772,0.22056777855346776,0.16021624685757918,0.11114057443731462,-0.030290378945330043,0.1643745894604134,0.19027739960813772,0.17390760482031253
0.35,0.18,0.08,0.4,0.3,0.11751000265756084,0.08171612547964541,1.438027096461289,-0.08943756626280819,0.12497185473874564,0.09221997375739663,-0.027154742068919102,0.20148229359646508,0.22863703566538418,0.15983058876296308,0.10466712456468197,-0.027154742068919102,0.17080449804806852,0.20148229359646508,0.17506009955343171
0.55,0.18,0.06,0.3,0.45,0.10421264160760302,0.07345579017606935,1.4187124167858143,-0.08310790086120179,0.11110573370602181,0.08281356750098047,-0.03254460220599853,0.17319775819905137,0.2057423604050499,0.1596494167800378,0.11663871351146837,-0.03254460220599853,0.15235645036758094,0.17319775819905137,0.14588034865800692
0.55,0.18,0.14,0.4,0.3,0.11590237529941971,0.08073063746939083,1.4356677827963928,-0.0868116744285734,0.12044029159078215,0.0897535936976725,-0.030481017718533288,0.1855211821852769,0.2160021999038102,0.1593711423140311,0.10649739157948002,-0.030481017718533288,0.16601300469044977,0.1855211821852769,0.17465089721723737
0.35,0.15,0.08,0.5,0.4,0.11029946784922662,0.07705170221613912,1.4314994306008137,-0.08080434862115815,0.11530409950214926,0.08752971342769549,-0.031484364557997635,0.1756791245629743,0.20716348912097193,0.15927417535961458,0.09985594321609126,-0.031484364557997635,0.16254245425252822,0.1756791245629743,0.16992734003715015
0.55,0.18,0.06,0.3,0.35,0.11049030707838048,0.07764702289346213,1.4229818859891374,-0.09018741073174685,0.11783497557674454,0.08585503617484652,-0.030718687807839373,0.18550002210903815,0.21621870991687753,0.15923765048524918,0.12403554478636969,-0.030718687807839373,0.15741509312142954,0.18550002210903815,0.15294290567472468
0.35,0.15,0.14,0.5,0.3,0.11526949140817488,0.07990872488652254,1.44251446349404,-0.08898164323943991,0.12261810392560972,0.09107414913529831,-0.028592277515956277,0.19659764082811115,0.22518991834406743,0.15905418150579242,0.10538895741352272,-0.028592277515956277,0.163434723482361,0.19659764082811115,0.17626147542001003
0.45,0.15,0.14,0.6,0.35,0.11370227658705945,0.08015088055851903,1.418602962247485,-0.09002022563223044,0.11958081649893322,0.08813952915753145,-0.028934662493871666,0.18272269962310728,0.21165736211697894,0.15879544718988964,0.10654535657564246,-0.028934662493871666,0.16574666465068444,0.17182402413910358,0.18272269962310728
0.35,0.12,0.1,0.5,0.35,0.11069008725529206,0.07831502211937733,1.4133953392308911,-0.08568952005509511,0.1178127540552317,0.08756796223509387,-0.02848195436432599,0.18583905237466802,0.214321006738994,0.1586643840525921,0.1030851857754349,-0.02848195436432599,0.1571747149183209,0.18583905237466802,0.17144677157206067
0.45,0.18,0.06,0.4,0.45,0.10773466781164553,0.07509944326058608,1.434560139651357,-0.08142829927769124,0.11189552263112772,0.0858120541737622,-0.03311876436434502,0.16976848734423422,0.20288725170857924,0.15853379539799162,0.09994439382908293,-0.03311876436434502,0.15798308672764905,0.16976848734423422,0.16490040961901742
0.35,0.12,0.06,0.4,0.35,0.11376927637327161,0.07950863310304095,1.4309046946616455,-0.08775215179450568,0.1217600034364037,0.08873327394812935,-0.03062943446144617,0.19367546664502244,0.2243049011064686,0.15791453864880406,0.1255837593599889,-0.03062943446144617,0.16868022372916847,0.19367546664502244,0.15149000190928485
0.55,0.15,0.08,0.4,0.4,0.1085424906860315,0.07745202115222659,1.4014158581181342,-0.08508398072021484,0.11165927971476804,0.08460050911151853,-0.030731346782156055,0.16999015383917393,0.20072150062132998,0.15779874209379618,0.09980124912413646,-0.030731346782156055,0.14935464978219382,0.16999015383917393,0.16988169261049202
0.55,0.22,0.08,0.3,0.3,0.11487906224079913,0.07924897593141286,1.4495968041306027,-0.09117563113476612,0.1229105983309269,0.08930512457406657,-0.0320574042638061,0.19195308134059652,0.22401048560440262,0.15763607790441467,0.13152673597250586,-0.0320574042638061,0.16690695179276016,0.19195308134059652,0.15622362681257806
0.45,0.22,0.14,0.5,0.35,0.11346419324191226,0.07858252937764348,1.4438857356784511,-0.08490916590058417,0.11875557282851115,0.0900677577860815,-0.03102871223278303,0.18302420947434261,0.21405292170712564,0.15741318503580484,0.10034933777660404,-0.03102871223278303,0.16222104982143049,0.17921197930296162,0.18302420947434261
0.35,0.18,0.08,0.4,0.35,0.11425993774540677,0.0789430969846556,1.4473708545740966,-0.08612443580889151,0.1213288752239513,0.09126632955958806,-0.029989834389968384,0.19203366386910048,0.22202349825906886,0.1571137635748656,0.10169238318355389,-0.029989834389968384,0.17379802654800347,0.19203366386910048,0.16911013690906707
0.25,0.12,0.08,0.5,0.3,0.11753689490907693,0.08202544160487567,1.4329321806673507,-0.09186391155303386,0.1267595513150838,0.09287482840631953,-0.02647251662063166,0.20165558040148368,0.22812809702211534,0.1567758448209912,0.10549381604106012,-0.02647251662063166,0.1772550563449249,0.20165558040148368,0.1758658204085819
0.45,0.15,0.08,0.5,0.35,0.11924335502848171,0.08191818776315862,1.4556395628921552,-0.08467580439608713,0.12318790174312526,0.09209605748058546,-0.03333331809273554,0.18449460629601955,0.2178279243887551,0.15670920593194587,0.11293525186426856,-0.03333331809273554,0.17479174128834463,0.1770512273597291,0.18449460629601955
0.35,0.22,0.08,0.5,0.4,0.1110684483340798,0.07791692960629112,1.4254726013371037,-0.08215037641851963,0.1168954000348305,0.08826192826448921,-0.031083795843968587,0.17845962512702274,0.20954342097099132,0.15662172364450705,0.101772133237781,-0.031083795843968587,0.16099534888906541,0.17433368876425193,0.17845962512702274
0.55,0.22,0.1,0.4,0.45,0.10646607255216978,0.07595243181192016,1.401746725052992,-0.0816395113592926,0.11019995432076538,0.08360491884351677,-0.03255180755170217,0.16398182737895506,0.19653363493065723,0.1564578410122508,0.103512152010937,-0.03255180755170217,0.15217001175512546,0.16398182737895506,0.1638875880105115
0.55,0.18,0.08,0.3,0.4,0.10782405559063002,0.07522780759173464,1.4333005180185094,-0.08532854700165327,0.11636843382719941,0.08616848999322012,-0.03255520707223425,0.18074519831222946,0.2133004053844637,0.1564338385884279,0.11941318896938502,-0.03255520707223425,0.16195930989009244,0.18074519831222946,0.1522796790365244
0.45,0.12,0.1,0.6,0.35,0.11491266687778179,0.08128822103241054,1.413644749735202,-0.09144790195864838,0.12041996621886719,0.08867254350506946,-0.029093870127578914,0.18343051184999815,0.21252438197757706,0.15637706593744827,0.10798485531883961,-0.029093870127578914,0.1636630877356191,0.176115246317458,0.18343051184999815
0.55,0.22,0.08,0.3,0.45,0.10040424773001311,0.07214831126217935,1.3916368376960988,-0.08332496844642445,0.1065984505029595,0.08099272870052901,-0.031210126831012874,0.17277592443294965,0.20398605126396252,0.1563333827132154,0.10268989885226598,-0.031210126831012874,0.14470728243009967,0.17277592443294965,0.1440292736304951
0.45,0.12,0.1,0.4,0.35,0.1094770754120038,0.07741749262851323,1.4141129051715486,-0.0845697202798098,0.11602625642752437,0.08791622515080508,-0.02876781181091914,0.1874856012934023,0.21625341310432145,0.15633155757313333,0.09567862218667345,-0.02876781181091914,0.15822673861814085,0.1874856012934023,0.16750813185032443
0.35,0.15,0.08,0.6,0.35,0.11636217859864151,0.08260247275833288,1.4087009106746502,-0.09088014689652046,0.12296397356673745,0.08916693965519541,-0.02886578722735289,0.1794342571661045,0.2083000443934574,0.15613737511848008,0.11394650450984156,-0.02886578722735289,0.17107720960063233,0.1794342571661045,0.17922768378446174
0.35,0.15,0.08,0.5,0.3,0.11957778985373269,0.0834235047299461,1.4333824770467654,-0.08908234777093149,0.12610046812826284,0.09275016946034544,-0.028955330524181644,0.18859642173993785,0.2175517522641195,0.15613662377130522,0.10812819645507044,-0.028955330524181644,0.17745156388122862,0.18859642173993785,0.1852814890892589
0.55,0.15,0.1,0.4,0.35,0.11341568862286389,0.0794438093478121,1.4276214793064599,-0.0855881829235976,0.11763680490633972,0.08871568407548784,-0.031557519909282905,0.17667087339668264,0.20822839330596554,0.15594801266722352,0.1028721677035922,-0.031557519909282905,0.1673323534473976,0.17667087339668264,0.17286614989330906
0.55,0.22,0.1,0.4,0.4,0.11027869318756589,0.07768563403067535,1.4195506616322482,-0.08396456195212876,0.11324600017083356,0.08608413596764457,-0.03302300682180548,0.17084502871125018,0.20386803553305566,0.1559413947105321,0.10411122049680133,-0.03302300682180548,0.15652193230847744,0.17084502871125018,0.16777482615944428
0.55,0.12,0.1,0.4,0.3,0.11573543784370255,0.08097173322225354,1.429331363403431,-0.08884265528578306,0.12064238938765422,0.09020183375575312,-0.030229079433126804,0.18726769021665124,0.21749676964977804,0.15573037848689633,0.10471082719014535,-0.030229079433126804,0.16470012896895847,0.18726769021665124,0.17676237999564282
0.45,0.15,0.08,0.4,0.4,0.10760721089926584,0.07574362959106117,1.4206767153915876,-0.08218696832336247,0.11228948380788217,0.08656328653529274,-0.03139638307260839,0.17952516417639197,0.21092154724900036,0.15572172201423967,0.09507028538162121,-0.03139638307260839,0.15127982749736835,0.17952516417639197,0.16696852505663773
0.35,0.18,0.14,0.4,0.3,0.11476898872484798,0.08033335299841002,1.4286592609562745,-0.08832723816620314,0.12332492463227329,0.09128243645023547,-0.028139879482271035,0.20422744347587996,0.232367322958151,0.15559691431053616,0.10957538927248045,-0.028139879482271035,0.17254614119801648,0.20422744347587996,0.1584155286972606
0.55,0.12,0.14,0.6,0.4,0.10877305028528306,0.0775124840366948,1.4032971802811705,-0.0880798116641448,0.11262551629235193,0.08676939069624094,-0.02830840192666717,0.18589403761145573,0.2142024395381229,0.15538707363850274,0.08804034210098366,-0.02830840192666717,0.1551767003438711,0.16232490333211635,0.18589403761145573
0.35,0.18,0.06,0.5,0.45,0.10663578741669566,0.07581581407069932,1.4065111444593377,-0.07992796312376971,0.11005454750552839,0.08460412659948216,-0.032816107129281624,0.16559424431677394,0.19841035144605557,0.1551821553959746,0.09795672905005581,-0.032816107129281624,0.15500694628000167,0.16453092501009214,0.16559424431677394
0.35,0.22,0.1,0.4,0.3,0.11906346318562244,0.08064443848000163,1.4764001762520553,-0.08838088076174622,0.12710115512386022,0.09382910836766825,-0.03314103011994274,0.2019026793959955,0.23504370951593823,0.1550163741619974,0.12389364875781395,-0.03314103011994274,0.17015176718201652,0.2019026793959955,0.1726987104034179
0.45,0.12,0.1,0.4,0.3,0.11589650915880156,0.08082845402492321,1.4338577986789804,-0.08890419295898111,0.1228262697857534,0.09207696709251291,-0.028492781228191655,0.1970315537347671,0.22552433496295876,0.15487170044689438,0.10035383920305585,-0.028492781228191655,0.1678719170375289,0.1970315537347671,0.17736682018160677
0.35,0.18,0.06,0.6,0.45,0.10817357274219397,0.07792361143220185,1.388200197013602,-0.0898986816487275,0.112472205548756,0.08381502427926237,-0.03032617017402517,0.1694673503269959,0.19979352050102106,0.15481158253383207,0.1045068495562338,-0.03032617017402517,0.15897590855378252,0.15973708948079302,0.1694673503269959
0.55,0.22,0.14,0.5,0.4,0.11165319056191358,0.07820972379946553,1.4276126437704746,-0.08121017536907693,0.11631892812072357,0.08953397500006492,-0.030981745774323333,0.18863164303434288,0.2196133888086662,0.15471648538353505,0.09467474670971798,-0.030981745774323333,0.1654588859827315,0.16381111065114884,0.18863164303434288
0.25,0.12,0.06,0.6,0.35,0.11302821069204017,0.07997385234812701,1.4133145693673375,-0.08773227181257381,0.11907889777062435,0.08867428267355804,-0.02969334915919597,0.1844578279529434,0.21415117711213938,0.1546868129269296,0.10425659524979025,-0.02969334915919597,0.16716860225357122,0.1844578279529434,0.16920481255601283
0.45,0.22,0.14,0.6,0.45,0.1058828483443972,0.07506101859898762,1.4106236542042516,-0.08390387681368994,0.11088206223137594,0.08474532557269443,-0.03195833732732467,0.17087308454816652,0.2028314218754912,0.15461074178476195,0.09850868229417875,-0.03195833732732467,0.15413505536762417,0.1628518262742349,0.17087308454816652
0.35,0.12,0.1,0.5,0.3,0.1165417217872009,0.08144436464700938,1.4309365944753587,-0.09062684617626882,0.12367883801747537,0.09140810760071046,-0.029244966941414985,0.1942109640564833,0.2234559309978983,0.154556534990385,0.10910203636471238,-0.029244966941414985,0.16357904209764018,0.1942109640564833,0.18074711450995595
0.45,0.15,0.1,0.5,0.35,0.11520817467186473,0.0808541304005549,1.4248891689406389,-0.08719682180796962,0.12000441113222741,0.0905617316416015,-0.029892708434395177,0.18478851483328174,0.2146812232676769,0.15440307914381776,0.0988651699314047,-0.029892708434395177,0.1682344279129866,0.17802665141785923,0.18478851483328174
0.45,0.22,0.14,0.5,0.4,0.11022039723960453,0.07629135766396879,1.4447297913490913,-0.08157352425118847,0.11475768059159304,0.08895462437062858,-0.03324539794617554,0.17938510383964568,0.2126305017858212,0.15430549339496719,0.09666312728223936,-0.03324539794617554,0.1586163316154816,0.17236923816677407,0.17938510383964568
0.35,0.15,0.06,0.6,0.4,0.11252326210031272,0.0801554598391333,1.4038128198146382,-0.09276195593434455,0.11799344607195181,0.08661169569158554,-0.03033026386999149,0.17490258510418122,0.2052328489741727,0.15410452669212293,0.11228895226707825,-0.03033026386999149,0.1634567976473813,0.1696491592111098,0.17490258510418122
0.55,0.15,0.14,0.6,0.45,0.10629227113128215,0.07665120455256687,1.3867005972278967,-0.08691750175439661,0.10943356784639427,0.0848501411233924,-0.02857439522585381,0.17787891938237155,0.20645331460822536,0.15406790996542963,0.08463625724928181,-0.02857439522585381,0.1570705360493463,0.15615652177682549,0.17787891938237155
0.55,0.15,0.08,0.4,0.3,0.11777267485286824,0.08189550975733796,1.438084642269604,-0.08960229754870519,0.12202948741098416,0.09122681451966942,-0.03169990037886394,0.18070450565582097,0.2124044060346849,0.15396697729975414,0.10761900350331377,-0.03169990037886394,0.1740319694318897,0.18070450565582097,0.1794918588427603
0.45,0.12,0.08,0.5,0.3,0.12052566354002892,0.0836685777548538,1.440512875612218,-0.08746911679544112,0.12545533866318817,0.0932547791397417,-0.031299686261546666,0.1873292341763948,0.21862892043794147,0.1536607468110502,0.10985999709795324,-0.031299686261546666,0.17624618468141784,0.1851409636217216,0.1873292341763948
0.55,0.22,0.08,0.4,0.35,0.11463307397921896,0.08059042998930219,1.422415465390068,-0.0880431748105156,0.11817787477184152,0.08894562949997381,-0.03182551140884171,0.17481802072873776,0.20664353213757947,0.1536540563997171,0.10448833220541842,-0.03182551140884171,0.16865260255058168,0.17475592978331145,0.17481802072873776
0.55,0.12,0.06,0.4,0.35,0.11441694286394521,0.07977307803105584,1.434280156764196,-0.08800290774574238,0.11865689758110047,0.08989534880163698,-0.03178138350750448,0.18029901430162676,0.21208039780913124,0.15362010333499218,0.10247234914474923,-0.03178138350750448,0.16337379479711345,0.18029901430162676,0.1789207131695174
0.55,0.15,0.14,0.4,0.35,0.1120760130885361,0.07846320826529746,1.4283893759427735,-0.08474975975493926,0.11624843625735941,0.08802943965614805,-0.03329158716145131,0.17779668111672353,0.21108826827817484,0.1535421865231203,0.1073514476572337,-0.03329158716145131,0.15863266602996928,0.17779668111672353,0.17075297364432185
0.25,0.12,0.06,0.5,0.3,0.1171741674182063,0.08282452557151246,1.4147279034763154,-0.09023336253277936,0.1253282971030074,0.09236654561141046,-0.026782773571113472,0.19786061487408269,0.22464338844519616,0.1535091115280784,0.10280353099170414,-0.026782773571113472,0.17442165624997008,0.19786061487408269,0.17833845697039363
0.55,0.15,0.14,0.5,0.4,0.1106578492829342,0.07738546791730128,1.4299564538550027,-0.08129485844462259,0.11422050313084511,0.08923907867977575,-0.03192732393419506,0.18312182143116917,0.21504914536536424,0.15305921947324308,0.08991511512799111,-0.03192732393419506,0.16439317687134003,0.1655997261579203,0.18312182143116917
0.35,0.15,0.08,0.5,0.35,0.11418922767095907,0.08063542847992504,1.4161173298581475,-0.08536072797218686,0.12077813264288591,0.09010648517726598,-0.030161167180386417,0.18393847516230344,0.21409964234268986,0.15273425179102357,0.1044055458615587,-0.030161167180386417,0.17030636468405524,0.18393847516230344,0.17540144468689856
0.35,0.12,0.08,0.4,0.3,0.1171994046157856,0.08193225217016319,1.4304428538394975,-0.0905791280061673,0.1258519894617229,0.09134916030909764,-0.030671706364673645,0.20233463524531925,0.2330063416099929,0.15256954133909323,0.12813209385468438,-0.030671706364673645,0.16408721610334998,0.20233463524531925,0.1653777084699346
0.35,0.12,0.08,0.4,0.35,0.11328224832770628,0.07853402424296664,1.442460760411773,-0.08610095376268667,0.1209889096175456,0.0900527298480454,-0.033007078055996786,0.1956961869328866,0.22870326498888338,0.1523310655587177,0.12266934152864661,-0.033007078055996786,0.16778331841570737,0.1956961869328866,0.15180277926648422
0.45,0.18,0.14,0.6,0.4,0.10948164296790353,0.07762247068961872,1.4104374931026986,-0.08672049271353488,0.11487336139097601,0.08684949244880763,-0.03164006681001841,0.17713274888358344,0.20877281569360184,0.15179848751393174,0.10248561689620561,-0.03164006681001841,0.1615138012254307,0.16487470675967875,0.17713274888358344
0.45,0.18,0.14,0.5,0.3,0.11770585983639203,0.08141546110420723,1.4457433298293936,-0.08804998802961561,0.12403395094724652,0.09330503570107283,-0.03100427691106611,0.18839920056533677,0.21940347747640288,0.15173420932086032,0.10387005793871085,-0.03100427691106611,0.17257515247999322,0.18632962066325787,0.18839920056533677
0.55,0.18,0.14,0.4,0.35,0.11229238128397534,0.07883053454601845,1.4244782422276112,-0.0845665693329376,0.1163357857386523,0.08872171176934743,-0.03286857649471897,0.1801610964856324,0.21302967298035136,0.15168484513372416,0.10274947792828848,-0.03286857649471897,0.1599491542932494,0.1801610964856324,0.17168777648081024
0.45,0.12,0.06,0.5,0.35,0.11595272614200214,0.08250028121740674,1.4054827987366576,-0.08944263286677256,0.12073798175436212,0.090263188473656,-0.02918643534958143,0.184308732661272,0.21349516801085344,0.15163021850104982,0.10091912980048501,-0.02918643534958143,0.1692355122000706,0.17841296945956442,0.184308732661272
0.35,0.12,0.06,0.5,0.35,0.1148274406657257,0.08099189268829138,1.417764628709878,-0.08626370095068325,0.12037875667437814,0.0899962345422875,-0.0313578135281658,0.18555969666505767,0.21691751019322347,0.1513979048178046,0.1075434075314341,-0.0313578135281658,0.16685573147016997,0.18555969666505767,0.17329276123339477
0.55,0.18,0.08,0.4,0.35,0.11526869436463105,0.08078144168021499,1.4269204902400583,-0.08837590206383594,0.11891989712347337,0.08969954676273009,-0.032751694803777154,0.1762523121508155,0.20900400695459265,0.15126257486990924,0.10636413804162315,-0.032751694803777154,0.16906233926351621,0.1762523121508155,0.17567239096518916
0.35,0.18,0.08,0.6,0.4,0.10983365784121224,0.07966493760154215,1.3786950840351386,-0.09132406339308641,0.11634217137882441,0.08564214852985623,-0.028960130326005196,0.17179080891264786,0.20075093923865306,0.15096542248011707,0.10595508352460903,-0.028960130326005196,0.163379987028766,0.16954510775410436,0.17179080891264786
0.45,0.22,0.14,0.6,0.4,0.10926466220759301,0.07765474005040263,1.4070572142366793,-0.0868526131001216,0.11465759433900775,0.0867804300516575,-0.03178145769426477,0.17758271397006675,0.20936417166433152,0.15055138611471855,0.10262837994818486,-0.03178145769426477,0.16014256868916177,0.16471576678189015,0.17758271397006675
0.25,0.15,0.06,0.6,0.35,0.11416085227252704,0.08075674109904264,1.4136386723743164,-0.08424218616579737,0.11998430240209339,0.09019894218812166,-0.0310972976330689,0.1844723142731659,0.2155696119062348,0.15049017590721003,0.1037096810143705,-0.0310972976330689,0.1726922936809041,0.1844723142731659,0.17014452067509533
0.55,0.22,0.08,0.4,0.3,0.11833131994477997,0.08120193436691309,1.4572475504105207,-0.08960196030267997,0.12267455205767135,0.09229282734985958,-0.03464969174777144,0.18182006306578113,0.21646975481355257,0.1503306258399045,0.11398093483411387,-0.03464969174777144,0.17184890940217246,0.18182006306578113,0.18037254473406072
0.45,0.22,0.14,0.5,0.3,0.11757920897673846,0.08128047812059572,1.446586089248717,-0.08794970122180323,0.12394973260183022,0.09350754172387725,-0.031496363670101335,0.18872343989202123,0.22021980356212256,0.15025136996152938,0.10392948025681914,-0.031496363670101335,0.172652315282404,0.18593979124800808,0.18872343989202123
0.55,0.18,0.14,0.5,0.45,0.10898775747823719,0.07567355195008252,1.4402357847577993,-0.07857041870379233,0.11201394437576098,0.08893852599685309,-0.03479648957421411,0.18415803307463996,0.21895452264885407,0.15015048867245082,0.0920048162170699,-0.03479648957421411,0.15955751213437996,0.15914585002692916,0.18415803307463996
0.35,0.18,0.08,0.5,0.4,0.11097516013487474,0.0778987923163935,1.4246069397859,-0.081981597889211,0.11550152582735493,0.0888712501106215,-0.03340317502820156,0.1751110251972663,0.20851420022546785,0.14991102777545157,0.09917881853158783,-0.03340317502820156,0.16495697967820022,0.1751110251972663,0.17166398075792189
0.45,0.15,0.08,0.6,0.45,0.1083721325728324,0.07724426978101133,1.40297957220735,-0.08712366465749632,0.11235460054219433,0.08577826759740131,-0.0327339995169208,0.17321836066769913,0.20595236018461993,0.14942681798444266,0.10117033362274297,-0.0327339995169208,0.16012602153074607,0.15999228640670426,0.17321836066769913
0.55,0.12,0.08,0.5,0.3,0.12178162160828743,0.08363856001994367,1.456046368795069,-0.08921376876770004,0.12678216125785252,0.09473429156430195,-0.033501587735935257,0.19560794904333423,0.22910953677926948,0.14933660358008582,0.11516748776154917,-0.033501587735935257,0.17488408753863594,0.18175286968167859,0.19560794904333423
0.55,0.15,0.08,0.5,0.45,0.1100910648962925,0.0767360322225152,1.4346723658718255,-0.08035270065795186,0.112565707903696,0.08883884054391633,-0.035089867945191644,0.18031168819755417,0.2154015561427458,0.14890476149239915,0.09411651401795451,-0.035089867945191644,0.16155412311405493,0.16193608213410804,0.18031168819755417
0.35,0.18,0.1,0.5,0.3,0.1164230962597701,0.08194009198530133,1.4208318960717599,-0.09120344675400349,0.12358994235416135,0.091811373064573,-0.0301465856249169,0.19317857365587376,0.22332515928079066,0.14858667570910952,0.10848524023558648,-0.0301465856249169,0.16665407577829483,0.19317857365587376,0.17977840772596854
0.45,0.15,0.14,0.6,0.3,0.11790373460192538,0.08308462088406213,1.4190801299611213,-0.09367574892919506,0.12444806035159255,0.09195504915892963,-0.030309626760471664,0.18932683893070767,0.21963646569117934,0.147932238550261,0.11073000941462197,-0.030309626760471664,0.1688513826887741,0.18364169748433068,0.18932683893070767
0.35,0.15,0.06,0.4,0.35,0.11496127527968159,0.08024317698991323,1.432661063433873,-0.08736406792305351,0.1220472621498044,0.0920026882034607,-0.03184283896691953,0.18990454458670292,0.22174738355362245,0.1477430196883382,0.10526221331222474,-0.03184283896691953,0.1748181320896549,0.18990454458670292,0.17209425972735892
0.35,0.22,0.1,0.5,0.3,0.11675278647620635,0.08183414990976837,1.4267000586544838,-0.09111930376118416,0.12405188866964949,0.09244281937677419,-0.030625980334444747,0.1927845333105529,0.22341051364499764,0.1476382877552644,0.10835257943069565,-0.030625980334444747,0.16709579117775886,0.1927845333105529,0.1826525197636848
0.45,0.18,0.06,0.4,0.4,0.1124341447395083,0.07858376365415215,1.4307554068590045,-0.08473821617012212,0.11630474929735606,0.0893909289882708,-0.034911891725689315,0.1770332248604205,0.21194511658610982,0.147244146900909,0.10443730425840125,-0.034911891725689315,0.16365105856088902,0.1770332248604205,0.17131405053275883
0.55,0.18,0.1,0.4,0.4,0.10980226058108511,0.07779572771048847,1.411417616526537,-0.08387160067903987,0.11285151491362244,0.08730690112572682,-0.03427651737041981,0.17198513251590386,0.20626164988632367,0.14720757837139636,0.09995474530655368,-0.03427651737041981,0.15656304727572046,0.17198513251590386,0.17003116684035402
0.35,0.22,0.08,0.6,0.45,0.10560527188174484,0.0770314633723314,1.3709368517550031,-0.08717919376623251,0.11126377690013856,0.08393341571797075,-0.031115753252429768,0.16754773902708875,0.19866349227951852,0.14683918865495654,0.10112587959715946,-0.031115753252429768,0.1576139860197585,0.16114703310911582,0.16754773902708875
0.45,0.22,0.1,0.5,0.45,0.10700971859856212,0.07601461532421351,1.4077518927399677,-0.08050103240049833,0.11020682763039473,0.08695690331619443,-0.03395504756140588,0.17469352901023516,0.20864857657164104,0.14631831423162223,0.090769177106379,-0.03395504756140588,0.15699439600736143,0.16253208358940396,0.17469352901023516
0.45,0.22,0.06,0.4,0.45,0.1077972807634544,0.07603503711335545,1.4177316781307912,-0.08278733998075916,0.11218090325698751,0.08705202247351311,-0.035027725196191906,0.1695823987006051,0.204610123896797,0.14618446864554036,0.10027729272437802,-0.035027725196191906,0.1589944389958018,0.1695823987006051,0.16707811106034454
0.55,0.15,0.1,0.5,0.45,0.10830193563854285,0.07589049190119262,1.427081745359472,-0.0793181844559423,0.11087124213932331,0.08862310014434566,-0.035083350180944994,0.1793242106968549,0.21440756087779989,0.1460376660832213,0.08897747304211157,-0.035083350180944994,0.1584947632041258,0.16264311393446929,0.1793242106968549
0.55,0.12,0.1,0.5,0.4,0.11061754501290011,0.07682599471795334,1.439845268766173,-0.08090130287972097,0.11419589587559753,0.09047259077829888,-0.03492314727008705,0.18215723046204912,0.21708037773213618,0.14598765289209215,0.09196935190534794,-0.03492314727008705,0.16100153011166363,0.170774514169014,0.18215723046204912
0.45,0.18,0.08,0.5,0.45,0.10892635995872646,0.07741433632239599,1.407056691735973,-0.08696663102822211,0.11289549384023316,0.08644162785792146,-0.0343414249629701,0.1726647473860643,0.2070061723490344,0.14598475587064938,0.10477147730155667,-0.0343414249629701,0.1595377057243592,0.16184496375215573,0.1726647473860643
0.45,0.12,0.08,0.6,0.35,0.11548398257624348,0.08247001499657812,1.40031480024631,-0.09394471267010962,0.12088459198074915,0.08974130764418405,-0.030863744391524395,0.18515734746838053,0.21602109185990492,0.1457357111024139,0.10948605862530592,-0.030863744391524395,0.1659919432798993,0.17465135492168438,0.18515734746838053
0.35,0.18,0.06,0.4,0.35,0.11538024281544823,0.08001493791248684,1.4419837823487507,-0.08806481771673358,0.12255937510732635,0.09276771688075436,-0.03297111770367289,0.18982214920388918,0.22279326690756207,0.1456744420577499,0.10644393054094947,-0.03297111770367289,0.17568697652509657,0.18982214920388918,0.17381493697036943
0.55,0.22,0.14,0.4,0.35,0.11150600868864569,0.07829931985021578,1.4240993268134805,-0.08414327818004919,0.11538552705632762,0.0892169944578881,-0.03482896822721915,0.17961534241718957,0.21444431064440872,0.14545148321161777,0.10242937139162489,-0.03482896822721915,0.15828638691812857,0.17961534241718957,0.17142550278191426
0.25,0.18,0.06,0.6,0.35,0.11525160616047425,0.08166071902318171,1.4113469430480623,-0.08809545793132167,0.12121469362824222,0.09134684744999126,-0.03135166824168423,0.18415222175356782,0.21550388999525205,0.14534705535558162,0.10309019194591285,-0.03135166824168423,0.17343746799427273,0.18415222175356782,0.17674525468914193
0.25,0.22,0.06,0.6,0.35,0.11525812843443384,0.0816814943495535,1.4110678232843064,-0.0881136427894742,0.12121189644021364,0.09134413859561419,-0.03135103614015888,0.18415222175356827,0.21550325789372715,0.14528540048049976,0.10309130098024721,-0.03135103614015888,0.17343746799426785,0.18415222175356827,0.17672952761314376
0.55,0.12,0.06,0.6,0.45,0.10610031380431906,0.07534197649374876,1.4082496735816636,-0.08330519294024497,0.10886962704742813,0.0862825022465436,-0.03445916232204538,0.1724603558144382,0.20691951813648357,0.14496436710675473,0.09044067882607587,-0.03445916232204538,0.1538451401492169,0.16206112276945506,0.1724603558144382
0.55,0.15,0.06,0.4,0.45,0.10666779161310358,0.07495088627510448,1.4231691833714062,-0.08217013943674678,0.10958610528304355,0.0871505188162958,-0.03584003513926459,0.17062546274691148,0.20646549788617607,0.14457694933278586,0.09346827834571259,-0.03584003513926459,0.14994109767309172,0.16973572278876659,0.17062546274691148
0.45,0.12,0.08,0.6,0.3,0.12016016119405504,0.08551060088957674,1.4052077747555847,-0.09786105710351922,0.12588664462006452,0.09226773327699538,-0.030150747441904713,0.19261576588931995,0.22276651333122466,0.14445891385520707,0.11431433925491463,-0.030150747441904713,0.17241979212078573,0.18023407327720697,0.19261576588931995
0.45,0.15,0.08,0.4,0.35,0.11233182540685416,0.0796263024080427,1.41073768352589,-0.0858319193098539,0.11675663520162663,0.08935645964577454,-0.03364723536391456,0.18334725803656915,0.2169944934004837,0.14420280204961777,0.1044109261233277,-0.03364723536391456,0.15752231940838324,0.18334725803656915,0.1721499078037676
0.35,0.15,0.08,0.6,0.3,0.12031286423156629,0.08556651467944888,1.4060741480739858,-0.09466927120554303,0.12728210916953045,0.09284984140149886,-0.030486223965322634,0.1875471223007954,0.21803334626611803,0.14403736635846262,0.11677887843542778,-0.030486223965322634,0.17823349264219335,0.18433727643455833,0.1875471223007954
0.55,0.18,0.08,0.4,0.3,0.11733422005519034,0.08161698164864319,1.4376201825290231,-0.08983812152539672,0.1214643756412028,0.09263547622608034,-0.03424677876784743,0.18136449259568654,0.21561127136353397,0.14388706272184998,0.10569643309935883,-0.03424677876784743,0.17427260722656457,0.18136449259568654,0.1802351240522515
0.55,0.12,0.08,0.5,0.4,0.11197507406890894,0.07761605410999979,1.4426792930005758,-0.08207472266277127,0.11543417064536177,0.0910738754690362,-0.036297375240835206,0.18247292429361872,0.21877029953445393,0.14318617391267008,0.09713955963239607,-0.036297375240835206,0.16351823462340898,0.17033750991822028,0.18247292429361872
0.45,0.15,0.06,0.4,0.4,0.10920865165794313,0.07728884887019574,1.412993636913337,-0.08363447799098389,0.11391566160789153,0.08833925295475459,-0.03478882339898015,0.17986580785528172,0.21465463125426187,0.14288614656014997,0.1018841425192949,-0.03478882339898015,0.15369570922364484,0.17986580785528172,0.16892147184021633
0.55,0.15,0.14,0.4,0.3,0.11510408887939971,0.08085286089410229,1.423624193461234,-0.08711209278045828,0.11966095679335911,0.09130433392265623,-0.03434134616638118,0.18312115563162012,0.2174625017980013,0.14287921452962796,0.10667008296378189,-0.03434134616638118,0.16535629043479205,0.18312115563162012,0.17749860110298266
0.45,0.18,0.08,0.4,0.3,0.11940127137583056,0.08224995771702939,1.4516879362615065,-0.08830863047467263,0.1250794667885605,0.0950309912668204,-0.03474520095885869,0.19266240821840008,0.22740760917725877,0.14246581876085843,0.10994295281958544,-0.03474520095885869,0.17576679471014778,0.19266240821840008,0.1817703791535279
0.55,0.15,0.14,0.5,0.35,0.11457367607098567,0.08012209929582793,1.4299884436122317,-0.08431773715219193,0.11858008139583227,0.09229810971223633,-0.03446746663911637,0.18919601248930573,0.2236634791284221,0.14199739119720303,0.09844363517929056,-0.03446746663911637,0.1699696730875837,0.16975855286209773,0.18919601248930573
0.35,0.22,0.08,0.5,0.35,0.11356595624047272,0.0812028842854544,1.3985458427960717,-0.08891218391067846,0.11997765746142248,0.0901441803620849,-0.03212751383468648,0.1793230286237808,0.21145054245846728,0.1417719474766183,0.10638499766107534,-0.03212751383468648,0.17144310811384078,0.1793230286237808,0.17486466674310197
0.25,0.15,0.08,0.5,0.3,0.11604704553091927,0.0821761363693268,1.4121745151094154,-0.0924338383909461,0.12512458377770747,0.09360080431983263,-0.029266240016322387,0.2021816816876012,0.2314479217039236,0.14174827122684128,0.10418934900052457,-0.029266240016322387,0.17294736725303728,0.2021816816876012,0.17557076096369673
0.55,0.15,0.14,0.6,0.4,0.10966046734994261,0.07958249023428207,1.3779471718856031,-0.09046116582100594,0.11326358884742818,0.08799337959183107,-0.030178148619873335,0.18440415975629354,0.21458230837616687,0.14151233486558906,0.08844460273264221,-0.030178148619873335,0.1629817739202586,0.16066555644781988,0.18440415975629354
0.35,0.15,0.06,0.4,0.3,0.11979314238006289,0.08334885148411496,1.4372500670017472,-0.09072978846264879,0.12763718324383516,0.09565847250548244,-0.03211021967359251,0.20008635951118037,0.23219657918477288,0.1415035365115555,0.10991769201298474,-0.03211021967359251,0.18183670236732752,0.20008635951118037,0.17845538200127575
0.35,0.18,0.06,0.4,0.3,0.11953222780202521,0.08297064120260308,1.4406569127282467,-0.09064235218198757,0.1274077304354882,0.09551707759167535,-0.03274421656684312,0.1990407428582448,0.23178495942508792,0.14124205954478586,0.11146602761972368,-0.03274421656684312,0.1810458094170384,0.1990407428582448,0.17823028884927727
0.35,0.15,0.06,0.5,0.4,0.11141542112140557,0.07863725178014615,1.416827503495424,-0.0827826394039759,0.11619459090222692,0.08969028053550013,-0.035684327709585295,0.1745319046597551,0.2102162323693404,0.14107456449188374,0.10450098045280942,-0.035684327709585295,0.16475191533377465,0.1745319046597551,0.17287248177438075
0.55,0.22,0.06,0.3,0.45,0.1036880652689498,0.0737683996117216,1.405589192861845,-0.08645642881078364,0.11014718585481267,0.08523790103408134,-0.0354484352281389,0.17241481457263674,0.20786324980077564,0.14098418857428738,0.10494788000205202,-0.0354484352281389,0.15894308495036236,0.17241481457263674,0.14987858497715112
0.45,0.18,0.14,0.6,0.35,0.11317047446019601,0.08047566885999652,1.4062694484351368,-0.09031395219426663,0.11916247548769857,0.09012760422944523,-0.032975836186235674,0.18388153377839056,0.21685736996462623,0.14088047030307904,0.10668438486543996,-0.032975836186235674,0.16667441029955965,0.1715478846813383,0.18388153377839056
0.35,0.12,0.06,0.4,0.3,0.12125195732880933,0.08313996578937985,1.4584075922761306,-0.09045544681131956,0.12953140769077182,0.09587863796183263,-0.035712932074138726,0.20195183601345934,0.23766476808759807,0.1408147454241687,0.130860714632846,-0.035712932074138726,0.17934345000734453,0.20195183601345934,0.171213969874348
0.45,0.15,0.06,0.5,0.45,0.10902971645500292,0.07678419383898544,1.4199500053830811,-0.0860887506388941,0.11362393162061098,0.08799492891193933,-0.036516841304989334,0.17547955249137703,0.21199639379636637,0.14076031642653009,0.1068391501440924,-0.036516841304989334,0.15674975230385946,0.16556804446871531,0.17547955249137703
0.55,0.12,0.14,0.6,0.35,0.11285109526717707,0.08090081343206175,1.394931527628536,-0.09139742825543784,0.11725468634632241,0.09074205638944441,-0.03039784299799364,0.19172836479496502,0.22212620779295866,0.14043362693570705,0.09130220247677268,-0.03039784299799364,0.16586045724287568,0.16778025021499232,0.19172836479496502
0.45,0.18,0.1,0.6,0.45,0.10675181618296059,0.07752584637868035,1.3769835631529126,-0.08758314475928364,0.11099537535977633,0.08562937469266514,-0.03325693319159595,0.17340668066603837,0.20666361385763432,0.1401545073669517,0.09835017862752271,-0.03325693319159595,0.1572541748056857,0.1592227758912308,0.17340668066603837
0.55,0.22,0.08,0.5,0.45,0.10993080961811641,0.08019887490953907,1.3707275786862807,-0.08945041215270311,0.11385624591931291,0.08675849275145069,-0.03222506889388921,0.17925915856598706,0.21148422745987627,0.14014804409482784,0.10163817057641467,-0.03222506889388921,0.1639578123268186,0.15665115702123344,0.17925915856598706
0.55,0.12,0.06,0.5,0.4,0.11254319688235093,0.07818131074605342,1.4395153497478563,-0.07986367165901032,0.11593442930907094,0.09195384896374437,-0.03700217536229844,0.184935476716388,0.22193765207868643,0.14013294025045006,0.09690421457219078,-0.03700217536229844,0.16539647507969124,0.16943815553938313,0.184935476716388
0.45,0.22,0.14,0.6,0.35,0.11272326291970658,0.08035019533464832,1.4028996749818536,-0.09028477457484685,0.11871308806937206,0.08988607403419677,-0.03303145274681085,0.18406908423004698,0.21710053697685783,0.1401293193654759,0.10658620809407693,-0.03303145274681085,0.16476864045535788,0.17117296031418938,0.18406908423004698
0.35,0.18,0.1,0.4,0.3,0.11877626809794717,0.081001040421934,1.4663548453111492,-0.08838088177771453,0.12685791068886618,0.09559812809967223,-0.03674195697170424,0.20240970778880207,0.2391516647605063,0.13965149391404147,0.12460644079169758,-0.03674195697170424,0.17132028695639567,0.20240970778880207,0.17269507487913982
0.25,0.12,0.06,0.6,0.3,0.11895337502530579,0.08451952699441127,1.4074070129754914,-0.08934592091438665,0.12515265002276904,0.09417028858113838,-0.0317183877603493,0.19503358485806532,0.22675197261841462,0.13897520155293278,0.10613794234676055,-0.0317183877603493,0.1784988659736333,0.19503358485806532,0.1778112446957354
0.55,0.18,0.1,0.4,0.35,0.11286025011738943,0.07982289066503605,1.4138832755504853,-0.08650454163879162,0.11638143231370149,0.0900915365872821,-0.035705350655569346,0.1781096140813636,0.21381496473693296,0.13896553713610782,0.10405713919590531,-0.035705350655569346,0.16060230061391723,0.1781096140813636,0.1748434583328906
0.35,0.22,0.06,0.5,0.45,0.10792898646800442,0.07654829038478603,1.4099464001805493,-0.07806378232149369,0.11082642127566542,0.08811142520878938,-0.03736153766809003,0.17701324168328458,0.2143747793513746,0.1389121416834476,0.09762590988460995,-0.03736153766809003,0.1564028867980316,0.160451605680491,0.17701324168328458
0.55,0.12,0.14,0.6,0.3,0.11595472610050606,0.08322097242474404,1.3933353903712535,-0.09283364390570636,0.12112644285708747,0.09215300525639072,-0.03053500295282663,0.1921355926910422,0.22267059564386882,0.138533675285742,0.098056836621915,-0.03053500295282663,0.17035217339795028,0.1756226145273565,0.1921355926910422
0.55,0.22,0.08,0.4,0.45,0.10854102573699387,0.07668699221792707,1.415377270613833,-0.08289891149465256,0.11232613142791703,0.08753654066831397,-0.03829956267670498,0.1673651922634911,0.2056647549401961,0.13843534543217273,0.10880575771236467,-0.03829956267670498,0.1596781105937113,0.16408115924672306,0.1673651922634911
0.35,0.18,0.08,0.6,0.35,0.11348644600283819,0.08265008982051501,1.373095253124203,-0.09551751935707176,0.12145158107693446,0.08920314428332958,-0.030659158858076907,0.18026552584539002,0.21092468470346692,0.13777103823977818,0.11322999919776966,-0.030659158858076907,0.16981685546891012,0.1746046837306794,0.18026552584539002
0.45,0.15,0.1,0.5,0.3,0.11852289536335703,0.08368317717723939,1.4163288173479334,-0.0901309409475528,0.12389338352240357,0.09442394734008548,-0.032674379355747685,0.1913029915225828,0.22397737087833047,0.13762360756748354,0.10259743905783747,-0.032674379355747685,0.17400006112210442,0.1842408052652409,0.1913029915225828
0.55,0.12,0.08,0.6,0.45,0.10481223053983735,0.07477815486275584,1.401642374463566,-0.0821418394893656,0.1082967873812191,0.08733352853132245,-0.035331719524860805,0.17385439574158035,0.20918611526644115,0.13745032587532457,0.08602796049741701,-0.035331719524860805,0.15338226652919662,0.16355103366276236,0.17385439574158035
0.55,0.12,0.08,0.4,0.35,0.11274566337889858,0.07952819119237645,1.4176817262971568,-0.0870075793102576,0.11724488630634222,0.09089437821635124,-0.03571786109362285,0.17840082075371955,0.2141186818473424,0.1370925811375393,0.10255627215990581,-0.03571786109362285,0.16709346959751525,0.17840082075371955,0.17389173011419334
0.55,0.18,0.06,0.3,0.4,0.10579094730994565,0.07603696996462378,1.3913093506903933,-0.08551831543597144,0.11378456709421796,0.08609535327487852,-0.03584324940968009,0.17824804521578352,0.2140912946254636,0.13704475808255162,0.12091064393468787,-0.03584324940968009,0.1550229134333665,0.17824804521578352,0.150584482296932
0.45,0.15,0.1,0.6,0.35,0.11515039618980727,0.08245908087617056,1.396455004910005,-0.09345250581833531,0.12039730850132584,0.09089279853798653,-0.03306458870890572,0.186727267429583,0.21979185613848873,0.13676040071433132,0.10834955246493627,-0.03306458870890572,0.16596648100159528,0.17400783031942035,0.186727267429583
0.55,0.15,0.08,0.4,0.35,0.11354846075650427,0.0801523489301669,1.4166579304548377,-0.08798544763526817,0.11747226898685015,0.09091690058824496,-0.036016320962447335,0.1758646751347721,0.21188099609721944,0.1366465680142509,0.10405852591286302,-0.036016320962447335,0.16798689210441364,0.1758646751347721,0.1754675727446493
0.35,0.18,0.08,0.5,0.3,0.11749387278983447,0.083740506195938,1.403070964425741,-0.0921582894293469,0.12453572025367406,0.09325392602100879,-0.032206854171831,0.18776046892863563,0.21996732310046663,0.13650575733287482,0.10883089911325694,-0.032206854171831,0.1771295344929973,0.18776046892863563,0.18116455290531142
0.35,0.12,0.06,0.6,0.3,0.12100184578860929,0.08552316040007955,1.4148430112095896,-0.09988031442483047,0.12854308639718226,0.09409061062296162,-0.0326103586738723,0.18764313500287733,0.22025349367674962,0.13648026131968388,0.12192500358327085,-0.0326103586738723,0.18331425779835375,0.18764313500287733,0.18244339427528167
0.35,0.22,0.08,0.6,0.4,0.10928246125692231,0.07921201044355834,1.3796198410440592,-0.09133695092726624,0.11669006774358741,0.08773280005150239,-0.03288282495209338,0.1750232017595017,0.20790602671159508,0.13641138824699456,0.10859603898636894,-0.03288282495209338,0.16368693325767936,0.16902698966648044,0.1750232017595017
0.55,0.18,0.14,0.5,0.35,0.11354506115071561,0.08086935794551851,1.4040554300828088,-0.09279329985837603,0.12069895074892363,0.09244187255012105,-0.031089640920599737,0.197049878007159,0.22813951892775874,0.13636638148081026,0.09813942903598827,-0.031089640920599737,0.17072279598304463,0.16867229163902597,0.197049878007159
0.45,0.12,0.06,0.6,0.4,0.112025740595181,0.07980658063077886,1.4037155797146912,-0.09041128912873242,0.11616228101720064,0.08920814096878424,-0.0356552118861726,0.1764745781145638,0.2121297900007364,0.1362192923998259,0.10748380296002136,-0.0356552118861726,0.161128442771433,0.1713797931261576,0.1764745781145638
0.35,0.18,0.06,0.6,0.4,0.11150873194694477,0.0815632759051419,1.367143861124821,-0.09444105554992954,0.11675544905313125,0.08762061243559431,-0.032168983563079845,0.17771384452093186,0.2098828280840117,0.1361761114096316,0.10748391468179941,-0.032168983563079845,0.16625181078066809,0.1644966588453367,0.17771384452093186
0.55,0.15,0.06,0.4,0.35,0.11418474194118344,0.0811801699422594,1.4065595332258978,-0.08892526482063523,0.11771241312926077,0.09075546165594546,-0.03538482369292251,0.18137177440714747,0.21675659810006997,0.13616290887189555,0.1049211116605746,-0.03538482369292251,0.1630860360810622,0.1745679671904421,0.18137177440714747
0.45,0.22,0.08,0.4,0.3,0.11687364122904231,0.08210439442298914,1.4234760764074015,-0.08819026794597229,0.12217699440003779,0.09377255775354752,-0.03498667610193418,0.19321643810692768,0.22820311420886186,0.1357312291392041,0.10785940491654777,-0.03498667610193418,0.1629937580953602,0.19321643810692768,0.1818020469832875
0.45,0.18,0.08,0.5,0.35,0.11622898391284409,0.0821376563033604,1.4150511366379095,-0.08871627830698847,0.12209164994438546,0.092558179139607,-0.03530802899060692,0.18684939707258907,0.222157426063196,0.1355888303013612,0.11272605968361682,-0.03530802899060692,0.17093210326946218,0.17525871868686616,0.18684939707258907
0.35,0.18,0.08,0.5,0.35,0.11456598215661873,0.0809252023080647,1.415702140854599,-0.08904357382497419,0.12125598443328253,0.09247979094675789,-0.034455297273417895,0.18323468488812367,0.21768998216154156,0.13553295950199568,0.10639585352332492,-0.034455297273417895,0.17386825093534708,0.18323468488812367,0.1772364300930349
0.35,0.22,0.08,0.6,0.35,0.11310938062216347,0.08250218206726603,1.3709865337857687,-0.09540135243769665,0.12108273811706531,0.08928504929610599,-0.03125037762114691,0.18038239504780385,0.21163277266895075,0.13542131084357822,0.11321867315035838,-0.03125037762114691,0.16893785595222788,0.17412514405608337,0.18038239504780385
0.55,0.15,0.14,0.5,0.3,0.11713313789072566,0.08245543001751711,1.4205630589257918,-0.08651636751482039,0.1213676861869907,0.09476231093739597,-0.03390738707186691,0.2007019329249029,0.23460931999676982,0.1353406394869868,0.09780627235659223,-0.03390738707186691,0.16890260729537077,0.1733350054299545,0.2007019329249029
0.55,0.22,0.08,0.4,0.4,0.11049111081179963,0.07848317858076898,1.4078317521007448,-0.08472040396228397,0.11373899793589129,0.08922931935485312,-0.03713467567514228,0.17086737017116138,0.20800204584630366,0.13522975960335987,0.1012135336273925,-0.03713467567514228,0.16392952498545532,0.1698192365705895,0.17086737017116138
0.25,0.15,0.06,0.6,0.3,0.11924692114064661,0.08506028804383597,1.401910619902821,-0.08985261784593157,0.12553745968993607,0.09446126621964768,-0.03287722146625194,0.19367097796757804,0.22654819943382998,0.1345094098300685,0.10924490065164161,-0.03287722146625194,0.18105020956627182,0.19367097796757804,0.17659843173044076
0.35,0.15,0.06,0.6,0.35,0.11668708300988162,0.08442236559610321,1.3821821052508827,-0.09834544326234229,0.12245299742539946,0.09076161405978468,-0.0323051627032519,0.18275075754963077,0.21505592025288267,0.13450213670754962,0.11414008601756431,-0.0323051627032519,0.1711477133894559,0.1765315928735982,0.18275075754963077
0.45,0.22,0.08,0.5,0.45,0.10705708827907134,0.07777313992560499,1.3765303597293146,-0.08826587363477634,0.11236780444075964,0.0867571329189043,-0.03436811927283656,0.17560367781952513,0.2099717970923617,0.13446052174744005,0.10146100831400862,-0.03436811927283656,0.15864685544801782,0.16049559989508322,0.17560367781952513
0.55,0.12,0.08,0.5,0.35,0.1159577691594087,0.08127264707002806,1.4267748540230814,-0.08631394790456437,0.11973394832261304,0.09365171778534596,-0.03620600309787003,0.19062631611078373,0.22683231920865377,0.13431890299300064,0.10103433332096712,-0.03620600309787003,0.16958708933246425,0.17362800594672012,0.19062631611078373
0.45,0.12,0.06,0.4,0.35,0.11443666741771197,0.0800435047512397,1.429680868839512,-0.08774563542271208,0.1202088909365503,0.09278176915078706,-0.036807287805367905,0.1871919212959845,0.2239992091013524,0.1339115173366793,0.10884491015550002,-0.036807287805367905,0.1675022357267646,0.1871919212959845,0.17431267530987027
0.45,0.15,0.1,0.6,0.3,0.11885809066335229,0.08506925061016807,1.3971921676849184,-0.09660333704629731,0.12491602311050438,0.0932103525438586,-0.032545394095913505,0.19307575805727017,0.22562115215318368,0.13390423637070087,0.1129505194824656,-0.032545394095913505,0.1709595636115131,0.18013966849718654,0.19307575805727017
0.55,0.15,0.08,0.5,0.4,0.11298487755299735,0.08031628051982975,1.4067493766111574,-0.08431602138959382,0.11568211485076718,0.09162441006843218,-0.03578477093094623,0.18769018651400748,0.22347495744495371,0.13366841445440028,0.09494959343382892,-0.03578477093094623,0.16714907871986728,0.16440648651707845,0.18769018651400748
0.55,0.18,0.08,0.4,0.4,0.11110668922960176,0.0784890080263796,1.4155700527169306,-0.08477653181739486,0.11462389564289288,0.09011293903782583,-0.03821242542036907,0.1724791787982718,0.21069160421864086,0.13306860639184168,0.10351864063035587,-0.03821242542036907,0.16415172979080128,0.17118235441540453,0.1724791787982718
0.45,0.18,0.08,0.6,0.45,0.10876914166256668,0.07905648405927662,1.3758408681697947,-0.08957776393855255,0.1137013401213238,0.08757904311659942,-0.03449286889731218,0.1787774964513984,0.21327036534871058,0.1329714379238298,0.1034366130748463,-0.03449286889731218,0.16342497887878982,0.15736048109889667,0.1787774964513984
0.45,0.15,0.06,0.4,0.35,0.11389900810226061,0.08076300243586017,1.410286946584436,-0.0869698078268053,0.11836864192778171,0.0918067048736801,-0.03634344190041272,0.1869697134544832,0.22331315535489593,0.13265864403355335,0.1065029139125524,-0.03634344190041272,0.15925047092787126,0.1869697134544832,0.17546355324441443
0.45,0.18,0.14,0.6,0.3,0.11766448360581205,0.08321223234594287,1.4140286865113643,-0.0936130103009215,0.1244145217528561,0.0940840487046616,-0.033994988295188655,0.19348615357571708,0.22748114187090573,0.13265592409999266,0.11043416022699071,-0.033994988295188655,0.1738387092705065,0.17830857398625488,0.19348615357571708
0.55,0.22,0.06,0.3,0.4,0.10490960366884172,0.0760285593326729,1.3798709930803243,-0.08798456466065929,0.1115773542119253,0.08571705957026299,-0.03609277728080018,0.17726402958881438,0.21335680686961456,0.13253025706997218,0.11311884587437415,-0.03609277728080018,0.155711080311848,0.17726402958881438,0.14788559256539013
0.55,0.18,0.14,0.6,0.45,0.10765633697285093,0.07804922128414837,1.3793390273672814,-0.08883480763950402,0.11098827925949381,0.08880396106709383,-0.03298920835407804,0.1878539117652256,0.22084312011930363,0.13221465748005187,0.08581186626955928,-0.03298920835407804,0.15980800852422705,0.1544568180925352,0.1878539117652256
0.45,0.15,0.06,0.6,0.45,0.10845865209762429,0.07876960567836556,1.3769099281832886,-0.08905916805756842,0.11173400353517719,0.08688982471180684,-0.0360127495960364,0.17367843047937015,0.20969118007540655,0.13215330720669377,0.1031046394837909,-0.0360127495960364,0.15903194299421086,0.15886775431455047,0.17367843047937015
0.45,0.15,0.08,0.6,0.4,0.11225261256282182,0.08087603725591862,1.3879588611348168,-0.09166945405892923,0.11681602674284357,0.08966587236348965,-0.035016172546473934,0.1806269290195086,0.21564310156598254,0.13182816114620896,0.10573878404633352,-0.035016172546473934,0.16738045284838443,0.16535014034646522,0.1806269290195086
0.25,0.22,0.06,0.6,0.3,0.1188966768523021,0.08490349978156246,1.4003742738308362,-0.09354074981536753,0.12612747161494217,0.0943420708602798,-0.03324843923403109,0.19328933153661088,0.22653777077064197,0.1314761147238862,0.11334220269855466,-0.03324843923403109,0.18131202116796286,0.19328933153661088,0.17594224190561358
0.55,0.15,0.06,0.5,0.45,0.10919447902553858,0.07708309674409722,1.416581373060889,-0.08612739135596637,0.11294013456564989,0.09025850437515845,-0.03756002183243934,0.18269599570344108,0.22025601753588042,0.13121946562753134,0.0959155327928709,-0.03756002183243934,0.16253081611169828,0.1611183500526785,0.18269599570344108
0.55,0.12,0.1,0.5,0.35,0.11477183359661258,0.08049234784009468,1.4258726037488334,-0.08519985940704533,0.11868496837788681,0.09365200676730073,-0.03726816415979661,0.18927257598663538,0.226540740146432,0.13110207292812537,0.09988404661548067,-0.03726816415979661,0.17072011542401944,0.17081626802309513,0.18927257598663538
0.45,0.15,0.08,0.5,0.3,0.11999347092099599,0.08401215934151136,1.4282869510973972,-0.0874177845076366,0.12456151985639433,0.09609215216608398,-0.036582782675206205,0.19130771346048592,0.22789049613569212,0.13091298877706184,0.10753108619904062,-0.036582782675206205,0.17762338556542767,0.1829281967322236,0.19130771346048592
0.55,0.12,0.1,0.6,0.45,0.10497279293767181,0.0746986140294589,1.4052843456543072,-0.08102334985126769,0.10788823469346928,0.08844698135513757,-0.03787112563055428,0.17424633435828696,0.21211745998884124,0.13069356768662785,0.08631589892546887,-0.03787112563055428,0.15208669958494792,0.16466336622919697,0.17424633435828696
0.45,0.22,0.08,0.5,0.3,0.11677191075247206,0.08396688712114495,1.3906900059781542,-0.08763621638876751,0.12222033588564991,0.09299097714063807,-0.03469864533776912,0.1847397125126733,0.2194383578504424,0.13061046410566882,0.10862987514750921,-0.03469864533776912,0.17166451875855548,0.18076621834728068,0.1847397125126733
0.45,0.18,0.1,0.5,0.45,0.10575821348527459,0.07574408516076724,1.3962570577069113,-0.08054311101865785,0.10897954103198275,0.08816562794606776,-0.037800540710231756,0.17293342441898862,0.21073396512922038,0.1306045998410616,0.09082447446359598,-0.037800540710231756,0.15559681364213884,0.16334353334542207,0.17293342441898862
0.45,0.15,0.06,0.4,0.3,0.11972773733074082,0.08285801681532358,1.4449746920396802,-0.09073328056208019,0.12480564103214246,0.09532749056504398,-0.03902471051804446,0.19296196199444005,0.2319866725124845,0.13051842479454806,0.12352097241625781,-0.03902471051804446,0.1642986508773756,0.19296196199444005,0.18227133039068333
0.45,0.12,0.06,0.4,0.3,0.11835241612005842,0.0822017200029392,1.439780288244901,-0.09026459847694634,0.12453467769012964,0.09513908987811528,-0.038035551607476736,0.19266325234339132,0.23069880395086806,0.1303472993175228,0.1182797282190462,-0.038035551607476736,0.1712652373504655,0.19266325234339132,0.17850072214522195
0.45,0.22,0.14,0.6,0.3,0.11751559077492635,0.0832668179103443,1.4113135787350328,-0.0935687375900699,0.12411989101149896,0.0942175952100824,-0.03457496319478126,0.1936852038013548,0.22826016699613605,0.13026002279882515,0.1104313367544083,-0.03457496319478126,0.17315464137664582,0.17790323631986715,0.1936852038013548
0.35,0.22,0.06,0.5,0.4,0.11069118581457027,0.07924966605349876,1.3967400914957346,-0.09041800453944271,0.11647738357156093,0.09036991754692049,-0.03536010176291138,0.18395264404028278,0.21931274580319415,0.1299754874151124,0.10241517403800149,-0.03536010176291138,0.1626958672031502,0.1686833343392815,0.18395264404028278
0.55,0.18,0.1,0.5,0.4,0.11192209264256481,0.08037811707807704,1.3924448184553369,-0.09054249222666622,0.1174214950365419,0.09058195997443386,-0.0354892940891256,0.18756846116047043,0.22305775524959603,0.1294220015700261,0.10682599144789307,-0.0354892940891256,0.16899058451542093,0.15921173214805062,0.18756846116047043
0.45,0.22,0.08,0.5,0.35,0.11392102487940114,0.08227586104715703,1.3846227001393088,-0.08851128672086694,0.11940935835086239,0.09084944798018561,-0.03588668742965695,0.17795872671593882,0.21384541414559577,0.12928354272980436,0.11209292608648735,-0.03588668742965695,0.17057406747003157,0.17230775891151118,0.17795872671593882
0.35,0.18,0.06,0.5,0.4,0.11017262894786883,0.079715148318611,1.3820789557779316,-0.09152678121522362,0.11706331782899068,0.08981063843222559,-0.034133520724475064,0.17574160528098148,0.20987512600545655,0.1292645463286868,0.10246901028697875,-0.034133520724475064,0.16831739622896413,0.17292209807250414,0.17574160528098148
0.55,0.18,0.1,0.5,0.45,0.10801544861647483,0.0778569117141175,1.3873585047027854,-0.08069342538339153,0.11159249898851235,0.08965509124224064,-0.036543324196187554,0.18225395348694584,0.2187972776831334,0.12905952970467338,0.09130879608407438,-0.036543324196187554,0.1640162065664812,0.15692686300124792,0.18225395348694584
0.35,0.22,0.06,0.6,0.4,0.11065130331137896,0.08140000228914193,1.3593525823050119,-0.09490742032037247,0.11717835079004772,0.08846461478225923,-0.03301614848378698,0.18141433677274477,0.21443048525653174,0.1287398580753698,0.10793664380843238,-0.03301614848378698,0.16586304588909395,0.1636938759637545,0.18141433677274477
0.35,0.18,0.08,0.6,0.3,0.1176363670177365,0.08573127629824137,1.3721522890724724,-0.10005552294852116,0.12551056412735712,0.09223544243410461,-0.03190629329069794,0.1845025683190049,0.21640886160970285,0.12865503733143163,0.11737779250038227,-0.03190629329069794,0.17518534238364603,0.18239341072445026,0.1845025683190049
0.45,0.18,0.1,0.6,0.3,0.11801975932161946,0.08504675981222665,1.3877043591336502,-0.09692558872960078,0.12412949056752436,0.09331687370210283,-0.03349969434830369,0.19324868695508468,0.22674838130338837,0.12813699680163965,0.11228762507238166,-0.03349969434830369,0.1702894903965353,0.17832134476192385,0.19324868695508468
0.35,0.15,0.06,0.6,0.3,0.12076343292169578,0.0867816073605384,1.3915786604410108,-0.10151355668528694,0.12760108809130216,0.09426270761781091,-0.03308990353023189,0.1917694551553768,0.2248593586856087,0.1280860763597476,0.11910418798371447,-0.03308990353023189,0.17729034710816105,0.18293135373949032,0.1917694551553768
0.45,0.18,0.1,0.6,0.4,0.10989620498261443,0.08045475634852171,1.365937950350075,-0.09140704492824003,0.11460270852155185,0.08830424187135757,-0.03506634907507922,0.18015639020367846,0.21522273927875768,0.12761098733830487,0.10493051362343975,-0.03506634907507922,0.16214417144899906,0.16084881640672122,0.18015639020367846
0.25,0.18,0.06,0.6,0.3,0.11812540071115607,0.0849710680227422,1.3901837820790983,-0.09354074981536775,0.12525588870015922,0.09451525367959723,-0.033263202308862594,0.19328933153661088,0.22655253384547347,0.1274538858089611,0.10899905119997322,-0.033263202308862594,0.18131202116745948,0.19328933153661088,0.17594224190561514
0.45,0.18,0.06,0.4,0.35,0.11559195322989568,0.08153980340306718,1.417613832823487,-0.08741515611004547,0.12001205410515729,0.09355702853068941,-0.03838871046917425,0.18522567304757565,0.2236143835167499,0.12695771749630713,0.10874278054218522,-0.03838871046917425,0.1657025364781255,0.18522567304757565,0.17877799092707436
0.55,0.22,0.06,0.4,0.45,0.1084118459351171,0.07791674540486808,1.3913805738649827,-0.08459986538024966,0.11199613654534904,0.08836481785607772,-0.039300030616129855,0.17069395921944253,0.20999398983557238,0.1269449110977685,0.1060458766548995,-0.039300030616129855,0.15952684340502965,0.16301403406350334,0.17069395921944253
0.55,0.18,0.08,0.4,0.45,0.10534789529802935,0.07595286340390006,1.3870167703594425,-0.08181703338908097,0.10819290618312041,0.08769121334169386,-0.03865546149115151,0.1658503556455737,0.20450581713672522,0.12687858724557072,0.09165293234613925,-0.03865546149115151,0.1591755987724075,0.1629411056426331,0.1658503556455737
0.35,0.18,0.06,0.6,0.3,0.12083988053239647,0.08649471229347404,1.3970782412963034,-0.102135673273136,0.12758742685157676,0.09442203472483719,-0.03419007134196661,0.19190393429779795,0.22609400563976456,0.1265633334679388,0.12197050021672595,-0.03419007134196661,0.17695473597063804,0.18129803511468845,0.19190393429779795
0.45,0.12,0.06,0.5,0.3,0.11850811788816307,0.08529786003032774,1.3893445608837944,-0.09596360014110217,0.12427664068971138,0.09562642212511734,-0.03180628403616259,0.1945632535082964,0.226369537544459,0.12607224716851603,0.09629335700616859,-0.03180628403616259,0.17803588348706767,0.18429699348318684,0.1945632535082964
0.55,0.15,0.14,0.6,0.35,0.11387095678262305,0.08202517884070765,1.388243931826832,-0.0930132667916388,0.11803947065868067,0.09276729618738129,-0.0339373312497534,0.19516903003085595,0.22910636128060935,0.1260229466383856,0.0946379203038028,-0.0339373312497534,0.16841336882761127,0.16591436538088677,0.19516903003085595
0.55,0.15,0.06,0.4,0.3,0.11826254921542234,0.08271190005314263,1.4298129911105695,-0.09046464605036342,0.12257466226616698,0.09570016212212905,-0.038038098188319935,0.18563447362506702,0.22367257181338696,0.12595930106794045,0.10577633581870005,-0.038038098188319935,0.1752339624296697,0.18563447362506702,0.18426663764571805
0.45,0.22,0.06,0.4,0.3,0.11797540155979869,0.083113558983163,1.4194483186996953,-0.09101816228258042,0.12263202202715137,0.0950164854730468,-0.03765860508256713,0.19048681650135046,0.2281454215839176,0.1255568138211174,0.10952269671554782,-0.03765860508256713,0.16934542692047727,0.19048681650135046,0.18146377508094846
0.35,0.22,0.06,0.6,0.3,0.11975070981179226,0.08581037792096745,1.3955271228625088,-0.10093676442674182,0.12699613778848218,0.09398647426035237,-0.034890911307521866,0.1893466135442814,0.22423752485180326,0.12537300488030614,0.12435589804369918,-0.034890911307521866,0.17565458017807356,0.18051450848387862,0.1893466135442814
0.55,0.22,0.1,0.5,0.4,0.11123537633578695,0.08061951489086387,1.379757450616868,-0.09090685723611558,0.1165733871092782,0.09020710146467305,-0.03612138960508726,0.18521242219056688,0.22133381179565415,0.12510430203490985,0.10710616864664702,-0.03612138960508726,0.16878337098571183,0.15788636332855255,0.18521242219056688
0.45,0.22,0.06,0.4,0.4,0.11031746418917199,0.07865678996167681,1.4025167343203415,-0.08495805095498232,0.11525540210609823,0.09090834863015029,-0.03892608077600268,0.1762243952499647,0.21515047602596737,0.12495390768714437,0.10441787603421027,-0.03892608077600268,0.16294977798216204,0.1762243952499647,0.17161104204015687
0.45,0.18,0.1,0.5,0.3,0.11832065398664593,0.08348195752326541,1.417320071270147,-0.08624590642231689,0.1229330197797944,0.09633340196543443,-0.03716260337494626,0.1913222781919499,0.22848488156689617,0.12486643674415765,0.10202242847989629,-0.03716260337494626,0.17510290535807482,0.18338009024399726,0.1913222781919499
0.45,0.22,0.1,0.6,0.45,0.10593218981818686,0.077960214722717,1.358798076620985,-0.08788112369231948,0.11192550687722944,0.08754129770252314,-0.035226944227511936,0.18311103124895767,0.2183379754764696,0.12479980352831749,0.10084037248926347,-0.035226944227511936,0.15867501308143872,0.15222806179399928,0.18311103124895767
0.35,0.22,0.06,0.6,0.45,0.10650743324272915,0.07941485931362227,1.3411524513581756,-0.09100607569467911,0.11179365538149058,0.08622086577720839,-0.03474551891648403,0.1739241883633622,0.20866970727984624,0.12444035971888612,0.1032716930060551,-0.03474551891648403,0.16066162813446816,0.15585628632005144,0.1739241883633622
0.55,0.22,0.1,0.5,0.45,0.1072151287274421,0.07861886123923549,1.3637329139274708,-0.09070451721642281,0.11270603030171589,0.08792216219367742,-0.035548388594215496,0.17950900897561706,0.21505739756983255,0.12437586057712358,0.10154233259013878,-0.035548388594215496,0.16474970001481282,0.15327749852222627,0.17950900897561706
0.35,0.18,0.06,0.6,0.35,0.11528596953995751,0.084177825204407,1.3695527208027927,-0.0986504149182943,0.12192979090441472,0.0915999087531862,-0.03364262031211185,0.1855330749539521,0.21917569526606395,0.12432116930571771,0.11181922745099171,-0.03364262031211185,0.17205718105606405,0.17388209137317756,0.1855330749539521
0.55,0.15,0.1,0.5,0.4,0.11150412184760161,0.07949884351637394,1.4025879738066342,-0.08328873427419992,0.11442492215169833,0.09226727460352485,-0.03839860255496119,0.18607001960015035,0.22446862215511154,0.12420854361118361,0.09419071405466961,-0.03839860255496119,0.16770666957238567,0.1625558100862472,0.18607001960015035
0.35,0.22,0.06,0.6,0.35,0.11509507605177816,0.08388064397200425,1.3721291420961426,-0.0984888910729389,0.12170170575032188,0.0913979568302511,-0.03433112205855471,0.18427371998990227,0.21860484204845698,0.12404581664183723,0.1142230504171311,-0.03433112205855471,0.17104732850910165,0.17329555189402912,0.18427371998990227
0.45,0.22,0.06,0.4,0.35,0.11534485386008386,0.08114277436917838,1.421504930744603,-0.08700083655142843,0.1198349592377747,0.09405989089868304,-0.03954567976485557,0.184938353371072,0.22448403313592757,0.12401860681677696,0.1084809727174263,-0.03954567976485557,0.16814942204852157,0.184938353371072,0.17715172781670918
0.35,0.22,0.08,0.6,0.3,0.11694461893006713,0.08515512896121309,1.3733126865832554,-0.09880930134110033,0.1254221483148551,0.09263810625915962,-0.03385788976434678,0.18332329847358797,0.21718118823793475,0.12362696538517184,0.12135623752463509,-0.03385788976434678,0.1743520032212591,0.1819370921191401,0.18332329847358797
0.45,0.18,0.08,0.5,0.3,0.11804698344963671,0.0844874772764218,1.3972127853151142,-0.0876764919977635,0.12229163139607377,0.0947101159008973,-0.03721212783707062,0.18512136171973204,0.22233348955680265,0.1235667270926277,0.10723291287489944,-0.03721212783707062,0.1748314779361626,0.1814845322866454,0.18512136171973204
0.45,0.22,0.08,0.6,0.45,0.10932922900674802,0.07964766353234304,1.3726608434954528,-0.09103441957376313,0.11522276680012555,0.08987157203278835,-0.035359880850087455,0.18960241504168263,0.22496229589177008,0.12350859809653927,0.10304985502370423,-0.035359880850087455,0.16424814798278042,0.15457329680254794,0.18960241504168263
0.55,0.12,0.06,0.5,0.35,0.11568424574958791,0.08266146065788364,1.399494333016662,-0.08746077242636807,0.1189219668613899,0.0935703906149949,-0.03802094086374552,0.18405294386453686,0.22207388472828238,0.12321123836801118,0.10234756671101142,-0.03802094086374552,0.17326081763332946,0.17296944696181726,0.18405294386453686
0.45,0.22,0.08,0.5,0.4,0.10927114128696203,0.08020917154285909,1.3623272648885785,-0.09432488777934778,0.11567719184311835,0.08849248937726593,-0.03542888223355756,0.1726185920269767,0.20804747426053427,0.12320950927791224,0.10798527543565206,-0.03542888223355756,0.16566581812644143,0.16754515586007912,0.1726185920269767
0.45,0.22,0.1,0.6,0.3,0.11712778842166083,0.08481670060601927,1.3809519538578763,-0.0973427001879793,0.12360976747401556,0.09347519023791048,-0.03430014366043188,0.1933489473346588,0.22764909099509067,0.12309412644187723,0.11197932088030038,-0.03430014366043188,0.16927085890874238,0.1777498539068081,0.1933489473346588
0.55,0.12,0.1,0.6,0.3,0.11699320332755692,0.0848039671079374,1.3795722926340164,-0.09512007806063705,0.12233171504739629,0.09421846681521973,-0.03362466738208436,0.19512138566069037,0.22874605304277473,0.12282014291142596,0.10122109469261176,-0.03362466738208436,0.17608427292742834,0.1728564893383353,0.19512138566069037
0.35,0.12,0.06,0.5,0.3,0.11809974545279966,0.0843870648209278,1.39950057160314,-0.09636508218811812,0.1252985755484529,0.09509507021121825,-0.03534159863748254,0.19228456368281122,0.22762616232029376,0.12244388844146567,0.11213306057201278,-0.03534159863748254,0.17788796989980327,0.19228456368281122,0.17952888222511976
0.55,0.15,0.14,0.6,0.3,0.11772492341011298,0.08421234388578241,1.397953292569363,-0.09556276799758523,0.1224214357468695,0.09567576527917768,-0.03431311560208017,0.20031260855002975,0.23462572415210992,0.12232332019399031,0.09775197107400113,-0.03431311560208017,0.17706030570489228,0.1712954090075045,0.20031260855002975
0.55,0.15,0.06,0.4,0.4,0.1097020389328871,0.07836730480857476,1.3998444785214021,-0.08620161055114428,0.11291916634864882,0.09033584503513771,-0.0405284175613948,0.1741098429119674,0.2146382604733622,0.12143839084604016,0.10327704592671272,-0.0405284175613948,0.15807543975752836,0.16966192070843045,0.1741098429119674
0.45,0.18,0.08,0.5,0.4,0.11113813078610058,0.08011261637247766,1.3872737630908483,-0.0905547024893344,0.11696592859855164,0.09090716309703525,-0.03791641603653817,0.1802048605649278,0.21812127660146596,0.12135252510718347,0.10865256504253629,-0.03791641603653817,0.16553800179980604,0.16835063162202624,0.1802048605649278
0.55,0.18,0.06,0.4,0.4,0.11075835209223706,0.07986179250325744,1.3868753582975162,-0.08693078144606659,0.11360197121484569,0.0907088041230573,-0.038903973252716884,0.1752840395288009,0.21418801278151778,0.12122911248742455,0.09844099468307288,-0.038903973252716884,0.16529859210490128,0.16789020301017032,0.1752840395288009
0.45,0.15,0.08,0.6,0.3,0.12079028202213404,0.08629630405818325,1.3997155885227024,-0.09829831950006018,0.12668226128508545,0.09596459753329764,-0.03581049833448602,0.19630779885947347,0.2321182971939595,0.12121328653834143,0.1151330175702372,-0.03581049833448602,0.1793483786002652,0.17843260972993735,0.19630779885947347
0.55,0.18,0.1,0.5,0.35,0.11446542026683715,0.08289001869885947,1.380931287791013,-0.09544551401055257,0.12055594864081823,0.09247859865052563,-0.0357540389446811,0.19012947889717702,0.22588351784185812,0.12092469542174247,0.10961495925900233,-0.0357540389446811,0.17417637961542698,0.16461296437716588,0.19012947889717702
0.55,0.18,0.14,0.6,0.4,0.10956826946234077,0.08028030885800788,1.3648212247929268,-0.0915264435208919,0.11452410681989703,0.09095729483406162,-0.03440064493992978,0.19094283269444823,0.225343477634378,0.12025083341055026,0.09173320764269821,-0.03440064493992978,0.16485002473070054,0.1594951139715679,0.19094283269444823
0.35,0.22,0.08,0.5,0.3,0.11592017142266653,0.08361766148969345,1.3863120464921712,-0.09197632145421941,0.12284053313053925,0.09419333318696346,-0.036017481891507996,0.18746045628707386,0.22347793817858186,0.12007909325922653,0.10869841581382178,-0.036017481891507996,0.1754817173576504,0.18746045628707386,0.17857955808565817
0.55,0.15,0.1,0.5,0.35,0.11512088649945262,0.08206828907671541,1.4027450528649434,-0.08592700185295277,0.118297614353044,0.09470472607364336,-0.03854130955608026,0.19183034506307672,0.23037165461915698,0.11967102875601199,0.09758129608760546,-0.03854130955608026,0.17424096468742345,0.16637677548319463,0.19183034506307672
0.45,0.18,0.08,0.6,0.3,0.11967889377143703,0.08612307239913004,1.389626385096846,-0.09865531529848726,0.12679636185355828,0.09553844101951535,-0.03525142995253572,0.1970587434503348,0.23231017340287052,0.11957542818707484,0.11653962071451329,-0.03525142995253572,0.1789542506568429,0.17668062439863608,0.1970587434503348
0.45,0.18,0.1,0.5,0.4,0.10966199182918612,0.07879711032170397,1.391700677619655,-0.08405692019394284,0.11342820484962604,0.09159951267506959,-0.039100862551549764,0.17958150318903487,0.21868236574058464,0.11949083637465738,0.09459102686804455,-0.039100862551549764,0.16211127304539552,0.169958083697205,0.17958150318903487
0.55,0.22,0.06,0.4,0.3,0.11577078731468848,0.08212209763764562,1.4097397733983106,-0.08954788718409157,0.11940025513610371,0.09383173688757994,-0.040394956892251255,0.183227441485023,0.22362239837727427,0.11930082008791573,0.11127357434488983,-0.040394956892251255,0.16353360222201507,0.17936161452084187,0.183227441485023
0.45,0.18,0.08,0.6,0.4,0.11281942825119962,0.0820094513545274,1.375688123597858,-0.0935585151956736,0.1190957442541912,0.09223140922878274,-0.03619314639844817,0.19183823509181908,0.22803138149026725,0.11844556671982268,0.10716087603781665,-0.03619314639844817,0.1690406134822371,0.16363214305753138,0.19183823509181908
0.45,0.18,0.06,0.4,0.3,0.1170161609996323,0.08316464736727484,1.4070421110891163,-0.09130154088900888,0.1214556881865108,0.09509102503291346,-0.038970862348598256,0.19175299533202583,0.2307238576806241,0.11831435073139648,0.10979687212527534,-0.038970862348598256,0.1630092108752763,0.19175299533202583,0.18169022494857479
0.55,0.18,0.08,0.5,0.45,0.10782988019850093,0.07908350680423777,1.363493913660424,-0.08835862550460083,0.11212964443532394,0.08999894292012116,-0.03659530399613098,0.18407094540213165,0.22066624939826263,0.11790258514838128,0.09205542454253646,-0.03659530399613098,0.16289099074927327,0.1582261654788093,0.18407094540213165
0.55,0.18,0.14,0.6,0.3,0.11721188329140131,0.08423721404120937,1.3914501402439605,-0.09621609770108941,0.12192871295321303,0.09584444236436335,-0.03504070811998927,0.2000592000766337,0.23509990819662296,0.1177940028270584,0.09717677917664802,-0.03504070811998927,0.17709046487292723,0.1703578287598455,0.2000592000766337
0.55,0.22,0.06,0.5,0.45,0.10979169247957854,0.08125752156351808,1.3511572881749245,-0.0895101142533834,0.11329271302359442,0.08915126591089811,-0.03743931427164848,0.17866947235174235,0.21610878662339084,0.11745186961654236,0.10234829503894383,-0.03743931427164848,0.16596655307357477,0.15691855892535966,0.17866947235174235
0.55,0.15,0.08,0.5,0.3,0.11727341250530365,0.08443342676430923,1.388945314663886,-0.08861802343102154,0.12059557992698693,0.09481415284238459,-0.038459724154663144,0.18835297368151394,0.22681269783617708,0.11729350512034503,0.10420907820309266,-0.038459724154663144,0.17326381537572688,0.1756117565292643,0.18835297368151394
0.35,0.15,0.06,0.5,0.35,0.11450314521127902,0.08189608033818144,1.3981517154233765,-0.09417426196189649,0.1212727350863664,0.09412212984663484,-0.0376753726254524,0.18258284555476623,0.22025821818021862,0.11713743733762133,0.10766377782530889,-0.0376753726254524,0.17246199562885822,0.18258284555476623,0.18133042904835106
0.45,0.22,0.08,0.6,0.3,0.11873852502686733,0.08593454050593223,1.381732238606321,-0.09842467576337621,0.12576493967248387,0.09507054704328564,-0.03572838108824605,0.19423742763150886,0.22996580871975492,0.11703854849578393,0.11596991368498122,-0.03572838108824605,0.178508619686504,0.17583711844767125,0.19423742763150886
0.45,0.15,0.06,0.5,0.4,0.1115378679018646,0.08083901256875659,1.3797529726998767,-0.09087400278259528,0.11639815720695737,0.09102943730584181,-0.039246797421390145,0.17953187299050954,0.2187786704118997,0.1167647765056033,0.1101147206794666,-0.039246797421390145,0.16309916966964,0.16849182011656083,0.17953187299050954
0.45,0.22,0.1,0.6,0.4,0.10937333917649084,0.08046745674291357,1.3592245064477309,-0.09130928981015984,0.11592723386327311,0.09041858513799046,-0.03622581736743358,0.18834638265481352,0.2245722000222471,0.11669209856980323,0.10435449150022968,-0.03622581736743358,0.16310009313444196,0.16006101939431394,0.18834638265481352
0.45,0.15,0.08,0.6,0.35,0.11596968494723048,0.08393710905488991,1.381625913174984,-0.09565921180384473,0.12129038063978911,0.09355578800757378,-0.037223557451226186,0.18809633559974448,0.22531989305097067,0.11662601540332651,0.11010251903031154,-0.037223557451226186,0.1737610473112643,0.17171555870885147,0.18809633559974448
0.45,0.22,0.1,0.5,0.3,0.11569040689838772,0.08332736725487166,1.3883842812953384,-0.08621102563719385,0.11992691924778102,0.09485882302841239,-0.03847885724598199,0.1858249347421237,0.22430379198810568,0.11628486220610182,0.10184121061536722,-0.03847885724598199,0.16763102167045885,0.18281628645693737,0.1858249347421237
0.45,0.22,0.08,0.6,0.4,0.11236087198716715,0.08196088629968083,1.3709084547516015,-0.0939846708800528,0.11877484698384375,0.0921965579372519,-0.03636204844302138,0.19176105278109534,0.22812310122411672,0.11625405393467611,0.10669439157273031,-0.03636204844302138,0.16910654075193476,0.16267429825647972,0.19176105278109534
0.55,0.18,0.14,0.5,0.3,0.11519972750456842,0.08271261382072008,1.3927709714779934,-0.09526604630386337,0.12132137119405069,0.09567718255349415,-0.035431250206629517,0.20085459395489935,0.23628584416152887,0.1159053446493073,0.09718517355463807,-0.035431250206629517,0.17147920696124608,0.17251913170609945,0.20085459395489935
0.55,0.12,0.08,0.6,0.4,0.10995725927979083,0.07910786716946135,1.389966171686127,-0.08840093583753872,0.11425314768275951,0.0924466417801868,-0.038591747463264436,0.18340078357394418,0.22199253103720862,0.11571636587142209,0.0924375283691139,-0.038591747463264436,0.16672343468588413,0.1672957392481198,0.18340078357394418
0.45,0.22,0.06,0.5,0.35,0.11644134474570755,0.08331396533620508,1.3976209663748482,-0.08605707564711729,0.12077925360591595,0.09407513062321632,-0.04169227115751484,0.18281101960239066,0.2245032907599055,0.11549638328032386,0.11970028440121139,-0.04169227115751484,0.17070368751424314,0.1723735476692494,0.18281101960239066
0.45,0.15,0.06,0.5,0.3,0.11969558146616333,0.08595672796878899,1.3925097464112985,-0.09651416759290088,0.12504088965237645,0.09580257743934233,-0.03816927066398901,0.1872254293183706,0.22539469998235961,0.11475877691976522,0.11549017367548031,-0.03816927066398901,0.1790479089710273,0.18161020696099306,0.1872254293183706
0.45,0.22,0.1,0.6,0.35,0.11479908981094433,0.08314105819709046,1.3807749420124864,-0.09473136090384549,0.12092644277744516,0.09395756489001629,-0.037022858350520105,0.19570632807532307,0.23272918642584317,0.11466855145324295,0.10815900429361847,-0.037022858350520105,0.17078372342358317,0.16700601644522117,0.19570632807532307
0.55,0.18,0.06,0.4,0.45,0.10544128145082565,0.07729479566381067,1.3641446431844717,-0.08438211611322166,0.10760780855022978,0.08816291550876292,-0.040809817404476756,0.1707917111854118,0.21160152858988857,0.11426625914525562,0.09442980101862286,-0.040809817404476756,0.1515836084543667,0.16204373949722428,0.1707917111854118
0.55,0.22,0.14,0.5,0.3,0.11241871775478929,0.08302878459552485,1.3539728216237015,-0.09516611678704023,0.11800853360023096,0.09244537156455623,-0.03491655503946012,0.18812017922954216,0.22303673426900228,0.11364338354556347,0.09669955905723926,-0.03491655503946012,0.16806350312463714,0.17207598162919635,0.18812017922954216
0.55,0.18,0.14,0.6,0.35,0.1129819030973711,0.08249668071321524,1.369532714778334,-0.0939780215774424,0.11847598568770694,0.09397469280363048,-0.03533241157860356,0.19621573935306635,0.23154815093166992,0.11338355005460907,0.09446134742607559,-0.03533241157860356,0.172958610492834,0.16407664274516232,0.19621573935306635
0.35,0.22,0.06,0.5,0.35,0.11279200474684314,0.08274357287446119,1.363151249438691,-0.09524676181688263,0.1193777709661622,0.09224875232667917,-0.03676335469294101,0.18057198979159517,0.21733534448453617,0.11324187078152367,0.10723077615602983,-0.03676335469294101,0.16889704776913317,0.17695239580699385,0.18057198979159517
0.45,0.22,0.06,0.5,0.4,0.11186995100307895,0.08142892489455113,1.3738355399871527,-0.0873191969462096,0.11650294808714531,0.09109937006215453,-0.04132614639335086,0.17775478486738883,0.2190809312607397,0.11309282475421278,0.11791097799726447,-0.04132614639335086,0.16267391031267442,0.16550121365174975,0.17775478486738883
0.55,0.15,0.08,0.5,0.35,0.11338443808379761,0.08309611459005313,1.3644974695046703,-0.09591660321685624,0.11794802008078273,0.09248634094751672,-0.036866086278379506,0.18451260616306286,0.22137869244144237,0.11303619606898743,0.10105632270031806,-0.036866086278379506,0.1719282625004943,0.16910899531841794,0.18451260616306286
0.45,0.22,0.06,0.5,0.45,0.10761916560585427,0.07951535790901694,1.3534387373190757,-0.08983897819927589,0.1121484658109905,0.08787902512876387,-0.04064842110878608,0.16930772390086624,0.20995614500965232,0.11264927635329233,0.11541572444081716,-0.04064842110878608,0.15828281704396674,0.15838448477808842,0.16930772390086624
0.45,0.18,0.06,0.5,0.45,0.10752187238161781,0.07859261626121283,1.3680912723945315,-0.08892812555860086,0.11277461235876322,0.08963030603861703,-0.040148551346076866,0.17881468452311244,0.2189632358691893,0.11239698136926901,0.10642225190776489,-0.040148551346076866,0.15875803716155623,0.16002663954745944,0.17881468452311244
0.35,0.15,0.06,0.5,0.3,0.11903470426417262,0.08487879371127391,1.402408058119728,-0.09721393269453349,0.126473475104045,0.09732923116833492,-0.03787185640029456,0.1897879890806562,0.22765984548095075,0.11210528699407854,0.11230855258583428,-0.03787185640029456,0.1797051683327091,0.1897879890806562,0.1884375219213199
0.55,0.22,0.14,0.6,0.3,0.11646151393671023,0.08420577193286179,1.3830585631299277,-0.09610422167790444,0.12119160019731152,0.096051473700771,-0.03613021379920023,0.19996093315191787,0.2360911469511181,0.11205149796686853,0.09663635698315054,-0.03613021379920023,0.17663262434626859,0.16885830030442084,0.19996093315191787
0.55,0.22,0.14,0.5,0.35,0.11075196191701475,0.08116157776730921,1.3645861128345897,-0.09092583158299228,0.1171834436425053,0.09279009366289542,-0.03665835629686365,0.19053255473994257,0.22719091103680622,0.11189897313515543,0.09760076774179471,-0.03665835629686365,0.1663284024037719,0.16811384962388098,0.19053255473994257
0.55,0.18,0.06,0.4,0.3,0.11568155476763775,0.08252614157124728,1.4017564927322623,-0.09003203944003146,0.11947335982326997,0.09531757085745257,-0.04080018088952375,0.18471187118301913,0.22551205207254288,0.11168789483280994,0.10506935379782645,-0.04080018088952375,0.16413903700894727,0.18471187118301913,0.18424671801608072
0.55,0.22,0.14,0.6,0.4,0.10956650806056789,0.08041056718370017,1.3625884246066835,-0.09152405238880978,0.11471380088147734,0.09237006368374318,-0.036375691958520306,0.19155443205870837,0.22793012401722867,0.11150331466167732,0.09106425937963802,-0.036375691958520306,0.16840893382943722,0.15891707109812336,0.19155443205870837
0.55,0.18,0.08,0.5,0.35,0.11330326444469829,0.08341505202854388,1.3583071842468784,-0.09238158795236817,0.11774475413344174,0.09271153422714049,-0.037446637098937585,0.1845855478774021,0.2220321849763397,0.11132204253987685,0.10093888538399409,-0.037446637098937585,0.173345922398507,0.1673000521062431,0.1845855478774021
0.55,0.12,0.06,0.5,0.3,0.11792301440345909,0.0850914348799336,1.3858388281952438,-0.09527190316517598,0.12327710242385936,0.09525521703407665,-0.039142931938781156,0.1882020281607244,0.22734496009950556,0.11127985777058161,0.11510759272931503,-0.039142931938781156,0.17113621977700388,0.18108260339103466,0.1882020281607244
0.35,0.22,0.06,0.5,0.3,0.11643476816969756,0.08500529925126402,1.3697354070307115,-0.09729255171589202,0.12348806273650514,0.09453472237737959,-0.036922516179414,0.1857947386665515,0.2227172548459655,0.11106009821240218,0.11205958236336055,-0.036922516179414,0.17678837916755974,0.1857947386665515,0.17972012966446793
0.55,0.15,0.06,0.5,0.35,0.11478990746143669,0.08376141917166224,1.3704389036936453,-0.08824669969368182,0.11887297249448461,0.09426480170741453,-0.03908045327403109,0.18704584805253277,0.22612630132656386,0.11027895335998869,0.10225168562363951,-0.03908045327403109,0.17426968764543616,0.1698780944248457,0.18704584805253277
0.45,0.18,0.06,0.6,0.45,0.10925938394744494,0.08086630954875274,1.3511112916754853,-0.09190927131721227,0.11365805296052182,0.08989953569842814,-0.039045355312286256,0.17935767726285956,0.21840303257514582,0.11014513027734218,0.10522543821924324,-0.039045355312286256,0.1671974400243641,0.1555550646084285,0.17935767726285956
0.45,0.18,0.1,0.5,0.35,0.11343256324544848,0.08141782288753611,1.3932153823633298,-0.0872051387001408,0.11787088275312965,0.09505692062025368,-0.0403854645139855,0.18597837483309365,0.22636383934707915,0.10987866124656814,0.0981370721399204,-0.0403854645139855,0.1687472863517181,0.1768771449549016,0.18597837483309365
0.55,0.22,0.14,0.6,0.45,0.10633206037297738,0.07845551983505968,1.3553164977623464,-0.08909886097862685,0.11100874639910581,0.09071969664013975,-0.03752790246710824,0.186526612446823,0.22405451491393125,0.1096632715442103,0.08829295669031567,-0.03752790246710824,0.1641489822417257,0.1536030830837729,0.186526612446823
0.45,0.22,0.1,0.5,0.4,0.10938391949583437,0.0789821538044938,1.3849194308703545,-0.08393470572887618,0.11325039503462184,0.0928915039288636,-0.0411988452455041,0.18261406823192372,0.22381291347742782,0.10945100597055277,0.09396181309618812,-0.0411988452455041,0.1615382298127761,0.16933670927772537,0.18261406823192372
0.45,0.18,0.1,0.6,0.35,0.11415946842788571,0.08322715498576545,1.3716613099103374,-0.09432242609205943,0.12000214959372224,0.09405266444466429,-0.03839582012977916,0.19566285046822118,0.23405867059800034,0.10879584295146635,0.10853603804089373,-0.03839582012977916,0.16658128189982402,0.16762639768945142,0.19566285046822118
0.55,0.22,0.14,0.6,0.35,0.11235433542246187,0.0824464708497454,1.362754939835109,-0.09394140504222037,0.11787789683669578,0.09421196606265661,-0.036213009823540365,0.19601635648383597,0.23222936630737634,0.10848131710957074,0.09359694718083689,-0.036213009823540365,0.17252341323303555,0.16346577710931087,0.19601635648383597
0.45,0.15,0.06,0.5,0.35,0.1161241019759669,0.08366390135612549,1.3879833487763218,-0.09497166741899687,0.12121785304710941,0.0947149704341231,-0.040691928261492705,0.18584292532917845,0.22653485359067116,0.10833015803038759,0.11428220077776752,-0.040691928261492705,0.1707318711652115,0.1759241962248823,0.18584292532917845
0.45,0.22,0.06,0.5,0.3,0.11842603483956027,0.08514784272730978,1.3908283644815942,-0.08814268138728654,0.12311901400257322,0.09593178265973848,-0.04267708235244516,0.18637540139896913,0.2290524837514143,0.1075974795501218,0.12263828660244558,-0.04267708235244516,0.17188375121416866,0.17737471314972786,0.18637540139896913
0.45,0.12,0.06,0.6,0.35,0.11574720100890179,0.08421409730298633,1.374439728213975,-0.09628637536890616,0.12053141228428943,0.09418259837519029,-0.03962861218970015,0.1882194545982332,0.22784806678793335,0.10755836607475167,0.11147917640378102,-0.03962861218970015,0.1687424003551563,0.17384464225397678,0.1882194545982332
0.55,0.12,0.1,0.6,0.4,0.10858019758529402,0.07838078940174519,1.385290942003149,-0.08720685881955326,0.11324731381437088,0.09305476198963364,-0.04067784765542959,0.18249822013360983,0.22317606778903942,0.10749556191360335,0.09141950324824477,-0.04067784765542959,0.16610259348081668,0.16689409986461268,0.18249822013360983
0.55,0.12,0.08,0.6,0.3,0.11658999496647571,0.08551017468143825,1.363463417082505,-0.09687313120961594,0.12178540123608743,0.09551611963608629,-0.036731651256887266,0.1965836019145566,0.23331525317144386,0.10732562120355577,0.10187303822581306,-0.036731651256887266,0.17512959326516886,0.1720724240317859,0.1965836019145566
0.35,0.18,0.06,0.5,0.35,0.11401868102178359,0.08253643403981699,1.3814345427957189,-0.09546495321304627,0.12096618015775973,0.09473011017396007,-0.03902475959809304,0.18468013621680734,0.22370489581490038,0.10720872660048056,0.10727745683571976,-0.03902475959809304,0.17436843451453599,0.1775296328198286,0.18468013621680734
0.55,0.22,0.06,0.4,0.4,0.110594289592437,0.07924141639195564,1.3956627055402333,-0.08643211221212133,0.1134512643190783,0.09260557340867477,-0.04525685558911341,0.17487325597872405,0.22013011156783746,0.10508233638567091,0.10848631644743834,-0.04525685558911341,0.15787051689721032,0.17128308786113222,0.17487325597872405
0.55,0.22,0.06,0.4,0.35,0.1136084250147753,0.0808489672965599,1.4051932735028183,-0.08805394211657236,0.11702516656985602,0.09445006849849782,-0.04538776534205069,0.1787262189109451,0.22411398425299578,0.10447572115555387,0.11386649938500937,-0.04538776534205069,0.1621135784323906,0.17580730146298573,0.1787262189109451
0.45,0.18,0.08,0.6,0.35,0.11605582678355764,0.08455732569173406,1.3725106114005534,-0.0969281136022957,0.12292705208339891,0.09582799767295697,-0.038611892261082637,0.19776172790950675,0.23637362017058938,0.1042228106482235,0.11080776216512178,-0.038611892261082637,0.17421450010784456,0.17046316249560411,0.19776172790950675
0.55,0.22,0.08,0.5,0.4,0.1096350256393741,0.08173797363223588,1.341298551547847,-0.091063051935096,0.1137532964205947,0.09164775960909474,-0.038598191397514525,0.18265157875913318,0.2212497701566477,0.10421548106434944,0.09465719678916562,-0.038598191397514525,0.16789650308620763,0.16215939486598163,0.18265157875913318
0.45,0.18,0.06,0.5,0.35,0.11554503502563818,0.08413804936993972,1.3732792225501644,-0.095103588286225,0.12129687457168903,0.0942572856120605,-0.04124730057146431,0.18344220657474342,0.22468950714620772,0.1041555955460843,0.11925386311596209,-0.04124730057146431,0.1711481817120719,0.17388742202713203,0.18344220657474342
0.55,0.15,0.1,0.5,0.3,0.11596658907502744,0.08439736920602546,1.3740545489271971,-0.09666346860526309,0.12114917028928444,0.096179600763856,-0.03835875072351036,0.1967643288159242,0.23512307953943457,0.10408550608061196,0.10088704791662306,-0.03835875072351036,0.17509205161138053,0.1713611738260048,0.1967643288159242
0.45,0.12,0.06,0.6,0.3,0.1198951568318618,0.08643862475919331,1.387055348993277,-0.09915500848993164,0.12623290434423443,0.09750062213942283,-0.0403254433814797,0.19666208676352182,0.2369875301450015,0.10290776802035975,0.119643543905257,-0.0403254433814797,0.17608138922538807,0.1791029452084849,0.19666208676352182
0.55,0.18,0.08,0.5,0.4,0.10972113632709868,0.08198706554496754,1.3382737337625505,-0.09411262002923282,0.11478727005387694,0.09190168604585411,-0.037790252804996594,0.18474839240288565,0.22253864520788225,0.10289192327098415,0.09535808743696528,-0.037790252804996594,0.1693510230119053,0.16226910022262508,0.18474839240288565
0.55,0.12,0.06,0.6,0.4,0.11102732302145513,0.08052452285033351,1.3788013774116425,-0.08978757514484625,0.11460008708502004,0.09396318886200655,-0.041778626910419,0.18441356220330118,0.2261921891137202,0.10259252399937599,0.09523914891028662,-0.041778626910419,0.16880344293902572,0.16632290828290563,0.18441356220330118
0.45,0.18,0.06,0.5,0.3,0.11884750562442647,0.08586149724970549,1.3841769527823384,-0.09667231042729285,0.12377632055494744,0.09607879718814007,-0.04226634970170573,0.186805524099112,0.22907187380081773,0.10255599876341828,0.12322921345390503,-0.04226634970170573,0.17247466970814718,0.17863854521527878,0.186805524099112
0.55,0.15,0.08,0.6,0.45,0.10746386235459937,0.0786129300964527,1.3669998335229145,-0.08720517903287128,0.11056237841517036,0.0919805037464588,-0.0418565735408829,0.18118247326951886,0.22303904681040176,0.10244934536867006,0.09038807457638098,-0.0418565735408829,0.16443446176296517,0.15866345600786969,0.18118247326951886
0.45,0.22,0.1,0.5,0.35,0.11156005677111724,0.0813796507878434,1.3708593695241347,-0.08706441470401916,0.11573736415085703,0.09415192461941639,-0.04170165114920088,0.18030608574201978,0.22200773689122066,0.10219562699771387,0.09789411849657714,-0.04170165114920088,0.16584765992359474,0.17634060774129434,0.18030608574201978
0.55,0.18,0.06,0.5,0.3,0.11693615650430811,0.08517192081661419,1.3729425775906392,-0.08845548522263647,0.11924133688595466,0.09564722514136881,-0.04260419522651837,0.188338204615206,0.23094239984172438,0.10218122371436814,0.10730790677930058,-0.04260419522651837,0.17293073621909838,0.17023403204268672,0.188338204615206
0.55,0.18,0.06,0.5,0.45,0.10856655604165821,0.08065805684632611,1.3460100613197863,-0.08937366395005508,0.11239392756575761,0.09074073158904197,-0.04137328111198346,0.17892923894930424,0.2203025200612877,0.10212679361381602,0.10234404457556434,-0.04137328111198346,0.16499378323206515,0.1570758521838378,0.17892923894930424
0.55,0.22,0.06,0.5,0.3,0.11605738918765929,0.08456201458070826,1.3724529833296604,-0.0881114900919987,0.11807485580548797,0.09505914376390649,-0.043090710255744846,0.18709448346850777,0.2301851937242526,0.10196751600839773,0.10744544524441468,-0.043090710255744846,0.1719669284365124,0.16695813213374988,0.18709448346850777
0.45,0.22,0.08,0.6,0.35,0.11553608274818439,0.08440845070235217,1.368773882079615,-0.09667871806994532,0.122407873238408,0.09590670035144849,-0.03925890354904915,0.19748766303116194,0.2367465665802111,0.10125950263030856,0.11035167521212585,-0.03925890354904915,0.1738113219698485,0.16964760952795288,0.19748766303116194
0.55,0.12,0.1,0.6,0.35,0.11240538898963925,0.08200281145054274,1.3707504291780632,-0.09150260334503935,0.11730019289992484,0.09502858967366565,-0.04030522529456859,0.19021284683716444,0.23051807213173303,0.10112655279942914,0.09686650164676092,-0.04030522529456859,0.1732314253099172,0.16649541600035023,0.19021284683716444
0.45,0.18,0.06,0.6,0.4,0.11358841295330202,0.08360727636942465,1.3585948243476274,-0.09543435784360654,0.11900154726993777,0.09376126672134587,-0.04053175099668227,0.18907836807615075,0.22961011907283302,0.10089032055166386,0.11159426703383968,-0.04053175099668227,0.17276750994736267,0.162099342289018,0.18907836807615075
0.35,0.18,0.06,0.5,0.3,0.11701536405615176,0.08522228636326819,1.3730606047972302,-0.0975270669877617,0.12429112241401541,0.09673586802348055,-0.03968781976345592,0.18873558243303168,0.2284234021964876,0.10033681097545533,0.11211549456349457,-0.03968781976345592,0.17933670488135922,0.18873558243303168,0.1809556499556475
0.45,0.15,0.06,0.6,0.4,0.11250438105999194,0.08285657803000566,1.3578207516517231,-0.09418765916326877,0.11656927385567761,0.0931401213552333,-0.041796996974898804,0.18461153181515488,0.2264085287900537,0.09935225758778926,0.10784082747478907,-0.041796996974898804,0.16819593214094786,0.16399507482239506,0.18461153181515488
0.55,0.18,0.06,0.5,0.4,0.1117818593563411,0.08233250005923906,1.3576881459437395,-0.08622361670749867,0.11510954334961265,0.09373178793055366,-0.042524872978169204,0.18337415483445385,0.22589902781262305,0.09920334961179547,0.10050036165854581,-0.042524872978169204,0.16980854510101984,0.16438952813221297,0.18337415483445385
0.45,0.18,0.06,0.5,0.4,0.11002429258486868,0.08160536095222024,1.3482483417883253,-0.09215025412751165,0.11554082604923306,0.09182313756714311,-0.0417344278164814,0.17886717105847438,0.22060159887495578,0.09907784115077578,0.1100421072808011,-0.0417344278164814,0.16367220591668774,0.16685707380668346,0.17886717105847438
0.55,0.15,0.1,0.6,0.45,0.1045244329277859,0.07800104288730847,1.3400389156180506,-0.08607878073866337,0.10761982579661382,0.09036627408183624,-0.041457495828449153,0.18004898133631397,0.22150647716476313,0.09838584414611698,0.08676082155788611,-0.041457495828449153,0.15800150501318755,0.15474531690413063,0.18004898133631397
0.55,0.18,0.06,0.5,0.35,0.11330420219168147,0.0834781808072446,1.3572912238385582,-0.08786246207281023,0.11749104907029113,0.09496847929134065,-0.042129025795356156,0.18682322866466583,0.228952254460022,0.09719312808851793,0.1024814904601421,-0.042129025795356156,0.17341583016128492,0.16686372186071896,0.18682322866466583
0.55,0.22,0.1,0.5,0.35,0.11228307023200657,0.08260803365054807,1.3592270057775624,-0.09524252959936341,0.11817888076696934,0.09412862768515437,-0.04140993950953509,0.18951186747493742,0.2309218069844725,0.09671940884858352,0.10874239486420945,-0.04140993950953509,0.17040629334750879,0.16364378765772614,0.18951186747493742
0.55,0.22,0.08,0.5,0.3,0.11524026133842247,0.08440386399649479,1.3653434319453466,-0.08860895830832627,0.1176341921208702,0.09588308925622026,-0.043163229220458454,0.18649570480967537,0.22965893403013382,0.09634396622870278,0.1009645050267578,-0.043163229220458454,0.17267265292565903,0.1712013270627173,0.18649570480967537
0.55,0.15,0.06,0.5,0.4,0.10978636552469379,0.0818592738544334,1.3411597776926516,-0.09420901490033273,0.11504332887076703,0.0927540426331184,-0.040452986017203596,0.18188432135677268,0.22233730737397628,0.09576097566886665,0.09887629117909014,-0.040452986017203596,0.16981996694591506,0.16508905088926085,0.18188432135677268
0.55,0.15,0.06,0.5,0.3,0.11684834537289279,0.08544470924964005,1.3675316634468508,-0.08853238953242981,0.11947939437464832,0.09663965987911606,-0.043638748945664774,0.18868208809696707,0.23232083704263184,0.0956382580142914,0.10591208400891006,-0.043638748945664774,0.17329216147972493,0.1731493872333043,0.18868208809696707
0.55,0.18,0.1,0.5,0.3,0.11311226075445524,0.08443051413211984,1.3397083023497072,-0.09667667911599342,0.11767516209690407,0.09425359864228791,-0.04011249197437483,0.1868974427047394,0.22700993467911423,0.09433766905916294,0.10080141086358996,-0.04011249197437483,0.1715921235277802,0.16919732536278564,0.1868974427047394
0.55,0.18,0.06,0.4,0.35,0.1119566067554354,0.08155540702543969,1.3727674330717596,-0.08857705489802825,0.1152561851514815,0.09499037902606075,-0.04482451446668989,0.17974730892254187,0.22457182338923176,0.09363109291388624,0.10127923699744645,-0.04482451446668989,0.1626237096966885,0.1774551846074206,0.17974730892254187
0.55,0.22,0.1,0.5,0.3,0.11330577120522256,0.0840753425085306,1.347669457233863,-0.09646935282353908,0.1179119990912495,0.09485035291373024,-0.0407620501145568,0.18632363599164825,0.22708568610620505,0.09357445437265893,0.10030505988483363,-0.0407620501145568,0.17119512643415824,0.17249822326016417,0.18632363599164825
0.55,0.18,0.08,0.5,0.3,0.11526081886714978,0.08492820574943846,1.35715593953793,-0.09365514749011372,0.11887279888648301,0.09592837221574853,-0.04248203545665086,0.18742527892884597,0.22990731438549683,0.09302520621945806,0.10359542427342205,-0.04248203545665086,0.1732069607121789,0.172618365974619,0.18742527892884597
0.55,0.22,0.08,0.5,0.35,0.11227840972018943,0.08319743159544293,1.3495417775173169,-0.08708266981079149,0.11556516445898606,0.09497458002749427,-0.0431489270285107,0.1835233948020869,0.2266723218305976,0.09235660699865655,0.09745019773924879,-0.0431489270285107,0.17296865001756068,0.16703250676454462,0.1835233948020869
0.45,0.22,0.06,0.6,0.3,0.11803365472879213,0.08741058600088528,1.3503359275911582,-0.09933612995571917,0.12400778589352504,0.09668072456880367,-0.04122976600780137,0.1916470371861787,0.23287680319398008,0.09205459687246675,0.1174026941679851,-0.04122976600780137,0.18042992272909886,0.1717890413921639,0.1916470371861787
0.45,0.15,0.06,0.6,0.35,0.11709808443264857,0.08556818285338479,1.3684769329890774,-0.0980079029942843,0.12217781798303332,0.09687067589891356,-0.043289841182787,0.19304413081947058,0.2363339720022576,0.09144127300699081,0.11589562001234532,-0.043289841182787,0.17434007044194,0.17089910982419765,0.19304413081947058
0.45,0.22,0.06,0.6,0.45,0.1105616988087621,0.08176145034492147,1.3522472796451503,-0.09308537041501519,0.11551624416333484,0.09325704651944446,-0.04416439243735315,0.18711586662785562,0.23128025906520877,0.09109324884125483,0.11357335739074026,-0.04416439243735315,0.16784834090826295,0.1532080483271685,0.18711586662785562
0.45,0.18,0.06,0.6,0.3,0.11988397430079378,0.0874814438373962,1.3703931833089646,-0.09984767303157482,0.1256957555897805,0.09812567789676577,-0.04320944859457576,0.19396543524304843,0.2371748838376242,0.09073929759295743,0.12347819755334544,-0.04320944859457576,0.18103264403297326,0.17321194971411114,0.19396543524304843
0.55,0.22,0.1,0.6,0.45,0.10689297192341063,0.08082029714799498,1.3226005804912149,-0.09193248524775022,0.11168734182548512,0.09305228478374378,-0.03977289777663362,0.19329849669583332,0.23307139447246694,0.08925281890252279,0.08852516157697621,-0.03977289777663362,0.16747445409571227,0.14891149453553743,0.19329849669583332
0.45,0.22,0.06,0.6,0.4,0.11419265932670508,0.08401905649181214,1.3591280846843767,-0.09540139904359624,0.11970955371554015,0.0956241458846438,-0.04472677899366584,0.19092044082949555,0.2356472198231614,0.0877865172000791,0.11918500283981226,-0.04472677899366584,0.1725345550386712,0.16063454886338757,0.19092044082949555
0.55,0.15,0.1,0.6,0.4,0.10882035066930174,0.08117800051471037,1.340515287138444,-0.09015665644318982,0.11294959785837713,0.09406624548944888,-0.042954606474354895,0.18635858610693745,0.22931319258129235,0.08752696494912174,0.09299646642130455,-0.042954606474354895,0.16931547700552274,0.1590320662324758,0.18635858610693745
0.55,0.15,0.06,0.6,0.45,0.10712340844279389,0.07966773212670816,1.3446273112484064,-0.08826067192154796,0.11085194907041382,0.09352168515543564,-0.044184140349592504,0.18366837077205367,0.22785251112164617,0.08664124581718832,0.09095901461693146,-0.044184140349592504,0.16624307903685942,0.15757342127581708,0.18366837077205367
0.45,0.15,0.06,0.6,0.3,0.1194321746786049,0.087366672107034,1.3670221355379892,-0.09981469525480624,0.12618403258891542,0.09914110542673228,-0.04323451228093722,0.19754684755546958,0.2407813598364068,0.08627445502934877,0.11963511917725667,-0.04323451228093722,0.18030108105375864,0.17667162743902942,0.19754684755546958
0.55,0.18,0.1,0.6,0.45,0.10636781685632046,0.07984206016171609,1.3322278588613292,-0.0885458667788338,0.11114335834722162,0.0936399273841867,-0.04221850909079761,0.1909176125972516,0.2331361216880492,0.08606861121934467,0.0889651306493433,-0.04221850909079761,0.16652721382288416,0.15152534375742666,0.1909176125972516
0.55,0.15,0.1,0.6,0.35,0.11394812517378838,0.08373209399025211,1.3608655862237717,-0.09342041293697967,0.11859432757614521,0.09821975057169291,-0.04253162045502534,0.20048607405244812,0.24301769450747346,0.08552144767086975,0.09513097697150252,-0.04253162045502534,0.17689745151194258,0.16298875579985816,0.20048607405244812
0.45,0.22,0.06,0.6,0.35,0.11625077637043368,0.0857927523607425,1.3550186137125066,-0.09704792528901696,0.12175156098590337,0.09723021553996741,-0.0444886157677411,0.19275988210899397,0.23724849787673508,0.08406374427275415,0.11645995014624888,-0.0444886157677411,0.17732349285755977,0.16670309558445529,0.19275988210899397
0.45,0.18,0.06,0.6,0.35,0.11656941883803551,0.08606278892232927,1.3544694553558814,-0.09798123404327985,0.12232601530050838,0.0976149550351977,-0.04409948150017262,0.19419480438836967,0.2382942858885423,0.08346622131703468,0.11530286633090792,-0.04409948150017262,0.17778449226661186,0.16844739501682504,0.19419480438836967
0.55,0.15,0.08,0.6,0.4,0.11064960528633794,0.08228429725831408,1.3447232214790263,-0.09203616729123953,0.11432076849577832,0.0956360117268209,-0.04395108137142634,0.19083072567988224,0.23478180705130858,0.08313205014442696,0.09443326404029184,-0.04395108137142634,0.17287276104692628,0.1574181730832176,0.19083072567988224
0.55,0.15,0.1,0.6,0.3,0.11721983955898785,0.08563339266456413,1.3688566563998168,-0.09584126513078417,0.12211875255185436,0.10037661153551806,-0.04288017034631808,0.20437109186061875,0.24725126220693683,0.08306716370615719,0.09837364861158049,-0.04288017034631808,0.1815973716412964,0.16913182099209423,0.20437109186061875
0.55,0.22,0.06,0.5,0.4,0.1086890762350039,0.08225555539395743,1.3213584871495294,-0.09111665378566092,0.1128878123169611,0.0933998077114737,-0.04347105282173469,0.182193316739927,0.2256643695616617,0.0830666575986661,0.09647663161706044,-0.04347105282173469,0.16785784106393598,0.16138232498561678,0.182193316739927
0.55,0.18,0.08,0.6,0.45,0.10755188490085765,0.08104057537715205,1.3271362450269573,-0.09051196339679735,0.11201263837879398,0.09458977189429466,-0.04307003692896905,0.19211233095763225,0.2351823678866013,0.08068095189854774,0.0906343687290454,-0.04307003692896905,0.17074141518828134,0.14964511394797997,0.19211233095763225
0.55,0.12,0.06,0.6,0.3,0.1177046468658578,0.08649407047644418,1.3608406474281207,-0.09856609642560887,0.12279415780176126,0.09972946332075897,-0.04387375223589485,0.19889578759994309,0.24276953983583793,0.08023679544918849,0.10481670912597907,-0.04387375223589485,0.1773434374914542,0.1767886070273248,0.19889578759994309
0.55,0.18,0.1,0.6,0.3,0.1162390058275502,0.08571699891941696,1.3560788092549432,-0.09623107481969917,0.12092969433357537,0.10018222652870754,-0.043508563083757945,0.20479946154327444,0.2483080246270324,0.07782716614330798,0.0975173408916814,-0.043508563083757945,0.18059114861873304,0.1652490836979459,0.20479946154327444
0.55,0.22,0.06,0.5,0.35,0.11093289563132691,0.08358931211195136,1.32711817849098,-0.09245814988925583,0.11552608342705861,0.09563734835861498,-0.04545532162633292,0.18571747485733736,0.23117279648367028,0.07584725610719859,0.10137721480943918,-0.04545532162633292,0.17234813377981584,0.1636429153150336,0.18571747485733736
0.55,0.18,0.1,0.6,0.4,0.10904177271799576,0.08233455815238946,1.3243742987747025,-0.0920868617582471,0.11446851637265054,0.09650308132064313,-0.04364439137111742,0.19698104493426682,0.24062543630538424,0.07410224437198273,0.09194313443916702,-0.04364439137111742,0.1713302598021682,0.15573253405876808,0.19698104493426682
0.55,0.22,0.08,0.6,0.45,0.10761261213035955,0.08216351488396342,1.309737202483815,-0.091406285325901,0.11185689785420169,0.09460878631741666,-0.04438439256615112,0.18973595406267751,0.23412034662882864,0.07327114842988247,0.09287059364152372,-0.04438439256615112,0.17120714129189718,0.1498551928410612,0.18973595406267751
0.55,0.12,0.06,0.6,0.35,0.11419437349220396,0.08424761947907897,1.3554611299202537,-0.0952795440595966,0.1184756359080393,0.09911169176489137,-0.046524746082309054,0.19330429615519118,0.23982904223750023,0.07287419118161761,0.09857439320454531,-0.046524746082309054,0.1761547602246516,0.17086947603811753,0.19330429615519118
0.55,0.22,0.1,0.6,0.3,0.11467788878784368,0.08570795742927804,1.3380074876066226,-0.0960342455822113,0.11917111500636786,0.09926998551715562,-0.04442983528240818,0.1993639586426108,0.243793793925019,0.0724285885396792,0.09675678406379129,-0.04442983528240818,0.1798399304536229,0.16432473715422247,0.1993639586426108
0.55,0.18,0.08,0.6,0.4,0.11089582539356146,0.08355334070671398,1.3272458582215656,-0.09354743000560295,0.1157118730648716,0.0975406127521915,-0.04424771340632272,0.19874239940808236,0.24299011281440508,0.07199547495564373,0.09384814149585541,-0.04424771340632272,0.17553698723492084,0.15467955059182215,0.19874239940808236
0.55,0.18,0.1,0.6,0.35,0.11232310981300686,0.08420115014737226,1.3339854576382202,-0.0944803775626345,0.1180413338080019,0.09881352353260879,-0.043888899596736475,0.20183426991910425,0.24572316951584072,0.07182553761254673,0.0947631410723857,-0.043888899596736475,0.17679171623557344,0.1607064414096826,0.20183426991910425
0.55,0.22,0.1,0.6,0.4,0.10841797261440833,0.0825777615424668,1.3129197327376432,-0.09382907578018873,0.1134448476697594,0.09636724077074885,-0.04431157421629661,0.19746496458539275,0.24177653880168937,0.06869209168676668,0.09128421760129868,-0.04431157421629661,0.16884002863557623,0.15394660174282593,0.19746496458539275
0.55,0.15,0.06,0.6,0.4,0.11136275783584804,0.08328716355839581,1.3370938939200079,-0.09329053694878542,0.11588117279517622,0.09823722201106387,-0.04664521361379148,0.19612344572584273,0.2427686593396342,0.06826142114785236,0.09548194230782014,-0.04664521361379148,0.17272263300604296,0.16172305654996677,0.19612344572584273
0.55,0.22,0.1,0.6,0.35,0.11160997192353483,0.08413446372781413,1.3265666289216214,-0.09555481529749887,0.1170358686382025,0.09852141178607758,-0.044534476370376,0.20008698485307286,0.24462146122344886,0.06816302779091296,0.0939902158043231,-0.044534476370376,0.176021824735332,0.15961479416866053,0.20008698485307286
0.55,0.15,0.08,0.6,0.35,0.11326843740400183,0.08477177346860276,1.3361574586610894,-0.09556407886860241,0.11745616652104784,0.09917105844346595,-0.046640105232779616,0.19694388483394598,0.2435839900667256,0.06638606431981628,0.09689548797896075,-0.046640105232779616,0.1784278673765871,0.161653697648525,0.19694388483394598
0.55,0.15,0.08,0.6,0.3,0.11608512357103296,0.08644206261967492,1.342924035510127,-0.09694739936628038,0.12033730258960873,0.10070058498607871,-0.04713461568462207,0.19876197531978934,0.2458965910044114,0.06518847115215079,0.10111342776350085,-0.04713461568462207,0.18266686809665278,0.16627885745272275,0.19876197531978934
0.55,0.18,0.06,0.6,0.3,0.11478173642406775,0.08707037997262622,1.3182638741229062,-0.09748934439909174,0.11761444669057408,0.09851099163524929,-0.046703848204659226,0.19392938934372905,0.24063323754838828,0.06461870872499567,0.09957022563706563,-0.046703848204659226,0.17535795621371353,0.16591851046302142,0.19392938934372905
0.55,0.12,0.08,0.6,0.35,0.1118670458367772,0.08325805044255705,1.3436183677392086,-0.09382020051186346,0.11670097251846545,0.09899536650315327,-0.048334143013990194,0.19182508505692053,0.24015922807091072,0.0645805611455629,0.0977799561741095,-0.048334143013990194,0.1755835041420022,0.16665046023328522,0.19182508505692053
0.55,0.18,0.06,0.6,0.45,0.1080638951525883,0.082166036263275,1.3151893418143212,-0.09126152944110066,0.1115395976527431,0.09633839450687313,-0.047596672278744756,0.19070747429247903,0.23830414657122378,0.06363471683802699,0.09153670718189932,-0.047596672278744756,0.1697470249099975,0.15330345415808444,0.19070747429247903
0.55,0.15,0.06,0.6,0.3,0.11602208551776694,0.0873067315630923,1.3289019465116898,-0.09796957342515977,0.11952421520174039,0.09992300648583348,-0.047689819578424775,0.19559318851338658,0.24328300809181136,0.06231854392231287,0.10223127350638506,-0.047689819578424775,0.17628886748225026,0.17119756608510484,0.19559318851338658
0.55,0.15,0.06,0.6,0.35,0.11308307064985335,0.08571849236542298,1.3192377458970412,-0.09651455903139605,0.11778732848947762,0.0994598832945346,-0.04755502874080775,0.19829960135880143,0.24585463009960917,0.05876213437316699,0.09895718420185617,-0.04755502874080775,0.1728928456261818,0.16634204000135644,0.19829960135880143
0.55,0.18,0.08,0.6,0.3,0.11415020000233334,0.08667129291416585,1.3170473886362926,-0.09682147395251994,0.11767394339719801,0.09962752061235193,-0.04840244972036478,0.19417832448149763,0.24258077420186241,0.05714388890782782,0.09953253959109909,-0.04840244972036478,0.1798397508312617,0.16322155180249642,0.19417832448149763
0.55,0.18,0.06,0.6,0.4,0.11138455132537906,0.08464123068398736,1.3159609143827236,-0.09452868410641657,0.11547737552363353,0.09935615043519479,-0.04912821643681298,0.19378795313538033,0.2429161695721933,0.054062463953717194,0.09491747906565373,-0.04912821643681298,0.17688404525406187,0.1609256165998847,0.19378795313538033
0.55,0.22,0.08,0.6,0.3,0.11452140971775138,0.08633705410503704,1.326445648451538,-0.09652812183361459,0.11826905539687711,0.10104026608820693,-0.04960795769876547,0.1978377590980458,0.24744571679681127,0.05343632919522709,0.09837798671811093,-0.04960795769876547,0.17842943866775585,0.16630805019923844,0.1978377590980458
0.55,0.18,0.08,0.6,0.35,0.11283336162178004,0.08532979805020052,1.3223207390623244,-0.09545069819951602,0.11774871134947373,0.1009744819891282,-0.04881393921423527,0.20153473360578023,0.2503486728200155,0.05270354521610396,0.096835227928175,-0.04881393921423527,0.17976668566381648,0.15942084876383222,0.20153473360578023
0.55,0.22,0.08,0.6,0.4,0.1089807317742868,0.08392707464378389,1.2985169831885535,-0.09345100313039623,0.11331661972259785,0.09818165906104154,-0.048968016216506816,0.19275021358900846,0.24171822980551527,0.05119961274494614,0.09317751608909886,-0.048968016216506816,0.17489844765452278,0.154724937496866,0.19275021358900846
0.55,0.22,0.06,0.6,0.3,0.11329129012643624,0.08673399027522441,1.306192529214212,-0.0967799068915508,0.1164303932691231,0.09977282794361418,-0.050098915564837365,0.19216726704624842,0.2422661826110858,0.049591412048983846,0.09847595116835861,-0.050098915564837365,0.17838935741641904,0.1632183062794268,0.19216726704624842
0.55,0.18,0.06,0.6,0.35,0.11220871261970333,0.08621533604315032,1.3014936526320964,-0.09615535016918597,0.11624107429193946,0.09947404688969937,-0.04952405984169206,0.19258716941295018,0.24211122925464224,0.04947593286459287,0.09773992247136976,-0.04952405984169206,0.17754493136266203,0.1628574080544074,0.19258716941295018
0.55,0.22,0.06,0.6,0.4,0.10927716520706765,0.0845511174333726,1.2924390418988787,-0.09393340065631417,0.11275905531819672,0.0981207562537487,-0.04995091594362877,0.18919449715571046,0.23914541309933923,0.04801155774654012,0.09241585450538636,-0.04995091594362877,0.17300707364669798,0.15912876722681757,0.18919449715571046
0.55,0.22,0.06,0.6,0.35,0.11124566943910508,0.08571228354613289,1.2978964605374137,-0.09540123718117433,0.11494479287827797,0.09898500675355897,-0.050164464549603216,0.1907598487553408,0.24092431330494402,0.04798435051080904,0.09702266397744652,-0.050164464549603216,0.17611150293373945,0.16099441327446629,0.1907598487553408
0.55,0.22,0.08,0.6,0.35,0.11054474404231018,0.0853102223969859,1.29579716165663,-0.09506606973016773,0.11504360215189113,0.09919274023957378,-0.049415737157671225,0.19539264296522796,0.24480838012289918,0.047660253365782085,0.0958848127013876,-0.049415737157671225,0.17547146015632098,0.15788483209419035,0.19539264296522796
0.55,0.22,0.06,0.6,0.45,0.10704390933079933,0.08336785231813328,1.2839950455040845,-0.09216746639961826,0.1102968669153307,0.0981654695348503,-0.052466866474907836,0.18704832482205602,0.23951519129696386,0.03893757781880461,0.08999288687021845,-0.052466866474907836,0.17049749911939016,0.15641249023989667,0.18704832482205602
