date,open,high,low,close,volume,oi,settle
2018-01-02,1818.0,1834.0,1815.0,1829.0,372670,999692,0.0
2018-01-03,1837.0,1856.0,1837.0,1853.0,540304,1060642,0.0
2018-01-04,1852.0,1853.0,1838.0,1848.0,348308,1053578,0.0
2018-01-05,1850.0,1861.0,1848.0,1853.0,380146,1087562,0.0
2018-01-08,1855.0,1855.0,1824.0,1825.0,625132,1116082,0.0
2018-01-09,1824.0,1828.0,1816.0,1826.0,517492,1022364,0.0
2018-01-10,1824.0,1832.0,1823.0,1829.0,285598,1058884,0.0
2018-01-11,1828.0,1834.0,1816.0,1821.0,341892,1042052,0.0
2018-01-12,1823.0,1827.0,1814.0,1827.0,304176,1044666,0.0
2018-01-15,1830.0,1844.0,1823.0,1825.0,563630,1102196,0.0
2018-01-16,1825.0,1827.0,1820.0,1822.0,315094,1052988,0.0
2018-01-17,1822.0,1823.0,1815.0,1816.0,304666,1069274,0.0
2018-01-18,1818.0,1819.0,1803.0,1809.0,440266,1028266,0.0
2018-01-19,1812.0,1812.0,1799.0,1801.0,380970,1006560,0.0
2018-01-22,1802.0,1806.0,1795.0,1797.0,365088,979070,0.0
2018-01-23,1797.0,1802.0,1783.0,1783.0,458632,982014,0.0
2018-01-24,1785.0,1793.0,1785.0,1788.0,296994,931226,0.0
2018-01-25,1792.0,1797.0,1786.0,1787.0,282718,928188,0.0
2018-01-26,1786.0,1797.0,1785.0,1796.0,255016,884660,0.0
2018-01-29,1797.0,1799.0,1792.0,1795.0,230608,876402,0.0
2018-01-30,1793.0,1799.0,1790.0,1792.0,191622,859114,0.0
2018-01-31,1791.0,1797.0,1785.0,1788.0,295636,846334,0.0
2018-02-01,1790.0,1807.0,1787.0,1805.0,492456,856802,0.0
2018-02-02,1806.0,1809.0,1800.0,1804.0,270476,817970,0.0
2018-02-05,1810.0,1824.0,1809.0,1816.0,434632,882426,0.0
2018-02-06,1816.0,1819.0,1808.0,1815.0,300948,814194,0.0
2018-02-07,1820.0,1828.0,1816.0,1825.0,355150,816130,0.0
2018-02-08,1825.0,1830.0,1820.0,1826.0,247250,778036,0.0
2018-02-09,1828.0,1832.0,1817.0,1824.0,367656,808390,0.0
2018-02-12,1823.0,1826.0,1814.0,1818.0,299522,767514,0.0
2018-02-13,1820.0,1820.0,1797.0,1800.0,408506,712290,0.0
2018-02-14,1798.0,1813.0,1796.0,1812.0,200064,717432,0.0
2018-02-22,1815.0,1822.0,1809.0,1819.0,246162,734594,0.0
2018-02-23,1817.0,1822.0,1808.0,1813.0,293750,761608,0.0
2018-02-26,1819.0,1837.0,1815.0,1829.0,574940,862952,0.0
2018-02-27,1830.0,1831.0,1824.0,1828.0,249386,835338,0.0
2018-02-28,1823.0,1833.0,1823.0,1830.0,274142,867672,0.0
2018-03-01,1836.0,1839.0,1827.0,1828.0,394478,842944,0.0
2018-03-02,1831.0,1854.0,1827.0,1840.0,598408,899984,0.0
2018-03-05,1845.0,1873.0,1841.0,1869.0,677752,894298,0.0
2018-03-06,1870.0,1884.0,1870.0,1877.0,414430,923466,0.0
2018-03-07,1879.0,1879.0,1852.0,1857.0,454610,875688,0.0
2018-03-08,1853.0,1854.0,1832.0,1844.0,535206,825512,0.0
2018-03-09,1848.0,1851.0,1831.0,1832.0,314642,802082,0.0
2018-03-12,1830.0,1832.0,1818.0,1820.0,314906,745186,1823.0
2018-03-13,1821.0,1825.0,1813.0,1823.0,228602,722140,1819.0
2018-03-14,1821.0,1825.0,1818.0,1818.0,179408,681948,1820.0
2018-03-15,1764.0,1769.0,1762.0,1764.0,151990,743084,1765.0
2018-03-16,1766.0,1773.0,1765.0,1770.0,104698,760240,1768.0
2018-03-19,1771.0,1774.0,1762.0,1765.0,126192,763764,1767.0
2018-03-20,1766.0,1768.0,1755.0,1760.0,201078,777814,1759.0
2018-03-21,1760.0,1762.0,1755.0,1755.0,101276,797018,1758.0
2018-03-22,1755.0,1756.0,1743.0,1745.0,258930,832814,1749.0
2018-03-23,1744.0,1755.0,1739.0,1751.0,299226,853168,1745.0
2018-03-26,1756.0,1763.0,1744.0,1759.0,356924,904004,1754.0
2018-03-27,1759.0,1759.0,1741.0,1745.0,233170,915660,1750.0
2018-03-28,1745.0,1751.0,1740.0,1746.0,229114,892542,1745.0
2018-03-29,1745.0,1749.0,1741.0,1743.0,161278,900530,1744.0
2018-03-30,1748.0,1750.0,1741.0,1744.0,245582,931384,1745.0
2018-04-02,1746.0,1756.0,1735.0,1750.0,448150,967770,1746.0
2018-04-03,1749.0,1755.0,1744.0,1745.0,242072,966050,1749.0
2018-04-04,1746.0,1760.0,1746.0,1760.0,357980,1022000,1755.0
2018-04-09,1764.0,1779.0,1755.0,1758.0,585470,1018500,1766.0
2018-04-10,1759.0,1760.0,1748.0,1749.0,345002,970826,1751.0
2018-04-11,1750.0,1755.0,1747.0,1751.0,203904,970540,1751.0
2018-04-12,1747.0,1752.0,1742.0,1744.0,305424,926704,1746.0
2018-04-13,1744.0,1751.0,1741.0,1748.0,219384,938118,1745.0
2018-04-16,1746.0,1747.0,1741.0,1741.0,162960,932152,1743.0
2018-04-17,1741.0,1743.0,1735.0,1740.0,266290,912510,1738.0
2018-04-18,1740.0,1745.0,1737.0,1738.0,180122,923042,1739.0
2018-04-19,1738.0,1741.0,1733.0,1737.0,218818,921834,1735.0
2018-04-20,1739.0,1751.0,1738.0,1742.0,323448,910846,1745.0
2018-04-23,1744.0,1751.0,1740.0,1741.0,258060,901960,1745.0
2018-04-24,1742.0,1746.0,1738.0,1738.0,170360,890336,1741.0
2018-04-25,1738.0,1743.0,1734.0,1737.0,193032,889444,1737.0
2018-04-26,1737.0,1738.0,1724.0,1727.0,311920,899162,1729.0
2018-04-27,1728.0,1734.0,1724.0,1731.0,228734,865760,1730.0
2018-05-02,1732.0,1741.0,1728.0,1736.0,246604,862966,1735.0
2018-05-03,1737.0,1740.0,1732.0,1739.0,185386,865428,1736.0
2018-05-04,1739.0,1747.0,1735.0,1744.0,243894,851456,1742.0
2018-05-07,1744.0,1746.0,1736.0,1742.0,217812,825518,1741.0
2018-05-08,1742.0,1746.0,1738.0,1744.0,210818,801880,1742.0
2018-05-09,1746.0,1752.0,1744.0,1747.0,189328,813494,1748.0
2018-05-10,1749.0,1756.0,1748.0,1752.0,187832,802514,1753.0
2018-05-11,1752.0,1755.0,1748.0,1754.0,137598,788706,1751.0
2018-05-14,1754.0,1770.0,1752.0,1763.0,364060,785500,1762.0
2018-05-15,1762.0,1767.0,1757.0,1767.0,222558,788328,1762.0
2018-05-16,1766.0,1771.0,1765.0,1770.0,192216,797624,1767.0
2018-05-17,1769.0,1775.0,1765.0,1768.0,230868,803584,1770.0
2018-05-18,1770.0,1773.0,1752.0,1772.0,373630,776006,1762.0
2018-05-21,1774.0,1782.0,1763.0,1780.0,332946,801836,1773.0
2018-05-22,1779.0,1780.0,1768.0,1769.0,187138,794254,1773.0
2018-05-23,1769.0,1776.0,1760.0,1764.0,297758,770668,1766.0
2018-05-24,1766.0,1794.0,1766.0,1785.0,532980,836984,1783.0
2018-05-25,1785.0,1785.0,1775.0,1779.0,207612,815322,1779.0
2018-05-28,1779.0,1792.0,1777.0,1784.0,257316,828836,1784.0
2018-05-29,1784.0,1792.0,1779.0,1788.0,282724,843154,1786.0
2018-05-30,1784.0,1795.0,1778.0,1780.0,319812,823412,1786.0
2018-05-31,1784.0,1788.0,1774.0,1777.0,274518,819374,1780.0
2018-06-01,1778.0,1783.0,1765.0,1768.0,341808,785506,1771.0
2018-06-04,1769.0,1773.0,1762.0,1768.0,193384,784958,1768.0
2018-06-05,1765.0,1767.0,1758.0,1762.0,307826,729384,1761.0
2018-06-06,1764.0,1766.0,1760.0,1763.0,122826,721002,1763.0
2018-06-07,1760.0,1769.0,1760.0,1767.0,161078,706620,1763.0
2018-06-08,1766.0,1771.0,1754.0,1755.0,302108,644690,1763.0
2018-06-11,1755.0,1759.0,1752.0,1753.0,174422,616958,1755.0
2018-06-12,1752.0,1756.0,1751.0,1753.0,134148,606672,1753.0
2018-06-13,1753.0,1762.0,1752.0,1756.0,177456,608812,1757.0
2018-06-14,1756.0,1764.0,1753.0,1763.0,167502,615310,1757.0
2018-06-15,1765.0,1770.0,1759.0,1760.0,184128,620852,1765.0
2018-06-19,1768.0,1775.0,1756.0,1763.0,329432,565506,1766.0
2018-06-20,1763.0,1772.0,1761.0,1770.0,171910,572616,1766.0
2018-06-21,1771.0,1775.0,1766.0,1767.0,201194,556106,1770.0
2018-06-22,1767.0,1769.0,1763.0,1767.0,113564,540540,1765.0
2018-06-25,1767.0,1779.0,1764.0,1776.0,232666,559704,1772.0
2018-06-26,1776.0,1784.0,1774.0,1780.0,214128,570448,1779.0
2018-06-27,1783.0,1790.0,1779.0,1786.0,216148,561052,1784.0
2018-06-28,1785.0,1789.0,1773.0,1781.0,219914,548772,1779.0
2018-06-29,1781.0,1788.0,1780.0,1787.0,189876,553190,1783.0
2018-07-02,1789.0,1792.0,1783.0,1785.0,158992,558778,1787.0
2018-07-03,1784.0,1788.0,1780.0,1786.0,141890,560758,1784.0
2018-07-04,1787.0,1790.0,1782.0,1785.0,110928,550422,1785.0
2018-07-05,1783.0,1786.0,1774.0,1778.0,208660,538936,1780.0
2018-07-06,1779.0,1783.0,1774.0,1779.0,170710,515366,1777.0
2018-07-09,1846.0,1860.0,1846.0,1852.0,186790,571180,1854.0
2018-07-10,1852.0,1855.0,1841.0,1843.0,140172,591044,1847.0
2018-07-11,1844.0,1850.0,1843.0,1845.0,135200,614822,1846.0
2018-07-12,1844.0,1847.0,1840.0,1844.0,138236,640778,1843.0
2018-07-13,1845.0,1851.0,1841.0,1848.0,187566,657480,1847.0
2018-07-16,1847.0,1879.0,1847.0,1863.0,664818,716138,1866.0
2018-07-17,1865.0,1869.0,1858.0,1862.0,220550,701194,1863.0
2018-07-18,1863.0,1865.0,1858.0,1862.0,120162,699898,1861.0
2018-07-19,1864.0,1867.0,1859.0,1861.0,120386,693598,1862.0
2018-07-20,1864.0,1865.0,1857.0,1858.0,142120,686568,1859.0
2018-07-23,1858.0,1862.0,1823.0,1835.0,403160,673982,1843.0
2018-07-24,1835.0,1843.0,1835.0,1840.0,176732,691210,1838.0
2018-07-25,1842.0,1843.0,1835.0,1835.0,173678,686226,1838.0
2018-07-26,1836.0,1838.0,1832.0,1837.0,135062,680698,1835.0
2018-07-27,1836.0,1837.0,1830.0,1830.0,154054,675120,1832.0
2018-07-30,1831.0,1845.0,1827.0,1844.0,261498,675258,1837.0
2018-07-31,1844.0,1857.0,1842.0,1854.0,302822,653722,1849.0
2018-08-01,1855.0,1856.0,1850.0,1855.0,183134,656344,1853.0
2018-08-02,1854.0,1861.0,1849.0,1851.0,226836,654784,1854.0
2018-08-03,1853.0,1856.0,1842.0,1845.0,208944,645550,1849.0
2018-08-06,1848.0,1874.0,1846.0,1872.0,591340,729656,1864.0
2018-08-07,1873.0,1876.0,1864.0,1869.0,349090,741000,1870.0
2018-08-08,1871.0,1897.0,1866.0,1888.0,692832,852736,1882.0
2018-08-09,1889.0,1898.0,1871.0,1874.0,576604,866918,1885.0
2018-08-10,1875.0,1885.0,1871.0,1874.0,358762,860558,1875.0
2018-08-13,1870.0,1905.0,1867.0,1893.0,667978,933736,1890.0
2018-08-14,1896.0,1901.0,1886.0,1892.0,388650,921824,1892.0
2018-08-15,1893.0,1900.0,1888.0,1892.0,331492,929018,1892.0
2018-08-16,1887.0,1891.0,1880.0,1883.0,429460,858638,1885.0
2018-08-17,1882.0,1882.0,1863.0,1865.0,541186,833222,1869.0
2018-08-20,1872.0,1880.0,1865.0,1873.0,321816,838784,1872.0
2018-08-21,1873.0,1878.0,1868.0,1869.0,260076,834052,1872.0
2018-08-22,1868.0,1885.0,1868.0,1884.0,384478,852206,1876.0
2018-08-23,1884.0,1900.0,1878.0,1878.0,789534,867696,1889.0
2018-08-24,1878.0,1882.0,1873.0,1876.0,268926,852406,1878.0
2018-08-27,1880.0,1892.0,1875.0,1882.0,377234,873542,1883.0
2018-08-28,1882.0,1890.0,1878.0,1887.0,351540,898856,1885.0
2018-08-29,1890.0,1890.0,1876.0,1877.0,262490,922536,1881.0
2018-08-30,1878.0,1886.0,1877.0,1884.0,261880,898268,1880.0
2018-08-31,1885.0,1908.0,1882.0,1904.0,790616,1040200,1899.0
2018-09-03,1904.0,1925.0,1898.0,1924.0,726694,1160000,1915.0
2018-09-04,1922.0,1939.0,1912.0,1915.0,936798,1196300,1924.0
2018-09-05,1916.0,1922.0,1909.0,1916.0,385454,1193800,1916.0
2018-09-06,1918.0,1931.0,1907.0,1914.0,603330,1178200,1920.0
2018-09-07,1919.0,1920.0,1911.0,1914.0,339784,1140600,1914.0
2018-09-10,1916.0,1929.0,1916.0,1924.0,573938,1156200,1923.0
2018-09-11,1923.0,1929.0,1913.0,1918.0,408692,1133742,1919.0
2018-09-12,1920.0,1921.0,1902.0,1904.0,577552,1008600,1908.0
2018-09-13,1898.0,1900.0,1881.0,1882.0,589816,890864,1888.0
2018-09-14,1883.0,1885.0,1877.0,1880.0,296628,857270,1880.0
2018-09-17,1883.0,1886.0,1879.0,1884.0,211494,841482,1883.0
2018-09-18,1886.0,1895.0,1881.0,1885.0,328594,828530,1887.0
2018-09-19,1883.0,1888.0,1880.0,1888.0,185904,834544,1884.0
2018-09-20,1888.0,1894.0,1886.0,1893.0,251364,825490,1890.0
2018-09-21,1894.0,1901.0,1881.0,1882.0,403876,840336,1890.0
2018-09-25,1878.0,1880.0,1858.0,1861.0,536004,780844,1869.0
2018-09-26,1864.0,1869.0,1857.0,1858.0,244692,779744,1862.0
2018-09-27,1860.0,1860.0,1850.0,1853.0,298218,738838,1854.0
2018-09-28,1855.0,1856.0,1845.0,1847.0,233896,724998,1850.0
2018-10-08,1847.0,1866.0,1845.0,1864.0,471992,780960,1856.0
2018-10-09,1864.0,1869.0,1859.0,1864.0,319186,816160,1863.0
2018-10-10,1864.0,1866.0,1840.0,1846.0,553168,843688,1849.0
2018-10-11,1843.0,1867.0,1841.0,1867.0,534470,827952,1857.0
2018-10-12,1867.0,1869.0,1857.0,1863.0,309552,818406,1863.0
2018-10-15,1866.0,1871.0,1848.0,1854.0,390726,832066,1855.0
2018-10-16,1855.0,1859.0,1850.0,1855.0,242994,840668,1854.0
2018-10-17,1855.0,1859.0,1851.0,1858.0,172962,837480,1855.0
2018-10-18,1860.0,1873.0,1858.0,1868.0,419626,813426,1865.0
2018-10-19,1868.0,1884.0,1865.0,1876.0,522032,839266,1875.0
2018-10-22,1880.0,1891.0,1879.0,1888.0,470618,830998,1886.0
2018-10-23,1890.0,1895.0,1882.0,1883.0,312486,832150,1888.0
2018-10-24,1882.0,1887.0,1876.0,1886.0,271314,812676,1881.0
2018-10-25,1886.0,1895.0,1884.0,1891.0,361858,796402,1890.0
2018-10-26,1891.0,1898.0,1882.0,1891.0,381078,786974,1889.0
2018-10-29,1894.0,1897.0,1885.0,1897.0,334854,826702,1891.0
2018-10-30,1898.0,1913.0,1896.0,1910.0,443446,830594,1904.0
2018-10-31,1909.0,1909.0,1885.0,1891.0,444266,764896,1893.0
2018-11-01,1892.0,1896.0,1887.0,1890.0,250252,761208,1891.0
2018-11-02,1878.0,1886.0,1862.0,1880.0,442994,713294,1877.0
2018-11-05,1880.0,1894.0,1878.0,1888.0,249324,730426,1888.0
2018-11-06,1890.0,1893.0,1881.0,1889.0,209662,699680,1887.0
2018-11-07,1891.0,1906.0,1888.0,1893.0,377114,709180,1898.0
2018-11-08,1892.0,1899.0,1890.0,1895.0,202586,692804,1893.0
2018-11-09,1898.0,1916.0,1895.0,1916.0,404448,732520,1908.0
2018-11-12,1921.0,1942.0,1916.0,1921.0,712394,774176,1926.0
2018-11-13,1921.0,1923.0,1901.0,1911.0,396002,759704,1911.0
2018-11-14,1992.0,1997.0,1980.0,1987.0,273624,780164,1990.0
2018-11-15,1990.0,1992.0,1963.0,1965.0,351998,837352,1977.0
2018-11-16,1967.0,1980.0,1967.0,1975.0,199034,853692,1973.0
2018-11-19,1974.0,1987.0,1968.0,1982.0,286946,865364,1977.0
2018-11-20,1985.0,1986.0,1961.0,1964.0,362116,892158,1971.0
2018-11-21,1959.0,1976.0,1954.0,1966.0,480444,897076,1964.0
2018-11-22,1964.0,1970.0,1943.0,1949.0,513834,974618,1951.0
2018-11-23,1953.0,1960.0,1948.0,1952.0,351010,952086,1953.0
2018-11-26,1957.0,1962.0,1951.0,1955.0,365468,958408,1956.0
2018-11-27,1956.0,1965.0,1952.0,1965.0,462576,907368,1958.0
2018-11-28,1966.0,1973.0,1953.0,1972.0,458550,921912,1962.0
2018-11-29,1972.0,1976.0,1958.0,1958.0,430240,945362,1963.0
2018-11-30,1958.0,1961.0,1947.0,1953.0,514048,986794,1953.0
2018-12-03,1904.0,1942.0,1896.0,1912.0,1225472,995848,1916.0
2018-12-04,1909.0,1913.0,1875.0,1879.0,897616,1030106,1891.0
2018-12-05,1880.0,1895.0,1871.0,1884.0,684430,1027000,1883.0
2018-12-06,1886.0,1894.0,1879.0,1888.0,478424,1019400,1888.0
2018-12-07,1883.0,1886.0,1857.0,1861.0,702144,1071900,1869.0
2018-12-10,1860.0,1872.0,1860.0,1865.0,380528,1110220,1866.0
2018-12-11,1864.0,1877.0,1861.0,1871.0,408158,1123500,1869.0
2018-12-12,1871.0,1876.0,1866.0,1870.0,288646,1128344,1870.0
2018-12-13,1869.0,1875.0,1865.0,1874.0,239956,1113046,1871.0
2018-12-14,1874.0,1877.0,1856.0,1872.0,480380,1135200,1866.0
2018-12-17,1865.0,1868.0,1857.0,1861.0,340362,1152418,1862.0
2018-12-18,1861.0,1861.0,1848.0,1850.0,439818,1206300,1853.0
2018-12-19,1850.0,1876.0,1848.0,1871.0,582534,1173100,1865.0
2018-12-20,1870.0,1874.0,1866.0,1870.0,309074,1158200,1870.0
2018-12-21,1870.0,1870.0,1861.0,1863.0,282104,1151800,1864.0
2018-12-24,1857.0,1859.0,1831.0,1831.0,556722,1200700,1840.0
2018-12-25,1833.0,1853.0,1832.0,1847.0,513836,1180700,1841.0
2018-12-26,1846.0,1860.0,1845.0,1855.0,453410,1178300,1853.0
2018-12-27,1858.0,1861.0,1846.0,1851.0,350892,1178336,1853.0
2018-12-28,1855.0,1870.0,1854.0,1869.0,441448,1160300,1864.0
2019-01-02,1865.0,1865.0,1857.0,1861.0,259584,1144500,1860.0
2019-01-03,1865.0,1872.0,1860.0,1870.0,301634,1115300,1866.0
2019-01-04,1870.0,1871.0,1859.0,1863.0,329878,1123700,1864.0
2019-01-07,1865.0,1867.0,1848.0,1853.0,444886,1151800,1853.0
2019-01-08,1852.0,1852.0,1835.0,1838.0,426088,1208000,1841.0
2019-01-09,1839.0,1845.0,1836.0,1843.0,253208,1193500,1842.0
2019-01-10,1841.0,1843.0,1832.0,1835.0,270540,1210994,1836.0
2019-01-11,1837.0,1837.0,1823.0,1826.0,396212,1252200,1829.0
2019-01-14,1818.0,1818.0,1803.0,1811.0,511130,1284000,1809.0
2019-01-15,1811.0,1814.0,1806.0,1810.0,236390,1288000,1809.0
2019-01-16,1806.0,1830.0,1802.0,1826.0,563174,1245000,1815.0
2019-01-17,1826.0,1828.0,1814.0,1820.0,334108,1272800,1819.0
2019-01-18,1819.0,1827.0,1817.0,1824.0,299170,1277800,1822.0
2019-01-21,1825.0,1838.0,1825.0,1833.0,421342,1263400,1833.0
2019-01-22,1835.0,1845.0,1832.0,1842.0,513282,1266200,1839.0
2019-01-23,1842.0,1848.0,1835.0,1839.0,335588,1235646,1841.0
2019-01-24,1839.0,1839.0,1829.0,1836.0,322884,1217800,1834.0
2019-01-25,1840.0,1872.0,1840.0,1863.0,777404,1178000,1858.0
2019-01-28,1859.0,1860.0,1851.0,1854.0,254460,1123900,1855.0
2019-01-29,1855.0,1859.0,1853.0,1857.0,213202,1112100,1856.0
2019-01-30,1859.0,1867.0,1857.0,1865.0,221540,1079770,1862.0
2019-01-31,1864.0,1868.0,1852.0,1863.0,299412,1034298,1861.0
2019-02-01,1866.0,1875.0,1861.0,1873.0,240332,991844,1867.0
2019-02-11,1874.0,1875.0,1859.0,1865.0,236362,992240,1864.0
2019-02-12,1867.0,1871.0,1859.0,1861.0,229750,1005812,1864.0
2019-02-13,1861.0,1861.0,1849.0,1849.0,251392,1019400,1854.0
2019-02-14,1848.0,1849.0,1832.0,1832.0,390790,1052700,1839.0
2019-02-15,1831.0,1839.0,1827.0,1836.0,277436,1044478,1834.0
2019-02-18,1828.0,1828.0,1811.0,1816.0,410646,1025798,1818.0
2019-02-19,1815.0,1828.0,1812.0,1823.0,392494,1029100,1821.0
2019-02-20,1820.0,1820.0,1806.0,1806.0,341824,1065796,1812.0
2019-02-21,1807.0,1818.0,1806.0,1809.0,340132,1077200,1811.0
2019-02-22,1807.0,1815.0,1803.0,1811.0,292162,1065900,1811.0
2019-02-25,1790.0,1791.0,1780.0,1784.0,582844,1073200,1785.0
2019-02-26,1783.0,1804.0,1781.0,1791.0,556032,1104728,1793.0
2019-02-27,1792.0,1802.0,1791.0,1795.0,310130,1138372,1795.0
2019-02-28,1796.0,1822.0,1795.0,1821.0,558722,1159600,1807.0
2019-03-01,1825.0,1828.0,1816.0,1820.0,447696,1130846,1821.0
2019-03-04,1825.0,1833.0,1812.0,1814.0,423934,1111400,1824.0
2019-03-05,1811.0,1825.0,1810.0,1824.0,324184,1134700,1819.0
2019-03-06,1818.0,1820.0,1811.0,1819.0,353650,1114562,1815.0
2019-03-07,1815.0,1847.0,1812.0,1831.0,595826,1050900,1828.0
2019-03-08,1828.0,1836.0,1823.0,1828.0,351814,1028400,1829.0
2019-03-11,1826.0,1839.0,1821.0,1835.0,384468,1023200,1830.0
2019-03-12,1835.0,1846.0,1835.0,1844.0,404004,1000448,1840.0
2019-03-13,1847.0,1849.0,1827.0,1829.0,551496,990920,1835.0
2019-03-14,1831.0,1842.0,1828.0,1838.0,336440,1030308,1836.0
2019-03-15,1837.0,1851.0,1837.0,1847.0,391262,1010300,1845.0
2019-03-18,1850.0,1858.0,1844.0,1856.0,304410,1011010,1851.0
2019-03-19,1859.0,1859.0,1847.0,1850.0,290638,1017044,1852.0
2019-03-20,1850.0,1850.0,1828.0,1831.0,465732,996804,1836.0
2019-03-21,1833.0,1835.0,1821.0,1824.0,358126,1033500,1826.0
2019-03-22,1820.0,1821.0,1810.0,1816.0,417168,988024,1815.0
2019-03-25,1813.0,1821.0,1806.0,1816.0,294318,969496,1815.0
2019-03-26,1837.0,1849.0,1835.0,1847.0,253804,1027300,1842.0
2019-03-27,1847.0,1853.0,1839.0,1842.0,394670,1071300,1846.0
2019-03-28,1837.0,1842.0,1829.0,1833.0,366984,1094300,1835.0
2019-03-29,1835.0,1848.0,1832.0,1844.0,316986,1142300,1839.0
2019-04-01,1845.0,1847.0,1831.0,1843.0,402486,1180900,1841.0
2019-04-02,1843.0,1854.0,1841.0,1852.0,393164,1231300,1849.0
2019-04-03,1855.0,1861.0,1842.0,1858.0,678396,1282300,1851.0
2019-04-04,1863.0,1890.0,1861.0,1886.0,1229250,1292854,1877.0
2019-04-08,1886.0,1888.0,1876.0,1879.0,617012,1222000,1882.0
2019-04-09,1880.0,1886.0,1860.0,1867.0,893702,1165098,1870.0
2019-04-10,1867.0,1882.0,1865.0,1876.0,588792,1170900,1875.0
2019-04-11,1879.0,1886.0,1873.0,1881.0,524350,1146400,1880.0
2019-04-12,1882.0,1898.0,1875.0,1897.0,779204,1263500,1886.0
2019-04-15,1899.0,1916.0,1891.0,1909.0,1169546,1315264,1905.0
2019-04-16,1905.0,1914.0,1902.0,1912.0,545708,1314600,1907.0
2019-04-17,1912.0,1917.0,1903.0,1904.0,486204,1315742,1908.0
2019-04-18,1904.0,1906.0,1875.0,1895.0,783992,1230380,1893.0
2019-04-19,1897.0,1910.0,1895.0,1908.0,603628,1300000,1904.0
2019-04-23,1925.0,1925.0,1911.0,1919.0,497422,1380462,1916.0
2019-04-24,1920.0,1922.0,1912.0,1914.0,400700,1382348,1916.0
2019-04-25,1914.0,1919.0,1909.0,1914.0,485056,1384576,1914.0
2019-04-26,1916.0,1917.0,1899.0,1902.0,664960,1287136,1905.0
2019-04-29,1904.0,1920.0,1902.0,1917.0,513480,1286858,1914.0
2019-04-30,1920.0,1920.0,1907.0,1916.0,418624,1245546,1913.0
2019-05-06,1932.0,1937.0,1920.0,1923.0,500432,1207098,1925.0
2019-05-07,1920.0,1930.0,1919.0,1928.0,438388,1222564,1924.0
2019-05-08,1926.0,1929.0,1913.0,1920.0,512196,1220984,1920.0
2019-05-09,1920.0,1937.0,1920.0,1929.0,686182,1231358,1930.0
2019-05-10,1928.0,1932.0,1921.0,1925.0,548580,1190302,1925.0
2019-05-13,1927.0,1950.0,1925.0,1949.0,78749,1204352,1939.0
2019-05-14,1955.0,1956.0,1939.0,1947.0,57575,1152152,1945.0
2019-05-15,1941.0,1961.0,1941.0,1960.0,59797,1178126,1950.0
2019-05-16,1961.0,1985.0,1960.0,1978.0,1138714,1222544,1974.0
2019-05-17,1980.0,1997.0,1973.0,1996.0,819306,1252382,1985.0
2019-05-20,1998.0,2021.0,1989.0,2008.0,1189384,1264968,2005.0
2019-05-21,2010.0,2012.0,1988.0,1995.0,891296,1207646,1997.0
2019-05-22,1995.0,2004.0,1980.0,1986.0,932442,1175948,1991.0
2019-05-23,1987.0,1996.0,1981.0,1982.0,992520,1167088,1989.0
2019-05-24,1984.0,1991.0,1978.0,1985.0,673634,1093056,1983.0
2019-05-27,1987.0,2019.0,1987.0,2007.0,1289590,1129896,2007.0
2019-05-28,2005.0,2007.0,1994.0,1994.0,853478,1114788,2000.0
2019-05-29,1995.0,2017.0,1987.0,2004.0,1442802,1108976,2002.0
2019-05-30,2005.0,2013.0,1978.0,1986.0,1243156,1066094,1993.0
2019-05-31,1990.0,1992.0,1968.0,1971.0,1096298,1045862,1978.0
2019-06-03,1968.0,1973.0,1954.0,1963.0,1060358,959344,1963.0
2019-06-04,1966.0,1984.0,1962.0,1974.0,1019218,996300,1973.0
2019-06-05,1973.0,1975.0,1958.0,1964.0,635282,979292,1964.0
2019-06-06,1964.0,1968.0,1952.0,1955.0,703978,969736,1958.0
2019-06-10,1956.0,1975.0,1955.0,1966.0,594152,978660,1967.0
2019-06-11,1965.0,1974.0,1960.0,1963.0,607654,989332,1966.0
2019-06-12,1962.0,1970.0,1953.0,1957.0,577802,1002626,1960.0
2019-06-13,1961.0,1970.0,1958.0,1963.0,622170,989166,1964.0
2019-06-14,1964.0,1967.0,1946.0,1947.0,837778,1046610,1955.0
2019-06-17,1947.0,1955.0,1939.0,1953.0,758490,1064540,1948.0
2019-06-18,1950.0,1956.0,1946.0,1949.0,449666,1067986,1951.0
2019-06-19,1947.0,1951.0,1936.0,1943.0,603346,1005112,1942.0
2019-06-20,1943.0,1946.0,1935.0,1937.0,354158,958914,1940.0
2019-06-21,1934.0,1961.0,1934.0,1953.0,843698,1005270,1949.0
2019-06-24,1952.0,1957.0,1946.0,1952.0,462100,1022842,1952.0
2019-06-25,1952.0,1957.0,1944.0,1949.0,429914,1026370,1949.0
2019-06-26,1948.0,1952.0,1939.0,1940.0,426630,1009244,1944.0
2019-06-27,1941.0,1944.0,1937.0,1940.0,295706,1002532,1940.0
2019-06-28,1939.0,1958.0,1937.0,1948.0,672774,1043312,1948.0
2019-07-01,1948.0,1949.0,1928.0,1936.0,671732,984428,1937.0
2019-07-02,1938.0,1939.0,1929.0,1934.0,330082,961436,1932.0
2019-07-03,1935.0,1941.0,1933.0,1939.0,343992,916528,1938.0
2019-07-04,1939.0,1947.0,1934.0,1934.0,420224,899994,1940.0
2019-07-05,1936.0,1939.0,1931.0,1934.0,279124,920122,1934.0
2019-07-08,1934.0,1943.0,1932.0,1933.0,317192,910970,1936.0
2019-07-09,1931.0,1935.0,1918.0,1921.0,559482,952766,1924.0
2019-07-10,1923.0,1925.0,1910.0,1911.0,486548,924428,1916.0
2019-07-11,1913.0,1918.0,1909.0,1914.0,360378,921856,1913.0
2019-07-12,1917.0,1919.0,1909.0,1918.0,356264,916076,1913.0
2019-07-15,1917.0,1929.0,1915.0,1928.0,463016,859482,1924.0
2019-07-16,1926.0,1927.0,1920.0,1927.0,266176,839400,1924.0
2019-07-17,1925.0,1929.0,1922.0,1925.0,234746,834570,1925.0
2019-07-18,1927.0,1935.0,1924.0,1934.0,399936,823394,1930.0
2019-07-19,1932.0,1940.0,1920.0,1920.0,552820,801062,1930.0
2019-07-22,1922.0,1922.0,1910.0,1915.0,452892,815466,1914.0
2019-07-23,1915.0,1920.0,1912.0,1918.0,260396,784784,1915.0
2019-07-24,1918.0,1927.0,1914.0,1927.0,317994,738376,1920.0
2019-07-25,1927.0,1932.0,1923.0,1927.0,232088,720498,1927.0
2019-07-26,1926.0,1927.0,1919.0,1924.0,216096,721166,1922.0
2019-07-29,1926.0,1935.0,1925.0,1930.0,362734,721064,1930.0
2019-07-30,1929.0,1933.0,1923.0,1924.0,247438,725150,1928.0
2019-07-31,1926.0,1930.0,1923.0,1930.0,240774,706914,1926.0
2019-08-01,1930.0,1937.0,1929.0,1933.0,298340,669208,1932.0
2019-08-02,1933.0,1937.0,1921.0,1926.0,434624,599172,1929.0
2019-08-05,1925.0,1929.0,1919.0,1922.0,229552,570388,1923.0
2019-08-06,1979.0,1979.0,1971.0,1974.0,345112,774858,1974.0
2019-08-07,1975.0,1978.0,1964.0,1965.0,399102,811844,1972.0
2019-08-08,1966.0,1967.0,1925.0,1929.0,1016350,921206,1947.0
2019-08-09,1931.0,1933.0,1913.0,1927.0,956490,882436,1923.0
2019-08-12,1927.0,1937.0,1917.0,1921.0,539644,915358,1925.0
2019-08-13,1919.0,1924.0,1891.0,1914.0,796542,939152,1912.0
2019-08-14,1914.0,1918.0,1902.0,1914.0,567096,967642,1911.0
2019-08-15,1914.0,1921.0,1911.0,1912.0,362290,968096,1915.0
2019-08-16,1913.0,1916.0,1904.0,1906.0,377008,1000970,1910.0
2019-08-19,1906.0,1909.0,1880.0,1883.0,895016,1029396,1890.0
2019-08-20,1883.0,1890.0,1882.0,1886.0,364086,1020636,1885.0
2019-08-21,1886.0,1915.0,1880.0,1905.0,1002116,1093260,1899.0
2019-08-22,1907.0,1913.0,1902.0,1908.0,539596,1145276,1907.0
2019-08-23,1909.0,1922.0,1907.0,1920.0,639892,1178252,1914.0
2019-08-26,1919.0,1923.0,1911.0,1917.0,519804,1163348,1916.0
2019-08-27,1915.0,1917.0,1891.0,1900.0,714580,1126132,1903.0
2019-08-28,1901.0,1901.0,1888.0,1897.0,566372,1127734,1894.0
2019-08-29,1894.0,1899.0,1885.0,1885.0,356040,1154836,1893.0
2019-08-30,1886.0,1888.0,1864.0,1871.0,852650,1165456,1875.0
2019-09-02,1873.0,1881.0,1865.0,1872.0,670564,1180196,1873.0
2019-09-03,1874.0,1879.0,1869.0,1876.0,399278,1196240,1874.0
2019-09-04,1875.0,1882.0,1858.0,1881.0,820080,1211112,1870.0
2019-09-05,1881.0,1887.0,1874.0,1875.0,630870,1244430,1879.0
2019-09-06,1877.0,1889.0,1874.0,1885.0,639188,1201990,1883.0
2019-09-09,1887.0,1889.0,1880.0,1885.0,508882,1201478,1884.0
2019-09-10,1885.0,1888.0,1871.0,1880.0,545638,1196720,1878.0
2019-09-11,1882.0,1884.0,1872.0,1874.0,364212,1199872,1877.0
2019-09-12,1874.0,1876.0,1860.0,1872.0,679238,1130138,1868.0
2019-09-16,1872.0,1883.0,1866.0,1869.0,434832,1151932,1871.0
2019-09-17,1869.0,1870.0,1859.0,1867.0,616668,1213312,1864.0
2019-09-18,1867.0,1876.0,1862.0,1873.0,580908,1226768,1868.0
2019-09-19,1872.0,1882.0,1862.0,1864.0,748900,1217804,1872.0
2019-09-20,1864.0,1865.0,1849.0,1851.0,741652,1262886,1856.0
2019-09-23,1850.0,1863.0,1849.0,1855.0,679976,1276362,1856.0
2019-09-24,1856.0,1862.0,1853.0,1854.0,520478,1261284,1857.0
2019-09-25,1856.0,1857.0,1850.0,1850.0,374256,1240554,1853.0
2019-09-26,1850.0,1853.0,1832.0,1840.0,817156,1239576,1840.0
2019-09-27,1842.0,1842.0,1827.0,1830.0,444352,1183838,1833.0
2019-09-30,1830.0,1834.0,1810.0,1823.0,570202,1176446,1819.0
2019-10-08,1823.0,1829.0,1810.0,1824.0,455822,1233914,1821.0
2019-10-09,1823.0,1832.0,1820.0,1830.0,562976,1314918,1825.0
2019-10-10,1830.0,1841.0,1827.0,1838.0,646478,1317974,1835.0
2019-10-11,1838.0,1848.0,1831.0,1847.0,576854,1323624,1840.0
2019-10-14,1848.0,1849.0,1832.0,1837.0,666580,1282794,1838.0
2019-10-15,1839.0,1847.0,1837.0,1841.0,542152,1253060,1842.0
2019-10-16,1841.0,1855.0,1839.0,1846.0,712394,1233944,1848.0
2019-10-17,1849.0,1854.0,1843.0,1848.0,465228,1191138,1847.0
2019-10-18,1848.0,1861.0,1847.0,1859.0,650256,1243780,1855.0
2019-10-21,1859.0,1865.0,1845.0,1847.0,555692,1236560,1852.0
2019-10-22,1848.0,1858.0,1847.0,1855.0,560132,1266660,1853.0
2019-10-23,1855.0,1856.0,1833.0,1836.0,740864,1217784,1842.0
2019-10-24,1836.0,1837.0,1825.0,1828.0,650958,1232722,1829.0
2019-10-25,1828.0,1834.0,1825.0,1828.0,434518,1223654,1829.0
2019-10-28,1826.0,1849.0,1823.0,1846.0,892470,1226096,1836.0
2019-10-29,1846.0,1864.0,1845.0,1864.0,845630,1267324,1855.0
2019-10-30,1862.0,1868.0,1855.0,1868.0,726318,1296266,1861.0
2019-10-31,1870.0,1894.0,1866.0,1873.0,1925008,1367220,1881.0
2019-11-01,1873.0,1888.0,1869.0,1887.0,1094282,1385182,1877.0
2019-11-04,1883.0,1895.0,1873.0,1876.0,1097780,1362716,1884.0
2019-11-05,1876.0,1882.0,1865.0,1874.0,941512,1329064,1872.0
2019-11-06,1873.0,1874.0,1853.0,1854.0,1058430,1325410,1862.0
2019-11-07,1856.0,1863.0,1842.0,1845.0,847812,1306652,1851.0
2019-11-08,1845.0,1866.0,1843.0,1865.0,930286,1362674,1856.0
2019-11-11,1864.0,1868.0,1846.0,1855.0,1080070,1333962,1856.0
2019-11-12,1855.0,1858.0,1837.0,1838.0,831398,1253682,1843.0
2019-11-13,1838.0,1844.0,1837.0,1841.0,477070,1265444,1841.0
2019-11-14,1843.0,1852.0,1840.0,1840.0,590180,1266172,1845.0
2019-11-15,1840.0,1848.0,1833.0,1841.0,676988,1220062,1841.0
2019-11-18,1843.0,1864.0,1841.0,1859.0,860414,1213540,1855.0
2019-11-19,1859.0,1865.0,1852.0,1854.0,521046,1208112,1857.0
2019-11-20,1857.0,1857.0,1844.0,1846.0,473098,1189024,1848.0
2019-11-21,1847.0,1857.0,1845.0,1852.0,628330,1127704,1850.0
2019-11-22,1853.0,1857.0,1843.0,1847.0,590712,1080390,1849.0
2019-11-25,1847.0,1850.0,1838.0,1841.0,606136,1032444,1843.0
2019-11-26,1841.0,1844.0,1833.0,1839.0,487390,984030,1837.0
2019-11-27,1839.0,1840.0,1833.0,1836.0,385764,943764,1835.0
2019-11-28,1838.0,1839.0,1821.0,1824.0,781064,908354,1827.0
2019-11-29,1825.0,1830.0,1814.0,1830.0,646140,816132,1820.0
2019-12-02,1829.0,1833.0,1817.0,1823.0,372126,743072,1824.0
2019-12-03,1890.0,1898.0,1887.0,1898.0,492774,1118494,1892.0
2019-12-04,1898.0,1900.0,1885.0,1896.0,573222,1139198,1891.0
2019-12-05,1897.0,1899.0,1882.0,1894.0,563906,1161026,1890.0
2019-12-06,1893.0,1910.0,1891.0,1904.0,742970,1200242,1902.0
2019-12-09,1904.0,1906.0,1893.0,1895.0,516634,1209456,1898.0
2019-12-10,1895.0,1907.0,1894.0,1905.0,604646,1214230,0.0
2019-12-11,1905.0,1907.0,1900.0,1903.0,386022,1233778,1903.0
2019-12-12,1903.0,1905.0,1896.0,1904.0,366912,1232694,1899.0
2019-12-13,1905.0,1910.0,1888.0,1893.0,988058,1222198,1896.0
2019-12-16,1892.0,1899.0,1890.0,1894.0,590904,1275892,1895.0
2019-12-17,1896.0,1897.0,1886.0,1886.0,431786,1297648,1892.0
2019-12-18,1886.0,1894.0,1885.0,1891.0,411276,1287566,1888.0
2019-12-19,1892.0,1892.0,1879.0,1882.0,544842,1305056,1883.0
2019-12-20,1881.0,1887.0,1873.0,1885.0,597792,1312544,1879.0
2019-12-23,1886.0,1895.0,1882.0,1895.0,680646,1293734,0.0
2019-12-24,1895.0,1904.0,1892.0,1902.0,566972,1318910,1899.0
2019-12-25,1902.0,1912.0,1896.0,1907.0,621220,1392292,1904.0
2019-12-26,1907.0,1915.0,1906.0,1915.0,597852,1456516,1911.0
2019-12-27,1916.0,1922.0,1911.0,1913.0,532576,1440838,0.0
2019-12-30,1911.0,1919.0,1909.0,1915.0,431042,1439386,1913.0
2019-12-31,1915.0,1917.0,1907.0,1910.0,395504,1441476,1911.0
2020-01-02,1911.0,1920.0,1910.0,1918.0,171359,745136,1915.0
2020-01-03,1920.0,1925.0,1916.0,1918.0,213785,750386,1920.0
2020-01-06,1918.0,1918.0,1910.0,1913.0,192497,726670,1913.0
2020-01-07,1914.0,1927.0,1914.0,1926.0,316149,759287,1922.0
2020-01-08,1925.0,1930.0,1917.0,1918.0,263566,752277,1923.0
2020-01-09,1917.0,1923.0,1913.0,1921.0,236737,745952,1918.0
2020-01-10,1916.0,1920.0,1906.0,1911.0,339771,729040,1912.0
2020-01-13,1912.0,1919.0,1908.0,1918.0,231845,727629,0.0
2020-01-14,1918.0,1928.0,1917.0,1919.0,267652,736336,1922.0
2020-01-15,1920.0,1927.0,1918.0,1924.0,174046,747244,1923.0
2020-01-16,1925.0,1946.0,1923.0,1946.0,451970,818213,1935.0
2020-01-17,1946.0,1949.0,1940.0,1947.0,233659,822612,1943.0
2020-01-20,1949.0,1950.0,1936.0,1944.0,296335,801496,1941.0
2020-01-21,1943.0,1944.0,1927.0,1928.0,266309,747510,1935.0
2020-01-22,1928.0,1933.0,1909.0,1924.0,397782,691572,1919.0
2020-01-23,1927.0,1927.0,1910.0,1912.0,244746,652293,1916.0
2020-02-03,1920.0,1938.0,1912.0,1926.0,417028,615781,1923.0
2020-02-04,1926.0,1948.0,1926.0,1944.0,496609,620824,1937.0
2020-02-05,1928.0,1931.0,1912.0,1921.0,488028,578006,0.0
2020-02-06,1924.0,1935.0,1918.0,1934.0,346799,594635,0.0
2020-02-07,1934.0,1945.0,1931.0,1938.0,333246,599895,0.0
2020-02-10,1937.0,1940.0,1922.0,1926.0,305572,582499,0.0
2020-02-11,1924.0,1929.0,1920.0,1923.0,265358,583845,1925.0
2020-02-12,1924.0,1931.0,1921.0,1923.0,216150,586353,1925.0
2020-02-13,1924.0,1928.0,1921.0,1926.0,147053,586741,0.0
2020-02-14,1924.0,1927.0,1916.0,1919.0,271673,580101,1919.0
2020-02-17,1919.0,1928.0,1915.0,1927.0,276750,596424,1923.0
2020-02-18,1926.0,1926.0,1906.0,1907.0,370092,585491,0.0
2020-02-19,1905.0,1913.0,1900.0,1910.0,272526,602922,0.0
2020-02-20,1907.0,1912.0,1903.0,1905.0,194121,611868,0.0
2020-02-21,1904.0,1913.0,1901.0,1912.0,184719,612412,0.0
2020-02-24,1912.0,1917.0,1910.0,1913.0,208084,593902,1913.0
2020-02-25,1913.0,1920.0,1909.0,1915.0,205594,583011,0.0
2020-02-26,1917.0,1918.0,1911.0,1913.0,108442,586656,0.0
2020-02-27,1914.0,1928.0,1913.0,1927.0,235906,600975,0.0
2020-02-28,1927.0,1933.0,1920.0,1922.0,389671,574401,0.0
2020-03-02,1927.0,1945.0,1927.0,1943.0,398068,575044,0.0
2020-03-03,1945.0,1950.0,1939.0,1941.0,277988,556607,0.0
2020-03-04,1942.0,1945.0,1936.0,1938.0,182035,545657,0.0
2020-03-05,1939.0,1945.0,1938.0,1943.0,139270,554489,0.0
2020-03-06,1941.0,1943.0,1933.0,1935.0,291177,507824,0.0
2020-03-09,1930.0,1938.0,1923.0,1933.0,263634,484945,0.0
2020-03-10,1933.0,1956.0,1931.0,1947.0,418099,472771,1945.0
2020-03-11,2000.0,2023.0,1998.0,2020.0,532402,616236,0.0
2020-03-12,2018.0,2022.0,1992.0,2008.0,603587,596137,0.0
2020-03-13,2003.0,2015.0,1999.0,2010.0,359306,605719,0.0
2020-03-16,2006.0,2018.0,1997.0,1999.0,414472,604072,0.0
2020-03-17,1996.0,2001.0,1991.0,1995.0,311711,554911,0.0
2020-03-18,1994.0,2006.0,1985.0,1987.0,405333,542611,1994.0
2020-03-19,1989.0,1992.0,1981.0,1985.0,340035,512084,0.0
2020-03-20,1989.0,2002.0,1989.0,2001.0,291008,528548,0.0
2020-03-23,2005.0,2021.0,2002.0,2017.0,500394,600364,0.0
2020-03-24,2017.0,2018.0,2005.0,2013.0,301978,584361,0.0
2020-03-25,2014.0,2029.0,2012.0,2026.0,456548,659468,0.0
2020-03-26,2024.0,2033.0,2018.0,2018.0,376209,659097,0.0
2020-03-27,2021.0,2035.0,2020.0,2034.0,357148,724010,0.0
2020-03-30,2044.0,2062.0,2041.0,2046.0,661156,791246,0.0
2020-03-31,2047.0,2051.0,2038.0,2048.0,332390,777752,0.0
2020-04-01,2048.0,2056.0,2032.0,2037.0,514412,758451,0.0
2020-04-02,2036.0,2049.0,2022.0,2031.0,561942,747346,0.0
2020-04-03,2035.0,2039.0,2028.0,2033.0,309144,747278,0.0
2020-04-07,2039.0,2039.0,2028.0,2030.0,285245,754826,0.0
2020-04-08,2032.0,2047.0,2027.0,2045.0,319063,810646,0.0
2020-04-09,2047.0,2051.0,2041.0,2043.0,279106,816187,0.0
2020-04-10,2043.0,2045.0,2036.0,2043.0,266019,809692,0.0
2020-04-13,2044.0,2050.0,2040.0,2044.0,292850,811910,0.0
2020-04-14,2044.0,2056.0,2043.0,2051.0,361080,812917,0.0
2020-04-15,2051.0,2072.0,2051.0,2070.0,472699,863922,0.0
2020-04-16,2070.0,2079.0,2063.0,2065.0,377090,829445,0.0
2020-04-17,2065.0,2070.0,2057.0,2065.0,278225,840716,0.0
2020-04-20,2068.0,2082.0,2059.0,2060.0,551718,848777,0.0
2020-04-21,2060.0,2066.0,2051.0,2063.0,385144,814928,0.0
2020-04-22,2066.0,2072.0,2058.0,2069.0,317661,823479,0.0
2020-04-23,2068.0,2079.0,2066.0,2078.0,307981,863729,0.0
2020-04-24,2079.0,2087.0,2077.0,2079.0,318445,872135,0.0
2020-04-27,2090.0,2109.0,2088.0,2098.0,526523,908903,0.0
2020-04-28,2099.0,2108.0,2091.0,2096.0,383772,901454,0.0
2020-04-29,2100.0,2102.0,2091.0,2094.0,225118,889499,0.0
2020-04-30,2091.0,2093.0,2067.0,2074.0,571093,826144,0.0
2020-05-06,2090.0,2094.0,2083.0,2086.0,297501,820431,0.0
2020-05-07,2086.0,2090.0,2068.0,2071.0,398609,864633,0.0
2020-05-08,2071.0,2074.0,2055.0,2061.0,546809,861234,0.0
2020-05-11,2060.0,2067.0,2045.0,2045.0,456688,833566,0.0
2020-05-12,2048.0,2053.0,2040.0,2045.0,310070,822629,0.0
2020-05-13,2045.0,2059.0,2042.0,2048.0,328806,791321,0.0
2020-05-14,2049.0,2054.0,2042.0,2043.0,292768,784887,0.0
2020-05-15,2042.0,2053.0,2027.0,2027.0,505393,737518,0.0
2020-05-18,2027.0,2051.0,2026.0,2049.0,452774,742380,0.0
2020-05-19,2049.0,2050.0,2038.0,2043.0,235754,746854,0.0
2020-05-20,2038.0,2041.0,2013.0,2032.0,589104,739135,0.0
2020-05-21,2027.0,2045.0,2019.0,2019.0,432862,726250,0.0
2020-05-22,2014.0,2027.0,2013.0,2022.0,311634,725748,0.0
2020-05-25,2019.0,2043.0,2018.0,2039.0,381542,716486,0.0
2020-05-26,2035.0,2047.0,2031.0,2041.0,263566,715661,0.0
2020-05-27,2043.0,2053.0,2040.0,2053.0,277610,703883,0.0
2020-05-28,2050.0,2066.0,2048.0,2062.0,410361,724506,0.0
2020-05-29,2062.0,2082.0,2062.0,2078.0,413582,711962,0.0
2020-06-01,2078.0,2084.0,2062.0,2069.0,418245,686909,0.0
2020-06-02,2070.0,2076.0,2064.0,2067.0,231800,694754,0.0
2020-06-03,2067.0,2074.0,2061.0,2065.0,285677,676553,0.0
2020-06-04,2065.0,2070.0,2053.0,2062.0,312368,659380,0.0
2020-06-05,2063.0,2075.0,2056.0,2073.0,293781,674946,0.0
2020-06-08,2073.0,2074.0,2056.0,2062.0,341966,652342,0.0
2020-06-09,2062.0,2079.0,2058.0,2077.0,388617,661397,0.0
2020-06-10,2077.0,2087.0,2071.0,2085.0,351148,691236,0.0
2020-06-11,2083.0,2098.0,2083.0,2096.0,373496,701474,0.0
2020-06-12,2094.0,2103.0,2085.0,2094.0,408468,679312,0.0
2020-06-15,2095.0,2123.0,2094.0,2118.0,597654,711509,0.0
2020-06-16,2118.0,2119.0,2111.0,2117.0,273447,708427,0.0
2020-06-17,2120.0,2129.0,2107.0,2127.0,407059,721868,0.0
2020-06-18,2122.0,2149.0,2122.0,2129.0,648457,717036,0.0
2020-06-19,2127.0,2130.0,2107.0,2121.0,510813,710253,0.0
2020-06-22,2120.0,2120.0,2096.0,2097.0,562586,721620,0.0
2020-06-23,2094.0,2108.0,2079.0,2088.0,623434,675007,0.0
2020-06-24,2090.0,2095.0,2081.0,2086.0,359428,686347,0.0
2020-06-29,2094.0,2121.0,2083.0,2118.0,594137,710461,0.0
2020-06-30,2112.0,2113.0,2082.0,2090.0,529597,695443,0.0
2020-07-01,2090.0,2101.0,2088.0,2096.0,318563,692657,0.0
2020-07-02,2096.0,2102.0,2076.0,2100.0,450631,662394,0.0
2020-07-03,2101.0,2114.0,2100.0,2106.0,436732,660690,0.0
2020-07-06,2106.0,2120.0,2102.0,2116.0,300265,657160,0.0
2020-07-07,2116.0,2124.0,2111.0,2114.0,330366,653638,0.0
2020-07-08,2114.0,2119.0,2110.0,2113.0,197125,646334,0.0
2020-07-09,2115.0,2148.0,2114.0,2145.0,489786,654622,0.0
2020-07-10,2148.0,2154.0,2134.0,2144.0,384916,644794,0.0
2020-07-13,2141.0,2151.0,2134.0,2144.0,398319,636521,0.0
2020-07-14,2144.0,2156.0,2120.0,2135.0,536936,596852,0.0
2020-07-15,2139.0,2152.0,2123.0,2146.0,489919,538790,0.0
2020-07-16,2146.0,2166.0,2142.0,2156.0,510348,541880,0.0
2020-07-17,2155.0,2164.0,2151.0,2162.0,236793,533341,0.0
2020-07-20,2165.0,2202.0,2162.0,2190.0,796282,564360,2183.0
2020-07-21,2186.0,2193.0,2167.0,2181.0,480011,534259,2180.0
2020-07-22,2181.0,2203.0,2172.0,2189.0,469830,528481,2187.0
2020-07-23,2190.0,2246.0,2190.0,2240.0,890817,555222,2220.0
2020-07-24,2240.0,2265.0,2230.0,2264.0,723736,550088,2249.0
2020-07-27,2260.0,2346.0,2254.0,2340.0,1063830,516079,2309.0
2020-07-28,2350.0,2350.0,2274.0,2294.0,981657,473148,2306.0
2020-07-29,2300.0,2319.0,2289.0,2311.0,615812,450022,2305.0
2020-07-30,2307.0,2327.0,2287.0,2321.0,730081,421249,2308.0
2020-07-31,2321.0,2366.0,2311.0,2323.0,813240,390795,2334.0
2020-08-03,2317.0,2329.0,2292.0,2318.0,551239,348260,2312.0
2020-08-04,2319.0,2326.0,2300.0,2311.0,324457,311120,2310.0
2020-08-05,2305.0,2310.0,2283.0,2285.0,309979,268156,2296.0
2020-08-06,2281.0,2316.0,2276.0,2284.0,307697,241770,2294.0
2020-08-07,2247.0,2254.0,2223.0,2224.0,498765,931777,2233.0
2020-08-10,2224.0,2238.0,2213.0,2219.0,506858,944652,2222.0
2020-08-11,2220.0,2234.0,2217.0,2231.0,359164,961737,2227.0
2020-08-12,2231.0,2240.0,2216.0,2224.0,566009,967320,2226.0
2020-08-13,2224.0,2238.0,2221.0,2228.0,392477,994013,2227.0
2020-08-14,2227.0,2301.0,2225.0,2296.0,1391064,1136517,2272.0
2020-08-17,2298.0,2314.0,2275.0,2299.0,1088317,1149261,2295.0
2020-08-18,2299.0,2322.0,2286.0,2290.0,908989,1157236,2302.0
2020-08-19,2290.0,2308.0,2286.0,2301.0,492615,1151579,2295.0
2020-08-20,2302.0,2320.0,2285.0,2310.0,860876,1205647,2305.0
2020-08-21,2310.0,2318.0,2284.0,2300.0,595479,1171082,2298.0
2020-08-24,2299.0,2303.0,2259.0,2266.0,724161,1179581,2276.0
2020-08-25,2272.0,2283.0,2266.0,2275.0,393890,1192202,2274.0
2020-08-26,2275.0,2298.0,2274.0,2298.0,605466,1217493,2288.0
2020-08-27,2297.0,2302.0,2256.0,2257.0,857264,1241182,2278.0
2020-08-28,2257.0,2272.0,2252.0,2267.0,519963,1217732,2262.0
2020-08-31,2263.0,2270.0,2254.0,2262.0,439151,1218279,2262.0
2020-09-01,2265.0,2280.0,2262.0,2273.0,510678,1226494,2271.0
2020-09-02,2270.0,2295.0,2267.0,2290.0,700329,1248039,2285.0
2020-09-03,2290.0,2290.0,2270.0,2275.0,565633,1200068,2278.0
2020-09-04,2280.0,2300.0,2276.0,2296.0,911164,1201340,2291.0
2020-09-07,2301.0,2350.0,2291.0,2347.0,1284416,1293669,2326.0
2020-09-08,2347.0,2351.0,2323.0,2335.0,737485,1275438,2335.0
2020-09-09,2330.0,2344.0,2322.0,2335.0,596355,1281355,2333.0
2020-09-10,2335.0,2372.0,2332.0,2370.0,947656,1360893,2356.0
2020-09-11,2370.0,2401.0,2361.0,2398.0,874180,1425515,2383.0
2020-09-14,2399.0,2450.0,2395.0,2419.0,1210110,1412838,2419.0
2020-09-15,2424.0,2433.0,2391.0,2402.0,854179,1380209,2409.0
2020-09-16,2404.0,2418.0,2392.0,2410.0,721322,1393145,2406.0
2020-09-17,2414.0,2447.0,2410.0,2426.0,934707,1443252,2429.0
2020-09-18,2423.0,2490.0,2415.0,2484.0,1267220,1576127,2458.0
2020-09-21,2484.0,2496.0,2469.0,2476.0,994327,1579089,2479.0
2020-09-22,2472.0,2499.0,2455.0,2470.0,1270877,1584047,2472.0
2020-09-23,2471.0,2486.0,2410.0,2421.0,1613504,1444557,2444.0
2020-09-24,2423.0,2444.0,2411.0,2438.0,804738,1417015,2429.0
2020-09-25,2435.0,2439.0,2416.0,2428.0,554756,1399152,2426.0
2020-09-28,2424.0,2479.0,2420.0,2464.0,858194,1369132,2456.0
2020-09-29,2464.0,2468.0,2451.0,2462.0,417658,1356682,2459.0
2020-09-30,2459.0,2470.0,2439.0,2468.0,606159,1336872,2451.0
2020-10-09,2499.0,2550.0,2495.0,2537.0,709524,1398935,2525.0
2020-10-12,2537.0,2580.0,2510.0,2571.0,1041509,1400605,2549.0
2020-10-13,2575.0,2575.0,2544.0,2562.0,705659,1406586,2556.0
2020-10-14,2556.0,2595.0,2556.0,2566.0,1201189,1420211,2575.0
2020-10-15,2566.0,2572.0,2514.0,2549.0,1127609,1411372,2549.0
2020-10-16,2547.0,2586.0,2536.0,2584.0,856774,1442034,2559.0
2020-10-19,2590.0,2629.0,2581.0,2589.0,1434580,1446902,2599.0
2020-10-20,2596.0,2610.0,2581.0,2591.0,784199,1449344,2593.0
2020-10-21,2591.0,2597.0,2565.0,2587.0,887310,1424793,2585.0
2020-10-22,2587.0,2592.0,2563.0,2575.0,600838,1396852,2575.0
2020-10-23,2580.0,2581.0,2567.0,2572.0,532045,1362780,2573.0
2020-10-26,2577.0,2600.0,2570.0,2583.0,928007,1342999,2584.0
2020-10-27,2585.0,2597.0,2575.0,2590.0,614085,1301335,2587.0
2020-10-28,2592.0,2609.0,2582.0,2603.0,760490,1323016,2595.0
2020-10-29,2588.0,2612.0,2581.0,2608.0,821259,1314620,2599.0
2020-10-30,2604.0,2626.0,2589.0,2621.0,803977,1314699,2608.0
2020-11-02,2624.0,2628.0,2548.0,2553.0,1301642,1164678,2580.0
2020-11-03,2555.0,2566.0,2533.0,2540.0,703283,1144185,2548.0
2020-11-04,2545.0,2552.0,2539.0,2547.0,427894,1142020,2544.0
2020-11-05,2546.0,2565.0,2540.0,2556.0,592812,1103205,2553.0
2020-11-06,2560.0,2569.0,2536.0,2541.0,552563,1069925,2549.0
2020-11-09,2542.0,2544.0,2492.0,2527.0,1017986,1020289,2517.0
2020-11-10,2530.0,2538.0,2513.0,2519.0,431413,1019225,2525.0
2020-11-11,2514.0,2556.0,2514.0,2553.0,595027,999191,2540.0
2020-11-12,2550.0,2566.0,2542.0,2559.0,402855,980719,2554.0
2020-11-13,2559.0,2572.0,2550.0,2564.0,411208,938413,2561.0
2020-11-16,2565.0,2611.0,2562.0,2592.0,620047,910594,2589.0
2020-11-17,2593.0,2601.0,2580.0,2597.0,469211,869407,2591.0
2020-11-18,2597.0,2603.0,2581.0,2590.0,412480,827016,2590.0
2020-11-19,2590.0,2619.0,2585.0,2610.0,434718,826544,2604.0
2020-11-20,2610.0,2614.0,2589.0,2599.0,446272,787438,2601.0
2020-11-23,2603.0,2615.0,2592.0,2604.0,513376,721379,2604.0
2020-11-24,2604.0,2606.0,2567.0,2570.0,470567,648155,2588.0
2020-11-25,2570.0,2590.0,2551.0,2575.0,516376,620656,2572.0
2020-11-26,2576.0,2597.0,2574.0,2594.0,307492,597112,2585.0
2020-11-27,2595.0,2596.0,2571.0,2578.0,338275,542269,2579.0
2020-11-30,2573.0,2612.0,2573.0,2601.0,398152,499076,2598.0
2020-12-01,2681.0,2692.0,2668.0,2682.0,499151,1006913,2680.0
2020-12-02,2689.0,2689.0,2651.0,2655.0,511321,995767,2665.0
2020-12-03,2652.0,2666.0,2644.0,2649.0,425005,991184,2654.0
2020-12-04,2640.0,2655.0,2621.0,2651.0,580833,991691,2635.0
2020-12-07,2642.0,2646.0,2609.0,2618.0,625378,1008531,2626.0
2020-12-08,2615.0,2630.0,2586.0,2588.0,580735,1048708,2606.0
2020-12-09,2589.0,2615.0,2588.0,2610.0,450893,1043874,2602.0
2020-12-10,2604.0,2619.0,2596.0,2609.0,431087,1020805,2606.0
2020-12-11,2606.0,2610.0,2580.0,2603.0,688168,1009952,2594.0
2020-12-14,2602.0,2609.0,2566.0,2577.0,607662,1002207,2580.0
2020-12-15,2577.0,2587.0,2556.0,2569.0,460013,1020148,2566.0
2020-12-16,2569.0,2607.0,2564.0,2604.0,511737,1010663,2587.0
2020-12-17,2602.0,2615.0,2598.0,2613.0,421895,1010881,2607.0
2020-12-18,2613.0,2623.0,2601.0,2615.0,411525,1008281,2611.0
2020-12-21,2615.0,2648.0,2610.0,2645.0,563884,972984,2635.0
2020-12-22,2643.0,2652.0,2631.0,2646.0,544907,980771,2641.0
2020-12-23,2649.0,2682.0,2638.0,2674.0,741242,1013119,2661.0
2020-12-24,2675.0,2677.0,2664.0,2667.0,413937,999561,2669.0
2020-12-25,2667.0,2684.0,2653.0,2678.0,771161,1019747,2670.0
2020-12-28,2674.0,2719.0,2671.0,2708.0,1012063,1044861,2698.0
2020-12-29,2713.0,2713.0,2686.0,2698.0,523370,1011552,2697.0
2020-12-30,2701.0,2732.0,2692.0,2731.0,614470,1049822,2713.0
2020-12-31,2727.0,2747.0,2723.0,2742.0,609624,1061496,2737.0
2021-01-04,2755.0,2779.0,2741.0,2746.0,633210,1059080,2761.0
2021-01-05,2745.0,2778.0,2745.0,2769.0,472262,1094596,2760.0
2021-01-06,2775.0,2798.0,2770.0,2786.0,481960,1111724,2781.0
2021-01-07,2786.0,2811.0,2784.0,2806.0,510450,1095080,2800.0
2021-01-08,2810.0,2840.0,2803.0,2835.0,630344,1116759,2821.0
2021-01-11,2842.0,2911.0,2801.0,2837.0,1181606,1073199,2855.0
2021-01-12,2840.0,2875.0,2807.0,2868.0,802689,1092354,2842.0
2021-01-13,2872.0,2930.0,2866.0,2872.0,953481,1084579,2890.0
2021-01-14,2877.0,2885.0,2831.0,2845.0,823129,1076007,2853.0
2021-01-15,2846.0,2880.0,2842.0,2869.0,597012,1080935,2859.0
2021-01-18,2875.0,2910.0,2872.0,2881.0,727752,1102739,2890.0
2021-01-19,2877.0,2897.0,2852.0,2868.0,625844,1091791,2876.0
2021-01-20,2868.0,2874.0,2832.0,2845.0,636369,1068392,2849.0
2021-01-21,2847.0,2873.0,2840.0,2849.0,546861,1061698,2856.0
2021-01-22,2845.0,2860.0,2805.0,2821.0,832473,1046926,2827.0
2021-01-25,2820.0,2837.0,2752.0,2772.0,945135,1004266,2789.0
2021-01-26,2772.0,2791.0,2764.0,2773.0,502120,994152,2778.0
2021-01-27,2778.0,2796.0,2757.0,2765.0,666309,985514,2777.0
2021-01-28,2768.0,2775.0,2725.0,2727.0,737921,984379,2746.0
2021-01-29,2730.0,2737.0,2704.0,2714.0,622614,995416,2720.0
2021-02-01,2714.0,2778.0,2714.0,2774.0,731003,984504,2753.0
2021-02-02,2774.0,2775.0,2753.0,2767.0,373350,977187,2763.0
2021-02-03,2763.0,2785.0,2743.0,2776.0,498774,967756,2760.0
2021-02-04,2773.0,2789.0,2764.0,2783.0,433194,956299,2776.0
2021-02-05,2779.0,2818.0,2778.0,2818.0,471733,972352,2795.0
2021-02-08,2818.0,2829.0,2750.0,2754.0,810869,932429,2788.0
2021-02-09,2757.0,2777.0,2754.0,2769.0,391922,919000,2765.0
2021-02-10,2766.0,2786.0,2764.0,2767.0,361125,889316,2773.0
2021-02-18,2782.0,2832.0,2765.0,2828.0,559446,889835,2804.0
2021-02-19,2822.0,2836.0,2790.0,2815.0,616083,886743,2815.0
2021-02-22,2820.0,2855.0,2776.0,2797.0,1167525,833606,2812.0
2021-02-23,2797.0,2805.0,2763.0,2786.0,823365,831486,2781.0
2021-02-24,2792.0,2815.0,2768.0,2810.0,672916,842071,2790.0
2021-02-25,2812.0,2840.0,2802.0,2827.0,703379,826248,2818.0
2021-02-26,2828.0,2832.0,2776.0,2777.0,753143,792753,2800.0
2021-03-01,2783.0,2813.0,2773.0,2789.0,598965,783007,2789.0
2021-03-02,2785.0,2797.0,2760.0,2781.0,561589,765142,2777.0
2021-03-03,2786.0,2792.0,2762.0,2763.0,470821,765137,2776.0
2021-03-04,2763.0,2769.0,2748.0,2758.0,512033,735833,2759.0
2021-03-05,2763.0,2822.0,2758.0,2819.0,825375,714487,2790.0
2021-03-08,2818.0,2831.0,2798.0,2824.0,611638,685152,2814.0
2021-03-09,2820.0,2821.0,2768.0,2771.0,621703,613730,2782.0
2021-03-10,2771.0,2776.0,2713.0,2716.0,797860,652155,2744.0
2021-03-11,2722.0,2730.0,2701.0,2710.0,596302,658841,2716.0
2021-03-12,2710.0,2731.0,2661.0,2717.0,891493,656045,2699.0
2021-03-15,2717.0,2721.0,2669.0,2710.0,540420,644504,2697.0
2021-03-16,2710.0,2726.0,2694.0,2716.0,436868,622082,2710.0
2021-03-17,2721.0,2740.0,2696.0,2704.0,517709,607797,2718.0
2021-03-18,2700.0,2711.0,2680.0,2695.0,422242,603070,2695.0
2021-03-19,2695.0,2713.0,2686.0,2706.0,366892,595853,2699.0
2021-03-22,2700.0,2735.0,2699.0,2725.0,468638,569106,2718.0
2021-03-23,2725.0,2727.0,2713.0,2719.0,296056,552622,2718.0
2021-03-24,2719.0,2731.0,2703.0,2709.0,391501,549836,2718.0
2021-03-25,2712.0,2730.0,2706.0,2709.0,398488,519754,2716.0
2021-03-26,2710.0,2724.0,2703.0,2713.0,354188,510313,2714.0
2021-03-29,2712.0,2717.0,2636.0,2654.0,853428,547185,2673.0
2021-03-30,2662.0,2667.0,2633.0,2637.0,426816,552246,2650.0
2021-03-31,2630.0,2643.0,2605.0,2631.0,510109,545537,2624.0
2021-04-01,2633.0,2706.0,2612.0,2626.0,590974,504639,2640.0
2021-04-02,2616.0,2627.0,2593.0,2603.0,479641,493278,2610.0
2021-04-06,2621.0,2637.0,2598.0,2631.0,306487,460257,2618.0
2021-04-07,2646.0,2665.0,2623.0,2659.0,405437,413885,2644.0
2021-04-08,2660.0,2713.0,2652.0,2712.0,476130,381233,2686.0
2021-04-09,2711.0,2715.0,2686.0,2692.0,352830,336305,2696.0
2021-04-12,2692.0,2698.0,2670.0,2674.0,281113,315143,2681.0
2021-04-13,2624.0,2645.0,2609.0,2639.0,415753,463565,2625.0
2021-04-14,2639.0,2656.0,2633.0,2646.0,364471,473071,2643.0
2021-04-15,2646.0,2685.0,2646.0,2684.0,502619,494973,2669.0
2021-04-16,2686.0,2701.0,2679.0,2699.0,510022,542930,2690.0
2021-04-19,2699.0,2722.0,2683.0,2712.0,522225,572979,2704.0
2021-04-20,2717.0,2722.0,2670.0,2703.0,473794,586805,2698.0
2021-04-21,2703.0,2719.0,2697.0,2717.0,380905,605232,2710.0
2021-04-22,2718.0,2757.0,2718.0,2753.0,489047,619462,2737.0
2021-04-23,2753.0,2774.0,2750.0,2759.0,437733,639323,2760.0
2021-04-26,2759.0,2767.0,2722.0,2744.0,458001,636535,2750.0
2021-04-27,2744.0,2779.0,2744.0,2764.0,471482,639252,2760.0
2021-04-28,2764.0,2772.0,2730.0,2769.0,591904,634182,2755.0
2021-04-29,2770.0,2774.0,2745.0,2751.0,415629,632604,2757.0
2021-04-30,2756.0,2759.0,2717.0,2733.0,507846,591569,2736.0
2021-05-06,2759.0,2771.0,2751.0,2763.0,466637,584774,2760.0
2021-05-07,2762.0,2838.0,2757.0,2817.0,697127,633796,2801.0
2021-05-10,2817.0,2850.0,2813.0,2832.0,680043,610826,2833.0
2021-05-11,2832.0,2840.0,2811.0,2831.0,431048,613324,2826.0
2021-05-12,2839.0,2887.0,2833.0,2872.0,682326,639223,2858.0
2021-05-13,2870.0,2870.0,2792.0,2803.0,717965,575097,2824.0
2021-05-14,2800.0,2808.0,2761.0,2782.0,530529,565365,2779.0
2021-05-17,2783.0,2813.0,2760.0,2772.0,576336,555651,2780.0
2021-05-18,2775.0,2783.0,2761.0,2774.0,405312,559518,2770.0
2021-05-19,2770.0,2788.0,2745.0,2768.0,477745,555526,2763.0
2021-05-20,2767.0,2772.0,2731.0,2759.0,530334,548416,2752.0
2021-05-21,2769.0,2784.0,2756.0,2764.0,577242,544727,2769.0
2021-05-24,2764.0,2773.0,2711.0,2737.0,724509,523049,2745.0
2021-05-25,2735.0,2760.0,2724.0,2730.0,478360,526333,2740.0
2021-05-26,2733.0,2740.0,2668.0,2670.0,747357,596053,2695.0
2021-05-27,2665.0,2690.0,2655.0,2669.0,519573,603841,2671.0
2021-05-28,2669.0,2722.0,2662.0,2682.0,581869,589064,2686.0
2021-05-31,2682.0,2710.0,2659.0,2666.0,562718,595732,2683.0
2021-06-01,2663.0,2696.0,2657.0,2693.0,453044,583709,2680.0
2021-06-02,2702.0,2724.0,2690.0,2715.0,502304,554438,2707.0
2021-06-03,2715.0,2740.0,2707.0,2733.0,439278,547029,2728.0
2021-06-04,2731.0,2734.0,2697.0,2713.0,503205,543467,2716.0
2021-06-07,2725.0,2735.0,2699.0,2705.0,502249,545309,2714.0
2021-06-08,2705.0,2708.0,2670.0,2689.0,525170,555877,2688.0
2021-06-09,2689.0,2712.0,2679.0,2707.0,415042,549904,2691.0
2021-06-10,2705.0,2735.0,2693.0,2730.0,531460,543886,2716.0
2021-06-11,2735.0,2768.0,2721.0,2765.0,532189,562564,2741.0
2021-06-15,2738.0,2740.0,2674.0,2682.0,634997,517719,2691.0
2021-06-16,2682.0,2696.0,2666.0,2668.0,415274,541446,2681.0
2021-06-17,2668.0,2689.0,2666.0,2670.0,368653,551490,2677.0
2021-06-18,2661.0,2663.0,2601.0,2619.0,764369,578082,2624.0
2021-06-21,2624.0,2632.0,2568.0,2595.0,611441,606561,2595.0
2021-06-22,2589.0,2605.0,2580.0,2583.0,383150,603941,2591.0
2021-06-23,2580.0,2603.0,2569.0,2597.0,420323,596105,2588.0
2021-06-24,2590.0,2609.0,2583.0,2588.0,457926,613790,2593.0
2021-06-25,2582.0,2607.0,2575.0,2588.0,352753,617549,2589.0
2021-06-28,2588.0,2616.0,2556.0,2614.0,644631,601017,2594.0
2021-06-29,2614.0,2636.0,2599.0,2627.0,443735,579767,2621.0
2021-06-30,2622.0,2625.0,2606.0,2613.0,347822,566391,2614.0
2021-07-01,2613.0,2657.0,2600.0,2621.0,600026,573397,2624.0
2021-07-02,2623.0,2641.0,2621.0,2631.0,479488,543449,2631.0
2021-07-05,2631.0,2631.0,2575.0,2607.0,712061,571519,2598.0
2021-07-06,2607.0,2609.0,2582.0,2588.0,427402,589661,2593.0
2021-07-07,2588.0,2603.0,2567.0,2574.0,574866,609367,2583.0
2021-07-08,2562.0,2585.0,2557.0,2569.0,518546,621060,2570.0
2021-07-09,2569.0,2574.0,2558.0,2567.0,408378,630818,2567.0
2021-07-12,2565.0,2587.0,2543.0,2556.0,690785,656057,2562.0
2021-07-13,2565.0,2601.0,2557.0,2595.0,669104,618899,2579.0
2021-07-14,2591.0,2627.0,2581.0,2624.0,649754,608248,2607.0
2021-07-15,2623.0,2629.0,2604.0,2609.0,462930,590230,2617.0
2021-07-16,2618.0,2618.0,2572.0,2574.0,620664,572564,2589.0
2021-07-19,2576.0,2588.0,2527.0,2528.0,729205,634636,2547.0
2021-07-20,2530.0,2537.0,2509.0,2517.0,516727,654959,2522.0
2021-07-21,2525.0,2541.0,2511.0,2519.0,499581,669156,2525.0
2021-07-22,2519.0,2532.0,2506.0,2512.0,448619,674463,2520.0
2021-07-23,2511.0,2534.0,2502.0,2524.0,441752,645571,2523.0
2021-07-26,2531.0,2555.0,2525.0,2544.0,569926,601470,2541.0
2021-07-27,2548.0,2582.0,2533.0,2577.0,638287,543865,2558.0
2021-07-28,2570.0,2578.0,2553.0,2564.0,384356,519314,2566.0
2021-07-29,2569.0,2577.0,2555.0,2562.0,335997,507840,2563.0
2021-07-30,2562.0,2575.0,2561.0,2573.0,330728,501985,2569.0
2021-08-02,2572.0,2595.0,2543.0,2591.0,701302,467324,2572.0
2021-08-03,2591.0,2610.0,2582.0,2607.0,446864,460737,2599.0
2021-08-04,2608.0,2611.0,2586.0,2608.0,410852,441559,2598.0
2021-08-05,2617.0,2627.0,2606.0,2616.0,412409,424234,2617.0
2021-08-06,2616.0,2629.0,2600.0,2601.0,410858,408747,2613.0
2021-08-09,2603.0,2614.0,2594.0,2604.0,375017,391305,2604.0
2021-08-10,2603.0,2608.0,2571.0,2577.0,388623,376829,2586.0
2021-08-11,2578.0,2591.0,2568.0,2580.0,317525,344417,2577.0
2021-08-12,2577.0,2615.0,2575.0,2614.0,408318,320088,2599.0
2021-08-13,2594.0,2632.0,2594.0,2631.0,305291,292738,2614.0
2021-08-16,2603.0,2617.0,2585.0,2597.0,716915,539311,2602.0
2021-08-17,2597.0,2598.0,2581.0,2593.0,447490,560519,2588.0
2021-08-18,2595.0,2606.0,2553.0,2556.0,726655,586245,2572.0
2021-08-19,2558.0,2568.0,2551.0,2552.0,449579,589486,2557.0
2021-08-20,2550.0,2557.0,2500.0,2501.0,781820,703785,2522.0
2021-08-23,2501.0,2519.0,2487.0,2497.0,568026,733801,2501.0
2021-08-24,2497.0,2516.0,2495.0,2510.0,410981,725114,2509.0
2021-08-25,2505.0,2523.0,2501.0,2502.0,386402,736831,2512.0
2021-08-26,2507.0,2510.0,2492.0,2494.0,425434,751177,2500.0
2021-08-27,2494.0,2504.0,2474.0,2478.0,549153,793999,2487.0
2021-08-30,2478.0,2494.0,2472.0,2482.0,494510,811298,2481.0
2021-08-31,2485.0,2490.0,2476.0,2487.0,328320,807879,2483.0
2021-09-01,2486.0,2486.0,2462.0,2463.0,544967,866107,2474.0
2021-09-02,2463.0,2510.0,2457.0,2495.0,773320,809534,2480.0
2021-09-03,2497.0,2499.0,2487.0,2491.0,383528,797303,2492.0
2021-09-06,2491.0,2497.0,2458.0,2461.0,608677,875136,2471.0
2021-09-07,2465.0,2468.0,2455.0,2462.0,394608,891943,2462.0
2021-09-08,2458.0,2486.0,2452.0,2461.0,676642,889115,2469.0
2021-09-09,2465.0,2469.0,2450.0,2463.0,577549,897907,2459.0
2021-09-10,2463.0,2470.0,2451.0,2453.0,478154,937135,2459.0
2021-09-13,2459.0,2484.0,2455.0,2477.0,824087,906391,2471.0
2021-09-14,2475.0,2477.0,2455.0,2457.0,589349,959444,2460.0
2021-09-15,2460.0,2475.0,2455.0,2459.0,656907,943203,2466.0
2021-09-16,2457.0,2462.0,2436.0,2437.0,753753,1029494,2448.0
2021-09-17,2442.0,2448.0,2434.0,2437.0,486668,1018734,2441.0
2021-09-22,2430.0,2466.0,2429.0,2463.0,630994,972714,2455.0
2021-09-23,2457.0,2485.0,2457.0,2484.0,656923,955940,2471.0
2021-09-24,2478.0,2490.0,2476.0,2485.0,501064,941241,2485.0
2021-09-27,2485.0,2491.0,2465.0,2481.0,506820,915759,2478.0
2021-09-28,2481.0,2495.0,2469.0,2473.0,480349,907125,2480.0
2021-09-29,2473.0,2483.0,2468.0,2481.0,407121,867857,2475.0
2021-09-30,2481.0,2520.0,2471.0,2520.0,737415,821784,2497.0
2021-10-08,2510.0,2510.0,2480.0,2490.0,504363,834412,2489.0
2021-10-11,2490.0,2548.0,2489.0,2544.0,854210,856064,2523.0
2021-10-12,2544.0,2554.0,2529.0,2537.0,593124,840483,2537.0
2021-10-13,2537.0,2584.0,2519.0,2558.0,866211,853987,2554.0
2021-10-14,2550.0,2558.0,2523.0,2527.0,521830,831215,2536.0
2021-10-15,2530.0,2573.0,2529.0,2572.0,727981,847623,2555.0
2021-10-18,2562.0,2565.0,2535.0,2542.0,579243,837716,2551.0
2021-10-19,2538.0,2575.0,2534.0,2569.0,641767,850074,2556.0
2021-10-20,2564.0,2576.0,2551.0,2568.0,568175,843108,2563.0
2021-10-21,2568.0,2591.0,2567.0,2569.0,556259,841091,2580.0
2021-10-22,2571.0,2583.0,2560.0,2568.0,570999,807122,2569.0
2021-10-25,2568.0,2621.0,2540.0,2618.0,1011967,779568,2585.0
2021-10-26,2622.0,2644.0,2608.0,2628.0,690115,773460,2622.0
2021-10-27,2627.0,2627.0,2597.0,2609.0,448599,766723,2611.0
2021-10-28,2609.0,2611.0,2565.0,2587.0,820926,701823,2590.0
2021-10-29,2588.0,2635.0,2587.0,2627.0,666012,742734,2610.0
2021-11-01,2627.0,2639.0,2605.0,2616.0,533345,736262,2621.0
2021-11-02,2608.0,2657.0,2608.0,2637.0,607332,754636,2633.0
2021-11-03,2639.0,2675.0,2635.0,2657.0,611686,743689,2654.0
2021-11-04,2655.0,2689.0,2648.0,2676.0,481578,774788,2669.0
2021-11-05,2676.0,2700.0,2652.0,2674.0,550266,772497,2676.0
2021-11-08,2671.0,2730.0,2661.0,2690.0,683526,767249,2690.0
2021-11-09,2690.0,2724.0,2684.0,2720.0,640872,784484,2708.0
2021-11-10,2721.0,2734.0,2715.0,2727.0,473121,790172,2724.0
2021-11-11,2727.0,2736.0,2677.0,2685.0,590494,758022,2702.0
2021-11-12,2676.0,2690.0,2651.0,2663.0,493793,732796,2671.0
2021-11-15,2663.0,2674.0,2637.0,2658.0,510578,738922,2653.0
2021-11-16,2658.0,2685.0,2652.0,2680.0,350739,752194,2670.0
2021-11-17,2680.0,2695.0,2664.0,2678.0,458022,756279,2679.0
2021-11-18,2687.0,2688.0,2664.0,2679.0,358915,733041,2677.0
2021-11-19,2679.0,2712.0,2679.0,2705.0,539448,731842,2694.0
2021-11-22,2705.0,2712.0,2666.0,2670.0,534221,702301,2682.0
2021-11-23,2668.0,2674.0,2641.0,2642.0,518912,661967,2659.0
2021-11-24,2633.0,2648.0,2617.0,2637.0,472476,646807,2635.0
2021-11-25,2637.0,2656.0,2628.0,2644.0,387857,633402,2638.0
2021-11-26,2650.0,2672.0,2644.0,2648.0,406507,608970,2658.0
2021-11-29,2649.0,2676.0,2636.0,2658.0,407289,604421,2657.0
2021-11-30,2658.0,2680.0,2639.0,2645.0,444083,572539,2660.0
2021-12-01,2645.0,2667.0,2632.0,2666.0,480377,535707,2645.0
2021-12-02,2666.0,2685.0,2661.0,2676.0,423939,504155,2670.0
2021-12-03,2676.0,2681.0,2655.0,2661.0,313697,448295,2671.0
2021-12-06,2655.0,2664.0,2640.0,2643.0,293121,398827,2650.0
2021-12-07,2683.0,2700.0,2680.0,2694.0,377508,782842,2689.0
2021-12-08,2700.0,2720.0,2694.0,2713.0,480456,823707,2709.0
2021-12-09,2710.0,2718.0,2685.0,2694.0,422560,831969,2701.0
2021-12-10,2691.0,2709.0,2685.0,2705.0,322763,833661,2693.0
2021-12-13,2709.0,2742.0,2701.0,2732.0,760333,965124,2727.0
2021-12-14,2732.0,2738.0,2714.0,2734.0,380611,980529,2729.0
2021-12-15,2738.0,2756.0,2731.0,2748.0,508344,1012515,2743.0
2021-12-16,2749.0,2750.0,2718.0,2730.0,517411,999357,2733.0
2021-12-17,2726.0,2739.0,2726.0,2735.0,281216,994712,2733.0
2021-12-20,2731.0,2743.0,2708.0,2714.0,531898,993250,2724.0
2021-12-21,2710.0,2724.0,2705.0,2709.0,357076,990274,2714.0
2021-12-22,2703.0,2706.0,2686.0,2688.0,527979,1010632,2694.0
2021-12-23,2685.0,2709.0,2682.0,2706.0,445983,975754,2699.0
2021-12-24,2702.0,2706.0,2691.0,2696.0,323731,976222,2697.0
2021-12-27,2690.0,2713.0,2682.0,2695.0,435777,980826,2695.0
2021-12-28,2697.0,2699.0,2680.0,2681.0,374632,999767,2686.0
2021-12-29,2683.0,2684.0,2663.0,2664.0,546634,1029554,2672.0
2021-12-30,2662.0,2692.0,2660.0,2687.0,448675,1038409,0.0
2021-12-31,2683.0,2687.0,2665.0,2672.0,374613,1015352,2673.0
2022-01-04,2675.0,2703.0,2675.0,2702.0,423438,983130,2695.0
2022-01-05,2700.0,2716.0,2692.0,2711.0,409232,983845,2704.0
2022-01-06,2710.0,2710.0,2674.0,2676.0,538777,995359,2688.0
2022-01-07,2677.0,2686.0,2670.0,2682.0,362308,1033416,2676.0
2022-01-10,2682.0,2702.0,2679.0,2687.0,428181,1005997,2691.0
2022-01-11,2690.0,2700.0,2676.0,2696.0,407007,980541,2688.0
2022-01-12,2700.0,2724.0,2692.0,2720.0,577345,1048963,2710.0
2022-01-13,2721.0,2727.0,2711.0,2719.0,391088,1061483,2720.0
2022-01-14,2723.0,2738.0,2719.0,2735.0,465643,1087499,2728.0
2022-01-17,2735.0,2736.0,2710.0,2721.0,429716,1084994,2723.0
2022-01-18,2721.0,2730.0,2714.0,2719.0,324407,1098812,2721.0
2022-01-19,2719.0,2745.0,2711.0,2733.0,531564,1150594,2731.0
2022-01-20,2739.0,2759.0,2732.0,2756.0,479763,1204531,2746.0
2022-01-21,2756.0,2765.0,2733.0,2736.0,562200,1179588,2747.0
2022-01-24,2735.0,2745.0,2731.0,2732.0,338287,1160215,2735.0
2022-01-25,2738.0,2765.0,2725.0,2758.0,486024,1194288,2745.0
2022-01-26,2754.0,2779.0,2754.0,2775.0,464961,1226400,2767.0
2022-01-27,2775.0,2783.0,2763.0,2768.0,377241,1216769,2771.0
2022-01-28,2768.0,2780.0,2759.0,2763.0,423918,1161813,2768.0
2022-02-07,2785.0,2785.0,2746.0,2749.0,491798,1173686,2762.0
2022-02-08,2749.0,2795.0,2749.0,2791.0,559255,1232421,2780.0
2022-02-09,2787.0,2790.0,2767.0,2775.0,377912,1214925,2777.0
2022-02-10,2778.0,2792.0,2771.0,2788.0,406566,1240172,2783.0
2022-02-11,2790.0,2797.0,2764.0,2766.0,489785,1209290,2776.0
2022-02-14,2770.0,2788.0,2769.0,2774.0,395751,1206595,2777.0
2022-02-15,2769.0,2784.0,2764.0,2770.0,365971,1211518,2774.0
2022-02-16,2765.0,2774.0,2754.0,2765.0,471245,1197986,2763.0
2022-02-17,2764.0,2782.0,2759.0,2777.0,362561,1189394,2769.0
2022-02-18,2780.0,2782.0,2769.0,2773.0,272847,1171723,2775.0
2022-02-21,2773.0,2784.0,2760.0,2763.0,389782,1172826,2769.0
2022-02-22,2760.0,2793.0,2733.0,2785.0,650873,1178048,2770.0
2022-02-23,2780.0,2810.0,2767.0,2805.0,626990,1228570,2789.0
2022-02-24,2806.0,2863.0,2801.0,2837.0,963748,1283291,2828.0
2022-02-25,2845.0,2859.0,2812.0,2848.0,720770,1279384,2840.0
2022-02-28,2820.0,2867.0,2813.0,2856.0,717071,1286532,2843.0
2022-03-01,2863.0,2878.0,2850.0,2874.0,602530,1299534,2864.0
2022-03-02,2875.0,2918.0,2855.0,2885.0,818205,1305127,2886.0
2022-03-03,2885.0,2902.0,2868.0,2893.0,472506,1293036,2885.0
2022-03-04,2893.0,2917.0,2882.0,2886.0,560032,1287502,2899.0
2022-03-07,2905.0,2932.0,2893.0,2923.0,613668,1292999,2915.0
2022-03-08,2923.0,2923.0,2864.0,2893.0,574464,1216074,2890.0
2022-03-09,2883.0,2890.0,2855.0,2888.0,462901,1181058,2871.0
2022-03-10,2875.0,2883.0,2841.0,2842.0,480798,1080944,2857.0
2022-03-11,2848.0,2865.0,2840.0,2860.0,350272,1057561,2854.0
2022-03-14,2852.0,2868.0,2830.0,2855.0,431605,1011380,2848.0
2022-03-15,2859.0,2876.0,2843.0,2843.0,426695,968621,2859.0
2022-03-16,2844.0,2871.0,2837.0,2863.0,308608,960340,2855.0
2022-03-17,2864.0,2869.0,2844.0,2854.0,295485,945305,2854.0
2022-03-18,2860.0,2892.0,2855.0,2889.0,390019,979692,2876.0
2022-03-21,2887.0,2894.0,2869.0,2885.0,347285,952266,2879.0
2022-03-22,2885.0,2905.0,2884.0,2896.0,325551,969140,2894.0
2022-03-23,2890.0,2909.0,2885.0,2906.0,287171,969742,2897.0
2022-03-24,2916.0,2923.0,2892.0,2902.0,386509,949103,2907.0
2022-03-25,2899.0,2911.0,2881.0,2887.0,352879,924331,2895.0
2022-03-28,2887.0,2914.0,2858.0,2863.0,471431,854635,2884.0
2022-03-29,2857.0,2870.0,2849.0,2855.0,302996,815852,2860.0
2022-03-30,2840.0,2854.0,2820.0,2842.0,405624,746326,2839.0
2022-03-31,2842.0,2855.0,2835.0,2840.0,190017,727962,2843.0
2022-04-01,2923.0,2935.0,2899.0,2902.0,293822,660644,2917.0
2022-04-06,2918.0,2963.0,2917.0,2959.0,327159,738733,2945.0
2022-04-07,2955.0,2962.0,2945.0,2951.0,349160,799217,2952.0
2022-04-08,2940.0,2950.0,2917.0,2924.0,431208,850700,2928.0
2022-04-11,2924.0,2934.0,2912.0,2914.0,357916,888751,2923.0
2022-04-12,2907.0,2921.0,2904.0,2919.0,277911,919086,2913.0
2022-04-13,2917.0,2933.0,2906.0,2917.0,343000,937627,2919.0
2022-04-14,2920.0,2954.0,2914.0,2949.0,490908,1023134,2937.0
2022-04-15,2949.0,2971.0,2942.0,2970.0,348760,1069061,2959.0
2022-04-18,2970.0,2972.0,2955.0,2967.0,289795,1098557,2963.0
2022-04-19,2969.0,2998.0,2959.0,2991.0,456375,1152917,2984.0
2022-04-20,2991.0,3014.0,2983.0,3008.0,487517,1200955,2998.0
2022-04-21,3025.0,3025.0,3004.0,3014.0,327271,1221194,3013.0
2022-04-22,3005.0,3019.0,2981.0,2985.0,520642,1220843,3000.0
2022-04-25,3000.0,3000.0,2966.0,2967.0,532304,1207738,2981.0
2022-04-26,2968.0,3009.0,2968.0,2994.0,458734,1228570,2991.0
2022-04-27,2994.0,3005.0,2975.0,2986.0,415333,1230737,2988.0
2022-04-28,2986.0,3031.0,2985.0,3030.0,571760,1293569,3009.0
2022-04-29,3031.0,3046.0,3013.0,3044.0,511906,1334863,3027.0
2022-05-05,3035.0,3035.0,3016.0,3022.0,298332,1314546,3024.0
2022-05-06,3027.0,3029.0,2985.0,2991.0,507396,1283535,3003.0
2022-05-09,2987.0,3003.0,2980.0,2988.0,381887,1270337,2990.0
2022-05-10,2988.0,3000.0,2947.0,2964.0,617769,1184257,2971.0
2022-05-11,2972.0,2982.0,2962.0,2967.0,298605,1200871,2971.0
2022-05-12,2962.0,2987.0,2962.0,2972.0,319893,1217317,2974.0
2022-05-13,2972.0,3005.0,2967.0,2993.0,409622,1236371,2990.0
2022-05-16,2993.0,3002.0,2978.0,3000.0,389512,1253691,2992.0
2022-05-17,2998.0,3022.0,2991.0,3010.0,470401,1291698,3008.0
2022-05-18,3012.0,3020.0,3001.0,3007.0,297511,1274932,3011.0
2022-05-19,3008.0,3018.0,2992.0,2998.0,357207,1254647,3003.0
2022-05-20,2995.0,3012.0,2986.0,3010.0,347574,1258205,2998.0
2022-05-23,3005.0,3008.0,2982.0,2984.0,407377,1247421,2993.0
2022-05-24,2984.0,2989.0,2953.0,2955.0,464164,1239299,2969.0
2022-05-25,2954.0,2966.0,2923.0,2943.0,634173,1231195,2942.0
2022-05-26,2935.0,2943.0,2919.0,2936.0,398506,1221095,2931.0
2022-05-27,2932.0,2954.0,2920.0,2944.0,386619,1230802,2938.0
2022-05-30,2944.0,2950.0,2921.0,2922.0,362274,1264026,2933.0
2022-05-31,2922.0,2946.0,2919.0,2935.0,288283,1270711,2935.0
2022-06-01,2931.0,2934.0,2870.0,2875.0,743164,1307663,2897.0
2022-06-02,2888.0,2893.0,2864.0,2875.0,466604,1313659,2877.0
2022-06-06,2885.0,2902.0,2884.0,2891.0,269247,1296503,2893.0
2022-06-07,2883.0,2897.0,2878.0,2881.0,226793,1308202,2886.0
2022-06-08,2891.0,2909.0,2884.0,2896.0,395829,1332275,2896.0
2022-06-09,2897.0,2903.0,2851.0,2851.0,416192,1369092,2877.0
2022-06-10,2852.0,2872.0,2845.0,2867.0,355279,1372476,2860.0
2022-06-13,2868.0,2892.0,2862.0,2886.0,365150,1343337,2877.0
2022-06-14,2891.0,2913.0,2878.0,2888.0,355004,1318469,2893.0
2022-06-15,2891.0,2891.0,2872.0,2880.0,294310,1349742,2881.0
2022-06-16,2883.0,2895.0,2879.0,2887.0,286137,1344316,2888.0
2022-06-17,2893.0,2909.0,2885.0,2905.0,359106,1315862,2897.0
2022-06-20,2909.0,2920.0,2896.0,2902.0,385000,1290224,2906.0
2022-06-21,2902.0,2912.0,2882.0,2900.0,347350,1272830,2895.0
2022-06-22,2892.0,2898.0,2851.0,2857.0,556486,1218932,2872.0
2022-06-23,2858.0,2864.0,2807.0,2829.0,627915,1168201,2834.0
2022-06-24,2832.0,2834.0,2772.0,2786.0,527861,1172811,2795.0
2022-06-27,2802.0,2811.0,2786.0,2797.0,366110,1149689,2799.0
2022-06-28,2797.0,2820.0,2793.0,2815.0,301726,1123144,2805.0
2022-06-29,2813.0,2818.0,2805.0,2811.0,207451,1122072,2811.0
2022-06-30,2811.0,2818.0,2770.0,2780.0,374655,1142264,2792.0
2022-07-01,2770.0,2774.0,2700.0,2704.0,624043,1160893,2739.0
2022-07-04,2712.0,2728.0,2681.0,2719.0,488766,1137144,2707.0
2022-07-05,2719.0,2721.0,2684.0,2691.0,325721,1146475,2703.0
2022-07-06,2691.0,2691.0,2655.0,2688.0,540778,1100805,2672.0
2022-07-07,2691.0,2733.0,2683.0,2718.0,437703,1086448,2705.0
2022-07-08,2727.0,2733.0,2713.0,2726.0,252356,1087099,2722.0
2022-07-11,2726.0,2761.0,2719.0,2743.0,347445,1044261,2743.0
2022-07-12,2748.0,2748.0,2710.0,2711.0,330725,1032424,2726.0
2022-07-13,2705.0,2710.0,2671.0,2705.0,392519,1019290,2691.0
2022-07-14,2698.0,2718.0,2686.0,2707.0,257427,1003454,2704.0
2022-07-15,2707.0,2710.0,2671.0,2682.0,342030,993167,2696.0
2022-07-18,2682.0,2688.0,2661.0,2681.0,341496,977105,2676.0
2022-07-19,2688.0,2700.0,2609.0,2612.0,451553,996717,2659.0
2022-07-20,2610.0,2633.0,2597.0,2620.0,396249,938069,2613.0
2022-07-21,2620.0,2626.0,2602.0,2618.0,236878,931863,2613.0
2022-07-22,2606.0,2607.0,2554.0,2564.0,392803,910932,2577.0
2022-07-25,2565.0,2601.0,2548.0,2599.0,443761,869834,2580.0
2022-07-26,2601.0,2636.0,2600.0,2625.0,340027,836761,2620.0
2022-07-27,2630.0,2647.0,2621.0,2647.0,259080,809859,2635.0
2022-07-28,2650.0,2680.0,2648.0,2672.0,326656,760523,2663.0
2022-07-29,2675.0,2685.0,2652.0,2670.0,228197,736606,2666.0
2022-08-01,2681.0,2696.0,2655.0,2667.0,278572,689813,2670.0
2022-08-02,2660.0,2687.0,2643.0,2684.0,305623,632293,2669.0
2022-08-03,2680.0,2704.0,2669.0,2685.0,237674,609832,2682.0
2022-08-04,2689.0,2690.0,2648.0,2658.0,202411,603152,2671.0
2022-08-05,2662.0,2690.0,2661.0,2688.0,212855,567606,2677.0
2022-08-08,2686.0,2694.0,2655.0,2685.0,292999,520362,2673.0
2022-08-09,2685.0,2715.0,2675.0,2705.0,246499,467568,2697.0
2022-08-10,2710.0,2734.0,2710.0,2722.0,254204,404409,2721.0
2022-08-11,2727.0,2729.0,2691.0,2707.0,159480,352497,2707.0
2022-08-12,2733.0,2770.0,2728.0,2757.0,294372,710393,2750.0
2022-08-15,2752.0,2760.0,2710.0,2718.0,348175,744475,2739.0
2022-08-16,2715.0,2766.0,2699.0,2755.0,338205,759215,2738.0
2022-08-17,2744.0,2750.0,2712.0,2725.0,275637,764191,2729.0
2022-08-18,2730.0,2730.0,2680.0,2687.0,369023,783265,2702.0
2022-08-19,2690.0,2700.0,2668.0,2686.0,297376,799173,2687.0
2022-08-22,2686.0,2704.0,2677.0,2688.0,230257,806935,2688.0
2022-08-23,2689.0,2743.0,2678.0,2737.0,469945,797967,2719.0
2022-08-24,2738.0,2763.0,2728.0,2755.0,395926,806621,2745.0
2022-08-25,2755.0,2759.0,2718.0,2726.0,351985,801740,2739.0
2022-08-26,2726.0,2768.0,2725.0,2759.0,333633,809085,2746.0
2022-08-29,2758.0,2808.0,2743.0,2806.0,504093,873576,2784.0
2022-08-30,2804.0,2805.0,2788.0,2792.0,261373,875933,2796.0
2022-08-31,2788.0,2807.0,2772.0,2797.0,351017,866209,2789.0
2022-09-01,2785.0,2802.0,2777.0,2799.0,234364,875458,2791.0
2022-09-02,2799.0,2802.0,2778.0,2790.0,319540,860397,2791.0
2022-09-05,2800.0,2822.0,2792.0,2801.0,358607,868594,2802.0
2022-09-06,2801.0,2831.0,2800.0,2827.0,363335,887301,2819.0
2022-09-07,2827.0,2827.0,2790.0,2797.0,342216,865976,2807.0
2022-09-08,2810.0,2824.0,2785.0,2805.0,386169,843720,2803.0
2022-09-09,2800.0,2822.0,2787.0,2817.0,363190,827589,2804.0
2022-09-13,2837.0,2859.0,2828.0,2839.0,253502,835356,2838.0
2022-09-14,2839.0,2842.0,2829.0,2839.0,189918,828137,2835.0
2022-09-15,2835.0,2841.0,2825.0,2831.0,217021,826526,2832.0
2022-09-16,2835.0,2849.0,2829.0,2835.0,260290,806996,2837.0
2022-09-19,2833.0,2857.0,2830.0,2848.0,267020,814313,2844.0
2022-09-20,2841.0,2848.0,2816.0,2834.0,322807,789741,2832.0
2022-09-21,2838.0,2865.0,2835.0,2849.0,323834,795194,2847.0
2022-09-22,2840.0,2856.0,2838.0,2846.0,234657,793888,2847.0
2022-09-23,2851.0,2853.0,2823.0,2828.0,275642,781655,2835.0
2022-09-26,2823.0,2825.0,2780.0,2782.0,452782,771546,2802.0
2022-09-27,2788.0,2794.0,2765.0,2777.0,368356,781952,2779.0
2022-09-28,2777.0,2787.0,2742.0,2755.0,356826,800061,2763.0
2022-09-29,2760.0,2778.0,2754.0,2766.0,267654,799278,2766.0
2022-09-30,2770.0,2780.0,2760.0,2773.0,254971,785092,2771.0
2022-10-10,2777.0,2805.0,2764.0,2804.0,316933,743473,2782.0
2022-10-11,2807.0,2835.0,2804.0,2827.0,425830,713594,2822.0
2022-10-12,2823.0,2840.0,2816.0,2840.0,276583,687961,2829.0
2022-10-13,2840.0,2848.0,2827.0,2842.0,275841,681883,2839.0
2022-10-14,2838.0,2871.0,2826.0,2870.0,349146,682142,2852.0
2022-10-17,2865.0,2873.0,2843.0,2855.0,272243,662591,2856.0
2022-10-18,2860.0,2870.0,2830.0,2855.0,316158,645451,2848.0
2022-10-19,2855.0,2864.0,2843.0,2853.0,215614,656061,2852.0
2022-10-20,2848.0,2860.0,2838.0,2855.0,244786,664587,2849.0
2022-10-21,2856.0,2884.0,2852.0,2878.0,352553,706731,2870.0
2022-10-24,2871.0,2895.0,2869.0,2880.0,337167,704862,2882.0
2022-10-25,2880.0,2882.0,2846.0,2856.0,341269,683531,2862.0
2022-10-26,2855.0,2879.0,2853.0,2871.0,293523,692363,2867.0
2022-10-27,2871.0,2884.0,2860.0,2873.0,278660,709406,2870.0
2022-10-28,2881.0,2881.0,2850.0,2857.0,325066,697036,2864.0
2022-10-31,2859.0,2892.0,2840.0,2885.0,440942,704187,2873.0
2022-11-01,2885.0,2894.0,2862.0,2882.0,400463,698152,2877.0
2022-11-02,2885.0,2900.0,2855.0,2857.0,373924,694952,2878.0
2022-11-03,2845.0,2855.0,2831.0,2840.0,448525,675920,2842.0
2022-11-04,2838.0,2876.0,2834.0,2867.0,352824,654048,2856.0
2022-11-07,2870.0,2888.0,2862.0,2887.0,339081,665815,2876.0
2022-11-08,2889.0,2896.0,2884.0,2892.0,241849,663428,2890.0
2022-11-09,2892.0,2896.0,2868.0,2871.0,309693,644646,2879.0
2022-11-10,2871.0,2884.0,2860.0,2875.0,333395,638319,2872.0
2022-11-11,2870.0,2889.0,2862.0,2881.0,334949,609956,2880.0
2022-11-14,2885.0,2891.0,2848.0,2851.0,516571,604686,2870.0
2022-11-15,2853.0,2864.0,2833.0,2840.0,336795,594528,2849.0
2022-11-16,2836.0,2855.0,2822.0,2828.0,344942,618058,2836.0
2022-11-17,2828.0,2834.0,2810.0,2814.0,307354,623671,2821.0
2022-11-18,2805.0,2827.0,2800.0,2816.0,278664,637365,2813.0
2022-11-21,2819.0,2859.0,2816.0,2853.0,379489,591056,2841.0
2022-11-22,2854.0,2865.0,2845.0,2856.0,251136,567411,2853.0
2022-11-23,2861.0,2882.0,2854.0,2879.0,319495,518634,2870.0
2022-11-24,2877.0,2890.0,2871.0,2889.0,222265,499321,2879.0
2022-11-25,2891.0,2934.0,2891.0,2934.0,426063,489150,2916.0
2022-11-28,2934.0,2942.0,2920.0,2936.0,308283,477851,2931.0
2022-11-29,2936.0,2944.0,2902.0,2912.0,287176,438722,2923.0
2022-11-30,2903.0,2912.0,2884.0,2908.0,314480,392486,2897.0
2022-12-01,2911.0,2918.0,2879.0,2887.0,243726,361338,2900.0
2022-12-02,2881.0,2895.0,2875.0,2886.0,183689,335619,2886.0
2022-12-05,2862.0,2876.0,2831.0,2834.0,353748,617279,2853.0
2022-12-06,2834.0,2843.0,2825.0,2828.0,222714,640427,2833.0
2022-12-07,2828.0,2828.0,2798.0,2808.0,294250,687177,2809.0
2022-12-08,2808.0,2836.0,2803.0,2829.0,277129,698729,2822.0
2022-12-09,2828.0,2828.0,2808.0,2817.0,266951,717954,2818.0
2022-12-12,2818.0,2843.0,2806.0,2811.0,263493,731937,2820.0
2022-12-13,2806.0,2831.0,2803.0,2816.0,223224,736316,2818.0
2022-12-14,2815.0,2824.0,2786.0,2787.0,336608,795934,2803.0
2022-12-15,2782.0,2805.0,2781.0,2791.0,279674,800415,2790.0
2022-12-16,2791.0,2825.0,2791.0,2817.0,311815,773732,2809.0
2022-12-19,2818.0,2818.0,2785.0,2787.0,321025,778713,2800.0
2022-12-20,2793.0,2795.0,2759.0,2761.0,297202,783485,2780.0
2022-12-21,2761.0,2761.0,2726.0,2745.0,439976,782844,2742.0
2022-12-22,2750.0,2761.0,2736.0,2754.0,280574,783730,2751.0
2022-12-23,2755.0,2760.0,2741.0,2752.0,227395,780712,2750.0
2022-12-26,2751.0,2785.0,2744.0,2776.0,305574,765504,2768.0
2022-12-27,2776.0,2792.0,2768.0,2788.0,252303,752246,2780.0
2022-12-28,2795.0,2823.0,2791.0,2822.0,345918,717720,2807.0
2022-12-29,2827.0,2834.0,2807.0,2816.0,348981,720213,2817.0
2022-12-30,2817.0,2837.0,2808.0,2824.0,351892,709736,2821.0
2023-01-03,2829.0,2842.0,2817.0,2840.0,301325,705314,2830.0
2023-01-04,2840.0,2877.0,2838.0,2875.0,489218,711148,2863.0
2023-01-05,2875.0,2882.0,2859.0,2878.0,341944,714472,2872.0
2023-01-06,2873.0,2892.0,2867.0,2886.0,368002,731213,2879.0
2023-01-09,2882.0,2895.0,2879.0,2890.0,306730,744645,2887.0
2023-01-10,2890.0,2892.0,2858.0,2874.0,381903,738921,2871.0
2023-01-11,2874.0,2876.0,2854.0,2873.0,296631,751365,2867.0
2023-01-12,2879.0,2886.0,2865.0,2880.0,320773,760606,2875.0
2023-01-13,2884.0,2910.0,2864.0,2877.0,458077,741379,2884.0
2023-01-16,2879.0,2888.0,2874.0,2880.0,310643,744152,2880.0
2023-01-17,2884.0,2894.0,2870.0,2884.0,299558,735363,2883.0
2023-01-18,2879.0,2900.0,2875.0,2898.0,313217,739766,2889.0
2023-01-19,2895.0,2900.0,2861.0,2874.0,300433,698935,2883.0
2023-01-20,2874.0,2876.0,2848.0,2859.0,289391,638249,2861.0
2023-01-30,2864.0,2902.0,2863.0,2892.0,276011,662104,2890.0
2023-01-31,2888.0,2891.0,2837.0,2842.0,467314,558787,2859.0
2023-02-01,2842.0,2847.0,2812.0,2830.0,429027,465189,2829.0
2023-02-02,2830.0,2848.0,2820.0,2834.0,314586,405222,2833.0
2023-02-03,2829.0,2847.0,2823.0,2837.0,331392,340649,2834.0
2023-02-06,2833.0,2837.0,2786.0,2788.0,417486,284875,2809.0
2023-02-07,2793.0,2799.0,2782.0,2794.0,287831,243754,2791.0
2023-02-08,2794.0,2794.0,2780.0,2786.0,333381,200388,2787.0
2023-02-09,2791.0,2791.0,2764.0,2771.0,283713,180795,2772.0
2023-02-10,2765.0,2780.0,2758.0,2769.0,273001,151518,2768.0
2023-02-13,2763.0,2801.0,2763.0,2793.0,262651,128737,2790.0
2023-02-14,2838.0,2855.0,2822.0,2853.0,281579,591413,2838.0
2023-02-15,2858.0,2858.0,2843.0,2846.0,188060,607913,2850.0
2023-02-16,2846.0,2859.0,2842.0,2856.0,194021,609557,2851.0
2023-02-17,2853.0,2869.0,2844.0,2868.0,248270,629317,2858.0
2023-02-20,2868.0,2879.0,2861.0,2877.0,225785,644475,2871.0
2023-02-21,2875.0,2882.0,2867.0,2875.0,208582,656127,2873.0
2023-02-22,2878.0,2879.0,2866.0,2877.0,172548,669022,2873.0
2023-02-23,2876.0,2881.0,2862.0,2863.0,223439,677177,2871.0
2023-02-24,2862.0,2874.0,2860.0,2867.0,188846,679053,2867.0
2023-02-27,2864.0,2868.0,2835.0,2844.0,338325,672667,2848.0
2023-02-28,2848.0,2850.0,2835.0,2837.0,159891,670720,2841.0
2023-03-01,2837.0,2859.0,2830.0,2854.0,275487,645124,2848.0
2023-03-02,2852.0,2852.0,2840.0,2848.0,176730,637880,2846.0
2023-03-03,2846.0,2851.0,2837.0,2838.0,184868,648160,2842.0
2023-03-06,2838.0,2860.0,2823.0,2824.0,365055,681898,2839.0
2023-03-07,2824.0,2856.0,2824.0,2847.0,252973,655879,2841.0
2023-03-08,2847.0,2859.0,2843.0,2855.0,177146,651101,2850.0
2023-03-09,2850.0,2853.0,2835.0,2840.0,188189,650497,2842.0
2023-03-10,2845.0,2855.0,2840.0,2850.0,218459,638224,2849.0
2023-03-13,2846.0,2850.0,2824.0,2835.0,291285,650706,2835.0
2023-03-14,2830.0,2841.0,2816.0,2833.0,291152,660775,2828.0
2023-03-15,2829.0,2840.0,2828.0,2832.0,159946,657328,2834.0
2023-03-16,2826.0,2836.0,2821.0,2824.0,191663,653340,2827.0
2023-03-17,2827.0,2845.0,2820.0,2836.0,220060,641118,2832.0
2023-03-20,2837.0,2854.0,2833.0,2843.0,293716,647189,2846.0
2023-03-21,2843.0,2844.0,2776.0,2779.0,543092,623337,2807.0
2023-03-22,2785.0,2794.0,2754.0,2768.0,476306,616238,2770.0
2023-03-23,2771.0,2782.0,2758.0,2776.0,328396,574315,2771.0
2023-03-24,2764.0,2772.0,2725.0,2745.0,590852,792288,2743.0
2023-03-27,2749.0,2754.0,2693.0,2700.0,642109,827340,2722.0
2023-03-28,2704.0,2739.0,2698.0,2738.0,497339,796380,2721.0
2023-03-29,2741.0,2750.0,2733.0,2739.0,372898,775645,2742.0
2023-03-30,2745.0,2749.0,2731.0,2742.0,443112,758830,2740.0
2023-03-31,2742.0,2745.0,2713.0,2724.0,546429,777927,2724.0
2023-04-03,2718.0,2742.0,2718.0,2721.0,527063,769182,2727.0
2023-04-04,2719.0,2735.0,2705.0,2722.0,528643,769219,2721.0
2023-04-06,2717.0,2722.0,2703.0,2711.0,277165,778558,2711.0
2023-04-07,2711.0,2734.0,2689.0,2728.0,562828,794648,2713.0
2023-04-10,2730.0,2766.0,2727.0,2763.0,571329,772368,2748.0
2023-04-11,2762.0,2776.0,2752.0,2768.0,463486,784785,2766.0
2023-04-12,2768.0,2771.0,2750.0,2757.0,341402,786631,2757.0
2023-04-13,2761.0,2766.0,2740.0,2742.0,391467,801769,2754.0
2023-04-14,2746.0,2759.0,2737.0,2756.0,354670,793596,2750.0
2023-04-17,2750.0,2757.0,2728.0,2732.0,420973,822469,2740.0
2023-04-18,2736.0,2754.0,2733.0,2742.0,363244,828149,2742.0
2023-04-19,2739.0,2749.0,2730.0,2734.0,316604,842678,2740.0
2023-04-20,2729.0,2736.0,2690.0,2710.0,703476,859076,2713.0
2023-04-21,2707.0,2710.0,2667.0,2672.0,537619,896541,2691.0
2023-04-24,2680.0,2685.0,2659.0,2672.0,585784,910957,2673.0
2023-04-25,2665.0,2676.0,2655.0,2671.0,440547,915100,2665.0
2023-04-26,2671.0,2690.0,2671.0,2685.0,508898,913580,2680.0
2023-04-27,2680.0,2687.0,2657.0,2661.0,420378,913498,2673.0
2023-04-28,2660.0,2663.0,2632.0,2644.0,555535,885098,2643.0
2023-05-04,2641.0,2656.0,2589.0,2601.0,470028,880418,2616.0
2023-05-05,2603.0,2614.0,2593.0,2602.0,349067,881366,2602.0
2023-05-08,2600.0,2635.0,2600.0,2629.0,433817,845825,2614.0
2023-05-09,2625.0,2633.0,2601.0,2602.0,297072,842541,2616.0
2023-05-10,2600.0,2601.0,2546.0,2566.0,555999,846861,2568.0
2023-05-11,2568.0,2572.0,2524.0,2526.0,399069,855015,2540.0
2023-05-12,2521.0,2556.0,2495.0,2539.0,705108,842510,2523.0
2023-05-15,2544.0,2544.0,2502.0,2533.0,501793,814408,2523.0
2023-05-16,2533.0,2563.0,2533.0,2544.0,335380,803837,2545.0
2023-05-17,2541.0,2549.0,2511.0,2547.0,378161,797555,2533.0
2023-05-18,2543.0,2557.0,2522.0,2544.0,400101,799786,2540.0
2023-05-19,2536.0,2551.0,2534.0,2547.0,303536,792438,2542.0
2023-05-22,2553.0,2583.0,2550.0,2554.0,500763,788177,2563.0
2023-05-23,2555.0,2585.0,2553.0,2580.0,319567,779131,2572.0
2023-05-24,2588.0,2592.0,2550.0,2557.0,387383,763233,2568.0
2023-05-25,2565.0,2578.0,2550.0,2578.0,349957,750566,2565.0
2023-05-26,2578.0,2621.0,2572.0,2615.0,532811,742979,2600.0
2023-05-29,2616.0,2640.0,2611.0,2623.0,395211,732249,2626.0
2023-05-30,2623.0,2633.0,2605.0,2631.0,421994,705060,2619.0
2023-05-31,2638.0,2644.0,2619.0,2633.0,336871,686372,2631.0
2023-06-01,2625.0,2652.0,2624.0,2651.0,320099,677659,2639.0
2023-06-02,2653.0,2664.0,2638.0,2651.0,315798,634975,2650.0
2023-06-05,2651.0,2675.0,2651.0,2656.0,296109,627982,2662.0
2023-06-06,2656.0,2658.0,2635.0,2642.0,362748,578849,2645.0
2023-06-07,2645.0,2650.0,2631.0,2642.0,259189,557805,2638.0
2023-06-08,2642.0,2657.0,2641.0,2650.0,237646,543134,2648.0
2023-06-09,2652.0,2667.0,2646.0,2657.0,224999,501711,2656.0
2023-06-12,2621.0,2629.0,2576.0,2583.0,546329,711349,2605.0
2023-06-13,2590.0,2610.0,2572.0,2607.0,415840,736598,2589.0
2023-06-14,2611.0,2617.0,2601.0,2607.0,340506,763561,2610.0
2023-06-15,2605.0,2649.0,2605.0,2648.0,434408,807475,2627.0
2023-06-16,2643.0,2672.0,2638.0,2670.0,412464,815981,2658.0
2023-06-19,2675.0,2694.0,2665.0,2676.0,488835,823100,2679.0
2023-06-20,2676.0,2699.0,2667.0,2677.0,431965,823521,2683.0
2023-06-21,2676.0,2696.0,2670.0,2688.0,400986,842135,2683.0
2023-06-26,2676.0,2703.0,2669.0,2691.0,374474,866108,2684.0
2023-06-27,2697.0,2726.0,2693.0,2715.0,456533,867219,2714.0
2023-06-28,2711.0,2714.0,2687.0,2702.0,516265,867468,2699.0
2023-06-29,2698.0,2720.0,2693.0,2714.0,312098,880177,2709.0
2023-06-30,2708.0,2740.0,2708.0,2728.0,421494,888641,2726.0
2023-07-03,2735.0,2742.0,2701.0,2727.0,524382,873031,2718.0
2023-07-04,2725.0,2750.0,2715.0,2748.0,474954,899953,2731.0
2023-07-05,2755.0,2787.0,2747.0,2780.0,563153,901922,2767.0
2023-07-06,2786.0,2794.0,2773.0,2789.0,452070,889956,2785.0
2023-07-07,2789.0,2797.0,2779.0,2788.0,375572,895687,2788.0
2023-07-10,2788.0,2792.0,2771.0,2779.0,369533,881102,2780.0
2023-07-11,2780.0,2786.0,2753.0,2755.0,378233,857590,2770.0
2023-07-12,2752.0,2757.0,2729.0,2746.0,488469,839942,2742.0
2023-07-13,2740.0,2752.0,2730.0,2736.0,330859,839774,2741.0
2023-07-14,2734.0,2751.0,2734.0,2738.0,285134,836329,2742.0
2023-07-17,2745.0,2770.0,2734.0,2754.0,505806,833537,2752.0
2023-07-18,2754.0,2756.0,2697.0,2705.0,682909,776605,2714.0
2023-07-19,2715.0,2735.0,2711.0,2719.0,401975,753630,2720.0
2023-07-20,2729.0,2731.0,2713.0,2719.0,336457,719650,2720.0
2023-07-21,2722.0,2724.0,2684.0,2690.0,429306,696802,2703.0
2023-07-24,2685.0,2699.0,2679.0,2683.0,336077,677910,2686.0
2023-07-25,2688.0,2696.0,2681.0,2687.0,262606,651439,2687.0
2023-07-26,2684.0,2722.0,2683.0,2705.0,451130,632747,2707.0
2023-07-27,2705.0,2705.0,2687.0,2693.0,294998,620389,2695.0
2023-07-28,2695.0,2718.0,2687.0,2710.0,368453,591269,2706.0
2023-07-31,2707.0,2726.0,2697.0,2715.0,338257,567568,2712.0
2023-08-01,2716.0,2729.0,2693.0,2703.0,409080,545328,2710.0
2023-08-02,2701.0,2718.0,2695.0,2716.0,294776,529091,2705.0
2023-08-03,2715.0,2761.0,2714.0,2751.0,643231,538552,2740.0
2023-08-04,2746.0,2768.0,2741.0,2767.0,364651,531967,2754.0
2023-08-07,2767.0,2777.0,2747.0,2767.0,422944,477152,2764.0
2023-08-08,2767.0,2800.0,2762.0,2793.0,315605,450036,2779.0
2023-08-09,2790.0,2819.0,2786.0,2808.0,370228,397965,2805.0
2023-08-10,2802.0,2817.0,2789.0,2814.0,320208,316189,2799.0
2023-08-11,2744.0,2777.0,2711.0,2713.0,854307,645280,2746.0
2023-08-14,2714.0,2723.0,2692.0,2701.0,565268,660151,2704.0
2023-08-15,2701.0,2708.0,2688.0,2705.0,359416,668232,2700.0
2023-08-16,2701.0,2708.0,2635.0,2637.0,684084,691024,2666.0
2023-08-17,2634.0,2646.0,2610.0,2626.0,673917,700741,2625.0
2023-08-18,2625.0,2660.0,2623.0,2645.0,610762,684833,2643.0
2023-08-21,2647.0,2669.0,2644.0,2653.0,613176,672841,2655.0
2023-08-22,2657.0,2659.0,2638.0,2650.0,467041,665550,2649.0
2023-08-23,2655.0,2681.0,2651.0,2668.0,576788,669174,2665.0
2023-08-24,2670.0,2700.0,2667.0,2693.0,532695,690503,2682.0
2023-08-25,2696.0,2719.0,2692.0,2717.0,598282,698207,2706.0
2023-08-28,2717.0,2720.0,2679.0,2706.0,733198,689974,2702.0
2023-08-29,2710.0,2738.0,2709.0,2728.0,576089,721543,2726.0
2023-08-30,2727.0,2734.0,2714.0,2731.0,512266,724842,2724.0
2023-08-31,2731.0,2746.0,2722.0,2733.0,458836,697733,2731.0
2023-09-01,2739.0,2739.0,2706.0,2716.0,416458,680512,2719.0
2023-09-04,2719.0,2723.0,2663.0,2673.0,575158,652669,2685.0
2023-09-05,2675.0,2691.0,2672.0,2685.0,338154,634454,2683.0
2023-09-06,2685.0,2700.0,2668.0,2691.0,330727,619739,2688.0
2023-09-07,2693.0,2705.0,2672.0,2677.0,394650,601685,2689.0
2023-09-08,2676.0,2677.0,2654.0,2657.0,411781,576852,2664.0
2023-09-11,2661.0,2677.0,2656.0,2668.0,300296,574174,2667.0
2023-09-12,2665.0,2666.0,2644.0,2652.0,344955,554960,2656.0
2023-09-13,2661.0,2661.0,2632.0,2649.0,343593,541941,2646.0
2023-09-14,2654.0,2672.0,2644.0,2664.0,381633,532545,2661.0
2023-09-15,2660.0,2695.0,2660.0,2692.0,417902,522544,2679.0
2023-09-18,2692.0,2693.0,2641.0,2646.0,493363,496288,2661.0
2023-09-19,2640.0,2650.0,2635.0,2640.0,305652,481227,2641.0
2023-09-20,2641.0,2666.0,2641.0,2654.0,335626,446191,2654.0
2023-09-21,2654.0,2658.0,2644.0,2653.0,290779,413947,2650.0
2023-09-22,2655.0,2664.0,2634.0,2652.0,331226,398893,2648.0
2023-09-25,2652.0,2663.0,2619.0,2628.0,359692,385605,2635.0
2023-09-26,2628.0,2629.0,2613.0,2615.0,238598,372320,2621.0
2023-09-27,2616.0,2617.0,2588.0,2615.0,345890,320314,2602.0
2023-09-28,2610.0,2632.0,2605.0,2628.0,253664,273955,2616.0
2023-10-09,2600.0,2602.0,2581.0,2588.0,217632,272875,2589.0
2023-10-10,2588.0,2598.0,2583.0,2592.0,165011,259632,2590.0
2023-10-11,2550.0,2551.0,2523.0,2536.0,357702,726805,2532.0
2023-10-12,2538.0,2546.0,2532.0,2537.0,282234,748096,2539.0
2023-10-13,2532.0,2550.0,2528.0,2541.0,282951,758631,2537.0
2023-10-16,2544.0,2548.0,2519.0,2527.0,424554,764147,2531.0
2023-10-17,2525.0,2529.0,2498.0,2507.0,486274,803099,2511.0
2023-10-18,2502.0,2506.0,2483.0,2486.0,422363,817151,2495.0
2023-10-19,2490.0,2520.0,2482.0,2511.0,490528,815098,2502.0
2023-10-20,2511.0,2516.0,2498.0,2506.0,316571,825872,2508.0
2023-10-23,2506.0,2519.0,2502.0,2511.0,369353,824612,2510.0
2023-10-24,2511.0,2523.0,2508.0,2519.0,328290,803461,2516.0
2023-10-25,2518.0,2533.0,2513.0,2518.0,352820,808453,2522.0
2023-10-26,2520.0,2520.0,2489.0,2500.0,515749,829670,2498.0
2023-10-27,2500.0,2520.0,2492.0,2515.0,414606,820807,2506.0
2023-10-30,2512.0,2543.0,2510.0,2538.0,487711,804936,2528.0
2023-10-31,2536.0,2546.0,2524.0,2539.0,366125,797818,2534.0
2023-11-01,2539.0,2552.0,2530.0,2542.0,346188,776917,2541.0
2023-11-02,2546.0,2550.0,2538.0,2548.0,232596,773326,2544.0
2023-11-03,2548.0,2555.0,2535.0,2553.0,329959,760435,2547.0
2023-11-06,2553.0,2575.0,2550.0,2568.0,471589,765320,2563.0
2023-11-07,2566.0,2570.0,2537.0,2544.0,404843,771362,2554.0
2023-11-08,2541.0,2556.0,2540.0,2553.0,279074,751917,2547.0
2023-11-09,2553.0,2563.0,2537.0,2546.0,326688,745524,2549.0
2023-11-10,2544.0,2548.0,2516.0,2520.0,478513,740361,2527.0
2023-11-13,2515.0,2535.0,2513.0,2525.0,321275,727123,2523.0
2023-11-14,2526.0,2550.0,2518.0,2542.0,411563,723547,2533.0
2023-11-15,2542.0,2549.0,2537.0,2544.0,287512,715105,2543.0
2023-11-16,2544.0,2558.0,2540.0,2553.0,298023,722164,2550.0
2023-11-17,2553.0,2557.0,2536.0,2543.0,313647,718285,2546.0
2023-11-20,2546.0,2578.0,2543.0,2572.0,473227,717054,2565.0
2023-11-21,2568.0,2580.0,2565.0,2570.0,305419,723065,2572.0
2023-11-22,2570.0,2570.0,2535.0,2544.0,406871,691857,2547.0
2023-11-23,2546.0,2552.0,2528.0,2536.0,253879,679794,2539.0
2023-11-24,2539.0,2547.0,2529.0,2529.0,216678,678818,2538.0
2023-11-27,2530.0,2540.0,2505.0,2510.0,383153,680320,2517.0
2023-11-28,2510.0,2514.0,2490.0,2492.0,303587,674036,2500.0
2023-11-29,2491.0,2500.0,2487.0,2492.0,223455,662020,2493.0
2023-11-30,2494.0,2505.0,2491.0,2501.0,215791,650011,2498.0
2023-12-01,2501.0,2504.0,2483.0,2487.0,249836,631998,2493.0
2023-12-04,2487.0,2500.0,2482.0,2488.0,267909,598371,2491.0
2023-12-05,2488.0,2496.0,2478.0,2485.0,259382,545065,2487.0
2023-12-06,2485.0,2501.0,2476.0,2499.0,278459,493609,2489.0
2023-12-07,2499.0,2503.0,2483.0,2492.0,218863,465271,2493.0
2023-12-08,2497.0,2500.0,2480.0,2498.0,265321,430526,2490.0
2023-12-11,2491.0,2498.0,2480.0,2487.0,223920,417642,2488.0
2023-12-12,2481.0,2488.0,2447.0,2470.0,375162,380006,2466.0
2023-12-13,2466.0,2470.0,2452.0,2456.0,233681,342174,2459.0
2023-12-14,2451.0,2464.0,2441.0,2452.0,195412,302458,2451.0
2023-12-15,2450.0,2461.0,2443.0,2444.0,135009,273878,2450.0
2023-12-18,2445.0,2446.0,2388.0,2404.0,572919,718802,2409.0
2023-12-19,2407.0,2407.0,2371.0,2379.0,536923,769031,2383.0
2023-12-20,2379.0,2395.0,2364.0,2391.0,485180,772632,2382.0
2023-12-21,2392.0,2403.0,2386.0,2396.0,418688,769350,2393.0
2023-12-22,2396.0,2424.0,2392.0,2416.0,504100,737668,2411.0
2023-12-25,2417.0,2458.0,2417.0,2436.0,592533,718605,2440.0
2023-12-26,2439.0,2440.0,2414.0,2417.0,365516,715885,2427.0
2023-12-27,2416.0,2424.0,2404.0,2410.0,386903,730000,2413.0
2023-12-28,2409.0,2437.0,2407.0,2437.0,404450,734130,2422.0
2023-12-29,2437.0,2438.0,2412.0,2413.0,347095,724240,2423.0
2024-01-02,2420.0,2432.0,2407.0,2424.0,321823,706499,2421.0
2024-01-03,2426.0,2449.0,2422.0,2435.0,476327,656879,2434.0
2024-01-04,2435.0,2440.0,2422.0,2423.0,257623,665312,2432.0
2024-01-05,2421.0,2424.0,2391.0,2395.0,492651,702057,2405.0
2024-01-08,2397.0,2410.0,2382.0,2390.0,453864,715520,2393.0
2024-01-09,2387.0,2392.0,2371.0,2387.0,360918,725820,2381.0
2024-01-10,2383.0,2391.0,2354.0,2355.0,447702,760875,2372.0
2024-01-11,2350.0,2431.0,2340.0,2406.0,959521,733688,2387.0
2024-01-12,2401.0,2407.0,2374.0,2375.0,521090,741385,2389.0
2024-01-15,2379.0,2393.0,2367.0,2384.0,444910,749721,2378.0
2024-01-16,2385.0,2390.0,2372.0,2386.0,376760,764853,2379.0
2024-01-17,2380.0,2385.0,2354.0,2357.0,463672,807585,2371.0
2024-01-18,2351.0,2365.0,2331.0,2358.0,643827,838796,2346.0
2024-01-19,2352.0,2366.0,2339.0,2343.0,476173,883759,2352.0
2024-01-22,2340.0,2345.0,2317.0,2323.0,535777,942276,2328.0
2024-01-23,2322.0,2344.0,2318.0,2340.0,503843,935402,2329.0
2024-01-24,2345.0,2353.0,2334.0,2345.0,434885,931685,2344.0
2024-01-25,2345.0,2355.0,2341.0,2347.0,399028,957792,2348.0
2024-01-26,2341.0,2363.0,2335.0,2358.0,503567,962654,2348.0
2024-01-29,2360.0,2388.0,2352.0,2376.0,609982,931360,2372.0
2024-01-30,2376.0,2379.0,2365.0,2373.0,342718,921889,2372.0
2024-01-31,2373.0,2397.0,2363.0,2390.0,504780,924880,2383.0
2024-02-01,2389.0,2404.0,2382.0,2401.0,378351,934922,2394.0
2024-02-02,2403.0,2410.0,2394.0,2405.0,388199,918580,2402.0
2024-02-05,2405.0,2405.0,2379.0,2395.0,481072,875277,2390.0
2024-02-06,2395.0,2416.0,2393.0,2415.0,360982,876126,2404.0
2024-02-07,2414.0,2415.0,2403.0,2407.0,296730,871573,2408.0
2024-02-08,2407.0,2418.0,2394.0,2413.0,310839,848657,2408.0
2024-02-19,2395.0,2401.0,2377.0,2391.0,430203,883645,2389.0
2024-02-20,2388.0,2412.0,2388.0,2404.0,494195,916450,2401.0
2024-02-21,2410.0,2432.0,2410.0,2426.0,531059,951466,2419.0
2024-02-22,2426.0,2466.0,2421.0,2464.0,731608,955285,2441.0
2024-02-23,2461.0,2469.0,2448.0,2463.0,579931,968217,2459.0
2024-02-26,2459.0,2479.0,2452.0,2460.0,674979,958269,2465.0
2024-02-27,2455.0,2460.0,2445.0,2453.0,464933,978564,2453.0
2024-02-28,2452.0,2465.0,2451.0,2452.0,407248,961603,2458.0
2024-02-29,2452.0,2465.0,2448.0,2462.0,368314,960092,2456.0
2024-03-01,2462.0,2473.0,2454.0,2462.0,425327,957880,2464.0
2024-03-04,2462.0,2464.0,2429.0,2440.0,593466,923914,2442.0
2024-03-05,2440.0,2451.0,2432.0,2444.0,365499,923982,2440.0
2024-03-06,2444.0,2457.0,2438.0,2453.0,378725,922347,2447.0
2024-03-07,2455.0,2463.0,2448.0,2452.0,340689,914230,2457.0
2024-03-08,2456.0,2461.0,2442.0,2445.0,458820,915280,2451.0
2024-03-11,2444.0,2445.0,2423.0,2428.0,572919,921279,2431.0
2024-03-12,2433.0,2454.0,2430.0,2441.0,512413,905806,2444.0
2024-03-13,2439.0,2446.0,2433.0,2438.0,306523,902174,2440.0
2024-03-14,2438.0,2445.0,2423.0,2425.0,477414,912630,2434.0
2024-03-15,2426.0,2457.0,2422.0,2451.0,576268,898751,2437.0
2024-03-18,2455.0,2462.0,2437.0,2440.0,569570,882668,2451.0
2024-03-19,2438.0,2439.0,2414.0,2420.0,634865,898248,2423.0
2024-03-20,2420.0,2430.0,2420.0,2424.0,319166,892777,2425.0
2024-03-21,2422.0,2432.0,2415.0,2421.0,413306,886770,2422.0
2024-03-22,2421.0,2426.0,2395.0,2401.0,558919,904379,2408.0
2024-03-25,2401.0,2412.0,2393.0,2397.0,448091,883517,2402.0
2024-03-26,2397.0,2401.0,2381.0,2385.0,345179,892264,2388.0
2024-03-27,2383.0,2398.0,2381.0,2384.0,366780,879199,2387.0
2024-03-28,2390.0,2415.0,2385.0,2408.0,610585,818232,2400.0
2024-03-29,2408.0,2426.0,2405.0,2415.0,449189,776883,2415.0
2024-04-01,2410.0,2427.0,2407.0,2426.0,428162,732412,2416.0
2024-04-02,2426.0,2440.0,2418.0,2433.0,371726,689731,2428.0
2024-04-03,2435.0,2443.0,2425.0,2428.0,330254,670631,2435.0
2024-04-08,2423.0,2425.0,2404.0,2419.0,387247,623799,2413.0
2024-04-09,2421.0,2421.0,2410.0,2415.0,274169,603175,2414.0
2024-04-10,2415.0,2423.0,2412.0,2417.0,274168,575309,2417.0
2024-04-11,2417.0,2421.0,2394.0,2394.0,368089,560864,2405.0
2024-04-12,2397.0,2401.0,2391.0,2393.0,265832,545880,2395.0
2024-04-15,2397.0,2410.0,2384.0,2392.0,359163,518360,2396.0
2024-04-16,2392.0,2396.0,2376.0,2382.0,303805,488036,2386.0
2024-04-17,2382.0,2384.0,2370.0,2381.0,301292,420253,2377.0
2024-04-18,2385.0,2392.0,2375.0,2378.0,206653,356616,2382.0
2024-04-19,2407.0,2419.0,2398.0,2414.0,396479,669081,2407.0
2024-04-22,2415.0,2425.0,2403.0,2404.0,363814,698681,2412.0
2024-04-23,2404.0,2424.0,2400.0,2415.0,376184,705625,2414.0
2024-04-24,2414.0,2424.0,2409.0,2422.0,311486,695904,2417.0
2024-04-25,2422.0,2425.0,2408.0,2411.0,307019,704997,2414.0
2024-04-26,2410.0,2410.0,2385.0,2393.0,613745,766857,2396.0
2024-04-29,2390.0,2400.0,2375.0,2391.0,453344,767128,2387.0
2024-04-30,2389.0,2394.0,2381.0,2388.0,276059,760220,2386.0
2024-05-06,2395.0,2412.0,2388.0,2409.0,329046,745055,2400.0
2024-05-07,2414.0,2441.0,2409.0,2438.0,639753,716418,2427.0
2024-05-08,2435.0,2452.0,2434.0,2446.0,476776,710063,2442.0
2024-05-09,2444.0,2465.0,2441.0,2446.0,528637,708215,2452.0
2024-05-10,2442.0,2457.0,2439.0,2453.0,408313,708415,2446.0
2024-05-13,2455.0,2462.0,2441.0,2448.0,467080,688074,2451.0
2024-05-14,2448.0,2467.0,2447.0,2456.0,481188,688494,2457.0
2024-05-15,2457.0,2460.0,2446.0,2459.0,330356,679479,2454.0
2024-05-16,2460.0,2471.0,2457.0,2467.0,346944,666715,2464.0
2024-05-17,2465.0,2474.0,2455.0,2459.0,390843,639233,2464.0
2024-05-20,2458.0,2465.0,2448.0,2454.0,393038,622791,2455.0
2024-05-21,2456.0,2459.0,2444.0,2449.0,411864,597758,2450.0
2024-05-22,2454.0,2476.0,2450.0,2476.0,417368,609970,2465.0
2024-05-23,2477.0,2483.0,2466.0,2473.0,394035,597839,2474.0
2024-05-24,2476.0,2482.0,2459.0,2462.0,393395,573112,2469.0
2024-05-27,2462.0,2464.0,2448.0,2451.0,310299,560287,2453.0
2024-05-28,2457.0,2457.0,2446.0,2450.0,314611,531998,2451.0
2024-05-29,2450.0,2451.0,2432.0,2435.0,409110,492947,2438.0
2024-05-30,2437.0,2445.0,2422.0,2428.0,366706,462395,2431.0
2024-05-31,2431.0,2439.0,2427.0,2434.0,263824,420147,2434.0
2024-06-03,2436.0,2443.0,2434.0,2438.0,246533,397339,2437.0
2024-06-04,2440.0,2446.0,2424.0,2428.0,284074,372636,2434.0
2024-06-05,2430.0,2441.0,2427.0,2435.0,210941,344620,2434.0
2024-06-06,2442.0,2445.0,2437.0,2439.0,162225,315294,2441.0
2024-06-07,2464.0,2495.0,2464.0,2489.0,570059,630790,2483.0
2024-06-11,2490.0,2504.0,2481.0,2485.0,328716,643931,2489.0
2024-06-12,2485.0,2496.0,2483.0,2492.0,305155,673052,2490.0
2024-06-13,2492.0,2495.0,2477.0,2484.0,415281,679702,2486.0
2024-06-14,2486.0,2494.0,2482.0,2483.0,358979,692201,2487.0
2024-06-17,2483.0,2484.0,2467.0,2467.0,443425,686590,2474.0
2024-06-18,2469.0,2473.0,2457.0,2457.0,395447,710307,2465.0
2024-06-19,2457.0,2472.0,2453.0,2458.0,394309,728463,2461.0
2024-06-20,2458.0,2469.0,2458.0,2465.0,322290,736987,2463.0
2024-06-21,2467.0,2471.0,2460.0,2465.0,299813,739867,2466.0
2024-06-24,2464.0,2499.0,2462.0,2495.0,612034,733619,2485.0
2024-06-25,2495.0,2512.0,2482.0,2508.0,608509,773061,2495.0
2024-06-26,2504.0,2520.0,2504.0,2514.0,598842,771415,2511.0
2024-06-27,2514.0,2519.0,2509.0,2512.0,433966,776505,2513.0
2024-06-28,2507.0,2516.0,2500.0,2509.0,373564,778093,2510.0
2024-07-01,2506.0,2510.0,2480.0,2483.0,593377,724263,2491.0
2024-07-02,2483.0,2489.0,2475.0,2489.0,354298,714200,2481.0
2024-07-03,2489.0,2495.0,2482.0,2483.0,320592,695242,2487.0
2024-07-04,2483.0,2485.0,2470.0,2472.0,357811,685977,2476.0
2024-07-05,2471.0,2479.0,2466.0,2469.0,351837,690261,2472.0
2024-07-08,2469.0,2474.0,2458.0,2459.0,417172,720395,2465.0
2024-07-09,2457.0,2459.0,2434.0,2436.0,502513,751820,2444.0
2024-07-10,2436.0,2436.0,2416.0,2420.0,503469,770265,2424.0
2024-07-11,2420.0,2427.0,2411.0,2413.0,379584,778490,2418.0
2024-07-12,2413.0,2424.0,2402.0,2404.0,411470,784573,2415.0
2024-07-15,2408.0,2414.0,2376.0,2384.0,592270,776250,2396.0
2024-07-16,2384.0,2388.0,2366.0,2381.0,419353,781438,2379.0
2024-07-17,2379.0,2394.0,2379.0,2388.0,438893,772576,2386.0
2024-07-18,2389.0,2396.0,2378.0,2394.0,314794,763160,2386.0
2024-07-19,2397.0,2400.0,2383.0,2395.0,319067,766986,2391.0
2024-07-22,2398.0,2414.0,2396.0,2406.0,380393,746000,2405.0
2024-07-23,2405.0,2411.0,2391.0,2393.0,364751,725405,2401.0
2024-07-24,2397.0,2399.0,2370.0,2371.0,481680,725760,2381.0
2024-07-25,2371.0,2372.0,2337.0,2350.0,570129,706899,2353.0
2024-07-26,2350.0,2363.0,2335.0,2357.0,488994,690486,2350.0
2024-07-29,2357.0,2357.0,2320.0,2347.0,493734,664749,2340.0
2024-07-30,2342.0,2353.0,2336.0,2339.0,333246,653388,2344.0
2024-07-31,2342.0,2353.0,2332.0,2351.0,353026,626333,2342.0
2024-08-01,2347.0,2356.0,2330.0,2337.0,381433,630547,2343.0
2024-08-02,2335.0,2336.0,2307.0,2321.0,491445,643495,2320.0
2024-08-05,2324.0,2326.0,2274.0,2281.0,486923,662863,2300.0
2024-08-06,2270.0,2289.0,2261.0,2265.0,448282,614014,2275.0
2024-08-07,2259.0,2283.0,2250.0,2274.0,513503,550586,2263.0
2024-08-08,2274.0,2301.0,2270.0,2300.0,410472,524468,2284.0
2024-08-09,2300.0,2320.0,2296.0,2319.0,471570,465399,2307.0
2024-08-12,2319.0,2323.0,2289.0,2303.0,416464,414605,2305.0
2024-08-13,2303.0,2318.0,2289.0,2294.0,350288,375827,2300.0
2024-08-14,2297.0,2299.0,2277.0,2286.0,346479,329772,2287.0
2024-08-15,2284.0,2304.0,2280.0,2300.0,244750,302432,2292.0
2024-08-16,2274.0,2278.0,2252.0,2254.0,398079,575676,2264.0
2024-08-19,2250.0,2290.0,2250.0,2287.0,494190,595312,2272.0
2024-08-20,2290.0,2294.0,2278.0,2285.0,359421,618767,2286.0
2024-08-21,2288.0,2303.0,2283.0,2303.0,362740,642460,2290.0
2024-08-22,2301.0,2325.0,2298.0,2324.0,476060,633186,2311.0
2024-08-23,2323.0,2326.0,2307.0,2312.0,393608,631921,2314.0
2024-08-26,2312.0,2335.0,2310.0,2333.0,409533,635182,2325.0
2024-08-27,2335.0,2353.0,2333.0,2345.0,435683,643674,2345.0
2024-08-28,2345.0,2357.0,2338.0,2343.0,455102,639217,2348.0
2024-08-29,2336.0,2349.0,2336.0,2344.0,347834,641158,2341.0
2024-08-30,2345.0,2345.0,2327.0,2338.0,404114,627430,2336.0
2024-09-02,2341.0,2347.0,2285.0,2287.0,659680,592031,2314.0
2024-09-03,2284.0,2287.0,2261.0,2272.0,660198,579375,2273.0
2024-09-04,2275.0,2297.0,2267.0,2289.0,541295,571963,2282.0
2024-09-05,2289.0,2304.0,2278.0,2282.0,499152,573535,2289.0
2024-09-06,2285.0,2289.0,2265.0,2268.0,464990,575822,2277.0
2024-09-09,2270.0,2278.0,2214.0,2224.0,630253,582264,2237.0
2024-09-10,2225.0,2225.0,2202.0,2208.0,492686,579072,2214.0
2024-09-11,2204.0,2213.0,2177.0,2209.0,588539,563288,2195.0
2024-09-12,2212.0,2214.0,2190.0,2197.0,466921,572719,2199.0
2024-09-13,2201.0,2206.0,2184.0,2200.0,400172,557169,2195.0
2024-09-18,2190.0,2207.0,2161.0,2199.0,512404,542073,2183.0
2024-09-19,2195.0,2197.0,2173.0,2174.0,453933,559550,2182.0
2024-09-20,2174.0,2180.0,2153.0,2164.0,522499,558017,2164.0
2024-09-23,2158.0,2158.0,2105.0,2138.0,681944,573315,2134.0
2024-09-24,2136.0,2152.0,2121.0,2150.0,557195,557048,2136.0
2024-09-25,2157.0,2162.0,2138.0,2142.0,504170,532403,0.0
2024-09-26,2131.0,2153.0,2119.0,2150.0,684768,489420,2135.0
2024-09-27,2152.0,2186.0,2149.0,2179.0,679022,421993,2171.0
2024-09-30,2179.0,2227.0,2171.0,2225.0,525251,361578,2205.0
2024-10-08,2220.0,2220.0,2168.0,2184.0,393806,323918,2193.0
2024-10-09,2180.0,2191.0,2171.0,2184.0,326123,294671,2181.0
2024-10-10,2210.0,2227.0,2203.0,2210.0,515817,627200,2215.0
2024-10-11,2210.0,2218.0,2204.0,2213.0,417519,646324,2212.0
2024-10-14,2214.0,2236.0,2212.0,2227.0,536668,677087,2226.0
2024-10-15,2223.0,2229.0,2218.0,2222.0,376956,679726,2223.0
2024-10-16,2220.0,2220.0,2203.0,2210.0,529861,689740,2209.0
2024-10-17,2209.0,2218.0,2188.0,2193.0,683450,715252,2203.0
2024-10-18,2190.0,2205.0,2176.0,2198.0,555164,744107,2190.0
2024-10-21,2195.0,2200.0,2168.0,2170.0,480565,797102,2179.0
2024-10-22,2168.0,2180.0,2161.0,2179.0,477647,834882,2170.0
2024-10-23,2181.0,2228.0,2178.0,2228.0,787407,841466,2201.0
2024-10-24,2228.0,2241.0,2219.0,2230.0,714078,845226,2231.0
2024-10-25,2228.0,2240.0,2220.0,2225.0,553369,838443,2228.0
2024-10-28,2221.0,2232.0,2210.0,2227.0,492095,858706,2220.0
2024-10-29,2226.0,2231.0,2220.0,2226.0,364875,867387,2226.0
2024-10-30,2228.0,2253.0,2223.0,2247.0,627398,902657,2236.0
2024-10-31,2248.0,2254.0,2239.0,2248.0,393584,891715,2245.0
2024-11-01,2250.0,2250.0,2232.0,2240.0,461587,870739,2239.0
2024-11-04,2240.0,2248.0,2212.0,2217.0,605012,882657,2228.0
2024-11-05,2214.0,2230.0,2206.0,2225.0,477605,880886,2217.0
2024-11-06,2224.0,2235.0,2215.0,2222.0,466532,861538,2222.0
2024-11-07,2220.0,2233.0,2211.0,2225.0,523430,882426,2223.0
2024-11-08,2225.0,2230.0,2193.0,2199.0,697604,931937,2211.0
2024-11-11,2195.0,2206.0,2181.0,2187.0,533133,943901,2191.0
2024-11-12,2183.0,2192.0,2179.0,2189.0,362426,951891,2186.0
2024-11-13,2194.0,2207.0,2190.0,2197.0,505467,938792,2197.0
2024-11-14,2198.0,2205.0,2194.0,2195.0,355867,933219,2199.0
2024-11-15,2195.0,2199.0,2179.0,2182.0,470111,932388,2187.0
2024-11-18,2185.0,2216.0,2180.0,2209.0,632898,908461,2201.0
2024-11-19,2209.0,2215.0,2201.0,2205.0,322944,898464,2206.0
2024-11-20,2208.0,2212.0,2191.0,2195.0,410786,902775,2199.0
2024-11-21,2196.0,2206.0,2188.0,2206.0,414515,885746,2196.0
2024-11-22,2207.0,2215.0,2188.0,2190.0,507671,863690,2201.0
2024-11-25,2190.0,2213.0,2185.0,2195.0,597081,851104,2198.0
2024-11-26,2191.0,2200.0,2188.0,2193.0,453472,843682,2193.0
2024-11-27,2193.0,2197.0,2172.0,2187.0,671490,831261,2183.0
2024-11-28,2183.0,2187.0,2176.0,2183.0,318917,841841,2181.0
2024-11-29,2180.0,2182.0,2158.0,2163.0,656802,849391,2167.0
2024-12-02,2160.0,2169.0,2137.0,2138.0,544070,872091,2150.0
2024-12-03,2134.0,2136.0,2113.0,2127.0,641816,875099,2123.0
2024-12-04,2127.0,2128.0,2082.0,2084.0,652976,861967,2099.0
2024-12-05,2079.0,2107.0,2035.0,2099.0,1352085,771427,2071.0
2024-12-06,2100.0,2107.0,2076.0,2089.0,589063,733746,2091.0
2024-12-09,2090.0,2100.0,2083.0,2087.0,538106,678533,2091.0
2024-12-10,2091.0,2125.0,2091.0,2113.0,635366,598655,2108.0
2024-12-11,2118.0,2131.0,2113.0,2122.0,504540,530107,2121.0
2024-12-12,2118.0,2126.0,2113.0,2115.0,332769,503360,2119.0
2024-12-13,2112.0,2119.0,2101.0,2115.0,354489,459925,2110.0
2024-12-16,2104.0,2113.0,2085.0,2102.0,336349,420655,2099.0
2024-12-17,2202.0,2209.0,2184.0,2186.0,435508,857952,2193.0
2024-12-18,2183.0,2187.0,2166.0,2174.0,523114,903467,2175.0
2024-12-19,2179.0,2192.0,2166.0,2177.0,604379,932807,2180.0
2024-12-20,2173.0,2186.0,2168.0,2184.0,466979,976885,2177.0
2024-12-23,2185.0,2200.0,2177.0,2182.0,571518,1026414,2186.0
2024-12-24,2182.0,2193.0,2173.0,2189.0,490615,1060195,2181.0
2024-12-25,2192.0,2212.0,2190.0,2205.0,674657,1084872,2203.0
2024-12-26,2206.0,2211.0,2199.0,2204.0,401944,1104236,2204.0
2024-12-27,2208.0,2243.0,2206.0,2234.0,757547,1100060,2227.0
2024-12-30,2234.0,2247.0,2226.0,2235.0,635325,1107795,2235.0
2024-12-31,2233.0,2236.0,2223.0,2229.0,417520,1107047,2230.0
2025-01-02,2231.0,2243.0,2226.0,2228.0,410340,1115258,2234.0
2025-01-03,2230.0,2236.0,2219.0,2228.0,526813,1135305,2227.0
2025-01-06,2224.0,2235.0,2209.0,2228.0,600308,1176272,2223.0
2025-01-07,2225.0,2235.0,2215.0,2225.0,483242,1191075,2224.0
2025-01-08,2226.0,2234.0,2222.0,2230.0,396767,1197450,2228.0
2025-01-09,2232.0,2237.0,2217.0,2231.0,504110,1213662,2225.0
2025-01-10,2232.0,2262.0,2231.0,2250.0,881711,1247029,2252.0
2025-01-13,2250.0,2277.0,2242.0,2267.0,589179,1268222,2260.0
2025-01-14,2270.0,2279.0,2264.0,2277.0,461647,1302270,2272.0
2025-01-15,2279.0,2279.0,2263.0,2274.0,513644,1308553,2271.0
2025-01-16,2274.0,2290.0,2271.0,2288.0,579788,1334269,2281.0
2025-01-17,2288.0,2298.0,2276.0,2291.0,603475,1355862,2287.0
2025-01-20,2289.0,2298.0,2280.0,2286.0,555673,1353055,2288.0
2025-01-21,2285.0,2290.0,2269.0,2277.0,533314,1360810,2278.0
2025-01-22,2273.0,2276.0,2266.0,2272.0,429566,1362199,2270.0
2025-01-23,2272.0,2288.0,2272.0,2280.0,458258,1360006,2281.0
2025-01-24,2276.0,2280.0,2265.0,2267.0,479649,1330374,2270.0
2025-01-27,2270.0,2292.0,2265.0,2283.0,386830,1311735,2277.0
2025-02-05,2295.0,2309.0,2283.0,2287.0,333773,1331101,2291.0
2025-02-06,2285.0,2307.0,2284.0,2300.0,591183,1369605,2297.0
2025-02-07,2300.0,2303.0,2274.0,2286.0,694458,1350192,2285.0
2025-02-10,2286.0,2297.0,2284.0,2294.0,449998,1345501,2289.0
2025-02-11,2296.0,2299.0,2290.0,2296.0,351921,1331768,2294.0
2025-02-12,2296.0,2306.0,2285.0,2303.0,520720,1347809,2294.0
2025-02-13,2308.0,2325.0,2297.0,2302.0,833735,1367616,2314.0
2025-02-14,2305.0,2313.0,2300.0,2303.0,431337,1365694,2305.0
2025-02-17,2305.0,2305.0,2281.0,2288.0,737074,1349504,2291.0
2025-02-18,2288.0,2298.0,2285.0,2291.0,448247,1349834,2291.0
2025-02-19,2291.0,2297.0,2285.0,2290.0,415075,1349168,2291.0
2025-02-20,2292.0,2293.0,2265.0,2267.0,813673,1372705,2276.0
2025-02-21,2270.0,2281.0,2267.0,2274.0,550586,1408030,2274.0
2025-02-24,2274.0,2298.0,2271.0,2287.0,712636,1383372,2285.0
2025-02-25,2284.0,2290.0,2275.0,2275.0,529325,1413420,2282.0
2025-02-26,2272.0,2275.0,2260.0,2271.0,697826,1482053,2267.0
2025-02-27,2273.0,2295.0,2271.0,2293.0,789425,1449329,2283.0
2025-02-28,2292.0,2302.0,2289.0,2292.0,586908,1425075,2294.0
2025-03-03,2292.0,2316.0,2290.0,2312.0,613819,1423614,2304.0
2025-03-04,2314.0,2324.0,2308.0,2310.0,791317,1390413,2315.0
2025-03-05,2309.0,2310.0,2282.0,2283.0,887537,1345835,2293.0
2025-03-06,2286.0,2308.0,2284.0,2308.0,660390,1380070,2294.0
2025-03-07,2308.0,2316.0,2304.0,2308.0,543210,1389842,2309.0
2025-03-10,2303.0,2336.0,2299.0,2319.0,737328,1373175,2316.0
2025-03-11,2319.0,2330.0,2311.0,2326.0,542975,1367634,2320.0
2025-03-12,2323.0,2328.0,2314.0,2315.0,527693,1332993,2320.0
2025-03-13,2310.0,2311.0,2293.0,2299.0,776210,1316989,2302.0
2025-03-14,2298.0,2312.0,2297.0,2309.0,483183,1286672,2304.0
2025-03-17,2313.0,2313.0,2290.0,2291.0,551772,1293426,2303.0
2025-03-18,2291.0,2298.0,2285.0,2292.0,504586,1273845,2291.0
2025-03-19,2292.0,2294.0,2279.0,2284.0,556257,1263000,2285.0
2025-03-20,2282.0,2284.0,2268.0,2280.0,525250,1269882,2276.0
2025-03-21,2280.0,2293.0,2277.0,2289.0,412878,1248769,2284.0
2025-03-24,2288.0,2293.0,2267.0,2271.0,500440,1228281,2279.0
2025-03-25,2269.0,2276.0,2265.0,2271.0,390770,1223061,2271.0
2025-03-26,2268.0,2277.0,2256.0,2262.0,477361,1196286,2267.0
2025-03-27,2262.0,2269.0,2255.0,2266.0,425101,1163432,2260.0
2025-03-28,2264.0,2272.0,2259.0,2261.0,356563,1131722,2265.0
2025-03-31,2258.0,2261.0,2244.0,2251.0,496206,1111955,2250.0
2025-04-01,2251.0,2260.0,2245.0,2254.0,351521,1083673,2252.0
2025-04-02,2254.0,2271.0,2252.0,2268.0,402149,1034990,2263.0
2025-04-03,2270.0,2285.0,2268.0,2284.0,514358,946992,2276.0
2025-04-07,2290.0,2304.0,2277.0,2283.0,547752,862038,2290.0
2025-04-08,2282.0,2291.0,2278.0,2288.0,417433,804691,2284.0
2025-04-09,2328.0,2336.0,2303.0,2309.0,375413,942830,2318.0
2025-04-10,2315.0,2319.0,2301.0,2316.0,266755,970834,2310.0
2025-04-11,2310.0,2318.0,2305.0,2314.0,233802,1006234,2312.0
2025-04-14,2316.0,2326.0,2306.0,2310.0,333101,1062456,2316.0
2025-04-15,2306.0,2310.0,2293.0,2302.0,556593,1118514,2300.0
2025-04-16,2302.0,2315.0,2299.0,2304.0,461997,1166526,2307.0
2025-04-17,2306.0,2310.0,2297.0,2303.0,414571,1207309,2303.0
2025-04-18,2305.0,2305.0,2287.0,2288.0,573043,1259116,2293.0
2025-04-21,2289.0,2304.0,2280.0,2302.0,622234,1290264,2292.0
2025-04-22,2302.0,2327.0,2300.0,2324.0,743552,1321994,2316.0
2025-04-23,2323.0,2328.0,2318.0,2324.0,510807,1328483,2322.0
2025-04-24,2320.0,2340.0,2317.0,2338.0,626037,1359385,2328.0
2025-04-25,2335.0,2341.0,2325.0,2336.0,654153,1377504,2333.0
2025-04-28,2336.0,2370.0,2330.0,2361.0,928665,1473106,2353.0
2025-04-29,2355.0,2370.0,2353.0,2355.0,753148,1464727,2360.0
2025-04-30,2358.0,2379.0,2355.0,2377.0,635254,1490492,2365.0
2025-05-06,2382.0,2384.0,2347.0,2365.0,623290,1483812,2363.0
2025-05-07,2362.0,2387.0,2362.0,2369.0,817931,1508274,2376.0
2025-05-08,2368.0,2378.0,2361.0,2365.0,603260,1485800,2368.0
2025-05-09,2368.0,2378.0,2362.0,2375.0,444617,1499408,2370.0
2025-05-12,2380.0,2389.0,2355.0,2363.0,675649,1453598,2367.0
2025-05-13,2360.0,2360.0,2340.0,2344.0,715911,1409659,2348.0
2025-05-14,2343.0,2358.0,2342.0,2356.0,495626,1395526,2350.0
2025-05-15,2353.0,2356.0,2341.0,2342.0,458265,1370954,2345.0
2025-05-16,2345.0,2353.0,2333.0,2335.0,569031,1353678,2343.0
2025-05-19,2336.0,2339.0,2328.0,2330.0,442269,1332491,2332.0
2025-05-20,2330.0,2339.0,2310.0,2312.0,646856,1333456,2322.0
2025-05-21,2315.0,2328.0,2307.0,2324.0,648936,1324484,2317.0
2025-05-22,2324.0,2330.0,2321.0,2329.0,360156,1322541,2325.0
2025-05-23,2328.0,2334.0,2322.0,2327.0,384538,1308920,2327.0
2025-05-26,2328.0,2333.0,2318.0,2318.0,416089,1280330,2323.0
2025-05-27,2320.0,2326.0,2314.0,2324.0,421617,1247898,2319.0
2025-05-28,2321.0,2327.0,2318.0,2325.0,356010,1211941,2322.0
2025-05-29,2323.0,2336.0,2320.0,2332.0,431887,1171400,2328.0
2025-05-30,2334.0,2346.0,2330.0,2336.0,460641,1116770,2339.0
2025-06-03,2340.0,2348.0,2317.0,2325.0,446385,1079783,2326.0
2025-06-04,2326.0,2337.0,2319.0,2333.0,427404,1017104,2327.0
2025-06-05,2334.0,2340.0,2324.0,2335.0,370158,989829,2332.0
2025-06-06,2334.0,2342.0,2330.0,2340.0,305894,964005,2336.0
2025-06-09,2341.0,2361.0,2338.0,2357.0,510372,920751,2351.0
2025-06-10,2357.0,2384.0,2357.0,2379.0,550135,869727,2372.0
2025-06-11,2382.0,2387.0,2369.0,2374.0,500017,823945,2378.0
2025-06-12,2376.0,2380.0,2368.0,2372.0,369435,762225,2374.0
2025-06-13,2378.0,2379.0,2363.0,2378.0,389319,702413,2370.0
2025-06-16,2380.0,2381.0,2358.0,2359.0,409117,637414,2369.0
2025-06-17,2391.0,2399.0,2388.0,2399.0,254191,776889,2393.0
2025-06-18,2396.0,2415.0,2393.0,2397.0,472636,837782,2403.0
2025-06-19,2397.0,2408.0,2392.0,2405.0,378506,894477,2401.0
2025-06-20,2404.0,2413.0,2404.0,2409.0,372688,959322,2407.0
2025-06-23,2411.0,2420.0,2405.0,2408.0,495033,994996,2412.0
2025-06-24,2407.0,2409.0,2380.0,2389.0,700124,996356,2393.0
2025-06-25,2388.0,2394.0,2375.0,2377.0,532093,997031,2381.0
2025-06-26,2377.0,2387.0,2372.0,2378.0,468926,994414,2379.0
2025-06-27,2379.0,2385.0,2373.0,2384.0,379522,973770,2378.0
2025-06-30,2379.0,2384.0,2372.0,2378.0,486118,970530,2376.0
2025-07-01,2379.0,2389.0,2374.0,2383.0,426304,942750,2381.0
2025-07-02,2383.0,2388.0,2360.0,2363.0,694616,929730,2369.0
2025-07-03,2363.0,2369.0,2356.0,2363.0,404176,930681,2364.0
2025-07-04,2363.0,2366.0,2352.0,2353.0,452079,945346,2358.0
2025-07-07,2351.0,2351.0,2325.0,2326.0,644587,986514,2337.0
2025-07-08,2326.0,2329.0,2310.0,2321.0,621196,986478,2320.0
2025-07-09,2315.0,2329.0,2315.0,2319.0,404273,994428,2322.0
2025-07-10,2317.0,2325.0,2313.0,2320.0,382569,1005818,2318.0
2025-07-11,2320.0,2323.0,2304.0,2306.0,509176,1030900,2312.0
2025-07-14,2303.0,2305.0,2276.0,2302.0,736647,1017804,2293.0
2025-07-15,2304.0,2310.0,2291.0,2295.0,441253,1036238,2301.0
2025-07-16,2296.0,2304.0,2288.0,2293.0,373438,1054601,2294.0
2025-07-17,2290.0,2297.0,2274.0,2296.0,553936,1059650,2286.0
2025-07-18,2300.0,2316.0,2294.0,2314.0,550232,1067675,2305.0
2025-07-21,2318.0,2325.0,2314.0,2320.0,507087,1036253,2319.0
2025-07-22,2320.0,2335.0,2318.0,2322.0,504097,975861,2325.0
2025-07-23,2316.0,2324.0,2299.0,2321.0,696340,923031,2311.0
2025-07-24,2320.0,2326.0,2313.0,2318.0,406973,895053,2318.0
2025-07-25,2320.0,2323.0,2306.0,2311.0,403182,852106,2314.0
2025-07-28,2308.0,2330.0,2291.0,2319.0,746921,805560,2313.0
2025-07-29,2317.0,2320.0,2299.0,2302.0,527538,794329,2306.0
2025-07-30,2303.0,2317.0,2303.0,2312.0,356650,750315,2310.0
2025-07-31,2312.0,2320.0,2287.0,2288.0,501397,769791,2304.0
2025-08-01,2287.0,2310.0,2282.0,2297.0,448997,746716,2296.0
2025-08-04,2298.0,2301.0,2280.0,2284.0,418945,746964,2288.0
2025-08-05,2281.0,2284.0,2247.0,2249.0,603449,768475,2259.0
2025-08-06,2253.0,2263.0,2245.0,2259.0,409488,722961,2255.0
2025-08-07,2263.0,2270.0,2257.0,2267.0,365249,685053,2266.0
2025-08-08,2263.0,2268.0,2245.0,2255.0,338463,659407,2257.0
2025-08-11,2258.0,2266.0,2249.0,2262.0,268357,638175,2259.0
2025-08-12,2260.0,2266.0,2254.0,2260.0,232359,605565,2259.0
2025-08-13,2200.0,2212.0,2196.0,2212.0,292160,677585,2203.0
2025-08-14,2212.0,2218.0,2195.0,2202.0,377655,735853,2207.0
2025-08-15,2197.0,2202.0,2185.0,2190.0,484753,828457,2192.0
2025-08-18,2190.0,2195.0,2172.0,2177.0,463871,896277,2183.0
2025-08-19,2180.0,2184.0,2167.0,2170.0,353719,925944,2176.0
2025-08-20,2171.0,2176.0,2156.0,2170.0,436097,937236,2166.0
2025-08-21,2168.0,2175.0,2163.0,2166.0,284355,949895,2168.0
2025-08-22,2164.0,2175.0,2147.0,2175.0,635755,955265,2157.0
2025-08-25,2175.0,2179.0,2150.0,2154.0,542863,984080,2164.0
2025-08-26,2154.0,2163.0,2150.0,2158.0,346257,1004013,2157.0
2025-08-27,2159.0,2168.0,2151.0,2164.0,379154,1019003,2159.0
2025-08-28,2168.0,2187.0,2166.0,2185.0,698709,992294,2178.0
2025-08-29,2189.0,2197.0,2179.0,2191.0,505054,983279,2187.0
2025-09-01,2192.0,2196.0,2182.0,2193.0,386964,974389,2190.0
2025-09-02,2196.0,2216.0,2193.0,2200.0,615673,948162,2206.0
2025-09-03,2200.0,2207.0,2191.0,2193.0,417947,944476,2197.0
2025-09-04,2192.0,2212.0,2192.0,2210.0,425374,918655,2200.0
2025-09-05,2212.0,2229.0,2210.0,2224.0,560161,915637,2219.0
2025-09-08,2227.0,2233.0,2219.0,2231.0,472105,909776,2226.0
2025-09-09,2231.0,2234.0,2207.0,2214.0,593118,881630,2215.0
2025-09-10,2216.0,2216.0,2192.0,2197.0,513873,860426,2199.0
2025-09-11,2199.0,2205.0,2194.0,2202.0,358208,852554,2199.0
2025-09-12,2203.0,2207.0,2194.0,2197.0,302276,851763,2199.0
2025-09-15,2199.0,2200.0,2165.0,2167.0,637412,835212,2178.0
2025-09-16,2167.0,2175.0,2164.0,2166.0,410132,827688,2169.0
2025-09-17,2166.0,2171.0,2156.0,2161.0,416188,812333,2163.0
2025-09-18,2165.0,2177.0,2163.0,2177.0,396848,813136,2170.0
2025-09-19,2178.0,2179.0,2166.0,2168.0,304896,811835,2171.0
2025-09-22,2169.0,2177.0,2145.0,2147.0,592934,797950,2163.0
2025-09-23,2144.0,2165.0,2138.0,2158.0,564657,761736,2151.0
2025-09-24,2163.0,2165.0,2151.0,2164.0,378434,746974,2158.0
2025-09-25,2167.0,2176.0,2160.0,2165.0,398761,729266,2166.0
2025-09-26,2159.0,2193.0,2158.0,2178.0,626987,692516,2176.0
2025-09-29,2178.0,2187.0,2155.0,2159.0,557756,640186,2171.0
2025-09-30,2154.0,2160.0,2135.0,2143.0,499783,596123,2147.0
2025-10-09,2120.0,2146.0,2120.0,2138.0,370110,599248,2136.0
2025-10-10,2136.0,2140.0,2124.0,2125.0,393175,591363,2131.0
2025-10-13,2123.0,2129.0,2089.0,2092.0,520836,552055,2107.0
2025-10-14,2103.0,2119.0,2094.0,2111.0,369769,663421,2105.0
2025-10-15,2109.0,2127.0,2109.0,2127.0,307920,697057,2119.0
2025-10-16,2124.0,2138.0,2123.0,2136.0,375510,727244,2131.0
2025-10-17,2135.0,2139.0,2116.0,2117.0,536706,769696,2128.0
2025-10-20,2118.0,2143.0,2108.0,2138.0,673055,800344,2128.0
2025-10-21,2138.0,2152.0,2132.0,2144.0,597677,849415,2141.0
2025-10-22,2141.0,2142.0,2119.0,2133.0,551281,853369,2131.0
2025-10-23,2130.0,2144.0,2121.0,2140.0,498754,892982,2131.0
2025-10-24,2140.0,2142.0,2128.0,2133.0,368785,888897,2134.0
2025-10-27,2134.0,2134.0,2109.0,2112.0,621343,902515,2117.0
2025-10-28,2112.0,2127.0,2111.0,2123.0,474711,912328,2118.0
2025-10-29,2123.0,2124.0,2115.0,2116.0,374280,925389,2119.0
2025-10-30,2116.0,2120.0,2108.0,2111.0,466019,944149,2113.0
2025-10-31,2109.0,2130.0,2108.0,2130.0,614123,931151,2118.0
2025-11-03,2130.0,2144.0,2126.0,2141.0,637365,917237,2136.0
2025-11-04,2143.0,2146.0,2133.0,2135.0,406066,927070,2139.0
2025-11-05,2135.0,2144.0,2131.0,2134.0,391795,935749,2138.0
2025-11-06,2133.0,2156.0,2128.0,2154.0,566057,970616,2142.0
2025-11-07,2151.0,2158.0,2145.0,2149.0,457973,977019,2151.0
2025-11-10,2149.0,2166.0,2145.0,2164.0,549821,966186,2157.0
2025-11-11,2167.0,2183.0,2166.0,2177.0,672958,954084,2176.0
2025-11-12,2179.0,2185.0,2173.0,2177.0,456704,963208,2178.0
2025-11-13,2178.0,2188.0,2173.0,2186.0,540710,957369,2180.0
2025-11-14,2188.0,2191.0,2175.0,2185.0,434865,947302,2182.0
2025-11-17,2188.0,2188.0,2171.0,2182.0,500087,934036,2179.0
2025-11-18,2182.0,2186.0,2166.0,2168.0,504544,943129,2173.0
2025-11-19,2167.0,2178.0,2165.0,2175.0,426412,945952,2171.0
2025-11-20,2172.0,2179.0,2165.0,2168.0,405905,932364,2171.0
2025-11-21,2167.0,2206.0,2162.0,2195.0,823020,949440,2183.0
2025-11-24,2195.0,2220.0,2192.0,2220.0,799285,974448,2206.0
2025-11-25,2224.0,2243.0,2220.0,2242.0,791802,1015768,2230.0
2025-11-26,2242.0,2257.0,2230.0,2235.0,1012713,997596,2243.0
2025-11-27,2239.0,2253.0,2230.0,2243.0,686819,968502,2240.0
2025-11-28,2240.0,2255.0,2234.0,2244.0,550428,959620,2241.0
2025-12-01,2244.0,2252.0,2226.0,2236.0,604878,950183,2237.0
2025-12-02,2239.0,2253.0,2232.0,2243.0,528615,927482,2243.0
2025-12-03,2246.0,2271.0,2238.0,2259.0,761132,905398,2255.0
2025-12-04,2262.0,2288.0,2261.0,2287.0,744655,938213,2273.0
2025-12-05,2292.0,2310.0,2288.0,2295.0,804390,928423,2297.0
2025-12-08,2290.0,2293.0,2259.0,2261.0,914137,848965,2273.0
2025-12-09,2255.0,2259.0,2235.0,2236.0,824523,745751,2243.0
2025-12-10,2222.0,2236.0,2215.0,2236.0,355773,855424,2225.0
2025-12-11,2235.0,2243.0,2226.0,2236.0,364692,921377,2234.0
2025-12-12,2236.0,2239.0,2225.0,2233.0,298114,937207,2232.0
2025-12-15,2236.0,2237.0,2208.0,2208.0,385351,962608,2226.0
2025-12-16,2208.0,2216.0,2201.0,2202.0,406332,977549,2209.0
2025-12-17,2205.0,2213.0,2200.0,2206.0,402536,988605,2206.0
2025-12-18,2208.0,2211.0,2185.0,2190.0,501736,1001351,2196.0
2025-12-19,2190.0,2196.0,2185.0,2192.0,367612,1004517,2190.0
2025-12-22,2195.0,2210.0,2190.0,2192.0,467225,983336,2198.0
2025-12-23,2192.0,2205.0,2185.0,2189.0,477698,987453,2193.0
2025-12-24,2189.0,2198.0,2183.0,2196.0,352923,986736,2191.0
2025-12-25,2197.0,2198.0,2186.0,2189.0,261112,997444,2192.0
2025-12-26,2191.0,2225.0,2189.0,2222.0,729771,1014722,2208.0
2025-12-29,2219.0,2250.0,2217.0,2249.0,734397,1032463,2237.0
2025-12-30,2251.0,2257.0,2223.0,2230.0,778174,1035850,2241.0
2025-12-31,2229.0,2236.0,2225.0,2226.0,433555,1009261,2229.0
2026-01-05,2220.0,2234.0,2210.0,2224.0,429181,1001343,2223.0
2026-01-06,2224.0,2226.0,2205.0,2222.0,533924,994015,2217.0
2026-01-07,2220.0,2249.0,2220.0,2248.0,691461,1011495,2232.0
2026-01-08,2245.0,2266.0,2241.0,2266.0,726670,1034386,2250.0
2026-01-09,2268.0,2270.0,2257.0,2263.0,510481,1049843,2263.0
2026-01-12,2260.0,2294.0,2255.0,2290.0,608922,1092707,2276.0
2026-01-13,2292.0,2295.0,2276.0,2284.0,476026,1099156,2288.0
2026-01-14,2280.0,2288.0,2268.0,2272.0,510166,1061766,2276.0
2026-01-15,2273.0,2296.0,2273.0,2295.0,497526,1075279,2284.0
2026-01-16,2298.0,2305.0,2280.0,2281.0,569023,1067742,2292.0
2026-01-19,2286.0,2289.0,2275.0,2281.0,367819,1073216,2282.0
2026-01-20,2278.0,2284.0,2263.0,2280.0,557375,1055982,2272.0
2026-01-21,2280.0,2287.0,2270.0,2283.0,397415,1067562,2277.0
2026-01-22,2283.0,2298.0,2277.0,2295.0,435516,1100704,2286.0
2026-01-23,2295.0,2310.0,2288.0,2300.0,509405,1129331,2298.0
2026-01-26,2300.0,2314.0,2291.0,2293.0,644209,1098241,2301.0
2026-01-27,2292.0,2295.0,2281.0,2283.0,428858,1044806,2286.0
2026-01-28,2284.0,2291.0,2271.0,2274.0,562766,956567,2279.0
2026-01-29,2273.0,2284.0,2266.0,2281.0,494247,907958,2273.0
2026-01-30,2281.0,2289.0,2268.0,2271.0,479584,874699,2277.0
2026-02-02,2267.0,2273.0,2258.0,2261.0,518977,760192,2265.0
2026-02-03,2264.0,2272.0,2259.0,2267.0,375202,702041,2265.0
2026-02-04,2270.0,2274.0,2267.0,2271.0,214376,799125,2270.0
2026-02-05,2273.0,2280.0,2268.0,2273.0,272543,829931,2274.0
2026-02-06,2272.0,2282.0,2272.0,2279.0,248279,862011,2277.0
2026-02-09,2281.0,2285.0,2271.0,2274.0,402533,915263,2276.0
2026-02-10,2276.0,2288.0,2273.0,2286.0,388486,974832,2280.0
2026-02-11,2285.0,2317.0,2284.0,2316.0,790787,1174673,2301.0
2026-02-12,2315.0,2328.0,2312.0,2320.0,538405,1220455,2319.0
2026-02-13,2318.0,2335.0,2312.0,2320.0,658161,1212499,2322.0
2026-02-24,2328.0,2350.0,2324.0,2332.0,609628,1298098,2336.0
2026-02-25,2327.0,2350.0,2326.0,2342.0,576049,1381349,2342.0
2026-02-26,2342.0,2352.0,2335.0,2342.0,547901,1417013,2344.0
2026-02-27,2344.0,2360.0,2339.0,2360.0,525106,1475478,2347.0
2026-03-02,2358.0,2401.0,2357.0,2384.0,951555,1502061,2377.0
2026-03-03,2383.0,2384.0,2368.0,2373.0,636852,1455854,2374.0
2026-03-04,2373.0,2385.0,2369.0,2379.0,555128,1464914,2376.0
2026-03-05,2379.0,2395.0,2378.0,2384.0,584219,1484708,2385.0
2026-03-06,2386.0,2407.0,2384.0,2393.0,790836,1519542,2394.0
2026-03-09,2392.0,2443.0,2386.0,2395.0,1545357,1435081,2410.0
2026-03-10,2390.0,2395.0,2372.0,2381.0,864610,1381435,2383.0
2026-03-11,2380.0,2397.0,2380.0,2395.0,650049,1384288,2386.0
2026-03-12,2400.0,2404.0,2392.0,2396.0,643688,1411150,2398.0
2026-03-13,2391.0,2403.0,2381.0,2386.0,808417,1405171,2389.0
2026-03-16,2384.0,2387.0,2375.0,2379.0,666819,1378887,2381.0
2026-03-17,2379.0,2391.0,2370.0,2386.0,705931,1384595,2380.0
2026-03-18,2389.0,2392.0,2375.0,2382.0,541679,1358592,2383.0
2026-03-19,2384.0,2390.0,2378.0,2384.0,463939,1355055,2384.0
2026-03-20,2384.0,2388.0,2361.0,2387.0,971837,1316707,2376.0
2026-03-23,2387.0,2416.0,2380.0,2415.0,1176931,1379169,2401.0
2026-03-24,2401.0,2406.0,2383.0,2383.0,802669,1325839,2394.0
2026-03-25,2383.0,2387.0,2373.0,2376.0,640244,1232743,2378.0
2026-03-26,2376.0,2382.0,2374.0,2376.0,422589,1198270,2377.0
2026-03-27,2376.0,2377.0,2363.0,2369.0,592111,1124900,2368.0
2026-03-30,2370.0,2373.0,2345.0,2346.0,689138,1052641,2357.0
2026-03-31,2346.0,2355.0,2344.0,2351.0,425451,1023011,2349.0
2026-04-01,2350.0,2367.0,2349.0,2350.0,531908,1003435,2359.0
2026-04-02,2350.0,2358.0,2345.0,2356.0,361789,975880,2351.0
2026-04-03,2357.0,2360.0,2341.0,2344.0,461310,921803,2348.0
2026-04-07,2344.0,2347.0,2337.0,2343.0,322870,894537,2341.0
2026-04-08,2343.0,2349.0,2338.0,2345.0,401572,846689,2343.0
2026-04-09,2342.0,2358.0,2341.0,2354.0,376712,835511,2349.0
2026-04-10,2359.0,2386.0,2355.0,2379.0,761415,776337,2376.0
2026-04-13,2374.0,2388.0,2367.0,2373.0,518043,716409,2376.0
2026-04-14,2393.0,2400.0,2387.0,2397.0,269840,838678,2392.0
2026-04-15,2400.0,2400.0,2387.0,2390.0,347968,926426,2393.0
2026-04-16,2389.0,2400.0,2389.0,2394.0,361286,1001736,2395.0
2026-04-17,2394.0,2414.0,2386.0,2402.0,809064,1142487,2398.0
2026-04-20,2397.0,2415.0,2390.0,2414.0,708131,1251956,2402.0
2026-04-21,2415.0,2437.0,2412.0,2432.0,947158,1429327,2425.0
2026-04-22,2437.0,2445.0,2431.0,2434.0,876264,1534434,2438.0
2026-04-23,2437.0,2444.0,2419.0,2426.0,765141,1519921,2431.0
2026-04-24,2422.0,2431.0,2413.0,2417.0,645447,1481612,2422.0
2026-04-27,2415.0,2430.0,2415.0,2427.0,585815,1494487,2422.0
2026-04-28,2429.0,2437.0,2423.0,2429.0,600954,1496623,2428.0
2026-04-29,2430.0,2435.0,2425.0,2431.0,483812,1461563,2429.0
2026-04-30,2433.0,2433.0,2419.0,2427.0,540166,1396114,2423.0
2026-05-06,2426.0,2439.0,2370.0,2391.0,1057815,1330788,2407.0
2026-05-07,2387.0,2389.0,2372.0,2377.0,878566,1274675,2379.0
2026-05-08,2377.0,2380.0,2356.0,2365.0,769189,1245087,2366.0
2026-05-11,2365.0,2372.0,2350.0,2353.0,741648,1257129,2360.0
2026-05-12,2355.0,2363.0,2350.0,2359.0,491113,1253543,2356.0
2026-05-13,2360.0,2380.0,2357.0,2378.0,668014,1232490,2369.0
2026-05-14,2380.0,2381.0,2361.0,2367.0,656872,1224312,2371.0
2026-05-15,2366.0,2371.0,2354.0,2355.0,571494,1188775,2363.0
2026-05-18,2354.0,2366.0,2345.0,2353.0,656116,1171039,2353.0
2026-05-19,2353.0,2368.0,2351.0,2365.0,534125,1177336,2359.0
2026-05-20,2365.0,2371.0,2351.0,2351.0,542335,1169315,2358.0
2026-05-21,2346.0,2348.0,2323.0,2324.0,778421,1196696,2335.0
2026-05-22,2330.0,2343.0,2326.0,2331.0,651719,1185801,2333.0
2026-05-25,2333.0,2343.0,2320.0,2327.0,606169,1188777,2333.0
2026-05-26,2328.0,2330.0,2311.0,2316.0,670795,1189332,2319.0
2026-05-27,2320.0,2324.0,2311.0,2311.0,556578,1177932,2316.0
2026-05-28,2309.0,2315.0,2304.0,2310.0,640254,1165091,2308.0
2026-05-29,2310.0,2335.0,2309.0,2322.0,757141,1112136,2322.0
2026-06-01,2323.0,2331.0,2316.0,2330.0,511065,1087015,2324.0
2026-06-02,2330.0,2337.0,2323.0,2333.0,548509,1033464,2329.0
2026-06-03,2335.0,2335.0,2303.0,2307.0,741361,1021000,2323.0
2026-06-04,2303.0,2309.0,2291.0,2300.0,656254,1061705,2300.0
2026-06-05,2306.0,2332.0,2301.0,2323.0,704119,960924,2317.0
2026-06-08,2323.0,2334.0,2315.0,2332.0,589213,911274,2324.0
2026-06-09,2331.0,2344.0,2328.0,2339.0,531796,873921,2336.0
2026-06-10,2339.0,2347.0,2331.0,2335.0,464255,836266,2339.0
2026-06-11,2335.0,2347.0,2331.0,2346.0,366411,813479,2338.0
2026-06-12,2348.0,2355.0,2342.0,2351.0,437482,762318,2350.0
2026-06-15,2346.0,2348.0,2317.0,2320.0,485385,814863,2330.0
2026-06-16,2322.0,2327.0,2316.0,2325.0,345042,822682,2323.0
2026-06-17,2325.0,2330.0,2318.0,2323.0,351920,851268,2324.0
2026-06-18,2327.0,2329.0,2312.0,2329.0,505874,855611,2322.0
2026-06-22,2329.0,2345.0,2325.0,2327.0,394668,881602,2333.0
2026-06-23,2326.0,2329.0,2312.0,2315.0,574803,909470,2319.0
2026-06-24,2318.0,2333.0,2315.0,2326.0,526156,908142,2323.0
2026-06-25,2329.0,2330.0,2295.0,2301.0,856588,947466,2310.0
2026-06-26,2301.0,2326.0,2300.0,2323.0,702236,962867,2314.0
2026-06-29,2326.0,2340.0,2320.0,2337.0,710834,1003008,2332.0
2026-06-30,2333.0,2340.0,2325.0,2328.0,552587,984835,2332.0
2026-07-01,2328.0,2335.0,2317.0,2333.0,553274,993172,2326.0
2026-07-02,2332.0,2338.0,2327.0,2329.0,430835,987191,2333.0
2026-07-03,2328.0,2330.0,2302.0,2305.0,824306,1016289,2313.0
2026-07-06,2301.0,2310.0,2285.0,2286.0,812990,1074361,2298.0
2026-07-07,2288.0,2306.0,2284.0,2305.0,729114,1054940,2293.0
2026-07-08,2304.0,2307.0,2293.0,2299.0,512925,1043163,2299.0
2026-07-09,2300.0,2307.0,2297.0,2299.0,406192,1025380,2301.0
2026-07-10,2302.0,2317.0,2300.0,2311.0,660193,974687,2310.0
2026-07-13,2315.0,2329.0,2303.0,2307.0,745915,956075,2314.0
2026-07-14,2307.0,2311.0,2297.0,2309.0,463583,949686,2304.0
2026-07-15,2308.0,2320.0,2301.0,2303.0,542284,969154,2310.0
2026-07-16,2301.0,2312.0,2298.0,2305.0,375871,944401,2305.0
2026-07-17,2303.0,2305.0,2283.0,2287.0,752613,980114,2292.0
2026-07-20,2285.0,2292.0,2269.0,2274.0,606592,981708,2280.0
2026-07-21,2274.0,2278.0,2268.0,2272.0,355493,995767,2273.0
2026-07-22,2270.0,2276.0,2263.0,2269.0,464937,981151,2268.0
2026-07-23,2269.0,2284.0,2268.0,2278.0,467037,945377,2277.0
2026-07-24,2275.0,2279.0,2264.0,2277.0,470299,946809,2270.0
2026-07-27,2272.0,2275.0,2262.0,2268.0,457048,955130,2269.0
2026-07-28,2264.0,2275.0,2262.0,2266.0,445172,947422,2267.0
2026-07-29,2266.0,2269.0,2256.0,2267.0,514622,930681,2263.0
2026-07-30,2265.0,2271.0,2263.0,2266.0,383777,906458,2267.0
2026-07-31,2266.0,2279.0,2264.0,2269.0,557808,849140,2272.0
2026-08-03,2267.0,2270.0,2252.0,2253.0,464465,875548,2260.0
2026-08-04,2255.0,2258.0,2241.0,2243.0,434355,875230,2247.0
2026-08-05,2243.0,2254.0,2235.0,2251.0,491381,836307,2245.0
2026-08-06,2251.0,2252.0,2238.0,2240.0,354596,840243,2244.0
