date,NAV,drawdown
2018-01-02,1.0,0.0
2018-01-03,1.0,0.0
2018-01-04,1.0,0.0
2018-01-05,1.0,0.0
2018-01-08,1.0,0.0
2018-01-09,1.0,0.0
2018-01-10,1.0,0.0
2018-01-11,1.0,0.0
2018-01-12,1.0,0.0
2018-01-15,1.0,0.0
2018-01-16,1.0,0.0
2018-01-17,1.0,0.0
2018-01-18,1.0,0.0
2018-01-19,1.0,0.0
2018-01-22,1.0,0.0
2018-01-23,1.0,0.0
2018-01-24,1.0,0.0
2018-01-25,1.0,0.0
2018-01-26,1.0,0.0
2018-01-29,1.0,0.0
2018-01-30,1.0,0.0
2018-01-31,1.0,0.0
2018-02-01,1.0,0.0
2018-02-02,1.0,0.0
2018-02-05,1.0,0.0
2018-02-06,1.0,0.0
2018-02-07,1.0,0.0
2018-02-08,1.0,0.0
2018-02-09,1.0,0.0
2018-02-12,1.0,0.0
2018-02-13,1.0,0.0
2018-02-14,1.0,0.0
2018-02-22,1.0,0.0
2018-02-23,1.0,0.0
2018-02-26,1.0,0.0
2018-02-27,1.0,0.0
2018-02-28,1.0,0.0
2018-03-01,1.0,0.0
2018-03-02,1.0,0.0
2018-03-05,0.9997333333333334,-0.0002666666666666373
2018-03-06,1.0001355920472668,0.0
2018-03-07,1.0007615433638335,0.0
2018-03-08,0.9922011823938257,-0.008553846844707946
2018-03-09,1.0001592177750571,-0.0006018672407732684
2018-03-12,1.0093345715996398,0.0
2018-03-13,1.0101093946577402,0.0
2018-03-14,1.0140489739755412,0.0
2018-03-15,1.0189218632496366,0.0
2018-03-16,1.0075579577058336,-0.01115287241708629
2018-03-19,1.0143433652955742,-0.004493473071095266
2018-03-20,1.0123552440321963,-0.006444673977744952
2018-03-21,1.0164206148278707,-0.0024547990498394734
2018-03-22,1.01738794496887,-0.0015054326892882663
2018-03-23,1.004735554317697,-0.013922862432940053
2018-03-26,1.0118820658801189,-0.006909064986657332
2018-03-27,1.0096826250285034,-0.009067661176360153
2018-03-28,1.0090199008950185,-0.009718078207722414
2018-03-29,1.0100554705952642,-0.008701739528971242
2018-03-30,0.9864110158861973,-0.031907105476913444
2018-04-02,0.9879248141469188,-0.030421419169335828
2018-04-03,0.988734726297976,-0.02962654747183957
2018-04-04,1.0033279962061314,-0.015304281521422824
2018-04-09,0.9825331823205193,-0.035712925830311715
2018-04-10,0.9981644249767533,-0.0203719627790514
2018-04-11,0.9994974859477556,-0.019063657383826427
2018-04-12,1.0117728805109947,-0.007016222731585864
2018-04-13,1.0114709971899596,-0.007312499935877348
2018-04-16,1.0136823097641745,-0.0051422524871059805
2018-04-17,1.0008900874570081,-0.01769691714644339
2018-04-18,1.0070363586495041,-0.011664785131046407
2018-04-19,1.010796332352115,-0.007974635927044504
2018-04-20,1.0074133040010198,-0.011294839833854042
2018-04-23,1.0136402957292245,-0.005183486301459483
2018-04-24,1.01178044234887,-0.00700880132063364
2018-04-25,1.0101310502820344,-0.008627563392904047
2018-04-26,1.01190884189667,-0.006882786213459058
2018-04-27,1.014271737929531,-0.004563770282909663
2018-05-02,1.0042162147724583,-0.014432557596004258
2018-05-03,1.011222406866009,-0.007556473819368081
2018-05-04,1.0143034926771741,-0.004532605236021947
2018-05-07,1.0261665357818386,0.0
2018-05-08,1.0459127999081848,0.0
2018-05-09,1.0459127999081848,0.0
2018-05-10,1.0459127999081848,0.0
2018-05-11,1.0459127999081848,0.0
2018-05-14,1.0459127999081848,0.0
2018-05-15,1.0459127999081848,0.0
2018-05-16,1.045773344868197,-0.00013333333333342967
2018-05-17,1.0470976248991672,0.0
2018-05-18,1.038779013908878,-0.007944446432194274
2018-05-21,1.0369999187424628,-0.009643519301914982
2018-05-22,1.038460807307206,-0.008248340352021155
2018-05-23,1.049870549125679,0.0
2018-05-24,1.0563129007449195,0.0
2018-05-25,1.0525503738001551,-0.003561943570045356
2018-05-28,1.0626681061800436,0.0
2018-05-29,1.0714703281761742,0.0
2018-05-30,1.0537279516569027,-0.01655890606832955
2018-05-31,1.0525027127303683,-0.017702417833718176
2018-06-01,1.0513300364897387,-0.018796873004143455
2018-06-04,1.0521452049718725,-0.018036078737893146
2018-06-05,1.0553579581960113,-0.015037625920625186
2018-06-06,1.055581466735609,-0.014829026080088292
2018-06-07,1.0436784418708374,-0.02593808300099487
2018-06-08,1.0282324170191002,-0.040353811038960186
2018-06-11,1.0317294771721426,-0.03709001542924417
2018-06-12,1.0313707532638778,-0.03742481136230125
2018-06-13,1.0408647761210335,-0.028564068691698252
2018-06-14,1.0417548754090238,-0.02773334173213282
2018-06-15,1.0355476529606988,-0.0335265235730996
2018-06-19,1.0664660009673363,-0.004670523370774116
2018-06-20,1.060870792180724,-0.009892514721795642
2018-06-21,1.0687692798083428,-0.0025208802304670375
2018-06-22,1.0718159777077951,0.0
2018-06-25,1.0848607034216453,0.0
2018-06-26,1.0974270155900112,0.0
2018-06-27,1.1015349975563467,0.0
2018-06-28,1.1098449506953931,0.0
2018-06-29,1.1096341349008783,-0.0001899506722833344
2018-07-02,1.0855890580471177,-0.021855208363183998
2018-07-03,1.0920753903013862,-0.01601084942799713
2018-07-04,1.0986312472470492,-0.010103846885385015
2018-07-05,1.0916894664783592,-0.016358577119856554
2018-07-06,1.1051789495381426,-0.004204191904758403
2018-07-09,1.1160467132792993,0.0
2018-07-10,1.1100162264674138,-0.0054034358420052
2018-07-11,1.1090299034050932,-0.006287200876734289
2018-07-12,1.1023394013555932,-0.012282023467843683
2018-07-13,1.1039163993430752,-0.010869001979837756
2018-07-16,1.108497960555731,-0.0067638322247172145
2018-07-17,1.106911090178504,-0.008185699569825289
2018-07-18,1.1089953089195903,-0.006318198222178051
2018-07-19,1.10364606730267,-0.011111224852042523
2018-07-20,1.103417815863107,-0.01131574267091795
2018-07-23,1.1033162161025478,-0.011406778072349022
2018-07-24,1.1055210898894987,-0.009431167409536978
2018-07-25,1.102806271358758,-0.011863698681246593
2018-07-26,1.1126883842992605,-0.0030091294029896964
2018-07-27,1.1169082159707617,0.0
2018-07-30,1.1054392112102263,-0.010268529317395303
2018-07-31,1.10108008239294,-0.014171382528567533
2018-08-01,1.0924801091450955,-0.021871185542703286
2018-08-02,1.088407715467357,-0.025517316549268476
2018-08-03,1.0903094985276645,-0.02381459556189136
2018-08-06,1.1013571128597341,-0.01392334919616589
2018-08-07,1.1363722594624688,0.0
2018-08-08,1.131157467782786,-0.004588981855426
2018-08-09,1.133837232573809,-0.0022308067339296134
2018-08-10,1.130875725952447,-0.004836912784743519
2018-08-13,1.125182195119388,-0.009847181898274937
2018-08-14,1.1214563919459548,-0.013125863811185856
2018-08-15,1.1205829974370576,-0.013894445146768963
2018-08-16,1.1157542644424165,-0.018143697937333503
2018-08-17,1.1319419184087671,-0.0038986705428706303
2018-08-20,1.1208248074307972,-0.013681653967007157
2018-08-21,1.1130492934809908,-0.020524054320465668
2018-08-22,1.1093491977249679,-0.023780113877721276
2018-08-23,1.101884907817333,-0.030348639152322443
2018-08-24,1.1108590981827435,-0.022451411557506296
2018-08-27,1.0942127574054443,-0.03710008028264167
2018-08-28,1.080057542163396,-0.04955657517168799
2018-08-29,1.092903970604625,-0.038251803927706995
2018-08-30,1.1107533560324105,-0.022544463943687476
2018-08-31,1.1034335937618602,-0.028985805862763114
2018-09-03,1.0940457532716779,-0.03724704280515645
2018-09-04,1.1006874473883361,-0.03140239633358566
2018-09-05,1.1067518991208865,-0.026065719305391588
2018-09-06,1.105264777601402,-0.027374376312020665
2018-09-07,1.1256624527386323,-0.009424558400345395
2018-09-10,1.1429711257707915,0.0
2018-09-11,1.1550252323007486,0.0
2018-09-12,1.1521807291054509,-0.0024627195283272174
2018-09-13,1.1324170085063738,-0.01957379212343302
2018-09-14,1.1467373762218653,-0.0071754762122160365
2018-09-17,1.1539499073695882,-0.0009309969177195843
2018-09-18,1.1645873560398703,0.0
2018-09-19,1.1599435946745291,-0.003987473624247562
2018-09-20,1.1605402228068595,-0.0034751650118999278
2018-09-21,1.1739646596329334,0.0
2018-09-25,1.1651796088013582,-0.007483232786855809
2018-09-26,1.15955127624203,-0.012277527498493979
2018-09-27,1.1477863416385523,-0.022299068187083493
2018-09-28,1.1361130789584015,-0.032242521411476766
2018-10-08,1.1232068099727461,-0.04323626715991424
2018-10-09,1.1172947351356588,-0.04827225762911269
2018-10-10,1.103998519427351,-0.05959816561041875
2018-10-11,1.1043548590911008,-0.059294630354203126
2018-10-12,1.1180283467287404,-0.04764735671147269
2018-10-15,1.1256845265551358,-0.04112571250048824
2018-10-16,1.1234694776458707,-0.04301252305401693
2018-10-17,1.1101988489300194,-0.05431663566674294
2018-10-18,1.102780287314151,-0.06063587326473674
2018-10-19,1.1066601774812699,-0.05733092695712649
2018-10-22,1.1211963743252589,-0.04494878519100709
2018-10-23,1.1203257063947636,-0.04569043267021444
2018-10-24,1.0949657745475254,-0.06729238775391144
2018-10-25,1.1069661287929422,-0.05707031322470968
2018-10-26,1.1038858187107106,-0.05969416570353536
2018-10-29,1.1351535732341869,-0.0330598422024746
2018-10-30,1.1434045943936029,-0.026031503579405757
2018-10-31,1.1437422363464729,-0.025743895302529962
2018-11-01,1.1447497219885752,-0.024885704526653285
2018-11-02,1.1782218619694713,0.0
2018-11-05,1.175710825832048,-0.0021312082371532926
2018-11-06,1.1709270051382916,-0.006191411878053166
2018-11-07,1.159515261329096,-0.01587697635240448
2018-11-08,1.1539034276318176,-0.02063994492260046
2018-11-09,1.134894467447445,-0.03677354488194762
2018-11-12,1.1374734108472544,-0.03458470126679147
2018-11-13,1.1512930924091958,-0.022855431926260827
2018-11-14,1.148097462646933,-0.025567679818963462
2018-11-15,1.1561455513506007,-0.0187369724934221
2018-11-16,1.1612050130877232,-0.014442822214572937
2018-11-19,1.1330021205270486,-0.03837964894560275
2018-11-20,1.144596588819667,-0.028538999517117802
2018-11-21,1.1308658846603723,-0.04019275048074611
2018-11-22,1.1488855259637463,-0.024898821650353287
2018-11-23,1.1445564706036528,-0.028573049314790877
2018-11-26,1.1289282758852408,-0.04183726993643899
2018-11-27,1.1471803571629426,-0.026346060795919057
2018-11-28,1.0983431776866712,-0.06779596174635383
2018-11-29,1.1011255052539726,-0.06543449854735117
2018-11-30,1.1052418284064849,-0.061940824490385626
2018-12-03,1.1040140754623367,-0.06298286333194647
2018-12-04,1.1171735960116276,-0.05181389679512294
2018-12-05,1.1215438045923625,-0.0481047408867189
2018-12-06,1.114007541182393,-0.054501043360152934
2018-12-07,1.1156228946569144,-0.05313003376793468
2018-12-10,1.1010828598019486,-0.06547069330268585
2018-12-11,1.0992662322957234,-0.06701253152930697
2018-12-12,1.1036308590058628,-0.06330811315869245
2018-12-13,1.1093044718286653,-0.05849271038444859
2018-12-14,1.1048994975320536,-0.062231373227835673
2018-12-17,1.0983203754585045,-0.06781531483162817
2018-12-18,1.1003872777886308,-0.06606105920555161
2018-12-19,1.0949454318129,-0.07067975297739737
2018-12-20,1.0992917448261306,-0.06699087811136362
2018-12-21,1.1017604433220145,-0.06489560337952549
2018-12-24,1.0981978063824982,-0.06791934369067631
2018-12-25,1.0945426629877397,-0.07102159761477911
2018-12-26,1.0947708098874036,-0.07082796099418331
2018-12-27,1.1013415208315116,-0.06525115822367222
2018-12-28,1.0966037569200067,-0.06927227178846851
2019-01-02,1.1031179812574283,-0.0637434112676386
2019-01-03,1.105283175817081,-0.061905731430300315
2019-01-04,1.1130803094672217,-0.055288018839984354
2019-01-07,1.1171851938706852,-0.05180405326782811
2019-01-08,1.1148773330476802,-0.05376281918237946
2019-01-09,1.1189014091355671,-0.050347438584059545
2019-01-10,1.1229886962198026,-0.04687840850053748
2019-01-11,1.114608970564354,-0.053990588240133586
2019-01-14,1.101251810313449,-0.06532729882244936
2019-01-15,1.1045238047002646,-0.06255023747905664
2019-01-16,1.08869323099979,-0.07598622454690196
2019-01-17,1.098643522643763,-0.06754104799302241
2019-01-18,1.106480446867599,-0.060889563687056336
2019-01-21,1.1031122000818643,-0.06374831796284663
2019-01-22,1.1035588900345055,-0.06336919585769873
2019-01-23,1.1073252174576471,-0.06017257598099224
2019-01-24,1.1070131268661865,-0.06043745868393158
2019-01-25,1.0992768699322386,-0.06700350297801405
2019-01-28,1.0783692913059462,-0.08474852987077952
2019-01-29,1.0608954585167307,-0.09957921104656997
2019-01-30,1.0453854758428747,-0.11274310078116556
2019-01-31,1.0542688210023758,-0.10520348074334673
2019-02-01,1.0371518673342834,-0.11973126555246616
2019-02-11,1.042607312701814,-0.11510102947926049
2019-02-12,1.0554594167995734,-0.10419297853181297
2019-02-13,1.0655994706068073,-0.0955867438874447
2019-02-14,1.0671190579434873,-0.09429701452005723
2019-02-15,1.0395725426772555,-0.11767674982745169
2019-02-18,1.024230467058582,-0.13069813070136305
2019-02-19,1.023584477376668,-0.1312464057782099
2019-02-20,1.0261995104091466,-0.12902693157145284
2019-02-21,1.0389684002719903,-0.11818950758960634
2019-02-22,1.047301402186534,-0.11111698399832415
2019-02-25,1.0453550841144374,-0.11276889535298451
2019-02-26,1.0658612839478023,-0.09536453332639006
2019-02-27,1.0554854680252872,-0.10417086790345464
2019-02-28,1.048885648107123,-0.10977237652521132
2019-03-01,1.0511101598366135,-0.10788435203568769
2019-03-04,1.0448987571697732,-0.11315619672583588
2019-03-05,1.0431087853470975,-0.11467541129861902
2019-03-06,1.05247943288243,-0.10672219990626808
2019-03-07,1.0641816756141693,-0.09679007836832765
2019-03-08,1.0642052844790497,-0.09677004066096329
2019-03-11,1.064784765812365,-0.0962782136528082
2019-03-12,1.0629429475506487,-0.09784143219522912
2019-03-13,1.079936806003446,-0.08341812279882133
2019-03-14,1.0715347109090203,-0.0905492882996729
2019-03-15,1.0664823003635764,-0.09483745397417365
2019-03-18,1.0709577574858522,-0.0910389697780013
2019-03-19,1.0672552834813578,-0.09418139492219735
2019-03-20,1.0959435977898504,-0.0698325729944339
2019-03-21,1.0942905566106103,-0.07123556952046761
2019-03-22,1.0857175659691918,-0.07851178032433792
2019-03-25,1.0802031769502904,-0.08319204403094038
2019-03-26,1.0801775303628327,-0.08321381122800708
2019-03-27,1.0839602407920939,-0.08000328649462785
2019-03-28,1.0889439554910394,-0.0757734254983169
2019-03-29,1.0576000403236063,-0.10237615303134684
2019-04-01,1.0660739746857366,-0.09518401491572437
2019-04-02,1.083536986432949,-0.08036251795417437
2019-04-03,1.0756155764651687,-0.0870857084019726
2019-04-04,1.07249333107432,-0.0897356722938576
2019-04-08,1.0811659136252099,-0.08237493419280673
2019-04-09,1.1253848830758542,-0.04484467705029416
2019-04-10,1.1256885775662437,-0.044586920425508714
2019-04-11,1.1252448311184813,-0.04496354427037674
2019-04-12,1.135492065655495,-0.03626634141939178
2019-04-15,1.1319649582360582,-0.03925992652698851
2019-04-16,1.1388908604960677,-0.03338165989184705
2019-04-17,1.1452759853162855,-0.027962370854428653
2019-04-18,1.1389798895333345,-0.033306097690753544
2019-04-19,1.1398694107195646,-0.032551128516490224
2019-04-22,1.1396414368374208,-0.0327446182907869
2019-04-23,1.1394135085500534,-0.03293806936712862
2019-04-24,1.1318036179751476,-0.03939686190912528
2019-04-25,1.1243232111102948,-0.045745756889183475
2019-04-26,1.1285416747163606,-0.04216539249243534
2019-04-29,1.1202479095196216,-0.0492046144458248
2019-04-30,1.1273996624240974,-0.04313466010588318
2019-05-06,1.1039170602382995,-0.06306520370192992
2019-05-07,1.1051881648689652,-0.06198637069798185
2019-05-08,1.102089913906591,-0.06461596964057437
2019-05-09,1.1066040599118347,-0.060784648773977934
2019-05-10,1.107906284613677,-0.05967940302708141
2019-05-13,1.104497501027381,-0.06257256236856401
2019-05-14,1.0924338127548487,-0.07281145596061378
2019-05-15,1.0878511428421356,-0.07670093557445579
2019-05-16,1.0803705705027609,-0.08304997099879463
2019-05-17,1.0586343793623534,-0.10149827164742975
2019-05-20,1.0397970075231324,-0.11748623830061433
2019-05-21,1.0434182635202298,-0.11441274585069139
2019-05-22,1.0222560673594563,-0.1323738759602614
2019-05-23,1.0134684170326231,-0.1398322762925588
2019-05-24,1.0153676479550806,-0.13822032952450036
2019-05-27,0.990207068658716,-0.15957503368378934
2019-05-28,0.9885429177228505,-0.1609874594667261
2019-05-29,0.9750988279852351,-0.17239795028476512
2019-05-30,0.9838229951202485,-0.16499343045992454
2019-05-31,0.9808415188638123,-0.16752391843733527
2019-06-03,0.9738822926988262,-0.1734304682897997
2019-06-04,0.9699282587021252,-0.17678640160281056
2019-06-05,0.977816119352295,-0.17009168568828426
2019-06-06,0.9946353231328716,-0.15581661210200548
2019-06-10,0.9974071976025278,-0.15346402082940513
2019-06-11,0.9890288725110595,-0.16057501185911105
2019-06-12,0.9776184227987161,-0.17025947798611885
2019-06-13,0.9588941556903631,-0.18615144851623133
2019-06-14,0.960440075361152,-0.18483936993350603
2019-06-17,0.9568781255368367,-0.1878625270648473
2019-06-18,0.9610518383209667,-0.1843201443279039
2019-06-19,0.9721754170212249,-0.1748791561241505
2019-06-20,0.9687091691227604,-0.1778210875297267
2019-06-21,0.9774440111162879,-0.17040750756192113
2019-06-24,0.9744945372881471,-0.17291083390761508
2019-06-25,0.989776814558546,-0.15994020607963222
2019-06-26,0.9887272320251592,-0.1608310251751398
2019-06-27,0.9781657570297008,-0.16979493539982726
2019-06-28,0.9640703249138998,-0.18175824432386944
2019-07-01,0.9461881826776768,-0.19693547266550948
2019-07-02,0.9389440788339225,-0.20308380862631514
2019-07-03,0.9407889619018918,-0.20151798887070016
2019-07-04,0.9771678401219405,-0.17064190398865675
2019-07-05,1.0095801879551518,-0.14313235856311857
2019-07-08,0.9927556616156072,-0.15741194959992144
2019-07-09,0.9804993747705463,-0.16781430864677693
2019-07-10,0.960306335649321,-0.18495287971986107
2019-07-11,0.9599067623928982,-0.1852920121611441
2019-07-12,0.960871159736509,-0.18447349285273573
2019-07-15,0.9591103250764429,-0.1859679776496167
2019-07-16,0.9445908867060427,-0.19829115619438586
2019-07-17,0.9488008627982913,-0.19471799546113366
2019-07-18,0.9445040512425272,-0.19836485662918368
2019-07-19,0.9340886880270994,-0.20720475644059777
2019-07-22,0.943645710465621,-0.19909336184930548
2019-07-23,0.9422231023427349,-0.20030078140992036
2019-07-24,0.9417664786928532,-0.2006883346073448
2019-07-25,0.9381440067127108,-0.20376285910656533
2019-07-26,0.9517594244332841,-0.19220695596128312
2019-07-29,0.9431388713263217,-0.1995235347697536
2019-07-30,0.9583321356371816,-0.1866284554971085
2019-07-31,0.9553668160442841,-0.18914523072307543
2019-08-01,0.9466422073295534,-0.19655012533277738
2019-08-02,0.9491782475740203,-0.19439769519519046
2019-08-05,0.9328334543782005,-0.2082701191616736
2019-08-06,0.9367684179893117,-0.20493037158261107
2019-08-07,0.9179140019374286,-0.22093280428265172
2019-08-08,0.9129551875413029,-0.22514153148097138
2019-08-09,0.8920072932978315,-0.24292077571300053
2019-08-12,0.8719503960644618,-0.259943798185053
2019-08-13,0.858030386592992,-0.2717582194929393
2019-08-14,0.8624076237186589,-0.2680430982013092
2019-08-15,0.8442309782025311,-0.2834702822511319
2019-08-16,0.8446370648396486,-0.2831256216653584
2019-08-19,0.8281185655014038,-0.29714547639003064
2019-08-20,0.8235918208613425,-0.3009874901789231
2019-08-21,0.8116004231639967,-0.3111650281150309
2019-08-22,0.8200278423322767,-0.30401236914620733
2019-08-23,0.8363597418497227,-0.29015088851628057
2019-08-26,0.8183320588302228,-0.30545164264535907
2019-08-27,0.8291671610301393,-0.29625549500148074
2019-08-28,0.8259984719302598,-0.29894487736838304
2019-08-29,0.8173606126274026,-0.30627614457846397
2019-08-30,0.8761136239932161,-0.25641031432845973
2019-09-02,0.8868905022628466,-0.24726358346436228
2019-09-03,0.9013570313432531,-0.23498531096971964
2019-09-04,0.9092919026039885,-0.22825069543010312
2019-09-05,0.919866286531497,-0.21927582892250597
2019-09-06,0.928533189258523,-0.21191991149576717
2019-09-09,0.9307527437974162,-0.21003609435526427
2019-09-10,0.9253026398274966,-0.2146617969889002
2019-09-11,0.9293686070779018,-0.21121086182834514
2019-09-12,0.9279053702630187,-0.21245276444627592
2019-09-16,0.9268815498142648,-0.2133217183180386
2019-09-17,0.925722539665855,-0.21430541263387182
2019-09-18,0.9367142822553308,-0.20497631856061937
2019-09-19,0.9311860789237257,-0.2096683069798161
2019-09-20,0.9285877984426065,-0.21187356268333524
2019-09-23,0.9178161595657686,-0.22101584668308427
2019-09-24,0.9198376762585212,-0.21930011150789952
2019-09-25,0.9124853847406326,-0.225540270305835
2019-09-26,0.9177795851457761,-0.22104688873142253
2019-09-27,0.9202493874855462,-0.21895067712689364
2019-09-30,0.9024207460768883,-0.2340824973588287
2019-10-08,0.901115125619171,-0.23519062520797163
2019-10-09,0.8986706515771259,-0.23726533975957476
2019-10-10,0.9027206722294805,-0.23382793906019828
2019-10-11,0.9024379964251512,-0.23406785635714666
2019-10-14,0.9040837971718793,-0.2326710050510803
2019-10-15,0.9002751910237389,-0.23590350842847818
2019-10-16,0.9139381107211547,-0.22430728861756977
2019-10-17,0.915704065655151,-0.22280845805687688
2019-10-18,0.9123832915522011,-0.22562692052997935
2019-10-21,0.894273598926318,-0.24099727921235148
2019-10-22,0.8978568179892709,-0.23795607010003428
2019-10-23,0.9034754262171452,-0.23318735173787253
2019-10-24,0.9057239506979515,-0.23127894674779037
2019-10-25,0.9083822548279997,-0.2290227467774345
2019-10-28,0.9264747824751353,-0.2136669566405135
2019-10-29,0.9300596562658611,-0.2106243431001965
2019-10-30,0.9309019418793819,-0.20990946448462489
2019-10-31,0.9371935084196479,-0.20456958178227103
2019-11-01,0.9371935084196479,-0.20456958178227103
2019-11-04,0.9370685492851919,-0.20467563917136677
2019-11-05,0.9345648676022007,-0.2068006054139776
2019-11-06,0.9337183484029667,-0.2075190772286314
2019-11-07,0.931844472232068,-0.2091095044914275
2019-11-08,0.9239549292206481,-0.2158056482874967
2019-11-11,0.9145018972468103,-0.22382878236687664
2019-11-12,0.9137848087819206,-0.2244374015820142
2019-11-13,0.9196790323799717,-0.21943475837167814
2019-11-14,0.9180622452536128,-0.2208069847566616
2019-11-15,0.9255355941392258,-0.2144640801418034
2019-11-18,0.920972341715719,-0.21833707942215885
2019-11-19,0.9070363875144516,-0.23016503360556928
2019-11-20,0.8949389069932104,-0.2404326079154021
2019-11-21,0.9075290880104263,-0.22974686066897887
2019-11-22,0.9088987046126102,-0.22858441695070109
2019-11-25,0.921897699635981,-0.2175516943006205
2019-11-26,0.930962121474141,-0.20985838786085687
2019-11-27,0.9131065314844855,-0.22501308033940992
2019-11-28,0.9157002070783675,-0.22281173297216073
2019-11-29,0.9110615829467518,-0.2267487029786941
2019-12-02,0.9136032670487888,-0.22459148269270446
2019-12-03,0.9111325687613967,-0.22668845472075883
2019-12-04,0.9154740211165558,-0.22300370527305957
2019-12-05,0.9166660533718817,-0.22199198388695895
2019-12-06,0.9105307448488031,-0.22719924469336006
2019-12-09,0.9238415703145514,-0.21590186013838464
2019-12-10,0.9238383997658122,-0.21590455109909545
2019-12-11,0.9188006586856782,-0.22018026626169918
2019-12-12,0.9102852300604553,-0.22740762207649357
2019-12-13,0.9042378424612935,-0.2325402611781422
2019-12-16,0.9329916874334844,-0.20813582097863081
2019-12-17,0.9270750871592504,-0.21315745609270353
2019-12-18,0.9293359329929601,-0.21123859351963037
2019-12-19,0.9288111359459842,-0.21168400797332143
2019-12-20,0.9249350416206973,-0.2149737910357471
2019-12-23,0.9235084196750635,-0.2161846172745755
2019-12-24,0.9290881420484427,-0.21144890275977912
2019-12-25,0.9237203921611443,-0.21600470847053532
2019-12-26,0.9209625723105411,-0.21834537107375107
2019-12-27,0.913447280070267,-0.22472387454822562
2019-12-30,0.9196112142961058,-0.21949231806060843
2019-12-31,0.9178801164335542,-0.22096156414950552
2020-01-02,0.9133420641833673,-0.22481317512080534
2020-01-03,0.9093851761215647,-0.228171530783285
2020-01-06,0.9028657676716492,-0.2337047912500514
2020-01-07,0.898408508623241,-0.23748783007514807
2020-01-08,0.8898747924361653,-0.24473070721274504
2020-01-09,0.8930324864630901,-0.24205065676651882
2020-01-10,0.8838138148122001,-0.24987488066564123
2020-01-13,0.868724934221894,-0.26268136565572964
2020-01-14,0.8672898059632927,-0.26389941151358054
2020-01-15,0.8780376897442166,-0.25477728933282406
2020-01-16,0.8874335817443306,-0.2468026520396337
2020-01-17,0.8875511006752164,-0.24670290942351103
2020-01-20,0.8811079139054931,-0.2521714777616957
2020-01-21,0.8968339461103714,-0.2388242188858578
2020-01-22,0.8972522681766176,-0.23846917364374443
2020-01-23,0.8965437091752472,-0.23907055359113905
2020-02-03,0.8783536636008104,-0.2545091107606954
2020-02-04,0.9068757815596975,-0.230301345755206
2020-02-05,0.9057653735172484,-0.23124378968558168
2020-02-06,0.9095748368610184,-0.22801055877489207
2020-02-07,0.8989976710899452,-0.23698778633489748
2020-02-10,0.9061741059979126,-0.2308968834755909
2020-02-11,0.9175530640289687,-0.22123914549062806
2020-02-12,0.9289466504847874,-0.21156899182638222
2020-02-13,0.9278943899100671,-0.2124620838735467
2020-02-14,0.9248540327786492,-0.2150425462037362
2020-02-17,0.9266256952904242,-0.21353887141296846
2020-02-18,0.9253778794864128,-0.21459793833770324
2020-02-19,0.9196638381550066,-0.2194476542662931
2020-02-20,0.9242550953866043,-0.21555088628074315
2020-02-21,0.9240878979763438,-0.21569279283981946
2020-02-24,0.9238711347488764,-0.21587676772134567
2020-02-25,0.9068267727643596,-0.23034294131281685
2020-02-26,0.9188755208640271,-0.22011672799206983
2020-02-27,0.9165599232690577,-0.22208206038804046
2020-02-28,0.907755593982358,-0.22955461676378341
2020-03-02,0.9087478297848847,-0.22871246993681138
2020-03-03,0.9115911945445593,-0.2262992022395699
2020-03-04,0.9253059634348093,-0.21465897612177842
2020-03-05,0.9283245861543764,-0.21209696058208938
2020-03-06,0.921642037612595,-0.2177686840133718
2020-03-09,0.9125774363144038,-0.22546214276742949
2020-03-10,0.9090509912687834,-0.22845516569413504
2020-03-11,0.9136729928054632,-0.22453230389206846
2020-03-12,0.902443667470305,-0.234063043133647
2020-03-13,0.8981182569474324,-0.23773417729138746
2020-03-16,0.8933225953476492,-0.24180443074243685
2020-03-17,0.8844767024519392,-0.24931226367376913
2020-03-18,0.8798078078185192,-0.25327492536264307
2020-03-19,0.8900155641006996,-0.24461122915086375
2020-03-20,0.8763461234670773,-0.25621298351890187
2020-03-23,0.8493581403037751,-0.2791186721964062
2020-03-24,0.8501975384892548,-0.27840624424665095
2020-03-25,0.8550399821907704,-0.27429628511431814
2020-03-26,0.87266416676329,-0.2593379948793537
2020-03-27,0.8761857906020001,-0.2563490638873388
2020-03-30,0.8572081269001803,-0.2724561013769482
2020-03-31,0.8538332385499321,-0.27532049259152547
2020-04-01,0.8715561382582697,-0.2602784192092572
2020-04-02,0.8783041927564674,-0.25455109847620105
2020-04-03,0.8836976807449314,-0.2499734478973462
2020-04-07,0.8886998337786106,-0.24572793761177247
2020-04-08,0.8943874199072548,-0.2409006751816416
2020-04-09,0.8980302736432069,-0.2378088519405902
2020-04-10,0.8873230946468335,-0.2468964264814968
2020-04-13,0.8856093532849701,-0.24835094147326475
2020-04-14,0.8852583226833044,-0.2486488739875019
2020-04-15,0.8882119761352308,-0.2461420002421877
2020-04-16,0.8948010874160633,-0.24054958043271446
2020-04-17,0.9002189229515629,-0.23595126519992526
2020-04-20,0.9027052550949999,-0.23384102414627428
2020-04-21,0.8949146345212255,-0.24045320885039434
2020-04-22,0.8894853600795536,-0.24506123270134939
2020-04-23,0.8960079493593107,-0.23952527254792444
2020-04-24,0.9020521722850179,-0.23439531942041758
2020-04-27,0.9022133662359663,-0.23425850821689864
2020-04-28,0.8910444404861774,-0.24373798412062986
2020-04-29,0.8955054825334077,-0.23995173452603025
2020-04-30,0.8896248522194015,-0.24494284061888139
2020-05-06,0.8975970111661585,-0.23817657765595257
2020-05-07,0.9071685686924017,-0.23005284660393854
2020-05-08,0.9120374739582454,-0.22592042857385286
2020-05-11,0.911693652034185,-0.2262122428196739
2020-05-12,0.9196771658333948,-0.21943634257804634
2020-05-13,0.9224688284809445,-0.21706695635490902
2020-05-14,0.9185208030973445,-0.2204177899381533
2020-05-15,0.9229689843762385,-0.21664245574815744
2020-05-18,0.9256321875239741,-0.2143820978022576
2020-05-19,0.9137820274117326,-0.22443976223265028
2020-05-20,0.9144595250109172,-0.22386474523368538
2020-05-21,0.9135527130445306,-0.22463438972565808
2020-05-22,0.9093713525986405,-0.22818326331293015
2020-05-25,0.9046644398152973,-0.23217819239655402
2020-05-26,0.9115175727715175,-0.2263616877318343
2020-05-27,0.9150838178120778,-0.22333488509332344
2020-05-28,0.9075934182338946,-0.22969226125477282
2020-05-29,0.8957738166873789,-0.23972398951243612
2020-06-01,0.8879379515980118,-0.24637457489222947
2020-06-02,0.8941452690145061,-0.24110619750351048
2020-06-03,0.9024641426378585,-0.2340456651098517
2020-06-04,0.9177093277528265,-0.22110651875121534
2020-06-05,0.9104009990455247,-0.22730936470340768
2020-06-08,0.8866058882886019,-0.24750514575702676
2020-06-09,0.8874592215803341,-0.2467808905727732
2020-06-10,0.8923486966093641,-0.24263101423211786
2020-06-11,0.890686736385048,-0.24404158067801462
2020-06-12,0.8901227359698215,-0.24452026846461172
2020-06-15,0.8899738657191477,-0.24464662009283977
2020-06-16,0.8850235167092132,-0.2488481624081892
2020-06-17,0.8844532567382788,-0.24933216290872418
2020-06-18,0.8855922899040144,-0.24836542378895288
2020-06-19,0.88132781778523,-0.25198483729368637
2020-06-22,0.8880701368198791,-0.24626238445837823
2020-06-23,0.8924166462111912,-0.24257334291908217
2020-06-24,0.887884430431088,-0.24642000026469224
2020-06-29,0.9047425160619794,-0.23211192622954235
2020-06-30,0.9019422556435185,-0.23448860969540508
2020-07-01,0.9039846471755574,-0.2327551572804033
2020-07-02,0.9058290879912252,-0.2311897128804966
2020-07-03,0.9067180198035584,-0.23043524392942205
2020-07-06,0.9042663291794236,-0.23251608345826646
2020-07-07,0.8997645047153334,-0.23633694658209703
2020-07-08,0.8983779245069626,-0.23751378793356637
2020-07-09,0.9019866635742242,-0.2344509190599322
2020-07-10,0.8947368419291869,-0.2406041079278749
2020-07-13,0.8863340135687227,-0.24773589577844013
2020-07-14,0.882986387071564,-0.25057714886091387
2020-07-15,0.8784974130042422,-0.2543871053828699
2020-07-16,0.8769367240995575,-0.25571171915474133
2020-07-17,0.8756577011324638,-0.25679727274051145
2020-07-20,0.8738225748963753,-0.2583548115159514
2020-07-21,0.8748592548949778,-0.25747494327375997
2020-07-22,0.8792707585002579,-0.2537307387672284
2020-07-23,0.8773203591440061,-0.255386114057067
2020-07-24,0.8950247960174853,-0.2403597107582136
2020-07-27,0.8929691781268319,-0.2421043888676635
2020-07-28,0.8846363276246171,-0.24917678394976284
2020-07-29,0.8736312652282371,-0.2585171830304456
2020-07-30,0.8612778935332756,-0.2690019415413021
2020-07-31,0.8605503556033003,-0.2696194295997558
2020-08-03,0.8496199601423398,-0.2788964561206265
2020-08-04,0.8398021808566594,-0.2872291645880024
2020-08-05,0.8462968766779378,-0.2817168786332823
2020-08-06,0.8437870996906075,-0.2838470181836851
2020-08-07,0.851588037835547,-0.2772260765794444
2020-08-10,0.8532101733854496,-0.27584931079172514
2020-08-11,0.8665292008595851,-0.2645449648921575
2020-08-12,0.870425939730715,-0.26123766004838533
2020-08-13,0.8636124340206398,-0.2670205316195222
2020-08-14,0.8600438367703599,-0.27004933066447856
2020-08-17,0.856737841462229,-0.2728552498337298
2020-08-18,0.8589240096767565,-0.2709997688881689
2020-08-19,0.8494335270797009,-0.27905468868162087
2020-08-20,0.8522300825539016,-0.2766811497374986
2020-08-21,0.8500561324309134,-0.2785262607417659
2020-08-24,0.8549174140724981,-0.2744003131605024
2020-08-25,0.8612970084207358,-0.26898571803698834
2020-08-26,0.8504221870904406,-0.2782155767599602
2020-08-27,0.847900029501049,-0.28035622418028194
2020-08-28,0.8437177024407501,-0.2839059181685669
2020-08-31,0.850214976157033,-0.27839144426004314
2020-09-01,0.8292725722485296,-0.2961660286439187
2020-09-02,0.8343336735970779,-0.29187048676686655
2020-09-03,0.834617341149874,-0.2916297277367108
2020-09-04,0.8344585319867331,-0.291764514883569
2020-09-07,0.8379615738943484,-0.28879135505630205
2020-09-08,0.8389562378084555,-0.2879471474021982
2020-09-09,0.841540213961076,-0.2857540323056058
2020-09-10,0.845699812811528,-0.2822236285805392
2020-09-11,0.8463292917182478,-0.28168936680265333
2020-09-14,0.8396262198820095,-0.2873785091047947
2020-09-15,0.8314447019595349,-0.2943224626899018
2020-09-16,0.821977554225403,-0.3023575773314745
2020-09-17,0.8096160738454705,-0.3128492179799255
2020-09-18,0.8172794394404419,-0.30634503923199286
2020-09-21,0.8028900235944941,-0.3185578629033301
2020-09-22,0.8226187199783158,-0.30181339649965644
2020-09-23,0.8244656875039005,-0.30024580758860253
2020-09-24,0.8371665071663615,-0.28946615727619796
2020-09-25,0.8330427210341861,-0.2929661654370398
2020-09-28,0.8314832022664679,-0.29428978607085776
2020-09-29,0.8411518049613013,-0.28608368923382255
2020-09-30,0.8618145790406531,-0.26854643691632385
2020-10-09,0.8633894445779474,-0.2672097909176986
2020-10-12,0.8646482143728779,-0.2661414269401142
2020-10-13,0.8661656486396333,-0.2648535249619427
2020-10-14,0.8741680230069804,-0.2580616170661152
2020-10-15,0.8716968653356312,-0.26015897899014073
2020-10-16,0.8599306631521211,-0.2701453852547827
2020-10-19,0.8573897655626533,-0.2723019379987799
2020-10-20,0.8674254070336078,-0.26378432192418144
2020-10-21,0.8596158658514598,-0.27041256524084667
2020-10-22,0.8665132035185567,-0.2645585424207578
2020-10-23,0.8608799700821017,-0.26933967373251155
2020-10-26,0.8664128363495617,-0.2646437277090593
2020-10-27,0.8655389995655556,-0.26538538495733466
2020-10-28,0.8588825878451779,-0.27103492511206495
2020-10-29,0.852771818129056,-0.27622135893523936
2020-10-30,0.8487459416933272,-0.27963826755463916
2020-11-02,0.8563581384837191,-0.27317751764318554
2020-11-03,0.8537255281626933,-0.2754119103378052
2020-11-04,0.8439649927398041,-0.28369603384453934
2020-11-05,0.8442169749414192,-0.28348216733115283
2020-11-06,0.8277489642634424,-0.29745917048270654
2020-11-09,0.8366226329409778,-0.28992776322915026
2020-11-10,0.839797647151806,-0.287233012509179
2020-11-11,0.8530058298217964,-0.2760227446501935
2020-11-12,0.8443155912707065,-0.2833984680445665
2020-11-13,0.828531211214573,-0.2967952488764456
2020-11-16,0.8257171518853079,-0.2991836439827469
2020-11-17,0.8245215964212712,-0.30019835564497854
2020-11-18,0.8278372434996726,-0.29738424466518465
2020-11-19,0.8198413030964621,-0.30417069182026024
2020-11-20,0.8324721064091144,-0.29345046694551624
2020-11-23,0.8453317739600769,-0.28253599661862316
2020-11-24,0.8473429532091327,-0.2808290352101037
2020-11-25,0.8438011514223918,-0.28383509196483125
2020-11-26,0.850950555185894,-0.2777671314267781
2020-11-27,0.8482454920761993,-0.2800630174538571
2020-11-30,0.8350915752670176,-0.2912272278914346
2020-12-01,0.8255464411995439,-0.29932853238727763
2020-12-02,0.8110409140225044,-0.31163990399329466
2020-12-03,0.817437911038217,-0.30621053858921066
2020-12-04,0.8201852038191768,-0.30387881069513845
2020-12-07,0.8303323080913896,-0.2952665920631983
2020-12-08,0.8453817235141535,-0.2824936026046527
2020-12-09,0.853538848468313,-0.2755703522241817
2020-12-10,0.8482308745929438,-0.2800754238466828
2020-12-11,0.8284971893203795,-0.296824124502753
2020-12-14,0.8520137312898478,-0.2768647749706038
2020-12-15,0.8540308787989238,-0.27515274808145396
2020-12-16,0.8563578469477066,-0.27317776508046543
2020-12-17,0.8526004008538276,-0.27636684704809933
2020-12-18,0.8498123635206868,-0.2787331563342642
2020-12-21,0.8585403485687052,-0.2713253961069765
2020-12-22,0.8572657354483317,-0.27240720689449893
2020-12-23,0.8736376424346672,-0.25851177046203555
2020-12-24,0.8737531026382519,-0.2584137751630927
2020-12-25,0.8724918222751907,-0.2594842699516997
2020-12-28,0.8806653062803182,-0.2525471350461692
2020-12-29,0.8860685153401848,-0.24796123383836555
2020-12-30,0.8999003431984319,-0.23622165549178287
2020-12-31,0.8998103531641121,-0.23629803332623367
2021-01-04,0.9043324888547714,-0.23245993132131904
2021-01-05,0.9087306624587826,-0.22872704047454806
2021-01-06,0.8989954836949905,-0.2369896428570223
2021-01-07,0.8885075250125964,-0.24589115709718656
2021-01-08,0.8780629831313376,-0.25475582190980517
2021-01-11,0.8774701444118511,-0.2552589858202894
2021-01-12,0.8741109332243062,-0.25811007125332464
2021-01-13,0.8462666444983058,-0.2817425377901932
2021-01-14,0.8380005183731934,-0.28875830145230597
2021-01-15,0.838295746133054,-0.2885077308514795
2021-01-18,0.8568096513770982,-0.272794302131784
2021-01-19,0.8522912601957616,-0.276629226034642
2021-01-20,0.8581170631144093,-0.27168465395811525
2021-01-21,0.8647207145278741,-0.26607989340612004
2021-01-22,0.8810847466923949,-0.2521911406230345
2021-01-25,0.8793317020627156,-0.25367901373612456
2021-01-26,0.8772355398344656,-0.2554581033082244
2021-01-27,0.8776575321322428,-0.25509994300633365
2021-01-28,0.886041625965073,-0.2479840558347821
2021-01-29,0.8836298705724076,-0.2500310008716311
2021-02-01,0.8739800599417121,-0.2582211481963168
2021-02-02,0.8659695206238691,-0.2650199859843484
2021-02-03,0.8654890544629921,-0.2654277751931431
2021-02-04,0.8725165927438071,-0.25946324634874696
2021-02-05,0.878697598362322,-0.2542172007456014
2021-02-08,0.8880944333366695,-0.2462417631156799
2021-02-09,0.8996373226890256,-0.23644489062083285
2021-02-10,0.8877876740764158,-0.2465021209227748
2021-02-18,0.8923951766369911,-0.24259156493217937
2021-02-19,0.8983845883525121,-0.23750813208404886
2021-02-22,0.8933369714541453,-0.24179222921489774
2021-02-23,0.8892832305156311,-0.2452327874572462
2021-02-24,0.8697637490859916,-0.2617996854750876
2021-02-25,0.8560754062200451,-0.2734174828592455
2021-02-26,0.8418670318562905,-0.28547665000116595
2021-03-01,0.8436094402292292,-0.28399780426830357
2021-03-02,0.8562183437380816,-0.27329616655825817
2021-03-03,0.8672551108999114,-0.2639288584832059
2021-03-04,0.8463415140748974,-0.28167899324140466
2021-03-05,0.8431081501596664,-0.28442326749025126
2021-03-08,0.8396036807027797,-0.2873976389308124
2021-03-09,0.8421362313706847,-0.2852481705245211
2021-03-10,0.8334499445517753,-0.2926205399392168
2021-03-11,0.8267915865277063,-0.2982717319930962
2021-03-12,0.8172100722727736,-0.3064039136850202
2021-03-15,0.8015059123021584,-0.3197326087954341
2021-03-16,0.8298541092143581,-0.2956724569452436
2021-03-17,0.8256420263220542,-0.2992474057967809
2021-03-18,0.8301590279273354,-0.2954136612779593
2021-03-19,0.8269254348187867,-0.2981581300515599
2021-03-22,0.8142911631852472,-0.30888129861713076
2021-03-23,0.8108080351753332,-0.3118375567908602
2021-03-24,0.820143142396859,-0.30391450976309453
2021-03-25,0.8293210589486104,-0.2961248762076537
2021-03-26,0.8465367059796517,-0.2815133267306611
2021-03-29,0.8528560669347272,-0.27614985389158786
2021-03-30,0.8526913838936122,-0.276289626413581
2021-03-31,0.8515283413536202,-0.2772767431676768
2021-04-01,0.8389882476522682,-0.2879199794766607
2021-04-02,0.8320136980302968,-0.29383953490768366
2021-04-06,0.8343569844576845,-0.291850701986632
2021-04-07,0.8445731758977534,-0.28317984654774897
2021-04-08,0.8547133742100079,-0.2745734892566828
2021-04-09,0.8515240864557021,-0.27728035445520716
2021-04-12,0.8875404896580997,-0.24671191538194648
2021-04-13,0.8833115752819785,-0.2503011497295865
2021-04-14,0.8858871390791072,-0.24811517450686948
2021-04-15,0.8944615730974079,-0.2408377386562327
2021-04-16,0.8923481905401761,-0.24263144375155243
2021-04-19,0.8951975010506481,-0.2402131296780815
2021-04-20,0.8994978216008808,-0.2365632902980479
2021-04-21,0.9008542574860746,-0.23541203353650175
2021-04-22,0.9000708933458899,-0.23607690334198583
2021-04-23,0.8949116597075717,-0.2404557336835772
2021-04-26,0.901850156249957,-0.23456677782021607
2021-04-27,0.897740295369059,-0.23805496711083762
2021-04-28,0.8918866195634481,-0.24302319592627153
2021-04-29,0.8896473037767543,-0.2449237851607563
2021-04-30,0.8831123714763234,-0.2504702212874017
2021-05-06,0.878160759372357,-0.2546728356368667
2021-05-07,0.8940505014378817,-0.24118663021290365
2021-05-10,0.8938659107677278,-0.24134329906799112
2021-05-11,0.9023648802928389,-0.23412991269362482
2021-05-12,0.9020496371637073,-0.23439747107062237
2021-05-13,0.8918112068732512,-0.24308720143544682
2021-05-14,0.8912228563305039,-0.24358655606613056
2021-05-17,0.9045964609271288,-0.2322358885659791
2021-05-18,0.9153694922352222,-0.22309242275888086
2021-05-19,0.9156957527863128,-0.22281551349278972
2021-05-20,0.9348092909447041,-0.20659315438086334
2021-05-21,0.9331680392252418,-0.20798614476106114
2021-05-24,0.9267614764713579,-0.21342362895709788
2021-05-25,0.9339545024625276,-0.2073186446384856
2021-05-26,0.9156312355087088,-0.22287027166668416
2021-05-27,0.9285158876387236,-0.21193459601347797
2021-05-28,0.9334491236859448,-0.20774757809566835
2021-05-31,0.9413456029595318,-0.2010455472401319
2021-06-01,0.9475235409208899,-0.19580210526984687
2021-06-02,0.9362878462977996,-0.20533825035911646
2021-06-03,0.9396423198112424,-0.20249118596342153
2021-06-04,0.9509660961674549,-0.19288028268474344
2021-06-07,0.9607500212454373,-0.18457630752201137
2021-06-08,0.9633495059312944,-0.1823700297658748
2021-06-09,0.9593338672485124,-0.18577824922979613
2021-06-10,0.9736622469794838,-0.1736172291422715
2021-06-11,0.9640164404348406,-0.18180397805263349
2021-06-15,0.9634013105658457,-0.1823260612772366
2021-06-16,0.9599566959661132,-0.1852496317107155
2021-06-17,0.9608213888485913,-0.18451573522620057
2021-06-18,0.9613512670879825,-0.1840660081786092
2021-06-21,0.9828084820134007,-0.16585448485009857
2021-06-22,0.9819821230735298,-0.16655584591505923
2021-06-23,0.981273544001811,-0.16715724289689293
2021-06-24,0.979338163098103,-0.16879987147660103
2021-06-25,0.989491502004464,-0.16018236128256247
2021-06-28,0.9776980770240639,-0.17019187253088264
2021-06-29,1.00649536258897,-0.14575056271104125
2021-06-30,1.0179163038029184,-0.13605719206278533
2021-07-01,0.9991850414208161,-0.15195509973765386
2021-07-02,0.9889153402354449,-0.16067137085505168
2021-07-05,0.9744400200536983,-0.17295710467902792
2021-07-06,0.9806195590274445,-0.16771230387095537
2021-07-07,0.9988622697610692,-0.15222904785401914
2021-07-08,1.0180856115991284,-0.13591349434194444
2021-07-09,1.024575839031551,-0.1304050008723242
2021-07-12,1.0228539682472046,-0.13186641560237178
2021-07-13,1.0197600254320955,-0.13449235806276494
2021-07-14,1.0270074444302941,-0.12834120840909613
2021-07-15,1.025295031464213,-0.12979459594276366
2021-07-16,1.0279971496112559,-0.12750120941323007
2021-07-19,1.0123566713380172,-0.14077585553725858
2021-07-20,1.010735284149897,-0.142151986162954
2021-07-21,1.039318177150909,-0.11789263915573267
2021-07-22,1.030828865901798,-0.1250978281979056
2021-07-23,1.0310095351188977,-0.12494448762349308
2021-07-26,1.040519950585601,-0.11687265007431868
2021-07-27,1.030771972819521,-0.12514611543829157
2021-07-28,1.048920869184654,-0.10974248310813262
2021-07-29,1.0375326335109474,-0.11940809536783936
2021-07-30,1.0182718856792252,-0.13575539671524994
2021-08-02,1.0719119808068618,-0.09022908553479558
2021-08-03,1.0991754510486362,-0.06708958089498018
2021-08-04,1.0777999926402366,-0.08523171447640032
2021-08-05,1.117668697833778,-0.051393685765153685
2021-08-06,1.0960884345979165,-0.0697096446965122
2021-08-09,1.078189539635936,-0.08490109168940818
2021-08-10,1.0736475522770867,-0.08875604253139735
2021-08-11,1.0884851588562119,-0.0761628229875645
2021-08-12,1.0806561584537802,-0.08280758205640826
2021-08-13,1.0947562675756168,-0.07084030358623339
2021-08-16,1.1117318012509503,-0.056432547098878905
2021-08-17,1.107423063066151,-0.060089530833331906
2021-08-18,1.1124127838016025,-0.055854572294105065
2021-08-19,1.077680581699533,-0.08533306291047538
2021-08-20,1.078711446354952,-0.08445813036280059
2021-08-23,1.0370291033717685,-0.11983545981882426
2021-08-24,1.0833948406801879,-0.08048316225500529
2021-08-25,1.064374023178662,-0.09662682595322547
2021-08-26,1.0980620965713992,-0.06803452557235701
2021-08-27,1.1030755678311253,-0.06377940909425528
2021-08-30,1.0868370826752949,-0.07756160553787472
2021-08-31,1.0650048981896052,-0.09609137925060807
2021-09-01,1.0481317483542265,-0.11041223882723672
2021-09-02,1.0428913594069469,-0.11485994864864502
2021-09-03,1.0394691635871416,-0.11776449144339929
2021-09-06,1.0252753294563233,-0.12981131775766608
2021-09-07,1.0318816638953279,-0.12420428002373562
2021-09-08,1.0037153116989925,-0.14811009361070604
2021-09-09,0.971555944912321,-0.17540492476662706
2021-09-10,0.9904653452745837,-0.15935582487074285
2021-09-13,0.9783861685476729,-0.1696078640806754
2021-09-14,1.0028225673102396,-0.14886779843487274
2021-09-15,0.9844355799376863,-0.16447350731368982
2021-09-16,0.9680684341860541,-0.17836490271206873
2021-09-17,0.9583656964099763,-0.18659997124140248
2021-09-22,0.9519031355129435,-0.19208498311024547
2021-09-23,0.9469601623824451,-0.1962802652468678
2021-09-24,0.9815835594503255,-0.16689412144369198
2021-09-27,0.965480922817441,-0.1805610182758114
2021-09-28,0.9427212917822533,-0.19987794980612916
2021-09-29,0.9459111012561756,-0.19717064180507882
2021-09-30,0.9287194163854146,-0.2117618537199758
2021-10-08,0.9474817672912994,-0.19583756007758624
2021-10-11,0.9343511761369234,-0.20698197317855127
2021-10-12,0.9269004154081718,-0.21330570639828395
2021-10-13,0.9241409420371057,-0.21564777240481137
2021-10-14,0.9366559817684774,-0.20502580031675988
2021-10-15,0.9345287896081602,-0.20683122612744842
2021-10-18,0.9233980261827993,-0.21627831227025285
2021-10-19,0.9089031350551023,-0.2285806566720685
2021-10-20,0.9167122633046122,-0.22195276382644058
2021-10-21,0.9490126431223452,-0.19453824975203615
2021-10-22,0.9875300847047931,-0.16184708790407698
2021-10-25,0.983342721888593,-0.16540105592263055
2021-10-26,0.9774975503034808,-0.17036206689499656
2021-10-27,0.9758544807061956,-0.17175660017461059
2021-10-28,0.977179830012019,-0.17063172773029178
2021-10-29,0.9715788985017793,-0.175385443215487
2021-11-01,0.9683135579596406,-0.17815685719746865
2021-11-02,0.9471500220548568,-0.19611912439679535
2021-11-03,0.951850406867702,-0.1921297358405618
2021-11-04,0.964079668358123,-0.18175031420092336
2021-11-05,0.9434037867592994,-0.19929869134974199
2021-11-08,0.9559327420089395,-0.18866490865223096
2021-11-09,0.9616159252266869,-0.1838413831336605
2021-11-10,0.9439115159749418,-0.1988677629889375
2021-11-11,0.9664322092583257,-0.17975362667021466
2021-11-12,0.9443913653393637,-0.1984604972778602
2021-11-15,0.9419087493453158,-0.20056758429956767
2021-11-16,0.9531915094206354,-0.19099149303908158
2021-11-17,0.9515525363554288,-0.19238254944204702
2021-11-18,0.9672793769529352,-0.17903460445381025
2021-11-19,0.9625958121695214,-0.18300971723569748
2021-11-22,0.982899564428343,-0.16577717987224827
2021-11-23,1.0062751514334611,-0.1459374639752402
2021-11-24,1.004342295701772,-0.14757794934907142
2021-11-25,0.9980915834723324,-0.15288315750315473
2021-11-26,0.9951904655409395,-0.1553454424301578
2021-11-29,1.0229666184527162,-0.13177080525159868
2021-11-30,1.0334039895514913,-0.12291222654442002
2021-12-01,1.0363751121068983,-0.1203905261318674
2021-12-02,1.0353787461330028,-0.12123617838638412
2021-12-03,1.0670177328960282,-0.0943830127948555
2021-12-06,1.0959454812244167,-0.06983097445461117
2021-12-07,1.0681028501152816,-0.09346203411140153
2021-12-08,1.052091957403043,-0.10705106452157864
2021-12-09,1.0718842171668606,-0.09025264955180912
2021-12-10,1.080558559960768,-0.08289041746810988
2021-12-13,1.0613897288385747,-0.0991597057413316
2021-12-14,1.0639778684770536,-0.09696305694196827
2021-12-15,1.0648795292949056,-0.0961977844182138
2021-12-16,1.0654690560693487,-0.09569743147665688
2021-12-17,1.0668721307048583,-0.09450659070141931
2021-12-20,1.0578566489722667,-0.10215835988309252
2021-12-21,1.0461193853393587,-0.11212020494110941
2021-12-22,1.058180103343633,-0.10188383232439846
2021-12-23,1.0586767428012287,-0.10146231624697188
2021-12-24,1.0585453696008105,-0.10157381748851113
2021-12-27,1.0607299660200293,-0.09971967058313358
2021-12-28,1.0716472842460039,-0.09045374319003163
2021-12-29,1.0792986526772594,-0.08395974687386598
2021-12-30,1.0728094294217074,-0.08946738806183785
2021-12-31,1.0609364499287708,-0.09954442013548337
2022-01-04,1.074823809841493,-0.08775770970260388
2022-01-05,1.0665685630980037,-0.0947642396355064
2022-01-06,1.068387756883267,-0.09322022331397739
2022-01-07,1.06164136910251,-0.09894612944296399
2022-01-10,1.080611458815018,-0.082845520275181
2022-01-11,1.0630599294579495,-0.09774214537067027
2022-01-12,1.0610085514325027,-0.09948322495140194
2022-01-13,1.0733885350291164,-0.08897587994600564
2022-01-14,1.0871902572477836,-0.07726185335716207
2022-01-17,1.092944513752483,-0.07237800533970906
2022-01-18,1.0956525263093868,-0.07007961600887691
2022-01-19,1.1008869020943066,-0.0656370097783574
2022-01-20,1.0956711402313548,-0.07006381769230441
2022-01-21,1.0968439722983159,-0.06906839220851602
2022-01-24,1.0885674583971343,-0.07609297235621992
2022-01-25,1.0850368217006645,-0.0790895528903548
2022-01-26,1.0704322850334531,-0.0914849574729849
2022-01-27,1.0647162814579476,-0.09633633882993142
2022-01-28,1.044243704328169,-0.11371216403789142
2022-02-07,1.007284297235507,-0.14508096501301682
2022-02-08,1.0083249906636613,-0.1441976904263318
2022-02-09,1.0076366607449012,-0.14478190121122547
2022-02-10,0.9859602639900008,-0.1631794521772778
2022-02-11,0.9903451999751905,-0.1594577965819045
2022-02-14,1.0023548155091773,-0.1492647965013324
2022-02-15,1.0065262246325661,-0.1457243689655403
2022-02-16,1.0143362345215732,-0.13909572784021607
2022-02-17,0.9965567717832647,-0.15418580833540307
2022-02-18,1.0021408147928477,-0.1494464267385882
2022-02-21,1.005343439686749,-0.14672824182174415
2022-02-22,0.9931018909669529,-0.15711809208248673
2022-02-23,0.9969789802680435,-0.1538274645476948
2022-02-24,0.9997435408575279,-0.15148108083277778
2022-02-25,1.0062198064255419,-0.14598443730828192
2022-02-28,1.0427510558327915,-0.11497902942509652
2022-03-01,1.0505665783899212,-0.10834570949665323
2022-03-02,1.0600139477972266,-0.1003273814446567
2022-03-03,1.0808486930409964,-0.08264417090827836
2022-03-04,1.0784617416722566,-0.08467006386255593
2022-03-07,1.063064829846408,-0.09773798623170271
2022-03-08,1.0556069181391108,-0.1040677887485486
2022-03-09,1.0622012750683836,-0.09847091676532982
2022-03-10,1.065765646827867,-0.09544570404900388
2022-03-11,1.049508219343884,-0.1092439775395394
2022-03-14,1.0449148645951605,-0.1131425257646127
2022-03-15,1.0653498696443406,-0.09579858935604713
2022-03-16,1.052819428946162,-0.1064336328080785
2022-03-17,1.0477819443327618,-0.11070913029798224
2022-03-18,1.0348276134737653,-0.12170394483770108
2022-03-21,1.0265559872725851,-0.12872437661559533
2022-03-22,1.0263253559890761,-0.12892012182365276
2022-03-23,1.016818720999095,-0.13698875074392258
2022-03-24,1.019856779443316,-0.1344102393936556
2022-03-25,1.0087857121153243,-0.14380665927461567
2022-03-28,1.014473311167174,-0.13897938587608738
2022-03-29,1.0227471372878134,-0.13195708694606312
2022-03-30,1.0220714136364584,-0.13253059833060454
2022-03-31,1.038910896557237,-0.11823831309611543
2022-04-01,1.0752202738177086,-0.08742121622118704
2022-04-06,1.06774350084661,-0.09376702698266837
2022-04-07,1.076526650013977,-0.08631244694908691
2022-04-08,1.0659977713610302,-0.09524869146533366
2022-04-11,1.081195397633428,-0.08234991003634706
2022-04-12,1.0587033405006936,-0.10143974180634796
2022-04-13,1.0721783124145312,-0.09000304015551175
2022-04-14,1.0708928687583479,-0.0910940432150158
2022-04-15,1.0621328973980444,-0.09852895139577278
2022-04-18,1.074008732356725,-0.08844949578388206
2022-04-19,1.086308406747244,-0.07801031213984466
2022-04-20,1.0900164290044732,-0.0748631779905673
2022-04-21,1.078861483626498,-0.08433078824126228
2022-04-22,1.0774657031678625,-0.08551543818172636
2022-04-25,1.0421609962040261,-0.11547983461961142
2022-04-26,1.0258629656969582,-0.12931256938131808
2022-04-27,1.0179463230465662,-0.13603171363243471
2022-04-28,1.0201716606391944,-0.13414298820265158
2022-04-29,1.0029835256831638,-0.14873118717504163
2022-05-05,1.0150894663944379,-0.13845643239240824
2022-05-06,1.0072798366977362,-0.14508475083461347
2022-05-09,0.9857977230223383,-0.1633174066431632
2022-05-10,1.004045324587712,-0.14782999959838838
2022-05-11,0.9992603930744385,-0.15189114603245235
2022-05-12,0.9878765622271026,-0.1615530197548657
2022-05-13,0.9949259798227615,-0.1555699211354976
2022-05-16,1.0036736081410498,-0.14814548894607438
2022-05-17,1.003257824423316,-0.14849837979893876
2022-05-18,1.0034867528194795,-0.14830407989367234
2022-05-19,1.0066930487639,-0.14558277922194562
2022-05-20,1.0022388280245143,-0.1493632393230172
2022-05-23,1.0195588762906178,-0.13466308069826372
2022-05-24,1.0162894599119403,-0.13743795399183212
2022-05-25,1.0033891285223047,-0.1483869372063109
2022-05-26,1.020134191126157,-0.1341747899492044
2022-05-27,1.0134350198185116,-0.13986062173002656
2022-05-30,1.0013028340622867,-0.15015765164249573
2022-05-31,1.0008079883497096,-0.1505776453029002
2022-06-01,1.0139140633392176,-0.13945403996799288
2022-06-02,1.0012360416796355,-0.1502143407812795
2022-06-06,0.9786971661427201,-0.16934390904377994
2022-06-07,0.9594047222981462,-0.1857181119569099
2022-06-08,0.9631523323452102,-0.18253737820206373
2022-06-09,0.9625494980608175,-0.1830490257141758
2022-06-10,0.9696679038180819,-0.17700737431809188
2022-06-13,0.9887938060093119,-0.16077452139915194
2022-06-14,0.9823297518595534,-0.1662608006462145
2022-06-15,0.9945343012726259,-0.15590235305072364
2022-06-16,0.9993843245793844,-0.15178596083011797
2022-06-17,1.0000107569522272,-0.15125428475699232
2022-06-20,0.9775249591013363,-0.17033880404549417
2022-06-21,0.9794556230060203,-0.1687001789554311
2022-06-22,0.974655532497938,-0.17277419138298744
2022-06-23,0.9922066723001984,-0.1578778969169159
2022-06-24,0.9936742844459445,-0.15663228079560843
2022-06-27,0.9972342927775071,-0.15361077148019664
2022-06-28,0.9947643414839311,-0.15570710950727018
2022-06-29,1.0072224779092585,-0.14513343333689022
2022-06-30,1.0053997622638287,-0.14668043878999137
2022-07-01,0.9852550354569158,-0.16377800543439192
2022-07-04,0.9865766964957912,-0.16265626335716887
2022-07-05,0.9618785645183047,-0.18361847155809463
2022-07-06,0.9466193238766535,-0.19656954735645438
2022-07-07,0.9364730876850534,-0.20518102921661951
2022-07-08,0.9487749743289264,-0.19473996795222426
2022-07-11,0.9413422232567237,-0.20104841571755305
2022-07-12,0.9451585384509521,-0.19780936939070148
2022-07-13,0.9300207110433455,-0.21065739733537292
2022-07-14,0.9270004587527945,-0.2132207959515745
2022-07-15,0.9204643476747371,-0.21876823254991762
2022-07-18,0.9477688330730525,-0.1955939168461891
2022-07-19,0.9449287686850604,-0.19800438339723814
2022-07-20,0.9553375167658312,-0.18917009809262497
2022-07-21,0.9515746054750733,-0.1923638185727966
2022-07-22,0.9593966446158478,-0.1857249677814019
2022-07-25,0.9758789960841455,-0.17173579307643905
2022-07-26,0.9807455623410146,-0.16760536024884376
2022-07-27,0.9739148120103863,-0.17340286796034576
2022-07-28,0.980824437676525,-0.16753841586590845
2022-07-29,0.9743294025349013,-0.17305098981421974
2022-08-01,0.9775146839340484,-0.17034752495589278
2022-08-02,0.9778585090185445,-0.17005570802769432
2022-08-03,0.9879162259927322,-0.16151935566586018
2022-08-04,0.991195977741519,-0.15873571036555612
2022-08-05,0.9988818133840239,-0.15221246046620562
2022-08-08,1.0131593792454898,-0.1400945679687774
2022-08-09,1.0307379891100863,-0.1251749586557972
2022-08-10,1.0157566316573017,-0.13789018482529158
2022-08-11,1.0079159810806835,-0.1445448318231941
2022-08-12,1.0084275813378596,-0.14411061796781632
2022-08-15,1.0053958675729726,-0.1466837443566098
2022-08-16,0.9889200351171583,-0.16066738613717724
2022-08-17,0.9882662200242339,-0.16122230292664463
2022-08-18,1.008254035261659,-0.14425791287194467
2022-08-19,1.0100927968230504,-0.14269728866292009
2022-08-22,1.00409177888199,-0.14779057213928448
2022-08-23,1.036265873045105,-0.12048324132016863
2022-08-24,1.0368735858215257,-0.11996745325339087
2022-08-25,1.029302173869241,-0.12639358758061225
2022-08-26,1.0190560380413494,-0.13508985791696848
2022-08-29,1.0142398547340548,-0.13917752889197832
2022-08-30,1.0167829772723636,-0.13701908775249905
2022-08-31,1.0204266994146531,-0.13392652746321798
2022-09-01,1.0483480386983537,-0.11022866529910202
2022-09-02,1.0510392932068073,-0.10794449913708981
2022-09-05,1.0860714587807128,-0.0782114185478815
2022-09-06,1.0472880987081972,-0.11112827514710188
2022-09-07,1.0421608395447977,-0.11547996758203005
2022-09-08,1.0362187557147537,-0.12052323152224531
2022-09-09,1.0512693623017948,-0.10774923107899859
2022-09-13,1.0795725863856542,-0.08372724931357045
2022-09-14,1.0804810292252618,-0.08295622063982888
2022-09-15,1.081271418636899,-0.08228538822944054
2022-09-16,1.0609737214021109,-0.09951278647246697
2022-09-19,1.0544821866866276,-0.10502238948104825
2022-09-20,1.064064261844443,-0.096889731730327
2022-09-21,1.067218232054526,-0.09421284182369172
2022-09-22,1.0540953611146722,-0.10535070249614442
2022-09-23,1.062020501667568,-0.09862434576427359
2022-09-26,1.0259787372649123,-0.12921430981604365
2022-09-27,1.0107185154224614,-0.14216621839541976
2022-09-28,0.9927988064687544,-0.15737533098458278
2022-09-29,0.9893758318539286,-0.16028053477116333
2022-09-30,0.9987790634830349,-0.15229966806632378
2022-10-10,1.031197761735418,-0.12478473280770175
2022-10-11,1.0483640122345825,-0.11021510797450595
2022-10-12,1.0474703612946832,-0.1109735822217972
2022-10-13,1.0486872633331021,-0.10994075294091388
2022-10-14,1.0452440401178391,-0.11286314245548923
2022-10-17,1.0573018511647094,-0.10262923707987948
2022-10-18,1.0762615164452471,-0.0865374755088919
2022-10-19,1.066100171106759,-0.09516178105479545
2022-10-20,1.0660834537173107,-0.095175969714833
2022-10-21,1.0712452613212367,-0.09079495475446075
2022-10-24,1.0661843669129152,-0.09509032099377146
2022-10-25,1.0724488308391877,-0.08977344127147446
2022-10-26,1.074769998536977,-0.08780338132545606
2022-10-27,1.0798072562674428,-0.0835280763993993
2022-10-28,1.0749277816576286,-0.08766946501839668
2022-10-31,1.0737585322003598,-0.08866184981026792
2022-11-01,1.078882555579196,-0.08431290370408118
2022-11-02,1.0797415385056128,-0.08358385346817665
2022-11-03,1.0814108736041397,-0.08216702769672435
2022-11-04,1.104287806843996,-0.06275053749375337
2022-11-07,1.1074257436309205,-0.06008725573994245
2022-11-08,1.1152953015678104,-0.05340807400778935
2022-11-09,1.1066483019180622,-0.06074709896468011
2022-11-10,1.099893129544901,-0.06648046089862814
2022-11-11,1.1167364543856846,-0.052184914886072464
2022-11-14,1.1188537630848894,-0.05038787753042073
2022-11-15,1.1259109511673397,-0.044398183814626124
2022-11-16,1.1231284134013124,-0.04675982541697776
2022-11-17,1.1179084180559031,-0.051190226442370146
2022-11-18,1.1170198681891292,-0.0519443712222748
2022-11-21,1.115652307478369,-0.05310507003028553
2022-11-22,1.1245469838949829,-0.04555583273999653
2022-11-23,1.1182255160006636,-0.05092109381548915
2022-11-24,1.1150466820860307,-0.05361908645782498
2022-11-25,1.1061867605339397,-0.06113882602307208
2022-11-28,1.1166853213678802,-0.05222831334900624
2022-11-29,1.1188531447787025,-0.05038840230950248
2022-11-30,1.1190709878425582,-0.050203510931327244
2022-12-01,1.1201209582925082,-0.049312362596840464
2022-12-02,1.1078123729082265,-0.05975910932729678
2022-12-05,1.106215611555393,-0.061114339105637905
2022-12-06,1.1116774531142475,-0.05647867435084819
2022-12-07,1.1074497457889005,-0.06006688423033568
2022-12-08,1.083206295825123,-0.08064318717149244
2022-12-09,1.078149343091259,-0.08493520796748322
2022-12-12,1.0799826947990094,-0.08337917529916561
2022-12-13,1.0883252970658004,-0.07629850353769807
2022-12-14,1.0878371914996101,-0.07671277658927289
2022-12-15,1.085315707200144,-0.07885285256380226
2022-12-16,1.0814497136364225,-0.08213406274034685
2022-12-19,1.0756151845585122,-0.08708604102749007
2022-12-20,1.0657554114639554,-0.09545439117682075
2022-12-21,1.0676960441869405,-0.09380730518595193
2022-12-22,1.061756321533552,-0.09884856510915518
2022-12-23,1.0564523413984697,-0.1033502470981622
2022-12-26,1.0608665470663992,-0.09960374925220405
2022-12-27,1.0659420909657948,-0.09529594945386077
2022-12-28,1.0540045359870198,-0.10542778910485884
2022-12-29,1.0607542157615701,-0.09969908894030088
2022-12-30,1.0720252995301476,-0.09013290778852934
2023-01-03,1.0752794655439122,-0.08737097803760363
2023-01-04,1.0625722949780914,-0.0981560185940401
2023-01-05,1.0686594426846105,-0.09298963363463686
2023-01-06,1.062874491636693,-0.097899533233892
2023-01-09,1.0825132779401332,-0.0812313768048365
2023-01-10,1.0821257363010488,-0.08156029757230254
2023-01-11,1.0882618742962955,-0.07635233276252584
2023-01-12,1.0978116880620936,-0.06824705643550621
2023-01-13,1.1044478442605818,-0.06261470788326029
2023-01-16,1.1226968618377131,-0.04712609901750142
2023-01-17,1.1182290823472625,-0.05091806692665435
2023-01-18,1.1255296856640313,-0.04472177779604403
2023-01-19,1.1203585596034396,-0.04911070167150833
2023-01-20,1.116014692870894,-0.052797500289626376
2023-01-30,1.1182502070719347,-0.05090013759996803
2023-01-31,1.127244242229417,-0.0432665709112221
2023-02-01,1.126816808998841,-0.04362934913183791
2023-02-02,1.1357446296998643,-0.03605198107477281
2023-02-03,1.1330224252649406,-0.038362415571696395
2023-02-06,1.148636109551589,-0.02511051048435653
2023-02-07,1.1578904077861532,-0.017256049000256124
2023-02-08,1.1580555817264886,-0.017115859834134772
2023-02-09,1.1520971509574358,-0.02217299801954653
2023-02-10,1.150212232036523,-0.02377279766828344
2023-02-13,1.1533535732111,-0.021106626486120716
2023-02-14,1.1483386352538203,-0.02536298780409607
2023-02-15,1.148025075452842,-0.025629117478904617
2023-02-16,1.1514442306778647,-0.022727155348183814
2023-02-17,1.1501905780192117,-0.023791176224996935
2023-02-20,1.1492090621116622,-0.02462422468490988
2023-02-21,1.147451603306881,-0.026115844269903432
2023-02-22,1.150403296196267,-0.02361063452574541
2023-02-23,1.149813922028693,-0.02411085794426926
2023-02-24,1.148522227243872,-0.025207166565348382
2023-02-27,1.1584930184553646,-0.016744591278529453
2023-02-28,1.1488264621586717,-0.024948951262594443
2023-03-01,1.135881353953707,-0.03593593819842178
2023-03-02,1.1308024707516695,-0.04024657218508687
2023-03-03,1.1300173160906144,-0.04091296167114067
2023-03-06,1.1435242958674454,-0.02944909377596061
2023-03-07,1.1458619524935012,-0.027465039073268027
2023-03-08,1.1427312887868302,-0.030122147897779117
2023-03-09,1.1546993398064538,-0.019964425141202335
2023-03-10,1.156982606063077,-0.01802653353494188
2023-03-13,1.1577162480368464,-0.017403864751201037
2023-03-14,1.1690719146719912,-0.007765895026073721
2023-03-15,1.162232986745065,-0.013570343362734771
2023-03-16,1.1509766096658203,-0.02312404240921906
2023-03-17,1.1399238856373868,-0.0325048936607466
2023-03-20,1.1206262602278845,-0.04888349435760109
2023-03-21,1.1270137068189796,-0.043462234748296136
2023-03-22,1.1164479635320714,-0.05242976762809426
2023-03-23,1.10913013844408,-0.05864067350600699
2023-03-24,1.092575088911983,-0.07269154971740588
2023-03-27,1.1054145943461964,-0.06179419171663736
2023-03-28,1.0991369804863003,-0.06712223226869662
2023-03-29,1.0926627240118953,-0.07261717060194295
2023-03-30,1.0885841329479093,-0.07607882005493172
2023-03-31,1.0927558901009677,-0.07253809713362636
2023-04-03,1.0917851013763649,-0.07336204104091404
2023-04-04,1.088246386801234,-0.07636547756620105
2023-04-06,1.0811696113643738,-0.08237179578629494
2023-04-07,1.0838756961436524,-0.08007504263086185
2023-04-10,1.077704278486855,-0.08531295058011823
2023-04-11,1.117482111548211,-0.05155204837205285
2023-04-12,1.1290152183520152,-0.041763478684060495
2023-04-13,1.122402383772602,-0.047376033324966094
2023-04-14,1.1113363660982847,-0.056768167380109036
2023-04-17,1.1068065592446519,-0.06061278018169203
2023-04-18,1.1162064976396135,-0.052634708565155286
2023-04-19,1.1188226732035713,-0.05041426465013177
2023-04-20,1.122322809232989,-0.047443571148003905
2023-04-21,1.1238843187277172,-0.04611826091134097
2023-04-24,1.1303206506271257,-0.040655510552380814
2023-04-25,1.1296662075745214,-0.04121096031420268
2023-04-26,1.1280586569430575,-0.04257534734804769
2023-04-27,1.1261789463428378,-0.04417072650446374
2023-04-28,1.1330632823233806,-0.03832773869142547
2023-05-04,1.1381666633614926,-0.03399631249502022
2023-05-05,1.1316667551467987,-0.03951302239872956
2023-05-08,1.1380013660460344,-0.03413660637412197
2023-05-09,1.132227135673676,-0.03903740694380964
2023-05-10,1.139950033878382,-0.03248270069196957
2023-05-11,1.117309108099209,-0.05169888272862533
2023-05-12,1.1104200266948603,-0.05754589815646094
2023-05-15,1.1227569012827359,-0.047075141343942084
2023-05-16,1.1122433947546841,-0.055998338975394746
2023-05-17,1.127046295352469,-0.043434575667658404
2023-05-18,1.126953432906033,-0.04351339142336064
2023-05-19,1.1376361984107435,-0.034446537506006236
2023-05-22,1.1343015545285393,-0.03727677176819355
2023-05-23,1.1278586994186763,-0.042745058614520826
2023-05-24,1.131172771838177,-0.03993228410534566
2023-05-25,1.1269981375142777,-0.04347544898680622
2023-05-26,1.143879751023835,-0.029147405980255114
2023-05-29,1.1338928835609579,-0.03762362576978062
2023-05-30,1.121171950299767,-0.04842034722929167
2023-05-31,1.1157396385491907,-0.05303094895543503
2023-06-01,1.111244957205886,-0.056845749451320815
2023-06-02,1.1252226463512311,-0.044982373293981026
2023-06-05,1.110549545655631,-0.057435970675948855
2023-06-06,1.1085646931957551,-0.059120587575314465
2023-06-07,1.100320034419957,-0.06611813111267217
2023-06-08,1.1031903081290197,-0.0636820248056097
2023-06-09,1.106148001185132,-0.06117172250043257
2023-06-12,1.1020459816168546,-0.06465325658215504
2023-06-13,1.104244628373239,-0.06278718464158761
2023-06-14,1.1002557317298691,-0.06617270715829104
2023-06-15,1.0988178238690327,-0.06739311216625177
2023-06-16,1.115101844783441,-0.053572267858382094
2023-06-19,1.1186602038270828,-0.050552158353968646
2023-06-20,1.1210662144299977,-0.04851008913035648
2023-06-21,1.1116486850761924,-0.05650309083723648
2023-06-26,1.1148229540210837,-0.05380897265173168
2023-06-27,1.1247714910680564,-0.0453652852885188
2023-06-28,1.1257006321820744,-0.044576689232030065
2023-06-29,1.1387970152419158,-0.03346130979241413
2023-06-30,1.1438650427992207,-0.02915988938859193
2023-07-03,1.1213347425503355,-0.04828217949041058
2023-07-04,1.1227351490022441,-0.04709360330021184
2023-07-05,1.1199769964955615,-0.049434548240812615
2023-07-06,1.1226623471412795,-0.04715539290309945
2023-07-07,1.1235054938999525,-0.04643978340213195
2023-07-10,1.1297114171412546,-0.04117258930090506
2023-07-11,1.1178321774300224,-0.051254934650850736
2023-07-12,1.101072549353433,-0.06547944415755313
2023-07-13,1.0996561221807946,-0.06668161771956027
2023-07-14,1.0998544173386073,-0.06651331736441213
2023-07-17,1.0910144153186045,-0.07401615049401145
2023-07-18,1.0863165636780954,-0.07800338905420623
2023-07-19,1.0873192235253872,-0.07715239495907389
2023-07-20,1.0886733936230277,-0.0760030612543191
2023-07-21,1.0955658333088025,-0.07015319553017296
2023-07-24,1.087450706600305,-0.07704080046302719
2023-07-25,1.0786738435642353,-0.08449004522699588
2023-07-26,1.0731285802888937,-0.08919651304458709
2023-07-27,1.0726713022131225,-0.08958462167720649
2023-07-28,1.0803376526159794,-0.08307790961362094
2023-07-31,1.0768255431795835,-0.08605876538430346
2023-08-01,1.070988007430389,-0.0910132955433659
2023-08-02,1.070310481675443,-0.09158833643915565
2023-08-03,1.0610466314079372,-0.09945090508307863
2023-08-04,1.0642474828738988,-0.09673422533940867
2023-08-07,1.057123963441319,-0.10278021689881878
2023-08-08,1.0577665143804396,-0.10223486040878849
2023-08-09,1.0551434134614237,-0.10446118212601685
2023-08-10,1.0454861420341859,-0.11265766170168445
2023-08-11,1.0439764813065482,-0.1139389659928085
2023-08-14,1.0322554641557729,-0.12388702206705493
2023-08-15,1.0324252793378739,-0.1237428937092454
2023-08-16,1.0620094577509698,-0.0986337191403368
2023-08-17,1.0797988539559402,-0.0835352077485737
2023-08-18,1.0882426588025402,-0.07636864165508284
2023-08-21,1.1003742676647135,-0.06607210137370112
2023-08-22,1.103452254275461,-0.06345970152771419
2023-08-23,1.097096097530548,-0.06885440429981216
2023-08-24,1.0915367355962116,-0.07357283816509752
2023-08-25,1.0936387532926397,-0.07178877884293
2023-08-28,1.1107209619106095,-0.05729048342901211
2023-08-29,1.1082522269733748,-0.05938578908995795
2023-08-30,1.1037518960776722,-0.06320538456765512
2023-08-31,1.1049352124518503,-0.062201060668758745
2023-09-01,1.090278048020973,-0.07464113235982117
2023-09-04,1.0921062233623908,-0.07308949306298973
2023-09-05,1.0952826184139914,-0.07039357037293614
2023-09-06,1.1096503014235508,-0.058199192154946844
2023-09-07,1.119671603150852,-0.04969374674541249
2023-09-08,1.1128910033301234,-0.055448689884385005
2023-09-11,1.1200891124218764,-0.049339391352340445
2023-09-12,1.1274928414180316,-0.04305557568473817
2023-09-13,1.1304079330503194,-0.04058143076655185
2023-09-14,1.1189435510956018,-0.0503116711607966
2023-09-15,1.1283116275034741,-0.04236064197838696
2023-09-18,1.1290488625317978,-0.04173492363779241
2023-09-19,1.134080083914012,-0.03746474198133931
2023-09-20,1.136252636153392,-0.03562081741203238
2023-09-21,1.1468290289824452,-0.026644245876197736
2023-09-22,1.1472220441709722,-0.026310679507067558
2023-09-25,1.1492118448959763,-0.02462186283405321
2023-09-26,1.1475626721527832,-0.026021576076885378
2023-09-27,1.1476908914457613,-0.025912751671977596
2023-09-28,1.1505946861615874,-0.02344819486009475
2023-10-09,1.1782188286349857,-2.5745019537337654e-06
2023-10-10,1.178815033624737,0.0
2023-10-11,1.1778215649872565,-0.000842768890065515
2023-10-12,1.1785788736858105,-0.00020033672136021696
2023-10-13,1.1790844080271672,0.0
2023-10-16,1.1801768649409934,0.0
2023-10-17,1.1806157808219897,0.0
2023-10-18,1.1746151753132488,-0.0050826065568623235
2023-10-19,1.1753549713807758,-0.004455987736798783
2023-10-20,1.190316653888939,0.0
2023-10-23,1.1921833994196767,0.0
2023-10-24,1.1868436462798133,-0.004478969546516609
2023-10-25,1.1828347082684738,-0.007841655198146169
2023-10-26,1.1884149160244855,-0.0031609930125059416
2023-10-27,1.1862627778500434,-0.0049662003115588105
2023-10-30,1.1777232195434961,-0.012129157211230535
2023-10-31,1.1890453183025704,-0.0026322133982353835
2023-11-01,1.1721760411523425,-0.01678211446080624
2023-11-02,1.164267374980437,-0.023415880855939042
2023-11-03,1.1681437435409414,-0.020164394077653802
2023-11-06,1.1597186883901345,-0.027231306060246374
2023-11-07,1.1559582189739541,-0.03038557697025135
2023-11-08,1.1570437885649956,-0.029475004325497323
2023-11-09,1.1539225227760503,-0.03209311307492679
2023-11-10,1.1673027778478366,-0.02086979367767683
2023-11-13,1.1642982860286306,-0.023389952757788546
2023-11-14,1.1677994536907819,-0.020453183411851095
2023-11-15,1.1668030323292626,-0.021288978778574275
2023-11-16,1.1907335051496448,-0.0012161671356417658
2023-11-17,1.2041138700452616,0.0
2023-11-20,1.2131818667334937,0.0
2023-11-21,1.2117018762191196,-0.001219924691389429
2023-11-22,1.1980833919387386,-0.01244535152458881
2023-11-23,1.2048629231774222,-0.0068571281719453925
2023-11-24,1.2109221799632919,-0.0018626117255494679
2023-11-27,1.2018660960176102,-0.009327349036588717
2023-11-28,1.2117017404532864,-0.0012200366002770302
2023-11-29,1.2074366914187813,-0.00473562577240072
2023-11-30,1.1911679614092292,-0.01814559377114433
2023-12-01,1.1876710953905154,-0.0210279860279039
2023-12-04,1.2079975768568636,-0.00427329983969249
2023-12-05,1.2105902720194672,-0.002136196381672284
2023-12-06,1.2551760323470376,0.0
2023-12-07,1.2468617751543303,-0.006623977018713867
2023-12-08,1.2550329759115335,-0.00011397320520578624
2023-12-11,1.2605049579301293,0.0
2023-12-12,1.2816879458812764,0.0
2023-12-13,1.305925418491067,0.0
2023-12-14,1.2947745625751848,-0.008538662130312513
2023-12-15,1.2953721615250717,-0.008081056403809739
2023-12-18,1.2921699328984058,-0.010533132595393457
2023-12-19,1.2970159867201254,-0.006822312855535029
2023-12-20,1.2942819143081365,-0.008915902867090097
2023-12-21,1.2996342506806902,-0.004817402066992327
2023-12-22,1.2935528175620037,-0.009474201783559066
2023-12-25,1.2946975924018467,-0.008597601310336267
2023-12-26,1.2973268665672675,-0.006584259561878025
2023-12-27,1.2994557885142752,-0.0049540577778683925
2023-12-28,1.3006593741876507,-0.004032423466801771
2023-12-29,1.3002075998720577,-0.004378365363020387
2024-01-02,1.2788961131485617,-0.020697434141174975
2024-01-03,1.28776236567033,-0.013908185386056204
2024-01-04,1.2877472253458107,-0.013919778945922001
2024-01-05,1.277663317772945,-0.02164143550462272
2024-01-08,1.2762827907499001,-0.022698560975570437
2024-01-09,1.2779131616754233,-0.021450119906548992
2024-01-10,1.2616650180001778,-0.033891981781034475
2024-01-11,1.2563824836653934,-0.03793703233291679
2024-01-12,1.2553316992896772,-0.038741660499914454
2024-01-15,1.2581950398003212,-0.036549084668170306
2024-01-16,1.2526553184592126,-0.04079107373023283
2024-01-17,1.2536679152812016,-0.04001568732021954
2024-01-18,1.2482106404608337,-0.044194543741188363
2024-01-19,1.2388665442101017,-0.05134969679849599
2024-01-22,1.2501552565374394,-0.04270547242894407
2024-01-23,1.2462683850334146,-0.045681807408713304
2024-01-24,1.2501716157520297,-0.042692945515570124
2024-01-25,1.2457089174621498,-0.04611021439378549
2024-01-26,1.2333430099010794,-0.05557929079430357
2024-01-29,1.231952645041943,-0.056643949494907586
2024-01-30,1.242036240959181,-0.04892253158354687
2024-01-31,1.2587563166607443,-0.03611929223708976
2024-02-01,1.2642514607908546,-0.03191143775144878
2024-02-02,1.2639135341229668,-0.03217020189150066
2024-02-05,1.2661622510062374,-0.030448268271532686
2024-02-06,1.2674937368600039,-0.029428695610710265
2024-02-07,1.2646981166444324,-0.03156941526895973
2024-02-08,1.2660834663497247,-0.030508596874833538
2024-02-19,1.2802893925045233,-0.01963054369227668
2024-02-20,1.2768022702408992,-0.022300774483598018
2024-02-21,1.261960738235149,-0.03366553681657947
2024-02-22,1.252502358327784,-0.04090820149975394
2024-02-23,1.2562590109689302,-0.0380315803788579
2024-02-26,1.2488955832771225,-0.043670055277612696
2024-02-27,1.2589813990247491,-0.03594693755219136
2024-02-28,1.2548909001371251,-0.03907919826915518
2024-02-29,1.2549272095487998,-0.03905139468162977
2024-03-01,1.2571121122246907,-0.03737832618556247
2024-03-04,1.2899591673396071,-0.01222600534868834
2024-03-05,1.2819472718188505,-0.018361038335498514
2024-03-06,1.284193711951042,-0.016640848116069917
2024-03-07,1.2897398735081675,-0.012393927519690151
2024-03-08,1.2785034041254657,-0.02099814735001182
2024-03-11,1.2477549713353544,-0.044543468051127744
2024-03-12,1.2525301378490257,-0.04088692959490514
2024-03-13,1.2403863822790542,-0.05018589521577721
2024-03-14,1.248255086457885,-0.04416050964060203
2024-03-15,1.2358983917726643,-0.05362253136883999
2024-03-18,1.2485519093554283,-0.04393322032274316
2024-03-19,1.2452150051306206,-0.04648842307594736
2024-03-20,1.233822711453308,-0.055211963881574566
2024-03-21,1.2312006918169267,-0.05721975054324391
2024-03-22,1.2425290570501815,-0.04854516233716999
2024-03-25,1.261979991611726,-0.03365079372612079
2024-03-26,1.2514132991957825,-0.04174213819826755
2024-03-27,1.2575068241005374,-0.03707607931123269
2024-03-28,1.2381221030108176,-0.05191974558439394
2024-03-29,1.230118812711295,-0.058048189204681244
2024-04-01,1.2366336770886446,-0.053059493613720754
2024-04-02,1.2359196380470296,-0.053606262235806335
2024-04-03,1.2286920633764522,-0.05914070897238077
2024-04-08,1.243969450544964,-0.047442194683437466
2024-04-09,1.2498206515734869,-0.04296169300572028
2024-04-10,1.2555398117504415,-0.03858230035743049
2024-04-11,1.2629448726179333,-0.03291194524936614
2024-04-12,1.255979166730193,-0.03824586844981115
2024-04-15,1.2476362914215806,-0.044634346069193254
2024-04-16,1.2348509479199923,-0.05442460156200779
2024-04-17,1.2556942426729651,-0.03846404634358169
2024-04-18,1.2587402884926473,-0.03613156565475206
2024-04-19,1.2534612619886558,-0.04017393011848325
2024-04-22,1.2581643833006433,-0.03657255959196293
2024-04-23,1.2610823973637286,-0.0343381180061203
2024-04-24,1.2564760465515015,-0.03786538744050316
2024-04-25,1.2561410498184502,-0.038121908010749994
2024-04-26,1.2535527563209736,-0.04010386920151021
2024-04-29,1.2612638886876768,-0.03419914274660063
2024-04-30,1.2516147755125149,-0.04158785962011935
2024-05-06,1.2388592149847983,-0.051355309083240264
2024-05-07,1.2253466955506345,-0.06170239264776489
2024-05-08,1.2296152578577653,-0.05843378155658718
2024-05-09,1.2269002414778116,-0.06051277959239432
2024-05-10,1.2293373392895535,-0.058646595063604146
2024-05-13,1.2143102975050153,-0.07015340974977613
2024-05-14,1.2290517831373164,-0.058865256978131386
2024-05-15,1.228158640214467,-0.059549172698128205
2024-05-16,1.2303594560732865,-0.05786391883320052
2024-05-17,1.2192264843875842,-0.06638888628391892
2024-05-20,1.2255073686166278,-0.061579358771772896
2024-05-21,1.2258422427403732,-0.06132293208843875
2024-05-22,1.2215900073481414,-0.0645790409994248
2024-05-23,1.2295445500360425,-0.05848792540027192
2024-05-24,1.2346199057340315,-0.05460151992402862
2024-05-27,1.2312211865188045,-0.05720405691971253
2024-05-28,1.2505550453619212,-0.04239933792936157
2024-05-29,1.2534872421090315,-0.0401540360877769
2024-05-30,1.2715155729002592,-0.026349012817720174
2024-05-31,1.2739727514833215,-0.024467451628796044
2024-06-03,1.2919489292083046,-0.010702364074444248
2024-06-04,1.2879904201346872,-0.013733554843509133
2024-06-05,1.2883615792318655,-0.013449343286001447
2024-06-06,1.2958642041307433,-0.00770427944648544
2024-06-07,1.302681381834757,-0.002484090293654262
2024-06-11,1.2867651997832459,-0.01467175570405832
2024-06-12,1.2912159363041231,-0.011263646436976416
2024-06-13,1.296436945074006,-0.007265708502729229
2024-06-14,1.3117581953869468,0.0
2024-06-17,1.3018841860694355,-0.007527309036250207
2024-06-18,1.2926879659776425,-0.014537915201420892
2024-06-19,1.2938179195585138,-0.013676511335338759
2024-06-20,1.2966852748139746,-0.011490624282721518
2024-06-21,1.284410162401614,-0.020848379740646905
2024-06-24,1.2716328702433384,-0.03058896470760919
2024-06-25,1.2833021745884738,-0.02169303831951963
2024-06-26,1.2901126932628706,-0.016501137328660764
2024-06-27,1.293930949099056,-0.013590344890227257
2024-06-28,1.2986736703853077,-0.009974799507754928
2024-07-01,1.3043029340002894,-0.0056834113275413545
2024-07-02,1.3051631469640717,-0.00502764034260883
2024-07-03,1.2978579717535579,-0.01059663563168256
2024-07-04,1.287456958951237,-0.018525698197403906
2024-07-05,1.2946651109671048,-0.01303066714578438
2024-07-08,1.292351534942247,-0.01479438856410209
2024-07-09,1.2957984369112623,-0.012166692407038271
2024-07-10,1.2997117607214725,-0.0091834262654793
2024-07-11,1.2972751221354741,-0.011040962657908437
2024-07-12,1.290941752639038,-0.015869115833324954
2024-07-15,1.2810509737923874,-0.023409208879004773
2024-07-16,1.2741886482740474,-0.028640604072473153
2024-07-17,1.2797131612121357,-0.024429071064700603
2024-07-18,1.275479552198631,-0.02765650202598058
2024-07-19,1.2847028925229016,-0.020625221141510997
2024-07-22,1.2820909411461452,-0.022616404719354777
2024-07-23,1.279739594764045,-0.024408919826459874
2024-07-24,1.2905891656435664,-0.016137905459882362
2024-07-25,1.289083768415312,-0.017285523392477242
2024-07-26,1.2884126924567003,-0.017797108500900216
2024-07-29,1.2826511319065736,-0.022189351347476904
2024-07-30,1.2834248468109688,-0.0215995209144626
2024-07-31,1.2826035096040864,-0.022225655525072052
2024-08-01,1.2835136100968767,-0.021531853499675235
2024-08-02,1.2830540274382414,-0.021882209731678648
2024-08-05,1.2889557894554722,-0.01738308631244978
2024-08-06,1.292407151770099,-0.014751989875039118
2024-08-07,1.278621040704363,-0.025261633431464037
2024-08-08,1.2729283379392224,-0.02960138353568298
2024-08-09,1.2696388163163745,-0.03210910304863601
2024-08-12,1.281809583723218,-0.022830893505410566
2024-08-13,1.264402589895052,-0.036100864975290525
2024-08-14,1.279318305315881,-0.024730083780034384
2024-08-15,1.2836705374813284,-0.02141222216441574
2024-08-16,1.2873418304556508,-0.01861346475071468
2024-08-19,1.2568889806959556,-0.041828756918729004
2024-08-20,1.255935136220903,-0.04255590654005936
2024-08-21,1.267968055167552,-0.03338278378849957
2024-08-22,1.2568074181185067,-0.04189093497695329
2024-08-23,1.2531341674841476,-0.044691184784636406
2024-08-26,1.2544420103356133,-0.04369416959078054
2024-08-27,1.2625347711181145,-0.037524769764683774
2024-08-28,1.2603710195162048,-0.03917427468831913
2024-08-29,1.2579972232750913,-0.04098390412266251
2024-08-30,1.2689629216747653,-0.03262436161075988
2024-09-02,1.2735635201620612,-0.029117161500652022
2024-09-03,1.2689544768942351,-0.03263079936777935
2024-09-04,1.2788078955591549,-0.02511918731948315
2024-09-05,1.2705900095491873,-0.031383974563708006
2024-09-06,1.273520039969686,-0.029150308000157943
2024-09-09,1.2602627055657951,-0.03925684627109294
2024-09-10,1.2492284075813027,-0.04766868469016794
2024-09-11,1.251295395459475,-0.04609294620007032
2024-09-12,1.2513468060788262,-0.0460537540535817
2024-09-13,1.240822173264182,-0.054077056558308634
2024-09-18,1.2146154600068308,-0.07405536761404452
2024-09-19,1.227907778775278,-0.06392215951578972
2024-09-20,1.2280463226255305,-0.06381654260351144
2024-09-23,1.225590114892633,-0.06568899725371702
2024-09-24,1.2321995892509876,-0.06065035950660913
2024-09-25,1.2333184105154473,-0.059797442201884654
2024-09-26,1.2252196344558495,-0.06597142768798936
2024-09-27,1.2406728775758256,-0.05419086997977729
2024-09-30,1.2248064251261774,-0.06628643187940597
2024-10-08,1.2186341547016197,-0.07099177349363317
2024-10-09,1.2226753678582176,-0.06791101274762856
2024-10-10,1.2321615930933767,-0.06067932533106113
2024-10-11,1.2270225497216825,-0.06459700115711398
2024-10-14,1.23010603027253,-0.0622463540929743
2024-10-15,1.231089452340258,-0.061496656419129825
2024-10-16,1.2187634757677936,-0.0708931874381934
2024-10-17,1.2090629362704166,-0.07828825425118602
2024-10-18,1.214206615398684,-0.07436704442276176
2024-10-21,1.2260952244735315,-0.06530393422710512
2024-10-22,1.2179938595188864,-0.07147989332012639
2024-10-23,1.2065083033985462,-0.08023574189094629
2024-10-24,1.1988253197709569,-0.08609275399470762
2024-10-25,1.184764017751006,-0.09681218541842596
2024-10-28,1.1865880351575293,-0.09542167197399853
2024-10-29,1.1935226737066615,-0.09013514998121108
2024-10-30,1.1971665812514132,-0.08735726945599986
2024-10-31,1.1773766190510968,-0.10244386260244376
2024-11-01,1.1665003816336779,-0.11073520582078034
2024-11-04,1.1680810757187152,-0.10953018641202328
2024-11-05,1.1627285715629874,-0.11361059099767867
2024-11-06,1.1558226127196676,-0.11887524942909222
2024-11-07,1.174626351656321,-0.1045404894079387
2024-11-08,1.1667543332656516,-0.1105416094454218
2024-11-11,1.1772590299707861,-0.10253350494714131
2024-11-12,1.1808979764524,-0.0997594064170838
2024-11-13,1.1968552352101152,-0.08759461963409898
2024-11-14,1.1933967685513374,-0.09023113196612798
2024-11-15,1.1853856748444915,-0.09633827407129525
2024-11-18,1.1796019893337297,-0.10074738356350288
2024-11-19,1.1765132451782363,-0.10310204326096517
2024-11-20,1.1781541846661774,-0.1018510966355034
2024-11-21,1.1799659216062361,-0.10046994502811868
2024-11-22,1.1644585490301584,-0.112291767548925
2024-11-25,1.1671659319469838,-0.1102278331086094
2024-11-26,1.166353532838527,-0.11084715388839461
2024-11-27,1.165484555758496,-0.1115096060713403
2024-11-28,1.1678368290331822,-0.10971638436099895
2024-11-29,1.1633675288304968,-0.11312349111162001
2024-12-02,1.1627761979749103,-0.11357428368731426
2024-12-03,1.1613201574005072,-0.11468427528448788
2024-12-04,1.1661428369596134,-0.11100777486233226
2024-12-05,1.142279781678173,-0.12919943195687877
2024-12-06,1.151179700991811,-0.12241470642976837
2024-12-09,1.1521083916672519,-0.12170673244591468
2024-12-10,1.1492698409831321,-0.12387066074771758
2024-12-11,1.137980663667923,-0.13247680275994944
2024-12-12,1.1373437723734539,-0.13296232768116512
2024-12-13,1.1421057756425812,-0.12933208295628063
2024-12-16,1.151972869295412,-0.12181004597756728
2024-12-17,1.140201040377725,-0.13078413049945947
2024-12-18,1.1471669315287238,-0.12547378353498395
2024-12-19,1.1522360696230272,-0.12160939899206291
2024-12-20,1.1695611622959599,-0.10840186369031313
2024-12-23,1.1593280794220573,-0.11620290728957494
2024-12-24,1.1601027018219818,-0.11561238504039162
2024-12-25,1.1637864554485122,-0.1128041284276371
2024-12-26,1.1691286713643494,-0.10873156693373975
2024-12-27,1.1633795634225337,-0.11311431671341221
2024-12-30,1.1627590682940228,-0.11358734225325107
2024-12-31,1.1640036164820058,-0.11263857883606043
2025-01-02,1.1797396508048459,-0.1006424393202725
2025-01-03,1.182087464888979,-0.09885261700973569
2025-01-06,1.1988758843376166,-0.08605420682432396
2025-01-07,1.1882885975739028,-0.09412527266629545
2025-01-08,1.1879551346082828,-0.09437948336365765
2025-01-09,1.1805145943147946,-0.10005167227747913
2025-01-10,1.1894923480877588,-0.0932076107693931
2025-01-13,1.198158033730421,-0.08660144991357632
2025-01-14,1.2011487025000775,-0.08432155657639429
2025-01-15,1.2057704111901215,-0.08079826340674068
2025-01-16,1.1725987872479164,-0.10608617398268338
2025-01-17,1.1710862754452454,-0.10723921560879257
2025-01-20,1.1834047373769394,-0.09784841326807592
2025-01-21,1.1913051039851128,-0.09182568237456479
2025-01-22,1.188749034697992,-0.09377426504483866
2025-01-23,1.1840317510355374,-0.09737041842054761
2025-01-24,1.1884416914650051,-0.09400856373957356
2025-01-27,1.2073122125887543,-0.07962289327827121
2025-02-05,1.1977362511450627,-0.08692298980320046
2025-02-06,1.2159344488100832,-0.07304985546409892
2025-02-07,1.212235821932857,-0.07586945048567606
2025-02-10,1.2033932787605846,-0.08261043613636154
2025-02-11,1.2027606303698597,-0.08309272654091149
2025-02-12,1.206770593113128,-0.0800357890981952
2025-02-13,1.2107107529883265,-0.07703206486833725
2025-02-14,1.1959501615813504,-0.08828458950198137
2025-02-17,1.2051863303353545,-0.08124352904854948
2025-02-18,1.1982006396162503,-0.08656896992909502
2025-02-19,1.1857604142156837,-0.09605259689961065
2025-02-20,1.1745824607497928,-0.10457394900947392
2025-02-21,1.173717620616863,-0.1052332474502774
2025-02-24,1.1955914036093793,-0.08855808348374772
2025-02-25,1.1886672887749903,-0.09383658287390895
2025-02-26,1.2082822427506243,-0.07888340473131084
2025-02-27,1.206475453729393,-0.08026078436391793
2025-02-28,1.213580682620616,-0.07484421527655882
2025-03-03,1.1984859227805846,-0.0863514884105212
2025-03-04,1.2027056687413826,-0.08313462574815134
2025-03-05,1.2187287724612637,-0.07091964300496789
2025-03-06,1.2250147953549995,-0.06612758383137796
2025-03-07,1.2291308390179907,-0.06298977712472564
2025-03-10,1.2160585825382932,-0.07295522390117315
2025-03-11,1.2292199622327749,-0.06292183532333451
2025-03-12,1.2352590449166267,-0.058318027468282074
2025-03-13,1.234922300483465,-0.0585747397452443
2025-03-14,1.2270995444789026,-0.06453830531096572
2025-03-17,1.233167948970742,-0.0599121443971784
2025-03-18,1.24256508808195,-0.052748370506338516
2025-03-19,1.2356570748504125,-0.05801459507107232
2025-03-20,1.2348336631869687,-0.058642311113815127
2025-03-21,1.2390388773668886,-0.05543652654566211
2025-03-24,1.2385821103761416,-0.05578473629373393
2025-03-25,1.258927312625152,-0.04027486387932244
2025-03-26,1.2624908483970152,-0.03755825361959986
2025-03-27,1.2615305574441404,-0.038290317620611525
2025-03-28,1.2608481603154262,-0.03881053326028805
2025-03-31,1.2549060268701138,-0.043340433257261
2025-04-01,1.2619573159911508,-0.037964984378165534
2025-04-02,1.2562181439344389,-0.04234015967868576
2025-04-03,1.2399607074800363,-0.05473378261283246
2025-04-07,1.2184948203325998,-0.07109799304652775
2025-04-08,1.1839628789165089,-0.09742292209025649
2025-04-09,1.18107684927735,-0.09962304529078847
2025-04-10,1.2116539731014064,-0.07631301457660133
2025-04-11,1.2369251990976784,-0.05704785878406038
2025-04-14,1.2316996008981476,-0.06103151843864285
2025-04-15,1.2408396770218937,-0.05406371282028344
2025-04-16,1.2485083300484234,-0.04821762544419683
2025-04-17,1.262591366772796,-0.03748162488106088
2025-04-18,1.2545969946522528,-0.04357601952533052
2025-04-21,1.2563296319102664,-0.04225516842327026
2025-04-22,1.2649983710072228,-0.03564667981047431
2025-04-23,1.2695589581575282,-0.03216998176784447
2025-04-24,1.2695957656103551,-0.032141922135393575
2025-04-25,1.2756541749372405,-0.027523380891899984
2025-04-28,1.283612813225033,-0.021456227421252194
2025-04-29,1.2899288036202012,-0.016641322953813376
2025-04-30,1.2993849664378168,-0.00943255318902747
2025-05-06,1.306463019468331,-0.004036701228349315
2025-05-07,1.3051351089109164,-0.00504901474930497
2025-05-08,1.283945267576999,-0.021202785626007525
2025-05-09,1.2835596862653273,-0.021496727995132803
2025-05-12,1.2912632411254297,-0.015624033708035223
2025-05-13,1.2890939587468004,-0.01727775493978201
2025-05-14,1.306160708022879,-0.004267164012203284
2025-05-15,1.3098155227553205,-0.001480968549278372
2025-05-16,1.2995092385364493,-0.009337816141399724
2025-05-19,1.2943009005884458,-0.0133083176913954
2025-05-20,1.3013776847296106,-0.007913433050268925
2025-05-21,1.3044732502261176,-0.005553573201561246
2025-05-22,1.307564157423939,-0.003197264539880118
2025-05-23,1.3035278354037576,-0.0062742965983615395
2025-05-26,1.3050880742310222,-0.005084870961265087
2025-05-27,1.300033524040682,-0.008938134625342542
2025-05-28,1.3073943982111238,-0.0033266780349985314
2025-05-29,1.2893346045772303,-0.017094302050921772
2025-05-30,1.3018945008548524,-0.007519445707891981
2025-06-03,1.3127059079979315,0.0
2025-06-04,1.3186600311661232,0.0
2025-06-05,1.3228330333333045,0.0
2025-06-06,1.3332363438031403,0.0
2025-06-09,1.3442289539976973,0.0
2025-06-10,1.3424732951221847,-0.0013060713134405155
2025-06-11,1.3430784810694918,-0.0008558608448241412
2025-06-12,1.3452983861592804,0.0
2025-06-13,1.3452983861592804,0.0
2025-06-16,1.3452983861592804,0.0
2025-06-17,1.3452983861592804,0.0
2025-06-18,1.3452983861592804,0.0
2025-06-19,1.3452983861592804,0.0
2025-06-20,1.3452983861592804,0.0
2025-06-23,1.3452983861592804,0.0
2025-06-24,1.3452983861592804,0.0
2025-06-25,1.3452983861592804,0.0
2025-06-26,1.3451638563206645,-9.999999999998899e-05
2025-06-27,1.347286521220642,0.0
2025-06-30,1.3522317952294778,0.0
2025-07-01,1.3532480014884178,0.0
2025-07-02,1.3454590447784747,-0.005755749649270614
2025-07-03,1.3506718239855666,-0.0019036994697333443
2025-07-04,1.3539826083019078,0.0
2025-07-07,1.35421220977432,0.0
2025-07-08,1.3478806953243756,-0.00467542265846177
2025-07-09,1.3496233533826045,-0.003388579986647988
2025-07-10,1.3375265137153771,-0.012321330393058272
2025-07-11,1.3387038846111339,-0.011451916510020754
2025-07-14,1.3357502384445823,-0.013632997248499534
2025-07-15,1.3266717971881985,-0.020336851482613105
2025-07-16,1.316584068789871,-0.027786000386689547
2025-07-17,1.3107928205025843,-0.03206247068099588
2025-07-18,1.311248843437528,-0.03172572660820416
2025-07-21,1.3128707919285683,-0.03052802031126378
2025-07-22,1.3150814052808084,-0.02889562227476361
2025-07-23,1.315641443968108,-0.028482069152692135
2025-07-24,1.3285952382498571,-0.018916512005701103
2025-07-25,1.3424881878356092,-0.008657448111965227
2025-07-28,1.3511525256446124,-0.0022593830624356714
2025-07-29,1.347157629143846,-0.005209361265210877
2025-07-30,1.3463430831803456,-0.005810851901332348
2025-07-31,1.338913447633032,-0.011297167482958725
2025-08-01,1.3322556590682468,-0.016213522923214763
2025-08-04,1.3274920492862106,-0.01973114722733338
2025-08-05,1.307995889489061,-0.03412782719848684
2025-08-06,1.3094195529659105,-0.033076541833775286
2025-08-07,1.3133739290352326,-0.03015648540481941
2025-08-08,1.307746384388521,-0.03431207092243138
2025-08-11,1.3061948298116486,-0.03545779576944863
2025-08-12,1.300727461922578,-0.03949510089017394
2025-08-13,1.2826448066976401,-0.052847997204667596
2025-08-14,1.2841365139915755,-0.051746465787974816
2025-08-15,1.2910165405575615,-0.046666001650723654
2025-08-18,1.293877617908653,-0.04455327712317836
2025-08-19,1.2855295170171426,-0.05071782122583546
2025-08-20,1.2896008545826545,-0.047711396135198814
2025-08-21,1.300855507432591,-0.039400547385864404
2025-08-22,1.3109327738768561,-0.031959123972657544
2025-08-25,1.302792247287614,-0.03797038759182014
2025-08-26,1.3043977851515989,-0.03678479950422453
2025-08-27,1.3128572466835902,-0.0305380226173132
2025-08-28,1.314724351691126,-0.029159283750494924
2025-08-29,1.3287266290412543,-0.01881948822283397
2025-09-01,1.3472251014427223,-0.0051595372432524655
2025-09-02,1.3429124433475652,-0.008344162270282562
2025-09-03,1.3390351476353453,-0.011207299734436793
2025-09-04,1.344397225037708,-0.007247744973623904
2025-09-05,1.3483992546772698,-0.004292499399351168
2025-09-08,1.3487395560104527,-0.004041208404685248
2025-09-09,1.3312349156213665,-0.016967277349229315
2025-09-10,1.33504007875115,-0.014157405231463027
2025-09-11,1.3359970380462713,-0.013450751364207814
2025-09-12,1.340629671183707,-0.010029845021761186
2025-09-15,1.3443953649252733,-0.0072491185489184096
2025-09-16,1.3442686419555254,-0.00734269544095445
2025-09-17,1.3464571069570028,-0.0057266525595790485
2025-09-18,1.3572087729190336,0.0
2025-09-19,1.3573947115439877,0.0
2025-09-22,1.3607425561701683,0.0
2025-09-23,1.3583839973558538,-0.0017332880518947658
2025-09-24,1.3587631097670432,-0.001454681044661621
2025-09-25,1.3585790098601835,-0.0015899747532509556
2025-09-26,1.3557657403861496,-0.0036574264260728073
2025-09-29,1.3601067576233135,-0.0004672438177022453
2025-09-30,1.3608413565064508,0.0
2025-10-09,1.3523405505176238,-0.006246728134901902
2025-10-10,1.3499427816019232,-0.008008703477756174
2025-10-13,1.3534411027270714,-0.005437998885026052
2025-10-14,1.3629059885084875,0.0
2025-10-15,1.3640815900710426,0.0
2025-10-16,1.3664312173022497,0.0
2025-10-17,1.3623519537915358,-0.002985341273721409
2025-10-20,1.369505021680259,0.0
2025-10-21,1.3723604110046768,0.0
2025-10-22,1.3848970556503,0.0
2025-10-23,1.4031451236911103,0.0
2025-10-24,1.4027403501807043,-0.0002884758700805179
2025-10-27,1.4045086315543853,0.0
2025-10-28,1.411046302472613,0.0
2025-10-29,1.4127195019134062,0.0
2025-10-30,1.40715774946461,-0.003936912063055242
2025-10-31,1.397764114707731,-0.010586239650135276
2025-11-03,1.394721047585998,-0.01274028871480215
2025-11-04,1.3897999353723862,-0.016223720639502393
2025-11-05,1.3794780413540315,-0.0235301208161649
2025-11-06,1.377428768778151,-0.024980707838645255
2025-11-07,1.379679253495195,-0.023387691876172956
2025-11-10,1.3792476695091507,-0.023693190586610346
2025-11-11,1.3867974176231204,-0.01834906664428193
2025-11-12,1.3963925391756495,-0.01155711570176754
2025-11-13,1.3935119854166347,-0.01359612893483575
2025-11-14,1.3737752759960788,-0.02756684951583155
2025-11-17,1.3842183823695824,-0.0201746486158233
2025-11-18,1.3874729593828712,-0.017870881301164765
2025-11-19,1.3884366216142503,-0.017188748556430933
2025-11-20,1.3888515246427717,-0.01689505753853282
2025-11-21,1.4030504198166205,-0.00684430425409277
2025-11-24,1.4293780461066055,0.0
2025-11-25,1.430228090304544,0.0
2025-11-26,1.433662515678209,0.0
2025-11-27,1.4516316327945844,0.0
2025-11-28,1.4601467980214033,0.0
2025-12-01,1.4499095742001105,-0.007011092196459345
2025-12-02,1.459387852573704,-0.0005197733876673993
2025-12-03,1.4563750023740776,-0.0025831619481252455
2025-12-04,1.4397388563976232,-0.01397663690488804
2025-12-05,1.431295954186432,-0.0197588652552374
2025-12-08,1.4329373988635206,-0.018634701110020857
2025-12-09,1.4407864352921238,-0.013259189251049408
2025-12-10,1.4368710427072329,-0.015940695377828273
2025-12-11,1.4386187384297509,-0.01474376386047238
2025-12-12,1.4515700884803826,-0.005873867992343462
2025-12-15,1.450606477231665,-0.006533809342092356
2025-12-16,1.4693968854415045,0.0
2025-12-17,1.467610976935282,-0.001215402403473731
2025-12-18,1.4670830791322633,-0.0015746639537390639
2025-12-19,1.4702615805236139,0.0
2025-12-22,1.4684135479299614,-0.0012569413620904246
2025-12-23,1.4651185276009528,-0.0034980529932839843
2025-12-24,1.4597974309761135,-0.007117202602664574
2025-12-25,1.4623659032068956,-0.005370253444224704
2025-12-26,1.4589764547492021,-0.0076755904690053445
2025-12-29,1.4673348370026447,-0.001990627762936459
2025-12-30,1.4787813468732467,0.0
2025-12-31,1.4730519130236066,-0.00387442934802662
2026-01-05,1.4811096189820885,0.0
2026-01-06,1.4942000936030462,0.0
2026-01-07,1.4963008170613337,0.0
2026-01-08,1.4896836926654349,-0.004422322249943322
2026-01-09,1.4842843313901226,-0.008030795368280885
2026-01-12,1.4774958864137029,-0.012567613699872693
2026-01-13,1.4696471994422764,-0.017813007461563668
2026-01-14,1.4673618986132622,-0.019340307856615446
2026-01-15,1.4672036012298058,-0.01944610034275962
2026-01-16,1.4625252451934625,-0.022572714980003017
2026-01-19,1.4721954385493794,-0.016109981520491368
2026-01-20,1.4727021239587872,-0.01577135615610581
2026-01-21,1.4716439019237297,-0.01647858161705007
2026-01-22,1.4821076534730369,-0.009485501462313972
2026-01-23,1.474253027528763,-0.014734864327529684
2026-01-26,1.48554564729737,-0.007187839264223839
2026-01-27,1.4920242557597048,-0.0028580892644487488
2026-01-28,1.4926045995606283,-0.0024702369059481644
2026-01-29,1.5010667875398205,0.0
2026-01-30,1.4967298119982073,-0.002889262208459975
2026-02-02,1.504241893377684,0.0
2026-02-03,1.4948957914356196,-0.006213164241210101
2026-02-04,1.4892270058991395,-0.009981697454808591
2026-02-05,1.4939020902284494,-0.006873763584669956
2026-02-06,1.494069625564261,-0.006762388322121393
2026-02-09,1.4919737137923768,-0.008155722586451697
2026-02-10,1.493121917078111,-0.0073924123164818
2026-02-11,1.499141814311507,-0.00339046471756288
2026-02-12,1.50687470602636,0.0
2026-02-13,1.509723125344893,0.0
2026-02-24,1.5014567164129393,-0.005475446983078669
2026-02-25,1.5142669164291318,0.0
2026-02-26,1.5151046878916063,0.0
2026-02-27,1.5098984129022965,-0.003436247693586636
2026-03-02,1.4609517342002059,-0.03574205407994535
2026-03-03,1.4567576831853957,-0.038510213302425544
2026-03-04,1.4523790388358189,-0.041400207891294616
2026-03-05,1.4601151539685986,-0.036294214097858934
2026-03-06,1.4779124015371705,-0.02454766766393679
2026-03-09,1.4818524620884284,-0.02194714732844716
2026-03-10,1.4831080499848819,-0.02111843370457156
2026-03-11,1.4462826471879286,-0.0454239507366645
2026-03-12,1.4365880609446586,-0.05182257541306279
2026-03-13,1.4321182493996798,-0.05477274221057893
2026-03-16,1.4534054327132255,-0.04072276699522359
2026-03-17,1.454760626794414,-0.03982831125759778
2026-03-18,1.4808348855443272,-0.022618768604675377
2026-03-19,1.4849366312417758,-0.01991153277455171
2026-03-20,1.4781318936953214,-0.024402798362227807
2026-03-23,1.501649235376919,-0.00888087313188346
2026-03-24,1.4981602271701289,-0.011183689719195034
2026-03-25,1.510850455618582,-0.0028078800805141357
2026-03-26,1.4965752111108825,-0.012229832650382133
2026-03-27,1.4928910921958314,-0.014661426285128232
2026-03-30,1.479579354046195,-0.02344744500450846
2026-03-31,1.4910415483977013,-0.015882162919970133
2026-04-01,1.502106611996325,-0.008578995233239906
2026-04-02,1.5038958650731016,-0.007398051704336495
2026-04-03,1.5204642814310794,0.0
2026-04-07,1.4668729623306176,-0.03524668073755799
2026-04-08,1.412993917692167,-0.07068259679060651
2026-04-09,1.4097896404716268,-0.0727900301974107
2026-04-10,1.408640074723392,-0.07354609251487121
2026-04-13,1.4006114454173244,-0.07882647259621778
2026-04-14,1.3947850141970661,-0.08265848055024505
2026-04-15,1.4048786831974474,-0.07601993657150663
2026-04-16,1.4235248097073177,-0.0637564939260008
2026-04-17,1.4171040036498428,-0.06797941855230738
2026-04-20,1.4154660616995043,-0.06905668289211597
2026-04-21,1.409282729086477,-0.07312342269557104
2026-04-22,1.404565617110618,-0.07622583821000795
2026-04-23,1.400451799914013,-0.07893147046118654
2026-04-24,1.402918031574016,-0.07730944507714932
2026-04-27,1.4011989651924714,-0.07844006445607121
2026-04-28,1.397999672136402,-0.08054421980857851
2026-04-29,1.398536012403612,-0.08019147211581124
2026-04-30,1.4062425197998245,-0.0751229496320347
2026-05-06,1.413655686910767,-0.07024735524847892
2026-05-07,1.415792819142632,-0.06884177653284251
2026-05-08,1.4191638678556322,-0.06662465854186461
2026-05-11,1.4230119656147167,-0.0640937883293381
2026-05-12,1.4228704893671176,-0.06418683638664979
2026-05-13,1.4295995405628787,-0.05976118083002757
2026-05-14,1.4289842613694999,-0.060165846168696246
2026-05-15,1.4369389548664626,-0.054934093213950264
2026-05-18,1.432657058142096,-0.05775027033607005
2026-05-19,1.4197861199781259,-0.06621540715063301
2026-05-20,1.421883956451703,-0.06483567301337156
2026-05-21,1.423110755693592,-0.06402881470247823
2026-05-22,1.4262852895220832,-0.06194094334156519
2026-05-25,1.430469767719448,-0.05918883778507933
2026-05-26,1.4253216704544112,-0.0625747096716529
2026-05-27,1.4239652224955228,-0.06346683714577661
2026-05-28,1.417948360515716,-0.06742409023832785
2026-05-29,1.421690573365751,-0.06496285987880057
2026-06-01,1.424157778530349,-0.06334019422678283
2026-06-02,1.4307147554366222,-0.059027710871302985
2026-06-03,1.4222821254369307,-0.06457379972237065
2026-06-04,1.4270651081249557,-0.06142806144595203
2026-06-05,1.4377365958302888,-0.05440948966122783
2026-06-08,1.4351167628498507,-0.05613253768835569
2026-06-09,1.4409701681288,-0.052282789061942614
2026-06-10,1.451944096979444,-0.045065303597361384
2026-06-11,1.4517224382363167,-0.04521108718848821
2026-06-12,1.4504904986921583,-0.04602132624454747
2026-06-15,1.4647441150623906,-0.036646810483600634
2026-06-16,1.4707359467589702,-0.032706019654275775
2026-06-17,1.4739776984111896,-0.030573939544397577
2026-06-18,1.478943585831868,-0.02730790595102406
2026-06-22,1.469578143992601,-0.03346749940786753
2026-06-23,1.4654809508273994,-0.03616219813590693
2026-06-24,1.4743736495447266,-0.030313524920803636
2026-06-25,1.488655986509703,-0.020920119801458248
2026-06-26,1.5018136029927267,-0.012266436420853233
2026-06-29,1.492988075688632,-0.01807093141088878
2026-06-30,1.4867861534609141,-0.02214989748951346
2026-07-01,1.468004811645864,-0.03450227040903586
2026-07-02,1.4930555863324146,-0.0180265300759761
2026-07-03,1.4845640549089312,-0.023611358030955154
2026-07-06,1.475924654048862,-0.029293438804294802
2026-07-07,1.479388752890369,-0.02701512231648706
2026-07-08,1.4917851273250404,-0.018862103145919185
2026-07-09,1.489990577745983,-0.020042367359274116
2026-07-10,1.499683099493049,-0.013667655460127492
2026-07-13,1.5025340861959033,-0.011792579052432584
2026-07-14,1.5081999020450578,-0.008066206839451806
2026-07-15,1.511403959968261,-0.005958917663156593
2026-07-16,1.50987217495911,-0.0069663632361031125
2026-07-17,1.5058556600883082,-0.009608000346460921
2026-07-20,1.4844646330867213,-0.023676747151517907
2026-07-21,1.474740083249559,-0.030072523728399747
2026-07-22,1.4689607564252947,-0.03387355141109194
2026-07-23,1.4678498773693383,-0.034604169729143375
2026-07-24,1.4565190637165502,-0.042056376131600515
2026-07-27,1.4645743450025714,-0.036758467207071543
2026-07-28,1.4804906477778093,-0.0262904128307746
2026-07-29,1.4773223468684378,-0.02837418483914389
2026-07-30,1.4869754328793139,-0.022025409580977096
2026-07-31,1.4922929886100775,-0.01852808590444932
2026-08-03,1.4800638041609793,-0.02657114525049853
2026-08-04,1.459498625423556,-0.0400967367350068
2026-08-05,1.4676447474489644,-0.034739082415274236
2026-08-06,1.4673794446670434,-0.03491357042210286
