date,pairs,bollinger,reversal
2018-01-02,1.0,1.0,1.0
2018-01-03,1.0,1.0,1.0
2018-01-04,1.0,1.0,1.0
2018-01-05,1.0,1.0,1.0
2018-01-08,1.0,1.0,1.0
2018-01-09,1.0,1.0,1.0
2018-01-10,1.0,1.0,1.0
2018-01-11,1.0,1.0,1.0
2018-01-12,1.0,1.0,1.0
2018-01-15,1.0,1.0,1.0
2018-01-16,1.0,1.0,1.0
2018-01-17,1.0,1.0,1.0
2018-01-18,1.0,1.0,1.0
2018-01-19,1.0,1.0,1.0
2018-01-22,1.0,1.0,1.0
2018-01-23,1.0,1.0,1.0
2018-01-24,1.0,1.0,1.0
2018-01-25,1.0,1.0,1.0
2018-01-26,1.0,1.0,1.0
2018-01-29,1.0,1.0,1.0
2018-01-30,1.0,1.0,1.0
2018-01-31,1.0,1.0,1.0
2018-02-01,1.0,1.0,1.0
2018-02-02,1.0,1.0,1.0
2018-02-05,1.0,1.0,1.0
2018-02-06,1.0,1.0,1.0
2018-02-07,1.0,1.0,1.0
2018-02-08,1.0,1.0,1.0
2018-02-09,1.0,1.0,1.0
2018-02-12,1.0,1.0,1.0
2018-02-13,1.0,1.0,1.0
2018-02-14,1.0,1.0,1.0
2018-02-22,1.0,1.0,0.9999
2018-02-23,1.0,0.9999,1.0003758564312268
2018-02-26,1.0,0.9936375782881003,0.9882572064733249
2018-02-27,1.0,0.9967298114155528,0.9927078449054547
2018-02-28,1.0,0.9915439122926832,0.9953321602113913
2018-03-01,1.0,0.9912017646348873,0.9958377848800528
2018-03-02,1.0,0.9816282394849125,0.9907125405269898
2018-03-05,0.9997333333333334,0.9816282394849125,0.9853807338860602
2018-03-06,1.0001355920472668,0.9853173104225053,0.9913603350749067
2018-03-07,1.0007615433638335,0.9963694889945983,1.0125658834791385
2018-03-08,0.9922011823938257,0.9963694889945983,0.9841571918712094
2018-03-09,1.0001592177750571,0.9963694889945983,0.941340033470654
2018-03-12,1.0093345715996398,0.9963694889945983,0.928510028834336
2018-03-13,1.0101093946577402,0.9963694889945983,0.9336629544909641
2018-03-14,1.0140489739755412,0.9963694889945983,0.9474052237310816
2018-03-15,1.0189218632496366,0.9963694889945983,0.9229184596943842
2018-03-16,1.0075579577058336,0.9963694889945983,0.9260576381287188
2018-03-19,1.0143433652955742,0.9963694889945983,0.9234416561001065
2018-03-20,1.0123552440321963,0.9963694889945983,0.9207333299058843
2018-03-21,1.0164206148278707,0.9963694889945983,0.9207333299058843
2018-03-22,1.01738794496887,0.9963694889945983,0.9207333299058843
2018-03-23,1.004735554317697,0.9960705781479,0.9204571099069125
2018-03-26,1.0118820658801189,0.9974817591091241,0.9079881303293911
2018-03-27,1.0096826250285034,1.0450182316725392,0.9431401772585857
2018-03-28,1.0090199008950185,0.9755013405917682,0.9060754456144255
2018-03-29,1.0100554705952642,1.0273400858151258,0.9568297325026504
2018-03-30,0.9864110158861973,1.05760791469876,0.9882684247100881
2018-04-02,0.9879248141469188,1.0201152816843073,0.9751998539961522
2018-04-03,0.988734726297976,1.0251182319760666,0.9821099361522796
2018-04-04,1.0033279962061314,1.005426999451,0.9556975186672934
2018-04-09,0.9825331823205193,1.024726857856268,0.949108480526106
2018-04-10,0.9981644249767533,1.0503989812276033,0.9658735646263938
2018-04-11,0.9994974859477556,1.0592258634227933,0.9629014106067935
2018-04-12,1.0117728805109947,1.0716870273516368,0.9629014106067935
2018-04-13,1.0114709971899596,1.0716870273516368,0.9629014106067935
2018-04-16,1.0136823097641745,1.0716870273516368,0.9629014106067935
2018-04-17,1.0008900874570081,1.0716870273516368,0.9629014106067935
2018-04-18,1.0070363586495041,1.0716870273516368,0.9629014106067935
2018-04-19,1.010796332352115,1.0716870273516368,0.9627569753952024
2018-04-20,1.0074133040010198,1.0716870273516368,0.9893977347737598
2018-04-23,1.0136402957292245,1.0716870273516368,0.9640375578063458
2018-04-24,1.01178044234887,1.0716870273516368,0.976469296729609
2018-04-25,1.0101310502820344,1.0716870273516368,0.9792512605379553
2018-04-26,1.01190884189667,1.0716870273516368,0.9833501265284927
2018-04-27,1.014271737929531,1.0716870273516368,0.9833501265284927
2018-05-02,1.0042162147724583,1.0716870273516368,0.9833501265284927
2018-05-03,1.011222406866009,1.0716870273516368,0.9833501265284927
2018-05-04,1.0143034926771741,1.0716870273516368,0.9833501265284927
2018-05-07,1.0261665357818386,1.0716870273516368,0.9832517915158399
2018-05-08,1.0459127999081848,1.0716870273516368,0.983868168711041
2018-05-09,1.0459127999081848,1.0716870273516368,0.990535211527069
2018-05-10,1.0459127999081848,1.0716870273516368,0.9925849115735565
2018-05-11,1.0459127999081848,1.0716870273516368,0.979520391068094
2018-05-14,1.0459127999081848,1.0716870273516368,0.9654999300378415
2018-05-15,1.0459127999081848,1.0716870273516368,0.9648626363546483
2018-05-16,1.045773344868197,1.0715798586489016,0.9466997663836394
2018-05-17,1.0470976248991672,1.0660491238945846,0.9481983306149843
2018-05-18,1.038779013908878,1.0678268600656151,0.9450003141587252
2018-05-21,1.0369999187424628,1.0646664402060053,0.9405131756443139
2018-05-22,1.038460807307206,1.0676293338243894,0.9494353985973916
2018-05-23,1.049870549125679,1.0686169650305173,0.9786264218788949
2018-05-24,1.0563129007449195,1.0754235217769104,0.9789411336135531
2018-05-25,1.0525503738001551,1.0754235217769104,0.9789411336135531
2018-05-28,1.0626681061800436,1.0754235217769104,0.9788432395001917
2018-05-29,1.0714703281761742,1.0754235217769104,0.9809582853936667
2018-05-30,1.0537279516569027,1.0754235217769104,0.9811697899830141
2018-05-31,1.0525027127303683,1.0754235217769104,0.9992610676879001
2018-06-01,1.0513300364897387,1.0754235217769104,0.9992610676879001
2018-06-04,1.0521452049718725,1.0754235217769104,0.9992610676879001
2018-06-05,1.0553579581960113,1.0754235217769104,0.9992610676879001
2018-06-06,1.055581466735609,1.0754235217769104,0.9991611415811313
2018-06-07,1.0436784418708374,1.0754235217769104,0.978923677501409
2018-06-08,1.0282324170191002,1.0754235217769104,0.978923677501409
2018-06-11,1.0317294771721426,1.0754235217769104,0.978923677501409
2018-06-12,1.0313707532638778,1.0754235217769104,0.978923677501409
2018-06-13,1.0408647761210335,1.0753159794247327,0.978923677501409
2018-06-14,1.0417548754090238,1.0728348627209376,0.978923677501409
2018-06-15,1.0355476529606988,1.0708499693579017,0.978923677501409
2018-06-19,1.0664660009673363,1.0110930748305407,0.9786460198386916
2018-06-20,1.060870792180724,1.025591020214167,0.9969342470710216
2018-06-21,1.0687692798083428,1.0190657368382208,0.983849713387496
2018-06-22,1.0718159777077951,1.0354074517510217,0.9938015751428528
2018-06-25,1.0848607034216453,1.034999266029901,0.9938015751428528
2018-06-26,1.0974270155900112,1.0312759154929105,0.9938015751428528
2018-06-27,1.1015349975563467,1.017170423343688,0.9935131622548411
2018-06-28,1.1098449506953931,1.0212133874170852,0.9867281446226214
2018-06-29,1.1096341349008783,1.0489309967684675,0.9904442406926994
2018-07-02,1.0855890580471177,1.0113442021643748,0.9589341753254358
2018-07-03,1.0920753903013862,1.015024450111164,0.955214269203655
2018-07-04,1.0986312472470492,1.0046061870284324,0.9601561586447475
2018-07-05,1.0916894664783592,0.9809582412633828,0.9470128865095587
2018-07-06,1.1051789495381426,0.982966409977485,0.9359810044301372
2018-07-09,1.1160467132792993,1.0261162685961158,0.9580728626519478
2018-07-10,1.1100162264674138,1.0263817156880488,0.9494169264714684
2018-07-11,1.1090299034050932,0.9914402061912793,0.9724043089709912
2018-07-12,1.1023394013555932,1.0101086482466433,0.9452681783772351
2018-07-13,1.1039163993430752,1.0021454737776645,0.9448873728265537
2018-07-16,1.108497960555731,0.9940111761008976,0.9496707870133303
2018-07-17,1.106911090178504,0.996380957682731,0.954243181420384
2018-07-18,1.1089953089195903,0.9851535549635033,0.954243181420384
2018-07-19,1.10364606730267,0.9940521568960711,0.954243181420384
2018-07-20,1.103417815863107,0.9940206588691869,0.954243181420384
2018-07-23,1.1033162161025478,1.0149233821033121,0.954243181420384
2018-07-24,1.1055210898894987,1.0149233821033121,0.954147757102242
2018-07-25,1.102806271358758,1.0149233821033121,0.9557494823953464
2018-07-26,1.1126883842992605,1.0148218897651018,0.9672251135564839
2018-07-27,1.1169082159707617,1.01023631987739,0.963936397241529
2018-07-30,1.1054392112102263,1.004293753289876,0.9699538575335176
2018-07-31,1.10108008239294,1.0032573304278638,0.9654157757530447
2018-08-01,1.0924801091450955,1.0042916163355213,0.9594888447558352
2018-08-02,1.088407715467357,1.0025642485743664,0.9228774051501641
2018-08-03,1.0903094985276645,1.0066956946536565,0.8944210254685184
2018-08-06,1.1013571128597341,0.999058692832146,0.8578887929167012
2018-08-07,1.1363722594624688,0.9932462363714524,0.9057702944080014
2018-08-08,1.131157467782786,0.9914571427169009,0.9415770006004386
2018-08-09,1.133837232573809,0.9807337793488525,0.9285901222928842
2018-08-10,1.130875725952447,0.9993107174651595,0.9588977601059782
2018-08-13,1.125182195119388,1.0006948472415063,0.9571254039670258
2018-08-14,1.1214563919459548,1.011122929817971,0.9696209739842161
2018-08-15,1.1205829974370576,1.0103038751968143,0.9696209739842161
2018-08-16,1.1157542644424165,1.0483282622438819,0.969368789926673
2018-08-17,1.1319419184087671,1.0627712984900073,0.9882938293483396
2018-08-20,1.1208248074307972,1.0627712984900073,1.0057884228267027
2018-08-21,1.1130492934809908,1.0627712984900073,1.0171236102818526
2018-08-22,1.1093491977249679,1.0627712984900073,1.00557454367448
2018-08-23,1.101884907817333,1.0627712984900073,1.012987439670852
2018-08-24,1.1108590981827435,1.0627712984900073,1.025768122320905
2018-08-27,1.0942127574054443,1.0627712984900073,0.9948972354252125
2018-08-28,1.080057542163396,1.0627712984900073,1.0041400021483045
2018-08-29,1.092903970604625,1.0627712984900073,0.9925025597282597
2018-08-30,1.1107533560324105,1.0627712984900073,0.9898931927731867
2018-08-31,1.1034335937618602,1.0627712984900073,0.9762579773518708
2018-09-03,1.0940457532716779,1.0627712984900073,0.9816623022257255
2018-09-04,1.1006874473883361,1.0627712984900073,0.988370471830776
2018-09-05,1.1067518991208865,1.0627712984900073,0.9806112531709578
2018-09-06,1.105264777601402,1.0627712984900073,0.9936902306296628
2018-09-07,1.1256624527386323,1.0627712984900073,0.9936902306296628
2018-09-10,1.1429711257707915,1.0627712984900073,0.9935908616065998
2018-09-11,1.1550252323007486,1.0627712984900073,1.0427933697466516
2018-09-12,1.1521807291054509,1.0627712984900073,1.0456834496325706
2018-09-13,1.1324170085063738,1.0627712984900073,1.0541445526004016
2018-09-14,1.1467373762218653,1.0627712984900073,1.0563299055801454
2018-09-17,1.1539499073695882,1.0627712984900073,1.0601980510368505
2018-09-18,1.1645873560398703,1.0627712984900073,1.0558885551654453
2018-09-19,1.1599435946745291,1.0627712984900073,1.085956849575692
2018-09-20,1.1605402228068595,1.0627712984900073,1.085956849575692
2018-09-21,1.1739646596329334,1.0627712984900073,1.085956849575692
2018-09-25,1.1651796088013582,1.0627712984900073,1.085956849575692
2018-09-26,1.15955127624203,1.0627712984900073,1.085956849575692
2018-09-27,1.1477863416385523,1.0627712984900073,1.0858482538907344
2018-09-28,1.1361130789584015,1.0626650213601583,1.0718014804499096
2018-10-08,1.1232068099727461,1.0776021441751253,1.0456988010923531
2018-10-09,1.1172947351356588,1.0774943839607078,1.0340730498722877
2018-10-10,1.103998519427351,1.0694533810953295,1.0195140059984473
2018-10-11,1.1043548590911008,1.0858629832391204,1.0592705497497392
2018-10-12,1.1180283467287404,1.0893638848508533,1.0440276836798523
2018-10-15,1.1256845265551358,1.0914192884071758,1.0420263310507578
2018-10-16,1.1234694776458707,1.1086997597691868,1.0419221284176527
2018-10-17,1.1101988489300194,1.1086997597691868,1.0447611532907255
2018-10-18,1.102780287314151,1.1086997597691868,1.043705164285332
2018-10-19,1.1066601774812699,1.1086997597691868,1.043705164285332
2018-10-22,1.1211963743252589,1.1086997597691868,1.0436007937689036
2018-10-23,1.1203257063947636,1.1086997597691868,1.0779389539336632
2018-10-24,1.0949657745475254,1.1086997597691868,1.0759052347576359
2018-10-25,1.1069661287929422,1.1086997597691868,1.0699220711110722
2018-10-26,1.1038858187107106,1.1086997597691868,1.0699220711110722
2018-10-29,1.1351535732341869,1.1086997597691868,1.069815078903961
2018-10-30,1.1434045943936029,1.1086997597691868,1.0517062299120972
2018-10-31,1.1437422363464729,1.1086997597691868,1.0510097357201025
2018-11-01,1.1447497219885752,1.1086997597691868,1.017821160626779
2018-11-02,1.1782218619694713,1.1086997597691868,1.0472789112236467
2018-11-05,1.175710825832048,1.1086997597691868,1.0800899229181686
2018-11-06,1.1709270051382916,1.1086997597691868,1.056452783204728
2018-11-07,1.159515261329096,1.1086997597691868,1.046476603700926
2018-11-08,1.1539034276318176,1.1086997597691868,1.0637627911581158
2018-11-09,1.134894467447445,1.1086997597691868,1.0419767596823268
2018-11-12,1.1374734108472544,1.1086997597691868,1.0347463548691442
2018-11-13,1.1512930924091958,1.1086997597691868,1.033636111999113
2018-11-14,1.148097462646933,1.10858888979321,1.0046664337671003
2018-11-15,1.1561455513506007,1.1208631502740607,1.024548780916804
2018-11-16,1.1612050130877232,1.1151590121047272,1.0351351173450332
2018-11-19,1.1330021205270486,1.1112065497833434,1.0439017900323342
2018-11-20,1.144596588819667,1.1212982338883384,1.0439017900323342
2018-11-21,1.1308658846603723,1.120156382326334,1.043797399853331
2018-11-22,1.1488855259637463,1.129730357786549,1.0412466199574395
2018-11-23,1.1445564706036528,1.1296173847507702,1.0008771245723098
2018-11-26,1.1289282758852408,1.1020023494606306,0.945390644753713
2018-11-27,1.1471803571629426,1.1009175009213268,0.9383231836018632
2018-11-28,1.0983431776866712,1.060795145734837,0.9539345636857107
2018-11-29,1.1011255052539726,1.0702634644896996,0.9404670132578609
2018-11-30,1.1052418284064849,1.0587381085858592,0.9238248445120765
2018-12-03,1.1040140754623367,1.0775212115678974,0.9437744852519271
2018-12-04,1.1171735960116276,1.0618979527012158,0.943367520596515
2018-12-05,1.1215438045923625,1.0996818701732274,0.9580209943906941
2018-12-06,1.114007541182393,1.1012074666148375,0.9806535087311151
2018-12-07,1.1156228946569144,1.0834320069200432,0.9559773791101936
2018-12-10,1.1010828598019486,1.0737714280688397,0.9875718748534804
2018-12-11,1.0992662322957234,1.078427455206879,1.0203620209753175
2018-12-12,1.1036308590058628,1.0846816405445394,1.0138821149082846
2018-12-13,1.1093044718286653,1.0874034003824014,1.0137807266967938
2018-12-14,1.1048994975320536,1.0701451287380266,1.0213767782512941
2018-12-17,1.0983203754585045,1.0598368034175774,1.022859613295213
2018-12-18,1.1003872777886308,1.0599665082157699,1.0245419035710952
2018-12-19,1.0949454318129,1.074170299946646,1.0245419035710952
2018-12-20,1.0992917448261306,1.0726552658280477,1.0245419035710952
2018-12-21,1.1017604433220145,1.0712426271723854,1.0245419035710952
2018-12-24,1.0981978063824982,1.0538685070640426,1.0245419035710952
2018-12-25,1.0945426629877397,1.0551108504081497,1.0244399488034566
2018-12-26,1.0947708098874036,1.0569732483835415,1.0293118333793123
2018-12-27,1.1013415208315116,1.058642188331609,1.102761381850193
2018-12-28,1.0966037569200067,1.0599578165689723,1.1026511057120079
2019-01-02,1.1031179812574283,1.0538595727088718,1.126501644004908
2019-01-03,1.105283175817081,1.0456815516958207,1.0823494310525024
2019-01-04,1.1130803094672217,1.041924082581716,1.0444411595516243
2019-01-07,1.1171851938706852,1.0483338828351885,1.042550566109939
2019-01-08,1.1148773330476802,1.0463446344806624,1.0271561545426464
2019-01-09,1.1189014091355671,1.0538595727088715,1.0062163403812292
2019-01-10,1.1229886962198026,1.0501021035947669,1.0085747358894308
2019-01-11,1.114608970564354,1.0459025792907677,1.0024557748310727
2019-01-14,1.101251810313449,1.0363983927080325,1.001142366490545
2019-01-15,1.1045238047002646,1.038829696252453,0.9838978739148636
2019-01-16,1.08869323099979,1.0471248618908264,0.988474149936532
2019-01-17,1.098643522643763,1.0471248618908264,0.9947509880455399
2019-01-18,1.106480446867599,1.0470201494046374,0.9675918946032743
2019-01-21,1.1031122000818643,1.0371051858686087,0.9374710942898863
2019-01-22,1.1035588900345055,1.0507257042571272,0.9382526703310548
2019-01-23,1.1073252174576471,1.0487281268726079,0.944191784386165
2019-01-24,1.1070131268661865,1.03181315708434,0.9412381829976164
2019-01-25,1.0992768699322386,1.0347033900173495,0.9409073435659828
2019-01-28,1.0783692913059462,1.002732217853892,0.9247076036381074
2019-01-29,1.0608954585167307,0.9845172820164008,0.9247076036381074
2019-01-30,1.0453854758428747,0.9379700777819056,0.9290869485775479
2019-01-31,1.0542688210023758,0.9355732206836553,0.9312398326028738
2019-02-01,1.0371518673342834,0.8831111709256934,0.8790207765690677
2019-02-11,1.042607312701814,0.8397726500677147,0.8357950889960664
2019-02-12,1.0554594167995734,0.8629565575849216,0.8500145635049983
2019-02-13,1.0655994706068073,0.8765678597550307,0.8460113153638145
2019-02-14,1.0671190579434873,0.8702464569202588,0.8446816278200748
2019-02-15,1.0395725426772555,0.8764773384733872,0.8622103912154939
2019-02-18,1.024230467058582,0.8708588939959937,0.8377438250450626
2019-02-19,1.023584477376668,0.8666987400437836,0.8377379718627886
2019-02-20,1.0261995104091466,0.882407689045379,0.8304356180134285
2019-02-21,1.0389684002719903,0.882407689045379,0.830879273658926
2019-02-22,1.047301402186534,0.882407689045379,0.8266972761067872
2019-02-25,1.0453550841144374,0.8823194482764745,0.8166370061775492
2019-02-26,1.0658612839478023,0.9051656757672393,0.829453493020394
2019-02-27,1.0554854680252872,0.9092247146720254,0.8317199348415149
2019-02-28,1.048885648107123,0.9111491564321582,0.8291346184485034
2019-03-01,1.0511101598366135,0.8931610592012411,0.8266994552446852
2019-03-04,1.0448987571697732,0.8843961720069462,0.817711936914126
2019-03-05,1.0431087853470975,0.875988476276448,0.8103024076636973
2019-03-06,1.05247943288243,0.870534744526061,0.8169964544881422
2019-03-07,1.0641816756141693,0.8790893676589797,0.8074110423627783
2019-03-08,1.0642052844790497,0.9102985912192098,0.8162702883263244
2019-03-11,1.064784765812365,0.9102985912192098,0.8131445268283571
2019-03-12,1.0629429475506487,0.9102985912192098,0.8091563520373733
2019-03-13,1.079936806003446,0.9102985912192098,0.8157384264845319
2019-03-14,1.0715347109090203,0.9102985912192098,0.8117244047030333
2019-03-15,1.0664823003635764,0.9102985912192098,0.8076685208140715
2019-03-18,1.0709577574858522,0.9102985912192098,0.8085964457991638
2019-03-19,1.0672552834813578,0.9102985912192098,0.8029803044232459
2019-03-20,1.0959435977898504,0.9102985912192098,0.8232200264409526
2019-03-21,1.0942905566106103,0.9102985912192098,0.8231407040000318
2019-03-22,1.0857175659691918,0.9102985912192098,0.8231407040000318
2019-03-25,1.0802031769502904,0.9101165315009659,0.8231407040000318
2019-03-26,1.0801775303628327,0.9154016496870089,0.8230583899296318
2019-03-27,1.0839602407920939,0.9199208690669362,0.8257888345157552
2019-03-28,1.0889439554910394,0.9141448562408376,0.8251942972724055
2019-03-29,1.0576000403236063,0.9392167531967478,0.8251117778426782
2019-04-01,1.0660739746857366,0.9517314315081957,0.8252513534191515
2019-04-02,1.083536986432949,0.968877293728675,0.8398227718186607
2019-04-03,1.0756155764651687,0.9762255203945948,0.8199904499695286
2019-04-04,1.07249333107432,0.9781306161968704,0.8139224172449752
2019-04-08,1.0811659136252099,1.0150460930080316,0.8210215193225098
2019-04-09,1.1253848830758542,1.0150460930080316,0.8432973605362305
2019-04-10,1.1256885775662437,1.0150460930080316,0.8387558978902632
2019-04-11,1.1252448311184813,1.0150460930080316,0.8410763427770696
2019-04-12,1.135492065655495,1.0150460930080316,0.8504845012087207
2019-04-15,1.1319649582360582,1.0150460930080316,0.8426387032270904
2019-04-16,1.1388908604960677,1.0150460930080316,0.8533377500013557
2019-04-17,1.1452759853162855,1.0150460930080316,0.8533377500013557
2019-04-18,1.1389798895333345,1.0150460930080316,0.8532524162263556
2019-04-19,1.1398694107195646,1.0150460930080316,0.8535366442131065
2019-04-22,1.1396414368374208,1.0150460930080316,0.8534512905486852
2019-04-23,1.1394135085500534,1.014944588398731,0.8534512905486852
2019-04-24,1.1318036179751476,1.0175861695735318,0.8533659454196303
2019-04-25,1.1243232111102948,1.0004908625795803,0.8484095262022259
2019-04-26,1.1285416747163606,1.0151479483436194,0.8607590429012484
2019-04-29,1.1202479095196216,1.0441207474524863,0.8607590429012484
2019-04-30,1.1273996624240974,1.0441207474524863,0.8607590429012484
2019-05-06,1.1039170602382995,1.0441207474524863,0.8606374286291436
2019-05-07,1.1051881648689652,1.0441207474524863,0.8852656044319549
2019-05-08,1.102089913906591,1.0441207474524863,0.8738251318786185
2019-05-09,1.1066040599118347,1.0441207474524863,0.8642984222184338
2019-05-10,1.107906284613677,1.0441207474524863,0.8964566860278017
2019-05-13,1.104497501027381,1.0441207474524863,0.8836152576667828
2019-05-14,1.0924338127548487,1.0441207474524863,0.8761093808783463
2019-05-15,1.0878511428421356,1.0441207474524863,0.883434738052663
2019-05-16,1.0803705705027609,1.0441207474524863,0.887700323897872
2019-05-17,1.0586343793623534,1.0441207474524863,0.8798606546273525
2019-05-20,1.0397970075231324,1.0441207474524863,0.8802688616430069
2019-05-21,1.0434182635202298,1.0441207474524863,0.8642113722201061
2019-05-22,1.0222560673594563,1.0441207474524863,0.8766034853456446
2019-05-23,1.0134684170326231,1.0441207474524863,0.8803282478240836
2019-05-24,1.0153676479550806,1.0441207474524863,0.8552786392038331
2019-05-27,0.990207068658716,1.0441207474524863,0.8241983395275086
2019-05-28,0.9885429177228505,1.0441207474524863,0.8379841036512674
2019-05-29,0.9750988279852351,1.0441207474524863,0.8407183676110322
2019-05-30,0.9838229951202485,1.0441207474524863,0.8654193055152339
2019-05-31,0.9808415188638123,1.0441207474524863,0.8581023344080885
2019-06-03,0.9738822926988262,1.0441207474524863,0.833898133101474
2019-06-04,0.9699282587021252,1.0441207474524863,0.8441894323642862
2019-06-05,0.977816119352295,1.0441207474524863,0.8353267021916913
2019-06-06,0.9946353231328716,1.0441207474524863,0.8243622619456187
2019-06-10,0.9974071976025278,1.0441207474524863,0.8525975369310518
2019-06-11,0.9890288725110595,1.0441207474524863,0.8560861932238768
2019-06-12,0.9776184227987161,1.0441207474524863,0.8519770468898691
2019-06-13,0.9588941556903631,1.0441207474524863,0.8705733641517752
2019-06-14,0.960440075361152,1.0441207474524863,0.8633904464860537
2019-06-17,0.9568781255368367,1.0441207474524863,0.8762911749902983
2019-06-18,0.9610518383209667,1.0441207474524863,0.8685891586183695
2019-06-19,0.9721754170212249,1.0441207474524863,0.8709901889341544
2019-06-20,0.9687091691227604,1.0441207474524863,0.8613366159207348
2019-06-21,0.9774440111162879,1.0441207474524863,0.8825556739136351
2019-06-24,0.9744945372881471,1.0441207474524863,0.854689123884764
2019-06-25,0.989776814558546,1.0441207474524863,0.8485063180864763
2019-06-26,0.9887272320251592,1.0441207474524863,0.829514452572568
2019-06-27,0.9781657570297008,1.0441207474524863,0.8329792873091758
2019-06-28,0.9640703249138998,1.0441207474524863,0.8296398965872807
2019-07-01,0.9461881826776768,1.0441207474524863,0.7940898806435553
2019-07-02,0.9389440788339225,1.0441207474524863,0.800547087842728
2019-07-03,0.9407889619018918,1.0441207474524863,0.8285408686389821
2019-07-04,0.9771678401219405,1.0441207474524863,0.861160095121751
2019-07-05,1.0095801879551518,1.0441207474524863,0.8597192412908379
2019-07-08,0.9927556616156072,1.0441207474524863,0.885259364177484
2019-07-09,0.9804993747705463,1.0441207474524863,0.8909690584876058
2019-07-10,0.960306335649321,1.0441207474524863,0.9139786016720429
2019-07-11,0.9599067623928982,1.0441207474524863,0.9139786016720429
2019-07-12,0.960871159736509,1.0441207474524863,0.903244695641498
2019-07-15,0.9591103250764429,1.0441207474524863,0.9031543711719339
2019-07-16,0.9445908867060427,1.0441207474524863,0.9031543711719339
2019-07-17,0.9488008627982913,1.0441207474524863,0.9041170170589217
2019-07-18,0.9445040512425272,1.0441207474524863,0.905570125659493
2019-07-19,0.9340886880270994,1.0441207474524863,0.9054795686469271
2019-07-22,0.943645710465621,1.0441207474524863,0.9160501035321114
2019-07-23,0.9422231023427349,1.044016335377741,0.9180278103361904
2019-07-24,0.9417664786928532,1.0123586218461813,0.8933200599565261
2019-07-25,0.9381440067127108,1.0171748451174403,0.881333013500499
2019-07-26,0.9517594244332841,1.0511588233607534,0.9041476391622643
2019-07-29,0.9431388713263217,1.0328149186687157,0.8831989363658631
2019-07-30,0.9583321356371816,1.0613562440027315,0.898523041006684
2019-07-31,0.9553668160442841,1.0498077006284938,0.898523041006684
2019-08-01,0.9466422073295534,1.0287456840823788,0.898523041006684
2019-08-02,0.9491782475740203,0.9974843361177838,0.898523041006684
2019-08-05,0.9328334543782005,0.9497151484608142,0.898253484094382
2019-08-06,0.9367684179893117,0.9473777563882241,0.8800381386189788
2019-08-07,0.9179140019374286,0.9018787800737358,0.8771227107202897
2019-08-08,0.9129551875413029,0.900194321362767,0.8780366884001837
2019-08-09,0.8920072932978315,0.854832953629913,0.8522008789453527
2019-08-12,0.8719503960644618,0.8563302335164105,0.870463255834186
2019-08-13,0.858030386592992,0.8259488199025476,0.8705009994603574
2019-08-14,0.8624076237186589,0.8520964036794232,0.8791105432963673
2019-08-15,0.8442309782025311,0.8317404631933318,0.8781919324883252
2019-08-16,0.8446370648396486,0.8347284802899595,0.8754361000641987
2019-08-19,0.8281185655014038,0.8310083545058182,0.8648720757717137
2019-08-20,0.8235918208613425,0.822612797667953,0.8662499919837768
2019-08-21,0.8116004231639967,0.8059943868491329,0.8748901696609791
2019-08-22,0.8200278423322767,0.8125330982906054,0.8748901696609791
2019-08-23,0.8363597418497227,0.8272267422814823,0.874802680644013
2019-08-26,0.8183320588302228,0.7984148823405962,0.8760820795644548
2019-08-27,0.8291671610301393,0.7892742039435272,0.8599455864582315
2019-08-28,0.8259984719302598,0.7979433446325551,0.8663798195980894
2019-08-29,0.8173606126274026,0.7836009308803003,0.8567010534697803
2019-08-30,0.8761136239932161,0.7950610941209284,0.8488777476654026
2019-09-02,0.8868905022628466,0.8080091145125874,0.86208306631121
2019-09-03,0.9013570313432531,0.8068342056432365,0.8605881245777224
2019-09-04,0.9092919026039885,0.8104899232534211,0.8632427922766587
2019-09-05,0.919866286531497,0.8096131578286839,0.8632427922766587
2019-09-06,0.928533189258523,0.7983227942099225,0.8630701437182033
2019-09-09,0.9307527437974162,0.8297618936995439,0.8530807469458253
2019-09-10,0.9253026398274966,0.8297618936995439,0.8576030853422448
2019-09-11,0.9293686070779018,0.8297618936995439,0.8547078185210331
2019-09-12,0.9279053702630187,0.8297618936995439,0.8605336321363322
2019-09-16,0.9268815498142648,0.8297618936995439,0.860782233503409
2019-09-17,0.925722539665855,0.8297618936995439,0.8574134178044058
2019-09-18,0.9367142822553308,0.8297618936995439,0.8974991347805827
2019-09-19,0.9311860789237257,0.8297618936995439,0.9118225694787598
2019-09-20,0.9285877984426065,0.8297618936995439,0.913576114963532
2019-09-23,0.9178161595657686,0.8297618936995439,0.913576114963532
2019-09-24,0.9198376762585212,0.8297618936995439,0.913576114963532
2019-09-25,0.9124853847406326,0.8297618936995439,0.9134847573520356
2019-09-26,0.9177795851457761,0.8297618936995439,0.9266624839617329
2019-09-27,0.9202493874855462,0.8297618936995439,0.9266624839617329
2019-09-30,0.9024207460768883,0.8297618936995439,0.9266624839617329
2019-10-08,0.901115125619171,0.8297618936995439,0.9266624839617329
2019-10-09,0.8986706515771259,0.8297618936995439,0.9265698177133367
2019-10-10,0.9027206722294805,0.8297618936995439,0.927196089979449
2019-10-11,0.9024379964251512,0.8297618936995439,0.9171621789617478
2019-10-14,0.9040837971718793,0.8297618936995439,0.9232990955155232
2019-10-15,0.9002751910237389,0.8297618936995439,0.9220551762221376
2019-10-16,0.9139381107211547,0.8297618936995439,0.9228933997420755
2019-10-17,0.915704065655151,0.8297618936995439,0.9228090064561483
2019-10-18,0.9123832915522011,0.8297618936995439,0.9313582397681164
2019-10-21,0.894273598926318,0.8297618936995439,0.9183305367562136
2019-10-22,0.8978568179892709,0.8297618936995439,0.9244298209407791
2019-10-23,0.9034754262171452,0.8297618936995439,0.9282018265433876
2019-10-24,0.9057239506979515,0.8297618936995439,0.9370835005465029
2019-10-25,0.9083822548279997,0.8297618936995439,0.9370835005465029
2019-10-28,0.9264747824751353,0.8297618936995439,0.9370835005465029
2019-10-29,0.9300596562658611,0.8297618936995439,0.9369897921964483
2019-10-30,0.9309019418793819,0.8297618936995439,0.9349790844878723
2019-10-31,0.9371935084196479,0.8297618936995439,0.9324764638120483
2019-11-01,0.9371935084196479,0.8297618936995439,0.9255065382950335
2019-11-04,0.9370685492851919,0.8297618936995439,0.9309016479512314
2019-11-05,0.9345648676022007,0.8297618936995439,0.9318940804117338
2019-11-06,0.9337183484029667,0.8297618936995439,0.9417463987989086
2019-11-07,0.931844472232068,0.8297618936995439,0.9417463987989086
2019-11-08,0.9239549292206481,0.8297618936995439,0.9417463987989086
2019-11-11,0.9145018972468103,0.8297618936995439,0.9417463987989086
2019-11-12,0.9137848087819206,0.8297618936995439,0.9417463987989086
2019-11-13,0.9196790323799717,0.8297618936995439,0.9417463987989086
2019-11-14,0.9180622452536128,0.8297618936995439,0.9416522241590287
2019-11-15,0.9255355941392258,0.8297618936995439,0.9369407852675319
2019-11-18,0.920972341715719,0.8297618936995439,0.944931272301868
2019-11-19,0.9070363875144516,0.8297618936995439,0.9358619653842198
2019-11-20,0.8949389069932104,0.8297618936995439,0.9419044831762089
2019-11-21,0.9075290880104263,0.8297618936995439,0.9457881101274331
2019-11-22,0.9088987046126102,0.8297618936995439,0.9354091837466161
2019-11-25,0.921897699635981,0.8297618936995439,0.9205229310025271
2019-11-26,0.930962121474141,0.8297618936995439,0.9440419029467237
2019-11-27,0.9131065314844855,0.829678917510174,0.9486798606676279
2019-11-28,0.9157002070783675,0.8314904435309385,0.9626832205904967
2019-11-29,0.9110615829467518,0.8360192585828499,0.9679265932516649
2019-12-02,0.9136032670487888,0.8281693124928701,0.958741287979648
2019-12-03,0.9111325687613967,0.8311057055962285,0.95864541385085
2019-12-04,0.9154740211165558,0.8280568935971203,0.9595597130753774
2019-12-05,0.9166660533718817,0.8334635295096088,0.9593678011327623
2019-12-06,0.9105307448488031,0.8271644709568298,0.9483922141423693
2019-12-09,0.9238415703145514,0.8568423451638507,0.9788179561208097
2019-12-10,0.9238383997658122,0.8446526143514416,0.9676378751589093
2019-12-11,0.9188006586856782,0.8478731674008421,0.9762369713261566
2019-12-12,0.9102852300604553,0.8437922163813764,0.9836686308998729
2019-12-13,0.9042378424612935,0.8487718190209737,0.9840698826359121
2019-12-16,0.9329916874334844,0.8362353500892822,0.9820659621619919
2019-12-17,0.9270750871592504,0.821876538287993,0.9685912581848326
2019-12-18,0.9293359329929601,0.841648544439771,0.9884189415298656
2019-12-19,0.9288111359459842,0.8430481669146112,0.9835657095269493
2019-12-20,0.9249350416206973,0.8361019348381121,0.9744243684311094
2019-12-23,0.9235084196750635,0.8322592873185277,0.9744243684311094
2019-12-24,0.9290881420484427,0.8284960722366393,0.9744243684311094
2019-12-25,0.9237203921611443,0.820600494918366,0.9744243684311094
2019-12-26,0.9209625723105411,0.8209108928904392,0.9744243684311094
2019-12-27,0.913447280070267,0.8062925349607456,0.9744243684311094
2019-12-30,0.9196112142961058,0.7999460508305325,0.9744243684311094
2019-12-31,0.9178801164335542,0.8197168118550625,0.9744243684311094
2020-01-02,0.9133420641833673,0.81483754511783,0.9744243684311094
2020-01-03,0.9093851761215647,0.7996312003978341,0.9744243684311094
2020-01-06,0.9028657676716492,0.7785506638368545,0.974259083436919
2020-01-07,0.898408508623241,0.7832958572603269,0.9934562093598317
2020-01-08,0.8898747924361653,0.7644253920175246,0.9701890229654864
2020-01-09,0.8930324864630901,0.7967941318848192,1.0410556384677914
2020-01-10,0.8838138148122001,0.7932354265168656,1.0426477539034849
2020-01-13,0.868724934221894,0.756906725346907,1.040552802837871
2020-01-14,0.8672898059632927,0.750792257752693,1.0096506957866829
2020-01-15,0.8780376897442166,0.7571253851905057,1.008137706740565
2020-01-16,0.8874335817443306,0.7670330358765317,1.0125210837538905
2020-01-17,0.8875511006752164,0.7784644105308535,1.0136688048665852
2020-01-20,0.8811079139054931,0.779663893443844,1.020268185099434
2020-01-21,0.8968339461103714,0.7860808802211596,0.9918339297783137
2020-01-22,0.8972522681766176,0.7876331453286171,0.9896642864994378
2020-01-23,0.8965437091752472,0.7875543820140842,0.9491324204589735
2020-02-03,0.8783536636008104,0.7873306140935087,0.8065362404868723
2020-02-04,0.9068757815596975,0.7923116647765035,0.7971828535307924
2020-02-05,0.9057653735172484,0.7901156960702463,0.8174413762073875
2020-02-06,0.9095748368610184,0.8150498967721524,0.8435523078781393
2020-02-07,0.8989976710899452,0.8112692866479104,0.8387976011915064
2020-02-10,0.9061741059979126,0.800977909454963,0.8319794483236792
2020-02-11,0.9175530640289687,0.8262559802179309,0.8319794483236792
2020-02-12,0.9289466504847874,0.8381438775178619,0.8319794483236792
2020-02-13,0.9278943899100671,0.8404329019479699,0.8319794483236792
2020-02-14,0.9248540327786492,0.8446274774078447,0.8319794483236792
2020-02-17,0.9266256952904242,0.8419760317699255,0.8319794483236792
2020-02-18,0.9253778794864128,0.8377885007932547,0.8319794483236792
2020-02-19,0.9196638381550066,0.8275863387784792,0.8319794483236792
2020-02-20,0.9242550953866043,0.8253131246413082,0.8319794483236792
2020-02-21,0.9240878979763438,0.8098495247603392,0.8318962503788468
2020-02-24,0.9238711347488764,0.7928642429826285,0.8144485742482876
2020-02-25,0.9068267727643596,0.8094857846580084,0.8315226080934718
2020-02-26,0.9188755208640271,0.8039983359644641,0.8258026210223232
2020-02-27,0.9165599232690577,0.8039124065746319,0.8065430505362718
2020-02-28,0.907755593982358,0.8131104059201416,0.7796677082542778
2020-03-02,0.9087478297848847,0.8617670035081516,0.8234166651217829
2020-03-03,0.9115911945445593,0.8645114844110439,0.834137717525092
2020-03-04,0.9253059634348093,0.867255965313936,0.859540220965769
2020-03-05,0.9283245861543764,0.871960789718894,0.8577434099421174
2020-03-06,0.921642037612595,0.8547097669007144,0.8597760477027115
2020-03-09,0.9125774363144038,0.8068773854503075,0.8657712344429986
2020-03-10,0.9090509912687834,0.8390270188841876,0.8469963945504748
2020-03-11,0.9136729928054632,0.8252207116678383,0.8481624693577815
2020-03-12,0.902443667470305,0.8250266379838544,0.833904969567066
2020-03-13,0.8981182569474324,0.8305148534708121,0.8404047453807618
2020-03-16,0.8933225953476492,0.8169367702319706,0.8035573233293495
2020-03-17,0.8844767024519392,0.82055239412038,0.7938142669305032
2020-03-18,0.8798078078185192,0.7944664983080827,0.7720148216618783
2020-03-19,0.8900155641006996,0.7725443410471462,0.7387564622394883
2020-03-20,0.8763461234670773,0.7770914038451314,0.7731800021058656
2020-03-23,0.8493581403037751,0.735645413179908,0.7378664750645922
2020-03-24,0.8501975384892548,0.7677234828563717,0.7510738695996148
2020-03-25,0.8550399821907704,0.7749578369623985,0.7402430237128385
2020-03-26,0.87266416676329,0.7733282789556047,0.7538920019994199
2020-03-27,0.8761857906020001,0.755033884598163,0.7560081749527202
2020-03-30,0.8572081269001803,0.7330657348220083,0.7702164810010377
2020-03-31,0.8538332385499321,0.7482096756593468,0.7681467898014215
2020-04-01,0.8715561382582697,0.7366631665791316,0.751487867292755
2020-04-02,0.8783041927564674,0.7650611022659942,0.7716778340583997
2020-04-03,0.8836976807449314,0.7546053371288322,0.7681249732477755
2020-04-07,0.8886998337786106,0.7569754946006312,0.7440830791311963
2020-04-08,0.8943874199072548,0.7735191133768983,0.7505487757619619
2020-04-09,0.8980302736432069,0.7888676293470257,0.7237420431174176
2020-04-10,0.8873230946468335,0.7911342072010227,0.7340109491190125
2020-04-13,0.8856093532849701,0.787101661541602,0.7454530715088826
2020-04-14,0.8852583226833044,0.787101661541602,0.7395349158201748
2020-04-15,0.8882119761352308,0.787101661541602,0.7365274320821216
2020-04-16,0.8948010874160633,0.787101661541602,0.7488643991738597
2020-04-17,0.9002189229515629,0.787101661541602,0.742529681673193
2020-04-20,0.9027052550949999,0.787101661541602,0.7444838231833042
2020-04-21,0.8949146345212255,0.787101661541602,0.766866769581131
2020-04-22,0.8894853600795536,0.787101661541602,0.766866769581131
2020-04-23,0.8960079493593107,0.787101661541602,0.766866769581131
2020-04-24,0.9020521722850179,0.787101661541602,0.766866769581131
2020-04-27,0.9022133662359663,0.787101661541602,0.766866769581131
2020-04-28,0.8910444404861774,0.787101661541602,0.766866769581131
2020-04-29,0.8955054825334077,0.787101661541602,0.766866769581131
2020-04-30,0.8896248522194015,0.787101661541602,0.7667900829041728
2020-05-06,0.8975970111661585,0.787101661541602,0.7671427376489083
2020-05-07,0.9071685686924017,0.787101661541602,0.7732032928491929
2020-05-08,0.9120374739582454,0.787101661541602,0.7685286130964728
2020-05-11,0.911693652034185,0.787101661541602,0.7830382094636748
2020-05-12,0.9196771658333948,0.787101661541602,0.7975573525376841
2020-05-13,0.9224688284809445,0.787101661541602,0.7987273633238029
2020-05-14,0.9185208030973445,0.787101661541602,0.7967773453469381
2020-05-15,0.9229689843762385,0.787101661541602,0.7905372878209709
2020-05-18,0.9256321875239741,0.787101661541602,0.7991173669191759
2020-05-19,0.9137820274117326,0.787101661541602,0.7966974336102464
2020-05-20,0.9144595250109172,0.787101661541602,0.7992348164490932
2020-05-21,0.9135527130445306,0.787101661541602,0.7780748900027321
2020-05-22,0.9093713525986405,0.787101661541602,0.7840782225692521
2020-05-25,0.9046644398152973,0.787101661541602,0.7849610344456884
2020-05-26,0.9115175727715175,0.787101661541602,0.8062463140010921
2020-05-27,0.9150838178120778,0.787101661541602,0.8062463140010921
2020-05-28,0.9075934182338946,0.787101661541602,0.8062463140010921
2020-05-29,0.8957738166873789,0.787101661541602,0.8062463140010921
2020-06-01,0.8879379515980118,0.787101661541602,0.8062463140010921
2020-06-02,0.8941452690145061,0.787101661541602,0.8062463140010921
2020-06-03,0.9024641426378585,0.787101661541602,0.8062463140010921
2020-06-04,0.9177093277528265,0.787101661541602,0.8062463140010921
2020-06-05,0.9104009990455247,0.787101661541602,0.8062463140010921
2020-06-08,0.8866058882886019,0.787101661541602,0.8062463140010921
2020-06-09,0.8874592215803341,0.787101661541602,0.8062463140010921
2020-06-10,0.8923486966093641,0.787101661541602,0.8062463140010921
2020-06-11,0.890686736385048,0.787101661541602,0.8062463140010921
2020-06-12,0.8901227359698215,0.787101661541602,0.8062463140010921
2020-06-15,0.8899738657191477,0.787101661541602,0.8062463140010921
2020-06-16,0.8850235167092132,0.787101661541602,0.8062463140010921
2020-06-17,0.8844532567382788,0.787101661541602,0.8062463140010921
2020-06-18,0.8855922899040144,0.787101661541602,0.8062463140010921
2020-06-19,0.88132781778523,0.787101661541602,0.8062463140010921
2020-06-22,0.8880701368198791,0.787101661541602,0.8062463140010921
2020-06-23,0.8924166462111912,0.787101661541602,0.806165689369692
2020-06-24,0.887884430431088,0.787101661541602,0.8053935000120582
2020-06-29,0.9047425160619794,0.787101661541602,0.8175874510341967
2020-06-30,0.9019422556435185,0.787101661541602,0.8260765437946663
2020-07-01,0.9039846471755574,0.7870229513754479,0.8287110898237775
2020-07-02,0.9058290879912252,0.7826536358924474,0.8392933879498434
2020-07-03,0.9067180198035584,0.7804931013558223,0.8206238820509655
2020-07-06,0.9042663291794236,0.7748529240920672,0.8146116401985242
2020-07-07,0.8997645047153334,0.7793532656395783,0.823012713545564
2020-07-08,0.8983779245069626,0.7828349125307517,0.8265248001011685
2020-07-09,0.9019866635742242,0.7806731316193792,0.8132923457420398
2020-07-10,0.8947368419291869,0.7769108514669968,0.8284819013648577
2020-07-13,0.8863340135687227,0.7885440468034148,0.8283990531747212
2020-07-14,0.882986387071564,0.7885440468034148,0.8388950321011028
2020-07-15,0.8784974130042422,0.7885440468034148,0.8388950321011028
2020-07-16,0.8769367240995575,0.7885440468034148,0.8628288150205905
2020-07-17,0.8756577011324638,0.7885440468034148,0.868576605977306
2020-07-20,0.8738225748963753,0.7885440468034148,0.8765460468461136
2020-07-21,0.8748592548949778,0.7885440468034148,0.8833399773615771
2020-07-22,0.8792707585002579,0.7884651923987345,0.8855327020529605
2020-07-23,0.8773203591440061,0.7840871567111359,0.8679176084168388
2020-07-24,0.8950247960174853,0.7767831661031479,0.859667834311032
2020-07-27,0.8929691781268319,0.758934152343499,0.8106803356330516
2020-07-28,0.8846363276246171,0.7591459183721491,0.8351721893230813
2020-07-29,0.8736312652282371,0.7566033074905008,0.8443692888358838
2020-07-30,0.8612778935332756,0.7608828570066509,0.854913276219505
2020-07-31,0.8605503556033003,0.75392929520438,0.854913276219505
2020-08-03,0.8496199601423398,0.7564722346559312,0.854827784891883
2020-08-04,0.8398021808566594,0.7554902586443241,0.8511249417642572
2020-08-05,0.8462968766779378,0.734327576614515,0.8721015268970793
2020-08-06,0.8437870996906075,0.7284663077127496,0.8823945285822522
2020-08-07,0.851588037835547,0.720777966272987,0.8760237628774492
2020-08-10,0.8532101733854496,0.7318753101570937,0.870961533877779
2020-08-11,0.8665292008595851,0.7484891572805437,0.874358481864226
2020-08-12,0.870425939730715,0.7515158016690618,0.8650363750630344
2020-08-13,0.8636124340206398,0.7539567786943775,0.8893973592496857
2020-08-14,0.8600438367703599,0.7441292361614976,0.9286843707361339
2020-08-17,0.856737841462229,0.7417355755707087,0.9236104776645995
2020-08-18,0.8589240096767565,0.7437424236680594,0.9511632882097233
2020-08-19,0.8494335270797009,0.7449512046532304,0.9520563934790423
2020-08-20,0.8522300825539016,0.7507620564835988,0.9519611878396944
2020-08-21,0.8500561324309134,0.7428924332500181,0.9418873629175593
2020-08-24,0.8549174140724981,0.7367273508164079,0.9418873629175593
2020-08-25,0.8612970084207358,0.7352114509176088,0.9418873629175593
2020-08-26,0.8504221870904406,0.7287953345594983,0.9418873629175593
2020-08-27,0.847900029501049,0.7306497756143571,0.9418873629175593
2020-08-28,0.8437177024407501,0.7351231415875061,0.9418873629175593
2020-08-31,0.850214976157033,0.7230471967564999,0.9418873629175593
2020-09-01,0.8292725722485296,0.7047884291616388,0.9418873629175593
2020-09-02,0.8343336735970779,0.7023581242334952,0.9418873629175593
2020-09-03,0.834617341149874,0.7058061268070519,0.9418873629175593
2020-09-04,0.8344585319867331,0.6964046638451425,0.9417931741812675
2020-09-07,0.8379615738943484,0.6967437118801207,0.9307132544850173
2020-09-08,0.8389562378084555,0.7059069267952514,0.925414162456376
2020-09-09,0.841540213961076,0.719076446279383,0.9036435172865974
2020-09-10,0.845699812811528,0.719076446279383,0.8961948430114247
2020-09-11,0.8463292917182478,0.719076446279383,0.8929319350320712
2020-09-14,0.8396262198820095,0.719076446279383,0.9176405768397364
2020-09-15,0.8314447019595349,0.719076446279383,0.9225291856275324
2020-09-16,0.821977554225403,0.719076446279383,0.9377733851257372
2020-09-17,0.8096160738454705,0.719076446279383,0.9390383129453133
2020-09-18,0.8172794394404419,0.719076446279383,0.9332006908029528
2020-09-21,0.8028900235944941,0.719076446279383,0.9193593521869403
2020-09-22,0.8226187199783158,0.7190045386347551,0.9369690847074357
2020-09-23,0.8244656875039005,0.7072204709226981,0.92999981341728
2020-09-24,0.8371665071663615,0.6995996367137032,0.9239659442962326
2020-09-25,0.8330427210341861,0.7075027240415498,0.9255920834672234
2020-09-28,0.8314832022664679,0.7058797686081527,0.9191087905564421
2020-09-29,0.8411518049613013,0.7160408808868125,0.9294219970199398
2020-09-30,0.8618145790406531,0.7163936972853772,0.9176164058337742
2020-10-09,0.8633894445779474,0.7150166372409597,0.92499141230955
2020-10-12,0.8646482143728779,0.7179042353596794,0.9284974640359406
2020-10-13,0.8661656486396333,0.728390967951665,0.9329250650580625
2020-10-14,0.8741680230069804,0.72951572238025,0.9408502197702567
2020-10-15,0.8716968653356312,0.7299670157439246,0.9429061581024164
2020-10-16,0.8599306631521211,0.7200262702494237,0.9428118674866062
2020-10-19,0.8573897655626533,0.7237638111942298,0.9459441328270933
2020-10-20,0.8674254070336078,0.7182100680144092,0.9421708667861498
2020-10-21,0.8596158658514598,0.7179913016214715,0.9376397572309588
2020-10-22,0.8665132035185567,0.7210521658792975,0.9402421569033053
2020-10-23,0.8608799700821017,0.7291387548943713,0.9414135999243622
2020-10-26,0.8664128363495617,0.7291387548943713,0.9413194585643698
2020-10-27,0.8655389995655556,0.7291387548943713,0.9375412267926092
2020-10-28,0.8588825878451779,0.7291387548943713,0.9282717669385112
2020-10-29,0.852771818129056,0.7291387548943713,0.9486658586866772
2020-10-30,0.8487459416933272,0.7291387548943713,0.9413269880005276
2020-11-02,0.8563581384837191,0.7291387548943713,0.9349985908331119
2020-11-03,0.8537255281626933,0.7291387548943713,0.9458176648407789
2020-11-04,0.8439649927398041,0.7291387548943713,0.951374462592075
2020-11-05,0.8442169749414192,0.7291387548943713,0.961948850354129
2020-11-06,0.8277489642634424,0.7291387548943713,0.9448695478512492
2020-11-09,0.8366226329409778,0.7291387548943713,0.9318617497058935
2020-11-10,0.839797647151806,0.7291387548943713,0.9303181498348186
2020-11-11,0.8530058298217964,0.7291387548943713,0.9661595873984544
2020-11-12,0.8443155912707065,0.7291387548943713,0.9757811355497785
2020-11-13,0.828531211214573,0.7291387548943713,0.977219081024408
2020-11-16,0.8257171518853079,0.7290658410188818,0.9494721911852159
2020-11-17,0.8245215964212712,0.7398033878944394,0.9576469506035992
2020-11-18,0.8278372434996726,0.7384035706988019,0.9537868186251617
2020-11-19,0.8198413030964621,0.7414715364316393,0.9533437371311456
2020-11-20,0.8324721064091144,0.7303628219658514,0.948083731311523
2020-11-23,0.8453317739600769,0.7242218789560488,0.9367778505189663
2020-11-24,0.8473429532091327,0.7134142797593551,0.9092070889184475
2020-11-25,0.8438011514223918,0.7086864469683756,0.8996656004149117
2020-11-26,0.850950555185894,0.7006442329719416,0.8970670256825036
2020-11-27,0.8482454920761993,0.6920788026263333,0.8889240378801441
2020-11-30,0.8350915752670176,0.6550457259039971,0.8967718922114449
2020-12-01,0.8255464411995439,0.6672837495774677,0.8967718922114449
2020-12-02,0.8110409140225044,0.6796722805507622,0.8967718922114449
2020-12-03,0.817437911038217,0.6904453300675081,0.8965383817454947
2020-12-04,0.8201852038191768,0.6836190828993962,0.8749564286424332
2020-12-07,0.8303323080913896,0.6958108712855021,0.873669141921866
2020-12-08,0.8453817235141535,0.7040392453725318,0.8686344625084257
2020-12-09,0.853538848468313,0.7000818844289307,0.8814274777834329
2020-12-10,0.8482308745929438,0.6976361835226287,0.9006586337235589
2020-12-11,0.8284971893203795,0.6929519421020379,0.9015789429281711
2020-12-14,0.8520137312898478,0.6848331902583128,0.9058871435831807
2020-12-15,0.8540308787989238,0.6785951603103029,0.8797474210340065
2020-12-16,0.8563578469477066,0.6817544291182781,0.8771936655522263
2020-12-17,0.8526004008538276,0.6731257088931805,0.8641348311690336
2020-12-18,0.8498123635206868,0.6653659420041497,0.827213634918779
2020-12-21,0.8585403485687052,0.6663165602371839,0.7876747326824234
2020-12-22,0.8572657354483317,0.6852319379265044,0.799983235469056
2020-12-23,0.8736376424346672,0.6959960233987569,0.814379608773773
2020-12-24,0.8737531026382519,0.6959960233987569,0.8176498296670838
2020-12-25,0.8724918222751907,0.6959960233987569,0.828357621247904
2020-12-28,0.8806653062803182,0.6959960233987569,0.8020326428274246
2020-12-29,0.8860685153401848,0.6959960233987569,0.7964368145976447
2020-12-30,0.8999003431984319,0.6959960233987569,0.7963748503856539
2020-12-31,0.8998103531641121,0.6959960233987569,0.8181924207430876
2021-01-04,0.9043324888547714,0.695926423796417,0.8342506193424992
2021-01-05,0.9087306624587826,0.7016045588197432,0.848055658255712
2021-01-06,0.8989954836949905,0.6904221725352125,0.8299874703303638
2021-01-07,0.8885075250125964,0.6701567443939968,0.817171791557535
2021-01-08,0.8780629831313376,0.6767462895699455,0.8164797497994626
2021-01-11,0.8774701444118511,0.6965715284401673,0.8083336383183893
2021-01-12,0.8741109332243062,0.6869513589936791,0.8097600266708804
2021-01-13,0.8462666444983058,0.6699682022879827,0.7743059346000153
2021-01-14,0.8380005183731934,0.6745863976754921,0.7753342415857707
2021-01-15,0.838295746133054,0.6742519473048053,0.788516091854603
2021-01-18,0.8568096513770982,0.6835398514086548,0.7967637931218567
2021-01-19,0.8522912601957616,0.6835398514086548,0.7967637931218567
2021-01-20,0.8581170631144093,0.6835398514086548,0.7966841167425446
2021-01-21,0.8647207145278741,0.6835398514086548,0.8050251785194189
2021-01-22,0.8810847466923949,0.6835398514086548,0.7847361093324271
2021-01-25,0.8793317020627156,0.6835398514086548,0.7716609314119213
2021-01-26,0.8772355398344656,0.6835398514086548,0.773838106339557
2021-01-27,0.8776575321322428,0.6835398514086548,0.7906882169620254
2021-01-28,0.886041625965073,0.6835398514086548,0.7797425469668908
2021-01-29,0.8836298705724076,0.6835398514086548,0.7711520115266867
2021-02-01,0.8739800599417121,0.6835398514086548,0.7973807053250599
2021-02-02,0.8659695206238691,0.6835398514086548,0.8045900427761883
2021-02-03,0.8654890544629921,0.6835398514086548,0.8045900427761883
2021-02-04,0.8725165927438071,0.6835398514086548,0.8045900427761883
2021-02-05,0.878697598362322,0.6835398514086548,0.8045900427761883
2021-02-08,0.8880944333366695,0.6835398514086548,0.8045900427761883
2021-02-09,0.8996373226890256,0.6835398514086548,0.8045900427761883
2021-02-10,0.8877876740764158,0.6835398514086548,0.8044550742121288
2021-02-18,0.8923951766369911,0.6835398514086548,0.7838014678689652
2021-02-19,0.8983845883525121,0.6835398514086548,0.7886324485481943
2021-02-22,0.8933369714541453,0.6835398514086548,0.777834597964356
2021-02-23,0.8892832305156311,0.6835398514086548,0.7523457919106711
2021-02-24,0.8697637490859916,0.6835398514086548,0.743508371047635
2021-02-25,0.8560754062200451,0.6835398514086548,0.7099811888458524
2021-02-26,0.8418670318562905,0.6835398514086548,0.734338569681975
2021-03-01,0.8436094402292292,0.6835398514086548,0.7235094100500419
2021-03-02,0.8562183437380816,0.6835398514086548,0.7222430340850831
2021-03-03,0.8672551108999114,0.6835398514086548,0.7386598683246725
2021-03-04,0.8463415140748974,0.6835398514086548,0.7299525852660952
2021-03-05,0.8431081501596664,0.6835398514086548,0.7490232225693658
2021-03-08,0.8396036807027797,0.6835398514086548,0.7528532468039651
2021-03-09,0.8421362313706847,0.6834790549657958,0.7516910752262197
2021-03-10,0.8334499445517753,0.688783168573969,0.7589875170676128
2021-03-11,0.8267915865277063,0.7199886323320291,0.7883850172535416
2021-03-12,0.8172100722727736,0.6997844966002623,0.7838619979210708
2021-03-15,0.8015059123021584,0.6856788198091118,0.7823540185748191
2021-03-16,0.8298541092143581,0.7063023382495642,0.7886343643964394
2021-03-17,0.8256420263220542,0.7051281136020302,0.7851499710338631
2021-03-18,0.8301590279273354,0.7173973086174038,0.7825366760119308
2021-03-19,0.8269254348187867,0.7173255688865421,0.7856125040080367
2021-03-22,0.8142911631852472,0.7255649506384585,0.8031179928492372
2021-03-23,0.8108080351753332,0.723567524759206,0.8176621364752988
2021-03-24,0.820143142396859,0.7163268559469158,0.7986226273446293
2021-03-25,0.8293210589486104,0.7053410136110272,0.8063401148668253
2021-03-26,0.8465367059796517,0.7050913353761207,0.8079716047444077
2021-03-29,0.8528560669347272,0.7070182521218354,0.8101289243633275
2021-03-30,0.8526913838936122,0.6966087413093068,0.7970623288090803
2021-03-31,0.8515283413536202,0.6811382985867773,0.7782090980808094
2021-04-01,0.8389882476522682,0.686728284079563,0.805155318483894
2021-04-02,0.8320136980302968,0.6988326565408247,0.8104159985199342
2021-04-06,0.8343569844576845,0.709737427913098,0.8085718217976257
2021-04-07,0.8445731758977534,0.7056280220102038,0.8122768117545637
2021-04-08,0.8547133742100079,0.7115961191797291,0.81906570089116
2021-04-09,0.8515240864557021,0.7101798061759593,0.8227886494970286
2021-04-12,0.8875404896580997,0.7244881961414794,0.8412245102971012
2021-04-13,0.8833115752819785,0.7267237027685945,0.8735254644178032
2021-04-14,0.8858871390791072,0.7267237027685945,0.8796015594673918
2021-04-15,0.8944615730974079,0.7267237027685945,0.8783848749362291
2021-04-16,0.8923481905401761,0.7267237027685945,0.8783848749362291
2021-04-19,0.8951975010506481,0.7267237027685945,0.8783848749362291
2021-04-20,0.8994978216008808,0.7267237027685945,0.8783848749362291
2021-04-21,0.9008542574860746,0.7267237027685945,0.8783848749362291
2021-04-22,0.9000708933458899,0.7267237027685945,0.8783848749362291
2021-04-23,0.8949116597075717,0.7267237027685945,0.8783848749362291
2021-04-26,0.901850156249957,0.7267237027685945,0.8783848749362291
2021-04-27,0.897740295369059,0.7267237027685945,0.8783848749362291
2021-04-28,0.8918866195634481,0.7267237027685945,0.8783848749362291
2021-04-29,0.8896473037767543,0.7267237027685945,0.8783848749362291
2021-04-30,0.8831123714763234,0.7267237027685945,0.8783848749362291
2021-05-06,0.878160759372357,0.7267237027685945,0.8783848749362291
2021-05-07,0.8940505014378817,0.7267237027685945,0.8783848749362291
2021-05-10,0.8938659107677278,0.7267237027685945,0.8782403831088186
2021-05-11,0.9023648802928389,0.7267237027685945,0.876079205200651
2021-05-12,0.9020496371637073,0.7267237027685945,0.8507094364559088
2021-05-13,0.8918112068732512,0.7267237027685945,0.8769385194045889
2021-05-14,0.8912228563305039,0.7267237027685945,0.8834914464696896
2021-05-17,0.9045964609271288,0.7267237027685945,0.8754903940582467
2021-05-18,0.9153694922352222,0.7267237027685945,0.8754028450188409
2021-05-19,0.9156957527863128,0.7267237027685945,0.8311935374610332
2021-05-20,0.9348092909447041,0.7267237027685945,0.8131046405257959
2021-05-21,0.9331680392252418,0.7267237027685945,0.8026613236406527
2021-05-24,0.9267614764713579,0.7267237027685945,0.801083575471317
2021-05-25,0.9339545024625276,0.7267237027685945,0.8058088954722552
2021-05-26,0.9156312355087088,0.7267237027685945,0.7625165888806282
2021-05-27,0.9285158876387236,0.7267237027685945,0.7884250206605462
2021-05-28,0.9334491236859448,0.7267237027685945,0.8086334537708242
2021-05-31,0.9413456029595318,0.7267237027685945,0.8086334537708242
2021-06-01,0.9475235409208899,0.7267237027685945,0.8086334537708242
2021-06-02,0.9362878462977996,0.7267237027685945,0.8086334537708242
2021-06-03,0.9396423198112424,0.7267237027685945,0.8086334537708242
2021-06-04,0.9509660961674549,0.7267237027685945,0.8085525904254471
2021-06-07,0.9607500212454373,0.7267237027685945,0.814258230470789
2021-06-08,0.9633495059312944,0.7267237027685945,0.8197102865141156
2021-06-09,0.9593338672485124,0.7267237027685945,0.8192056754821055
2021-06-10,0.9736622469794838,0.7267237027685945,0.8192056754821055
2021-06-11,0.9640164404348406,0.7267237027685945,0.8192056754821055
2021-06-15,0.9634013105658457,0.7267237027685945,0.8192056754821055
2021-06-16,0.9599566959661132,0.7267237027685945,0.8190242371251842
2021-06-17,0.9608213888485913,0.7267237027685945,0.8157432836194191
2021-06-18,0.9613512670879825,0.7267237027685945,0.7841054079825294
2021-06-21,0.9828084820134007,0.7267237027685945,0.7925228809934883
2021-06-22,0.9819821230735298,0.7267237027685945,0.8030489453822863
2021-06-23,0.981273544001811,0.7267237027685945,0.8067579728285529
2021-06-24,0.979338163098103,0.7267237027685945,0.8067579728285529
2021-06-25,0.989491502004464,0.7267237027685945,0.8067579728285529
2021-06-28,0.9776980770240639,0.7267237027685945,0.8067579728285529
2021-06-29,1.00649536258897,0.7267237027685945,0.8067579728285529
2021-06-30,1.0179163038029184,0.7267237027685945,0.8067579728285529
2021-07-01,0.9991850414208161,0.7266510303983177,0.80667729703127
2021-07-02,0.9889153402354449,0.7156683959735011,0.7944851422259058
2021-07-05,0.9744400200536983,0.7232241803381374,0.8028730470842735
2021-07-06,0.9806195590274445,0.7273795039460994,0.8073364758507633
2021-07-07,0.9988622697610692,0.739989550382149,0.8055153431695402
2021-07-08,1.0180856115991284,0.7372956651525304,0.8064442146631627
2021-07-09,1.024575839031551,0.7381185397788167,0.8191857740926531
2021-07-12,1.0228539682472046,0.7360567561481496,0.8248220369214684
2021-07-13,1.0197600254320955,0.7313410721951114,0.8399611522891879
2021-07-14,1.0270074444302941,0.7289120401258222,0.8399611522891879
2021-07-15,1.025295031464213,0.7214721103369518,0.8399611522891879
2021-07-16,1.0279971496112559,0.7212750944684819,0.8399611522891879
2021-07-19,1.0123566713380172,0.7122173127743651,0.8398914196443263
2021-07-20,1.010735284149897,0.7131774331744384,0.8180559471777741
2021-07-21,1.039318177150909,0.7181835382669156,0.8157611348919885
2021-07-22,1.030828865901798,0.7290465426816989,0.8378767543208868
2021-07-23,1.0310095351188977,0.7290465426816989,0.8546044468033711
2021-07-26,1.040519950585601,0.7289736380274308,0.859639946876805
2021-07-27,1.030771972819521,0.7034029355978504,0.8302113733185474
2021-07-28,1.048920869184654,0.7059659663775053,0.8301283521812156
2021-07-29,1.0375326335109474,0.7159796680282501,0.8419032224249208
2021-07-30,1.0182718856792252,0.71133044940469,0.836352128060958
2021-08-02,1.0719119808068618,0.7288842299769775,0.836352128060958
2021-08-03,1.0991754510486362,0.7306723909860392,0.836352128060958
2021-08-04,1.0777999926402366,0.7335497894118922,0.836352128060958
2021-08-05,1.117668697833778,0.7335497894118922,0.8362692773010207
2021-08-06,1.0960884345979165,0.7335497894118922,0.8578219133808358
2021-08-09,1.078189539635936,0.733476434432951,0.8295448515063462
2021-08-10,1.0736475522770867,0.7300326261498814,0.827385987753753
2021-08-11,1.0884851588562119,0.7336368517112447,0.8400224782468292
2021-08-12,1.0806561584537802,0.7506360238045587,0.8326083888432235
2021-08-13,1.0947562675756168,0.7457628094349608,0.8300487297247785
2021-08-16,1.1117318012509503,0.7553831447849652,0.8299657248518061
2021-08-17,1.107423063066151,0.7449893717988171,0.8264674499314614
2021-08-18,1.1124127838016025,0.743484950661494,0.8276237527645238
2021-08-19,1.077680581699533,0.7674041326980106,0.8397161909553105
2021-08-20,1.078711446354952,0.7727095904699705,0.8397161909553105
2021-08-23,1.0370291033717685,0.7480555180230384,0.8397161909553105
2021-08-24,1.0833948406801879,0.7784257570563468,0.8397161909553105
2021-08-25,1.064374023178662,0.7786974450557271,0.8397161909553105
2021-08-26,1.0980620965713992,0.7962459784497425,0.8397161909553105
2021-08-27,1.1030755678311253,0.7962459784497425,0.8397161909553105
2021-08-30,1.0868370826752949,0.7962459784497425,0.8397161909553105
2021-08-31,1.0650048981896052,0.7962459784497425,0.8397161909553105
2021-09-01,1.0481317483542265,0.7962459784497425,0.8397161909553105
2021-09-02,1.0428913594069469,0.7962459784497425,0.8397161909553105
2021-09-03,1.0394691635871416,0.7962459784497425,0.8397161909553105
2021-09-06,1.0252753294563233,0.7962459784497425,0.8397161909553105
2021-09-07,1.0318816638953279,0.7962459784497425,0.8397161909553105
2021-09-08,1.0037153116989925,0.7962459784497425,0.8397161909553105
2021-09-09,0.971555944912321,0.7962459784497425,0.8397161909553105
2021-09-10,0.9904653452745837,0.7962459784497425,0.8397161909553105
2021-09-13,0.9783861685476729,0.7962459784497425,0.8396322193362149
2021-09-14,1.0028225673102396,0.7962459784497425,0.858896304950532
2021-09-15,0.9844355799376863,0.7962459784497425,0.8591793570317855
2021-09-16,0.9680684341860541,0.7962459784497425,0.8591793570317855
2021-09-17,0.9583656964099763,0.7962459784497425,0.8591793570317855
2021-09-22,0.9519031355129435,0.7962459784497425,0.8591793570317855
2021-09-23,0.9469601623824451,0.7962459784497425,0.8591793570317855
2021-09-24,0.9815835594503255,0.7962459784497425,0.8591793570317855
2021-09-27,0.965480922817441,0.7962459784497425,0.8591069975392918
2021-09-28,0.9427212917822533,0.7962459784497425,0.8279710239729563
2021-09-29,0.9459111012561756,0.7962459784497425,0.8357727477973032
2021-09-30,0.9287194163854146,0.7962459784497425,0.7834644259290784
2021-10-08,0.9474817672912994,0.7962459784497425,0.7880345681186143
2021-10-11,0.9343511761369234,0.7962459784497425,0.7427079690829128
2021-10-12,0.9269004154081718,0.7962459784497425,0.7563463617494074
2021-10-13,0.9241409420371057,0.7962459784497425,0.7720548674394225
2021-10-14,0.9366559817684774,0.7962459784497425,0.7789737769436695
2021-10-15,0.9345287896081602,0.7962459784497425,0.7783689427734675
2021-10-18,0.9233980261827993,0.7962459784497425,0.7693970946058013
2021-10-19,0.9089031350551023,0.7962459784497425,0.7592262154391616
2021-10-20,0.9167122633046122,0.7962459784497425,0.7592262154391616
2021-10-21,0.9490126431223452,0.7962459784497425,0.7274026342713071
2021-10-22,0.9875300847047931,0.7962459784497425,0.7248253507375673
2021-10-25,0.983342721888593,0.7962459784497425,0.7035619966169013
2021-10-26,0.9774975503034808,0.7962459784497425,0.7114225985747953
2021-10-27,0.9758544807061956,0.7962459784497425,0.6860826047700298
2021-10-28,0.977179830012019,0.7962459784497425,0.6818246108123994
2021-10-29,0.9715788985017793,0.7962459784497425,0.6825922586399176
2021-11-01,0.9683135579596406,0.7962459784497425,0.6680023465245445
2021-11-02,0.9471500220548568,0.7962459784497425,0.6376167614955638
2021-11-03,0.951850406867702,0.7962459784497425,0.6604349990836988
2021-11-04,0.964079668358123,0.7962459784497425,0.6443858017759162
2021-11-05,0.9434037867592994,0.7962459784497425,0.636326992678204
2021-11-08,0.9559327420089395,0.7962459784497425,0.6362633599789362
2021-11-09,0.9616159252266869,0.7962459784497425,0.6164433638945495
2021-11-10,0.9439115159749418,0.7962459784497425,0.6352485395698397
2021-11-11,0.9664322092583257,0.7962459784497425,0.6308751462651853
2021-11-12,0.9443913653393637,0.7962459784497425,0.6304801910400609
2021-11-15,0.9419087493453158,0.7962459784497425,0.6327181656159936
2021-11-16,0.9531915094206354,0.7962459784497425,0.640208034879773
2021-11-17,0.9515525363554288,0.7962459784497425,0.6412739734261782
2021-11-18,0.9672793769529352,0.7962459784497425,0.6102633817907782
2021-11-19,0.9625958121695214,0.7962459784497425,0.6278821195451524
2021-11-22,0.982899564428343,0.7962459784497425,0.6080800041372721
2021-11-23,1.0062751514334611,0.7962459784497425,0.6119173958383053
2021-11-24,1.004342295701772,0.7962459784497425,0.6085834088979983
2021-11-25,0.9980915834723324,0.7962459784497425,0.6125086898308464
2021-11-26,0.9951904655409395,0.7962459784497425,0.6360718759335979
2021-11-29,1.0229666184527162,0.7962459784497425,0.6383563284956137
2021-11-30,1.0334039895514913,0.7962459784497425,0.6086790016776635
2021-12-01,1.0363751121068983,0.7962459784497425,0.6180082865162138
2021-12-02,1.0353787461330028,0.7962459784497425,0.6061179856947883
2021-12-03,1.0670177328960282,0.7962459784497425,0.6154746417578256
2021-12-06,1.0959454812244167,0.7961663538518976,0.6205997502764895
2021-12-07,1.0681028501152816,0.7866020177828975,0.6348118782756963
2021-12-08,1.052091957403043,0.7850510443663029,0.633496714120516
2021-12-09,1.0718842171668606,0.8003022829628165,0.6334333644491039
2021-12-10,1.080558559960768,0.8074601286786283,0.6353863734871138
2021-12-13,1.0613897288385747,0.8065082193103307,0.6335959889239816
2021-12-14,1.0639778684770536,0.789509796462023,0.6281934321458716
2021-12-15,1.0648795292949056,0.793648657610568,0.6227650935512737
2021-12-16,1.0654690560693487,0.8026259990600867,0.6298094888690751
2021-12-17,1.0668721307048583,0.8142170310951048,0.6388440336476363
2021-12-20,1.0578566489722667,0.7966525969873998,0.6388440336476363
2021-12-21,1.0461193853393587,0.8110519954925905,0.6388440336476363
2021-12-22,1.058180103343633,0.8197573171550987,0.6388440336476363
2021-12-23,1.0586767428012287,0.8197573171550987,0.6388440336476363
2021-12-24,1.0585453696008105,0.8197573171550987,0.6388440336476363
2021-12-27,1.0607299660200293,0.8197573171550987,0.6388440336476363
2021-12-28,1.0716472842460039,0.8197573171550987,0.6388440336476363
2021-12-29,1.0792986526772594,0.8197573171550987,0.6388440336476363
2021-12-30,1.0728094294217074,0.8197573171550987,0.6388440336476363
2021-12-31,1.0609364499287708,0.8197573171550987,0.6388440336476363
2022-01-04,1.074823809841493,0.8197573171550987,0.6388440336476363
2022-01-05,1.0665685630980037,0.8197573171550987,0.6388440336476363
2022-01-06,1.068387756883267,0.8197573171550987,0.6388440336476363
2022-01-07,1.06164136910251,0.8197573171550987,0.6388440336476363
2022-01-10,1.080611458815018,0.8197573171550987,0.6388440336476363
2022-01-11,1.0630599294579495,0.8197573171550987,0.6388440336476363
2022-01-12,1.0610085514325027,0.8197573171550987,0.6388440336476363
2022-01-13,1.0733885350291164,0.8197573171550987,0.6388440336476363
2022-01-14,1.0871902572477836,0.8197573171550987,0.6388440336476363
2022-01-17,1.092944513752483,0.8197573171550987,0.6388440336476363
2022-01-18,1.0956525263093868,0.8197573171550987,0.6388440336476363
2022-01-19,1.1008869020943066,0.8197573171550987,0.6388440336476363
2022-01-20,1.0956711402313548,0.8197573171550987,0.6388440336476363
2022-01-21,1.0968439722983159,0.8197573171550987,0.6388440336476363
2022-01-24,1.0885674583971343,0.8197573171550987,0.6388440336476363
2022-01-25,1.0850368217006645,0.8197573171550987,0.6388440336476363
2022-01-26,1.0704322850334531,0.8197573171550987,0.6388440336476363
2022-01-27,1.0647162814579476,0.8197573171550987,0.6387801492442715
2022-01-28,1.044243704328169,0.8197573171550987,0.6253924588508645
2022-02-07,1.007284297235507,0.819674777263742,0.6372063990405691
2022-02-08,1.0083249906636613,0.828237442597022,0.6262376452287077
2022-02-09,1.0076366607449012,0.8541780352329482,0.6434726657084776
2022-02-10,0.9859602639900008,0.8541780352329482,0.6343843571528793
2022-02-11,0.9903451999751905,0.8541780352329482,0.6592439022371372
2022-02-14,1.0023548155091773,0.8541780352329482,0.6706266231618202
2022-02-15,1.0065262246325661,0.8541780352329482,0.6740618789025148
2022-02-16,1.0143362345215732,0.8541780352329482,0.6814896122372363
2022-02-17,0.9965567717832647,0.8541780352329482,0.6613032606788986
2022-02-18,1.0021408147928477,0.8541780352329482,0.6631105136595479
2022-02-21,1.005343439686749,0.8541780352329482,0.6721793414404617
2022-02-22,0.9931018909669529,0.8541780352329482,0.6721827513922989
2022-02-23,0.9969789802680435,0.8541780352329482,0.6812681977130363
2022-02-24,0.9997435408575279,0.8541780352329482,0.681124341177771
2022-02-25,1.0062198064255419,0.8541780352329482,0.6913701797765818
2022-02-28,1.0427510558327915,0.8541780352329482,0.683304030286131
2022-03-01,1.0505665783899212,0.8541780352329482,0.6791116548869113
2022-03-02,1.0600139477972266,0.8541780352329482,0.6704141468602886
2022-03-03,1.0808486930409964,0.8541780352329482,0.6505343517227631
2022-03-04,1.0784617416722566,0.8541780352329482,0.6596479410057804
2022-03-07,1.063064829846408,0.8540926174294249,0.6206604486170267
2022-03-08,1.0556069181391108,0.8339379683938962,0.6351213953108356
2022-03-09,1.0622012750683836,0.8270491723368307,0.6383635639562576
2022-03-10,1.065765646827867,0.8397245570818311,0.6576619508706183
2022-03-11,1.049508219343884,0.8485028514859774,0.6662638360634763
2022-03-14,1.0449148645951605,0.8192549916551223,0.6517570015169966
2022-03-15,1.0653498696443406,0.7757571651233661,0.6328965529957306
2022-03-16,1.052819428946162,0.8172473996613489,0.6514758468156892
2022-03-17,1.0477819443327618,0.8333475001604334,0.6469236645723595
2022-03-18,1.0348276134737653,0.8329886135681348,0.668993612377655
2022-03-21,1.0265559872725851,0.8329886135681348,0.6697821455178214
2022-03-22,1.0263253559890761,0.8329886135681348,0.6700011952657683
2022-03-23,1.016818720999095,0.8329886135681348,0.6757311186968549
2022-03-24,1.019856779443316,0.8329886135681348,0.6630951022396315
2022-03-25,1.0087857121153243,0.8329886135681348,0.6715096297605132
2022-03-28,1.014473311167174,0.8329886135681348,0.6715096297605132
2022-03-29,1.0227471372878134,0.8329886135681348,0.6715096297605132
2022-03-30,1.0220714136364584,0.8329886135681348,0.6715096297605132
2022-03-31,1.038910896557237,0.8329886135681348,0.6715096297605132
2022-04-01,1.0752202738177086,0.8329886135681348,0.6714424787975372
2022-04-06,1.06774350084661,0.8329886135681348,0.6798388952067692
2022-04-07,1.076526650013977,0.8329886135681348,0.6769166358595025
2022-04-08,1.0659977713610302,0.8329886135681348,0.6920584794436991
2022-04-11,1.081195397633428,0.8329134695947003,0.6943012314254899
2022-04-12,1.0587033405006936,0.8540914800076163,0.7133003954456673
2022-04-13,1.0721783124145312,0.8401098574368719,0.699823406970835
2022-04-14,1.0708928687583479,0.8511365822247567,0.7098139373253388
2022-04-15,1.0621328973980444,0.8567142234520759,0.7098139373253388
2022-04-18,1.074008732356725,0.8567142234520759,0.7098139373253388
2022-04-19,1.086308406747244,0.8567142234520759,0.7098139373253388
2022-04-20,1.0900164290044732,0.8567142234520759,0.7098139373253388
2022-04-21,1.078861483626498,0.8567142234520759,0.7098139373253388
2022-04-22,1.0774657031678625,0.8567142234520759,0.7098139373253388
2022-04-25,1.0421609962040261,0.8566628594585971,0.7097383329285938
2022-04-26,1.0258629656969582,0.8660364686788673,0.7154529243790527
2022-04-27,1.0179463230465662,0.877268246719512,0.7235267268422432
2022-04-28,1.0201716606391944,0.8931775941361515,0.7274353346499164
2022-04-29,1.0029835256831638,0.9044440974509373,0.7273625911164514
2022-05-05,1.0150894663944379,0.9044440974509373,0.7317780877635235
2022-05-06,1.0072798366977362,0.9044440974509373,0.7527332264692034
2022-05-09,0.9857977230223383,0.9044440974509373,0.7526579531465565
2022-05-10,1.004045324587712,0.9044440974509373,0.7555061040918437
2022-05-11,0.9992603930744385,0.9044440974509373,0.7636286246769344
2022-05-12,0.9878765622271026,0.9044440974509373,0.7544919235122638
2022-05-13,0.9949259798227615,0.9044440974509373,0.7604902084114873
2022-05-16,1.0036736081410498,0.9044440974509373,0.7627376464042598
2022-05-17,1.003257824423316,0.9044440974509373,0.7682264571931513
2022-05-18,1.0034867528194795,0.9044440974509373,0.7682264571931513
2022-05-19,1.0066930487639,0.9044440974509373,0.7682264571931513
2022-05-20,1.0022388280245143,0.9044440974509373,0.7682264571931513
2022-05-23,1.0195588762906178,0.9044440974509373,0.7682264571931513
2022-05-24,1.0162894599119403,0.9044440974509373,0.7682264571931513
2022-05-25,1.0033891285223047,0.9044440974509373,0.7682264571931513
2022-05-26,1.020134191126157,0.9044440974509373,0.7682264571931513
2022-05-27,1.0134350198185116,0.9044440974509373,0.7682264571931513
2022-05-30,1.0013028340622867,0.9044440974509373,0.7682264571931513
2022-05-31,1.0008079883497096,0.9044440974509373,0.7682264571931513
2022-06-01,1.0139140633392176,0.9044440974509373,0.7682264571931513
2022-06-02,1.0012360416796355,0.9044440974509373,0.7682264571931513
2022-06-06,0.9786971661427201,0.9043701143203642,0.7682264571931513
2022-06-07,0.9594047222981462,0.8790203603936653,0.7681680148143574
2022-06-08,0.9631523323452102,0.8632240705745984,0.7543637787141712
2022-06-09,0.9625494980608175,0.863746637683753,0.754820445427405
2022-06-10,0.9696679038180819,0.8649676707204719,0.7558874952548048
2022-06-13,0.9887938060093119,0.8807181279203016,0.7695941749403348
2022-06-14,0.9823297518595534,0.8850996069550587,0.7695941749403348
2022-06-15,0.9945343012726259,0.8962976041757025,0.7694718943093852
2022-06-16,0.9993843245793844,0.8962976041757025,0.7692379813043941
2022-06-17,1.0000107569522272,0.8962976041757025,0.7633788233390447
2022-06-20,0.9775249591013363,0.8962976041757025,0.7366638790204875
2022-06-21,0.9794556230060203,0.8962976041757025,0.7392551856490803
2022-06-22,0.974655532497938,0.8962976041757025,0.7115230493715203
2022-06-23,0.9922066723001984,0.8962976041757025,0.7286554674173141
2022-06-24,0.9936742844459445,0.8962976041757025,0.6876140274834301
2022-06-27,0.9972342927775071,0.8962976041757025,0.7094748928494115
2022-06-28,0.9947643414839311,0.8962976041757025,0.7317989570181875
2022-06-29,1.0072224779092585,0.8962976041757025,0.7052970121984243
2022-06-30,1.0053997622638287,0.8962976041757025,0.7052970121984243
2022-07-01,0.9852550354569158,0.8962976041757025,0.7051559527959846
2022-07-04,0.9865766964957912,0.8962976041757025,0.6979691790299707
2022-07-05,0.9618785645183047,0.8962976041757025,0.6843627058947034
2022-07-06,0.9466193238766535,0.8962976041757025,0.6476477368136989
2022-07-07,0.9364730876850534,0.8962976041757025,0.6589634626462909
2022-07-08,0.9487749743289264,0.8962976041757025,0.6805621701898371
2022-07-11,0.9413422232567237,0.8962976041757025,0.6786996426468018
2022-07-12,0.9451585384509521,0.8962976041757025,0.680738651407519
2022-07-13,0.9300207110433455,0.8962976041757025,0.6832220095147453
2022-07-14,0.9270004587527945,0.8962976041757025,0.6738699995772136
2022-07-15,0.9204643476747371,0.8962976041757025,0.6522248772234401
2022-07-18,0.9477688330730525,0.8962976041757025,0.6953041739109832
2022-07-19,0.9449287686850604,0.8962976041757025,0.6925318614979656
2022-07-20,0.9553375167658312,0.8962976041757025,0.7004733849689603
2022-07-21,0.9515746054750733,0.8962976041757025,0.7059798699341442
2022-07-22,0.9593966446158478,0.8962976041757025,0.6929126596235333
2022-07-25,0.9758789960841455,0.8962976041757025,0.6952520341422709
2022-07-26,0.9807455623410146,0.8962976041757025,0.684557738409624
2022-07-27,0.9739148120103863,0.8962976041757025,0.6894166847644481
2022-07-28,0.980824437676525,0.8962976041757025,0.6550093759241361
2022-07-29,0.9743294025349013,0.8962976041757025,0.6523838139256405
2022-08-01,0.9775146839340484,0.8962976041757025,0.6515106441687535
2022-08-02,0.9778585090185445,0.8962976041757025,0.6482230334689627
2022-08-03,0.9879162259927322,0.8962976041757025,0.6531034637241546
2022-08-04,0.991195977741519,0.8962976041757025,0.6682268097086798
2022-08-05,0.9988818133840239,0.8962976041757025,0.6551721766822428
2022-08-08,1.0131593792454898,0.8962976041757025,0.6599238845684188
2022-08-09,1.0307379891100863,0.8962976041757025,0.6520201721147388
2022-08-10,1.0157566316573017,0.8962079744152849,0.6466483920015618
2022-08-11,1.0079159810806835,0.8916095673688501,0.6492591759396261
2022-08-12,1.0084275813378596,0.8994379236243597,0.6424870702523214
2022-08-15,1.0053958675729726,0.8936297094159791,0.6451188903768117
2022-08-16,0.9889200351171583,0.8927081606379719,0.6352016546383856
2022-08-17,0.9882662200242339,0.8823264955744494,0.6411629173474485
2022-08-18,1.008254035261659,0.8808598202866377,0.6383561850143269
2022-08-19,1.0100927968230504,0.9030116848820112,0.64671254639519
2022-08-22,1.00409177888199,0.9057057799548894,0.64671254639519
2022-08-23,1.036265873045105,0.9435774581310874,0.6466478751405506
2022-08-24,1.0368735858215257,0.9435774581310874,0.6417808135316547
2022-08-25,1.029302173869241,0.9435774581310874,0.6500469239583891
2022-08-26,1.0190560380413494,0.9435774581310874,0.6599904705482337
2022-08-29,1.0142398547340548,0.9435774581310874,0.6599904705482337
2022-08-30,1.0167829772723636,0.9435774581310874,0.6599904705482337
2022-08-31,1.0204266994146531,0.9435774581310874,0.6599318266812059
2022-09-01,1.0483480386983537,0.9435774581310874,0.6543492030868873
2022-09-02,1.0510392932068073,0.9435774581310874,0.6535649633296772
2022-09-05,1.0860714587807128,0.9435774581310874,0.6619791760428667
2022-09-06,1.0472880987081972,0.9435774581310874,0.6619791760428667
2022-09-07,1.0421608395447977,0.9435774581310874,0.6619791760428667
2022-09-08,1.0362187557147537,0.9435774581310874,0.6619791760428667
2022-09-09,1.0512693623017948,0.9435774581310874,0.6619791760428667
2022-09-13,1.0795725863856542,0.9434831003852743,0.6619791760428667
2022-09-14,1.0804810292252618,0.9476660303869824,0.6619791760428667
2022-09-15,1.081271418636899,0.9610299501623555,0.6619791760428667
2022-09-16,1.0609737214021109,0.9576536843399532,0.6619129781252624
2022-09-19,1.0544821866866276,0.9574142110505458,0.6573953718539323
2022-09-20,1.064064261844443,0.9547813219701567,0.6573284443536163
2022-09-21,1.067218232054526,0.9435934081998756,0.6519742443283361
2022-09-22,1.0540953611146722,0.9391754006208225,0.6475235655573219
2022-09-23,1.062020501667568,0.9460861835540146,0.646586580552898
2022-09-26,1.0259787372649123,0.9536115311943195,0.6427382492847279
2022-09-27,1.0107185154224614,0.9518976355595347,0.6508391304983517
2022-09-28,0.9927988064687544,0.9443564947664811,0.6508391304983517
2022-09-29,0.9893758318539286,0.9481270651630079,0.6508391304983517
2022-09-30,0.9987790634830349,0.9505265190517068,0.6508391304983517
2022-10-10,1.031197761735418,0.961057619335468,0.6507895423573926
2022-10-11,1.0483640122345825,0.961057619335468,0.6572962885761308
2022-10-12,1.0474703612946832,0.961057619335468,0.6624554725938474
2022-10-13,1.0486872633331021,0.961057619335468,0.6681053492855735
2022-10-14,1.0452440401178391,0.961057619335468,0.668038538750645
2022-10-17,1.0573018511647094,0.961057619335468,0.6687341586171006
2022-10-18,1.0762615164452471,0.961057619335468,0.6690826936453058
2022-10-19,1.066100171106759,0.961057619335468,0.6795176308568422
2022-10-20,1.0660834537173107,0.961057619335468,0.6795176308568422
2022-10-21,1.0712452613212367,0.961057619335468,0.6795176308568422
2022-10-24,1.0661843669129152,0.961057619335468,0.6794496790937565
2022-10-25,1.0724488308391877,0.961057619335468,0.6786263305429406
2022-10-26,1.074769998536977,0.961057619335468,0.6842026457280119
2022-10-27,1.0798072562674428,0.961057619335468,0.6797555081704636
2022-10-28,1.0749277816576286,0.961057619335468,0.6797555081704636
2022-10-31,1.0737585322003598,0.961057619335468,0.679679807556789
2022-11-01,1.078882555579196,0.961057619335468,0.7084936616064763
2022-11-02,1.0797415385056128,0.961057619335468,0.7090657788165889
2022-11-03,1.0814108736041397,0.961057619335468,0.7146146876883669
2022-11-04,1.104287806843996,0.961057619335468,0.6892115583511402
2022-11-07,1.1074257436309205,0.961057619335468,0.689102194409796
2022-11-08,1.1152953015678104,0.961057619335468,0.6936251122349705
2022-11-09,1.1066483019180622,0.9609615135735344,0.6945862862435402
2022-11-10,1.099893129544901,0.9602942784800448,0.7004559105415742
2022-11-11,1.1167364543856846,0.9527269101756225,0.6774734145308633
2022-11-14,1.1188537630848894,0.9604101917092971,0.6794873283403131
2022-11-15,1.1259109511673397,0.9567917515660339,0.6748224401996643
2022-11-16,1.1231284134013124,0.951688358185496,0.6705595436375789
2022-11-17,1.1179084180559031,0.950332543566348,0.6697489434907778
2022-11-18,1.1170198681891292,0.9509852124704407,0.6643461565713413
2022-11-21,1.115652307478369,0.956167057180284,0.6683602833342628
2022-11-22,1.1245469838949829,0.9568737524179056,0.6787816468693785
2022-11-23,1.1182255160006636,0.9568737524179056,0.6787816468693785
2022-11-24,1.1150466820860307,0.9568737524179056,0.6787816468693785
2022-11-25,1.1061867605339397,0.9568737524179056,0.6787137687046916
2022-11-28,1.1166853213678802,0.9568737524179056,0.678251114465629
2022-11-29,1.1188531447787025,0.9568737524179056,0.6837954015048576
2022-11-30,1.1190709878425582,0.9568737524179056,0.6846663013623786
2022-12-01,1.1201209582925082,0.9568737524179056,0.6845978347322423
2022-12-02,1.1078123729082265,0.9568737524179056,0.6883495360544626
2022-12-05,1.106215611555393,0.9568737524179056,0.6768661089384543
2022-12-06,1.1116774531142475,0.9568737524179056,0.6716955746999449
2022-12-07,1.1074497457889005,0.9568737524179056,0.6687736490966252
2022-12-08,1.083206295825123,0.9567780650426638,0.677023874770798
2022-12-09,1.078149343091259,0.9533208723957166,0.6757696043679187
2022-12-12,1.0799826947990094,0.9676936218220247,0.6813156646725019
2022-12-13,1.0883252970658004,0.9694623101872466,0.683413605314067
2022-12-14,1.0878371914996101,0.9871170198992307,0.6833452639535357
2022-12-15,1.085315707200144,0.9871170198992307,0.6833452639535357
2022-12-16,1.0814497136364225,0.9871170198992307,0.6837549046642261
2022-12-19,1.0756151845585122,0.9870183081972408,0.6805310881742694
2022-12-20,1.0657554114639554,0.9910154125770891,0.6776665580117082
2022-12-21,1.0676960441869405,1.001407883964695,0.6894260161106229
2022-12-22,1.061756321533552,1.0059379355951898,0.6810195885985745
2022-12-23,1.0564523413984697,1.0094020927243919,0.6733108721409824
2022-12-26,1.0608665470663992,1.0333847190034824,0.6899620106796684
2022-12-27,1.0659420909657948,1.0373818233833307,0.6899620106796684
2022-12-28,1.0540045359870198,1.0229922476158764,0.6898930144786005
2022-12-29,1.0607542157615701,1.0343483142800136,0.6908297327603095
2022-12-30,1.0720252995301476,1.0343483142800136,0.6850375958665565
2023-01-03,1.0752794655439122,1.0343483142800136,0.6854994189648936
2023-01-04,1.0625722949780914,1.0343483142800136,0.6920592645740407
2023-01-05,1.0686594426846105,1.0343483142800136,0.6920592645740407
2023-01-06,1.062874491636693,1.0343483142800136,0.6920592645740407
2023-01-09,1.0825132779401332,1.0343483142800136,0.6920592645740407
2023-01-10,1.0821257363010488,1.0343483142800136,0.6920592645740407
2023-01-11,1.0882618742962955,1.0343483142800136,0.6919900586475832
2023-01-12,1.0978116880620936,1.0343483142800136,0.6852736845489449
2023-01-13,1.1044478442605818,1.0343483142800136,0.6855731050344746
2023-01-16,1.1226968618377131,1.0343483142800136,0.6854732109495212
2023-01-17,1.1182290823472625,1.0343483142800136,0.6878014231072708
2023-01-18,1.1255296856640313,1.0343483142800136,0.6878014231072708
2023-01-19,1.1203585596034396,1.0343483142800136,0.6878014231072708
2023-01-20,1.116014692870894,1.0343483142800136,0.6878014231072708
2023-01-30,1.1182502070719347,1.0343483142800136,0.6878014231072708
2023-01-31,1.127244242229417,1.0343483142800136,0.6878014231072708
2023-02-01,1.126816808998841,1.0343483142800136,0.6877333066917939
2023-02-02,1.1357446296998643,1.0343483142800136,0.6818074057251516
2023-02-03,1.1330224252649406,1.0343483142800136,0.6829574107749316
2023-02-06,1.148636109551589,1.0343483142800136,0.6845710234446887
2023-02-07,1.1578904077861532,1.0343483142800136,0.6785344516223928
2023-02-08,1.1580555817264886,1.0343483142800136,0.6842110408162748
2023-02-09,1.1520971509574358,1.0343483142800136,0.6878189247877552
2023-02-10,1.150212232036523,1.0343483142800136,0.6823794710527789
2023-02-13,1.1533535732111,1.0343483142800136,0.68210749836603
2023-02-14,1.1483386352538203,1.0343483142800136,0.6844870417969329
2023-02-15,1.148025075452842,1.0343483142800136,0.6831750687665304
2023-02-16,1.1514442306778647,1.0343483142800136,0.682614586916015
2023-02-17,1.1501905780192117,1.0343483142800136,0.6797464583995612
2023-02-20,1.1492090621116622,1.0343483142800136,0.6776133628188095
2023-02-21,1.147451603306881,1.0343483142800136,0.6780844183369317
2023-02-22,1.150403296196267,1.0343483142800136,0.677612707437219
2023-02-23,1.149813922028693,1.0343483142800136,0.680842331604126
2023-02-24,1.148522227243872,1.0343483142800136,0.680842331604126
2023-02-27,1.1584930184553646,1.0343483142800136,0.680842331604126
2023-02-28,1.1488264621586717,1.0343483142800136,0.680842331604126
2023-03-01,1.135881353953707,1.0343483142800136,0.680842331604126
2023-03-02,1.1308024707516695,1.0343483142800136,0.680842331604126
2023-03-03,1.1300173160906144,1.0343483142800136,0.680842331604126
2023-03-06,1.1435242958674454,1.0343483142800136,0.680842331604126
2023-03-07,1.1458619524935012,1.0343483142800136,0.680842331604126
2023-03-08,1.1427312887868302,1.0343483142800136,0.680842331604126
2023-03-09,1.1546993398064538,1.0343483142800136,0.680842331604126
2023-03-10,1.156982606063077,1.0343483142800136,0.6807742473709656
2023-03-13,1.1577162480368464,1.0343483142800136,0.679638677316969
2023-03-14,1.1690719146719912,1.0343483142800136,0.6787190359087399
2023-03-15,1.162232986745065,1.0343483142800136,0.6775130311949759
2023-03-16,1.1509766096658203,1.0342448794485857,0.6711348961842896
2023-03-17,1.1399238856373868,1.046701909011351,0.6810031305325475
2023-03-20,1.1206262602278845,1.0407848199690375,0.6678241795749087
2023-03-21,1.1270137068189796,1.0514249294849256,0.6681184548726096
2023-03-22,1.1164479635320714,1.0557213356225403,0.6652557322013197
2023-03-23,1.10913013844408,1.0587725533555534,0.6578457954738614
2023-03-24,1.092575088911983,1.0469490846401275,0.6647113051743675
2023-03-27,1.1054145943461964,1.0297859848919286,0.6648903152778182
2023-03-28,1.0991369804863003,1.044279269123741,0.6696949316631216
2023-03-29,1.0926627240118953,1.0446606713403677,0.6696949316631216
2023-03-30,1.0885841329479093,1.0458048779902476,0.6696949316631216
2023-03-31,1.0927558901009677,1.0389396380909681,0.6696949316631216
2023-04-03,1.0917851013763649,1.0377954314410882,0.6696322127380767
2023-04-04,1.088246386801234,1.0381768336577148,0.654488425404588
2023-04-06,1.0811696113643738,1.0339814092748218,0.6611450348945594
2023-04-07,1.0838756961436524,1.0403618488165474,0.6647615204404909
2023-04-10,1.077704278486855,1.0403618488165474,0.6575193423027313
2023-04-11,1.117482111548211,1.0403618488165474,0.6646588020221563
2023-04-12,1.1290152183520152,1.0403618488165474,0.6571814765609653
2023-04-13,1.122402383772602,1.0403618488165474,0.6585949558255704
2023-04-14,1.1113363660982847,1.0403618488165474,0.668341762179768
2023-04-17,1.1068065592446519,1.0403618488165474,0.6716659344611333
2023-04-18,1.1162064976396135,1.0403618488165474,0.6716659344611333
2023-04-19,1.1188226732035713,1.0403618488165474,0.6715987678676872
2023-04-20,1.122322809232989,1.0403618488165474,0.668235168028617
2023-04-21,1.1238843187277172,1.0403618488165474,0.6781077769195824
2023-04-24,1.1303206506271257,1.0403618488165474,0.6875276820249618
2023-04-25,1.1296662075745214,1.0403618488165474,0.6819533229807373
2023-04-26,1.1280586569430575,1.0403618488165474,0.688170014067611
2023-04-27,1.1261789463428378,1.0403618488165474,0.6856151899717494
2023-04-28,1.1330632823233806,1.0403618488165474,0.6809944789206287
2023-05-04,1.1381666633614926,1.0402578126316657,0.6714098369816832
2023-05-05,1.1316667551467987,1.0341797785816718,0.6733108672679838
2023-05-08,1.1380013660460344,1.046736643468364,0.6957451115042245
2023-05-09,1.132227135673676,1.0448392076923358,0.6922936548483803
2023-05-10,1.139950033878382,1.040873623515561,0.6856646981200236
2023-05-11,1.117309108099209,1.0410566744935366,0.6835483268765481
2023-05-12,1.1104200266948603,1.0485518568066476,0.687890707843519
2023-05-15,1.1227569012827359,1.0485518568066476,0.6736011793183118
2023-05-16,1.1122433947546841,1.0485518568066476,0.675779872233979
2023-05-17,1.127046295352469,1.0485518568066476,0.674593167278015
2023-05-18,1.126953432906033,1.0485518568066476,0.6774859469480299
2023-05-19,1.1376361984107435,1.0485518568066476,0.6860879509882915
2023-05-22,1.1343015545285393,1.0485518568066476,0.7027869337399721
2023-05-23,1.1278586994186763,1.0485518568066476,0.6932787489819846
2023-05-24,1.131172771838177,1.0485518568066476,0.6932787489819846
2023-05-25,1.1269981375142777,1.0485518568066476,0.6932787489819846
2023-05-26,1.143879751023835,1.0485518568066476,0.6932787489819846
2023-05-29,1.1338928835609579,1.0485518568066476,0.6932094211070864
2023-05-30,1.121171950299767,1.0485518568066476,0.6910951720148802
2023-05-31,1.1157396385491907,1.0485518568066476,0.6905698241076094
2023-06-01,1.111244957205886,1.0485518568066476,0.6858488758227872
2023-06-02,1.1252226463512311,1.0485518568066476,0.6857345676768167
2023-06-05,1.110549545655631,1.0485518568066476,0.6832298730107451
2023-06-06,1.1085646931957551,1.0485518568066476,0.685518991994488
2023-06-07,1.100320034419957,1.0485518568066476,0.695616058440762
2023-06-08,1.1031903081290197,1.0485518568066476,0.6895222445383266
2023-06-09,1.106148001185132,1.0485518568066476,0.666680275990873
2023-06-12,1.1020459816168546,1.048447001620967,0.6878498139500486
2023-06-13,1.104244628373239,1.0581886694641351,0.6693990916121618
2023-06-14,1.1002557317298691,1.0581886694641351,0.6656804892116741
2023-06-15,1.0988178238690327,1.0747248664959344,0.6592882272193602
2023-06-16,1.115101844783441,1.0747248664959344,0.636221483103769
2023-06-19,1.1186602038270828,1.0747248664959344,0.6418279347901369
2023-06-20,1.1210662144299977,1.0747248664959344,0.637898115170936
2023-06-21,1.1116486850761924,1.0747248664959344,0.6418729315172995
2023-06-26,1.1148229540210837,1.0747248664959344,0.6396704954993325
2023-06-27,1.1247714910680564,1.0747248664959344,0.6440638153204283
2023-06-28,1.1257006321820744,1.0747248664959344,0.6479914084976981
2023-06-29,1.1387970152419158,1.0747248664959344,0.6421695747415523
2023-06-30,1.1438650427992207,1.0747248664959344,0.6339457285385617
2023-07-03,1.1213347425503355,1.0746173940092847,0.6331832113103922
2023-07-04,1.1227351490022441,1.0882500128159405,0.6355170488605019
2023-07-05,1.1199769964955615,1.0852920809797717,0.634051251927671
2023-07-06,1.1226623471412795,1.086629306313655,0.6337522824357691
2023-07-07,1.1235054938999525,1.098962133377664,0.6367787601050079
2023-07-10,1.1297114171412546,1.0970423093363253,0.6387706808089633
2023-07-11,1.1178321774300224,1.0970423093363253,0.6387706808089633
2023-07-12,1.101072549353433,1.0915762290705737,0.6387068037408824
2023-07-13,1.0996561221807946,1.1063497418985544,0.6454418491230359
2023-07-14,1.0998544173386073,1.1063497418985544,0.625952486005644
2023-07-17,1.0910144153186045,1.1063497418985544,0.6534102155728089
2023-07-18,1.0863165636780954,1.1063497418985544,0.6534102155728089
2023-07-19,1.0873192235253872,1.1063497418985544,0.6533448745512516
2023-07-20,1.0886733936230277,1.1063497418985544,0.6540794778525114
2023-07-21,1.0955658333088025,1.1063497418985544,0.6578457160789545
2023-07-24,1.087450706600305,1.1063497418985544,0.6580663872948836
2023-07-25,1.0786738435642353,1.1063497418985544,0.6580005806561542
2023-07-26,1.0731285802888937,1.1063497418985544,0.6598775179277896
2023-07-27,1.0726713022131225,1.1063497418985544,0.6606865218320738
2023-07-28,1.0803376526159794,1.1062391069243644,0.6439936442857848
2023-07-31,1.0768255431795835,1.121114739388746,0.6415199582332054
2023-08-01,1.070988007430389,1.119251184303326,0.644070353137477
2023-08-02,1.070310481675443,1.130395404525397,0.649115320255177
2023-08-03,1.0610466314079372,1.1609769770421208,0.6490504087231516
2023-08-04,1.0642474828738988,1.1609769770421208,0.6521815960843246
2023-08-07,1.057123963441319,1.1608608793444166,0.6469722844027891
2023-08-08,1.0577665143804396,1.1550977980129722,0.6459289746941536
2023-08-09,1.0551434134614237,1.15832557973831,0.6446296718360854
2023-08-10,1.0454861420341859,1.1442614478593602,0.6394008811678914
2023-08-11,1.0439764813065482,1.1811736797809296,0.6599668362468262
2023-08-14,1.0322554641557729,1.168045944933308,0.6660466905336374
2023-08-15,1.0324252793378739,1.1916608817921992,0.672283852055132
2023-08-16,1.0620094577509698,1.1837950065337655,0.6553163272042152
2023-08-17,1.0797988539559402,1.231165838905683,0.6629350538256166
2023-08-18,1.0882426588025402,1.2301746227854262,0.6676653201156211
2023-08-21,1.1003742676647135,1.2166683812420054,0.6795965680126695
2023-08-22,1.103452254275461,1.1865953200596362,0.6713932717600171
2023-08-23,1.097096097530548,1.1545080732744255,0.6679945109476829
2023-08-24,1.0915367355962116,1.1688304426844662,0.6630003249064598
2023-08-25,1.0936387532926397,1.1832684383914842,0.6718809135848893
2023-08-28,1.1107209619106095,1.2011502035038442,0.676809470475487
2023-08-29,1.1082522269733748,1.2153819751276647,0.6734957137341062
2023-08-30,1.1037518960776722,1.2038552113271368,0.6734957137341062
2023-08-31,1.1049352124518503,1.2015931759807874,0.6734957137341062
2023-09-01,1.090278048020973,1.1267752963060647,0.6734283641627328
2023-09-04,1.0921062233623908,1.131549767900582,0.6762818741803714
2023-09-05,1.0952826184139914,1.1291422152029211,0.6748429765757323
2023-09-06,1.1096503014235508,1.1211511167230703,0.6699995334912684
2023-09-07,1.119671603150852,1.1061814250732191,0.6699995334912684
2023-09-08,1.1128910033301234,1.1188388408247505,0.6699995334912684
2023-09-11,1.1200891124218764,1.110990094133591,0.6699995334912684
2023-09-12,1.1274928414180316,1.1098291849443187,0.6699995334912684
2023-09-13,1.1304079330503194,1.1156216128406877,0.6699995334912684
2023-09-14,1.1189435510956018,1.1043054090028492,0.6699325335379193
2023-09-15,1.1283116275034741,1.1031582773452977,0.6630335990308007
2023-09-18,1.1290488625317978,1.116021804973025,0.6559148637326988
2023-09-19,1.134080083914012,1.116021804973025,0.6947437800997772
2023-09-20,1.136252636153392,1.116021804973025,0.6946793530976922
2023-09-21,1.1468290289824452,1.116021804973025,0.6894156588505835
2023-09-22,1.1472220441709722,1.116021804973025,0.6976773967307409
2023-09-25,1.1492118448959763,1.116021804973025,0.6996821250055267
2023-09-26,1.1475626721527832,1.116021804973025,0.6918047159822966
2023-09-27,1.1476908914457613,1.116021804973025,0.6941602999303708
2023-09-28,1.1505946861615874,1.1159102027925278,0.6952819097166275
2023-10-09,1.1782188286349857,1.104496104962006,0.6900486393158194
2023-10-10,1.178815033624737,1.094247702229069,0.6846022650555091
2023-10-11,1.1778215649872565,1.0938105665674747,0.6868082302092193
2023-10-12,1.1785788736858105,1.101727579105241,0.6835549424017298
2023-10-13,1.1790844080271672,1.1047875287364022,0.6913047865873311
2023-10-16,1.1801768649409934,1.1199282275102684,0.7044659171709631
2023-10-17,1.1806157808219897,1.1199282275102684,0.6974112561969346
2023-10-18,1.1746151753132488,1.1199282275102684,0.6905786124698432
2023-10-19,1.1753549713807758,1.1199282275102684,0.685679007833779
2023-10-20,1.190316653888939,1.1199282275102684,0.6777929571983355
2023-10-23,1.1921833994196767,1.1199282275102684,0.6786920722780769
2023-10-24,1.1868436462798133,1.1199282275102684,0.6826485563472044
2023-10-25,1.1828347082684738,1.1199282275102684,0.6883857470029903
2023-10-26,1.1884149160244855,1.1199282275102684,0.68831690842829
2023-10-27,1.1862627778500434,1.1199282275102684,0.6810321433187368
2023-10-30,1.1777232195434961,1.1199282275102684,0.6781061190724694
2023-10-31,1.1890453183025704,1.1199282275102684,0.6793753016482735
2023-11-01,1.1721760411523425,1.1199282275102684,0.676463433224386
2023-11-02,1.164267374980437,1.1199282275102684,0.6752003646640844
2023-11-03,1.1681437435409414,1.1199282275102684,0.6663918402049417
2023-11-06,1.1597186883901345,1.1199282275102684,0.6663918402049417
2023-11-07,1.1559582189739541,1.1199282275102684,0.6688437418508995
2023-11-08,1.1570437885649956,1.1199282275102684,0.6587203833839944
2023-11-09,1.1539225227760503,1.1199282275102684,0.645438607382138
2023-11-10,1.1673027778478366,1.1199282275102684,0.6435744740593807
2023-11-13,1.1642982860286306,1.1199282275102684,0.6428164907406821
2023-11-14,1.1677994536907819,1.1199282275102684,0.6541978443960024
2023-11-15,1.1668030323292626,1.1199282275102684,0.6541978443960024
2023-11-16,1.1907335051496448,1.1199282275102684,0.6541978443960024
2023-11-17,1.2041138700452616,1.1199282275102684,0.6541978443960024
2023-11-20,1.2131818667334937,1.1199282275102684,0.6541978443960024
2023-11-21,1.2117018762191196,1.1199282275102684,0.6541324246115627
2023-11-22,1.1980833919387386,1.1199282275102684,0.6562584097765105
2023-11-23,1.2048629231774222,1.1199282275102684,0.645684070414395
2023-11-24,1.2109221799632919,1.1199282275102684,0.6541102461220532
2023-11-27,1.2018660960176102,1.1199282275102684,0.644123830150724
2023-11-28,1.2117017404532864,1.1199282275102684,0.639357586164408
2023-11-29,1.2074366914187813,1.1199282275102684,0.6361800901735305
2023-11-30,1.1911679614092292,1.1199282275102684,0.6526848441169455
2023-12-01,1.1876710953905154,1.1199282275102684,0.6526848441169455
2023-12-04,1.2079975768568636,1.1199282275102684,0.6526848441169455
2023-12-05,1.2105902720194672,1.1199282275102684,0.6526195756325338
2023-12-06,1.2551760323470376,1.1199282275102684,0.6547554566223702
2023-12-07,1.2468617751543303,1.1199282275102684,0.668434376391027
2023-12-08,1.2550329759115335,1.1199282275102684,0.6680121719918419
2023-12-11,1.2605049579301293,1.1198162346875173,0.6683554028295904
2023-12-12,1.2816879458812764,1.1398012523340764,0.6687046918404314
2023-12-13,1.305925418491067,1.1345592804923559,0.686094158892408
2023-12-14,1.2947745625751848,1.1168676255265495,0.6793239198248457
2023-12-15,1.2953721615250717,1.1152295093260118,0.6785050566776901
2023-12-18,1.2921699328984058,1.106056058603001,0.6816593076100214
2023-12-19,1.2970159867201254,1.1073665515634312,0.6791560155461079
2023-12-20,1.2942819143081365,1.0991759705607431,0.6799911679098215
2023-12-21,1.2996342506806902,1.0991759705607431,0.6789295503115887
2023-12-22,1.2935528175620037,1.0883644036371949,0.6769050785241774
2023-12-25,1.2946975924018467,1.0955721149195605,0.6926489654145014
2023-12-26,1.2973268665672675,1.0936063754789154,0.6917546754121713
2023-12-27,1.2994557885142752,1.102124579721711,0.692293812229162
2023-12-28,1.3006593741876507,1.1005936618453365,0.697593634455102
2023-12-29,1.3002075998720577,1.0982848586388547,0.7043938985741851
2024-01-02,1.2788961131485617,1.114634275619232,0.7116686510173416
2024-01-03,1.28776236567033,1.1163449474311735,0.7094601897672227
2024-01-04,1.2877472253458107,1.1270568761276047,0.7129565028174103
2024-01-05,1.277663317772945,1.1270568761276047,0.7211240771955593
2024-01-08,1.2762827907499001,1.1270568761276047,0.720983345779061
2024-01-09,1.2779131616754233,1.1270568761276047,0.7193230105174595
2024-01-10,1.2616650180001778,1.1270568761276047,0.7131637807923542
2024-01-11,1.2563824836653934,1.1270568761276047,0.7302118515903951
2024-01-12,1.2553316992896772,1.1270568761276047,0.7275013398918413
2024-01-15,1.2581950398003212,1.1270568761276047,0.725875032872709
2024-01-16,1.2526553184592126,1.1270568761276047,0.7280434422315522
2024-01-17,1.2536679152812016,1.1270568761276047,0.7215382141550231
2024-01-18,1.2482106404608337,1.1270568761276047,0.7282241430114558
2024-01-19,1.2388665442101017,1.1270568761276047,0.728585544571263
2024-01-22,1.2501552565374394,1.1270568761276047,0.7279705836770951
2024-01-23,1.2462683850334146,1.1270568761276047,0.7279705836770951
2024-01-24,1.2501716157520297,1.1270568761276047,0.7279705836770951
2024-01-25,1.2457089174621498,1.1270568761276047,0.7278249895603597
2024-01-26,1.2333430099010794,1.1270568761276047,0.7293713741016682
2024-01-29,1.231952645041943,1.1270568761276047,0.7376892546451824
2024-01-30,1.242036240959181,1.1270568761276047,0.7480721825751387
2024-01-31,1.2587563166607443,1.1270568761276047,0.7448903477516118
2024-02-01,1.2642514607908546,1.1270568761276047,0.7488562775366407
2024-02-02,1.2639135341229668,1.1270568761276047,0.7455305800381954
2024-02-05,1.2661622510062374,1.1270568761276047,0.7433688753003534
2024-02-06,1.2674937368600039,1.1270568761276047,0.7389976840559828
2024-02-07,1.2646981166444324,1.1270568761276047,0.7376461836324503
2024-02-08,1.2660834663497247,1.1270568761276047,0.7273946548219127
2024-02-19,1.2802893925045233,1.1270568761276047,0.7313164208708237
2024-02-20,1.2768022702408992,1.1270568761276047,0.7205003124613057
2024-02-21,1.261960738235149,1.1270568761276047,0.7301576101169943
2024-02-22,1.252502358327784,1.1270568761276047,0.7230977379847541
2024-02-23,1.2562590109689302,1.1270568761276047,0.7233405851602683
2024-02-26,1.2488955832771225,1.1270568761276047,0.7081754912841907
2024-02-27,1.2589813990247491,1.1270568761276047,0.7282592166164544
2024-02-28,1.2548909001371251,1.1270568761276047,0.7282592166164544
2024-02-29,1.2549272095487998,1.1270568761276047,0.7282592166164544
2024-03-01,1.2571121122246907,1.1270568761276047,0.7282592166164544
2024-03-04,1.2899591673396071,1.126944170439992,0.7281863906947927
2024-03-05,1.2819472718188505,1.1102504045199875,0.7173267261131724
2024-03-06,1.284193711951042,1.1027945649850495,0.7172549934405611
2024-03-07,1.2897398735081675,1.0913855858625758,0.7097628947316662
2024-03-08,1.2785034041254657,1.0905226258041725,0.7097628947316662
2024-03-11,1.2477549713353544,1.0860625114729257,0.7097628947316662
2024-03-12,1.2525301378490257,1.090049162866445,0.709691918442193
2024-03-13,1.2403863822790542,1.0609957628369346,0.6892077259676138
2024-03-14,1.248255086457885,1.0470026078218635,0.6810304790071628
2024-03-15,1.2358983917726643,1.0215906876987717,0.6519344501947516
2024-03-18,1.2485519093554283,1.0578764437602595,0.6472392330301068
2024-03-19,1.2452150051306206,1.0894941705974277,0.6573032275884753
2024-03-20,1.233822711453308,1.0848832521003406,0.659500491657238
2024-03-21,1.2312006918169267,1.118918812856853,0.6723565244598676
2024-03-22,1.2425290570501815,1.1259052750973013,0.6752330812853188
2024-03-25,1.261979991611726,1.123840119464708,0.6769221416938661
2024-03-26,1.2514132991957825,1.1221327545525843,0.6929324745058606
2024-03-27,1.2575068241005374,1.117288074048682,0.6807757644268104
2024-03-28,1.2381221030108176,1.1095426511272337,0.6985171240960576
2024-03-29,1.230118812711295,1.0854314358238921,0.6818597945027389
2024-04-01,1.2366336770886446,1.0798336904179868,0.7027516100668868
2024-04-02,1.2359196380470296,1.0784182841126677,0.7018213711265571
2024-04-03,1.2286920633764522,1.064744955081206,0.692922936567261
2024-04-08,1.243969450544964,1.0387515876964861,0.6758681878097984
2024-04-09,1.2498206515734869,1.0346695340115557,0.6613432652678749
2024-04-10,1.2555398117504415,1.0312139473325685,0.6591517743210749
2024-04-11,1.2629448726179333,1.0377838346809058,0.6556693069546312
2024-04-12,1.255979166730193,1.0092233775757506,0.6446116549468386
2024-04-15,1.2476362914215806,1.0209342605898637,0.6446298336285831
2024-04-16,1.2348509479199923,1.0152853372497197,0.6527765576672669
2024-04-17,1.2556942426729651,1.0138886484259901,0.6286960407379708
2024-04-18,1.2587402884926473,1.0178229570944222,0.6272507624834007
2024-04-19,1.2534612619886558,1.0272127007629797,0.6289235257822597
2024-04-22,1.2581643833006433,1.0162054083195602,0.6308502391460061
2024-04-23,1.2610823973637286,1.0235878228462025,0.6353700838442513
2024-04-24,1.2564760465515015,1.0450931173368567,0.6545545773583077
2024-04-25,1.2561410498184502,1.0436487318859917,0.6528447133408548
2024-04-26,1.2535527563209736,1.0483589851823525,0.6578156059584209
2024-04-29,1.2612638886876768,1.0483589851823525,0.6591133926039616
2024-04-30,1.2516147755125149,1.0483589851823525,0.6490157819438565
2024-05-06,1.2388592149847983,1.0483589851823525,0.6558357705629677
2024-05-07,1.2253466955506345,1.0483589851823525,0.6540760681081252
2024-05-08,1.2296152578577653,1.0483589851823525,0.6468491607598147
2024-05-09,1.2269002414778116,1.0483589851823525,0.655026361809276
2024-05-10,1.2293373392895535,1.0482541492838342,0.674345689322879
2024-05-13,1.2143102975050153,1.0553122196156706,0.6918719552207065
2024-05-14,1.2290517831373164,1.060989807684332,0.6935914752517116
2024-05-15,1.228158640214467,1.0525725938193236,0.6935914752517116
2024-05-16,1.2303594560732865,1.0424049933638402,0.6935914752517116
2024-05-17,1.2192264843875842,1.0415923747516715,0.6935914752517116
2024-05-20,1.2255073686166278,1.015813489011792,0.6934527569566613
2024-05-21,1.2258422427403732,1.0274310090471352,0.6992106317662921
2024-05-22,1.2215900073481414,1.0254559398255914,0.7085593075846618
2024-05-23,1.2295445500360425,1.0496787287422278,0.7355934969863023
2024-05-24,1.2346199057340315,1.0496787287422278,0.7286334409521753
2024-05-27,1.2312211865188045,1.0496787287422278,0.7258338458000738
2024-05-28,1.2505550453619212,1.0496787287422278,0.7352941014685236
2024-05-29,1.2534872421090315,1.0496787287422278,0.7401669709710544
2024-05-30,1.2715155729002592,1.0496787287422278,0.7401669709710544
2024-05-31,1.2739727514833215,1.0496787287422278,0.7401669709710544
2024-06-03,1.2919489292083046,1.0496787287422278,0.7400189375768602
2024-06-04,1.2879904201346872,1.0496787287422278,0.7404506370294408
2024-06-05,1.2883615792318655,1.0496787287422278,0.7315176538216878
2024-06-06,1.2958642041307433,1.0496787287422278,0.7452435762827012
2024-06-07,1.302681381834757,1.0495737608693536,0.7522609521116189
2024-06-11,1.2867651997832459,1.0512605005413012,0.7578774942782583
2024-06-12,1.2912159363041231,1.0482992033566778,0.7486975674181325
2024-06-13,1.296436945074006,1.051664529852205,0.7564213843635773
2024-06-14,1.3117581953869468,1.0520879052667993,0.7512702802088028
2024-06-17,1.3018841860694355,1.0588673682085104,0.73371821905604
2024-06-18,1.2926879659776425,1.0630536070015173,0.7356625266290107
2024-06-19,1.2938179195585138,1.0630536070015173,0.7503019363369531
2024-06-20,1.2966852748139746,1.0630536070015173,0.7569722273293282
2024-06-21,1.284410162401614,1.0630536070015173,0.7569722273293282
2024-06-24,1.2716328702433384,1.0630536070015173,0.7569722273293282
2024-06-25,1.2833021745884738,1.0630536070015173,0.7569722273293282
2024-06-26,1.2901126932628706,1.0630536070015173,0.7569722273293282
2024-06-27,1.293930949099056,1.0630536070015173,0.7569722273293282
2024-06-28,1.2986736703853077,1.0630536070015173,0.7569722273293282
2024-07-01,1.3043029340002894,1.0630536070015173,0.7569722273293282
2024-07-02,1.3051631469640717,1.0630536070015173,0.7569722273293282
2024-07-03,1.2978579717535579,1.0630536070015173,0.7569722273293282
2024-07-04,1.287456958951237,1.0630536070015173,0.7569722273293282
2024-07-05,1.2946651109671048,1.0630536070015173,0.7569722273293282
2024-07-08,1.292351534942247,1.0630536070015173,0.7568586814952288
2024-07-09,1.2957984369112623,1.0630536070015173,0.7570102953781926
2024-07-10,1.2997117607214725,1.0630536070015173,0.7483933174770597
2024-07-11,1.2972751221354741,1.0630536070015173,0.756752118732098
2024-07-12,1.290941752639038,1.0630536070015173,0.7626497851668099
2024-07-15,1.2810509737923874,1.0630536070015173,0.7579804473789619
2024-07-16,1.2741886482740474,1.0630536070015173,0.7579804473789619
2024-07-17,1.2797131612121357,1.0630536070015173,0.7579804473789619
2024-07-18,1.275479552198631,1.0630536070015173,0.7579804473789619
2024-07-19,1.2847028925229016,1.0630536070015173,0.7579804473789619
2024-07-22,1.2820909411461452,1.0630536070015173,0.7579804473789619
2024-07-23,1.279739594764045,1.0630536070015173,0.757904649334224
2024-07-24,1.2905891656435664,1.0630536070015173,0.767236980120164
2024-07-25,1.289083768415312,1.0630536070015173,0.762206021610937
2024-07-26,1.2884126924567003,1.0630536070015173,0.7731329223745359
2024-07-29,1.2826511319065736,1.0630536070015173,0.7668996643663617
2024-07-30,1.2834248468109688,1.0630536070015173,0.7489985530549474
2024-07-31,1.2826035096040864,1.0630536070015173,0.7646171509821853
2024-08-01,1.2835136100968767,1.0630536070015173,0.7707312568512744
2024-08-02,1.2830540274382414,1.0630536070015173,0.7750520796277363
2024-08-05,1.2889557894554722,1.0628470039526055,0.774819564003848
2024-08-06,1.292407151770099,1.0649243415415033,0.7706098588394594
2024-08-07,1.278621040704363,1.0536260993868138,0.769577235995822
2024-08-08,1.2729283379392224,1.0603544716839217,0.7753091084402464
2024-08-09,1.2696388163163745,1.0696472346818746,0.7648560861245245
2024-08-12,1.281809583723218,1.0799871102115708,0.7742227838964313
2024-08-13,1.264402589895052,1.0766026316461945,0.7786352792401358
2024-08-14,1.279318305315881,1.0900559603765438,0.7908469692770199
2024-08-15,1.2836705374813284,1.0748827676348267,0.7904752630550556
2024-08-16,1.2873418304556508,1.0725351297647974,0.7777574729349013
2024-08-19,1.2568889806959556,1.0660834903659147,0.7917796056401736
2024-08-20,1.255935136220903,1.063182981576277,0.7968233870698446
2024-08-21,1.267968055167552,1.0694437422202538,0.7894889662761284
2024-08-22,1.2568074181185067,1.056609587030129,0.8018894680676999
2024-08-23,1.2531341674841476,1.0478791680851849,0.812677968033412
2024-08-26,1.2544420103356133,1.0643348781758755,0.7817059530088224
2024-08-27,1.2625347711181145,1.0604504443139198,0.7776259865739616
2024-08-28,1.2603710195162048,1.0440616647199774,0.7840281301295671
2024-08-29,1.2579972232750913,1.0512277101656828,0.7886003562903873
2024-08-30,1.2689629216747653,1.0512277101656828,0.7893326862210047
2024-09-02,1.2735635201620612,1.0687063924389377,0.8008972517936874
2024-09-03,1.2689544768942351,1.0757756565134364,0.7957296588259258
2024-09-04,1.2788078955591549,1.060805450238027,0.7863844602618154
2024-09-05,1.2705900095491873,1.0425085314569713,0.761932916370701
2024-09-06,1.273520039969686,1.0470827611522353,0.7552749164698564
2024-09-09,1.2602627055657951,1.0242116126759155,0.7571857732264208
2024-09-10,1.2492284075813027,0.987617775113804,0.7535593318035938
2024-09-11,1.251295395459475,1.0046671767052424,0.7596821039988414
2024-09-12,1.2513468060788262,1.0138156360957702,0.7751240103564841
2024-09-13,1.240822173264182,1.0150631532853878,0.7760003010855017
2024-09-18,1.2146154600068308,0.9909444876194506,0.7760003010855017
2024-09-19,1.227907778775278,1.0150631532853878,0.7760003010855017
2024-09-20,1.2280463226255305,1.0117364407797413,0.7760003010855017
2024-09-23,1.225590114892633,0.9992612688835669,0.7760003010855017
2024-09-24,1.2321995892509876,1.0248434385485505,0.7759227010553931
2024-09-25,1.2333184105154473,1.0106899962160747,0.765129347927805
2024-09-26,1.2252196344558495,0.9567461757380984,0.765001826369817
2024-09-27,1.2406728775758256,0.892803106356271,0.7260390146391983
2024-09-30,1.2248064251261774,0.892803106356271,0.6879198351470811
2024-10-08,1.2186341547016197,0.8711265567817215,0.6645721642434365
2024-10-09,1.2226753678582176,0.979730267582727,0.6855386565031014
2024-10-10,1.2321615930933767,0.9519654879200752,0.6807701865755773
2024-10-11,1.2270225497216825,0.9537651483080648,0.6722855764532658
2024-10-14,1.23010603027253,0.9460395733888415,0.6752570044154902
2024-10-15,1.231089452340258,1.0048563598686466,0.6824323343729706
2024-10-16,1.2187634757677936,1.0048563598686466,0.6824323343729706
2024-10-17,1.2090629362704166,1.0048563598686466,0.6824323343729706
2024-10-18,1.214206615398684,1.0048563598686466,0.6824323343729706
2024-10-21,1.2260952244735315,1.0048563598686466,0.6824323343729706
2024-10-22,1.2179938595188864,1.0048563598686466,0.6824323343729706
2024-10-23,1.2065083033985462,1.0048563598686466,0.6824323343729706
2024-10-24,1.1988253197709569,1.0048563598686466,0.6824323343729706
2024-10-25,1.184764017751006,1.0048563598686466,0.6824323343729706
2024-10-28,1.1865880351575293,1.0048563598686466,0.6824323343729706
2024-10-29,1.1935226737066615,1.0048563598686466,0.6824323343729706
2024-10-30,1.1971665812514132,1.0048563598686466,0.6824323343729706
2024-10-31,1.1773766190510968,1.0048563598686466,0.6824323343729706
2024-11-01,1.1665003816336779,1.0048563598686466,0.6824323343729706
2024-11-04,1.1680810757187152,1.0048563598686466,0.6824323343729706
2024-11-05,1.1627285715629874,1.0048563598686466,0.6824323343729706
2024-11-06,1.1558226127196676,1.0048563598686466,0.6824323343729706
2024-11-07,1.174626351656321,1.0048563598686466,0.682295847906096
2024-11-08,1.1667543332656516,1.0048563598686466,0.7045863187081135
2024-11-11,1.1772590299707861,1.0048563598686466,0.6878587917094537
2024-11-12,1.1808979764524,1.0048563598686466,0.6807204658763081
2024-11-13,1.1968552352101152,1.0048563598686466,0.6792696397813771
2024-11-14,1.1933967685513374,1.0048563598686466,0.6692398264818546
2024-11-15,1.1853856748444915,1.0048563598686466,0.6724412374395626
2024-11-18,1.1796019893337297,1.0048563598686466,0.6706677376439417
2024-11-19,1.1765132451782363,1.0048563598686466,0.6842883279562746
2024-11-20,1.1781541846661774,1.0048563598686466,0.6801696674676218
2024-11-21,1.1799659216062361,1.0048563598686466,0.6696039250603577
2024-11-22,1.1644585490301584,1.0048563598686466,0.6618447079800232
2024-11-25,1.1671659319469838,1.0048563598686466,0.6651465024822931
2024-11-26,1.166353532838527,1.0048563598686466,0.6636606949562716
2024-11-27,1.165484555758496,1.0048563598686466,0.6693724692657484
2024-11-28,1.1678368290331822,1.0048563598686466,0.6693724692657484
2024-11-29,1.1633675288304968,1.0048563598686466,0.6693724692657484
2024-12-02,1.1627761979749103,1.0048563598686466,0.6693724692657484
2024-12-03,1.1613201574005072,1.0048563598686466,0.6693724692657484
2024-12-04,1.1661428369596134,1.0048563598686466,0.6693055320188219
2024-12-05,1.142279781678173,1.0048563598686466,0.6741229902627194
2024-12-06,1.151179700991811,1.0048563598686466,0.6709113514334545
2024-12-09,1.1521083916672519,1.0048563598686466,0.6702019325324582
2024-12-10,1.1492698409831321,1.0048563598686466,0.6702019325324582
2024-12-11,1.137980663667923,1.0048563598686466,0.6702019325324582
2024-12-12,1.1373437723734539,1.0048563598686466,0.6702019325324582
2024-12-13,1.1421057756425812,1.0048563598686466,0.6702019325324582
2024-12-16,1.151972869295412,1.0048563598686466,0.6702019325324582
2024-12-17,1.140201040377725,1.0047558742326599,0.6700678921459517
2024-12-18,1.1471669315287238,1.0102714600015492,0.677753798520118
2024-12-19,1.1522360696230272,1.008877341151501,0.6811005640698812
2024-12-20,1.1695611622959599,1.0056333625625895,0.6927863911707931
2024-12-23,1.1593280794220573,1.0065542722352658,0.6934492513862819
2024-12-24,1.1601027018219818,1.0033251797028888,0.6934492513862819
2024-12-25,1.1637864554485122,0.9959916014136032,0.6934492513862819
2024-12-26,1.1691286713643494,0.9964432982849927,0.6934492513862819
2024-12-27,1.1633795634225337,0.9828800954952697,0.6934492513862819
2024-12-30,1.1627590682940228,0.9824401312627293,0.6934492513862819
2024-12-31,1.1640036164820058,0.9850775544339044,0.6934492513862819
2025-01-02,1.1797396508048459,0.9855194914255753,0.6934492513862819
2025-01-03,1.182087464888979,0.9854209394764327,0.6933105615360047
2025-01-06,1.1988758843376166,0.9801544380184233,0.6864022545904352
2025-01-07,1.1882885975739028,0.9744522131453511,0.6850353815082273
2025-01-08,1.1879551346082828,0.9819307801652338,0.6926169194357852
2025-01-09,1.1805145943147946,0.9882140035012549,0.6894214549862545
2025-01-10,1.1894923480877588,0.9838887904396162,0.6912165337696489
2025-01-13,1.198158033730421,0.9787727232466118,0.691147412116272
2025-01-14,1.2011487025000775,0.9939098175230411,0.6910782973750603
2025-01-15,1.2057704111901215,0.9952193166238618,0.6810831975942762
2025-01-16,1.1725987872479164,0.9890921968205486,0.6736279270977997
2025-01-17,1.1710862754452454,0.9877953101988434,0.6720269199682981
2025-01-20,1.1834047373769394,0.9899511271132886,0.6764689053689792
2025-01-21,1.1913051039851128,0.9938485724956244,0.6685555880208971
2025-01-22,1.188749034697992,0.9960309365107662,0.6730129995616394
2025-01-23,1.1840317510355374,0.992523785325869,0.6749061444267918
2025-01-24,1.1884416914650051,0.9980836597934926,0.6738867410557527
2025-01-27,1.2073122125887543,0.9980836597934926,0.6738867410557527
2025-02-05,1.1977362511450627,0.9978840430615339,0.6738193523816471
2025-02-06,1.2159344488100832,1.0142847738386969,0.6759423053327741
2025-02-07,1.212235821932857,1.0243176161046028,0.659487716412028
2025-02-10,1.2033932787605846,1.01028084089063,0.6572964950323987
2025-02-11,1.2027606303698597,1.000372626246801,0.6542409625236453
2025-02-12,1.206770593113128,1.0069665018711418,0.6620232922080381
2025-02-13,1.2107107529883265,1.0019286804796825,0.658711210726745
2025-02-14,1.1959501615813504,1.0003856235632942,0.657564996187901
2025-02-17,1.2051863303353545,0.9998840057153576,0.6574992396882822
2025-02-18,1.1982006396162503,0.9984268827881688,0.6620954881822494
2025-02-19,1.1857604142156837,0.9975429661165758,0.6663381790997576
2025-02-20,1.1745824607497928,0.9918821817698281,0.6646216099250388
2025-02-21,1.173717620616863,0.9963574269390099,0.6646216099250388
2025-02-24,1.1955914036093793,0.9655722726307088,0.6646216099250388
2025-02-25,1.1886672887749903,0.9763908157935063,0.6646216099250388
2025-02-26,1.2082822427506243,0.9630023865297255,0.6646216099250388
2025-02-27,1.206475453729393,0.9596083881353525,0.6646216099250388
2025-02-28,1.213580682620616,0.9646100699796916,0.6646216099250388
2025-03-03,1.1984859227805846,0.9621092290575219,0.6646216099250388
2025-03-04,1.2027056687413826,0.9312059805192836,0.6646216099250388
2025-03-05,1.2187287724612637,0.9262042986749446,0.6646216099250388
2025-03-06,1.2250147953549995,0.9102134752398563,0.6646216099250388
2025-03-07,1.2291308390179907,0.914695423415278,0.6646216099250388
2025-03-10,1.2160585825382932,0.9300929748836418,0.6646216099250388
2025-03-11,1.2292199622327749,0.9252655882004986,0.6646216099250388
2025-03-12,1.2352590449166267,0.9062550283468424,0.6646216099250388
2025-03-13,1.234922300483465,0.9124053582481543,0.6646216099250388
2025-03-14,1.2270995444789026,0.9151437383647094,0.6644886856030539
2025-03-17,1.233167948970742,0.9149163734607679,0.6753244244881408
2025-03-18,1.24256508808195,0.9178706488842627,0.6806286595971381
2025-03-19,1.2356570748504125,0.9106658331753532,0.6752860723114891
2025-03-20,1.2348336631869687,0.9018845332634139,0.6687744746306514
2025-03-21,1.2390388773668886,0.9135901486088188,0.6773876626063363
2025-03-24,1.2385821103761416,0.8996499937547208,0.6773876626063363
2025-03-25,1.258927312625152,0.8988804984032687,0.6773876626063363
2025-03-26,1.2624908483970152,0.8978928382292204,0.6773876626063363
2025-03-27,1.2615305574441404,0.9027107998002064,0.6773876626063363
2025-03-28,1.2608481603154262,0.9149060729548786,0.6773199238400757
2025-03-31,1.2549060268701138,0.9149060729548786,0.6730426211588162
2025-04-01,1.2619573159911508,0.9149060729548786,0.6855726787756915
2025-04-02,1.2562181439344389,0.9149060729548786,0.6759388398203748
2025-04-03,1.2399607074800363,0.9149060729548786,0.6551454261284966
2025-04-07,1.2184948203325998,0.9146814799584492,0.6209794383215105
2025-04-08,1.1839628789165089,0.8922495918620588,0.5852753211300693
2025-04-09,1.18107684927735,0.8724559331575304,0.5836058646978489
2025-04-10,1.2116539731014064,0.933084199642805,0.6166053427472485
2025-04-11,1.2369251990976784,0.9401978090932455,0.6164820421038907
2025-04-14,1.2316996008981476,0.9448198380962641,0.6131667531634848
2025-04-15,1.2408396770218937,0.9351080759987385,0.6249627136516899
2025-04-16,1.2485083300484234,0.9148977983555909,0.6256482719754513
2025-04-17,1.262591366772796,0.9295089334356189,0.6129105036544027
2025-04-18,1.2545969946522528,0.9318559330287327,0.6191195553963735
2025-04-21,1.2563296319102664,0.9400583744386052,0.608130656812564
2025-04-22,1.2649983710072228,0.9289264896680639,0.5882186948301288
2025-04-23,1.2695589581575282,0.9469961458552435,0.6215108018224631
2025-04-24,1.2695957656103551,0.9469961458552435,0.6215108018224631
2025-04-25,1.2756541749372405,0.9469961458552435,0.6214486507422808
2025-04-28,1.283612813225033,0.9469961458552435,0.6157962468559562
2025-04-29,1.2899288036202012,0.9469961458552435,0.6198224004621372
2025-04-30,1.2993849664378168,0.9469961458552435,0.6176435408634982
2025-05-06,1.306463019468331,0.9469961458552435,0.6292813052238435
2025-05-07,1.3051351089109164,0.9469961458552435,0.6292813052238435
2025-05-08,1.283945267576999,0.9469961458552435,0.6292813052238435
2025-05-09,1.2835596862653273,0.9469961458552435,0.6292813052238435
2025-05-12,1.2912632411254297,0.9469961458552435,0.6292183770933212
2025-05-13,1.2890939587468004,0.9469961458552435,0.6254075859146614
2025-05-14,1.306160708022879,0.9469961458552435,0.600184507888271
2025-05-15,1.3098155227553205,0.9469961458552435,0.5955727902577652
2025-05-16,1.2995092385364493,0.9469961458552435,0.6054413343704174
2025-05-19,1.2943009005884458,0.9469961458552435,0.6099948595239539
2025-05-20,1.3013776847296106,0.9469961458552435,0.6087394690236663
2025-05-21,1.3044732502261176,0.9469961458552435,0.6087394690236663
2025-05-22,1.307564157423939,0.9469961458552435,0.6087394690236663
2025-05-23,1.3035278354037576,0.9469961458552435,0.6087394690236663
2025-05-26,1.3050880742310222,0.9469961458552435,0.6087394690236663
2025-05-27,1.300033524040682,0.9469961458552435,0.6087394690236663
2025-05-28,1.3073943982111238,0.9469961458552435,0.6087394690236663
2025-05-29,1.2893346045772303,0.9469961458552435,0.6087394690236663
2025-05-30,1.3018945008548524,0.9469961458552435,0.6086785950767639
2025-06-03,1.3127059079979315,0.9469961458552435,0.610715531819466
2025-06-04,1.3186600311661232,0.9469961458552435,0.6190495813344993
2025-06-05,1.3228330333333045,0.9469961458552435,0.6145292534733184
2025-06-06,1.3332363438031403,0.9469961458552435,0.6145292534733184
2025-06-09,1.3442289539976973,0.9469961458552435,0.6145292534733184
2025-06-10,1.3424732951221847,0.9469961458552435,0.6144678005479711
2025-06-11,1.3430784810694918,0.9469961458552435,0.6157592419110396
2025-06-12,1.3452983861592804,0.9469961458552435,0.6162779944316048
2025-06-13,1.3452983861592804,0.9469961458552435,0.6145958568906487
2025-06-16,1.3452983861592804,0.946901446240658,0.6031066491383464
2025-06-17,1.3452983861592804,0.9454739566232098,0.6098071062783834
2025-06-18,1.3452983861592804,0.9321908302883126,0.5816748068592253
2025-06-19,1.3452983861592804,0.9243495417604051,0.5666179533948524
2025-06-20,1.3452983861592804,0.9238959845760281,0.5697013174512662
2025-06-23,1.3452983861592804,0.9272943268439634,0.5696394913269919
2025-06-24,1.3452983861592804,0.9472857472420121,0.5821604357548279
2025-06-25,1.3452983861592804,0.9472857472420121,0.5850387162346059
2025-06-26,1.3451638563206645,0.9472857472420121,0.5849412709287694
2025-06-27,1.347286521220642,0.9472857472420121,0.5794197414338372
2025-06-30,1.3522317952294778,0.9472857472420121,0.5773275538017792
2025-07-01,1.3532480014884178,0.9472857472420121,0.5804658352498662
2025-07-02,1.3454590447784747,0.9471910186672879,0.5790129969116359
2025-07-03,1.3506718239855666,0.9429682561375845,0.5789550956119447
2025-07-04,1.3539826083019078,0.9446101689693863,0.5797079630964856
2025-07-07,1.35421220977432,0.9477768578586372,0.5817837403080941
2025-07-08,1.3478806953243756,0.9474672280455504,0.5812872569737483
2025-07-09,1.3496233533826045,0.947615687341703,0.5807863631719613
2025-07-10,1.3375265137153771,0.9275929604156125,0.5809787314365377
2025-07-11,1.3387038846111339,0.9259927241987842,0.5770923546165437
2025-07-14,1.3357502384445823,0.9248294436429585,0.5742029359022902
2025-07-15,1.3266717971881985,0.9296386089289492,0.5720823184569493
2025-07-16,1.316584068789871,0.9282980231988551,0.5671085515515883
2025-07-17,1.3107928205025843,0.9134168970958181,0.558679938382311
2025-07-18,1.311248843437528,0.9043631780357185,0.5633595859603752
2025-07-21,1.3128707919285683,0.8792287748062511,0.5460231814787895
2025-07-22,1.3150814052808084,0.8522905766899288,0.5325314156489193
2025-07-23,1.315641443968108,0.8628365889815,0.5373969126756037
2025-07-24,1.3285952382498571,0.8549735574118543,0.5385301478977353
2025-07-25,1.3424881878356092,0.8390478397153256,0.5339045275463061
2025-07-28,1.3511525256446124,0.866152559510713,0.5507617642306947
2025-07-29,1.347157629143846,0.849397284960405,0.5494723554181145
2025-07-30,1.3463430831803456,0.8548902350016031,0.5544457894094953
2025-07-31,1.338913447633032,0.8804017084593458,0.5525483322411541
2025-08-01,1.3322556590682468,0.8804017084593458,0.5524654499913179
2025-08-04,1.3274920492862106,0.8804017084593458,0.5726870562572811
2025-08-05,1.307995889489061,0.8804017084593458,0.5818248975427607
2025-08-06,1.3094195529659105,0.8804017084593458,0.580449517678233
2025-08-07,1.3133739290352326,0.8804017084593458,0.580449517678233
2025-08-08,1.307746384388521,0.8804017084593458,0.580449517678233
2025-08-11,1.3061948298116486,0.8804017084593458,0.580449517678233
2025-08-12,1.300727461922578,0.8803136682884999,0.580449517678233
2025-08-13,1.2826448066976401,0.8863093943946314,0.580449517678233
2025-08-14,1.2841365139915755,0.9020405817094211,0.5803914727264652
2025-08-15,1.2910165405575615,0.910470678833721,0.5772285764173292
2025-08-18,1.293877617908653,0.910470678833721,0.5738021054157652
2025-08-19,1.2855295170171426,0.910470678833721,0.5719570825687691
2025-08-20,1.2896008545826545,0.910470678833721,0.5719570825687691
2025-08-21,1.300855507432591,0.910470678833721,0.570902783799057
2025-08-22,1.3109327738768561,0.910470678833721,0.5731607754741493
2025-08-25,1.302792247287614,0.910470678833721,0.562647175450659
2025-08-26,1.3043977851515989,0.910470678833721,0.5658661822203227
2025-08-27,1.3128572466835902,0.910470678833721,0.5740769145151869
2025-08-28,1.314724351691126,0.910470678833721,0.5740769145151869
2025-08-29,1.3287266290412543,0.910470678833721,0.5740769145151869
2025-09-01,1.3472251014427223,0.910470678833721,0.5740195068237355
2025-09-02,1.3429124433475652,0.910470678833721,0.571171591544306
2025-09-03,1.3390351476353453,0.910470678833721,0.5637466017413038
2025-09-04,1.344397225037708,0.910470678833721,0.5648913622990047
2025-09-05,1.3483992546772698,0.9103796317658377,0.5770119993055132
2025-09-08,1.3487395560104527,0.9140044204987492,0.5711394065727341
2025-09-09,1.3312349156213665,0.9319008069299834,0.5593946399193429
2025-09-10,1.33504007875115,0.9319008069299834,0.5600336836419668
2025-09-11,1.3359970380462713,0.9319008069299834,0.5676172793581168
2025-09-12,1.340629671183707,0.9318076168492905,0.563976465006001
2025-09-15,1.3443953649252733,0.933187050775048,0.5675796118332235
2025-09-16,1.3442686419555254,0.933878812858647,0.5675796118332235
2025-09-17,1.3464571069570028,0.9375736845217871,0.5675796118332235
2025-09-18,1.3572087729190336,0.9488853667118174,0.5675796118332235
2025-09-19,1.3573947115439877,0.9488853667118174,0.5675796118332235
2025-09-22,1.3607425561701683,0.9488853667118174,0.5675796118332235
2025-09-23,1.3583839973558538,0.9488853667118174,0.5674660959108568
2025-09-24,1.3587631097670432,0.9488853667118174,0.5654236705071921
2025-09-25,1.3585790098601835,0.9488853667118174,0.5752606625000007
2025-09-26,1.3557657403861496,0.9488853667118174,0.5738063060353402
2025-09-29,1.3601067576233135,0.9488853667118174,0.5745020818399181
2025-09-30,1.3608413565064508,0.9488853667118174,0.569340839390464
2025-10-09,1.3523405505176238,0.9487904781751463,0.5442913358552258
2025-10-10,1.3499427816019232,0.9558339009388919,0.5517882363794011
2025-10-13,1.3534411027270714,0.9702394820623919,0.5347974534248772
2025-10-14,1.3629059885084875,0.9702394820623919,0.5343278041270194
2025-10-15,1.3640815900710426,0.9702394820623919,0.5378115013491271
2025-10-16,1.3664312173022497,0.9702394820623919,0.5361984366139309
2025-10-17,1.3623519537915358,0.9702394820623919,0.5068729784908913
2025-10-20,1.369505021680259,0.9702394820623919,0.5167955956621099
2025-10-21,1.3723604110046768,0.9702394820623919,0.5239237664685868
2025-10-22,1.3848970556503,0.9702394820623919,0.5337119661033943
2025-10-23,1.4031451236911103,0.9702394820623919,0.5260939035280664
2025-10-24,1.4027403501807043,0.9702394820623919,0.5222021174716979
2025-10-27,1.4045086315543853,0.9702394820623919,0.513163761510313
2025-10-28,1.411046302472613,0.9702394820623919,0.5117051810607208
2025-10-29,1.4127195019134062,0.9702394820623919,0.5080459238407413
2025-10-30,1.40715774946461,0.9702394820623919,0.513499610087106
2025-10-31,1.397764114707731,0.9702394820623919,0.5163630560697534
2025-11-03,1.394721047585998,0.9702394820623919,0.5221975660869664
2025-11-04,1.3897999353723862,0.9702394820623919,0.5153224196619326
2025-11-05,1.3794780413540315,0.9702394820623919,0.5212366320538757
2025-11-06,1.377428768778151,0.9702394820623919,0.5212961103781173
2025-11-07,1.379679253495195,0.9702394820623919,0.5157600127555643
2025-11-10,1.3792476695091507,0.9702394820623919,0.5189491908488664
2025-11-11,1.3867974176231204,0.9702394820623919,0.5189491908488664
2025-11-12,1.3963925391756495,0.9702394820623919,0.5189491908488664
2025-11-13,1.3935119854166347,0.9702394820623919,0.5189491908488664
2025-11-14,1.3737752759960788,0.9702394820623919,0.5189491908488664
2025-11-17,1.3842183823695824,0.9701424581141856,0.5188972959297815
2025-11-18,1.3874729593828712,0.9735892772581162,0.5191011466121795
2025-11-19,1.3884366216142503,0.9780733296911089,0.5251246745802091
2025-11-20,1.3888515246427717,0.982653759347435,0.5233360490847471
2025-11-21,1.4030504198166205,0.9817514142975292,0.5185695992758808
2025-11-24,1.4293780461066055,0.9742456695399029,0.5204086578504565
2025-11-25,1.430228090304544,0.9701062342216757,0.5318610318431228
2025-11-26,1.433662515678209,0.9715720943519593,0.5265210423182896
2025-11-27,1.4516316327945844,0.9748067472084581,0.5246364032406402
2025-11-28,1.4601467980214033,0.9720450513120925,0.5242451128978042
2025-12-01,1.4499095742001105,0.9612688554006943,0.5221044509994945
2025-12-02,1.459387852573704,0.9671214383018828,0.5230299642454048
2025-12-03,1.4563750023740776,0.9661996066236214,0.5237753075793949
2025-12-04,1.4397388563976232,0.9591229714831314,0.5274149552430406
2025-12-05,1.431295954186432,0.958514550032669,0.527309472251992
2025-12-08,1.4329373988635206,0.9521807990526916,0.5204011006143887
2025-12-09,1.4407864352921238,0.9470394340470075,0.5287501402390141
2025-12-10,1.4368710427072329,0.9439546150435971,0.5351653387510047
2025-12-11,1.4386187384297509,0.9425835843754147,0.5274573839523752
2025-12-12,1.4515700884803826,0.9494387377163268,0.5258414579761089
2025-12-15,1.450606477231665,0.9453256457117796,0.5241383105568451
2025-12-16,1.4693968854415045,0.9518380413856461,0.524247812857032
2025-12-17,1.467610976935282,0.9446401303776883,0.5185516087803522
2025-12-18,1.4670830791322633,0.941555311374278,0.5104613011066572
2025-12-19,1.4702615805236139,0.9374422193697307,0.5169557795820152
2025-12-22,1.4684135479299614,0.9394987653720044,0.5076705737844575
2025-12-23,1.4651185276009528,0.9408697960401868,0.5066386570598195
2025-12-24,1.4597974309761135,0.9350429157004115,0.5070118127087199
2025-12-25,1.4623659032068956,0.9459176567543008,0.5011883032948017
2025-12-26,1.4589764547492021,0.9459176567543008,0.4941407537443114
2025-12-29,1.4673348370026447,0.9459176567543008,0.502910219306331
2025-12-30,1.4787813468732467,0.9458230649886255,0.506616471155532
2025-12-31,1.4730519130236066,0.9471017802635088,0.5057910876134901
2026-01-05,1.4811096189820885,0.9475291727636277,0.5057910876134901
2026-01-06,1.4942000936030462,0.9141624569733059,0.5057405085047287
2026-01-07,1.4963008170613337,0.9244365984604066,0.5115988856236602
2026-01-08,1.4896836926654349,0.9404225416631967,0.5244353294971537
2026-01-09,1.4842843313901226,0.9320463824523398,0.523872853559157
2026-01-12,1.4774958864137029,0.9303639773826903,0.5309999978312099
2026-01-13,1.4696471994422764,0.9319930902394593,0.5121205995322586
2026-01-14,1.4673618986132622,0.9229068855944697,0.5106302105029505
2026-01-15,1.4672036012298058,0.9281594019192729,0.5122259299107722
2026-01-16,1.4625252451934625,0.9383609290578386,0.5211208834335537
2026-01-19,1.4721954385493794,0.9450904572925743,0.5211208834335537
2026-01-20,1.4727021239587872,0.9450904572925743,0.5211208834335537
2026-01-21,1.4716439019237297,0.9450904572925743,0.5210687713452103
2026-01-22,1.4821076534730369,0.9450904572925743,0.5232682845365089
2026-01-23,1.474253027528763,0.9450904572925743,0.4954586900602416
2026-01-26,1.48554564729737,0.9450904572925743,0.48848300132911493
2026-01-27,1.4920242557597048,0.9450904572925743,0.4993466521004133
2026-01-28,1.4926045995606283,0.9450904572925743,0.4800724374238616
2026-01-29,1.5010667875398205,0.9449959482468451,0.4562683746294798
2026-01-30,1.4967298119982073,0.9756258601040141,0.48435754735824305
2026-02-02,1.504241893377684,1.023421590319054,0.5221152345670297
2026-02-03,1.4948957914356196,1.040324345644811,0.5348884334354441
2026-02-04,1.4892270058991395,1.0494017512827176,0.548102038105753
2026-02-05,1.4939020902284494,1.0430520389645759,0.5327920764692742
2026-02-06,1.494069625564261,1.0368811917821568,0.5447710772391057
2026-02-09,1.4919737137923768,1.0554689103459585,0.5508908430802116
2026-02-10,1.493121917078111,1.0554689103459585,0.5517610809581387
2026-02-11,1.499141814311507,1.055363363454924,0.5550742769472666
2026-02-12,1.50687470602636,1.0535406288030156,0.5550742769472666
2026-02-13,1.509723125344893,1.0535406288030156,0.5550742769472666
2026-02-24,1.5014567164129393,1.0480912807229998,0.5550742769472666
2026-02-25,1.5142669164291318,1.0435968927267607,0.555018769519572
2026-02-26,1.5151046878916063,1.0435968927267607,0.5587210408939776
2026-02-27,1.5098984129022965,1.0355760797169051,0.5576863874043804
2026-03-02,1.4609517342002059,1.0249412399423208,0.5545933003825693
2026-03-03,1.4567576831853957,1.0191786499066267,0.5544823817224928
2026-03-04,1.4523790388358189,1.0108726765792873,0.5505354645581892
2026-03-05,1.4601151539685986,1.0116923220203273,0.5291732797157201
2026-03-06,1.4779124015371705,0.9679176646032578,0.5172089323407277
2026-03-09,1.4818524620884284,0.9478996977500596,0.4938976243246949
2026-03-10,1.4831080499848819,0.9593747657717182,0.5040083151473769
2026-03-11,1.4462826471879286,0.9004522230577067,0.4655388244266577
2026-03-12,1.4365880609446586,0.8658967240457347,0.44671901421014
2026-03-13,1.4321182493996798,0.8590729825189506,0.4374617615524272
2026-03-16,1.4534054327132255,0.8511993162088026,0.43776941907944306
2026-03-17,1.454760626794414,0.8536003697762191,0.43613196856440045
2026-03-18,1.4808348855443272,0.8517529255387022,0.4327669829985271
2026-03-19,1.4849366312417758,0.848950608236777,0.4335426686897823
2026-03-20,1.4781318936953214,0.8683618495831974,0.43883974307167983
2026-03-23,1.501649235376919,0.7841383258268673,0.40488894096856287
2026-03-24,1.4981602271701289,0.8496332350048419,0.4328967403729307
2026-03-25,1.510850455618582,0.875881716847055,0.44705067040495383
2026-03-26,1.4965752111108825,0.8433528275181558,0.4402851650689904
2026-03-27,1.4928910921958314,0.8247002104691478,0.4389880286399151
2026-03-30,1.479579354046195,0.8179987825519612,0.43472600894438196
2026-03-31,1.4910415483977013,0.840180129472623,0.43565253496515
2026-04-01,1.502106611996325,0.8960387338928172,0.43540188188075163
2026-04-02,1.5038958650731016,0.8960387338928172,0.4694500310131688
2026-04-03,1.5204642814310794,0.8959491300194279,0.4824081763361986
2026-04-07,1.4668729623306176,0.8942172695876893,0.4814274454869873
2026-04-08,1.412993917692167,0.8849806806184168,0.4769685815816925
2026-04-09,1.4097896404716268,0.8659302158692923,0.47289151896140313
2026-04-10,1.408640074723392,0.869971223543349,0.4689976892281546
2026-04-13,1.4006114454173244,0.8815169597549396,0.4750636473310057
2026-04-14,1.3947850141970661,0.8757440916491442,0.47183979081818445
2026-04-15,1.4048786831974474,0.882094246565519,0.47617853556420453
2026-04-16,1.4235248097073177,0.9032774397076485,0.48289141078339076
2026-04-17,1.4171040036498428,0.9038206011265948,0.4854908328082005
2026-04-20,1.4154660616995043,0.8934881153134748,0.48024502043380296
2026-04-21,1.409282729086477,0.8924250717497468,0.47965652769515466
2026-04-22,1.404565617110618,0.8865029856363644,0.4773338959273481
2026-04-23,1.400451799914013,0.8966627483885332,0.4779197860846202
2026-04-24,1.402918031574016,0.8978033630646826,0.47667441975770264
2026-04-27,1.4011989651924714,0.8945661459078484,0.47660858118740745
2026-04-28,1.397999672136402,0.8948977914923393,0.47873018433231024
2026-04-29,1.398536012403612,0.8830472744062424,0.47873018433231024
2026-04-30,1.4062425197998245,0.8780895236223455,0.47873018433231024
2026-05-06,1.413655686910767,0.8645495697433099,0.4786663536410659
2026-05-07,1.415792819142632,0.8652763774539801,0.47714230439084626
2026-05-08,1.4191638678556322,0.868609504112842,0.47817736985568104
2026-05-11,1.4230119656147167,0.8617239911466755,0.4735382280717531
2026-05-12,1.4228704893671176,0.8700617341025415,0.4791832662141925
2026-05-13,1.4295995405628787,0.8663708676470584,0.4829948146353751
2026-05-14,1.4289842613694999,0.8678536382610981,0.4829948146353751
2026-05-15,1.4369389548664626,0.875128180941987,0.4829948146353751
2026-05-18,1.432657058142096,0.875128180941987,0.4829948146353751
2026-05-19,1.4197861199781259,0.875128180941987,0.4829948146353751
2026-05-20,1.421883956451703,0.875128180941987,0.4829948146353751
2026-05-21,1.423110755693592,0.875128180941987,0.4829948146353751
2026-05-22,1.4262852895220832,0.875128180941987,0.4829948146353751
2026-05-25,1.430469767719448,0.875128180941987,0.4829948146353751
2026-05-26,1.4253216704544112,0.875128180941987,0.4829948146353751
2026-05-27,1.4239652224955228,0.875128180941987,0.4829948146353751
2026-05-28,1.417948360515716,0.875128180941987,0.48294651515391157
2026-05-29,1.421690573365751,0.875128180941987,0.48511628548623154
2026-06-01,1.424157778530349,0.875128180941987,0.48511628548623154
2026-06-02,1.4307147554366222,0.875128180941987,0.48511628548623154
2026-06-03,1.4222821254369307,0.875128180941987,0.48511628548623154
2026-06-04,1.4270651081249557,0.875128180941987,0.48511628548623154
2026-06-05,1.4377365958302888,0.875128180941987,0.48511628548623154
2026-06-08,1.4351167628498507,0.875128180941987,0.4850677738576829
2026-06-09,1.4409701681288,0.875128180941987,0.4913867279014446
2026-06-10,1.451944096979444,0.875128180941987,0.4890870429871575
2026-06-11,1.4517224382363167,0.875128180941987,0.47566185537942773
2026-06-12,1.4504904986921583,0.875128180941987,0.48394900822370546
2026-06-15,1.4647441150623906,0.875128180941987,0.4955854988333146
2026-06-16,1.4707359467589702,0.875128180941987,0.49554062437848423
2026-06-17,1.4739776984111896,0.875128180941987,0.4924171679477138
2026-06-18,1.478943585831868,0.875128180941987,0.4912129223712564
2026-06-22,1.469578143992601,0.875128180941987,0.48481110020070933
2026-06-23,1.4654809508273994,0.875128180941987,0.4934714687775585
2026-06-24,1.4743736495447266,0.875128180941987,0.4867414126450126
2026-06-25,1.488655986509703,0.875128180941987,0.48072150933772906
2026-06-26,1.5018136029927267,0.875128180941987,0.47888144574834546
2026-06-29,1.492988075688632,0.875128180941987,0.4895480901992333
2026-06-30,1.4867861534609141,0.875128180941987,0.4925789296268051
2026-07-01,1.468004811645864,0.875128180941987,0.4925789296268051
2026-07-02,1.4930555863324146,0.875128180941987,0.4925789296268051
2026-07-03,1.4845640549089312,0.875128180941987,0.4925789296268051
2026-07-06,1.475924654048862,0.8750406681238928,0.4925339623563005
2026-07-07,1.479388752890369,0.869546361218951,0.49449129620078014
2026-07-08,1.4917851273250404,0.8678329693741846,0.4939652288170228
2026-07-09,1.489990577745983,0.8675485272341078,0.4940732182309811
2026-07-10,1.499683099493049,0.8684012944627126,0.49743684152698253
2026-07-13,1.5025340861959033,0.8681164793448173,0.48774735839149763
2026-07-14,1.5081999020450578,0.8684011076987008,0.4546045393471934
2026-07-15,1.511403959968261,0.8635592517358022,0.4532771991644985
2026-07-16,1.50987217495911,0.8632775950979237,0.45806318697292897
2026-07-17,1.5058556600883082,0.8649664329103096,0.46119143435861887
2026-07-20,1.4844646330867213,0.8457512360994958,0.4686137114550068
2026-07-21,1.474740083249559,0.8406156421442734,0.4805399541215885
2026-07-22,1.4689607564252947,0.8411497054493208,0.4807971986993158
2026-07-23,1.4678498773693383,0.8333959414766474,0.4749790645447022
2026-07-24,1.4565190637165502,0.8202715959415822,0.4758818494071062
2026-07-27,1.4645743450025714,0.8357868106245083,0.4824048248508421
2026-07-28,1.4804906477778093,0.8523450047213674,0.4919619901729091
2026-07-29,1.4773223468684378,0.8523450047213674,0.49186359777487454
2026-07-30,1.4869754328793139,0.8523450047213674,0.4859782081448505
2026-07-31,1.4922929886100775,0.8523450047213674,0.4861039953227859
2026-08-03,1.4800638041609793,0.8523450047213674,0.4741411758453856
2026-08-04,1.459498625423556,0.8523450047213674,0.4816738943977465
2026-08-05,1.4676447474489644,0.8523450047213674,0.4826423106371918
2026-08-06,1.4673794446670434,0.8522597702208953,0.4863689565915004
