date,dual_ma,donchian,tsmom
2018-01-02,0.0,0.0,0.0
2018-01-03,0.0,0.0,0.0
2018-01-04,0.0,0.0,0.0
2018-01-05,0.0,0.0,0.0
2018-01-08,0.0,0.0,0.0
2018-01-09,0.0,0.0,0.0
2018-01-10,0.0,0.0,0.0
2018-01-11,0.0,0.0,0.0
2018-01-12,0.0,0.0,0.0
2018-01-15,0.0,0.0,0.0
2018-01-16,0.0,0.0,0.0
2018-01-17,0.0,0.0,0.0
2018-01-18,0.0,0.0,0.0
2018-01-19,0.0,0.0,0.0
2018-01-22,0.0,0.0,0.0
2018-01-23,0.0,0.0,0.0
2018-01-24,0.0,0.0,0.0
2018-01-25,0.0,0.0,0.0
2018-01-26,0.0,0.0,0.0
2018-01-29,0.0,0.0,0.0
2018-01-30,0.0,-0.00019999999999997797,0.0
2018-01-31,0.0,0.0,-0.00029999999999996696
2018-02-01,0.0,0.0,0.0
2018-02-02,0.0,-0.022985292582468397,-6.741165640777869e-05
2018-02-05,0.0,-0.03150614674655128,-0.006607410305713657
2018-02-06,0.0,-0.01480675428917888,-0.006769715467506043
2018-02-07,0.0,-0.00197053376693912,-0.004679835471812721
2018-02-08,0.0,0.0,0.0
2018-02-09,0.0,0.0,0.0
2018-02-12,0.0,-0.005897269492272317,0.0
2018-02-13,0.0,-0.01546503882010497,-0.005177170848240764
2018-02-14,0.0,-0.030107948019409858,-0.017944480008063146
2018-02-22,0.0,-0.028500931034126875,-0.024872939822053963
2018-02-23,0.0,-0.06371864957979612,-0.029997889824390223
2018-02-26,0.0,-0.05562108178970693,-0.008642698027163664
2018-02-27,0.0,-0.04314018808344677,0.0
2018-02-28,0.0,-0.037613023787846256,0.0
2018-03-01,0.0,-0.0315536770749093,0.0
2018-03-02,0.0,-0.026454869448242158,0.0
2018-03-05,0.0,-0.04114184054692083,-0.015855925573132534
2018-03-06,0.0,-0.04648905519827151,-0.018531034515393063
2018-03-07,0.0,-0.0667125220251179,-0.036379294798347006
2018-03-08,0.0,-0.07937588379502547,-0.050313296099643634
2018-03-09,0.0,-0.09217773341290303,-0.04930685800413348
2018-03-12,0.0,-0.1036883495691372,-0.05992861205433975
2018-03-13,0.0,-0.09598070766870326,-0.054604613131363
2018-03-14,0.0,-0.11475333874962246,-0.07093340328965902
2018-03-15,0.0,-0.13239896071160961,-0.08334557383041885
2018-03-16,0.0,-0.12384480617202376,-0.08168468267635531
2018-03-19,0.0,-0.08355397166516143,-0.07719027945000323
2018-03-20,0.0,-0.08571972589641064,-0.08293758940418106
2018-03-21,0.0,-0.06977509223429823,-0.07180691958179386
2018-03-22,0.0,-0.06792178350886269,-0.07599392243931735
2018-03-23,0.0,0.0,-0.02175076535103282
2018-03-26,0.0,0.0,0.0
2018-03-27,0.0,-0.03295995243323613,-0.018132248209496438
2018-03-28,0.0,0.0,0.0
2018-03-29,0.0,-0.045962763200033674,-0.03399736139388332
2018-03-30,0.0,-0.06968146106401851,-0.046327235726260185
2018-04-02,-0.00029999999999996696,-0.06424532242332415,-0.05033324277070328
2018-04-03,0.0,-0.058978233044407524,-0.047200043002655345
2018-04-04,0.0,-0.03782400644487216,-0.01907541020443193
2018-04-09,-0.012935955907643404,-0.03989071740722072,-0.03321743122641074
2018-04-10,-0.033914975033412786,-0.057569563085480224,-0.053022366865667414
2018-04-11,-0.029126210248463513,-0.05389486793439735,-0.05178229864439876
2018-04-12,-0.025770708167992096,-0.06370749194260439,-0.061459944948749956
2018-04-13,-0.031186116308510314,-0.06685790784518153,-0.0654041590715907
2018-04-16,-0.00800682216906845,-0.04373334763216674,-0.04088412476520331
2018-04-17,-0.01519200702200696,-0.03829180429894641,-0.0403137114022144
2018-04-18,-0.04259644509521776,-0.05761084765917568,-0.06882812407298478
2018-04-19,-0.08879307914666623,-0.09894421441598988,-0.11103209593358365
2018-04-20,-0.062499433266352544,-0.1020499313463118,-0.08751835169632105
2018-04-23,-0.08686045658490327,-0.10503544054386593,-0.09562423654896468
2018-04-24,-0.09189863142558163,-0.11807941093247099,-0.10359739218469188
2018-04-25,-0.08684361785316286,-0.12371852995832677,-0.10167887905195938
2018-04-26,-0.07665825734525389,-0.12424772558385877,-0.11492731902990894
2018-04-27,-0.07830152783026756,-0.13315027324754403,-0.11867264191409654
2018-05-02,-0.09808685257720406,-0.11187411812559878,-0.10160400829376093
2018-05-03,-0.09628166077083133,-0.12887099448661332,-0.11053278041604031
2018-05-04,-0.10111819026984359,-0.12466215733965202,-0.10752028744886277
2018-05-07,-0.10761856776315326,-0.1286156195082876,-0.11205412410114413
2018-05-08,-0.11470304633474182,-0.13066065311599895,-0.11759156604938281
2018-05-09,-0.10194233485925075,-0.14078367989829943,-0.13062613946756674
2018-05-10,-0.10585620271941376,-0.1251557662459536,-0.11613484299189203
2018-05-11,-0.11787583098240129,-0.10490055010827404,-0.10037534085454691
2018-05-14,-0.12796258062373633,-0.10491836079865502,-0.09946552908721629
2018-05-15,-0.12357230696339017,-0.09013583193610575,-0.09525245149928185
2018-05-16,-0.12579551484268203,-0.07914084609104743,-0.08856779657061375
2018-05-17,-0.1246937297835905,-0.06941625305870103,-0.08602952430548305
2018-05-18,-0.12849930527829967,-0.07829897861149504,-0.08485459639982196
2018-05-21,-0.13380850969609803,-0.09473365169335823,-0.08567036428858243
2018-05-22,-0.14173522386521675,-0.1070551232796868,-0.09692667511583375
2018-05-23,-0.14392932988970164,-0.12713516599732144,-0.11527995370168542
2018-05-24,-0.1500438537236627,-0.12754337822052475,-0.11602503253815577
2018-05-25,-0.1523459028448909,-0.13754627163749422,-0.11918471333575609
2018-05-28,-0.14864940837601204,-0.16263809739602142,-0.13774860296108093
2018-05-29,-0.15216848938713157,-0.15399277331631211,-0.13633887529217315
2018-05-30,-0.14401842086579697,-0.1652229763078351,-0.14248326011675305
2018-05-31,-0.1393833645432535,-0.1640827197906246,-0.11902662075550008
2018-06-01,-0.1300307383166066,-0.16107574947852166,-0.11525857206401835
2018-06-04,-0.13252343089238017,-0.16901767498442566,-0.12147677748145991
2018-06-05,-0.14223864019381482,-0.17276329470057894,-0.13309847876227132
2018-06-06,-0.13754660994738954,-0.16996532763084493,-0.13035076684747582
2018-06-07,-0.126140001935947,-0.1595461345611231,-0.12502101505136176
2018-06-08,-0.133982297136366,-0.16941922993682934,-0.1228004861949965
2018-06-11,-0.13172403103913521,-0.17135082303173754,-0.1238828222394559
2018-06-12,-0.1279860871896873,-0.16490174806996427,-0.12360785475752278
2018-06-13,-0.12601471757457694,-0.16923169866109566,-0.1162371507969342
2018-06-14,-0.12090015397279053,-0.16447758579340288,-0.12003411920123919
2018-06-15,-0.11690796906487821,-0.16087627905030222,-0.11685414244614412
2018-06-19,-0.1412082283192625,-0.16217538197603854,-0.09624014679687909
2018-06-20,-0.13414056994322154,-0.15888823405336472,-0.10097739542234652
2018-06-21,-0.13626861596790407,-0.16019353797881197,-0.0995693652776446
2018-06-22,-0.13692579960641527,-0.16424161940077908,-0.10994443933100606
2018-06-25,-0.13253011507195855,-0.16532316843145134,-0.11425328080366737
2018-06-26,-0.13573405385081327,-0.16938416541085244,-0.12240562482016237
2018-06-27,-0.12784950891382163,-0.17136951174131898,-0.13393953220392496
2018-06-28,-0.1175195436246993,-0.1612296488197147,-0.1246381660179765
2018-06-29,-0.11774006385571523,-0.17665219920598263,-0.12838720479690324
2018-07-02,-0.11832722332287215,-0.15782215783198328,-0.12320160527183455
2018-07-03,-0.11592428355078754,-0.16301028569397458,-0.12300447390836455
2018-07-04,-0.10637755123446835,-0.17135771615430428,-0.11590557483455766
2018-07-05,-0.10160245772343401,-0.16813237378720747,-0.11555732692938148
2018-07-06,-0.10485887201357558,-0.17032160297941923,-0.11792300447054915
2018-07-09,-0.10541075585681259,-0.18717035338547416,-0.12205055637734619
2018-07-10,-0.09498359389744959,-0.175354249401105,-0.11675412838402632
2018-07-11,-0.08457320554929504,-0.16147560937677874,-0.10665236125107658
2018-07-12,-0.0943525628664792,-0.18212399127246637,-0.11627281583150417
2018-07-13,-0.09624651649032012,-0.1853341422801026,-0.11870529192217105
2018-07-16,-0.09237220409844882,-0.17905378240489678,-0.11434012210620326
2018-07-17,-0.10097606974035322,-0.18944927503540798,-0.12083515191223415
2018-07-18,-0.10230043604586991,-0.185008865581076,-0.11746907410021079
2018-07-19,-0.09510395292192608,-0.1813781214630401,-0.11085898526410298
2018-07-20,-0.08696263900409906,-0.17432573383337824,-0.0989510692831026
2018-07-23,-0.09311863662072628,-0.17804212808842557,-0.09950185755286345
2018-07-24,-0.08521116766190029,-0.17281650566416673,-0.096996292254386
2018-07-25,-0.08513531337687008,-0.18062037228568717,-0.09739644168545092
2018-07-26,-0.08409686930057969,-0.19057116995935885,-0.08987953421476236
2018-07-27,-0.06156129412190048,-0.17290501839683947,-0.07168313936212978
2018-07-30,-0.04664604630553504,-0.16701431330074368,-0.056374436505582826
2018-07-31,-0.04623319306161311,-0.16565566895755934,-0.05427445228246075
2018-08-01,-0.051311034403893285,-0.17863282822793913,-0.06455697619882028
2018-08-02,-0.04004158973128025,-0.17151567096527354,-0.054308917596216255
2018-08-03,-0.014003572703436884,-0.14323792257941748,-0.01984289951536533
2018-08-06,0.0,-0.1196209269512436,0.0
2018-08-07,-0.01047496077408372,-0.12735349306423327,-0.006106458962292893
2018-08-08,-0.018434342618070643,-0.1394118803352361,-0.014718452349437139
2018-08-09,-0.021709497838328762,-0.14261892099101237,-0.02244758097795485
2018-08-10,-0.026633463019438808,-0.15556841701141977,-0.03765706289958304
2018-08-13,-0.007752095061703046,-0.13578864425670867,-0.016267276257449614
2018-08-14,-0.0011932003624524068,-0.1273094822270533,-0.0083165267848464
2018-08-15,0.0,-0.12159191177375794,-0.006801862317478813
2018-08-16,-0.013997329396551628,-0.13838413393902382,-0.02563517482332478
2018-08-17,-0.025913186372580443,-0.13356786828459322,-0.018942765513294213
2018-08-20,-0.016663273832880576,-0.12137352892207143,-0.003138013924417926
2018-08-21,-0.022157629904150045,-0.12643771090849587,-0.006150259262308055
2018-08-22,-0.013662663634253613,-0.12233394151830679,0.0
2018-08-23,-0.03251408959903257,-0.14202856583755374,-0.017486153962556705
2018-08-24,-0.02743545380522172,-0.1393574010196369,-0.012890122714868224
2018-08-27,-0.05510208903170766,-0.16516406312200982,-0.03211747420023814
2018-08-28,-0.038537477233420825,-0.1512638037279117,-0.016824854130334077
2018-08-29,-0.05114806463538479,-0.1670093566241715,-0.028896263097131558
2018-08-30,-0.03848948527877627,-0.16936073861322842,-0.039753336814079665
2018-08-31,-0.04163791678517614,-0.17626368036304874,-0.04312034611224358
2018-09-03,-0.045906701635454294,-0.17879642894900405,-0.051231240466429795
2018-09-04,-0.04479340445150415,-0.1797773548847149,-0.04987627305129716
2018-09-05,-0.04199775299056174,-0.16959664820415188,-0.052665109757270456
2018-09-06,-0.02775012419135392,-0.1667071090392901,-0.06357748464506541
2018-09-07,-0.03420264640513593,-0.16834695777698094,-0.05910391353234534
2018-09-10,-0.013307508907271504,-0.1565672313051154,-0.06467486527194621
2018-09-11,-0.055398336070321186,-0.18036472753900978,-0.05392586757794926
2018-09-12,-0.0529973149596249,-0.17755755164662645,-0.05705480889878889
2018-09-13,-0.05575344136059579,-0.19718372857889166,-0.07459334817327945
2018-09-14,-0.06484785465883125,-0.19948762957347999,-0.08196489724418543
2018-09-17,-0.06462276110374454,-0.19355282399743134,-0.08964713640337085
2018-09-18,-0.07751174142043671,-0.21658790757111546,-0.09452322305239158
2018-09-19,-0.07641095742970905,-0.2101584868026951,-0.09875709236201358
2018-09-20,-0.06703439337393136,-0.19123034945333706,-0.10111703460997223
2018-09-21,-0.07949367003809815,-0.21473756642285424,-0.09792758141665148
2018-09-25,-0.08220771954459405,-0.18636016758208118,-0.08342968839964693
2018-09-26,-0.08431757272156581,-0.1869848141414795,-0.08304157896403086
2018-09-27,-0.07844450633871325,-0.18811056038816476,-0.07792379260654325
2018-09-28,-0.06999652393640776,-0.17802581469942202,-0.06837378788811521
2018-10-08,-0.05149787624913493,-0.1732068064933071,-0.07756180576130223
2018-10-09,-0.015468332378671956,-0.1565533964323116,-0.0835247848839018
2018-10-10,-0.005533435357329197,-0.15020129532683701,-0.07195930613301726
2018-10-11,-0.05074085470627887,-0.18338913140337398,-0.08495936122349601
2018-10-12,-0.04772299092651988,-0.18195814120549958,-0.07767401278750541
2018-10-15,-0.05739233553962142,-0.1898867465061449,-0.08284726284556143
2018-10-16,-0.0752945396460225,-0.20267654330233875,-0.09279857465469221
2018-10-17,-0.07183558140875146,-0.19746360648775252,-0.08347423697112089
2018-10-18,-0.07778963887311985,-0.20004518171682084,-0.0732448003426025
2018-10-19,-0.0873252325228161,-0.20720626675970744,-0.08077319670501104
2018-10-22,-0.11039220163374941,-0.2208059403013548,-0.08902965899455229
2018-10-23,-0.11682550213643084,-0.2170559908251627,-0.08195183287374852
2018-10-24,-0.122359534730891,-0.2151285831656301,-0.07248592609449889
2018-10-25,-0.134972817725587,-0.22557761075931015,-0.07779003115890426
2018-10-26,-0.13228786581879315,-0.21945089992078926,-0.07239870393997916
2018-10-29,-0.1406002538026948,-0.20814971166020424,-0.05623322439489076
2018-10-30,-0.1462878576327905,-0.2053819378300088,-0.05582695162043161
2018-10-31,-0.1547569788632166,-0.21512755702330633,-0.06927204600263437
2018-11-01,-0.14397309197141173,-0.20785520269809266,-0.05912968671152441
2018-11-02,-0.16788837459632555,-0.21109970910837483,-0.08170529333741017
2018-11-05,-0.16639540623781413,-0.2132575136995951,-0.0775776477637311
2018-11-06,-0.152088132864453,-0.20737859837471373,-0.07447365862473021
2018-11-07,-0.13471414201602372,-0.19421601485685613,-0.06277838716184458
2018-11-08,-0.13804626582610857,-0.19447565779700637,-0.05929113799284613
2018-11-09,-0.11547123238331047,-0.1720067774868701,-0.037244131275169345
2018-11-12,-0.11456519444202473,-0.1669278834592519,-0.029114600039552796
2018-11-13,-0.11449536822769246,-0.16478470763232778,-0.026043568787241234
2018-11-14,-0.08722404341861534,-0.1345022471337638,0.0
2018-11-15,-0.08517812653566947,-0.1383551360384544,0.0
2018-11-16,-0.10002296569323843,-0.15695784551344705,-0.020423193083892177
2018-11-19,-0.08788066355112856,-0.14935230219172024,-0.010009792688842611
2018-11-20,-0.06881131519658212,-0.12342647794969563,0.0
2018-11-21,-0.047364520933219634,-0.10242414942874956,0.0
2018-11-22,-0.04020576541708509,-0.09307836953033632,0.0
2018-11-23,-0.009506716563343898,-0.05272590894793161,0.0
2018-11-26,0.0,-0.014480744408513102,0.0
2018-11-27,0.0,0.0,0.0
2018-11-28,0.0,0.0,0.0
2018-11-29,0.0,0.0,0.0
2018-11-30,0.0,0.0,0.0
2018-12-03,-0.0333271757411473,-0.045854192397791094,-0.04097998967442529
2018-12-04,-0.07262451438728257,-0.08305471536818243,-0.07017293948865211
2018-12-05,-0.09336825584314312,-0.11050843032807234,-0.0890183758779014
2018-12-06,-0.07604987836723953,-0.08658955882590824,-0.07320120011888187
2018-12-07,-0.08223889194991185,-0.09809989366106597,-0.08730219443435139
2018-12-10,-0.07149787284107612,-0.08614945426993703,-0.07016867902228408
2018-12-11,-0.063685487191109,-0.07468160033530913,-0.05449953264167917
2018-12-12,-0.0767863493355756,-0.08912786573923859,-0.06351507887186003
2018-12-13,-0.09869262490781938,-0.12036261450930197,-0.09026008849338751
2018-12-14,-0.09774074692651746,-0.12244097251503216,-0.09343510718343173
2018-12-17,-0.09986047528843212,-0.12263808252896646,-0.0938979607242808
2018-12-18,-0.09229490340505853,-0.11646583564960122,-0.0831476114343005
2018-12-19,-0.08065123249015693,-0.1022250103033111,-0.07503790010704803
2018-12-20,-0.08548097752876638,-0.10998565578947717,-0.0767044235517983
2018-12-21,-0.06950848631831585,-0.08417028368093793,-0.0675907595941847
2018-12-24,-0.046844884732796466,-0.06395518981257153,-0.0418889452141713
2018-12-25,0.0,-0.013305391435619707,-0.02193363474593335
2018-12-26,-0.008369937565514851,-0.01951697837581201,-0.01873468344557927
2018-12-27,-0.028355502569998636,-0.059374628088532666,-0.03300170188518636
2018-12-28,-0.026212107018929398,-0.05991917299839189,-0.02435668349735054
2019-01-02,-0.010810868022420927,-0.043748067480481545,-0.02389283335704928
2019-01-03,-0.04976279104683157,-0.06927497328709609,-0.018277893568293235
2019-01-04,-0.08186868469045916,-0.11084163680564685,-0.019723807648690084
2019-01-07,-0.0967466686292876,-0.1189857684209471,-0.022858753855453773
2019-01-08,-0.0954914343960721,-0.11838572526861701,-0.021287613331307798
2019-01-09,-0.11379082693975806,-0.13727901570252177,-0.026122163939267362
2019-01-10,-0.11648440962860573,-0.13805278266356924,-0.03168843654000497
2019-01-11,-0.11974332402654553,-0.14011793013216944,-0.028966586889310086
2019-01-14,-0.10669408001694591,-0.13445730494719665,-0.022232520534975153
2019-01-15,-0.1153543460743568,-0.1483854159001201,-0.03749570484278031
2019-01-16,-0.11867558962324776,-0.1494454765890949,-0.03815879865854477
2019-01-17,-0.11866417122979067,-0.14349783707083907,-0.04523114345197976
2019-01-18,-0.13228450238397194,-0.1280580433705233,-0.039462825151485026
2019-01-21,-0.13952655223103305,-0.12565430674450917,-0.03245448023740838
2019-01-22,-0.13958830425639523,-0.13472418926891072,-0.04906385937675051
2019-01-23,-0.1372353783226259,-0.1364516189652022,-0.050446449074726285
2019-01-24,-0.13181197943105816,-0.1292996133884895,-0.04417625549704274
2019-01-25,-0.13496470365946933,-0.11962646817969014,-0.028423873389572085
2019-01-28,-0.12718899008516626,-0.12048693055551452,-0.036719890595449556
2019-01-29,-0.12219157131768255,-0.11309773994464434,-0.0340712259319792
2019-01-30,-0.12226611374690577,-0.09663206373490707,-0.01907076617563741
2019-01-31,-0.11644785081029185,-0.08261335529669123,-0.006443093497140784
2019-02-01,-0.1035796723563377,-0.059989157567119644,0.0
2019-02-11,-0.0836659340536533,-0.03018884377582698,0.0
2019-02-12,-0.08932060115587459,-0.04577636777399896,-0.016960437465171507
2019-02-13,-0.09701654913029167,-0.06471060456590383,-0.03608564156161953
2019-02-14,-0.08859461799167745,-0.05755986526956203,-0.028594033937453966
2019-02-15,-0.11336426605019545,-0.07130234966134952,-0.043100079303977745
2019-02-18,-0.08575813392822029,-0.02738415314314513,-0.003912256871005271
2019-02-19,-0.07195540548653401,-0.023063547979510934,-0.0020041161306576516
2019-02-20,-0.07262969893368765,-0.024079854206031648,-0.013479876656150136
2019-02-21,-0.07228516434010068,-0.03193023023470354,-0.018634755037921225
2019-02-22,-0.057071857412557714,-0.018508831343472476,-0.005466501589791006
2019-02-25,-0.06316292068526541,-0.004686749090357489,0.0
2019-02-26,-0.07291182247078976,-0.03594818485686635,-0.013349529702065044
2019-02-27,-0.07826127917237113,-0.032515201332375065,-0.009760659378928782
2019-02-28,-0.071197240650963,-0.03653554166997863,-0.0025116751552303196
2019-03-01,-0.026666763608862887,-0.00014103652887820228,0.0
2019-03-04,-0.035868672204656504,-0.01050909086190921,-0.0172906530350857
2019-03-05,-0.0391670025805555,-0.010231003053574161,-0.02106755871800592
2019-03-06,-0.04520801311661227,-0.00626738140065386,-0.02949315901549876
2019-03-07,-0.0557523092801091,-0.028774841268303653,-0.031263762693011454
2019-03-08,-0.08230768952727696,-0.05731752088629405,-0.059028774211316914
2019-03-11,-0.0894686916937234,-0.053542553304987694,-0.06656816763968532
2019-03-12,-0.0668439613228703,-0.03793600162517219,-0.04963449052223612
2019-03-13,-0.08351489088647235,-0.048877384640955035,-0.04435560907423097
2019-03-14,-0.08268756514734321,-0.05707209855173734,-0.05613808965492495
2019-03-15,-0.09633093900085177,-0.06177820863044392,-0.06546125084807897
2019-03-18,-0.08217076818182223,-0.06458753168771958,-0.06830857659303413
2019-03-19,-0.07939703472512671,-0.058256413015672526,-0.06224281438058077
2019-03-20,-0.08386848431209737,-0.061084858018553456,-0.07563935712546899
2019-03-21,-0.07991101838537296,-0.055787734938445244,-0.08024052313506047
2019-03-22,-0.07546541862858047,-0.05163909853619175,-0.08081513520152395
2019-03-25,-0.10349659834605907,-0.07777660295785171,-0.08644930779937698
2019-03-26,-0.10990657005817961,-0.07817105389158874,-0.08004760784267784
2019-03-27,-0.11277292472741374,-0.07613069787219362,-0.07427873578458544
2019-03-28,-0.10730819468705621,-0.07074013605786833,-0.07411572886851503
2019-03-29,-0.07759356389179661,-0.05036612074924163,-0.04817622397341015
2019-04-01,-0.07295533068836624,-0.05959873949543082,-0.04341937494325954
2019-04-02,-0.07873166490838712,-0.06233643226400987,-0.03557190493285389
2019-04-03,-0.06038070964224307,-0.05323614362150031,-0.02969755102906657
2019-04-04,-0.06712104498475102,-0.08364973594522529,-0.057886112704209625
2019-04-08,-0.07870221968872027,-0.09731711902430662,-0.07795974213498513
2019-04-09,-0.10065140765790948,-0.1191775910578119,-0.0727906582141915
2019-04-10,-0.1061208021873451,-0.12787810194219285,-0.07535706014950727
2019-04-11,-0.10460706192011837,-0.12995851866697838,-0.07533730747058787
2019-04-12,-0.11290273253395233,-0.1369107404226223,-0.08974710086378523
2019-04-15,-0.1080355167790038,-0.12757322678578986,-0.08911594335431439
2019-04-16,-0.10699662410656796,-0.13014599045595288,-0.08115684194331918
2019-04-17,-0.10474895653786143,-0.1286186773992788,-0.07752995410563968
2019-04-18,-0.09404641390003754,-0.13169355646696035,-0.07893464629516833
2019-04-19,-0.08836364150518083,-0.12323156105376176,-0.06893542835939082
2019-04-22,-0.09428922723854871,-0.1305349788900526,-0.07498729639991841
2019-04-23,-0.0949175151121826,-0.13112758426346083,-0.07562897394434831
2019-04-24,-0.1006586299949529,-0.13836750368855233,-0.07613624933539298
2019-04-25,-0.10787935163975493,-0.1449309655669373,-0.07854918073325323
2019-04-26,-0.10162698053613195,-0.1408081426031561,-0.07544876351788499
2019-04-29,-0.10174075124500914,-0.13736691564266146,-0.0749600407675517
2019-04-30,-0.10790291818628228,-0.1376529201578065,-0.07392768020486062
2019-05-06,-0.12406531152729583,-0.15406430794688342,-0.09686373513300839
2019-05-07,-0.1296639988090289,-0.1568787733530762,-0.07881335786359489
2019-05-08,-0.13621408665881685,-0.1661040529469986,-0.0685213505170692
2019-05-09,-0.12965556038232517,-0.1584512123598112,-0.07234780302541333
2019-05-10,-0.12246721671583882,-0.16329985815656922,-0.08037155205533963
2019-05-13,-0.11291753240303759,-0.14770135600545564,-0.06745159364544662
2019-05-14,-0.0997911631184012,-0.1327314352459692,-0.047633743741117396
2019-05-15,-0.10639124093716656,-0.1332504457483764,-0.049333222403075805
2019-05-16,-0.10879357176260174,-0.12204112771043274,-0.07006267447379522
2019-05-17,-0.09056990720047986,-0.10201008724291583,-0.0521647703110405
2019-05-20,-0.08451816921985345,-0.09415930892708457,-0.05336086198483514
2019-05-21,-0.10930323012782905,-0.10433233748961235,-0.06348403920504642
2019-05-22,-0.11221384107481902,-0.11474758708464206,-0.06365853367479801
2019-05-23,-0.09611447743873358,-0.10957988897271476,-0.06741364374787506
2019-05-24,-0.09115790194041928,-0.11398149209872943,-0.07404699838985895
2019-05-27,-0.08506577470648458,-0.09882529371009496,-0.07209397763638392
2019-05-28,-0.0816527773906005,-0.09767017502471087,-0.07488979119334116
2019-05-29,-0.08180199695082913,-0.08209012572121743,-0.0736357054993515
2019-05-30,-0.0856435225496871,-0.09533873556904682,-0.08444541193336375
2019-05-31,-0.08647865986858128,-0.08333376823947869,-0.06695203484838308
2019-06-03,-0.07601839720130443,-0.0743046617363663,-0.0698427950983267
2019-06-04,-0.07439305112781414,-0.06103298502276222,-0.05952478085228585
2019-06-05,-0.06987456747323373,-0.054455367019085155,-0.058084491456101395
2019-06-06,-0.06785460607399474,-0.058057161512407585,-0.06157990731046936
2019-06-10,-0.08650738049498119,-0.08597518396181758,-0.08469773457077723
2019-06-11,-0.08160593584335674,-0.08713197017109742,-0.08610525785582046
2019-06-12,-0.06684694434109295,-0.07119456917286504,-0.06974833491989041
2019-06-13,-0.06725504383938785,-0.0689600325858567,-0.06487485978825047
2019-06-14,-0.06964191968605449,-0.06747055258997747,-0.07000318900048585
2019-06-17,-0.07997588424072966,-0.07361990957117492,-0.08237036230900285
2019-06-18,-0.07476910286722982,-0.06603458778259597,-0.07736633084081079
2019-06-19,-0.09158241923815835,-0.09066149951714508,-0.09624682512297666
2019-06-20,-0.09616587497781581,-0.08346794794423062,-0.09405937821998511
2019-06-21,-0.09652095541384087,-0.0940674679939344,-0.09859116505207066
2019-06-24,-0.10525365880974413,-0.08363223070016024,-0.10058934925888474
2019-06-25,-0.09591223428386031,-0.08652355888897323,-0.09307162933539626
2019-06-26,-0.11383500891892728,-0.07927323969787525,-0.09425585676264436
2019-06-27,-0.10965004897931985,-0.06991422953622473,-0.0801409517214351
2019-06-28,-0.08515043220405205,-0.044553203288750454,-0.055337153658224336
2019-07-01,-0.10630850238063694,-0.009184523526960864,-0.033408253030373425
2019-07-02,-0.10394710909841276,0.0,-0.023671574119123462
2019-07-03,-0.0904723465017363,0.0,-0.0284342691454168
2019-07-04,-0.11605174210701552,-0.04103652610912967,-0.05191801513814076
2019-07-05,-0.1317181513234903,-0.07249253480089846,-0.06937429642938686
2019-07-08,-0.14396213949476733,-0.0726759072795159,-0.060246121408279674
2019-07-09,-0.11864462476094462,-0.05011680077920555,-0.04734866568687346
2019-07-10,-0.11515638810421225,-0.043865969937926796,-0.04210380997252727
2019-07-11,-0.12228167024377523,-0.04394330995054763,-0.03372039235393054
2019-07-12,-0.12376641036450153,-0.05890117828379948,-0.045046475140399056
2019-07-15,-0.12140844781916182,-0.05687250790260345,-0.041157228993662254
2019-07-16,-0.11137834735337204,-0.04793292749104927,-0.027649572844922976
2019-07-17,-0.10484740126617087,-0.06340605856103032,-0.03863351044293639
2019-07-18,-0.1089331784051698,-0.07186266067613511,-0.05027177723331533
2019-07-19,-0.10446314102436594,-0.07143383050808982,-0.03971202950378727
2019-07-22,-0.13507097159428183,-0.09643968321665586,-0.058913141561747207
2019-07-23,-0.1418688575082072,-0.12064959369130734,-0.0835055969487204
2019-07-24,-0.1463089707824955,-0.11699630245839376,-0.08709679388141478
2019-07-25,-0.1408365549823034,-0.11345684094238528,-0.08895948072058157
2019-07-26,-0.13133648670043918,-0.11861001207161648,-0.09141203570284184
2019-07-29,-0.14337659242891732,-0.10866802230191452,-0.07222590257217176
2019-07-30,-0.14308304069551614,-0.1203217729845042,-0.07819602467877518
2019-07-31,-0.1578448807333619,-0.13007786482433825,-0.08311554264607324
2019-08-01,-0.1672532080399658,-0.12806152192179632,-0.07027834827713852
2019-08-02,-0.1668595241454447,-0.11326244643606331,-0.05286472872848169
2019-08-05,-0.12734021137871732,-0.062028401695403135,-0.01665338013199469
2019-08-06,-0.1433845259016827,-0.06569571678292097,-0.0195904444925592
2019-08-07,-0.1363869301911632,-0.062494550381198555,-0.00924542539500317
2019-08-08,-0.12453605610918861,-0.05952994824174007,-0.011268315749451974
2019-08-09,-0.10724722755257454,-0.03226462239447003,0.0
2019-08-12,-0.12029365878068943,-0.05048117649524575,-0.023844826342990566
2019-08-13,-0.11070647409625978,-0.03671640683830568,-0.012087775353505914
2019-08-14,-0.13559429863000805,-0.06234418061375124,-0.03711139424446952
2019-08-15,-0.12381808729998267,-0.05643611954720629,-0.029560982186055296
2019-08-16,-0.1190796251682592,-0.048449932321250166,-0.024048802838166017
2019-08-19,-0.13925522688207814,-0.07591489710180566,-0.04265434360680487
2019-08-20,-0.13851368704610523,-0.06452450323025016,-0.03359818506393586
2019-08-21,-0.12322679724060359,-0.05170228019699885,-0.030574313175737
2019-08-22,-0.1203961500868207,-0.04803980568492816,-0.02534886113669388
2019-08-23,-0.13280879760599673,-0.05989996669965514,-0.03532790858244772
2019-08-26,-0.09985849800562097,-0.022658433533099487,-0.0029963217527207986
2019-08-27,-0.09258945941113417,-0.00952797175633624,-0.00026969251787167803
2019-08-28,-0.10267252404865412,-0.01622320154335155,-0.00011559293643870205
2019-08-29,-0.08762811143599902,0.0,0.0
2019-08-30,-0.10304985099545705,-0.02574074336214749,-0.020135918570116984
2019-09-02,-0.12069414407135848,-0.04576447265233996,-0.024190915873171237
2019-09-03,-0.11725185490949463,-0.047014260445921274,-0.025006201214700985
2019-09-04,-0.11496729852159548,-0.055669217014372996,-0.018218656482752782
2019-09-05,-0.12074460368782536,-0.058648917216720275,-0.030163480171714885
2019-09-06,-0.12903526207982974,-0.06420995168923238,-0.025124506857092777
2019-09-09,-0.16395738565078644,-0.08642457941486781,-0.03861258396664524
2019-09-10,-0.16300459586859983,-0.09072066486901453,-0.03917581084447863
2019-09-11,-0.16523769282740874,-0.0880894872922352,-0.03883540223861248
2019-09-12,-0.18333853331164973,-0.10417327698452261,-0.04832512643660125
2019-09-16,-0.1833759803887538,-0.07916234686342483,-0.031936873870175075
2019-09-17,-0.16626166364856831,-0.07448999515954213,-0.03344876973555666
2019-09-18,-0.1745745118869434,-0.10359117568142484,-0.05051579367402703
2019-09-19,-0.16355691664053107,-0.11753327424372217,-0.06113586487760969
2019-09-20,-0.15631335212401176,-0.10617460072784757,-0.051513463332880205
2019-09-23,-0.16648455617997682,-0.10539556680096906,-0.05684117312343606
2019-09-24,-0.15903900415308103,-0.1220045618772636,-0.06270484724946135
2019-09-25,-0.16677044752204084,-0.12893586179920913,-0.0714959022519781
2019-09-26,-0.16933642235102608,-0.12257789141944664,-0.06848568698223878
2019-09-27,-0.17536747023215637,-0.11445816841266943,-0.06831712445703031
2019-09-30,-0.19051382329729483,-0.09744282121459236,-0.0589296991601963
2019-10-08,-0.19308290409295026,-0.1036675290663357,-0.07170331825310572
2019-10-09,-0.1791816013372406,-0.12757992782919614,-0.08712002804912333
2019-10-10,-0.1832346471478965,-0.12202635661897376,-0.08513424957749871
2019-10-11,-0.17064925065133818,-0.1314409911940837,-0.08577065137754203
2019-10-14,-0.16461594723648165,-0.1403081766322717,-0.08164748525045407
2019-10-15,-0.17027116991646118,-0.1330304699623981,-0.07829962962598891
2019-10-16,-0.15988833941944314,-0.13963428695975588,-0.08536916385139859
2019-10-17,-0.16752068396236297,-0.14705856652852378,-0.10045881240761723
2019-10-18,-0.16302669713492968,-0.1488843190386845,-0.0972504586822901
2019-10-21,-0.16233157099788786,-0.1223500655447115,-0.07659358344844402
2019-10-22,-0.1708188330217968,-0.13456843603629431,-0.08594203917892684
2019-10-23,-0.17444089989321365,-0.1324852746411167,-0.08453159437462643
2019-10-24,-0.17490247299161565,-0.1448406992241853,-0.09820020504017246
2019-10-25,-0.16931643774915905,-0.13968112182332282,-0.10187599019802474
2019-10-28,-0.16557049330583706,-0.1350078488565285,-0.10626276317145333
2019-10-29,-0.16908826290963574,-0.14041944894950575,-0.11015070854245235
2019-10-30,-0.1689387838027735,-0.1398518750747244,-0.11370288136055251
2019-10-31,-0.1708394723241684,-0.14413583289551757,-0.11487352842213328
2019-11-01,-0.17398092980698898,-0.14360545469911945,-0.11255395456877504
2019-11-04,-0.16494815635465288,-0.143343810119544,-0.11133110531662627
2019-11-05,-0.16061033210432762,-0.13921632623732227,-0.11662573274903565
2019-11-06,-0.15537415765550333,-0.1373523643687926,-0.11613055789290327
2019-11-07,-0.1472932047940685,-0.1365298401483961,-0.10998909100364573
2019-11-08,-0.13791246183655337,-0.12202514307145385,-0.09618628683777053
2019-11-11,-0.1270657182470203,-0.11897538984633693,-0.08566930360499247
2019-11-12,-0.13450537263730933,-0.1178437059302736,-0.09070994929770082
2019-11-13,-0.14337998568326327,-0.1263366614704804,-0.09399893945241666
2019-11-14,-0.14878516976184442,-0.12370431750260469,-0.08873026019316343
2019-11-15,-0.1649403007159509,-0.13398670357360865,-0.09294225792664457
2019-11-18,-0.16455804211238778,-0.13550423757123764,-0.09382698444892901
2019-11-19,-0.15760437926319926,-0.12034535817704006,-0.08535208447575582
2019-11-20,-0.14949278892578444,-0.102188548468779,-0.07912571154535109
2019-11-21,-0.15608551840323281,-0.11922322790308504,-0.08486009032789221
2019-11-22,-0.15798337631569415,-0.11942704692451467,-0.08401496658696195
2019-11-25,-0.15413619126766498,-0.11636058652048575,-0.07581031667364846
2019-11-26,-0.1652275373089639,-0.13289837107589542,-0.090677330482139
2019-11-27,-0.1627638753681364,-0.12812046632469098,-0.08799364869704396
2019-11-28,-0.1526192574711528,-0.11626378980478558,-0.07698514794506162
2019-11-29,-0.15488004157127366,-0.12254850871129763,-0.08831444498264784
2019-12-02,-0.15142824651432196,-0.11298670743383155,-0.07861600433693272
2019-12-03,-0.16148172614426404,-0.1252608558742342,-0.09140583680121384
2019-12-04,-0.1572547372647659,-0.121842167551926,-0.08944059986429664
2019-12-05,-0.1667634249124368,-0.13869363312569638,-0.11523442605749101
2019-12-06,-0.1641524012468094,-0.14196319509597877,-0.12144082030745862
2019-12-09,-0.14881847599622722,-0.13496842784022056,-0.11533831637093128
2019-12-10,-0.14716822958613396,-0.12496608546659405,-0.1168167814094433
2019-12-11,-0.14481501165124377,-0.13104599619399515,-0.107913521259978
2019-12-12,-0.14981482129216006,-0.12569030243700818,-0.09924361212859611
2019-12-13,-0.14772357071449715,-0.13786403734987518,-0.10696537354572155
2019-12-16,-0.1714316515762938,-0.13330404549711516,-0.10475153916211166
2019-12-17,-0.16376604515019344,-0.12106413092913226,-0.09628854286186839
2019-12-18,-0.16415704614045978,-0.13286970251657015,-0.10503430491265642
2019-12-19,-0.15904366448736185,-0.13421614271461957,-0.11314916497275862
2019-12-20,-0.1629532862591173,-0.12750050167812033,-0.11195301180879647
2019-12-23,-0.16737622645878647,-0.13284679743246408,-0.11867488468463949
2019-12-24,-0.15989812386625002,-0.1235363686869142,-0.10717396947461155
2019-12-25,-0.1603116491130342,-0.11966934449940458,-0.09702038628098919
2019-12-26,-0.1513140539860841,-0.11013865977179871,-0.09316108629180675
2019-12-27,-0.13970191115123964,-0.09070004705479662,-0.0784869775074124
2019-12-30,-0.13514430571858838,-0.08724170272878373,-0.07342355130230305
2019-12-31,-0.1433638066262718,-0.09688758136139786,-0.08424947340493338
2020-01-02,-0.14246375498081842,-0.09487247980662228,-0.08398828776818712
2020-01-03,-0.12508476854847606,-0.07413593135084873,-0.07332985824662708
2020-01-06,-0.10113380999442423,-0.045269643697618545,-0.06603319047717915
2020-01-07,-0.10447495974832477,-0.05316954568655319,-0.07341299077578789
2020-01-08,-0.0890006061628934,-0.03411473730624903,-0.06116230636214659
2020-01-09,-0.12248621775564039,-0.0811530634076999,-0.08715813077195655
2020-01-10,-0.1143326002539079,-0.07726030495262537,-0.08367562157495267
2020-01-13,-0.10620576655472347,-0.07064251603004001,-0.0764024427190435
2020-01-14,-0.10569367829419951,-0.07467542881980649,-0.07997835892672467
2020-01-15,-0.12069924037736168,-0.09130835840226958,-0.09198204382721675
2020-01-16,-0.1197288052650316,-0.08909735809921093,-0.09607518684903738
2020-01-17,-0.11542991670849545,-0.08303511296810939,-0.08960271258486896
2020-01-20,-0.10795220230607916,-0.07144121209150356,-0.08795743521488064
2020-01-21,-0.13720165501119097,-0.09283610775752427,-0.10611581693368555
2020-01-22,-0.15328806017388585,-0.1017675873657431,-0.10951417292616361
2020-01-23,-0.18863702148529804,-0.10965144441609376,-0.11166098593980289
2020-02-03,-0.20314747099378017,-0.025232988176642324,-0.04405432140383714
2020-02-04,-0.2257576956196412,-0.02792402648464698,-0.047754982894109066
2020-02-05,-0.2301700360597948,-0.0419098534519553,-0.06016858133403902
2020-02-06,-0.23288510873851587,-0.0714765220894753,-0.08585432126982695
2020-02-07,-0.22716955389060345,-0.06791532582342796,-0.08345099629459762
2020-02-10,-0.221899468130212,-0.05849499033109362,-0.07435519745303965
2020-02-11,-0.24100802870873228,-0.07996852209171756,-0.10121826530024502
2020-02-12,-0.24911370558885237,-0.08453804422126265,-0.10662359391983289
2020-02-13,-0.249980744891944,-0.08690317383375024,-0.11144988762659858
2020-02-14,-0.25285113415870575,-0.09270138099515268,-0.11636378169306238
2020-02-17,-0.2709264723706687,-0.11231817159614832,-0.13695714254543734
2020-02-18,-0.2573858708385256,-0.09213138224071105,-0.11370499045245364
2020-02-19,-0.26318628019731105,-0.10288683499466922,-0.11987209892436634
2020-02-20,-0.28665499882446277,-0.12147625497424797,-0.14816762530094107
2020-02-21,-0.28352125770349057,-0.11270573849423016,-0.14613341502673372
2020-02-24,-0.2614370525740628,-0.08505702520716929,-0.11781353624009883
2020-02-25,-0.2694864593201566,-0.10568121354226934,-0.12876008772232395
2020-02-26,-0.2550671440160952,-0.1047715236704394,-0.10713856848401027
2020-02-27,-0.2433501593470374,-0.10957578478057839,-0.09637230516113415
2020-02-28,-0.20034644451942596,-0.06883753168972617,-0.030837099949632796
2020-03-02,-0.23324626096327006,-0.1366373395934205,-0.09943923317725112
2020-03-03,-0.24379438860369174,-0.15056049820007555,-0.10847893544951781
2020-03-04,-0.2390740841051776,-0.14447951561185757,-0.09391494179269855
2020-03-05,-0.23805004819698294,-0.15516203570274067,-0.09319305755037599
2020-03-06,-0.220510806313015,-0.11492252375070222,-0.07941658433472654
2020-03-09,-0.17829065163333713,-0.04726736054269376,-0.036639983977224455
2020-03-10,-0.18232952001541192,-0.06221634831826661,-0.027023097451581934
2020-03-11,-0.1714620104931417,-0.046886759432545055,-0.01351913160376561
2020-03-12,-0.1500201996585835,-0.0031385753316137688,0.0
2020-03-13,-0.15910234365676235,-0.02518266029195393,-0.0006857445121759564
2020-03-16,-0.12605160053288667,0.0,0.0
2020-03-17,-0.12312401619903512,0.0,0.0
2020-03-18,-0.07715407201498392,0.0,0.0
2020-03-19,-0.0484128478259549,0.0,0.0
2020-03-20,-0.0835365959572757,-0.04798125214056759,-0.05024529945819278
2020-03-23,-0.04322361332236413,-0.014455951939557288,-0.01318692078427619
2020-03-24,-0.09255136624226334,-0.051216010196620476,-0.06515589119407239
2020-03-25,-0.0946691772173095,-0.06555707127018984,-0.09352218583304894
2020-03-26,-0.09414521935550668,-0.0660189396620976,-0.07777986954061966
2020-03-27,-0.0827133767316579,-0.051297216561048686,-0.06694845501800617
2020-03-30,-0.04364116328031642,-0.025307733201316074,-0.02288180883922908
2020-03-31,-0.06171324624723862,-0.05655247779953787,-0.04309728719794259
2020-04-01,-0.062104256089308585,-0.04640660367011207,-0.036189657592107016
2020-04-02,-0.10061809152630863,-0.10772316917401403,-0.07743499742633975
2020-04-03,-0.09777229192582915,-0.1030420537216924,-0.07184245368509157
2020-04-07,-0.1187583575818949,-0.13280779710797863,-0.1089510999973522
2020-04-08,-0.13068854828700638,-0.14646799979557412,-0.11704845568018252
2020-04-09,-0.15641635998865722,-0.17895885523367805,-0.14227338702208714
2020-04-10,-0.1570175171261351,-0.20689319427897324,-0.14974202902207645
2020-04-13,-0.1419314710073989,-0.21526333928533103,-0.15339498826513553
2020-04-14,-0.14258644521373542,-0.23233388204472583,-0.16594234535753882
2020-04-15,-0.13730748504734613,-0.2333209093290074,-0.16559566978439666
2020-04-16,-0.12641306123520502,-0.26351193731795775,-0.17079051061122452
2020-04-17,-0.14573498540090968,-0.2582401269219442,-0.1928174500058728
2020-04-20,-0.13610721701002915,-0.26823604595881845,-0.20345955799697102
2020-04-21,-0.09470939707775095,-0.2752161905370507,-0.2276814337987454
2020-04-22,-0.09114063518169746,-0.28423090644968074,-0.22316525807654175
2020-04-23,-0.10663156898253723,-0.28154360367316655,-0.22530881445529016
2020-04-24,-0.10262317497860052,-0.28786127180497023,-0.2219567476607629
2020-04-27,-0.08044465857163607,-0.2555299407409307,-0.20204178168743303
2020-04-28,-0.07996291672323974,-0.23065473855457785,-0.18975451594470372
2020-04-29,-0.08578547772187761,-0.22773964372023836,-0.19159264559697553
2020-04-30,-0.11685060565415173,-0.2392389116485335,-0.17963502373499496
2020-05-06,-0.16302830734401874,-0.2877658302671796,-0.17820497559040194
2020-05-07,-0.18183718604681787,-0.29591917875485396,-0.17277920521196544
2020-05-08,-0.19021097087617655,-0.29777617065815254,-0.16339055939368397
2020-05-11,-0.18541159581636368,-0.294472578342557,-0.16372511757898112
2020-05-12,-0.1821870999503722,-0.29415024542350954,-0.16064157232766707
2020-05-13,-0.19392549423746652,-0.30129987441751827,-0.1648275842132083
2020-05-14,-0.18687938397471338,-0.29666883116363774,-0.1608455694647707
2020-05-15,-0.20858889407243353,-0.2962667290097629,-0.17029644203437277
2020-05-18,-0.2059418712955069,-0.2867810997613841,-0.1579371033879864
2020-05-19,-0.19984850048107972,-0.2743790248114899,-0.14739582645498372
2020-05-20,-0.2125316165668042,-0.2700566188945889,-0.14805302330323744
2020-05-21,-0.2114467791361172,-0.2616273921905844,-0.13422460354861432
2020-05-22,-0.20922431019568988,-0.2891519088646102,-0.15999104554835997
2020-05-25,-0.21607850594129385,-0.2883561022089923,-0.15473836579425893
2020-05-26,-0.22024447354549948,-0.2909535921444205,-0.15329509957435017
2020-05-27,-0.231034481427569,-0.2950118520808711,-0.15164422093527952
2020-05-28,-0.22632347066400837,-0.29063356092965653,-0.14743231176236082
2020-05-29,-0.20914025764966915,-0.27265190489257296,-0.13306898438435355
2020-06-01,-0.19512049582916147,-0.2617757250755324,-0.11713731065759347
2020-06-02,-0.19041165962288575,-0.25888744818052367,-0.11221395609589768
2020-06-03,-0.18706600639950288,-0.25615975057195484,-0.10433851331322741
2020-06-04,-0.20350913633952517,-0.2720395796476277,-0.12262065575873982
2020-06-05,-0.1889392870530957,-0.2585613662185696,-0.10805422390309549
2020-06-08,-0.1754008241904963,-0.24500401306133412,-0.09082882073280207
2020-06-09,-0.17390290871200054,-0.24682422354406375,-0.09028129563223641
2020-06-10,-0.17899109213808828,-0.2533571979442375,-0.0958405442650424
2020-06-11,-0.1822234516133182,-0.25624599386162694,-0.10057369545240291
2020-06-12,-0.18255362470187964,-0.26004723621465087,-0.10017588378287212
2020-06-15,-0.20068571585547657,-0.27615604220834855,-0.12046580365580795
2020-06-16,-0.17699533488661057,-0.2588931025396958,-0.09361160259528367
2020-06-17,-0.17492938097931143,-0.26473224996239886,-0.10969411507909
2020-06-18,-0.16947089866122433,-0.2601484968128257,-0.10282635653077776
2020-06-19,-0.1555562285250589,-0.25065569776390717,-0.09771105344142128
2020-06-22,-0.16382805416902124,-0.26082615792448627,-0.10776271812069327
2020-06-23,-0.16270206546645039,-0.261550237476212,-0.10677375745849016
2020-06-24,-0.15803141132825305,-0.25755526258145667,-0.10134247361707915
2020-06-29,-0.18086923915459396,-0.27992823160173697,-0.1269428260578095
2020-06-30,-0.17112400047259346,-0.2741547840445119,-0.11746948688096637
2020-07-01,-0.1622394865156952,-0.26177651463786566,-0.10487205076651773
2020-07-02,-0.1551735530900219,-0.2611442374704315,-0.10123454293563472
2020-07-03,-0.1467336831098992,-0.2561685697911038,-0.10389275955272548
2020-07-06,-0.13739375255163155,-0.23951206350577692,-0.08959762590787168
2020-07-07,-0.1411072329844919,-0.24698535388402887,-0.09869553448687651
2020-07-08,-0.12478793968961377,-0.23579878371527896,-0.08109123096076964
2020-07-09,-0.11377937319472387,-0.22149023303744997,-0.06522988973705424
2020-07-10,-0.12937143763564252,-0.2371890134595266,-0.08041458947348545
2020-07-13,-0.10918095316848431,-0.2138777124601995,-0.05097936864038166
2020-07-14,-0.10844491864145189,-0.21414989210431512,-0.05353441934033587
2020-07-15,-0.10389140070322245,-0.21022481472317966,-0.04859816172778808
2020-07-16,-0.11818746497764454,-0.2292484095572519,-0.07234759197705265
2020-07-17,-0.10921796522702598,-0.22246779812622852,-0.05749795991134765
2020-07-20,-0.11022826427098553,-0.21704895659223644,-0.05484096528000282
2020-07-21,-0.09384280771022369,-0.20648278940733922,-0.03671222046532008
2020-07-22,-0.08565370141648898,-0.19595714733830427,-0.026546515727066233
2020-07-23,-0.07298874395805477,-0.18536806566173858,-0.01310721711498486
2020-07-24,-0.0972395856765389,-0.20011991319061428,-0.040140246381868416
2020-07-27,-0.09191015347069476,-0.19083281729509394,-0.02865229879087683
2020-07-28,-0.10147629372538425,-0.20300221248243178,-0.038190587443337254
2020-07-29,-0.07619679687703651,-0.18197644904464594,-0.015994475089320503
2020-07-30,-0.07681456602020909,-0.18005244692911204,-0.014576545165812083
2020-07-31,-0.0777467567037673,-0.17642208409164517,-0.006918499680496071
2020-08-03,-0.05527951081579119,-0.16823236719992096,0.0
2020-08-04,-0.05120585965986513,-0.1656868824947938,0.0
2020-08-05,-0.05835462471507358,-0.1730561331362016,-0.0031257980463483825
2020-08-06,-0.05251506316927834,-0.16769133495747168,0.0
2020-08-07,-0.061820400339954396,-0.17699706866300025,-0.009052986555502684
2020-08-10,-0.07705286942593648,-0.1849604836638583,-0.02363446824132187
2020-08-11,-0.09777504427503714,-0.20896903835488612,-0.044144146602330236
2020-08-12,-0.10839669161223664,-0.21149888048017917,-0.046613831650466286
2020-08-13,-0.09668927190074128,-0.20132521325040775,-0.04249539118362777
2020-08-14,-0.08036843467572208,-0.19558244303150019,-0.04078665615300148
2020-08-17,-0.06350405824139371,-0.18864372032755605,-0.026608867182157825
2020-08-18,-0.055154119579696737,-0.18122735449448535,-0.025178302877027492
2020-08-19,-0.06380111214944528,-0.18762123043222312,-0.04195625198642661
2020-08-20,-0.08079871323234056,-0.19758595394770095,-0.058721084559428705
2020-08-21,-0.08148269357843652,-0.1976394574715259,-0.05568461580015793
2020-08-24,-0.0863137822266179,-0.19342509744877068,-0.06189799657883355
2020-08-25,-0.09244876540982183,-0.1986562075602779,-0.07422255778347553
2020-08-26,-0.08267825069354018,-0.19124967412235394,-0.07299637250984692
2020-08-27,-0.08526274058168459,-0.19125767593094767,-0.06422870485364762
2020-08-28,-0.06866419519428935,-0.18013880058236997,-0.06494223216642636
2020-08-31,-0.05273389285940533,-0.17042567607081982,-0.05755413488677963
2020-09-01,-0.04243339336729357,-0.16639141460047369,-0.05479183367759044
2020-09-02,-0.04300506710308116,-0.1690904549703781,-0.059383249391998016
2020-09-03,-0.05662391616443918,-0.17626409086977934,-0.07231460749480012
2020-09-04,-0.05847069431534668,-0.17896380048105143,-0.07037742376927014
2020-09-07,-0.05556007077093883,-0.18240776746136333,-0.08096601165344286
2020-09-08,-0.05675943776727277,-0.18186884265179815,-0.07415081900988829
2020-09-09,-0.07630825389237106,-0.1858436039365915,-0.0646440551811801
2020-09-10,-0.06455885739494971,-0.18053525845236928,-0.05760641822014556
2020-09-11,-0.04422119633805244,-0.16883768534306443,-0.052254265521801124
2020-09-14,-0.03614221047987198,-0.1649062142944251,-0.056829769019902665
2020-09-15,-0.034268987205863355,-0.1626106551561517,-0.044191182690361375
2020-09-16,-0.04921512181868348,-0.17211916732259513,-0.05795755524971424
2020-09-17,-0.04826735293108231,-0.16558352175281632,-0.04456631258406252
2020-09-18,-0.02654220509482008,-0.1587243877348653,-0.04823271088498193
2020-09-21,-0.00973995568743058,-0.14725672216418306,-0.025272110771342948
2020-09-22,-0.017756113396817375,-0.15539342210963036,-0.033381445798602916
2020-09-23,-0.02590736329300236,-0.15973810601699245,-0.04439635912027262
2020-09-24,-0.021692282711181843,-0.16213448290334764,-0.04592458605136074
2020-09-25,-0.0188267270475182,-0.164220972896312,-0.049796028583221075
2020-09-28,-0.012530637680279622,-0.1585839735677661,-0.04581839853128289
2020-09-29,-0.026124254504363842,-0.16894420446993985,-0.05723837429380041
2020-09-30,-0.039318096841254424,-0.17157911738556597,-0.05619356339186776
2020-10-09,-0.030106279320187723,-0.17552342535805276,-0.06775456548898917
2020-10-12,-0.02186642282735729,-0.17489851036736193,-0.07188999854324618
2020-10-13,-0.01906818711551972,-0.1755124335373972,-0.07085844068646541
2020-10-14,-0.013173728138286545,-0.17383204041511247,-0.06300070188125328
2020-10-15,-0.014618754705323478,-0.18170583800116713,-0.06516150895324746
2020-10-16,-0.013127849677896042,-0.1802513277175719,-0.06683391234847413
2020-10-19,-0.017125653584942113,-0.17888727229269585,-0.06834624480098062
2020-10-20,-0.008410682225376998,-0.15350447553428703,-0.06180400725325719
2020-10-21,-0.006466037882148834,-0.15275739081146722,-0.0631294211609017
2020-10-22,-0.003919236099020895,-0.15532933032484209,-0.06994113874847896
2020-10-23,-0.0034001928306189866,-0.16254994165371417,-0.07224311631646219
2020-10-26,0.0,-0.15077356710126777,-0.05381033769505916
2020-10-27,-0.0002693316013304692,-0.1418249504766732,-0.055085541851092046
2020-10-28,0.0,-0.11260812144905974,-0.04509732552890244
2020-10-29,0.0,-0.11006700769776345,-0.03458306348513396
2020-10-30,-0.00197823312985268,-0.08018800403136306,-0.020986459015356673
2020-11-02,-0.015917395909276988,-0.09411350296554122,-0.0283616140052515
2020-11-03,-0.006759091483142909,-0.11467852342968154,-0.029180802721684773
2020-11-04,-0.01330610571654689,-0.12685685424672688,-0.029080719466722194
2020-11-05,0.0,-0.10870412509593153,-0.014299908834405128
2020-11-06,0.0,-0.09907561392108655,-0.0037444987731809487
2020-11-09,-0.01846815680544156,-0.10802637791646008,-0.01977473865304047
2020-11-10,-0.027074066903106764,-0.14806737926254865,-0.04418486784656017
2020-11-11,-0.02444490116611442,-0.16321040131637488,-0.05061278979368866
2020-11-12,-0.02059731108011298,-0.15604202362554698,-0.042626123666147486
2020-11-13,-0.014407366541920319,-0.13452037377375892,-0.03577699324929562
2020-11-16,-0.009894886584688178,-0.1407386102876408,-0.024841529121612194
2020-11-17,-0.004089654083518357,-0.13424184279629292,-0.019758999944409328
2020-11-18,-0.005605822213636591,-0.13641030547719823,-0.024415280160800856
2020-11-19,0.0,-0.11910265295310307,-0.010641579555131786
2020-11-20,0.0,-0.11464094611358999,-0.007618050027658696
2020-11-23,-0.012246208446149431,-0.1308446737230785,-0.04028636471217384
2020-11-24,-0.01232937940417933,-0.11699013287734428,-0.04289714036418646
2020-11-25,-0.010291075751885481,-0.11197565086224637,-0.03641540858381498
2020-11-26,-0.009043274002810353,-0.11027717399289094,-0.03440657035429351
2020-11-27,0.0,-0.09792493020966975,-0.027062998154289142
2020-11-30,0.0,-0.09278634743380976,-0.023834480871409047
2020-12-01,0.0,-0.08452653461534898,-0.027345096035287675
2020-12-02,0.0,-0.0788573478161877,-0.03384148073178117
2020-12-03,-0.015748430413993653,-0.08354955189518687,-0.029265707488727588
2020-12-04,-0.006127439687747427,-0.07094929827595342,-0.015919106690153506
2020-12-07,-0.015584640256137705,-0.06762445714956644,-0.012397326210685122
2020-12-08,-0.051061925326920554,-0.09797973996887499,-0.044550634720182614
2020-12-09,-0.048865975671317896,-0.0978193205568687,-0.045819972904941886
2020-12-10,-0.03795002249843937,-0.09190566503825648,-0.03960385601271299
2020-12-11,-0.01356457113131393,-0.06964491841676412,-0.01486708530630021
2020-12-14,-0.00892758311955133,-0.07232918444902248,-0.02043125854653427
2020-12-15,0.0,-0.06077910206889847,-0.01172290291047473
2020-12-16,0.0,-0.05011934713692556,-0.011896611082403141
2020-12-17,0.0,-0.02049220845726829,0.0
2020-12-18,0.0,0.0,0.0
2020-12-21,0.0,0.0,0.0
2020-12-22,-0.054180167932152745,-0.04268312030343102,-0.05570299055649586
2020-12-23,-0.07544518888974883,-0.08576379618084107,-0.08833437163408797
2020-12-24,-0.05090059949651149,-0.06180790735105812,-0.07445724990293712
2020-12-25,-0.04106180191293274,-0.0538516839897798,-0.06829049516346819
2020-12-28,-0.073056482078253,-0.07942440625656222,-0.0941788493123269
2020-12-29,-0.0799333310974295,-0.08859498884268491,-0.10602266420215312
2020-12-30,-0.06829180724189443,-0.08410970291156805,-0.09587817218551764
2020-12-31,-0.0459538745959297,-0.06401862515894485,-0.08675309754684768
2021-01-04,-0.026258191947268972,-0.042412183955592875,-0.06245781591267119
2021-01-05,-0.02438999665432906,-0.04596895146566915,-0.06065907226136669
2021-01-06,0.0,-0.015291535138231449,-0.0364857276165691
2021-01-07,0.0,0.0,-0.008018459163219527
2021-01-08,-0.000984115928097995,0.0,-0.008240552844311355
2021-01-11,-0.036961603957546774,-0.05576296490495869,-0.057351274932997076
2021-01-12,-0.01780958185456538,-0.031713318498975185,-0.038576470495158
2021-01-13,-0.007625407899043979,-0.014714811264838312,-0.03239698403808755
2021-01-14,-0.025502349005525615,-0.03593006902431661,-0.04111403663813584
2021-01-15,-0.02736593163201817,-0.03447468169473533,-0.04228815071080849
2021-01-18,-0.02161087990177224,-0.03654926178465323,-0.04263994683489758
2021-01-19,-0.04758563374426461,-0.06201754363121226,-0.06319315501433642
2021-01-20,-0.05170278624890878,-0.06339302674059866,-0.06206091496473021
2021-01-21,-0.04411105477524602,-0.06073036153465361,-0.0735553218802335
2021-01-22,-0.0661540946642718,-0.09942762062715449,-0.09043526844512972
2021-01-25,-0.06368690601569627,-0.08551248503087538,-0.08966015287979201
2021-01-26,-0.08100491484975036,-0.10124198768833181,-0.1062616049399896
2021-01-27,-0.06364520608049062,-0.07982020017089442,-0.10834334091738618
2021-01-28,-0.09752780852921916,-0.11410493500933183,-0.11670479853997628
2021-01-29,-0.10481093083802695,-0.10617400193812343,-0.1128453841012439
2021-02-01,-0.09972217043124842,-0.11241049636835598,-0.1104716698696554
2021-02-02,-0.09616050166582113,-0.092862896266933,-0.08313781936550968
2021-02-03,-0.08385986733207129,-0.10043609946553755,-0.0854684450147023
2021-02-04,-0.06160454345255029,-0.11782491584839982,-0.10143206102588387
2021-02-05,-0.050676645218154515,-0.1331443663151436,-0.11836754317680542
2021-02-08,-0.04436440522014029,-0.13245159730270906,-0.12538445342982596
2021-02-09,-0.01345956008989313,-0.1392596137003772,-0.152533057758366
2021-02-10,-0.005167324530685802,-0.12910354344465147,-0.14229337176578283
2021-02-18,0.0,-0.08491798275556484,-0.09974437232562394
2021-02-19,-0.0007035396217212053,-0.08309959889273688,-0.09837128913645599
2021-02-22,0.0,-0.05644939308894359,-0.06905043731051985
2021-02-23,0.0,-0.042788389669364935,-0.05970596118468707
2021-02-24,0.0,-0.029847786379694652,-0.046125603080898414
2021-02-25,0.0,0.0,0.0
2021-02-26,-0.04195586832340892,-0.030849390935959065,-0.030611546384293975
2021-03-01,-0.0391618970873443,-0.03022374385441806,-0.03353457194474596
2021-03-02,-0.05111977385720878,-0.04589384574872013,-0.040990635604511216
2021-03-03,-0.03195274817569449,-0.030107649529754976,-0.03366578188125291
2021-03-04,-0.03577435098705173,-0.023754721672302304,-0.02229542930414674
2021-03-05,-0.03148559953768726,-0.027868589677182976,-0.025578366310410994
2021-03-08,-0.005293637691684672,0.0,0.0
2021-03-09,-0.05896324966606559,-0.02577149750366925,-0.03438736152633204
2021-03-10,-0.09414321289176986,-0.03924154925461165,-0.05356826476270948
2021-03-11,-0.07816133006136616,-0.023159731961506225,-0.025627914178181443
2021-03-12,-0.0827611819597115,-0.014811361767304576,-0.025081358388148622
2021-03-15,-0.07605832817689206,0.0,-0.021747742686602956
2021-03-16,-0.09529890683825215,-0.02771680225078632,-0.05213233873382417
2021-03-17,-0.08514037982970124,-0.020521566946893333,-0.04148911158367974
2021-03-18,-0.0963139081699268,-0.04457855696176316,-0.0564765629571331
2021-03-19,-0.14527674062938645,-0.09095114215403344,-0.0928625615201486
2021-03-22,-0.14747708209509158,-0.08275106507526575,-0.08228033842474003
2021-03-23,-0.1452054302367617,-0.07919277829751936,-0.08041336410677435
2021-03-24,-0.15081065797274162,-0.07428861332028425,-0.06340859844052182
2021-03-25,-0.16316564621763308,-0.08891471017289299,-0.06544609861880013
2021-03-26,-0.16664849801463189,-0.10257594069765974,-0.08963550159038425
2021-03-29,-0.15477486692394804,-0.09478137982877555,-0.08758671292675013
2021-03-30,-0.15069492055746925,-0.09544673027382455,-0.08430614164742067
2021-03-31,-0.14792557368372827,-0.09505041987892593,-0.06361941339180277
2021-04-01,-0.16925606595452536,-0.10983758522462128,-0.08606649801977273
2021-04-02,-0.14447802286516975,-0.09696041322524973,-0.09803637885375605
2021-04-06,-0.15059157783852029,-0.1061877412492408,-0.09778232090071426
2021-04-07,-0.16184043304741247,-0.11861174002523178,-0.10592810653932005
2021-04-08,-0.17292408100523549,-0.11240184212111437,-0.0910896113160099
2021-04-09,-0.17045300848270706,-0.10849701690165547,-0.0936773341539422
2021-04-12,-0.19681473950243633,-0.11563305480315356,-0.09188487504520171
2021-04-13,-0.17782132120359218,-0.10617774101908695,-0.092791010916078
2021-04-14,-0.16975952972391495,-0.10382395439576031,-0.10433756075318001
2021-04-15,-0.1573550662366774,-0.11189851008214946,-0.13618621092692684
2021-04-16,-0.15758097448171393,-0.10716868041192806,-0.1358652523135362
2021-04-19,-0.1644030175005461,-0.10476786163123952,-0.1427568140029265
2021-04-20,-0.17047037737369664,-0.11580775032558854,-0.15165380536757533
2021-04-21,-0.18761865433186364,-0.12005232198308691,-0.16225844515472454
2021-04-22,-0.19091900203510037,-0.12185102417896732,-0.16952443507315473
2021-04-23,-0.1915759528478852,-0.11728635412673227,-0.1631937326550429
2021-04-26,-0.15972973783606614,-0.09453314319541406,-0.13826232681702233
2021-04-27,-0.14341684352353534,-0.07195645227026526,-0.11727701887236563
2021-04-28,-0.15360037189185727,-0.08191317383981356,-0.12345884457489609
2021-04-29,-0.14496722279526952,-0.07516319402326399,-0.11282711531178857
2021-04-30,-0.1569659080975634,-0.10152726534037326,-0.12944844103378894
2021-05-06,-0.1239233663493915,-0.06368594290219132,-0.08608175466556167
2021-05-07,-0.0960897565075921,-0.03782921004170681,-0.06487485307599739
2021-05-10,-0.06341124497922923,-0.012570749738747833,-0.04080413714239306
2021-05-11,-0.06811993700345831,-0.02085842980638164,-0.05399369469533
2021-05-12,-0.017407706166180037,0.0,-0.013142120126362067
2021-05-13,-0.06679897405080648,-0.0319200212957329,-0.047244927305511886
2021-05-14,-0.10191340254178671,-0.0763819599968325,-0.08446448663636386
2021-05-17,-0.09891374552737309,-0.0714677752156061,-0.07741547243276803
2021-05-18,-0.06844896354349606,-0.04235559794913435,-0.04848977271773891
2021-05-19,-0.12656627499546824,-0.09568211278731442,-0.10142017786327528
2021-05-20,-0.15119244991715197,-0.1400366696372225,-0.14715989126781082
2021-05-21,-0.18700066920667757,-0.18966632389876692,-0.1964227367964525
2021-05-24,-0.19854510298009642,-0.1847255653810289,-0.2313924200364308
2021-05-25,-0.1851721284758724,-0.1646541335647007,-0.23207499963905198
2021-05-26,-0.20340933381748882,-0.12122012289578521,-0.19952578404245247
2021-05-27,-0.21207674753282335,-0.17424605556583406,-0.2261336258555573
2021-05-28,-0.19474421177136103,-0.19105335488698372,-0.23779299337999293
2021-05-31,-0.17661872608543405,-0.1995119377091773,-0.23953358569191097
2021-06-01,-0.16279230495250097,-0.21446848553815334,-0.25585749521783474
2021-06-02,-0.16815316833036664,-0.21392179081873153,-0.252183216918896
2021-06-03,-0.18784526245968958,-0.23190016140669845,-0.2579748393962712
2021-06-04,-0.19773548358751947,-0.23736239752443822,-0.2676084959929489
2021-06-07,-0.1919400114966533,-0.22724205277026666,-0.26454544138793745
2021-06-08,-0.18442173734613299,-0.23432356709964375,-0.2644766423086188
2021-06-09,-0.17611406657473416,-0.22942163168077712,-0.2722003586758729
2021-06-10,-0.18708543333179017,-0.2405166580571707,-0.27856232026498784
2021-06-11,-0.18311614717229419,-0.24915194905906335,-0.2964018359056724
2021-06-15,-0.19614285996007053,-0.24362828227712363,-0.2742234056380264
2021-06-16,-0.17656515338613976,-0.21099255125909122,-0.25650959009455865
2021-06-17,-0.1814180099814401,-0.21227671314181396,-0.254737425481133
2021-06-18,-0.19366246197802728,-0.210807966810601,-0.2416988709026494
2021-06-21,-0.18360568739541694,-0.1964483508833681,-0.2321014869467617
2021-06-22,-0.18124696927084327,-0.19084852347006465,-0.23257242028225344
2021-06-23,-0.1842612650096621,-0.20279900611677293,-0.23848572109410549
2021-06-24,-0.18485904368608985,-0.20079923723595627,-0.23825693868624642
2021-06-25,-0.19018527770447113,-0.20629541840624155,-0.23967247544521786
2021-06-28,-0.19606131233871626,-0.21321259844556484,-0.2364635828276095
2021-06-29,-0.2062082651820244,-0.22416546599926945,-0.24516657985639123
2021-06-30,-0.2120577709697964,-0.23044081176692766,-0.2456131538259354
2021-07-01,-0.22038532302064284,-0.24806326158169312,-0.2548710701730815
2021-07-02,-0.21367442732620623,-0.2317778879043273,-0.25141649400589305
2021-07-05,-0.20898011867414978,-0.22594048008461898,-0.2525145783024547
2021-07-06,-0.20938594347793538,-0.22488817578406184,-0.26335729738179026
2021-07-07,-0.22664865237283482,-0.26967134037301954,-0.27663734662347383
2021-07-08,-0.24107394710324193,-0.2763886883994957,-0.29407956562238424
2021-07-09,-0.248363833794785,-0.2763826861859442,-0.2899347371828751
2021-07-12,-0.24262681157126642,-0.2784933044779321,-0.28641482986468403
2021-07-13,-0.23371219575471103,-0.2824426070969581,-0.2945949029091619
2021-07-14,-0.2178048241603271,-0.27460628830977074,-0.2856647276801483
2021-07-15,-0.23425178817204373,-0.2649620993412962,-0.3013143053094848
2021-07-16,-0.22856738554439815,-0.24520026785798565,-0.2921999349666331
2021-07-19,-0.22061036014505897,-0.23151894699292552,-0.2845263462851634
2021-07-20,-0.21445918341573766,-0.2300966305775326,-0.28827550473849484
2021-07-21,-0.22403398376044914,-0.24171798727070215,-0.29313670751939824
2021-07-22,-0.2328151455787677,-0.24736593648503424,-0.2937872987232577
2021-07-23,-0.2421617944970681,-0.2527153012799117,-0.3003907905746682
2021-07-26,-0.23864325823208765,-0.25323148365862524,-0.30175980543945835
2021-07-27,-0.2396002294181907,-0.2511455982230547,-0.29645150813166665
2021-07-28,-0.2409092767501666,-0.26491998403960426,-0.30133931165708217
2021-07-29,-0.22338962284769592,-0.2482250075631569,-0.2811927813982792
2021-07-30,-0.20163373658066275,-0.21969299108366747,-0.2577094700819784
2021-08-02,-0.2464858912757012,-0.28277556509206625,-0.30394930496582373
2021-08-03,-0.24788705068052053,-0.3084111891564858,-0.32888040944208696
2021-08-04,-0.22710835503332827,-0.30905953751069715,-0.3210485146622458
2021-08-05,-0.2521596574279851,-0.31731511817942637,-0.305939612459061
2021-08-06,-0.24840432419823566,-0.3216905135969107,-0.29689895134744104
2021-08-09,-0.23677840003718686,-0.30786008541578214,-0.29460254659846385
2021-08-10,-0.2262963790914776,-0.310036686203521,-0.303695462682246
2021-08-11,-0.22178435117252016,-0.32042145972357805,-0.3173556263779178
2021-08-12,-0.23028284274331856,-0.31280771776325555,-0.3115373667386304
2021-08-13,-0.22535327382852388,-0.3124193967740472,-0.3158728547213101
2021-08-16,-0.22151018202732642,-0.3012447109459292,-0.30738117831383416
2021-08-17,-0.21272634998176343,-0.29646354837543554,-0.3009922422694936
2021-08-18,-0.22582817810867084,-0.3019380927334817,-0.29105219182270303
2021-08-19,-0.21405626826191781,-0.2807618763837576,-0.2892201282974377
2021-08-20,-0.21400310313370396,-0.29589716290350154,-0.29785697299207947
2021-08-23,-0.20586542054683798,-0.28102150441304063,-0.2880798206519688
2021-08-24,-0.22809034105804382,-0.32380287537395924,-0.3265685324307396
2021-08-25,-0.2244181686078589,-0.3175781437110863,-0.32682470387984364
2021-08-26,-0.224348860968118,-0.32080648658958366,-0.3312368481990845
2021-08-27,-0.24190472859028544,-0.3330932636327836,-0.347479660709068
2021-08-30,-0.2517078892507444,-0.34293066675508466,-0.3564890423776216
2021-08-31,-0.24158150877176188,-0.3293551904355031,-0.34838510031170256
2021-09-01,-0.2275581931086026,-0.3101446417802307,-0.33704571196552635
2021-09-02,-0.2316817560927672,-0.31453408183959997,-0.339611662468138
2021-09-03,-0.24630517135003804,-0.3236849104359345,-0.3444510618425204
2021-09-06,-0.2434259539344129,-0.32116509120751824,-0.34831697738100675
2021-09-07,-0.25560424159433515,-0.32003765816867513,-0.3501117365862151
2021-09-08,-0.2516250752846694,-0.303827869850263,-0.35046307063497717
2021-09-09,-0.2572626869279636,-0.2974204487996752,-0.3450768255539597
2021-09-10,-0.2685579383174874,-0.31688882567919097,-0.3504511554260027
2021-09-13,-0.2577784702604716,-0.3102052590492774,-0.3521465663857205
2021-09-14,-0.2681884261205537,-0.33038501338989623,-0.367894485297096
2021-09-15,-0.25429899683437907,-0.32033459136328446,-0.36029359328137456
2021-09-16,-0.2416792112107563,-0.30999349302295853,-0.352976232849482
2021-09-17,-0.2470340874018382,-0.3127829527313616,-0.35523175008467434
2021-09-22,-0.23737419033640694,-0.31210807988215783,-0.34967514567625735
2021-09-23,-0.23485698616547046,-0.30107309334953203,-0.3547974221067609
2021-09-24,-0.24171199483342876,-0.30949595194927604,-0.3682188611341931
2021-09-27,-0.24133118308612544,-0.30057096197547584,-0.3650600466292344
2021-09-28,-0.22000648411649648,-0.2713457920334039,-0.3495486136810686
2021-09-29,-0.22966162164129755,-0.2975358129269815,-0.3662618041511049
2021-09-30,-0.21794733178989478,-0.2936160944155408,-0.3535585879412121
2021-10-08,-0.21643384824375134,-0.2733810055443884,-0.3308829856453741
2021-10-11,-0.21906009496921397,-0.24072809777674675,-0.3068642912047447
2021-10-12,-0.2164826173574259,-0.25904234027822737,-0.32659207412545366
2021-10-13,-0.2355998506470579,-0.2800377776148981,-0.34346050912008574
2021-10-14,-0.256103981222466,-0.2793682414488512,-0.3470752743233859
2021-10-15,-0.24372296415652528,-0.26715611152104524,-0.339505240795156
2021-10-18,-0.2153803475058066,-0.2543564521252937,-0.31316731817543875
2021-10-19,-0.2112537185557095,-0.24921993880517368,-0.3095549900624732
2021-10-20,-0.22359926062114577,-0.2735562278149499,-0.3151596728708036
2021-10-21,-0.2265080312802491,-0.2882260571179075,-0.299399611249735
2021-10-22,-0.26113468038523724,-0.3131334924688124,-0.3085222365785628
2021-10-25,-0.24588144340092,-0.3045806835907663,-0.3052438425620808
2021-10-26,-0.25311627048720664,-0.30842370752885817,-0.31610671850146843
2021-10-27,-0.24969650057856185,-0.30349987674492185,-0.3163201864696439
2021-10-28,-0.2604286261248986,-0.3109900368658526,-0.34108590486072776
2021-10-29,-0.23503707083185676,-0.3035755994576437,-0.34033295505903527
2021-11-01,-0.22272123113382603,-0.2933036552331728,-0.3426989572320457
2021-11-02,-0.20243433159765567,-0.26525092041287335,-0.32141215356298536
2021-11-03,-0.22512979523657894,-0.28303023806106775,-0.33341565188870004
2021-11-04,-0.2310498350667225,-0.28815412974673615,-0.33754367017387776
2021-11-05,-0.2223240589379828,-0.2720362307236486,-0.3194954036750153
2021-11-08,-0.23638978843860659,-0.28615973732242983,-0.3272170648398537
2021-11-09,-0.22443331021905455,-0.27106738988715107,-0.3129147918056099
2021-11-10,-0.2018159675822061,-0.2542633807564141,-0.30596615534898997
2021-11-11,-0.23794418500993741,-0.2995435002823392,-0.3260056100854978
2021-11-12,-0.2042464909520536,-0.2658071768060595,-0.3026173055809196
2021-11-15,-0.1910678412846979,-0.24914128909282018,-0.29174281882709774
2021-11-16,-0.1950443667475521,-0.25032517242634533,-0.29635343093958844
2021-11-17,-0.19810993810271071,-0.257292385652918,-0.30136628992684145
2021-11-18,-0.18097584262115574,-0.24857547710798988,-0.275438715177731
2021-11-19,-0.19674317733755775,-0.2712743235477145,-0.31086198734784454
2021-11-22,-0.21291960535278387,-0.2834883787924848,-0.31104077541319386
2021-11-23,-0.2334513510109263,-0.30414428072958066,-0.3276821443382023
2021-11-24,-0.25188539367049356,-0.3365563417617693,-0.35827262764488366
2021-11-25,-0.24758824451542916,-0.3325545154060564,-0.35628757121488075
2021-11-26,-0.23801402916192793,-0.3175660945271923,-0.33933108584460636
2021-11-29,-0.2558766698135919,-0.29514446947886697,-0.3376593423604656
2021-11-30,-0.25971336318069116,-0.28102406488966203,-0.323370349852235
2021-12-01,-0.28117550052116236,-0.29366309197890084,-0.34153790800313466
2021-12-02,-0.2716968552486526,-0.287596289885658,-0.3336515519388932
2021-12-03,-0.2892501406982172,-0.2968810164649818,-0.3393436472684024
2021-12-06,-0.2883553985098428,-0.3115173005765942,-0.3562370961033142
2021-12-07,-0.30733221578891523,-0.31908558509726037,-0.3513734155984398
2021-12-08,-0.2986056117707153,-0.31839154297285155,-0.34860163306173664
2021-12-09,-0.296926535269436,-0.33704459696992306,-0.3632350368466697
2021-12-10,-0.2808029793422596,-0.3323538223755287,-0.34674667450166374
2021-12-13,-0.3052063673854857,-0.34358591222810075,-0.36002443635935855
2021-12-14,-0.29044490876027884,-0.3355516176802923,-0.3528049389930237
2021-12-15,-0.28338464914947703,-0.32167015476141025,-0.35378239242000775
2021-12-16,-0.3102015970508145,-0.33297178831732477,-0.3470859201714438
2021-12-17,-0.31679414496255054,-0.3421902122318351,-0.3527717189417994
2021-12-20,-0.30671543825650927,-0.324721215555272,-0.3495767357750865
2021-12-21,-0.3050973094180699,-0.32017405375533925,-0.3555356204940364
2021-12-22,-0.3179186967213308,-0.33671752726142423,-0.3725888747025805
2021-12-23,-0.3279381490914711,-0.34599756582283914,-0.37915372006546144
2021-12-24,-0.3361184257808203,-0.3508238430832751,-0.3849417170096985
2021-12-27,-0.32209149432739204,-0.3551512535233985,-0.3874841885956729
2021-12-28,-0.34052681162356424,-0.3675779536780417,-0.3937875791437283
2021-12-29,-0.34333937021451655,-0.38191545636376734,-0.3996003597508717
2021-12-30,-0.34026663796107914,-0.3755271596472851,-0.39616717910494303
2021-12-31,-0.3414836381821744,-0.3657351932526002,-0.3873178645893123
2022-01-04,-0.3484822997042579,-0.3658504931500699,-0.3990286851263217
2022-01-05,-0.3595080692456243,-0.3574953106249802,-0.3969594154101489
2022-01-06,-0.3615057292228451,-0.35901352465006653,-0.4046200157030223
2022-01-07,-0.3713359808728457,-0.3489993569115909,-0.3964119852961928
2022-01-10,-0.3755912109531202,-0.36191043147030366,-0.4097514378442473
2022-01-11,-0.37217482842408034,-0.3556677270558912,-0.4031514078136601
2022-01-12,-0.367234602200911,-0.34863290125824886,-0.39582759879464424
2022-01-13,-0.37030096518939015,-0.3492232846056512,-0.3954987555139263
2022-01-14,-0.3694790024256902,-0.3508753836833992,-0.39486811910719344
2022-01-17,-0.3832480412401055,-0.36193911263679057,-0.40627365255686343
2022-01-18,-0.38159260032556097,-0.355810660569414,-0.4001892221773744
2022-01-19,-0.3767283581659251,-0.3462040542143451,-0.39491758003364197
2022-01-20,-0.376381340520091,-0.3401501052987572,-0.39425214934113695
2022-01-21,-0.3778250362955867,-0.339563444438832,-0.39570545901097887
2022-01-24,-0.38386985632595927,-0.3453276776379136,-0.40287597596389013
2022-01-25,-0.379421130030825,-0.3418113440858802,-0.3994056846645849
2022-01-26,-0.37178109918879265,-0.33136321365536237,-0.3922360749593006
2022-01-27,-0.37052248601972626,-0.32728305093329135,-0.38731524859024546
2022-01-28,-0.3499527778098772,-0.30745139941372357,-0.3685816995036586
2022-02-07,-0.32572101815452714,-0.281632117032417,-0.34346141025907895
2022-02-08,-0.3218712799048917,-0.2781041567484429,-0.34099789553180737
2022-02-09,-0.3420353824276172,-0.29953431643865647,-0.3614847792845429
2022-02-10,-0.3238493618655368,-0.2818538053369375,-0.3457189224347579
2022-02-11,-0.33736562859198405,-0.29757411333061745,-0.36014418633076273
2022-02-14,-0.33441330399711355,-0.29510551443726774,-0.35275761886852963
2022-02-15,-0.33943709449266224,-0.304862035406809,-0.3607095136548144
2022-02-16,-0.3469717143489903,-0.30967668660485537,-0.36477766475588913
2022-02-17,-0.3572570762895638,-0.31631827859063855,-0.36688913132452117
2022-02-18,-0.34967688060204327,-0.30657186858978,-0.35359893888861427
2022-02-21,-0.34453171185309606,-0.3057552676129719,-0.35116498502593896
2022-02-22,-0.3355779729149211,-0.2859662479924808,-0.3320220292826531
2022-02-23,-0.3299715399048049,-0.2866275954325428,-0.32652639468359645
2022-02-24,-0.30769691965285584,-0.2637060367007724,-0.30146785288200717
2022-02-25,-0.3282032289798894,-0.27875121144122894,-0.3179530221320126
2022-02-28,-0.3149216756219634,-0.2861141647753639,-0.31645040065779795
2022-03-01,-0.30163738242479,-0.28559120693691487,-0.3249443707082691
2022-03-02,-0.2762268794483599,-0.27096757202042365,-0.30229262119491085
2022-03-03,-0.2569465004724094,-0.2442760758926007,-0.29028562422708326
2022-03-04,-0.2748603514141357,-0.2668483263578051,-0.3065064131079641
2022-03-07,-0.2173916411433583,-0.21037389677335616,-0.25268242826406007
2022-03-08,-0.22656479314348843,-0.21935046449751638,-0.2566536642369045
2022-03-09,-0.2233168875226922,-0.21122310998637406,-0.25134429923012747
2022-03-10,-0.2691891710299028,-0.24058766245987628,-0.2761339322143509
2022-03-11,-0.25984046710497566,-0.2341281316799776,-0.2703066309447709
2022-03-14,-0.2835066809917216,-0.2573432830650805,-0.25900279597448816
2022-03-15,-0.29167889823104753,-0.26940675456711505,-0.2680001572554468
2022-03-16,-0.28398255445176557,-0.2547839610474204,-0.2763510256477629
2022-03-17,-0.2925523071648276,-0.26233506816973173,-0.28428217522713917
2022-03-18,-0.26847285025344625,-0.23471295471545772,-0.260285590175126
2022-03-21,-0.26990720871679985,-0.23305750915670187,-0.2617074901158255
2022-03-22,-0.2557693623510935,-0.21572004677770673,-0.24769190071574665
2022-03-23,-0.2543301761050798,-0.21532722356103462,-0.2462656926156973
2022-03-24,-0.2510697835354445,-0.20924826675850572,-0.24303482386538233
2022-03-25,-0.23705103372878944,-0.19103555400566286,-0.2291909392934517
2022-03-28,-0.24542681240363629,-0.20817511317254445,-0.23927283058326465
2022-03-29,-0.25754429756343733,-0.22271432954852,-0.25236941899174226
2022-03-30,-0.261363851981101,-0.22505160132221114,-0.25314759068912474
2022-03-31,-0.26975557880074263,-0.2440719988824137,-0.26927473611781183
2022-04-01,-0.2811311660625774,-0.24323766186099682,-0.27307557006308214
2022-04-06,-0.25999084897536284,-0.23631379999335422,-0.2998495111026148
2022-04-07,-0.2769913804243396,-0.2604290555225137,-0.2919978371869342
2022-04-08,-0.28048632311530486,-0.2662865309176138,-0.29314720013265816
2022-04-11,-0.2969828124049271,-0.2883239314023298,-0.3024972255585161
2022-04-12,-0.2712120284200268,-0.2678612711215891,-0.2934525829617992
2022-04-13,-0.27646041837798685,-0.28146590568493945,-0.2917873730007363
2022-04-14,-0.2638300677387666,-0.2740430171511514,-0.28736366708626193
2022-04-15,-0.24553886426758154,-0.259143981539689,-0.28022278992664384
2022-04-18,-0.24799355679507284,-0.26646377089782347,-0.2827028967383478
2022-04-19,-0.24648844883014243,-0.2741059739996413,-0.28943437708484265
2022-04-20,-0.24282363109633942,-0.2804482560519791,-0.292025270793693
2022-04-21,-0.23173745867682105,-0.26459271709127596,-0.28885866083375833
2022-04-22,-0.23985463122161643,-0.2677651395745001,-0.2934703357317884
2022-04-25,-0.26084922844716907,-0.25514835084519305,-0.27103344457381884
2022-04-26,-0.24751228705826733,-0.25577303650800076,-0.2705545342124571
2022-04-27,-0.23527631492114476,-0.26099317764517005,-0.2913747256184186
2022-04-28,-0.22924392156342022,-0.2548538983397053,-0.2908144562695836
2022-04-29,-0.2174513877628549,-0.2578939233304173,-0.30193267607525165
2022-05-05,-0.22341032361401514,-0.27218698788500995,-0.3115030101947116
2022-05-06,-0.2327672497006632,-0.2519410953230008,-0.28733338507219575
2022-05-09,-0.22413931890769834,-0.22952423071783745,-0.2703158813488734
2022-05-10,-0.2579243197871114,-0.24621117542226556,-0.285642131859148
2022-05-11,-0.25468389327880103,-0.26167519654866833,-0.2985587337565514
2022-05-12,-0.24120812500912137,-0.24285124705108208,-0.27686171152929817
2022-05-13,-0.2400544406164753,-0.25237886872475845,-0.2768568207274682
2022-05-16,-0.24036370166888787,-0.2579644484008893,-0.2821652227997885
2022-05-17,-0.23629991331157973,-0.2599860051248123,-0.2783268207186178
2022-05-18,-0.2397146896942146,-0.24542691322011345,-0.26201366508133805
2022-05-19,-0.25399731311161566,-0.2628687939548239,-0.28020095773592746
2022-05-20,-0.26225338206216053,-0.2732732385849802,-0.2866905278612064
2022-05-23,-0.2711850186957915,-0.2793147963773075,-0.29377784077288327
2022-05-24,-0.2647240034620221,-0.27559884333810947,-0.28177398835208656
2022-05-25,-0.26826707190858323,-0.2679778806114793,-0.2830741593610796
2022-05-26,-0.26510852609252034,-0.2602227891693084,-0.28060134879737975
2022-05-27,-0.26968949109740326,-0.26432576475539693,-0.2870321636540386
2022-05-30,-0.27650525401795145,-0.2662191467260715,-0.2863166188086156
2022-05-31,-0.2760968811064499,-0.25766056379477864,-0.2729648607453876
2022-06-01,-0.29750576543838736,-0.260936778251482,-0.2757979614925504
2022-06-02,-0.3019039929574511,-0.2635404663255746,-0.2802158408022466
2022-06-06,-0.28389793200574065,-0.24362045289605117,-0.2580056563325087
2022-06-07,-0.2703781883595643,-0.23414582544290152,-0.24630993795397216
2022-06-08,-0.2748685799128683,-0.22340781989364267,-0.23251754700379046
2022-06-09,-0.27304363259310604,-0.22614890122733455,-0.23466596097392767
2022-06-10,-0.26959659484733,-0.22448001330696477,-0.23119212183173432
2022-06-13,-0.28933125841609675,-0.2486744802346995,-0.25597252557295025
2022-06-14,-0.27821078896462015,-0.24363170181734473,-0.25581467428806537
2022-06-15,-0.2915851216953247,-0.2649935520247302,-0.27620447007879445
2022-06-16,-0.29825624050579214,-0.27717770195386837,-0.28418842429735913
2022-06-17,-0.28367888794894947,-0.2798775014152338,-0.29078024204205144
2022-06-20,-0.28209294959067877,-0.26576301893979537,-0.2873766283010104
2022-06-21,-0.2885972712787891,-0.2716317573009027,-0.2943300878491698
2022-06-22,-0.2767892797438837,-0.2504319547486865,-0.26681704824541375
2022-06-23,-0.29088002267180835,-0.26082996812672365,-0.2675270826359719
2022-06-24,-0.28039492440114655,-0.2325771297659598,-0.2440612777495007
2022-06-27,-0.29766347627228873,-0.2563623652751382,-0.2733594607637455
2022-06-28,-0.3100140913301408,-0.27834264971681033,-0.2947841797880819
2022-06-29,-0.3157815671240093,-0.2710498617422503,-0.287165310848996
2022-06-30,-0.3140932339249122,-0.26864918719651765,-0.28452976983828093
2022-07-01,-0.28752869501783473,-0.2370901742831868,-0.25108105127471314
2022-07-04,-0.2596908747082255,-0.23200228254486333,-0.2468014017063198
2022-07-05,-0.2587204025256621,-0.23076812982859063,-0.24406094837121406
2022-07-06,-0.24754851866206784,-0.2069960590615061,-0.21854842814907027
2022-07-07,-0.24976582501416256,-0.2031256308128534,-0.21486541215707855
2022-07-08,-0.2634146013755535,-0.21484123531150967,-0.2263652756082415
2022-07-11,-0.2545005634130655,-0.2047282518176049,-0.21617576160240415
2022-07-12,-0.23002975268771164,-0.17686338674711388,-0.19108449701839292
2022-07-13,-0.21153510977818235,-0.16197858289195488,-0.17117662786063836
2022-07-14,-0.19735416903428826,-0.1439405746344652,-0.15540522428990278
2022-07-15,-0.15659405795997317,-0.10049350266304724,-0.11263825476058298
2022-07-18,-0.215196255429284,-0.16212329773041945,-0.17589715084857716
2022-07-19,-0.19440689140258438,-0.1409580435318314,-0.15467521695186037
2022-07-20,-0.20581657800769615,-0.15521102942953657,-0.1661024273633508
2022-07-21,-0.19891647861249429,-0.14639816895056967,-0.15706143078717583
2022-07-22,-0.2061143810901639,-0.15358484400953232,-0.1646717637227394
2022-07-25,-0.2153737701326517,-0.16565066013337715,-0.17265521946114926
2022-07-26,-0.24981913859278448,-0.195655099250732,-0.20748225592512526
2022-07-27,-0.24657774423588485,-0.1889227112194467,-0.20050890631067708
2022-07-28,-0.2719123144321589,-0.22690537505278896,-0.23690923609709447
2022-07-29,-0.2746340326279557,-0.2235531935506253,-0.23310535737373483
2022-08-01,-0.2818507398097303,-0.2223737765652425,-0.24060292558995067
2022-08-02,-0.2862570667225939,-0.21812099259622375,-0.23533159651541546
2022-08-03,-0.28290959141142225,-0.2139927725589803,-0.2316002928563019
2022-08-04,-0.2627125243382512,-0.2023601731821668,-0.23147079162766404
2022-08-05,-0.26709679457300706,-0.2037937676479149,-0.2325005676466939
2022-08-08,-0.2859720832526579,-0.2307584735659034,-0.24504775403503676
2022-08-09,-0.2813271774621606,-0.2353382643382803,-0.2409371873255689
2022-08-10,-0.27616500235697283,-0.21142626926015484,-0.23976887754258824
2022-08-11,-0.28912875944242544,-0.25738928656365023,-0.25261706006007745
2022-08-12,-0.2984716141269258,-0.255517631617316,-0.24273599218365693
2022-08-15,-0.28666563029198566,-0.2706057053735288,-0.24935507300390458
2022-08-16,-0.28684533065586193,-0.25154889443851935,-0.24715260194575284
2022-08-17,-0.2696772264274938,-0.2539603254692566,-0.2671377713136688
2022-08-18,-0.2646648341514627,-0.2646536430078764,-0.271201128076891
2022-08-19,-0.2627214545608597,-0.24619991697895405,-0.2738268139525186
2022-08-22,-0.277206217532712,-0.24760532541267122,-0.26294150072831013
2022-08-23,-0.29518519098843565,-0.2523763917496379,-0.2683532557972872
2022-08-24,-0.3064821123283882,-0.24116095187668163,-0.260934895678121
2022-08-25,-0.30458931907085474,-0.2443521906598064,-0.2603259187768423
2022-08-26,-0.3163466687154042,-0.23752180351882513,-0.25347083528863745
2022-08-29,-0.30883208789584427,-0.23538859726925354,-0.24203053324151524
2022-08-30,-0.2948641887541067,-0.23589689238639222,-0.23920867331812123
2022-08-31,-0.2980475711507694,-0.23209975581589382,-0.240979253209887
2022-09-01,-0.2890823131977053,-0.2385037586567974,-0.23390281744776042
2022-09-02,-0.2754789985069719,-0.22975930117701782,-0.2299061117532949
2022-09-05,-0.29480427378704455,-0.2529569051085453,-0.24510906447029124
2022-09-06,-0.2848820044461132,-0.255311592338166,-0.24344769996224935
2022-09-07,-0.2842648540225322,-0.2535619116872223,-0.23811531834618638
2022-09-08,-0.2919912491662393,-0.2605992203601113,-0.24665956273783218
2022-09-09,-0.29734743638195094,-0.26732810626320613,-0.2520313316899907
2022-09-13,-0.3054726391700061,-0.2739582270139397,-0.25715217665026036
2022-09-14,-0.30958016593699855,-0.2664747483546651,-0.2541826323774815
2022-09-15,-0.3136877465830026,-0.2699687192749839,-0.25090999606243114
2022-09-16,-0.3054833882970538,-0.25730729879003156,-0.2415120951598323
2022-09-19,-0.29741078904099094,-0.2507465582232805,-0.25055774993079527
2022-09-20,-0.2931922408614914,-0.2497275915139916,-0.24776158709848572
2022-09-21,-0.2923665097474093,-0.2503614094655311,-0.24352467469024264
2022-09-22,-0.29565137254810425,-0.2544367604547172,-0.2421911892391312
2022-09-23,-0.29992216275535133,-0.2619012764047022,-0.2497542159332775
2022-09-26,-0.29402891287644395,-0.24839560862394938,-0.23822768590841614
2022-09-27,-0.2907789996710449,-0.25186806503038317,-0.23572945194342232
2022-09-28,-0.2862631849368171,-0.24358431906719558,-0.23015131843317937
2022-09-29,-0.2871378392698988,-0.25806263924952244,-0.23329653857942467
2022-09-30,-0.28702554273987235,-0.262358713259382,-0.2379309191786847
2022-10-10,-0.3002938435481092,-0.29119909091980756,-0.2511331283488851
2022-10-11,-0.30191418433137995,-0.30506616654707475,-0.265427905850811
2022-10-12,-0.30329545187351836,-0.31010945075794294,-0.27149807874462706
2022-10-13,-0.3017620958564894,-0.31097251895597355,-0.27470959545436513
2022-10-14,-0.3044691623565866,-0.3111149994292931,-0.27139189158542865
2022-10-17,-0.30293671072749095,-0.3247295817754159,-0.2856744241395871
2022-10-18,-0.3103317829524447,-0.3306102785999214,-0.2878179399206062
2022-10-19,-0.3059629187944177,-0.322139327188233,-0.2810755664531711
2022-10-20,-0.30568013064956767,-0.32128553284541683,-0.2797965224782092
2022-10-21,-0.30875113782083374,-0.32338919677879885,-0.27829103589489057
2022-10-24,-0.29723191441443664,-0.31537417648224775,-0.2693947131187955
2022-10-25,-0.2980475397503808,-0.3149523926335407,-0.2648336670643482
2022-10-26,-0.2927869965392864,-0.3123490894429938,-0.2594828162780285
2022-10-27,-0.28869748886861457,-0.3052187992674049,-0.25196740285020724
2022-10-28,-0.2721186469204957,-0.2925829148049375,-0.23799650352669188
2022-10-31,-0.25899111612786074,-0.27712009628975354,-0.2289200339584716
2022-11-01,-0.2836977018078326,-0.30593775341475227,-0.2564275672104587
2022-11-02,-0.2909666547408273,-0.3104303947772763,-0.2582276332056911
2022-11-03,-0.2930291930566644,-0.3123097342722986,-0.25886793934930197
2022-11-04,-0.30867937054128325,-0.33374374000741003,-0.2758188735315309
2022-11-07,-0.30159788808766885,-0.3234891298920375,-0.26729415011487323
2022-11-08,-0.3065253348711656,-0.32814839263200646,-0.2743464484150203
2022-11-09,-0.3064247704093972,-0.32841026002490115,-0.2781601341572103
2022-11-10,-0.29773114577080273,-0.32280261087133333,-0.2728097438542545
2022-11-11,-0.31485315508228384,-0.333533394644585,-0.29006198025467866
2022-11-14,-0.32001341920974524,-0.3409608424463082,-0.2932541192395095
2022-11-15,-0.33011081302983736,-0.34325392941912347,-0.295138181875907
2022-11-16,-0.33331332344114795,-0.3415692225907365,-0.29124026489095645
2022-11-17,-0.33137477711917585,-0.3364311267582759,-0.28817793992728213
2022-11-18,-0.3338582812308748,-0.34279726606195593,-0.2891615551174129
2022-11-21,-0.3194898315318103,-0.3461889820086005,-0.2923719899453283
2022-11-22,-0.32448308620284083,-0.34303492742686736,-0.2889627070500973
2022-11-23,-0.321770463138099,-0.3426431256654233,-0.28673808463745576
2022-11-24,-0.31686968047817066,-0.3399433316774274,-0.2843794592099992
2022-11-25,-0.3126866374133075,-0.33649724861264907,-0.27546258178350314
2022-11-28,-0.3049004911665435,-0.3272116962408791,-0.27671126079648234
2022-11-29,-0.3165959753980053,-0.33345687281877834,-0.26531038688807385
2022-11-30,-0.31821063375966585,-0.335988545052865,-0.26578283778833867
2022-12-01,-0.3179685745304356,-0.3360673242450788,-0.26341649938309597
2022-12-02,-0.31106337944164575,-0.32802604811464375,-0.2537757243542109
2022-12-05,-0.31189378165998827,-0.3214516505722492,-0.25864628256675415
2022-12-06,-0.30887836513243816,-0.31840241747083187,-0.25575326999148207
2022-12-07,-0.30570457719785793,-0.3143246245371888,-0.2505540051669085
2022-12-08,-0.2897135070643245,-0.3061131171271151,-0.2398876488409919
2022-12-09,-0.27950156091790224,-0.29405741173016475,-0.22963461961600307
2022-12-12,-0.29486444860177063,-0.30558781504741994,-0.23952509146457812
2022-12-13,-0.2994487589329662,-0.314599143351571,-0.24977590872611
2022-12-14,-0.29191444452545345,-0.3148548739483056,-0.24688788071801904
2022-12-15,-0.29298892013367595,-0.31320362252869915,-0.24467634445833142
2022-12-16,-0.2960467099532801,-0.3141751242325932,-0.2469502578220253
2022-12-19,-0.31154862375624937,-0.32926667016547795,-0.2636629568869041
2022-12-20,-0.31388393208237997,-0.3268292476912805,-0.2666684404168984
2022-12-21,-0.3064612141115206,-0.3210957600898646,-0.25715575369786214
2022-12-22,-0.3088592501332479,-0.323621181773488,-0.2612768790507394
2022-12-23,-0.30765639566194547,-0.3180516193479551,-0.263400660098974
2022-12-26,-0.31456078631888973,-0.32263270019374457,-0.27300539059680606
2022-12-27,-0.31178992784364756,-0.32594846014431544,-0.2759013069545123
2022-12-28,-0.31221329364841954,-0.33029752150729164,-0.27964562357887623
2022-12-29,-0.3140612136829726,-0.3268479745848982,-0.27787151789641296
2022-12-30,-0.31446429988631575,-0.325259863524626,-0.27964221208783124
2023-01-03,-0.316603922395706,-0.3373132550611425,-0.2916281036585413
2023-01-04,-0.315820605809373,-0.34379424351556265,-0.28762106818933353
2023-01-05,-0.31276738683848904,-0.3471334676073421,-0.2954852059172378
2023-01-06,-0.30684906107754306,-0.34050732936885486,-0.29294435728576473
2023-01-09,-0.3085606079548773,-0.3472740749464691,-0.29740928159357227
2023-01-10,-0.2997418651695821,-0.34427736665982944,-0.2928468041884674
2023-01-11,-0.29350776426829717,-0.34346376999782724,-0.2947917867843376
2023-01-12,-0.29616687010080955,-0.3385912088898422,-0.29101836839665995
2023-01-13,-0.28911994616712167,-0.33061183991816456,-0.2839703433612082
2023-01-16,-0.295950019072151,-0.3401761524884178,-0.28967337650542635
2023-01-17,-0.28844426295348646,-0.3385763719330859,-0.28816695378452395
2023-01-18,-0.28499540390650313,-0.32770232577577796,-0.27800841660881004
2023-01-19,-0.2833292064716534,-0.32535725368003576,-0.2785683249005284
2023-01-20,-0.2767939433618172,-0.3169739804506013,-0.27073523438996405
2023-01-30,-0.27714789531675854,-0.31594149708855856,-0.2675392896322436
2023-01-31,-0.287937832493666,-0.32883481457319785,-0.28135260148656116
2023-02-01,-0.2885043890533334,-0.32866955001806286,-0.28126572005447503
2023-02-02,-0.29385958419050073,-0.34688746714464036,-0.2959923330938724
2023-02-03,-0.2981537008151275,-0.3490422056303145,-0.29937448145348866
2023-02-06,-0.30061770109878405,-0.3546151528726288,-0.3041480220635475
2023-02-07,-0.30339016667514873,-0.35906468119743706,-0.3122238588028028
2023-02-08,-0.30616849013287273,-0.36000937456839954,-0.3214167255390086
2023-02-09,-0.2994227395873792,-0.35612913316077865,-0.32109726150805695
2023-02-10,-0.30664873090119915,-0.3650108726898378,-0.32409509002214243
2023-02-13,-0.31605749674852746,-0.37704161333953734,-0.3304825429249728
2023-02-14,-0.314710353084917,-0.3779072912373831,-0.3341174841142981
2023-02-15,-0.3104978743408512,-0.37354480214652575,-0.33681353706157735
2023-02-16,-0.3100400115157027,-0.37302709065859074,-0.3372791987155326
2023-02-17,-0.3116020646966424,-0.37238047216775605,-0.3391968642908261
2023-02-20,-0.308140082335025,-0.3740369593527496,-0.33881883976959193
2023-02-21,-0.3033005527693752,-0.3728454001848881,-0.34051190271661413
2023-02-22,-0.3071532131673752,-0.37531942431281917,-0.3420427073714051
2023-02-23,-0.3098079861458458,-0.3806209627239706,-0.34450015742643714
2023-02-24,-0.30896530778597386,-0.38188290480974907,-0.34690421112609804
2023-02-27,-0.3144394873852372,-0.38728692756967553,-0.34511069067245825
2023-02-28,-0.308708722207249,-0.3837144393076827,-0.3501935519735879
2023-03-01,-0.2964083334826262,-0.3769041363385701,-0.35672002887807663
2023-03-02,-0.2978023967568655,-0.3753804979000669,-0.35439550041670176
2023-03-03,-0.2920226500643136,-0.3730623154281125,-0.35202072485276203
2023-03-06,-0.2975616800464276,-0.3787856558817352,-0.35650446310535266
2023-03-07,-0.2942350671556708,-0.3779283052109814,-0.3505507427874144
2023-03-08,-0.2997661209438943,-0.38090187533812747,-0.35324896255494853
2023-03-09,-0.2991879606919936,-0.379535596303445,-0.3511904543206067
2023-03-10,-0.29984158838111563,-0.37834734137437487,-0.34516567899668327
2023-03-13,-0.29154980286093346,-0.37368211107100535,-0.3402978195076406
2023-03-14,-0.30034736815922525,-0.37312345959367543,-0.3344878983490398
2023-03-15,-0.30021789329633686,-0.3726612176135844,-0.3344685085547372
2023-03-16,-0.3086243735153872,-0.3705988227024942,-0.327731487144013
2023-03-17,-0.3079587628811049,-0.3693933325097918,-0.3241716334835747
2023-03-20,-0.29768784549241034,-0.3627295054169294,-0.313956114462811
2023-03-21,-0.30827831048825227,-0.37165882786851256,-0.319803643971453
2023-03-22,-0.3095560112418022,-0.370817673084207,-0.3203409273014035
2023-03-23,-0.31190297132087064,-0.367106490445945,-0.3176505239645091
2023-03-24,-0.3038051427085535,-0.3667060468574397,-0.31355332926167867
2023-03-27,-0.30172136718887177,-0.3663462796045672,-0.31168886212533453
2023-03-28,-0.3070200552640313,-0.3758576913417697,-0.32093380185081777
2023-03-29,-0.3049108289739022,-0.3767220730732638,-0.32168819105053303
2023-03-30,-0.30379516878028145,-0.37969929815808956,-0.3260187409730496
2023-03-31,-0.30362877378646835,-0.3818287014183641,-0.32680683101242125
2023-04-03,-0.3121625697617745,-0.3809461297339565,-0.32899611729738953
2023-04-04,-0.31219890965611696,-0.37411315232227327,-0.32547096895978134
2023-04-06,-0.3039500262264918,-0.3626353060316927,-0.314406709531031
2023-04-07,-0.30677201185002156,-0.3639665291059946,-0.31442899793995416
2023-04-10,-0.3031918683759157,-0.3615082385011137,-0.3101178917854599
2023-04-11,-0.31369673022539823,-0.3737571786015982,-0.3243436108925719
2023-04-12,-0.30715488321509576,-0.36696367106648986,-0.3160153747113714
2023-04-13,-0.3036359299582211,-0.36363352964612194,-0.31342495970039697
2023-04-14,-0.2964099277905934,-0.3614778879193544,-0.30704571030449923
2023-04-17,-0.2990269609621832,-0.3661880826995565,-0.3093332409048173
2023-04-18,-0.31011173316711205,-0.37480846256551736,-0.3177300330316398
2023-04-19,-0.30635301301803386,-0.37170342421726343,-0.311656058934924
2023-04-20,-0.30352780334421736,-0.3709809222831303,-0.3074389886045873
2023-04-21,-0.2828317326431632,-0.3610953641878015,-0.299628895850639
2023-04-24,-0.2679773134137792,-0.35077710034729304,-0.2931280358575642
2023-04-25,-0.2646795201312805,-0.3454289787839804,-0.2829425224039689
2023-04-26,-0.27972120018862023,-0.35154219690908284,-0.2888826619836904
2023-04-27,-0.2716659079501955,-0.3413642555137285,-0.2783356476329728
2023-04-28,-0.27650810780367885,-0.34559987878142906,-0.2819893082053869
2023-05-04,-0.26198204666068947,-0.3253507241960012,-0.25633691812737447
2023-05-05,-0.2625384790094374,-0.3253151805245089,-0.25620970082147876
2023-05-08,-0.29851710133886367,-0.3532964984263556,-0.2917941219364477
2023-05-09,-0.28482345587586433,-0.3411178269694666,-0.2801741539234175
2023-05-10,-0.2819180314354448,-0.33553895134289,-0.2732698066482906
2023-05-11,-0.2590358387462862,-0.3158033980817344,-0.24978369117096122
2023-05-12,-0.24557521755908474,-0.30470758091937167,-0.23844978888749635
2023-05-15,-0.26192252416775075,-0.31694587190784085,-0.24933432284389645
2023-05-16,-0.2607105601107479,-0.3168394977241161,-0.2504135012518214
2023-05-17,-0.26642383199909414,-0.3229497367037051,-0.2569130422073106
2023-05-18,-0.2756459850199038,-0.33017414713916504,-0.2648163690438122
2023-05-19,-0.2682033382598077,-0.3247313321183486,-0.25650265154000096
2023-05-22,-0.24102375447784852,-0.30134476919993936,-0.22922760832726152
2023-05-23,-0.24658210897764188,-0.3060828093366784,-0.2346452064203438
2023-05-24,-0.23153541906392205,-0.2945859969917144,-0.22005466401073004
2023-05-25,-0.2294915176172544,-0.29268927140452694,-0.21790816650617506
2023-05-26,-0.24895732589844422,-0.3130806753431792,-0.24086114534499414
2023-05-29,-0.2544866781518077,-0.3142655375292154,-0.25097496328523594
2023-05-30,-0.24191011948374164,-0.3016447264262261,-0.23830445014609347
2023-05-31,-0.22379045937859132,-0.2884084494715019,-0.22131987513104945
2023-06-01,-0.25502632201683384,-0.3145081364988215,-0.2564882090882443
2023-06-02,-0.26910366571638356,-0.32615695436121395,-0.26833934011421934
2023-06-05,-0.2793391520559164,-0.33893591115734945,-0.26297543889028774
2023-06-06,-0.27394003921694554,-0.3345529551711468,-0.2683330494580505
2023-06-07,-0.27179943716658905,-0.3236953975390967,-0.26241663586686836
2023-06-08,-0.28509188626464776,-0.328610897279321,-0.26201996020861174
2023-06-09,-0.2985083039156079,-0.33233665978221416,-0.2740372257058651
2023-06-12,-0.2795761901805289,-0.33856118473696295,-0.2880767930235085
2023-06-13,-0.29851447376596096,-0.3347053926417951,-0.27970330640212826
2023-06-14,-0.30945756085039966,-0.3344178778274466,-0.27286315531714056
2023-06-15,-0.3189607965694302,-0.3358875589844318,-0.2785159545152204
2023-06-16,-0.33567203940559776,-0.3212151553027658,-0.2587048442832225
2023-06-19,-0.32901046852813165,-0.32671871364314176,-0.2610485547832012
2023-06-20,-0.3330684392513348,-0.3251799448232483,-0.25789068359468803
2023-06-21,-0.32726117253345033,-0.330137095964949,-0.2548651388695964
2023-06-26,-0.32432445256454134,-0.33696972998587027,-0.26500417806118415
2023-06-27,-0.332104506079659,-0.3282616341744118,-0.25226452527081944
2023-06-28,-0.3334618338061066,-0.3334924727838191,-0.25598808498067505
2023-06-29,-0.3392389441704994,-0.3387240696551007,-0.2527568004216142
2023-06-30,-0.3387390828053114,-0.3344374434780837,-0.2455556866703994
2023-07-03,-0.32143139237607166,-0.31044920679255705,-0.21974608946388174
2023-07-04,-0.3212241369075569,-0.3110998504576066,-0.22122321101918885
2023-07-05,-0.3127636981326881,-0.3078842959407485,-0.2206043945469115
2023-07-06,-0.308106834167719,-0.30415605242805166,-0.2133589716961577
2023-07-07,-0.3222280445836231,-0.31289404331354087,-0.22282153831056994
2023-07-10,-0.3281244576650648,-0.31539327524106164,-0.2234759623067778
2023-07-11,-0.32663180604829156,-0.3091252807394941,-0.2123630965497315
2023-07-12,-0.31501515310649897,-0.297628414274526,-0.2006803786514435
2023-07-13,-0.3145271370321209,-0.29636467934147803,-0.20317394087550977
2023-07-14,-0.2975849332414966,-0.28032627488652095,-0.1823121602451241
2023-07-17,-0.32108600118634256,-0.3031656889812937,-0.2000566355437423
2023-07-18,-0.3117313118792683,-0.2941110436661867,-0.19009478142786984
2023-07-19,-0.3048655184451825,-0.28706211434384454,-0.17970206378595022
2023-07-20,-0.2966506185131862,-0.2794480684913053,-0.17536471011426424
2023-07-21,-0.3022920358143264,-0.28202711200853114,-0.18982394215384069
2023-07-24,-0.3092939653458331,-0.28955153545777623,-0.19659292831690045
2023-07-25,-0.29364922815061767,-0.268890383262122,-0.16874103243782512
2023-07-26,-0.2860652134566002,-0.2608434115718592,-0.15959461202400793
2023-07-27,-0.2869948574953268,-0.26118340888920566,-0.15928256618588477
2023-07-28,-0.2851176983069307,-0.2529392633444726,-0.14988279862442166
2023-07-31,-0.29152648293678585,-0.25618138730329476,-0.15423966925168875
2023-08-01,-0.2785865613049494,-0.24408339945428603,-0.13850361170095993
2023-08-02,-0.28500911755370695,-0.2519890034902963,-0.1543894346983763
2023-08-03,-0.3059069702017788,-0.2780075855227164,-0.18863211047502726
2023-08-04,-0.29229679031704603,-0.2604518768782391,-0.17360715879637478
2023-08-07,-0.3002180073287838,-0.2650936846250884,-0.17285574000208892
2023-08-08,-0.289165966945222,-0.2737574324932919,-0.19219748614141896
2023-08-09,-0.2779932589874424,-0.2597697467932414,-0.18046993103014686
2023-08-10,-0.2787074080980577,-0.2521792965392292,-0.17656911472677128
2023-08-11,-0.28650188053100334,-0.2717181775525547,-0.19483820734883495
2023-08-14,-0.2930523374033791,-0.2768865228224384,-0.19206002187985605
2023-08-15,-0.28689054894612787,-0.2782973014015647,-0.19391603359188792
2023-08-16,-0.3096451940327233,-0.3066027571820086,-0.20279528164820504
2023-08-17,-0.3066894458978865,-0.3116090017263631,-0.2091552039354837
2023-08-18,-0.303411225797627,-0.3174271833765854,-0.21382566192672958
2023-08-21,-0.28914414308809067,-0.3061875529579017,-0.2183922448508795
2023-08-22,-0.30213593070715716,-0.3174090061424275,-0.2235707032102141
2023-08-23,-0.30055564596868634,-0.31552777113255215,-0.22217421080497235
2023-08-24,-0.30296211952943797,-0.3168703534952957,-0.22037658611716893
2023-08-25,-0.29433057953338937,-0.3102563923832009,-0.2317194006054134
2023-08-28,-0.3001158149633618,-0.3298838202382608,-0.23682793096212384
2023-08-29,-0.3011448635090931,-0.33725195782311435,-0.23790216669384734
2023-08-30,-0.28894635798064905,-0.32710207397631585,-0.23861835526355724
2023-08-31,-0.29403450034286494,-0.3297142697691564,-0.24353234315305505
2023-09-01,-0.28915309593927574,-0.31587248303107796,-0.22896957926875738
2023-09-04,-0.29873671014201153,-0.3316370541319086,-0.2327548353581531
2023-09-05,-0.2941164110121939,-0.3284010212172035,-0.2305171861367653
2023-09-06,-0.2833877628265069,-0.3197124424011021,-0.22100830273854866
2023-09-07,-0.285254839748907,-0.3249637193875615,-0.22524809493587172
2023-09-08,-0.2942727069272594,-0.33309649331122215,-0.22854050488352606
2023-09-11,-0.2862285083703553,-0.32302400310830137,-0.22164805747951277
2023-09-12,-0.2752741520910983,-0.3098450403033022,-0.20615464999391808
2023-09-13,-0.2793777043203115,-0.30916781416965244,-0.21068621059327142
2023-09-14,-0.26854913178775774,-0.2924831035500963,-0.20018642249029484
2023-09-15,-0.26129722985668113,-0.2852905039789888,-0.18644648490344062
2023-09-18,-0.26034007076908383,-0.2868329430697446,-0.19489358943768909
2023-09-19,-0.27343257749092664,-0.3015652800247688,-0.21861352793090505
2023-09-20,-0.2758378016875007,-0.3054271837511813,-0.2241417826958645
2023-09-21,-0.2883611073249466,-0.31423342400209875,-0.2369284164717309
2023-09-22,-0.2829037285862144,-0.31170079015021124,-0.2236343707747629
2023-09-25,-0.29381414689928353,-0.3232710149978727,-0.23262343157745746
2023-09-26,-0.3009628064196974,-0.3328341236819653,-0.24396985370325774
2023-09-27,-0.2985402917853742,-0.3399889137553518,-0.24273832210593316
2023-09-28,-0.2957601448275978,-0.3459064318947106,-0.2409126539652111
2023-10-09,-0.30596157708859517,-0.3342901107672551,-0.23161245729600222
2023-10-10,-0.3009274999569074,-0.3105521829335164,-0.21324166063843275
2023-10-11,-0.29193320895878705,-0.3127724133110499,-0.21919165207672275
2023-10-12,-0.297410103055025,-0.3190504587523799,-0.22586176889688936
2023-10-13,-0.2948368915998838,-0.3247189018698079,-0.22965813779361544
2023-10-16,-0.28881175822923577,-0.3418544281431133,-0.24924142297955199
2023-10-17,-0.28859850801428033,-0.3355420718321621,-0.24043289677814006
2023-10-18,-0.2903310214143269,-0.3357278747489859,-0.24266936808629547
2023-10-19,-0.28859603650073795,-0.33997933707536265,-0.242933505782442
2023-10-20,-0.28790474515165765,-0.33215746948197844,-0.2456727810000996
2023-10-23,-0.2771063277630075,-0.3155122127954427,-0.23026117911950816
2023-10-24,-0.27983210067343844,-0.325918715579965,-0.24136212359815767
2023-10-25,-0.2884625688884498,-0.3293439351441664,-0.24532201443553192
2023-10-26,-0.29147587150216914,-0.33982438636606105,-0.2540437059341919
2023-10-27,-0.3007332346239323,-0.3518422234140911,-0.26437828127498153
2023-10-30,-0.3138717221955887,-0.36847962260948564,-0.27598943119163355
2023-10-31,-0.3135053743348555,-0.35672190828424166,-0.2698364990702795
2023-11-01,-0.3147715533385139,-0.3462025707551464,-0.2620303236098285
2023-11-02,-0.31451003772556874,-0.34645843386812003,-0.26358031584984754
2023-11-03,-0.33017348756236964,-0.35545357564585833,-0.2691603770232065
2023-11-06,-0.33558342540454433,-0.3539976247112001,-0.2745731986005462
2023-11-07,-0.3288319659756054,-0.35033128345900866,-0.27102611484243866
2023-11-08,-0.32354101158362714,-0.3324154075333531,-0.2595183429058022
2023-11-09,-0.31551602135747414,-0.32905716154014353,-0.2569049454267681
2023-11-10,-0.30876210424955675,-0.32740361829015374,-0.25790181890780095
2023-11-13,-0.3059058107674364,-0.327947823739982,-0.25865591937313104
2023-11-14,-0.3078404641189276,-0.3280334540769645,-0.2581606979761061
2023-11-15,-0.3020013827638057,-0.3157317440513313,-0.2522466412528698
2023-11-16,-0.29666432322282077,-0.3084633875944073,-0.24106556527276235
2023-11-17,-0.3047975975965177,-0.3136088457667656,-0.24057350328902516
2023-11-20,-0.30597386636097457,-0.31961559897695657,-0.24873061560140175
2023-11-21,-0.30105851103544223,-0.33018207458092796,-0.2523877979960296
2023-11-22,-0.2941256261961791,-0.3264194935084811,-0.25158781352150406
2023-11-23,-0.29991165953927146,-0.3353903307108196,-0.2556511975074146
2023-11-24,-0.2974703370444548,-0.3363638495237591,-0.257725374218028
2023-11-27,-0.29626861988432196,-0.33833640493064965,-0.2598180345725065
2023-11-28,-0.30495826418958516,-0.3469793679538812,-0.2695960589494796
2023-11-29,-0.3000997247775212,-0.34409104389913003,-0.26634861140822497
2023-11-30,-0.307180992908761,-0.3513556154437246,-0.2746780459853767
2023-12-01,-0.2934078221042212,-0.3384858242033403,-0.26189443347314134
2023-12-04,-0.2865574893170303,-0.33373888963278464,-0.2655883334133484
2023-12-05,-0.2877328482561645,-0.33456435298679543,-0.26322992759898045
2023-12-06,-0.29672591199712794,-0.34413005174845623,-0.2691781794961171
2023-12-07,-0.28024327518371717,-0.3323328272746844,-0.25634881372546425
2023-12-08,-0.2816325901634762,-0.34199557808474135,-0.2712995255956355
2023-12-11,-0.2876405023382069,-0.34661410938249315,-0.2768615977287756
2023-12-12,-0.2853135017048477,-0.34649072647084644,-0.27453276223677925
2023-12-13,-0.26399407240777584,-0.32831284334753996,-0.24553336461627462
2023-12-14,-0.2612012901406451,-0.3244889295346216,-0.24803601497181627
2023-12-15,-0.26951648909919923,-0.3314704686862676,-0.2534851822604929
2023-12-18,-0.27282116788770805,-0.33349564506792184,-0.25513258973808517
2023-12-19,-0.2740198224445204,-0.3337880696142459,-0.2538432074321012
2023-12-20,-0.27732530661816435,-0.33918269548658253,-0.266079671466096
2023-12-21,-0.2721362865271676,-0.34005848247180737,-0.2788616569481871
2023-12-22,-0.27185356924513626,-0.33793795676224225,-0.27814091114640815
2023-12-25,-0.2710730849570476,-0.3421395561752305,-0.2800327440914553
2023-12-26,-0.265383936569101,-0.33690670814106893,-0.2804616233806917
2023-12-27,-0.27534045025712406,-0.33805606954636647,-0.28817328444718704
2023-12-28,-0.2887466270527467,-0.34688299523735844,-0.2935134986925221
2023-12-29,-0.27646079500674914,-0.3400115182251503,-0.27914004413441995
2024-01-02,-0.26463254864463137,-0.32934017816613925,-0.27402732061242085
2024-01-03,-0.256739379917826,-0.3276462764212711,-0.26786750005436144
2024-01-04,-0.2628658010856678,-0.33375334207148766,-0.26343950468717703
2024-01-05,-0.26256004585777204,-0.338231969467344,-0.2654301728094993
2024-01-08,-0.2584626594586017,-0.345692886633889,-0.26946426567698323
2024-01-09,-0.2570973462374544,-0.34927767786083863,-0.2763625299906658
2024-01-10,-0.26400236891395523,-0.35864375863109055,-0.2655478725099242
2024-01-11,-0.2747845080582769,-0.37208254993953493,-0.2758427161469029
2024-01-12,-0.2738456250587138,-0.360551747106972,-0.26163336921692726
2024-01-15,-0.27522033364745746,-0.3608177532262734,-0.27001751696335075
2024-01-16,-0.27422862314088503,-0.3634454750558439,-0.2679565056002947
2024-01-17,-0.2673303619264511,-0.3444261198966728,-0.25745363879399674
2024-01-18,-0.26638191439446224,-0.35593945156015794,-0.2562071602986067
2024-01-19,-0.26959266352420086,-0.3560355677559408,-0.25603186993161975
2024-01-22,-0.26438065134351585,-0.35373897652331776,-0.25820423527317626
2024-01-23,-0.2788647274404339,-0.3636884007684148,-0.2664733598886879
2024-01-24,-0.29062801324515153,-0.3775754154854417,-0.2788608611279363
2024-01-25,-0.3005949752379595,-0.3865699429644037,-0.2862667967297895
2024-01-26,-0.2978464519390317,-0.38087008379664145,-0.281109104761448
2024-01-29,-0.2924259037810557,-0.3687905209877126,-0.2720318917319453
2024-01-30,-0.2855570533513657,-0.37543119501241573,-0.26975241228375535
2024-01-31,-0.29265416549677414,-0.38350898661611244,-0.27442843734014755
2024-02-01,-0.30010685705884177,-0.39934541106625987,-0.2849034381534755
2024-02-02,-0.3039084510407327,-0.4041446172669295,-0.27733493273854437
2024-02-05,-0.307128515039646,-0.4087235776622674,-0.28131739006137313
2024-02-06,-0.31440910324422433,-0.4106230484788451,-0.2874452315002296
2024-02-07,-0.3048953904062226,-0.40084351579490285,-0.28264491098876665
2024-02-08,-0.3122117003838992,-0.4081197852787245,-0.28585704617399144
2024-02-19,-0.3034135999361375,-0.40894891033959746,-0.2778531721401819
2024-02-20,-0.295857727504259,-0.4067431260751786,-0.26682693987128714
2024-02-21,-0.299798928275519,-0.4018809566096625,-0.26633592894394076
2024-02-22,-0.29811379412518835,-0.3971310818972218,-0.2592388097353038
2024-02-23,-0.298782467587245,-0.3963083521646784,-0.25942502808846846
2024-02-26,-0.2913273143789681,-0.3927043806420858,-0.2559771313505528
2024-02-27,-0.30014369239155025,-0.40208762290222966,-0.26410320778529606
2024-02-28,-0.29845018071333107,-0.40022057898477925,-0.2619944108174893
2024-02-29,-0.2959994208824167,-0.39804505292851045,-0.2595382523411498
2024-03-01,-0.2921947463107909,-0.393962839967947,-0.2558764847842102
2024-03-04,-0.2940934634214255,-0.39864654388832865,-0.25904369330068966
2024-03-05,-0.29268468214981014,-0.39503265173630486,-0.2516864882537355
2024-03-06,-0.2904324786592576,-0.3929253173157541,-0.24967377371019406
2024-03-07,-0.29200951747389947,-0.3917667776343926,-0.2481571569003238
2024-03-08,-0.28542112380746265,-0.3735553830399494,-0.22564587967109995
2024-03-11,-0.27107708797926644,-0.36260694479651445,-0.21207667211037406
2024-03-12,-0.27297742446986295,-0.3614688606969534,-0.2098044856736132
2024-03-13,-0.26282157346366675,-0.3521718973558067,-0.19940842755768007
2024-03-14,-0.2443113023595016,-0.33368602553028825,-0.17930587637580997
2024-03-15,-0.22183683585561254,-0.31420815145337944,-0.15512997861771483
2024-03-18,-0.23619960150069363,-0.3168409285674769,-0.15903797565079225
2024-03-19,-0.2487565845826556,-0.32757015375786647,-0.1713822748063456
2024-03-20,-0.24343747433020513,-0.3232873892466259,-0.1654196591484306
2024-03-21,-0.24677097899632616,-0.33218598839111124,-0.17816983001995934
2024-03-22,-0.263751416613206,-0.34809058210739685,-0.19248607161826736
2024-03-25,-0.2682374871191253,-0.3518127232213777,-0.1970553587039816
2024-03-26,-0.25509980143364097,-0.33805818472741744,-0.1810111020905979
2024-03-27,-0.2618320960104036,-0.3433998175966234,-0.18894897144005884
2024-03-28,-0.23675225551433288,-0.32483908744645074,-0.1695264693685835
2024-03-29,-0.21125374205686687,-0.3042267470187848,-0.14699702296614736
2024-04-01,-0.2092625280094621,-0.31490053909127447,-0.15736492414383751
2024-04-02,-0.20789905395944452,-0.31266560040344593,-0.15432200510988137
2024-04-03,-0.19685236402428175,-0.30031159357488857,-0.14172600352930342
2024-04-08,-0.21188826628176638,-0.3082674306882508,-0.15632887781070615
2024-04-09,-0.21353084740778128,-0.30839535105948923,-0.15899536006945414
2024-04-10,-0.2089283030783322,-0.30784733886027904,-0.15994471010491906
2024-04-11,-0.22286583737310195,-0.3159274965494844,-0.16896938824102192
2024-04-12,-0.22906768054677218,-0.3183188467961072,-0.1700072118056547
2024-04-15,-0.2248854805967817,-0.323963355768612,-0.17546068104646007
2024-04-16,-0.22286319665468446,-0.320467334916798,-0.16972856798410074
2024-04-17,-0.242601701098054,-0.33459407175361344,-0.15997174037729978
2024-04-18,-0.2413171514648017,-0.3395515738013757,-0.16435049273260005
2024-04-19,-0.2411847174373246,-0.33650298349997876,-0.15991371031555646
2024-04-22,-0.25286491485157003,-0.34744217090275875,-0.16715701977411834
2024-04-23,-0.2541921047737712,-0.35927348649650703,-0.17513856844464626
2024-04-24,-0.26127525832902543,-0.3377869876952668,-0.16976248081646883
2024-04-25,-0.2668353302088894,-0.3423426282435664,-0.1683568314844598
2024-04-26,-0.2553871699506628,-0.3406841943363086,-0.1693060110096234
2024-04-29,-0.24984359217537688,-0.34980499391046704,-0.18292792784785117
2024-04-30,-0.24911005315721024,-0.3400835444063651,-0.1787829200025285
2024-05-06,-0.2525520770781535,-0.32630405463363865,-0.1781077826755283
2024-05-07,-0.2438583605768052,-0.32931467070002884,-0.1822801016506408
2024-05-08,-0.2577063978666426,-0.3391256679719312,-0.19400608276578402
2024-05-09,-0.25625483120495973,-0.3423664189336124,-0.1918459796854265
2024-05-10,-0.25081977627581964,-0.3403025389007941,-0.18333978786214788
2024-05-13,-0.24275870370730224,-0.3315020315837004,-0.17013898186026322
2024-05-14,-0.25032243048553426,-0.34027699958799495,-0.1813249379746633
2024-05-15,-0.25106848290227546,-0.34400488772652105,-0.18463108032845932
2024-05-16,-0.24441185845016422,-0.3416052029418192,-0.17696526802715418
2024-05-17,-0.22783852532422166,-0.332837711687861,-0.16261529517268714
2024-05-20,-0.21385439783880844,-0.3254600531209063,-0.1489806199053504
2024-05-21,-0.2151076825174717,-0.32719681826187674,-0.14541251114282217
2024-05-22,-0.2008211227222665,-0.3159718652551543,-0.1298573642929306
2024-05-23,-0.218775044995273,-0.33418941207116737,-0.15109506523848037
2024-05-24,-0.22069434371727004,-0.3323320598925067,-0.15234022584138074
2024-05-27,-0.22811754956306884,-0.34194672663608294,-0.160810397921468
2024-05-28,-0.22693859939589478,-0.34050205094300967,-0.16037825104273618
2024-05-29,-0.22545783731478164,-0.3366905208619574,-0.15742293627684345
2024-05-30,-0.23988375974622833,-0.3483133166793003,-0.16881057382343645
2024-05-31,-0.24332061074946387,-0.35369310660837283,-0.17508269068079563
2024-06-03,-0.2653761803586073,-0.377648756504413,-0.19263602820609094
2024-06-04,-0.2551483321744661,-0.37212159639014086,-0.1899519473104735
2024-06-05,-0.2616417525430289,-0.36910799899072766,-0.18939936554020464
2024-06-06,-0.24452864102939764,-0.3642061570323659,-0.18477172362229977
2024-06-07,-0.23842200120486146,-0.35557708560665724,-0.17990268000588527
2024-06-11,-0.2729940803756943,-0.36547656713315824,-0.19330555576015085
2024-06-12,-0.26443225014913463,-0.3660067685176658,-0.18909224651432
2024-06-13,-0.27457865801797243,-0.368877490835813,-0.19134904793073781
2024-06-14,-0.27830844356338824,-0.3773872214824905,-0.1989732412373726
2024-06-17,-0.28491396749942133,-0.3695902122534308,-0.200146070921718
2024-06-18,-0.29358010894040076,-0.37614964606338785,-0.20314989971790642
2024-06-19,-0.2922721993774422,-0.3856629858216023,-0.2107802611731865
2024-06-20,-0.28750780942912735,-0.3825064652528095,-0.21049004283444472
2024-06-21,-0.28407124529333494,-0.3720191747469658,-0.2017684662829874
2024-06-24,-0.27165210529639405,-0.35864660502086154,-0.1898341771670745
2024-06-25,-0.2711610086062354,-0.35363994467534754,-0.18382663037032287
2024-06-26,-0.2792028857732669,-0.3665130599556028,-0.19180692968165913
2024-06-27,-0.27521849545676813,-0.3619996868437615,-0.1871447580128489
2024-06-28,-0.2841096455083121,-0.3714719540216709,-0.19493043927668197
2024-07-01,-0.287820843653502,-0.37898076717634555,-0.20282144851512662
2024-07-02,-0.287445610922783,-0.38185275224974946,-0.21175177750697238
2024-07-03,-0.2958356134490919,-0.39069333826832475,-0.22576013433424147
2024-07-04,-0.29660825423916803,-0.39201173101228615,-0.2251842018852146
2024-07-05,-0.2944128154548843,-0.39791646144415205,-0.2380314161061231
2024-07-08,-0.2868413714045981,-0.3970414417852278,-0.2424483591454356
2024-07-09,-0.29763819553335613,-0.39784033930178486,-0.24889722601063513
2024-07-10,-0.29446870301649963,-0.3969926655821081,-0.23245231766006402
2024-07-11,-0.3059886088339928,-0.39370526674521655,-0.22795527757164713
2024-07-12,-0.3033731082502308,-0.3928172566808873,-0.22418419539080758
2024-07-15,-0.3066505843682702,-0.39077171637659325,-0.2174944329686379
2024-07-16,-0.3048729225099972,-0.3921832406869553,-0.2150131273405721
2024-07-17,-0.2939166249130799,-0.3941172650791148,-0.22123161335130248
2024-07-18,-0.3003920020201548,-0.3987140178986366,-0.22949308365346355
2024-07-19,-0.29971627295875847,-0.4018559478444609,-0.2240325076065931
2024-07-22,-0.29762039281857255,-0.4028835699521611,-0.22744227513209925
2024-07-23,-0.28029748309858193,-0.39340184957697133,-0.21238835091431763
2024-07-24,-0.2768559488811717,-0.38981217957011804,-0.20685329401406038
2024-07-25,-0.256805691308985,-0.37277222114600495,-0.18492416190944783
2024-07-26,-0.27962830797630267,-0.39354817255579266,-0.20381720118373148
2024-07-29,-0.2652575064656044,-0.3818370597965084,-0.18784948600025708
2024-07-30,-0.236437775664734,-0.3547094043165163,-0.15599348285734727
2024-07-31,-0.2592262407810292,-0.3767957419850524,-0.1811828026807255
2024-08-01,-0.26010589501812376,-0.3788685592438239,-0.18219292352514138
2024-08-02,-0.25964237656301237,-0.37930108440926014,-0.18587147673041193
2024-08-05,-0.2374328983614432,-0.3575914025653981,-0.16420150413824186
2024-08-06,-0.21802024952200372,-0.3365859906025428,-0.14137663033257375
2024-08-07,-0.2130073342010167,-0.3309282257708124,-0.13477420801050444
2024-08-08,-0.2074551939243512,-0.32411787992197816,-0.12590097990559468
2024-08-09,-0.2179046267122,-0.3326775315944869,-0.1377879641533738
2024-08-12,-0.20858080302892257,-0.32542770510432184,-0.13077376704768418
2024-08-13,-0.1994995400607792,-0.317927395549803,-0.12332873703674485
2024-08-14,-0.182892303953068,-0.30178588347940316,-0.1037373497831876
2024-08-15,-0.18274427778509128,-0.30126793526344453,-0.10267227377281929
2024-08-16,-0.17412159336634814,-0.29351557173380793,-0.09375991030618958
2024-08-19,-0.1748994005759228,-0.2960905078527192,-0.0990460713843454
2024-08-20,-0.17696546829962712,-0.2982008299643448,-0.10130207729896568
2024-08-21,-0.19930544164501351,-0.32048969926075566,-0.12724709150483549
2024-08-22,-0.1834845047735808,-0.3047702670832604,-0.10997143217558891
2024-08-23,-0.17742512241303832,-0.2988865808109775,-0.10497707737209916
2024-08-26,-0.21967958058394121,-0.34288013869209044,-0.1364879422292643
2024-08-27,-0.22746158286111684,-0.34710830680384686,-0.14359105336899036
2024-08-28,-0.21894672460229336,-0.33638109592476373,-0.1367996692115968
2024-08-29,-0.21600846151336361,-0.33174151727564394,-0.13249498106222934
2024-08-30,-0.2235247931070986,-0.3399252597128031,-0.13510441207207513
2024-09-02,-0.19258222952670012,-0.32129878709780213,-0.11615507024377902
2024-09-03,-0.19347200827830158,-0.3178853566180907,-0.11376305206048509
2024-09-04,-0.1666383900089502,-0.3093585032511771,-0.10134162369356337
2024-09-05,-0.1520977355081451,-0.29381967497473693,-0.0854525092468208
2024-09-06,-0.15044549024470932,-0.2850229295104195,-0.06902153344741646
2024-09-09,-0.1347537483354313,-0.2804428312301933,-0.05985689086486978
2024-09-10,-0.11802743426316364,-0.26996842519233033,-0.04464736140896508
2024-09-11,-0.1343446211555691,-0.2834821239936004,-0.058021166633968724
2024-09-12,-0.14995500609976675,-0.2984847232990864,-0.07343178839047348
2024-09-13,-0.14716192683446372,-0.29409785393871657,-0.0644198517992407
2024-09-18,-0.12734478173894814,-0.2668937718825979,-0.05333217487038744
2024-09-19,-0.14105154770250994,-0.28713274911028297,-0.05913369927523349
2024-09-20,-0.13206018722293345,-0.274731012487369,-0.04561565331162731
2024-09-23,-0.11456050235584092,-0.2613612617455895,-0.04728991133624394
2024-09-24,-0.15630655582062913,-0.28653354967643774,-0.07971362887051381
2024-09-25,-0.16194983597870571,-0.294203445341211,-0.08566738362675341
2024-09-26,-0.1851897361935113,-0.2781949362064927,-0.05883229407329993
2024-09-27,-0.20067409380342882,-0.2938496636426451,-0.0811926758401268
2024-09-30,-0.21956052931522174,-0.270196265982369,-0.04927878816634934
2024-10-08,-0.2666251703234668,-0.3014331935213076,-0.06982293782768234
2024-10-09,-0.2619819735016955,-0.3262381664328968,-0.07605500780506513
2024-10-10,-0.27139020743919207,-0.3368287579703988,-0.09092195434498362
2024-10-11,-0.28019198325012706,-0.32791786202994966,-0.07624911393657663
2024-10-14,-0.2730144141882789,-0.3203363998766231,-0.0694134109930804
2024-10-15,-0.2837513199960341,-0.34294219077426913,-0.10049600708572992
2024-10-16,-0.2848893356084632,-0.35267442939880267,-0.11325815291238783
2024-10-17,-0.30507895179542854,-0.37278541523565645,-0.14004179678897266
2024-10-18,-0.2865624403680359,-0.35312632824423207,-0.1100938438686524
2024-10-21,-0.2777876646997456,-0.34771413072643875,-0.10949829928108845
2024-10-22,-0.2810235316017151,-0.34349244805225176,-0.10142228829787381
2024-10-23,-0.294672060130833,-0.34441137172002834,-0.10814132864069748
2024-10-24,-0.29358351306818187,-0.3435876539236348,-0.10589490449486683
2024-10-25,-0.2848863027792643,-0.33584783231099047,-0.09974668740781067
2024-10-28,-0.2724959185134319,-0.3302576997916631,-0.0913581788555825
2024-10-29,-0.2713466694831953,-0.3452598184054827,-0.1104651006866737
2024-10-30,-0.26902792607645787,-0.33858375785415773,-0.10102171228003187
2024-10-31,-0.27785385308439736,-0.33926619622835197,-0.10044025598553175
2024-11-01,-0.28238137866347923,-0.3435653317787216,-0.10869973935821098
2024-11-04,-0.273639640707534,-0.339371195944683,-0.10460507343563241
2024-11-05,-0.26359560619040256,-0.3250303042767758,-0.09405182837102155
2024-11-06,-0.26735297254822066,-0.3329407321636997,-0.07979809505844582
2024-11-07,-0.26268955094033763,-0.32073613886907315,-0.10893471099282126
2024-11-08,-0.27301720977177224,-0.3400888894093844,-0.10864241744461223
2024-11-11,-0.28262962859091345,-0.348978613119439,-0.10480388776682525
2024-11-12,-0.2900000848412446,-0.3655783020150132,-0.1115662941017097
2024-11-13,-0.2954952025920998,-0.3706287938628031,-0.11778261677414681
2024-11-14,-0.30731079784869186,-0.37858155965870033,-0.11344055625546201
2024-11-15,-0.31724995849575066,-0.38633142494575456,-0.11031627542349143
2024-11-18,-0.31614326531573433,-0.40568977679403473,-0.09593121273706529
2024-11-19,-0.30537831708193386,-0.4173658651862988,-0.10916542366992454
2024-11-20,-0.3028127809735872,-0.41640020863093874,-0.11235155457797075
2024-11-21,-0.30157150612554073,-0.41508152635400664,-0.10780765495029898
2024-11-22,-0.3113783353142602,-0.4037258578091155,-0.09621163018229573
2024-11-25,-0.3148642904060316,-0.4127788505729082,-0.10004444406300161
2024-11-26,-0.3139261819936233,-0.40952054948815475,-0.10406152802005086
2024-11-27,-0.3115980516517317,-0.41980158926526223,-0.11964845891063147
2024-11-28,-0.3172279543350057,-0.4152040017272083,-0.12156284896356717
2024-11-29,-0.3146800906800473,-0.4236927756834943,-0.12265815245384604
2024-12-02,-0.3055605107576025,-0.42152854282796925,-0.11681722317895926
2024-12-03,-0.3049067854740276,-0.4225208322927091,-0.11267986682394404
2024-12-04,-0.3049060009756568,-0.41491829668314495,-0.10581405548780554
2024-12-05,-0.31241230352772165,-0.4083775620180038,-0.09103537402632345
2024-12-06,-0.3098664394020523,-0.40737776825406025,-0.0900417887781052
2024-12-09,-0.306162452142389,-0.40696747386000687,-0.08891930209236643
2024-12-10,-0.30809223560547894,-0.4273067371754835,-0.10377855890123822
2024-12-11,-0.31147880832712715,-0.4316081975561018,-0.10917263758650408
2024-12-12,-0.30567495937029643,-0.4310551034056833,-0.09892739630196334
2024-12-13,-0.322767346092211,-0.43759706726779113,-0.1116649466504418
2024-12-16,-0.3240177059361543,-0.44091320391481514,-0.11531687204223184
2024-12-17,-0.33004546461395656,-0.4448165751994472,-0.11598820907631813
2024-12-18,-0.33110911480017957,-0.450902964525289,-0.12874668747651963
2024-12-19,-0.3262484287614893,-0.45033382332364635,-0.12867773278012729
2024-12-20,-0.3375767561394606,-0.4611564674761268,-0.14379161643912663
2024-12-23,-0.33237085332758254,-0.4525724647921331,-0.13942198789068871
2024-12-24,-0.3321520778078323,-0.45805712220004446,-0.13851422979769334
2024-12-25,-0.33407051372308727,-0.45805716143298814,-0.13620115207587558
2024-12-26,-0.3362357028486189,-0.46268961486094695,-0.14394160319572347
2024-12-27,-0.34407365750022567,-0.46655531020895313,-0.13613758361941564
2024-12-30,-0.3510470922973272,-0.4658962810915861,-0.14188049782604195
2024-12-31,-0.34154649608204457,-0.45675649743746805,-0.14091822128443965
2025-01-02,-0.3415246991808797,-0.4479109011720609,-0.14127668618949218
2025-01-03,-0.32096729666025614,-0.4363160004254083,-0.11362839668521008
2025-01-06,-0.3185628447259492,-0.43533560706903085,-0.11090219106265531
2025-01-07,-0.31863347687053767,-0.43791153689296825,-0.11876193612637864
2025-01-08,-0.3107030101343494,-0.43340092624606175,-0.11180773480323125
2025-01-09,-0.30657343244487256,-0.43259349055711316,-0.10819761996067268
2025-01-10,-0.3062783776037863,-0.43017135179356525,-0.10808850273140469
2025-01-13,-0.307968635357759,-0.42832198710797975,-0.11337686713032291
2025-01-14,-0.3273890742085128,-0.4402375084829786,-0.13144025822580319
2025-01-15,-0.3220899029027159,-0.43455949792929693,-0.12262992981860432
2025-01-16,-0.31839703101103156,-0.4330018482772596,-0.12014268875990397
2025-01-17,-0.32497044936255537,-0.4346242579629771,-0.12306130674108051
2025-01-20,-0.3357105615054512,-0.4423387050831147,-0.13204072620660723
2025-01-21,-0.3399792095904738,-0.44315364227493736,-0.13077555759401527
2025-01-22,-0.3369447235465075,-0.44449507536057586,-0.13244555898881538
2025-01-23,-0.34361913007669587,-0.44786227825263303,-0.13685138853650547
2025-01-24,-0.3454637625258603,-0.44916628588823126,-0.1385687039377108
2025-01-27,-0.34728765593490263,-0.45128819325288694,-0.14107751620632458
2025-02-05,-0.33477634804132994,-0.44609735394171834,-0.13656776283862937
2025-02-06,-0.3361163213235422,-0.4436661703219569,-0.12914421804525789
2025-02-07,-0.339539841788587,-0.44290777911043977,-0.12564128463219693
2025-02-10,-0.3343673063779483,-0.4398748938709507,-0.12298397011798479
2025-02-11,-0.3333198823211194,-0.4393286096058767,-0.12460362823700455
2025-02-12,-0.33836326958882734,-0.445162785895565,-0.11655834941576515
2025-02-13,-0.34951067000787706,-0.4664786279058921,-0.14442093808251766
2025-02-14,-0.34227679407620226,-0.4597317014032626,-0.13056108629220786
2025-02-17,-0.3559718630072205,-0.4750372246432636,-0.14098475662034105
2025-02-18,-0.34950787126183624,-0.47199077399933753,-0.13536562897855908
2025-02-19,-0.3409100328551038,-0.4666328653011581,-0.12842239071520778
2025-02-20,-0.34215527670165535,-0.4603542124669153,-0.11799369608332066
2025-02-21,-0.34367169869197467,-0.46033607529857057,-0.11621566278274986
2025-02-24,-0.3515432776082563,-0.4590174616689603,-0.11777110224084275
2025-02-25,-0.352348861435856,-0.468989344283679,-0.13172703205033842
2025-02-26,-0.35960764114044874,-0.4688499187461389,-0.13546009055658903
2025-02-27,-0.35504084745878906,-0.46645072973818136,-0.13315603800198517
2025-02-28,-0.3603461514064267,-0.4732027700018916,-0.13971977166916072
2025-03-03,-0.35736463901333504,-0.4707764227618909,-0.1328060174328629
2025-03-04,-0.3607723163340941,-0.4696578955921643,-0.12601650661482067
2025-03-05,-0.3700927052684023,-0.4812559948563041,-0.13233288396998333
2025-03-06,-0.3621523838835937,-0.47520783649638954,-0.11999760567513462
2025-03-07,-0.359512409442195,-0.47760903988359316,-0.12179433063201828
2025-03-10,-0.3541444188425117,-0.4751068568788983,-0.12753660366836594
2025-03-11,-0.3604435674076467,-0.4788606541192948,-0.11768425507405089
2025-03-12,-0.3550831703493629,-0.4754017122576941,-0.11166636622683912
2025-03-13,-0.35628666061026326,-0.4835418156620488,-0.12892738980955287
2025-03-14,-0.3522430413924075,-0.48972403094774286,-0.14076165720319478
2025-03-17,-0.34636901506997797,-0.48236577610898757,-0.13209298247832346
2025-03-18,-0.34353390602151224,-0.4829192449849192,-0.13800706663150508
2025-03-19,-0.33436301541349245,-0.4670307065316228,-0.12542628137184586
2025-03-20,-0.3439217413505511,-0.4754781915587303,-0.13782707310634623
2025-03-21,-0.34911368899866013,-0.48261349501159,-0.1456678756715728
2025-03-24,-0.3604195089387775,-0.49029389445201443,-0.15344996597914717
2025-03-25,-0.35973860209099706,-0.48977539982888607,-0.15855964483152118
2025-03-26,-0.3629082982185621,-0.48981096359737264,-0.15362454279468285
2025-03-27,-0.36398856497283316,-0.49369573154788704,-0.1596665002402955
2025-03-28,-0.35263721418741967,-0.4973198874332093,-0.15913620978740772
2025-03-31,-0.3399911425612585,-0.4897599593925013,-0.14852332407758573
2025-04-01,-0.35039734339317374,-0.4949643492091029,-0.15112732892146585
2025-04-02,-0.34602235909538137,-0.4920765804585995,-0.15262943043852695
2025-04-03,-0.3382534019469603,-0.49200179442303693,-0.15554435588306104
2025-04-07,-0.30301932858179403,-0.4832579375120172,-0.1583823722030796
2025-04-08,-0.26857217267382283,-0.46190616705131016,-0.12237218796376415
2025-04-09,-0.2573409070994127,-0.448630221358128,-0.1012724385668261
2025-04-10,-0.28575154883268783,-0.4797358877851441,-0.1538624337009613
2025-04-11,-0.280020393083691,-0.4774427899134873,-0.1507069307895761
2025-04-14,-0.2788154519356584,-0.4767324870363755,-0.1498912927715712
2025-04-15,-0.27558685225802493,-0.4739837581083296,-0.1461050716835457
2025-04-16,-0.25898153229657384,-0.46463284320544773,-0.1307543033561278
2025-04-17,-0.2670253832991826,-0.46924048773106686,-0.1383225418288716
2025-04-18,-0.2693197561504317,-0.469907672944858,-0.14070085334451332
2025-04-21,-0.2801829068360888,-0.47542066851032583,-0.1487514692147307
2025-04-22,-0.2650369578514059,-0.4670766502737501,-0.1333536802748322
2025-04-23,-0.29975673718790496,-0.4865089153658686,-0.16773961451046893
2025-04-24,-0.2860226681713294,-0.4832359312058635,-0.1600752762362645
2025-04-25,-0.2896272829166654,-0.48503286130284073,-0.16374280500769678
2025-04-28,-0.2973841739165386,-0.49270505883830573,-0.1735377198324709
2025-04-29,-0.2851944645311062,-0.48561844268945165,-0.1632064217830661
2025-04-30,-0.2774517065803088,-0.4811253436677463,-0.15499167079808618
2025-05-06,-0.26933155423044985,-0.4775636830273917,-0.14862392336280372
2025-05-07,-0.2877094982560673,-0.48003522311430435,-0.15927315059741642
2025-05-08,-0.282178409853448,-0.4760872623112745,-0.15392261917182515
2025-05-09,-0.2817695653567025,-0.4709381481788303,-0.1515567510394733
2025-05-12,-0.31593886614994593,-0.48253960080147906,-0.17745727028329095
2025-05-13,-0.32140886655007905,-0.4821812642021771,-0.17934890862132336
2025-05-14,-0.34485386548711605,-0.4877004125267099,-0.1648125702302734
2025-05-15,-0.33653082281097024,-0.49318086241116865,-0.17549009228917567
2025-05-16,-0.3242704257734961,-0.49433284594325455,-0.1841522808341095
2025-05-19,-0.3230273203634433,-0.49468272117392076,-0.18774506350854747
2025-05-20,-0.32305522292544464,-0.4943684492969529,-0.19018740985617189
2025-05-21,-0.3210432272462961,-0.49738214124378044,-0.19573342321461273
2025-05-22,-0.31559347783033886,-0.5004130659637505,-0.19767579294401139
2025-05-23,-0.31065741622556475,-0.5014418757428676,-0.20372230532768076
2025-05-26,-0.30489413575655744,-0.4988094292426233,-0.210432615093473
2025-05-27,-0.30380237694263135,-0.49958412455069,-0.21194924503450585
2025-05-28,-0.2946782838698211,-0.4921591582240129,-0.20608017615888363
2025-05-29,-0.2995031297532037,-0.4872327817480375,-0.20656856166128879
2025-05-30,-0.28465231140149216,-0.4835586232512309,-0.20025522203417978
2025-06-03,-0.28616899576071586,-0.4904951357023508,-0.20429323989894033
2025-06-04,-0.29675913167098866,-0.49891034609708884,-0.2129652453319717
2025-06-05,-0.2923988822150858,-0.4941629055755512,-0.20775350747597132
2025-06-06,-0.3020551212093906,-0.49641042701973104,-0.20608343289148667
2025-06-09,-0.306695707965163,-0.4978940353219359,-0.20746542618592612
2025-06-10,-0.3082405936961975,-0.49756215010562554,-0.20910870386760283
2025-06-11,-0.30807678339769584,-0.4978759103861369,-0.20586365246999472
2025-06-12,-0.3088617465697563,-0.49491568221653415,-0.1966965580660871
2025-06-13,-0.3144784822513834,-0.4927817013202085,-0.20252826657883016
2025-06-16,-0.31974918916092776,-0.4924192714323271,-0.2100769532615061
2025-06-17,-0.31559831274762984,-0.49236304334881853,-0.2040874423573431
2025-06-18,-0.31018915636266053,-0.4844917314864886,-0.19834091350208805
2025-06-19,-0.30373144377865113,-0.47549607818420947,-0.1910253678529319
2025-06-20,-0.30786206890688317,-0.4799713625178921,-0.19637443235664176
2025-06-23,-0.3074292835819066,-0.48077741129589024,-0.1980879078182617
2025-06-24,-0.32213381462456336,-0.5169885266465961,-0.23529619971352778
2025-06-25,-0.3236255949664638,-0.520184871799691,-0.24057341795521903
2025-06-26,-0.32771573959740563,-0.5201881703824296,-0.24668188635850252
2025-06-27,-0.3349938335425411,-0.522502983875224,-0.24971913673386292
2025-06-30,-0.3381971217905938,-0.5244982404527088,-0.2528935447514822
2025-07-01,-0.3352844275097926,-0.5242755590384185,-0.24746260731398473
2025-07-02,-0.34515362932055516,-0.5244714847191155,-0.23578531212525689
2025-07-03,-0.34080598721077704,-0.5210743479858384,-0.2315874976013037
2025-07-04,-0.34488634976294363,-0.5264328009886308,-0.23723194155775362
2025-07-07,-0.3469339424525012,-0.5303095646700562,-0.2424739625870036
2025-07-08,-0.34280798392302547,-0.5261410383162516,-0.23748727100064093
2025-07-09,-0.3406615161992923,-0.5251573420604227,-0.2349087890553886
2025-07-10,-0.33529292809677014,-0.5095230639808209,-0.20831247013759502
2025-07-11,-0.34022394524249666,-0.5129541357629217,-0.21229513344911222
2025-07-14,-0.3389367802136942,-0.5107068492804094,-0.2107647503630402
2025-07-15,-0.3453445827829247,-0.5161594974969133,-0.2065845609774134
2025-07-16,-0.3442194493962212,-0.5153804889167524,-0.20260683780110955
2025-07-17,-0.34105747097041705,-0.5075911778091425,-0.1940992888410069
2025-07-18,-0.33580492402654805,-0.5003994082106061,-0.19921799479920999
2025-07-21,-0.3175504381970583,-0.4819131828368023,-0.18834600888025754
2025-07-22,-0.3035413217913867,-0.46737783997046656,-0.17509101017644313
2025-07-23,-0.31471177722996846,-0.4758137658289868,-0.17603868872530548
2025-07-24,-0.307384297795517,-0.4691016199856577,-0.16809691735143284
2025-07-25,-0.30044761950523413,-0.4594795816893301,-0.16459945423919997
2025-07-28,-0.33016316356482056,-0.49015910486579906,-0.20791019126750743
2025-07-29,-0.3174854028310693,-0.4722741006128355,-0.181812432220524
2025-07-30,-0.31632184062059876,-0.4716851206236061,-0.1818161404199664
2025-07-31,-0.33328794963511066,-0.4874223054210688,-0.2017745979734169
2025-08-01,-0.3363456046489042,-0.4887754936536639,-0.20724218723895438
2025-08-04,-0.3324593491813096,-0.48728746617379104,-0.19763806974068443
2025-08-05,-0.3241569867509648,-0.4801567948863712,-0.18842415833329618
2025-08-06,-0.3228452980855845,-0.4814378445507226,-0.1898611117883977
2025-08-07,-0.3264107328018151,-0.48397209710266387,-0.18870011437583967
2025-08-08,-0.3326973842403298,-0.48871902944008805,-0.18879068757475614
2025-08-11,-0.3282690489968295,-0.4849503832478189,-0.1826702489673605
2025-08-12,-0.31499765163799864,-0.4737092897550259,-0.1691920671255499
2025-08-13,-0.31172379895005,-0.46715364974953466,-0.1591817852257169
2025-08-14,-0.32230161169357463,-0.4757638440456211,-0.17545332316085605
2025-08-15,-0.3211950911740884,-0.47382334635794565,-0.17066234509262024
2025-08-18,-0.3237769721635799,-0.47493532954153506,-0.1723763082547326
2025-08-19,-0.324655157770972,-0.4745967739675103,-0.1717938148292001
2025-08-20,-0.32760628785488133,-0.4758942934981648,-0.17769566928529978
2025-08-21,-0.3346776233572024,-0.48094476542755704,-0.1850657167294375
2025-08-22,-0.33458422957809664,-0.48097097115590404,-0.18352911166685903
2025-08-25,-0.3187450680356041,-0.4679422522439691,-0.18470769435062795
2025-08-26,-0.32962121548026657,-0.47519927055026034,-0.18277815914656792
2025-08-27,-0.33325428924051126,-0.4780172161884422,-0.18777627000107877
2025-08-28,-0.3298849274763127,-0.478520100412133,-0.19089741496296175
2025-08-29,-0.32868107231478805,-0.479952822430909,-0.18720227664074995
2025-09-01,-0.33409742586265323,-0.47530212027854424,-0.18361134728031658
2025-09-02,-0.33728626598358546,-0.47792374495806333,-0.18532367237711966
2025-09-03,-0.3352082214382319,-0.4760488003043125,-0.18621548037649172
2025-09-04,-0.33682587381885054,-0.4771253191521354,-0.19276661302985698
2025-09-05,-0.33421803946707596,-0.46604312792270974,-0.19178758881619162
2025-09-08,-0.3354133884380577,-0.47070349641564346,-0.1951370244491063
2025-09-09,-0.3313914371259279,-0.47022941101391447,-0.19182307107310093
2025-09-10,-0.3341232541288601,-0.4708452058247312,-0.18549006013225022
2025-09-11,-0.32819606519276234,-0.4692630099029407,-0.18402293402005376
2025-09-12,-0.32403645905037726,-0.46817695232621803,-0.1793804913597964
2025-09-15,-0.3279530424626753,-0.4709810751140804,-0.1772853040706991
2025-09-16,-0.32513943473098694,-0.4720093338063117,-0.1784205619869902
2025-09-17,-0.33091099719576944,-0.47533371686000836,-0.1755413320409307
2025-09-18,-0.3390629918664607,-0.4886109556435979,-0.18385481543018656
2025-09-19,-0.33269187730023575,-0.48439198032433883,-0.1825543992662454
2025-09-22,-0.3237357183573383,-0.47773925950863083,-0.1814431035799281
2025-09-23,-0.3201456749271524,-0.46961841111684266,-0.16735985265444775
2025-09-24,-0.3209532257188735,-0.47025053272425177,-0.17066952553679726
2025-09-25,-0.3187817881399102,-0.46982123539411336,-0.1714113795377924
2025-09-26,-0.3218593926938026,-0.47266856635461096,-0.17469059331523829
2025-09-29,-0.3162216891390809,-0.46388585475158306,-0.16706829556144553
2025-09-30,-0.30700433768953517,-0.4539298718382213,-0.15671321271014316
2025-10-09,-0.2885671529169157,-0.4487071514826346,-0.14485832728007308
2025-10-10,-0.29294367183477765,-0.4515133809259052,-0.14651866336885122
2025-10-13,-0.2832085603255934,-0.445581406822372,-0.13676818543627522
2025-10-14,-0.27642048789458495,-0.43822629681516745,-0.13027010770161085
2025-10-15,-0.27159800449130644,-0.4314273100107072,-0.12097213441995236
2025-10-16,-0.27538478132064126,-0.43386419328122305,-0.12372574492757427
2025-10-17,-0.25912945813343136,-0.4237984994976972,-0.10816612128025394
2025-10-20,-0.265862457334318,-0.42908020722423434,-0.1153558043659394
2025-10-21,-0.2640366099320235,-0.42706831883098073,-0.1186525545915238
2025-10-22,-0.27564374845575534,-0.43575250733931403,-0.1307903763319005
2025-10-23,-0.2833300795439736,-0.4439243512519456,-0.14337890435260803
2025-10-24,-0.27686080561860127,-0.4388643791414917,-0.13558413962417393
2025-10-27,-0.2822864041542297,-0.4435083170515971,-0.14271331612718063
2025-10-28,-0.29125173914677926,-0.4497892387928847,-0.15325415584774482
2025-10-29,-0.29230447188232433,-0.4503033647880712,-0.14965544817285614
2025-10-30,-0.2855687536342013,-0.44750304799588425,-0.14920659184314367
2025-10-31,-0.2849339812984355,-0.45149560968410307,-0.15394600257941893
2025-11-03,-0.28301868889579074,-0.4515689070878781,-0.15071562793163207
2025-11-04,-0.2800433151737445,-0.4529480834700621,-0.14990411149446337
2025-11-05,-0.2848921774067136,-0.4519820168657428,-0.14741982063535397
2025-11-06,-0.2845850318807006,-0.44708152405878354,-0.1543535789700572
2025-11-07,-0.2846486536586277,-0.4487495065945939,-0.1504219005942583
2025-11-10,-0.2854261419184586,-0.44574964897376645,-0.14944880550069184
2025-11-11,-0.2833325744918488,-0.4472027356363657,-0.1466326216206053
2025-11-12,-0.29153206485980754,-0.45157056404729645,-0.14829373635004628
2025-11-13,-0.2836105354000611,-0.4418771024187905,-0.14193054265521
2025-11-14,-0.2838111954830037,-0.4435830718664242,-0.14170417076636832
2025-11-17,-0.2974881655530326,-0.4463514247408157,-0.14197939861197706
2025-11-18,-0.304539280492216,-0.4512235909551997,-0.14527004080500894
2025-11-19,-0.30027669938541346,-0.4494976752623767,-0.14571113073193187
2025-11-20,-0.2955693145913887,-0.4516342079922342,-0.15378501280481305
2025-11-21,-0.29671856723150536,-0.4502619313391196,-0.15897832536424406
2025-11-24,-0.3029811584021955,-0.4541778743492749,-0.16062742368518956
2025-11-25,-0.295284308938325,-0.4514963201526294,-0.16124624932381915
2025-11-26,-0.2973229267910513,-0.4517884152800091,-0.162373172334508
2025-11-27,-0.2924793545991602,-0.45272577116569146,-0.16059748577213329
2025-11-28,-0.2994961293115924,-0.460582045980929,-0.16871080412208073
2025-12-01,-0.2962629422857107,-0.4549858037891257,-0.17577250202747208
2025-12-02,-0.2997217643376807,-0.45367830658958663,-0.17458518167241632
2025-12-03,-0.2946680549593387,-0.45105941597617893,-0.17272664242229507
2025-12-04,-0.29166696027748606,-0.447190753119865,-0.17242437137765587
2025-12-05,-0.2881694178911769,-0.4471071685827772,-0.16931389715242406
2025-12-08,-0.29314608554881383,-0.4514759545330296,-0.1726868379280545
2025-12-09,-0.29591194895742345,-0.45580425672341474,-0.17914960013050651
2025-12-10,-0.2974300297566904,-0.4558996085905769,-0.17625726755569038
2025-12-11,-0.2984930386117317,-0.4512925503763213,-0.18097083869386743
2025-12-12,-0.29532292253841697,-0.4504272892764276,-0.17532241039039898
2025-12-15,-0.29462601468958716,-0.4490843769752555,-0.17445642285352758
2025-12-16,-0.29640578464657463,-0.4520751834782073,-0.17510959097557277
2025-12-17,-0.2973675855378719,-0.4471653073848829,-0.17200091278236518
2025-12-18,-0.29669359521360394,-0.4486631467946307,-0.17650156491062963
2025-12-19,-0.28731151178511827,-0.44349368721117444,-0.17650895258955646
2025-12-22,-0.2851105173103089,-0.43992617059065586,-0.1722079530027164
2025-12-23,-0.2863652864463063,-0.43841005013734535,-0.17023081693834408
2025-12-24,-0.27833040896847583,-0.4345930363041789,-0.16663513743031977
2025-12-25,-0.2801640339183521,-0.43593488558634397,-0.16806953863405538
2025-12-26,-0.27261211353802717,-0.4310538107013455,-0.1633644088951014
2025-12-29,-0.27584340837944143,-0.43607463531091506,-0.1707843611150781
2025-12-30,-0.29486507156473285,-0.4373136418681226,-0.17194537065366733
2025-12-31,-0.29602376686846343,-0.4410134730273918,-0.1735094758521416
2026-01-05,-0.2815887695057916,-0.42548235464368156,-0.15726601623536218
2026-01-06,-0.2618269727572914,-0.4041530037622072,-0.13839903178836543
2026-01-07,-0.25016950069335586,-0.4095242081376572,-0.14770511473631165
2026-01-08,-0.2652020092991686,-0.42634321035250944,-0.16203968468393348
2026-01-09,-0.2696615624676926,-0.4283453062174656,-0.16609591121176848
2026-01-12,-0.2566274023193045,-0.4153973658179161,-0.15029732406464413
2026-01-13,-0.26115582527201264,-0.4246096246340856,-0.16291283731265827
2026-01-14,-0.25424795533535527,-0.41681348229731285,-0.15541839191788787
2026-01-15,-0.25970513480015034,-0.4259279099802544,-0.1628559023572861
2026-01-16,-0.26818287834773835,-0.43912484156165643,-0.17629020138446805
2026-01-19,-0.2723623934231396,-0.4453048583845123,-0.18389410781306215
2026-01-20,-0.27405177419131654,-0.4440253215719645,-0.1873249939010917
2026-01-21,-0.26858783839417033,-0.4363891198628095,-0.17410163520007194
2026-01-22,-0.2647311990696539,-0.4297012817083631,-0.157579586424329
2026-01-23,-0.23812907754797508,-0.4129575814640938,-0.13536745379141912
2026-01-26,-0.24307981554793956,-0.4062063558933666,-0.11812665016240587
2026-01-27,-0.24706515728720702,-0.41444058915502835,-0.12325157149950838
2026-01-28,-0.23931763936073314,-0.399998661157592,-0.09965038340846821
2026-01-29,-0.20840293557737732,-0.3677573396054665,-0.05337739901452221
2026-01-30,-0.2529545143615065,-0.4070070165680415,-0.09679839973590043
2026-02-02,-0.28324357843381465,-0.4512611380165694,-0.15622033029099203
2026-02-03,-0.2620554577413806,-0.4484529824052057,-0.15357032174293184
2026-02-04,-0.23839025006433145,-0.4345318023906247,-0.1337669352407891
2026-02-05,-0.2580997688625064,-0.44298269893817444,-0.12412371926564691
2026-02-06,-0.26249355306374145,-0.4388104428766749,-0.12050152427296112
2026-02-09,-0.24991096286723702,-0.43775107283813364,-0.11751818881728027
2026-02-10,-0.24162237230491435,-0.4282326722883405,-0.108754728487092
2026-02-11,-0.2358024790877573,-0.4240489991835129,-0.11034948171842329
2026-02-12,-0.2412413101947024,-0.4277677884018001,-0.11368665562831548
2026-02-13,-0.260157854158536,-0.4365072075682098,-0.11084456683882227
2026-02-24,-0.20975387108666088,-0.4019849286856144,-0.08106052852833179
2026-02-25,-0.21847004229230904,-0.40906243065603676,-0.08581945771188193
2026-02-26,-0.22626176031292222,-0.41173484845274433,-0.0928165669634774
2026-02-27,-0.22309945512801943,-0.4083427299524379,-0.08925660661622559
2026-03-02,-0.2049081743528347,-0.4094385694552616,-0.06603866393607416
2026-03-03,-0.2138498953143394,-0.4104238564860283,-0.08532596378936508
2026-03-04,-0.22327433990098566,-0.407642617433299,-0.09101046852519357
2026-03-05,-0.22449077294587028,-0.4043595601583495,-0.09030295001165034
2026-03-06,-0.2053443900383617,-0.38528442293186416,-0.07064285324468766
2026-03-09,-0.201727292102597,-0.36972696173021014,-0.053809548826961096
2026-03-10,-0.2506474339374697,-0.442381171436912,-0.16296130173861578
2026-03-11,-0.2403277920312522,-0.4193522709610219,-0.155971538977833
2026-03-12,-0.22963956410015784,-0.4051823411316693,-0.14196877353828874
2026-03-13,-0.22279517719383546,-0.38698395758531956,-0.12569871992335202
2026-03-16,-0.21979750256926234,-0.3816098366233649,-0.12199070129040801
2026-03-17,-0.23013495235611392,-0.3844201640146421,-0.12258228225329415
2026-03-18,-0.24889185817419446,-0.4016008376711042,-0.13998055152568312
2026-03-19,-0.2445030930138633,-0.39939237710717646,-0.1221593926520036
2026-03-20,-0.26264139251213237,-0.40963450042916394,-0.13721961279807138
2026-03-23,-0.21580778052138627,-0.36720480895026075,-0.07647290569015841
2026-03-24,-0.2540484118010995,-0.40621835642843074,-0.12932515855182136
2026-03-25,-0.28624326015861756,-0.4318187620074305,-0.16476636198287442
2026-03-26,-0.2664924727143789,-0.4116910425848803,-0.13866174656331354
2026-03-27,-0.2615741640894039,-0.40698340981902936,-0.13409390479950845
2026-03-30,-0.2584474189850253,-0.4054603248584898,-0.13125262312674268
2026-03-31,-0.27766538043469857,-0.4174685302303992,-0.14878709611724739
2026-04-01,-0.3097275094240567,-0.44950859235880136,-0.187436472282266
2026-04-02,-0.2790614347259822,-0.4224628526690284,-0.1553139586721306
2026-04-03,-0.2741121699802693,-0.42063905984952654,-0.1521282180849558
2026-04-07,-0.2680588627900301,-0.413303029697043,-0.14487680509124023
2026-04-08,-0.3158123412276671,-0.4606551396337957,-0.19205413572908803
2026-04-09,-0.3058763176055822,-0.43875167458949915,-0.181975827358566
2026-04-10,-0.3211613527300692,-0.4540683103026406,-0.20441737120171344
2026-04-13,-0.31325986143630236,-0.45202672145781064,-0.2091165472079266
2026-04-14,-0.3334097223461101,-0.4528243347538522,-0.20909434421124606
2026-04-15,-0.3412246777944048,-0.45021283631570685,-0.2083710512388114
2026-04-16,-0.3394118837583222,-0.4551500744198447,-0.22035507488409356
2026-04-17,-0.337512757137718,-0.44969351047912287,-0.21888162954157964
2026-04-20,-0.3408183009819431,-0.4629983517219546,-0.20333250457294494
2026-04-21,-0.3377691734831997,-0.4619937592736033,-0.2022700296650496
2026-04-22,-0.32547130022704884,-0.4578709605072031,-0.2073542857857137
2026-04-23,-0.3188129726549348,-0.45470977184329087,-0.22128489828291975
2026-04-24,-0.321052961904325,-0.45678163695091667,-0.22729838802211422
2026-04-27,-0.3111766396513759,-0.45328911343810185,-0.23066284836332585
2026-04-28,-0.2948340119571956,-0.44937300918130474,-0.2472186696802421
2026-04-29,-0.28757394858805896,-0.4466833341963723,-0.24068601851958105
2026-04-30,-0.2800903092045961,-0.44681682644052756,-0.24837667524147833
2026-05-06,-0.2689114904802211,-0.43929678373096415,-0.23885091709600592
2026-05-07,-0.29954812741785997,-0.44722215536199705,-0.24649593916447465
2026-05-08,-0.30698881345022055,-0.4518610811971727,-0.24301591391995936
2026-05-11,-0.28963502447066825,-0.4357048660916947,-0.2466458465845267
2026-05-12,-0.2885528252723205,-0.44069140395469153,-0.2531533508672985
2026-05-13,-0.2798363450568966,-0.42859226361762337,-0.24297338553943149
2026-05-14,-0.3015012563794601,-0.44508152581855653,-0.25668308317048194
2026-05-15,-0.3088536192022172,-0.4559472494916549,-0.2774128266165763
2026-05-18,-0.310913016523088,-0.45896709335237296,-0.286844717533811
2026-05-19,-0.31462793481617635,-0.45955549557517306,-0.29325730118502835
2026-05-20,-0.3143788857341425,-0.46136071614484686,-0.29583679718789613
2026-05-21,-0.3200010129019697,-0.4735960545269362,-0.3105094917847062
2026-05-22,-0.32326834585396047,-0.470554247528437,-0.30813005688321726
2026-05-25,-0.3100183710895331,-0.4637911202212127,-0.32311631690061915
2026-05-26,-0.31738317012195905,-0.4626043751851917,-0.3241619573324588
2026-05-27,-0.3159962300609287,-0.4633207281724535,-0.3231551932369997
2026-05-28,-0.3139643747436741,-0.45930299935664465,-0.323448380700763
2026-05-29,-0.3084445726461069,-0.4611205066044932,-0.3217916718732974
2026-06-01,-0.3170785951276427,-0.47237553294355117,-0.33235981794268665
2026-06-02,-0.31596972447132,-0.4710675665860826,-0.32739926869617597
2026-06-03,-0.3206444695997325,-0.4744599385687843,-0.3286050747672389
2026-06-04,-0.3121673475827854,-0.4720466503626244,-0.31823024193565685
2026-06-05,-0.3153669595003926,-0.4787033968470479,-0.3226346686161271
2026-06-08,-0.3263597744040304,-0.49414272025900763,-0.31767188065960195
2026-06-09,-0.31479420791927337,-0.4838487947553023,-0.3085681714904498
2026-06-10,-0.31717732824528844,-0.485359311942669,-0.3043811958943523
2026-06-11,-0.32916059531954633,-0.4834895694308191,-0.29558317022586567
2026-06-12,-0.32224284074182974,-0.4812804782230544,-0.3001136126732107
2026-06-15,-0.30297693365301104,-0.48345495877643063,-0.32941334242601283
2026-06-16,-0.30004295068757336,-0.4752787332572881,-0.3274002031912536
2026-06-17,-0.28528820642735486,-0.4682102736976623,-0.32068224526208056
2026-06-18,-0.28220377104113326,-0.46621360967714665,-0.3184265346068177
2026-06-22,-0.2653697854446728,-0.4568454161615325,-0.30315743548179985
2026-06-23,-0.26121822753362545,-0.44771403585972436,-0.3009101315639615
2026-06-24,-0.25673231770224014,-0.44391293422347566,-0.29672976379203486
2026-06-25,-0.2341003317767335,-0.42695572668235904,-0.27449088853022774
2026-06-26,-0.25453970742172916,-0.4352892541075445,-0.27772257910111675
2026-06-29,-0.25592457577037875,-0.443188198364585,-0.28647825513556935
2026-06-30,-0.24429895827750647,-0.4392921749943869,-0.2828377087438665
2026-07-01,-0.22764226356510464,-0.42018286379371417,-0.2603186499290442
2026-07-02,-0.2259524381820558,-0.414887359260667,-0.2584584499962864
2026-07-03,-0.23795710639497325,-0.4266942774800555,-0.2723678346494445
2026-07-06,-0.2437127747511434,-0.42857131776958757,-0.2743581931032618
2026-07-07,-0.253712698019508,-0.43236766872571786,-0.27740291639554027
2026-07-08,-0.278128379973813,-0.4498434265244279,-0.29896672902174914
2026-07-09,-0.2902777384652776,-0.45127476155963786,-0.29677339366367217
2026-07-10,-0.2883053303591827,-0.4512295006659417,-0.29414948914816375
2026-07-13,-0.28552714199502527,-0.45180993897338073,-0.29630652572930327
2026-07-14,-0.314291670653162,-0.4784066682553414,-0.32592959989266446
2026-07-15,-0.3193366301908732,-0.4807193096500112,-0.3271471750301962
2026-07-16,-0.31067371379876474,-0.48179169314154535,-0.31873535688941423
2026-07-17,-0.29986330805226413,-0.4798822978998448,-0.30604558670245596
2026-07-20,-0.3286108895779829,-0.47506011480915156,-0.28885829715096556
2026-07-21,-0.3261373560371593,-0.49367149408136857,-0.3113394155860245
2026-07-22,-0.33922800929410457,-0.486504959953569,-0.3045990618084391
2026-07-23,-0.34660489243965764,-0.4794357522337235,-0.29430773050272807
2026-07-24,-0.343019733607412,-0.4670385332094117,-0.28671593216426217
2026-07-27,-0.34330513697064635,-0.48380213739183364,-0.3088025563365554
2026-07-28,-0.33641157056611215,-0.484156907884714,-0.31271416381472106
2026-07-29,-0.34210692798088826,-0.485381139112374,-0.31575843701266915
2026-07-30,-0.34439175903845076,-0.48559910463063427,-0.30170984669012046
2026-07-31,-0.33483266406001555,-0.49384904796638496,-0.31190458882978067
2026-08-03,-0.330026830532658,-0.49209470771698505,-0.30519396414658195
2026-08-04,-0.3323899156879093,-0.49093202522534074,-0.30319103396009994
2026-08-05,-0.3472241054857348,-0.5113294038086393,-0.33143881706328016
2026-08-06,-0.35728851199396383,-0.5230896026385959,-0.3437411159399498
