entry_time,exit_time,contract,signal,score,regime,entry_price,exit_price,stop,position,qty,volume_ratio,ER,volume_z,PnL,exit_reason,bars_held,entry_reason
2026-07-07 06:45:00+00:00,2026-07-07 07:55:00+00:00,GC=F,1.0,-0.7730736156281162,range,4143.8998046875,4135.39990234375,4135.49990234375,4.166715107830029,4.166715107830029,0.8579940417080437,0.012990777816027395,,-3562.5007266176017,stop,15,A
2026-07-07 08:15:00+00:00,2026-07-07 08:35:00+00:00,GC=F,1.0,16.414863791525942,range,4148.70009765625,4139.885672433035,4139.985672433036,4.002020968825842,4.002020968825842,1.4770575382374362,0.24550221234625655,,-3547.561561989528,stop,5,A
2026-07-07 08:55:00+00:00,2026-07-07 09:40:00+00:00,GC=F,-1.0,-12.560387688339569,range,4134.6998046875,4144.271205357143,4144.171205357143,-3.669061106376903,3.669061106376903,1.2387553458192007,0.08646530282588544,0.721123537626455,-3530.1506985857595,stop,10,A
2026-07-07 11:20:00+00:00,2026-07-07 13:55:00+00:00,GC=F,1.0,43.02449733199819,range,4152.1,4170.678669084821,4170.778669084822,4.997847178828981,4.997847178828981,1.1839432532645495,0.3109552524651259,0.3246141206345795,9260.345651302752,stop,32,A
2026-07-07 14:05:00+00:00,2026-07-07 17:00:00+00:00,GC=F,-1.0,-18.13338155200501,range,4165.50009765625,4156.9427385602685,4156.842738560268,-1.909927759456083,1.909927759456083,1.3597819249318517,0.16834054598405052,1.4177883267965081,1624.8441297075606,stop,36,A
2026-07-07 18:35:00+00:00,2026-07-07 18:45:00+00:00,GC=F,-1.0,19.89752646192082,range,4150.4,4153.3069963727685,4153.206996372768,-6.483354039555954,6.483354039555954,0.3635812755643084,0.11524986839477935,-1.016315980195631,-1917.1254378343194,stop,3,A
2026-07-07 18:50:00+00:00,2026-07-07 18:50:00+00:00,GC=F,-1.0,-69.35168699935775,range,4146.00009765625,4148.049951171875,4147.949951171875,-4.423026168811231,4.423026168811231,4.340838412737903,0.4666649973081594,2.383679988634011,-928.7707050282856,stop,1,A
2026-07-07 18:55:00+00:00,2026-07-07 19:30:00+00:00,GC=F,-1.0,-16.502643000568472,range,4137.9,4123.43576311384,4123.33576311384,-4.155877817884117,4.155877817884117,1.2196531791907514,0.47939240633770025,-0.1583232892683589,5990.380733691768,stop,8,A
2026-07-08 00:35:00+00:00,2026-07-08 00:35:00+00:00,GC=F,1.0,63.782546833906984,range,4120.3998046875,4118.271651785714,4118.371651785715,3.3492149927779065,3.3492149927779065,3.8830938155982557,0.3492322281189173,1.1308465715245557,-729.5102355224548,stop,1,A
2026-07-08 00:40:00+00:00,2026-07-08 00:55:00+00:00,GC=F,1.0,56.924561108637825,range,4133.49990234375,4122.828543526785,4122.928543526786,3.319639310123883,3.319639310123883,1.8518518518518519,0.3827619881465517,0.13028565332558859,-3559.1044186740432,stop,4,A
2026-07-08 03:05:00+00:00,2026-07-08 05:20:00+00:00,GC=F,1.0,9.254751820755832,range,4136.8001953125,4133.25009765625,4133.35009765625,2.9350291030284827,2.9350291030284827,0.8684103537064644,0.29946667188897375,-0.11772857541965806,-1056.6391394840518,stop,28,A
2026-07-08 08:20:00+00:00,2026-07-08 10:40:00+00:00,GC=F,-1.0,-54.7001552425016,trend,4098.6998046875,4068.421585518973,4068.3215855189733,-2.128124962978666,2.128124962978666,3.6556030233322376,0.5157404756603153,2.653611827813698,6432.942779893132,stop,29,A
2026-07-08 11:45:00+00:00,2026-07-08 13:25:00+00:00,GC=F,1.0,32.70119018343384,range,4074.6,4075.9996791294643,4076.099679129464,2.470856062074965,2.470856062074965,3.3300521134916043,0.13203125875929186,1.5350577087083603,333.48628588931865,stop,21,A
2026-07-08 14:15:00+00:00,2026-07-08 16:10:00+00:00,GC=F,-1.0,-54.27034398511278,range,4068.099951171875,4051.7572265625,4051.6572265625,-2.1556850922002653,2.1556850922002653,1.5747409965466208,0.20163525187226844,1.7727189008923692,3512.1983551754465,stop,24,A
2026-07-08 16:45:00+00:00,2026-07-08 20:00:00+00:00,GC=F,1.0,9.451604353902294,range,4066.49990234375,4089.200223214286,4089.300223214286,2.9907933738791717,2.9907933738791717,1.0599439775910364,0.2574162513141166,-0.17277930525614504,6774.242957583607,stop,40,A
2026-07-09 00:05:00+00:00,2026-07-09 00:20:00+00:00,GC=F,1.0,-6.84145040881621,range,4090.20009765625,4087.1715890066966,4087.2715890066966,5.743679172754985,5.743679172754985,2.966464388374321,0.0,0.735721466518622,-1768.196601358513,stop,4,A
2026-07-09 00:55:00+00:00,2026-07-09 02:10:00+00:00,GC=F,-1.0,-19.39581273978173,range,4079.700048828125,4086.7999860491072,4086.6999860491073,-3.134658632540182,3.134658632540182,1.7781868384721582,0.0482523845891357,0.7068349528037159,-2241.261243187207,stop,16,A
2026-07-09 03:10:00+00:00,2026-07-09 04:30:00+00:00,GC=F,-1.0,-46.9299593477396,range,4069.099951171875,4073.4428955078124,4073.3428955078125,-3.8168860988665805,3.8168860988665805,1.4262970079604722,0.26701405606234263,1.000544156718522,-1676.7368168933835,stop,17,A
2026-07-09 05:15:00+00:00,2026-07-09 05:30:00+00:00,GC=F,1.0,16.849771047383314,range,4083.20009765625,4074.128592354911,4074.2285923549107,3.93795463850513,3.93795463850513,1.330130404941661,0.23076854286276405,0.20427785343110727,-3592.007411155756,stop,4,A
2026-07-09 05:50:00+00:00,2026-07-09 09:30:00+00:00,GC=F,1.0,29.94767564283719,range,4089.299951171875,4116.242633928571,4116.342633928572,3.4036390066533477,3.4036390066533477,1.762090798868382,0.30357142857142855,1.164531585438139,9153.298402424536,stop,45,A
2026-07-09 09:45:00+00:00,2026-07-09 11:00:00+00:00,GC=F,-1.0,12.215416377082065,range,4113.00009765625,4113.056926618304,4112.956926618303,-5.465234784688741,5.465234784688741,0.4791038345540715,0.12662573024604495,-0.8326002560850706,-58.38453594306384,stop,16,A
2026-07-09 12:10:00+00:00,2026-07-09 12:20:00+00:00,GC=F,1.0,17.14091147116415,range,4125.6,4116.043108258928,4116.143108258929,3.7562006221818414,3.7562006221818414,1.2993300194510482,0.18535402630196984,0.7577774020546366,-3608.541273504795,stop,3,A
2026-07-09 12:40:00+00:00,2026-07-09 12:55:00+00:00,GC=F,1.0,22.85275438386786,range,4130.6,4118.21435546875,4118.31435546875,2.881060379625425,2.881060379625425,1.4261991353873602,0.1395691944526409,1.1937433251433007,-3582.7842754091016,stop,4,A
2026-07-09 14:05:00+00:00,2026-07-09 14:15:00+00:00,GC=F,1.0,20.123964166121034,range,4141.3998046875,4125.928431919643,4126.0284319196435,2.2945436806568127,2.2945436806568127,1.3734046932894195,0.13269810414750277,1.4933665994383045,-3561.446779960559,stop,3,A
2026-07-09 16:35:00+00:00,2026-07-09 17:00:00+00:00,GC=F,1.0,-4.086747581512709,range,4144.49990234375,4136.614327566965,4136.714327566965,4.514199223286908,4.514199223286908,0.7071161048689139,0.21896699953706766,-0.8141829080214008,-3582.276549370113,stop,6,A
2026-07-09 18:40:00+00:00,2026-07-09 20:35:00+00:00,GC=F,-1.0,10.42979441636285,range,4131.9,4134.5069475446435,4134.406947544643,-5.128510317552997,5.128510317552997,0.41526045487894353,0.18046110466080612,-0.6971977923574346,-1362.6182895903057,stop,24,A
2026-07-10 00:25:00+00:00,2026-07-10 00:40:00+00:00,GC=F,-1.0,-30.82973838838175,range,4128.00009765625,4131.5716796875,4131.4716796875,-6.934820001847218,6.934820001847218,2.5418181818181815,0.20618141548374105,1.3385131992809758,-2511.501950864802,stop,4,A
2026-07-10 01:40:00+00:00,2026-07-10 02:05:00+00:00,GC=F,-1.0,-39.85212117296616,range,4122.1001953125,4134.071637834822,4133.971637834821,-2.9385360420161257,2.9385360420161257,1.9585230146686898,0.21330084563566,1.961238879281847,-3532.5442128868217,stop,6,A
2026-07-10 04:25:00+00:00,2026-07-10 06:00:00+00:00,GC=F,-1.0,-31.22662281789881,range,4123.00009765625,4126.350279017857,4126.250279017857,-4.5397188815947995,4.5397188815947995,1.9618138424821003,0.19496366055891085,1.1138399226780658,-1543.5867528136782,stop,20,A
2026-07-10 07:45:00+00:00,2026-07-10 09:45:00+00:00,GC=F,-1.0,-42.75027067990664,range,4115.9,4113.300125558036,4113.200125558035,-4.8396022855882945,4.8396022855882945,1.3597733711048159,0.15716653134766603,0.8214686468530105,1234.0378177291896,stop,25,A
2026-07-10 10:25:00+00:00,2026-07-10 10:55:00+00:00,GC=F,1.0,19.299924673027085,range,4120.3998046875,4114.256905691965,4114.356905691965,5.750582375786453,5.750582375786453,1.1557902678234628,0.15516830127260736,0.6359049575677244,-3561.277581875315,stop,7,A
2026-07-10 11:40:00+00:00,2026-07-10 11:40:00+00:00,GC=F,-1.0,23.380541525579915,range,4106.6998046875,4114.428362165178,4114.328362165178,-4.53893725626834,4.53893725626834,1.7769585253456222,0.06718026579692216,1.0636736877570134,-3530.6384335461016,stop,1,A
2026-07-10 12:15:00+00:00,2026-07-10 12:25:00+00:00,GC=F,1.0,25.902787008313105,range,4123.99990234375,4113.742745535715,4113.842745535715,3.39681389722661,3.39681389722661,1.8461538461538463,0.02424444197832279,1.228355701946752,-3501.14934864295,stop,3,A
2026-07-10 13:30:00+00:00,2026-07-10 13:40:00+00:00,GC=F,-1.0,-33.98219696455597,range,4095.9,4108.3857421875,4108.2857421875,-2.7757263678021378,2.7757263678021378,1.9542573711766325,0.124508837721263,1.855444840148751,-3479.5790129813145,stop,3,A
2026-07-10 15:50:00+00:00,2026-07-10 16:55:00+00:00,GC=F,1.0,-11.45808474643176,range,4119.3001953125,4114.114111328125,4114.214111328125,2.858193145204098,2.858193145204098,0.40944554249453863,0.09215036023575027,-0.4760185411945997,-1496.5739351855668,stop,14,A
2026-07-10 18:00:00+00:00,2026-07-10 18:25:00+00:00,GC=F,-1.0,-13.408248771753238,range,4109.6998046875,4114.771205357143,4114.671205357143,-6.880408177583989,6.880408177583989,0.9702267140125649,0.30282138129051117,-0.31701924768931466,-3523.7327048099123,stop,6,A
2026-07-10 18:40:00+00:00,2026-07-10 19:45:00+00:00,GC=F,-1.0,-28.85184338945993,range,4108.4,4113.150223214286,4113.050223214285,-6.797042773001579,6.797042773001579,0.6139146013735444,0.3955251074994534,-0.5108203268577522,-3262.732250745742,stop,14,A
2026-07-10 20:00:00+00:00,2026-07-10 20:55:00+00:00,GC=F,1.0,47.86460814033072,range,4116.49990234375,4120.257317243303,4120.357317243303,6.323518519638367,6.323518519638367,1.5005069280162215,0.2965139385681031,-0.02604763613573858,2344.390677730481,stop,12,A
2026-07-12 22:15:00+00:00,2026-07-12 23:50:00+00:00,GC=F,-1.0,-9.61033370187203,range,4089.29990234375,4089.5715924944197,4089.47159249442,-3.1115860185607835,3.1115860185607835,1.5034419458467185,0.22534901313527267,-0.10920241120984048,-100.0966575132419,stop,20,A
2026-07-13 00:35:00+00:00,2026-07-13 00:45:00+00:00,GC=F,-1.0,-23.178608744099698,range,4070.29990234375,4082.671456473214,4082.5714564732143,-2.7744073390814004,2.7744073390814004,1.5741176470588236,0.1629870677300241,1.2795413444867798,-3446.2450939582154,stop,3,A
2026-07-13 03:05:00+00:00,2026-07-13 05:00:00+00:00,GC=F,-1.0,-69.10017605736581,range,4071.79990234375,4068.1858154296874,4068.0858154296875,-3.5981905649623678,3.5981905649623678,2.53416149068323,0.21772157375387458,2.624109071583947,1282.4263906886174,stop,24,A
2026-07-13 05:10:00+00:00,2026-07-13 05:20:00+00:00,GC=F,1.0,30.656608687980114,range,4078.400048828125,4069.314278738839,4069.414278738839,3.780483569751147,3.780483569751147,2.3843965867533523,0.22863133779231748,0.5600243451168475,-3453.762871956851,stop,3,A
2026-07-13 08:00:00+00:00,2026-07-13 09:35:00+00:00,GC=F,1.0,10.94510420605638,range,4072.900048828125,4078.9501185825893,4079.050118582589,3.536533155001673,3.536533155001673,1.0128440366972478,0.269659120002926,0.12067144888344192,2121.9445618986106,stop,20,A
2026-07-13 10:15:00+00:00,2026-07-13 10:40:00+00:00,GC=F,-1.0,-3.045289156944193,range,4075.4,4067.4213239397322,4067.3213239397323,-5.522596341235915,5.522596341235915,0.8769544527532291,0.18892059431270294,-0.5100296178542593,4378.687740127999,stop,6,A
2026-07-13 10:45:00+00:00,2026-07-13 10:55:00+00:00,GC=F,-1.0,-41.562060993638376,range,4060.29990234375,4069.1998465401784,4069.0998465401785,-3.872433262473243,3.872433262473243,2.223709090909091,0.4587770144369487,1.0087519554774387,-3465.806160352851,stop,3,A
2026-07-13 13:50:00+00:00,2026-07-13 14:15:00+00:00,GC=F,-1.0,-34.70401601966803,range,4058.4,4041.571662248884,4041.471662248884,-3.0087128556161282,3.0087128556161282,3.4638691600964355,0.10169605495238736,4.384138553209643,5048.120048765248,stop,6,A
2026-07-13 14:20:00+00:00,2026-07-13 15:40:00+00:00,GC=F,-1.0,-58.904587183217465,trend,4029.200048828125,4022.807275390625,4022.707275390625,-1.689723978946761,1.689723978946761,3.364485981308411,0.6076108636750335,3.5660088731419637,1071.7536370370628,stop,17,A
2026-07-13 16:35:00+00:00,2026-07-13 18:30:00+00:00,GC=F,-1.0,-37.52637165860141,range,4002.099951171875,4004.8498604910715,4004.7498604910716,-3.308305135608672,3.308305135608672,3.2153567163518955,0.2007049064064817,1.8965705915812878,-926.295437993595,stop,24,A
2026-07-13 18:55:00+00:00,2026-07-13 19:35:00+00:00,GC=F,1.0,4.692755468857094,range,4010.99990234375,4001.4000069754466,4001.5000069754465,3.5934783819956335,3.5934783819956335,0.936200014006583,0.16802825568190347,-0.5019632390945721,-3467.669039451788,stop,9,A
2026-07-13 23:35:00+00:00,2026-07-13 23:50:00+00:00,GC=F,-1.0,2.5583690917943653,range,4001.79990234375,4007.0998883928573,4006.9998883928574,-6.541613746575194,6.541613746575194,0.6692486444616577,0.13147170104947817,-1.040484849921538,-3499.754228282547,stop,4,A
2026-07-14 02:00:00+00:00,2026-07-14 05:55:00+00:00,GC=F,1.0,9.993485063308903,range,4017.6,4037.700048828125,4029.6428745814733,2.4714235599993795,2.4714235599993795,0.9427009516096376,0.198380300020098,0.6432291520385655,4955.216305296652,time_stop,48,A
2026-07-14 08:05:00+00:00,2026-07-14 10:55:00+00:00,GC=F,-1.0,-71.92046687284137,range,4025.4,4029.650118582589,4029.550118582589,-4.048778643225369,4.048778643225369,2.8206724782067245,0.3450520204540455,2.8905961902311783,-1741.0228280523042,stop,35,A
2026-07-14 11:25:00+00:00,2026-07-14 12:20:00+00:00,GC=F,1.0,5.333707428953846,range,4035.20009765625,4029.771320452009,4029.871320452009,4.320193512399696,4.320193512399696,1.0027752081406105,0.19298329105731296,0.039437108140229764,-2366.937773364428,stop,12,A
2026-07-14 12:35:00+00:00,2026-07-14 12:50:00+00:00,GC=F,1.0,50.008110406991534,trend,4104.1,4082.585728236608,4082.6857282366077,1.5841520621063423,1.5841520621063423,3.5842105263157893,0.5790269018675929,1.764160737498355,-3416.1085581799916,stop,4,A
2026-07-14 15:10:00+00:00,2026-07-14 15:35:00+00:00,GC=F,1.0,8.705752184889194,range,4104.3998046875,4085.7284458705362,4085.828445870536,1.8202167814489392,1.8202167814489392,1.0552288712095008,0.18319569038455513,0.002688268375534057,-3407.693149016516,stop,6,A
2026-07-14 16:05:00+00:00,2026-07-14 18:40:00+00:00,GC=F,-1.0,-32.706831334739356,range,4070.700048828125,4060.6142996651784,4060.5142996651784,-2.1934227301648734,2.1934227301648734,0.9810001165637021,0.25897292238543423,-0.11484076122005941,2201.264032824048,stop,32,A
2026-07-14 18:45:00+00:00,2026-07-14 18:55:00+00:00,GC=F,-1.0,11.170356900661451,range,4052.599951171875,4060.814278738839,4060.7142787388393,-4.160748216689532,4.160748216689532,0.4572372301521765,0.23644240138965386,-0.7912062646385086,-3438.578618638414,stop,3,A
2026-07-14 23:15:00+00:00,2026-07-14 23:25:00+00:00,GC=F,-1.0,11.91838328896643,range,4054.099951171875,4058.7284807477677,4058.6284807477678,-7.112481047675354,7.112481047675354,0.302880658436214,0.23903438255505138,-0.5264101653523601,-3327.5952939524527,stop,3,A
2026-07-14 23:35:00+00:00,2026-07-15 01:30:00+00:00,GC=F,1.0,23.60686073200472,range,4061.1,4056.90732421875,4057.00732421875,6.536942600978771,6.536942600978771,2.14521625163827,0.13419080734313404,0.29835984496076395,-2773.412805659282,stop,24,A
2026-07-15 01:35:00+00:00,2026-07-15 05:00:00+00:00,GC=F,-1.0,-38.05939445260362,range,4056.79990234375,4041.778484235491,4041.678484235491,-3.8805029760118397,3.8805029760118397,1.155049786628734,0.17675433151855857,0.23911287563723949,5809.663252421757,stop,42,A
2026-07-15 05:15:00+00:00,2026-07-15 05:40:00+00:00,GC=F,-1.0,3.0822953540851046,range,4032.4,4038.928536551339,4038.8285365513393,-5.231536970194382,5.231536970194382,0.6186621218576907,0.1301753777700731,-0.7276428564853719,-3441.5857178105703,stop,6,A
2026-07-15 08:15:00+00:00,2026-07-15 08:25:00+00:00,GC=F,-1.0,2.2702601322875964,range,4023.599951171875,4032.642822265625,4032.542822265625,-3.7471938017617132,3.7471938017617132,0.7827053736874614,0.056947734881599876,-0.15381316413836674,-3407.275020271791,stop,3,A
2026-07-15 11:45:00+00:00,2026-07-15 12:30:00+00:00,GC=F,1.0,-0.38351047973341235,range,4043.900048828125,4047.842801339286,4047.942801339286,5.461175597977171,5.461175597977171,0.6281217926787547,0.22546886333022484,-0.6882483741201325,2125.90050229166,stop,10,A
2026-07-15 12:35:00+00:00,2026-07-15 13:25:00+00:00,GC=F,1.0,84.53167323465084,trend,4061.1,4061.44288155692,4061.54288155692,3.2223068116295948,3.2223068116295948,5.2616087287490485,0.5371110852301892,4.384844238914239,94.3754235864053,stop,11,A
2026-07-15 15:15:00+00:00,2026-07-15 17:25:00+00:00,GC=F,-1.0,-18.158689219618143,range,4050.200048828125,4046.814338030134,4046.714338030134,-2.913982185542591,2.913982185542591,1.4735905421725037,0.24934159516593082,0.5782238251255757,972.0201841468187,stop,27,A
2026-07-15 17:35:00+00:00,2026-07-15 18:45:00+00:00,GC=F,1.0,37.37446469642271,range,4061.49990234375,4074.128690011161,4074.228690011161,2.9169264759920748,2.9169264759920748,1.2896681953061775,0.13464379635375115,0.5120802818452962,3669.1398782953625,stop,15,A
2026-07-15 23:25:00+00:00,2026-07-16 03:20:00+00:00,GC=F,-1.0,-18.22816231698833,range,4062.9,4035.1,4040.842790876116,-7.095017777082879,7.095017777082879,1.583363212621011,0.21568251992627877,-0.424190231373354,19688.67433140512,time_stop,48,A
2026-07-16 05:25:00+00:00,2026-07-16 06:05:00+00:00,GC=F,-1.0,-6.129953475856106,range,4031.9,4039.357107979911,4039.257107979911,-4.664967601624272,4.664967601624272,1.0614634146341464,0.06552873011567167,-0.5274131559997973,-3502.04155081784,stop,9,A
2026-07-16 08:50:00+00:00,2026-07-16 10:10:00+00:00,GC=F,1.0,-7.233529993227327,range,4040.49990234375,4035.10703125,4035.20703125,4.885442701950893,4.885442701950893,0.5916561314791403,0.08229377850024049,-0.5936475384250216,-2659.083486261952,stop,17,A
2026-07-16 11:05:00+00:00,2026-07-16 11:35:00+00:00,GC=F,-1.0,1.892652983506594,range,4033.700048828125,4035.4714948381697,4035.37149483817,-6.613101290972419,6.613101290972419,0.70406852248394,0.20679424315146652,-0.8403950524750999,-1204.540696046287,stop,7,A
2026-07-16 12:45:00+00:00,2026-07-16 13:25:00+00:00,GC=F,-1.0,-74.74797092659622,range,4006.79990234375,4008.742892020089,4008.642892020089,-1.65011289307756,1.65011289307756,2.146819765191588,0.37599888392857145,1.9631316616532726,-328.8657960697516,stop,9,A
2026-07-16 15:30:00+00:00,2026-07-16 16:10:00+00:00,GC=F,1.0,7.666902272277888,range,4015.900048828125,4001.792735072545,4001.892735072545,2.3030015155879235,2.3030015155879235,1.0095219397271031,0.18848317000426076,-0.1813805802167131,-3260.4315035754453,stop,9,A
2026-07-16 16:20:00+00:00,2026-07-16 19:50:00+00:00,GC=F,-1.0,-12.746238600989388,range,3991.79990234375,3985.9070765904016,3985.8070765904017,-2.5059006401876434,2.5059006401876434,1.423444719028688,0.05971795143675114,-0.02122896948897024,1464.1540795820756,stop,43,A
2026-07-17 00:00:00+00:00,2026-07-17 01:50:00+00:00,GC=F,1.0,11.834623604985664,range,3989.6,3986.0501813616074,3986.1501813616073,5.298972003179459,5.298972003179459,1.3207689408217111,0.18540505643407862,-0.2633890904175515,-1907.5338181365346,stop,23,A
2026-07-17 02:35:00+00:00,2026-07-17 03:00:00+00:00,GC=F,-1.0,-44.16872057643302,range,3980.79990234375,3987.8929338727676,3987.7929338727677,-3.4165649564642546,3.4165649564642546,1.3037490436113235,0.13705952823563433,1.4507705036371141,-2440.463120496041,stop,6,A
2026-07-17 03:20:00+00:00,2026-07-17 03:55:00+00:00,GC=F,1.0,69.64162889306552,range,4006.299951171875,3995.878533063616,3995.978533063616,2.8849525911391622,2.8849525911391622,3.6007590132827323,0.18583975196880165,4.877383633148851,-3020.954480432299,stop,8,A
2026-07-17 05:10:00+00:00,2026-07-17 05:30:00+00:00,GC=F,-1.0,-6.554657130184751,range,3980.9,3987.999930245536,3987.899930245536,-4.8187021258416225,4.8187021258416225,0.8561005269558167,0.17829413351123477,-0.09818343659655392,-3445.3384073782136,stop,5,A
2026-07-17 06:05:00+00:00,2026-07-17 07:35:00+00:00,GC=F,1.0,2.381564762450708,range,3995.799951171875,3998.107188197545,3998.207188197545,3.1793130699331695,3.1793130699331695,0.8673121505522978,0.0443535486284412,-0.24338657408680991,717.6463177649775,stop,19,A
2026-07-17 08:20:00+00:00,2026-07-17 08:45:00+00:00,GC=F,-1.0,7.095021905921668,range,3994.599951171875,4002.6142578125,4002.5142578125,-4.249912349758709,4.249912349758709,0.6125797629899726,0.19118036450783366,-1.0600603928593302,-3427.2596384232975,stop,6,A
2026-07-17 09:25:00+00:00,2026-07-17 10:40:00+00:00,GC=F,1.0,19.498559195706846,range,4005.799951171875,3997.5714390345984,3997.6714390345983,3.706268751841845,3.706268751841845,2.0856257970486425,0.0474615009629754,1.2560583773152332,-3068.239084613148,stop,16,A
2026-07-17 12:25:00+00:00,2026-07-17 13:35:00+00:00,GC=F,-1.0,-13.963353917848059,range,3988.700048828125,3984.9143484933034,3984.8143484933034,-3.790187270712816,3.790187270712816,1.2327078482399672,0.18565446482377118,0.680045939730324,1415.9003856238978,stop,15,A
2026-07-17 15:05:00+00:00,2026-07-17 17:30:00+00:00,GC=F,1.0,41.12834080329462,range,4016.900048828125,4016.9498395647324,4017.0498395647323,2.1099213074749623,2.1099213074749623,2.2079215278293822,0.3522151044086033,2.246513635173849,-0.044152929067195146,stop,30,A
2026-07-17 17:55:00+00:00,2026-07-17 18:25:00+00:00,GC=F,-1.0,10.264757222260313,range,4014.00009765625,4020.9286760602677,4020.8286760602678,-4.899602825812427,4.899602825812427,0.3478005002206856,0.18562845071657952,-0.9387582705155698,-3419.226246847807,stop,7,A
2026-07-17 19:10:00+00:00,2026-07-17 19:50:00+00:00,GC=F,-1.0,4.534723813341861,range,4010.00009765625,4016.1142822265624,4016.0142822265625,-5.073174369949965,5.073174369949965,0.7379454926624738,0.19191620273611137,-0.7623920257670576,-3127.1983173749486,stop,9,A
2026-07-19 22:15:00+00:00,2026-07-20 00:00:00+00:00,GC=F,-1.0,4.71119894199026,range,3999.9,3999.092919921875,3998.992919921875,-4.116767792814489,4.116767792814489,0.9929789368104314,0.12695790997753897,-0.5677457338256897,311.67228822072263,stop,22,A
2026-07-20 00:05:00+00:00,2026-07-20 00:10:00+00:00,GC=F,-1.0,-36.38017782890196,range,3991.79990234375,4000.485665457589,4000.3856654575893,-3.871421244009145,3.871421244009145,1.974405850091408,0.44922639907890644,1.0044290295640452,-3381.9818901548283,stop,2,A
2026-07-20 00:25:00+00:00,2026-07-20 01:20:00+00:00,GC=F,1.0,2.1618205575047855,range,4006.799951171875,4004.9428292410716,4005.0428292410716,3.0626658988566007,3.0626658988566007,0.7157331294207608,0.2,-0.25016607003672614,-584.0877302432702,stop,12,A
2026-07-20 02:50:00+00:00,2026-07-20 04:45:00+00:00,GC=F,1.0,19.378773016163535,range,4029.799951171875,4024.1784075055803,4024.27840750558,2.8085180438907353,2.8085180438907353,1.3942759504485263,0.23862349275165967,0.9079942621897813,-1592.8632723502758,stop,24,A
2026-07-20 05:00:00+00:00,2026-07-20 07:30:00+00:00,GC=F,-1.0,-31.21714090546717,range,4023.200048828125,4015.557048688616,4015.457048688616,-5.533736369236419,5.533736369236419,1.1683105313394846,0.08007980909984158,-0.4254510850018082,4201.766102361951,stop,31,A
2026-07-20 07:40:00+00:00,2026-07-20 09:05:00+00:00,GC=F,1.0,62.30967281367048,range,4021.1,4021.685661969866,4021.785661969866,4.326676009717879,4.326676009717879,2.263695761434076,0.22850854744600266,1.6234944893189762,231.76357943379782,stop,18,A
2026-07-20 10:55:00+00:00,2026-07-20 11:30:00+00:00,GC=F,1.0,17.7592540069826,range,4029.6,4033.792804827009,4033.892804827009,6.247225700448375,6.247225700448375,1.5814188336278718,0.19453725846366643,0.05598027776954815,2588.1036787233725,stop,8,A
2026-07-20 11:35:00+00:00,2026-07-20 11:45:00+00:00,GC=F,1.0,37.82739428882452,range,4041.99990234375,4032.885567801339,4032.985567801339,3.693040243258669,3.693040243258669,2.056547619047619,0.2941163474072601,0.7651809270725095,-3384.4256267808196,stop,3,A
2026-07-20 12:05:00+00:00,2026-07-20 14:45:00+00:00,GC=F,-1.0,-6.531620345153662,range,4019.099951171875,4016.957177734375,4016.857177734375,-2.7808570000041084,2.7808570000041084,1.2623229461756373,0.07826020499146577,0.3704430935142924,581.9703663095036,stop,33,A
2026-07-20 15:10:00+00:00,2026-07-20 16:30:00+00:00,GC=F,1.0,26.876314339795606,range,4023.900048828125,4013.9213623046876,4014.0213623046875,2.9598336982384574,2.9598336982384574,2.114190634656525,0.08938337947871629,1.8919691062512431,-2968.324432113965,stop,17,A
2026-07-20 19:30:00+00:00,2026-07-20 19:40:00+00:00,GC=F,1.0,50.992042910486006,range,4017.299951171875,4012.821316964286,4012.921316964286,5.349115322654119,5.349115322654119,2.397019691325173,0.0610093317532169,0.2176259732865132,-2422.418663051012,stop,3,A
2026-07-20 22:45:00+00:00,2026-07-20 23:05:00+00:00,GC=F,-1.0,-34.9642779824648,range,4008.099951171875,4013.0999651227676,4012.9999651227677,-5.46154061374418,5.46154061374418,1.0452165635411708,0.2727321152719331,-0.20541964572135074,-2758.0856292773988,stop,5,A
2026-07-21 00:20:00+00:00,2026-07-21 01:55:00+00:00,GC=F,1.0,24.402275161964628,range,4020.299951171875,4025.4071323939734,4025.5071323939733,3.8584144296591933,3.8584144296591933,0.8112676056338028,0.18402916119187895,-0.08253953490501227,1951.270100074622,stop,20,A
2026-07-21 02:40:00+00:00,2026-07-21 06:35:00+00:00,GC=F,1.0,11.423700904034517,range,4042.20009765625,4078.9,4067.042742047991,3.073562542215962,3.073562542215962,0.8956661316211878,0.198764633302236,0.29109982914887955,11264.576701962354,time_stop,48,A
2026-07-21 06:45:00+00:00,2026-07-21 07:15:00+00:00,GC=F,1.0,55.91306847724134,trend,4082.1,4075.999870954241,4076.099870954241,3.5391695666559357,3.5391695666559357,0.9999276672694395,0.7081706517712103,0.42353181024820585,-2176.634954975653,stop,7,A
2026-07-21 08:25:00+00:00,2026-07-21 09:20:00+00:00,GC=F,-1.0,5.394818105107154,range,4068.29990234375,4072.4429652622766,4072.3429652622767,-5.179026061484038,5.179026061484038,0.36551168412570506,0.1965094832457328,-0.5558679514588928,-2171.5982132491263,stop,12,A
2026-07-21 11:05:00+00:00,2026-07-21 12:20:00+00:00,GC=F,-1.0,-28.93392628128276,range,4061.200048828125,4068.1714460100447,4068.071446010045,-4.2508178125785205,4.2508178125785205,0.8343250861259004,0.2127659574468085,-0.37461399729412304,-2984.66802100927,stop,16,A
2026-07-21 13:45:00+00:00,2026-07-21 14:05:00+00:00,GC=F,-1.0,-17.081192338004925,range,4050.099951171875,4062.514229910714,4062.4142299107143,-2.6889848029716408,2.6889848029716408,1.3495440729483283,0.12812860681938307,1.0590950226139733,-3351.625610874095,stop,5,A
2026-07-21 14:30:00+00:00,2026-07-21 16:35:00+00:00,GC=F,1.0,38.62601966172092,range,4074.1,4076.885787527902,4076.9857875279017,2.446697613370233,2.446697613370233,2.245182602312351,0.095718643150567,3.1954418347111684,669.3644815205643,stop,26,A
2026-07-21 17:20:00+00:00,2026-07-21 18:15:00+00:00,GC=F,-1.0,9.877070011043521,range,4073.50009765625,4077.5499162946426,4077.4499162946427,-6.034917236895108,6.034917236895108,0.40780506021846696,0.17142441944953063,-1.241135615339832,-2474.206616897861,stop,12,A
2026-07-21 18:25:00+00:00,2026-07-21 20:20:00+00:00,GC=F,1.0,64.90706890834552,range,4085.70009765625,4085.864285714286,4085.964285714286,5.3239137270181995,5.3239137270181995,4.207203201422855,0.21695718086563692,1.9542387988426269,60.79273696391988,stop,24,A
2026-07-21 20:50:00+00:00,2026-07-21 22:25:00+00:00,GC=F,-1.0,7.45838976115977,range,4082.4,4087.0428292410716,4086.9428292410716,-6.914788157740295,6.914788157740295,0.612141652613828,0.14402829127149977,-0.6922928308958668,-3244.992006245836,stop,8,A
2026-07-22 00:10:00+00:00,2026-07-22 00:35:00+00:00,GC=F,1.0,65.30393084839493,range,4092.49990234375,4094.307174246652,4094.4071742466517,5.483232237975224,5.483232237975224,3.1471215351812365,0.45642613496201906,1.054484878755147,963.5529948879782,stop,6,A
2026-07-22 01:05:00+00:00,2026-07-22 03:50:00+00:00,GC=F,1.0,82.49734998392162,trend,4114.99990234375,4135.507247488839,4135.60724748884,2.313714202531829,2.313714202531829,3.567891639835683,0.5465794242302472,3.5431205247288133,4733.245000828786,stop,34,A
2026-07-22 05:20:00+00:00,2026-07-22 05:35:00+00:00,GC=F,-1.0,-4.752161595456892,trend,4128.4,4133.628557477678,4133.528557477678,-6.4385303501655615,6.4385303501655615,0.5086092715231788,0.5034998463482091,-0.7696780393192586,-3398.6152525128364,stop,4,A
2026-07-22 06:05:00+00:00,2026-07-22 06:20:00+00:00,GC=F,1.0,13.65747757593308,range,4138.6,4130.857142857143,4130.9571428571435,4.304858879838289,4.304858879838289,1.6538729937194696,0.060911377972760285,0.22505716231000794,-3354.715027074026,stop,4,A
2026-07-22 06:30:00+00:00,2026-07-22 08:55:00+00:00,GC=F,-1.0,-16.213586413286354,range,4122.1001953125,4123.278501674107,4123.178501674107,-3.4929842956614645,3.4929842956614645,1.3993506493506493,0.15128259242915523,0.3452834561299745,-429.04548313564544,stop,30,A
2026-07-22 12:05:00+00:00,2026-07-22 12:45:00+00:00,GC=F,1.0,4.85422195347277,range,4129.8998046875,4126.285463169643,4126.385463169643,4.287453117390881,4.287453117390881,0.963681479810512,0.24138377650273932,0.1150961573293361,-1571.0692463923442,stop,9,A
2026-07-22 13:00:00+00:00,2026-07-22 13:10:00+00:00,GC=F,-1.0,6.91031528583453,range,4117.00009765625,4127.943080357143,4127.843080357143,-3.0170667333619545,3.0170667333619545,1.211498973305955,0.03360077498183636,0.9883655492987169,-3316.656240728917,stop,3,A
2026-07-22 13:35:00+00:00,2026-07-22 14:55:00+00:00,GC=F,1.0,34.85513374827622,range,4147.6,4150.0572614397315,4150.157261439732,2.3943833633001197,2.3943833633001197,1.7426841574167509,0.32764373182350737,1.6652254497389773,576.3906742406167,stop,17,A
2026-07-22 15:50:00+00:00,2026-07-22 16:10:00+00:00,GC=F,1.0,6.218421503876852,range,4169.70009765625,4160.185895647322,4160.285895647322,3.4647751420163306,3.4647751420163306,1.0213662089237923,0.27099954344613053,0.08327520591837603,-3313.780937375918,stop,5,A
2026-07-22 17:10:00+00:00,2026-07-22 20:25:00+00:00,GC=F,-1.0,-0.18888186085806868,range,4150.00009765625,4142.4214983258935,4142.321498325893,-4.309047746697772,4.309047746697772,0.7474467280292524,0.2584326376544429,-0.5900791584065906,3244.109398026156,stop,40,A
2026-07-22 22:05:00+00:00,2026-07-22 23:45:00+00:00,GC=F,-1.0,-11.333381596187536,range,4123.00009765625,4132.842780412947,4132.742780412947,-2.287664448655879,2.287664448655879,1.1451731761238026,0.38776781265570504,-0.37055160880334065,-2263.113864432742,stop,21,A
2026-07-23 00:00:00+00:00,2026-07-23 01:35:00+00:00,GC=F,1.0,14.584896106344791,range,4136.8998046875,4129.478508649553,4129.578508649553,3.435180023512387,3.435180023512387,1.3090409075283602,0.18335963964961832,0.9115202965078905,-2566.524689930376,stop,20,A
2026-07-23 01:50:00+00:00,2026-07-23 02:50:00+00:00,GC=F,-1.0,-3.309191352312217,range,4123.6001953125,4129.050090680804,4128.950090680803,-2.6942530416641266,2.6942530416641266,0.770362852068003,0.25680900584239774,-0.23499572785329303,-1481.8109824887952,stop,13,A
2026-07-23 04:55:00+00:00,2026-07-23 05:30:00+00:00,GC=F,-1.0,9.290847547848275,range,4123.4,4128.857282366072,4128.757282366071,-6.0468632510300875,6.0468632510300875,0.3395878191325746,0.17241959925913453,-1.0183778185402041,-3330.1783352446337,stop,8,A
2026-07-23 07:05:00+00:00,2026-07-23 11:00:00+00:00,GC=F,-1.0,-74.78179588449159,range,4118.1998046875,4095.20009765625,4099.350045340402,-4.215390175488918,4.215390175488918,2.417764939519769,0.30697431471850656,3.1534406514192397,9674.196954987898,time_stop,48,A
2026-07-23 11:20:00+00:00,2026-07-23 11:50:00+00:00,GC=F,-1.0,-65.47008591475793,range,4088.4,4088.378616768973,4088.2786167689733,-4.03387222053931,4.03387222053931,2.0211742059672764,0.2178169358786099,1.4863916533927228,-11.543638940217079,stop,7,A
2026-07-23 13:05:00+00:00,2026-07-23 13:30:00+00:00,GC=F,-1.0,-88.57125272007173,trend,4058.00009765625,4065.7786063058034,4065.6786063058034,-2.184835089290171,2.184835089290171,4.094514626264322,0.6751545309645065,5.511500164586744,-1710.4000394355576,stop,6,A
2026-07-23 17:40:00+00:00,2026-07-23 19:00:00+00:00,GC=F,-1.0,-17.391289439244805,range,4047.099951171875,4051.000146484375,4050.900146484375,-4.838589713126616,4.838589713126616,0.6168874172185431,0.1498609688277477,-0.8187741809969368,-1911.33744039026,stop,17,A
2026-07-24 00:00:00+00:00,2026-07-24 00:20:00+00:00,GC=F,-1.0,-23.188285432783267,range,4049.700048828125,4050.1999930245534,4050.0999930245534,-6.876451595972592,6.876451595972592,2.751651768363778,0.0643328288741041,0.7644395878412434,-378.1664647224966,stop,5,A
2026-07-24 02:50:00+00:00,2026-07-24 04:25:00+00:00,GC=F,-1.0,-74.71540472777383,range,4028.700048828125,4031.7856689453124,4031.6856689453125,-3.7513925843312252,3.7513925843312252,2.8487366647950587,0.4185675621363001,2.445664088358269,-1176.2942054896307,stop,20,A
2026-07-24 05:20:00+00:00,2026-07-24 05:30:00+00:00,GC=F,-1.0,-18.556664382530744,range,4026.599951171875,4032.171456473214,4032.0714564732143,-5.928025610415895,5.928025610415895,1.5018477457501849,0.15555217985720796,-0.03688255819779495,-3332.4427395427083,stop,3,A
2026-07-24 06:20:00+00:00,2026-07-24 09:30:00+00:00,GC=F,1.0,37.42754072460219,range,4036.299951171875,4054.5143275669643,4054.614327566964,3.6965734788010343,3.6965734788010343,1.3994399604677976,0.1481461015637951,0.26521863205035545,6714.595204104701,stop,39,A
2026-07-24 11:55:00+00:00,2026-07-24 11:55:00+00:00,GC=F,-1.0,-32.15842398640888,range,4054.599951171875,4061.114188058036,4061.014188058036,-5.075209953714457,5.075209953714457,2.397060824601987,0.07317617810594952,1.8916527566972632,-3331.488038318232,stop,1,A
2026-07-24 13:10:00+00:00,2026-07-24 13:35:00+00:00,GC=F,-1.0,-45.384914611678084,range,4049.00009765625,4057.7428850446427,4057.6428850446428,-3.753071243236479,3.753071243236479,2.552688172043011,0.2873066968266742,3.361279234005276,-3299.995749526854,stop,6,A
2026-07-24 14:00:00+00:00,2026-07-24 16:30:00+00:00,GC=F,1.0,41.43592412565481,range,4069.99990234375,4073.5499720982143,4073.649972098214,2.4512498267922207,2.4512498267922207,3.4565096610901906,0.1525943657952726,4.4768320629380876,857.9545379391566,stop,30,A
2026-07-24 18:20:00+00:00,2026-07-24 19:40:00+00:00,GC=F,-1.0,-64.03732429288213,trend,4062.599951171875,4060.271456473214,4060.171456473214,-5.56415108726572,5.56415108726572,1.8240133872542184,0.5722581692198051,0.2381967880858664,1267.7888754883559,stop,17,A
2026-07-26 22:15:00+00:00,2026-07-26 23:20:00+00:00,GC=F,1.0,31.618004065698734,trend,4091.299951171875,4086.4357142857143,4086.535714285714,3.576812123768277,3.576812123768277,1.6140490919976054,0.601346267094157,-0.13614373655064618,-1757.7302073488486,stop,14,A
2026-07-26 23:50:00+00:00,2026-07-27 00:20:00+00:00,GC=F,1.0,23.005146455113167,trend,4097.20009765625,4105.785498046875,4105.885498046875,5.2031747431190025,5.2031747431190025,1.5540757749712972,0.5671600457669239,0.2142623363051058,4441.117973490429,stop,7,A
2026-07-27 02:45:00+00:00,2026-07-27 04:35:00+00:00,GC=F,-1.0,-21.857100074850354,range,4098.6998046875,4094.107132393973,4094.0071323939733,-4.613176812432972,4.613176812432972,0.5426356589147286,0.18918613200610826,-0.590463908738708,2095.6150490977902,stop,23,A
2026-07-27 05:15:00+00:00,2026-07-27 05:20:00+00:00,GC=F,1.0,11.213279295013388,range,4096.49990234375,4091.685581752233,4091.7855817522327,6.813612757929169,6.813612757929169,0.8047162859248342,0.006248235769814689,-0.6910097171480214,-3314.359684102168,stop,2,A
2026-07-27 06:40:00+00:00,2026-07-27 07:40:00+00:00,GC=F,1.0,35.396095553491456,range,4100.3001953125,4098.642745535714,4098.742745535715,4.863554306255562,4.863554306255562,0.8916030534351145,0.2590337524818001,-0.21883340578027538,-830.42747146029,stop,13,A
2026-07-27 10:45:00+00:00,2026-07-27 11:40:00+00:00,GC=F,1.0,27.703403198533366,range,4102.99990234375,4096.914317103794,4097.014317103794,4.6311334291419515,4.6311334291419515,0.6706685986338232,0.26704490282844817,-0.2957206787510416,-2841.471391211177,stop,12,A
2026-07-27 12:20:00+00:00,2026-07-27 15:15:00+00:00,GC=F,-1.0,-40.43053753432629,range,4085.79990234375,4080.8716413225447,4080.771641322545,-4.22866552059903,4.22866552059903,1.8247967138905188,0.21381717708596978,1.4900642444225152,2062.8534180853244,stop,36,A
2026-07-27 16:10:00+00:00,2026-07-27 16:50:00+00:00,GC=F,1.0,-13.149791695210414,range,4086.49990234375,4083.8141845703126,4083.9141845703125,4.516612000659195,4.516612000659195,0.29497684360527254,0.08686924484471253,-0.8803232128624489,-1235.6175725923645,stop,9,A
2026-07-27 19:10:00+00:00,2026-07-27 20:15:00+00:00,GC=F,1.0,44.72676443834554,range,4081.900048828125,4083.128672572545,4083.228672572545,6.022143427317033,6.022143427317033,1.3796174476267584,0.26006742919487397,-0.2181750788552137,709.7841235738823,stop,14,A
2026-07-27 22:25:00+00:00,2026-07-28 00:00:00+00:00,GC=F,-1.0,-12.29107861033909,range,4073.9,4072.864229910714,4072.764229910714,-5.51357386203799,5.51357386203799,0.668274501205876,0.4412642315174343,-0.5978982402339542,543.5116198265935,stop,20,A
2026-07-28 00:05:00+00:00,2026-07-28 03:15:00+00:00,GC=F,-1.0,-38.79426827900116,range,4067.00009765625,4049.5427664620534,4049.4427664620534,-6.280960995140899,6.280960995140899,6.2241953385127635,0.43999479170905187,2.1857233550720814,10933.47682602492,stop,38,A
2026-07-28 05:35:00+00:00,2026-07-28 05:45:00+00:00,GC=F,-1.0,-35.22688893306123,range,4037.29990234375,4043.3427734375,4043.2427734375,-5.514865425132141,5.514865425132141,2.055185537583254,0.36129159283323486,0.5877022262166933,-3360.136413470843,stop,3,A
2026-07-28 06:30:00+00:00,2026-07-28 08:10:00+00:00,GC=F,1.0,14.782195356676198,range,4047.900048828125,4045.40732421875,4045.50732421875,4.296896007288947,4.296896007288947,1.3020899303356555,0.09467297482754884,0.493711224577586,-1092.5823221658002,stop,21,A
2026-07-28 08:40:00+00:00,2026-07-28 11:15:00+00:00,GC=F,-1.0,-1.309188353010403,range,4042.599951171875,4029.11416015625,4029.01416015625,-3.889748110484663,3.889748110484663,0.6367836184292671,0.14285261338955912,0.05460036566052206,5226.184271589485,stop,32,A
2026-07-28 12:25:00+00:00,2026-07-28 12:30:00+00:00,GC=F,1.0,60.91856314763163,range,4033.70009765625,4026.128731863839,4026.228731863839,4.390255614042664,4.390255614042664,2.082270242124447,0.3359216857474697,1.070624024577524,-3345.9743956803736,stop,2,A
2026-07-28 13:40:00+00:00,2026-07-28 14:10:00+00:00,GC=F,-1.0,-31.61819836205075,range,4021.700048828125,4032.6143624441966,4032.5143624441966,-3.02229967348792,3.02229967348792,3.2849134976005163,0.025721334968310014,3.5802609903897946,-3313.744146187195,stop,7,A
2026-07-28 14:25:00+00:00,2026-07-28 15:10:00+00:00,GC=F,-1.0,7.361591906924476,range,4016.9,4030.528634207589,4030.4286342075893,-2.407346888532328,2.407346888532328,0.4408528403160876,0.14218583248224184,-0.5406647327280001,-3292.921749901156,stop,10,A
2026-07-28 15:45:00+00:00,2026-07-28 16:50:00+00:00,GC=F,1.0,41.041734932621715,range,4041.99990234375,4037.7213413783484,4037.8213413783483,2.927454526517339,2.927454526517339,1.2044731339212655,0.256064016004001,0.746839858023102,-1267.1665391471,stop,14,A
2026-07-28 17:40:00+00:00,2026-07-28 19:50:00+00:00,GC=F,-1.0,-39.01249270746808,range,4031.00009765625,4027.7141880580357,4027.614188058036,-4.847447294793965,4.847447294793965,1.1648579786732094,0.32840220634777106,0.19184906439135158,1568.5901228062228,stop,26,A
2026-07-28 22:25:00+00:00,2026-07-28 23:50:00+00:00,GC=F,-1.0,12.73587801839393,range,4017.00009765625,4023.3069789341516,4023.2069789341517,-5.049864249097674,5.049864249097674,0.42605997931747674,0.05357522384318171,-0.45833373015008816,-3210.1387501033323,stop,18,A
2026-07-29 01:05:00+00:00,2026-07-29 01:30:00+00:00,GC=F,-1.0,-8.105149881687748,range,4010.200048828125,4020.700020926339,4020.6000209263393,-3.110687016094476,3.110687016094476,1.2976190476190477,0.05148215435124563,-0.2650592330858808,-3281.766122607369,stop,6,A
2026-07-29 02:25:00+00:00,2026-07-29 03:20:00+00:00,GC=F,1.0,-6.891424984591644,range,4032.1,4025.814324079241,4025.914324079241,3.256179156168231,3.256179156168231,0.6713286713286712,0.12403086104329504,-0.4886051451121129,-2063.009587341202,stop,12,A
2026-07-29 04:00:00+00:00,2026-07-29 04:40:00+00:00,GC=F,-1.0,-54.766594044822625,range,4021.9,4025.485794503348,4025.3857945033483,-6.781524477415158,6.781524477415158,1.7603485838779955,0.1714312287106037,0.5124942774213908,-2465.622941930661,stop,9,A
2026-07-29 05:45:00+00:00,2026-07-29 05:55:00+00:00,GC=F,1.0,40.695503113149876,range,4037.900048828125,4031.0714983258927,4031.1714983258926,4.767400379948508,4.767400379948508,3.1589514779698833,0.1463952399649642,2.9627506147949827,-3279.2804277837013,stop,3,A
2026-07-29 06:25:00+00:00,2026-07-29 07:30:00+00:00,GC=F,1.0,2.695539986458223,range,4038.99990234375,4085.9855712890626,4086.0855712890625,4.361428609797818,4.361428609797818,0.6977388094139363,0.32007399329822034,-0.19270800440121472,20470.65693580857,stop,14,A
2026-07-29 07:35:00+00:00,2026-07-29 08:45:00+00:00,GC=F,1.0,23.791082054283418,trend,4104.70009765625,4099.40017438616,4099.50017438616,2.465045562980467,2.465045562980467,0.6634733816887917,0.7121086231494476,0.09833689287289282,-1318.7804619222297,stop,14,A
2026-07-29 10:40:00+00:00,2026-07-29 11:15:00+00:00,GC=F,-1.0,-39.1399621396783,range,4088.4,4091.6428989955357,4091.542898995536,-6.434633906087829,6.434633906087829,1.1031356252361164,0.3726959874596854,-0.06563702891258742,-2118.8599525995905,stop,8,A
2026-07-29 12:20:00+00:00,2026-07-29 12:35:00+00:00,GC=F,-1.0,-69.66173567302197,range,4077.4,4079.8855747767857,4079.785574776786,-4.62303360031198,4.62303360031198,3.574994057523176,0.39006822038300376,1.0201381133746448,-1172.2047389183367,stop,4,A
2026-07-29 13:55:00+00:00,2026-07-29 15:25:00+00:00,GC=F,-1.0,-50.26594052617231,range,4066.599951171875,4068.742822265625,4068.642822265625,-2.896023740293341,2.896023740293341,2.7803305118903667,0.4244815420025695,3.847660389600215,-635.0606746902495,stop,19,A
2026-07-29 16:10:00+00:00,2026-07-29 18:00:00+00:00,GC=F,1.0,12.097363516569706,range,4073.400048828125,4120.071613420759,4120.171613420759,3.7229046216909714,3.7229046216909714,1.4013113876622507,0.17665361259044474,0.27118430662244364,17356.763829238047,stop,23,A
2026-07-29 18:05:00+00:00,2026-07-29 18:30:00+00:00,GC=F,1.0,44.4219169121687,trend,4126.8998046875,4114.3929547991065,4114.492954799107,1.590424041225456,1.590424041225456,1.7717541627482436,0.6505621727141111,1.047222735430855,-1997.0715944560752,stop,6,A
2026-07-29 18:50:00+00:00,2026-07-29 19:30:00+00:00,GC=F,1.0,64.39316943696222,trend,4159.8998046875,4137.099951171875,4137.199951171875,1.0984956441101155,1.0984956441101155,1.640559262249798,0.5388693324681645,1.3799356900711228,-2510.046455546907,stop,9,A
2026-07-29 22:45:00+00:00,2026-07-29 23:50:00+00:00,GC=F,1.0,24.765246509258514,range,4139.3998046875,4144.507247488839,4144.60724748884,3.083148532832144,3.083148532832144,0.8707529451937852,0.1302426352494799,-0.6647392568859404,1559.2847352830659,stop,14,A
2026-07-30 00:35:00+00:00,2026-07-30 01:00:00+00:00,GC=F,-1.0,-31.94792922118392,range,4129.1998046875,4137.999762834822,4137.899762834822,-3.3237777809627422,3.3237777809627422,1.1560851063829787,0.1005766883217107,-0.5181941772472942,-2941.5294252520007,stop,6,A
2026-07-30 03:00:00+00:00,2026-07-30 05:30:00+00:00,GC=F,-1.0,-12.857425868528313,range,4121.00009765625,4105.05685686384,4104.95685686384,-3.198336918463253,3.198336918463253,1.124012747679091,0.3007250449640288,0.1961972126552882,5083.19387803898,stop,31,A
2026-07-30 05:40:00+00:00,2026-07-30 07:00:00+00:00,GC=F,-1.0,-29.10751066963615,range,4088.099951171875,4099.257045200893,4099.157045200893,-2.991300556158347,2.991300556158347,1.6826331281776825,0.34306614869199514,0.7943534335221186,-3352.378660192051,stop,17,A
2026-07-30 08:20:00+00:00,2026-07-30 12:15:00+00:00,GC=F,1.0,53.39766916046222,range,4114.8001953125,4131.4285993303565,4131.528599330357,2.6457449378583746,2.6457449378583746,1.4351443954968184,0.33239511854378107,1.3309960392499747,4386.222850801387,stop,48,A
2026-07-30 12:55:00+00:00,2026-07-30 13:20:00+00:00,GC=F,-1.0,-5.919549095183064,range,4128.1001953125,4141.514369419643,4141.414369419643,-2.486919263539139,2.486919263539139,0.9519691700347777,0.16543701868705907,-0.2833898262122846,-3348.4313954700006,stop,6,A
2026-07-30 13:40:00+00:00,2026-07-30 14:20:00+00:00,GC=F,1.0,34.05244219716833,range,4149.8001953125,4147.63601422991,4147.73601422991,1.7725298844799797,1.7725298844799797,2.292533659730722,0.1492887019606255,2.393347408605969,-392.4702138541728,stop,9,A
2026-07-30 16:25:00+00:00,2026-07-30 16:40:00+00:00,GC=F,1.0,-7.796003641808764,range,4177.8998046875,4167.97119140625,4168.07119140625,3.355544018784185,3.355544018784185,0.45074009231258955,0.23218184369299846,-0.6178413368442002,-3348.3676111660084,stop,4,A
2026-07-30 19:20:00+00:00,2026-07-30 20:35:00+00:00,GC=F,1.0,-7.139770133043611,range,4169.8001953125,4166.67880859375,4166.77880859375,4.537213894469831,4.537213894469831,0.6668033627229855,0.06097536769814017,-0.6940412374895691,-1438.9259885052888,stop,16,A
2026-07-31 00:15:00+00:00,2026-07-31 04:10:00+00:00,GC=F,-1.0,1.3503056592662568,range,4159.6998046875,4134.99990234375,4137.221644810268,-5.092827950135081,5.092827950135081,0.6571642910727682,0.23344675059544062,-0.8133966828523621,12553.771162434654,time_stop,48,A
2026-07-31 05:05:00+00:00,2026-07-31 05:40:00+00:00,GC=F,1.0,-1.0042754138911318,range,4140.20009765625,4134.642926897322,4134.742926897322,6.093298650978348,6.093298650978348,0.7401143994031336,0.1847782819839185,-0.6754273854220008,-3416.616602118613,stop,8,A
2026-07-31 06:20:00+00:00,2026-07-31 06:30:00+00:00,GC=F,1.0,10.013285550249018,range,4144.3998046875,4137.085379464285,4137.185379464286,4.592547377974213,4.592547377974213,1.2777053455019556,0.10187798193076845,0.3839986134191951,-3382.1471749163393,stop,3,A
2026-07-31 07:35:00+00:00,2026-07-31 11:10:00+00:00,GC=F,-1.0,-25.755644450608717,range,4126.9,4114.356975446429,4114.256975446428,-4.678136807463354,4.678136807463354,1.6398546964193046,0.17825754680932365,1.6081331175013824,5844.407800060314,stop,44,A
2026-07-31 11:25:00+00:00,2026-07-31 11:30:00+00:00,GC=F,1.0,1.548557900628893,range,4117.20009765625,4110.757254464285,4110.857254464286,5.237204792706922,5.237204792706922,0.9701230228471002,0.1764544982083755,-0.5585563580091975,-3400.4349483253814,stop,2,A
2026-07-31 12:30:00+00:00,2026-07-31 14:30:00+00:00,GC=F,-1.0,-40.48144085547697,range,4103.29990234375,4096.621536690848,4096.521536690848,-3.9137447359536255,3.9137447359536255,5.207787610619469,0.14966901445744848,5.547140350328864,2594.173118201886,stop,25,A
2026-07-31 15:00:00+00:00,2026-07-31 15:30:00+00:00,GC=F,1.0,18.512100510839502,range,4105.8998046875,4094.014125279018,4094.114125279018,2.8161761787277446,2.8161761787277446,1.5020120014119307,0.074547337370948,1.652985990231745,-3361.297602709896,stop,7,A
2026-07-31 17:30:00+00:00,2026-07-31 19:10:00+00:00,GC=F,1.0,31.85211260278966,range,4106.8998046875,4103.42117047991,4103.52117047991,4.303220649518653,4.303220649518653,2.361523454067351,0.23232099039445617,0.4895590721901823,-1518.4491586700913,stop,21,A
2026-08-02 22:15:00+00:00,2026-08-02 22:20:00+00:00,GC=F,1.0,24.50160597909685,range,4133.1,4121.699986049107,4121.799986049107,2.9220989113055196,2.9220989113055196,1.6774818401937046,0.31033796608094044,0.27279658362589,-3345.8073300338856,stop,2,A
2026-08-03 00:40:00+00:00,2026-08-03 02:45:00+00:00,GC=F,-1.0,-60.959872222317166,range,4115.1001953125,4118.228662109375,4118.128662109375,-3.851399615007735,3.851399615007735,2.189155107187894,0.20171421985183943,1.4458692345617148,-1224.1545797802034,stop,26,A
2026-08-03 03:20:00+00:00,2026-08-03 05:00:00+00:00,GC=F,1.0,11.71201593489002,range,4123.3001953125,4118.8287458147315,4118.928745814732,3.4076839789271705,3.4076839789271705,1.1668460710441335,0.1672762784090909,0.2937974927298779,-1540.7671015075186,stop,21,A
2026-08-03 05:15:00+00:00,2026-08-03 05:40:00+00:00,GC=F,-1.0,-36.57916533922506,range,4112.1998046875,4118.0714006696435,4117.971400669643,-5.546966927865917,5.546966927865917,1.2158447857720291,0.2619108517218127,-0.29938838288179215,-3284.68970731356,stop,6,A
2026-08-03 09:35:00+00:00,2026-08-03 09:40:00+00:00,GC=F,-1.0,-33.12610192836208,range,4103.1998046875,4110.685825892857,4110.5858258928565,-4.4260526607719415,4.4260526607719415,2.1796988829528896,0.13859159621871486,1.3669315564893731,-3335.482670760521,stop,2,A
2026-08-03 11:50:00+00:00,2026-08-03 12:15:00+00:00,GC=F,1.0,59.70971009673995,range,4117.3998046875,4109.89990234375,4109.99990234375,4.401973891253401,4.401973891253401,2.9672727272727273,0.11827787622235349,1.615298865945412,-3323.447299870196,stop,6,A
2026-08-03 12:45:00+00:00,2026-08-03 14:35:00+00:00,GC=F,-1.0,-4.3049001144316295,range,4100.6998046875,4092.421271623884,4092.321271623884,-3.432114793338356,3.432114793338356,1.011437095972153,0.10787839494291532,0.24821689642599423,2824.1270055109135,stop,23,A
2026-08-03 17:55:00+00:00,2026-08-03 18:05:00+00:00,GC=F,-1.0,2.4995609238358973,range,4086.599951171875,4091.3571428571427,4091.2571428571428,-6.828429734161851,6.828429734161851,0.6153846153846154,0.17809364548494983,-0.8249950971249692,-3282.5570641496706,stop,3,A
2026-08-03 18:45:00+00:00,2026-08-03 22:00:00+00:00,GC=F,1.0,32.09561826870687,range,4097.3001953125,4108.385944475446,4108.485944475447,5.883066288915461,5.883066288915461,1.235122763212651,0.1532058431489894,-0.1603975555879485,6492.404387345362,stop,28,A
2026-08-04 00:05:00+00:00,2026-08-04 00:20:00+00:00,GC=F,1.0,71.0900287151153,trend,4115.3001953125,4114.97177734375,4115.07177734375,5.209372600725286,5.209372600725286,2.4048653344917463,0.5859717653508771,0.760461591003923,-197.13201980321583,stop,4,A
2026-08-04 01:00:00+00:00,2026-08-04 01:35:00+00:00,GC=F,-1.0,-66.76417144526827,range,4104.6998046875,4110.042905970982,4109.942905970982,-3.469454523001657,3.469454523001657,3.5082664920608937,0.11363636363636363,3.4706069377623625,-1871.1119640984784,stop,8,A
2026-08-04 02:40:00+00:00,2026-08-04 03:30:00+00:00,GC=F,1.0,-2.208542453633295,range,4119.49990234375,4111.028390066965,4111.128390066965,3.893759662991348,3.893759662991348,0.665406427221172,0.12279900253174195,-0.13615814453182512,-3318.0720771033675,stop,11,A
2026-08-04 04:50:00+00:00,2026-08-04 05:10:00+00:00,GC=F,1.0,10.989607412239904,range,4120.70009765625,4115.48583984375,4115.58583984375,6.350975154107262,6.350975154107262,1.1607026675341574,0.13395193185275328,-0.024777234969533532,-3343.317057200486,stop,5,A
2026-08-04 06:35:00+00:00,2026-08-04 06:55:00+00:00,GC=F,-1.0,1.0340700229466027,range,4112.50009765625,4119.771554129465,4119.671554129464,-4.512822231127471,4.512822231127471,0.7270150575730735,0.14217133982044736,-0.3376506328546168,-3304.0431536556953,stop,5,A
2026-08-04 08:05:00+00:00,2026-08-04 08:20:00+00:00,GC=F,1.0,29.33739240806648,range,4126.3001953125,4118.943289620535,4119.043289620536,4.443748900749142,4.443748900749142,1.7827331625734517,0.14884000863038122,1.3760029879682802,-3291.442902662221,stop,4,A
2026-08-04 08:50:00+00:00,2026-08-04 10:40:00+00:00,GC=F,-1.0,5.72813499505931,range,4111.9,4109.321540178572,4109.221540178572,-4.5441478746667965,4.5441478746667965,0.6455011784278386,0.10048361096184846,-0.38628953169885266,1148.969532372113,stop,23,A
2026-08-04 11:30:00+00:00,2026-08-04 12:00:00+00:00,GC=F,1.0,75.90134325765067,range,4117.3001953125,4124.6641950334815,4124.764195033482,3.9789712419331096,3.9789712419331096,3.498069498069498,0.3160288816978938,2.6680346908018593,2910.2194553290806,stop,7,A
2026-08-04 13:50:00+00:00,2026-08-04 14:35:00+00:00,GC=F,1.0,7.523238368962207,range,4149.70009765625,4133.500069754465,4133.600069754465,2.004638625558104,2.004638625558104,0.9307689603037868,0.10227635284162633,0.5042999798879547,-3257.5433598316504,stop,10,A
2026-08-04 16:50:00+00:00,2026-08-04 17:25:00+00:00,GC=F,1.0,-7.948263683633974,range,4149.8001953125,4151.228543526785,4151.328543526785,4.6707202387636455,4.6707202387636455,0.5752167261601224,0.14178112538768275,-0.8596337410990423,643.7878900522801,stop,8,A
2026-08-04 18:30:00+00:00,2026-08-04 19:15:00+00:00,GC=F,-1.0,-15.358844964108659,range,4141.50009765625,4141.778501674107,4141.678501674107,-4.732919208688177,4.732919208688177,0.4673841423237426,0.09769297484822204,-0.8252383619623719,-155.43096843286594,stop,10,A
2026-08-04 22:40:00+00:00,2026-08-04 22:55:00+00:00,GC=F,1.0,26.844765340495226,range,4140.6,4136.328334263393,4136.4283342633935,6.661269262679542,6.661269262679542,2.812241521918941,0.0915969362082782,0.17286475646195434,-2878.7779134837197,stop,4,A
2026-08-04 23:05:00+00:00,2026-08-05 00:15:00+00:00,GC=F,-1.0,-20.334387571158764,range,4126.6998046875,4130.164801897322,4130.064801897322,-5.103055225291953,5.103055225291953,1.6305418719211822,0.23478211642158597,0.0632994444390937,-1793.7224878470254,stop,15,A
2026-08-05 01:15:00+00:00,2026-08-05 04:45:00+00:00,GC=F,1.0,57.102309537478945,range,4141.99990234375,4190.014327566964,4190.114327566965,4.509035627458166,4.509035627458166,1.672627235213205,0.3699937746420419,0.7687393550082244,21627.330218202478,stop,43,A
2026-08-05 05:25:00+00:00,2026-08-05 07:25:00+00:00,GC=F,1.0,9.433722428244979,range,4199.49990234375,4223.185609654018,4223.285609654018,5.514442339860346,5.514442339860346,1.1178004266413843,0.2628704461083496,-0.09491966215521024,13033.774512428525,stop,25,A
2026-08-05 09:25:00+00:00,2026-08-05 10:55:00+00:00,GC=F,-1.0,2.30315622427755,range,4216.6998046875,4219.40011858259,4219.30011858259,-4.102206822994301,4.102206822994301,0.6985796948974224,0.1512372554422706,-0.5909012480030014,-1128.2356425815888,stop,19,A
2026-08-05 11:15:00+00:00,2026-08-05 12:40:00+00:00,GC=F,1.0,41.33485403904912,range,4230.49990234375,4254.707198660714,4254.807198660715,4.476222377906657,4.476222377906657,1.1177428106348346,0.28284298009815284,-0.031837401515947064,10813.343036371605,stop,18,A
2026-08-05 14:10:00+00:00,2026-08-05 15:55:00+00:00,GC=F,1.0,58.973412019920175,range,4287.6,4300.414474051339,4300.51447405134,1.8918228971780617,1.8918228971780617,1.6921506583648056,0.2614901384894654,1.99425243555457,2414.812428075822,stop,22,A
2026-08-05 18:05:00+00:00,2026-08-05 19:15:00+00:00,GC=F,1.0,39.89209175855575,range,4313.8001953125,4314.128829520089,4314.22882952009,3.709606693446299,3.709606693446299,1.0343345274180216,0.4420461451413483,-0.6817994902901944,103.3623321495063,stop,15,A
2026-08-05 20:00:00+00:00,2026-08-05 22:00:00+00:00,GC=F,-1.0,13.09188942156382,range,4307.79990234375,4311.571575055804,4311.471575055803,-4.31467591185642,4.31467591185642,0.44702889333091045,0.0680810826783287,-1.0389968922572466,-1648.927919369912,stop,13,A
2026-08-05 23:20:00+00:00,2026-08-05 23:35:00+00:00,GC=F,1.0,55.0099587563096,range,4318.49990234375,4326.442724609375,4326.542724609375,5.8939769581594454,5.8939769581594454,1.8013392857142856,0.3641236566273053,-0.2179192401139339,4652.011256843729,stop,4,A
2026-08-05 23:40:00+00:00,2026-08-06 00:00:00+00:00,GC=F,1.0,78.38111074949916,trend,4337.3998046875,4328.399623325893,4328.4996233258935,3.793140707053737,3.793140707053737,2.4813349389299844,0.7161127736651441,0.8566962366476989,-3432.861132893146,stop,5,A
2026-08-06 00:25:00+00:00,2026-08-06 01:20:00+00:00,GC=F,1.0,42.394602612642025,range,4341.8998046875,4334.22878766741,4334.32878766741,2.0264804154732055,2.0264804154732055,2.000198668918248,0.32009450536136186,1.8491827404289443,-1564.6489778748487,stop,12,A
2026-08-06 03:20:00+00:00,2026-08-06 05:00:00+00:00,GC=F,-1.0,5.333321289278468,range,4326.50009765625,4323.378494698661,4323.27849469866,-2.902331359518771,2.902331359518771,0.5278240586471176,0.18260689063023366,-0.6663411307704612,891.480958780101,stop,21,A
2026-08-06 08:15:00+00:00,2026-08-06 10:00:00+00:00,GC=F,1.0,23.83727442458059,range,4327.8998046875,4330.428913225446,4330.528913225447,3.8766497554383372,3.8766497554383372,1.4950541686292982,0.18081819082710968,1.1447880544895406,961.0635507332813,stop,22,A
2026-08-06 10:45:00+00:00,2026-08-06 11:00:00+00:00,GC=F,-1.0,12.627766088591004,range,4324.4,4331.771414620535,4331.671414620535,-4.627650626852853,4.627650626852853,0.4748412310698583,0.055064570125150696,-1.4085145459471562,-3434.3714020856905,stop,4,A
2026-08-06 11:25:00+00:00,2026-08-06 12:30:00+00:00,GC=F,-1.0,-24.220617351737154,range,4320.4,4326.428996930804,4326.328996930803,-4.081800885694852,4.081800885694852,1.3721512317217757,0.3369859114842749,0.5564519522141487,-2481.3255056292746,stop,14,A
2026-08-06 12:55:00+00:00,2026-08-06 13:35:00+00:00,GC=F,-1.0,-69.24207028639046,range,4310.00009765625,4311.892829241072,4311.792829241072,-2.528036047238576,2.528036047238576,2.407809110629067,0.2793752988047809,3.474901279864277,-491.1295476539658,stop,9,A
2026-08-06 15:55:00+00:00,2026-08-06 17:00:00+00:00,GC=F,-1.0,-71.44048365953749,range,4292.79990234375,4299.06435546875,4298.96435546875,-2.203151701392074,2.203151701392074,2.148201232621471,0.37885232766362475,1.954481255860067,-1391.1698145705857,stop,14,A
2026-08-06 19:30:00+00:00,2026-08-06 19:50:00+00:00,GC=F,-1.0,2.00307568479642,range,4296.50009765625,4303.9713030133935,4303.871303013393,-4.310697853032587,4.310697853032587,0.8789131718842291,0.030041389427358935,-0.7960500906198549,-3242.1643785257165,stop,5,A
2026-08-06 23:35:00+00:00,2026-08-07 00:10:00+00:00,GC=F,1.0,-6.917995398326971,range,4305.3998046875,4303.813922991071,4303.913922991072,6.622368239771444,6.622368239771444,0.5794261721483556,0.13181374289772727,-0.782247482747453,-1083.341099045596,stop,8,A
2026-08-07 00:40:00+00:00,2026-08-07 01:00:00+00:00,GC=F,-1.0,-60.864031887617585,range,4293.50009765625,4301.1146484375,4301.0146484375,-3.889191783086673,3.889191783086673,3.2682611506140917,0.09130114761406165,2.1994824576350274,-2980.890791949087,stop,5,A
2026-08-07 01:45:00+00:00,2026-08-07 02:45:00+00:00,GC=F,1.0,14.708983982789476,range,4314.8998046875,4305.614425223214,4305.714425223215,2.561852372597954,2.561852372597954,1.4395675119062943,0.07514817950889077,1.15776414057628,-2391.5864029683435,stop,13,A
2026-08-07 04:00:00+00:00,2026-08-07 07:40:00+00:00,GC=F,1.0,33.22436184337002,range,4325.3998046875,4344.014118303571,4344.114118303572,3.9064136347212113,3.9064136347212113,2.040684911459096,0.09599796871032637,1.5857520903397628,7251.988782905975,stop,45,A
2026-08-07 08:15:00+00:00,2026-08-07 08:30:00+00:00,GC=F,1.0,6.047725461152819,range,4359.3001953125,4358.235693359375,4358.335693359375,4.066980483958926,4.066980483958926,0.9316368341600173,0.17000602223343478,0.277155593164573,-453.2657692696441,stop,4,A
2026-08-07 08:35:00+00:00,2026-08-07 08:35:00+00:00,GC=F,1.0,36.031460906730786,range,4373.20009765625,4360.957240513393,4361.0572405133935,2.740307497473525,2.740307497473525,2.103205629397967,0.16879483993431282,2.2323706400744574,-3368.6208593942683,stop,1,A
2026-08-07 09:45:00+00:00,2026-08-07 12:05:00+00:00,GC=F,1.0,34.59736596962252,range,4376.8998046875,4375.17117047991,4375.27117047991,3.383340972687865,3.383340972687865,1.832857725234407,0.3849815805248241,1.4753742547068287,-601.7725989964833,stop,29,A
2026-08-07 12:35:00+00:00,2026-08-07 13:15:00+00:00,GC=F,1.0,76.10441590074744,range,4419.70009765625,4400.464174107143,4400.564174107143,1.6556319601654417,1.6556319601654417,3.2289896611730984,0.49128843081576745,2.62098723998022,-3193.0391409209883,stop,9,A
2026-08-07 16:25:00+00:00,2026-08-07 17:55:00+00:00,GC=F,-1.0,-22.218706788584623,range,4397.29990234375,4401.878390066965,4401.778390066965,-2.7260648307383533,2.7260648307383533,0.7744347516467865,0.17559781147594586,-0.6267694608213314,-1261.7557601761746,stop,19,A
2026-08-07 19:10:00+00:00,2026-08-07 20:10:00+00:00,GC=F,1.0,-7.238438640525633,range,4404.8998046875,4398.778836495535,4398.878836495535,3.886603424980967,3.886603424980967,0.5398011704152859,0.1710254848407443,-0.9543549498345194,-2398.4106110341336,stop,13,A
2026-08-09 23:25:00+00:00,2026-08-09 23:30:00+00:00,GC=F,1.0,-6.862213259728385,range,4407.3998046875,4400.528529575893,4400.6285295758935,4.858218867663944,4.858218867663944,0.7564469914040115,0.14894255633542666,-0.6112039103682874,-3362.5069335503194,stop,2,A
2026-08-10 00:00:00+00:00,2026-08-10 00:05:00+00:00,GC=F,-1.0,-20.342072482457038,range,4391.79990234375,4399.985630580357,4399.8856305803565,-4.0538894956025775,4.0538894956025775,1.8518064911206367,0.016332715945445362,0.030802907553199643,-3338.6732187019657,stop,2,A
2026-08-10 01:05:00+00:00,2026-08-10 02:25:00+00:00,GC=F,-1.0,-79.58950752896216,range,4386.29990234375,4389.428369140625,4389.328369140625,-2.988660998695032,2.988660998695032,5.473328831870358,0.3947353929181122,4.400894322129774,-949.9359751469601,stop,17,A
2026-08-10 04:15:00+00:00,2026-08-10 08:10:00+00:00,GC=F,1.0,46.5839775857183,range,4392.8998046875,4413.9,4408.36443219866,4.70922747750061,4.70922747750061,1.5775947281713345,0.1882852881688357,0.388537946249997,9865.923542462606,time_stop,48,A
2026-08-10 08:45:00+00:00,2026-08-10 11:25:00+00:00,GC=F,-1.0,-19.52789930562778,range,4405.1001953125,4395.463943917411,4395.36394391741,-4.447474615284174,4.447474615284174,1.451417004048583,0.2038461177310159,0.9137902737727799,4263.46097353906,stop,33,A
2026-08-10 13:55:00+00:00,2026-08-10 14:15:00+00:00,GC=F,-1.0,-67.72360669532212,range,4381.29990234375,4393.37863420759,4393.27863420759,-2.718179776681687,2.718179776681687,2.17293997965412,0.2716093105968698,2.792595642967905,-3296.807366908577,stop,5,A
2026-08-10 14:30:00+00:00,2026-08-10 16:30:00+00:00,GC=F,1.0,43.45507769585068,range,4404.3998046875,4412.2928571428565,4412.392857142857,2.3291898504773942,2.3291898504773942,1.9643843443481572,0.23459647092855077,2.7252829711778777,1826.7958175777362,stop,25,A
2026-08-10 18:35:00+00:00,2026-08-10 22:00:00+00:00,GC=F,1.0,58.64139897442517,trend,4438.8001953125,4445.107240513393,4445.207240513393,4.104570406569317,4.104570406569317,1.5319986872333444,0.5149203020948608,0.10544339825608307,2568.248256414946,stop,30,A
2026-08-10 22:45:00+00:00,2026-08-11 01:00:00+00:00,GC=F,1.0,37.75542172762688,range,4454.6,4464.750062779018,4464.850062779018,6.380997870603173,6.380997870603173,1.2682464454976303,0.11950496721789734,-0.4234670728684791,6444.847908586835,stop,28,A
2026-08-11 01:35:00+00:00,2026-08-11 02:35:00+00:00,GC=F,1.0,10.981606784365928,range,4479.99990234375,4475.507142857143,4475.607142857143,2.526603467206681,2.526603467206681,0.8666435746449601,0.38052439635653423,0.3629307031091398,-1147.7751869548838,stop,13,A
2026-08-11 04:50:00+00:00,2026-08-11 05:30:00+00:00,GC=F,-1.0,-54.11615243835748,range,4467.29990234375,4451.393073381697,4451.293073381697,-3.9100423387425662,3.9100423387425662,2.0955845873987102,0.13775364033831167,0.3256702221791203,6200.087259982545,stop,9,A
2026-08-11 05:35:00+00:00,2026-08-11 08:30:00+00:00,GC=F,-1.0,-45.663455317274185,trend,4443.6001953125,4429.000634765625,4428.900634765625,-2.520889604293559,2.520889604293559,1.7354577166022438,0.6975220685340933,0.6964746496024166,3667.7835929655066,stop,36,A
2026-08-11 08:35:00+00:00,2026-08-11 11:00:00+00:00,GC=F,1.0,35.56149308505106,range,4429.8001953125,4439.978438895089,4440.07843889509,3.7375910534278565,3.7375910534278565,1.2315035799522673,0.09235242893574672,-0.00475113304565674,3785.5232601222547,stop,30,A
2026-08-11 11:05:00+00:00,2026-08-11 11:35:00+00:00,GC=F,1.0,43.629505523723196,range,4449.99990234375,4441.771344866072,4441.871344866072,4.161227944294087,4.161227944294087,2.1144781144781146,0.47141296007812317,1.3844176067910994,-3444.8964714561816,stop,7,A
2026-08-11 12:10:00+00:00,2026-08-11 13:50:00+00:00,GC=F,1.0,70.53885802144953,range,4452.6,4443.600027901785,4443.700027901786,3.7870016641038977,3.7870016641038977,1.94815396700707,0.47949372154685077,2.00549002825362,-3427.2259396034187,stop,21,A
2026-08-11 15:35:00+00:00,2026-08-11 16:30:00+00:00,GC=F,-1.0,-55.40129872024844,range,4436.50009765625,4442.8287248883935,4442.728724888393,-2.641472847768218,2.641472847768218,1.4161753058171258,0.39548131698368255,1.188760139540284,-1684.8970639742909,stop,12,A
2026-08-11 17:55:00+00:00,2026-08-11 19:30:00+00:00,GC=F,-1.0,-48.72256943432533,range,4432.4,4431.178996930804,4431.078996930803,-4.565795691680437,4.565795691680437,1.7382495948136143,0.39315622664845784,0.03041409173192451,534.6560768278894,stop,20,A
2026-08-11 22:25:00+00:00,2026-08-11 22:50:00+00:00,GC=F,1.0,30.93965280654198,range,4434.3001953125,4431.678459821428,4431.778459821428,6.484145246326759,6.484145246326759,0.9674048270714107,0.17807394525175163,-0.6426691602589063,-1732.3920983878852,stop,6,A
2026-08-11 23:05:00+00:00,2026-08-11 23:20:00+00:00,GC=F,-1.0,-34.95213088880266,range,4423.9,4430.885672433035,4430.785672433035,-4.862758780085333,4.862758780085333,2.8415841584158414,0.18919810620432537,0.5969242361759836,-3421.2777897548626,stop,4,A
2026-08-12 00:20:00+00:00,2026-08-12 03:40:00+00:00,GC=F,1.0,-15.97861206324901,range,4439.49990234375,4462.14267578125,4462.24267578125,4.133652932051752,4.133652932051752,0.4081867973479389,0.0941656904498626,-0.7139081233925487,9339.068416309981,stop,41,A
2026-08-12 05:25:00+00:00,2026-08-12 06:40:00+00:00,GC=F,-1.0,-24.550837663777028,range,4453.79990234375,4456.807101004465,4456.707101004465,-5.217474350318606,5.217474350318606,1.5321843123461134,0.37789325701661897,0.201823153217435,-1595.0855596111003,stop,16,A
2026-08-12 07:40:00+00:00,2026-08-12 08:55:00+00:00,GC=F,1.0,43.88133874902313,range,4466.8001953125,4462.0714215959815,4462.171421595982,4.080447388956191,4.080447388956191,0.9803529803529804,0.43820224719101125,0.23188454250007065,-1949.9534733981793,stop,16,A
2026-08-12 09:15:00+00:00,2026-08-12 09:20:00+00:00,GC=F,1.0,66.64578512736361,range,4472.70009765625,4472.999923270089,4473.09992327009,5.515468260205406,5.515468260205406,1.9088050314465408,0.40489489668314177,1.7453843251645569,137.79052437150494,stop,2,A
2026-08-12 09:25:00+00:00,2026-08-12 09:25:00+00:00,GC=F,1.0,39.06919166164613,range,4483.3001953125,4474.557198660715,4474.657198660715,3.884212201763028,3.884212201763028,2.145104895104895,0.19231360229465094,2.3257198547027493,-3415.3864884927416,stop,1,A
2026-08-12 12:30:00+00:00,2026-08-12 12:30:00+00:00,GC=F,1.0,31.367198962421124,range,4488.1,4471.156947544643,4471.2569475446435,1.9860826662049664,1.9860826662049664,10.20252904287036,0.13096796521163423,7.308144251936163,-3374.9606927496775,stop,1,A
2026-08-12 13:00:00+00:00,2026-08-12 13:30:00+00:00,GC=F,1.0,30.655791123242114,range,4497.8998046875,4472.471121651785,4472.571121651786,1.3160404295919428,1.3160404295919428,2.479783052500076,0.2505763533683394,2.0428618329134247,-3353.097696775937,stop,7,A
2026-08-12 16:50:00+00:00,2026-08-12 18:20:00+00:00,GC=F,-1.0,-7.00653073135387,range,4462.4,4468.6644182477685,4468.564418247768,-2.8740539105510763,2.8740539105510763,1.0805433326956189,0.2122809098912901,-0.43672979693378516,-1814.797845785513,stop,19,A
2026-08-12 18:50:00+00:00,2026-08-12 19:45:00+00:00,GC=F,1.0,-6.234357475405624,range,4477.3998046875,4470.1641950334815,4470.264195033482,4.329595616471603,4.329595616471603,0.8234930448222566,0.13714130941812,-0.62454562759982,-3154.3743621363183,stop,12,A
2026-08-12 22:05:00+00:00,2026-08-12 23:05:00+00:00,GC=F,-1.0,-34.48364255531295,range,4464.1998046875,4463.52138671875,4463.42138671875,-6.3440999361123644,6.3440999361123644,1.026143790849673,0.3832861947176608,-0.6670048986516791,398.6746395394114,stop,13,A
2026-08-13 00:00:00+00:00,2026-08-13 00:30:00+00:00,GC=F,1.0,76.75998904547862,range,4473.3001953125,4490.357135881696,4490.457135881697,6.334150743930916,6.334150743930916,4.843678908027299,0.3985563654376902,3.156756365068834,10772.452525836063,stop,7,A
2026-08-13 00:35:00+00:00,2026-08-13 00:45:00+00:00,GC=F,1.0,52.89520957780465,trend,4503.49990234375,4490.114048549107,4490.214048549107,2.5164570846718415,2.5164570846718415,2.8905218582637935,0.5671093887616699,2.2231208046587816,-3381.074947014563,stop,3,A
2026-08-13 02:00:00+00:00,2026-08-13 05:10:00+00:00,GC=F,-1.0,6.402108385132861,range,4466.6998046875,4459.100069754465,4459.000069754465,-2.2337835494469034,2.2337835494469034,0.514228322731838,0.07171551442612244,0.007685944763948336,1686.4473696097298,stop,39,A
2026-08-13 05:45:00+00:00,2026-08-13 08:45:00+00:00,GC=F,-1.0,-40.92336552899144,range,4445.1001953125,4433.02121233259,4432.92121233259,-2.9385704119094957,2.9385704119094957,2.2265181760874135,0.29198061637561684,1.7090012985588372,3534.801347012527,stop,37,A
2026-08-13 09:20:00+00:00,2026-08-13 11:30:00+00:00,GC=F,1.0,-10.119562535980185,range,4436.8998046875,4444.264397321428,4444.364397321428,4.466441346376841,4.466441346376841,0.6328491620111731,0.03910604366129311,-0.6250025105877745,3267.0198972078206,stop,27,A
2026-08-13 13:35:00+00:00,2026-08-13 14:40:00+00:00,GC=F,-1.0,-28.60146873907235,range,4435.4,4435.342745535715,4435.242745535715,-2.030081186814044,2.030081186814044,1.7676841337639337,0.10839098282442748,1.9061084750226938,1.4727151464571122,stop,14,A
2026-08-13 16:20:00+00:00,2026-08-13 16:30:00+00:00,GC=F,-1.0,-5.735724997967127,range,4408.6001953125,4421.242954799107,4421.1429547991065,-2.679799789408553,2.679799789408553,0.7473482428115016,0.19277983903819265,-0.2560937290095578,-3401.405419922351,stop,3,A
2026-08-13 19:10:00+00:00,2026-08-13 19:35:00+00:00,GC=F,-1.0,-62.96615180219669,range,4409.9,4410.278466796875,4410.178466796875,-4.5881659071525345,4.5881659071525345,2.4286887489734466,0.47349535752598676,0.68063411888449,-196.58767497720623,stop,6,A
2026-08-13 22:30:00+00:00,2026-08-13 22:50:00+00:00,GC=F,1.0,19.46630947934112,range,4412.49990234375,4410.1141462053565,4410.214146205357,6.3869709496504,6.3869709496504,1.751937984496124,0.16091647608491294,-0.017245315914166132,-1555.7103696354125,stop,5,A
2026-08-14 00:20:00+00:00,2026-08-14 03:20:00+00:00,GC=F,-1.0,-20.560441764193488,range,4404.79990234375,4380.449958147322,4380.349958147322,-3.8427308297792315,3.8427308297792315,0.566825938566553,0.14983459507602265,-0.5543209913628834,9337.81447255277,stop,37,A
2026-08-14 03:35:00+00:00,2026-08-14 05:05:00+00:00,GC=F,1.0,1.5124305341353699,range,4382.8001953125,4378.028522600446,4378.128522600447,3.739065926049594,3.739065926049594,0.8397790055248618,0.13373486930588854,-0.452112772440114,-1802.855214420488,stop,19,A
2026-08-14 05:20:00+00:00,2026-08-14 05:35:00+00:00,GC=F,-1.0,-1.3163180184184222,range,4373.1998046875,4374.400223214286,4374.300223214285,-6.5516222272845255,6.5516222272845255,0.9116279069767442,0.2527724118194176,-0.785723944706519,-819.226981349987,stop,4,A
2026-08-14 05:55:00+00:00,2026-08-14 09:50:00+00:00,GC=F,1.0,54.521775574627355,range,4385.8001953125,4410.79990234375,4403.007045200893,3.6368518055139267,3.6368518055139267,2.3408905561898545,0.19682364019376572,0.6675359434384238,9073.83870636424,time_stop,48,A
2026-08-14 10:00:00+00:00,2026-08-14 10:25:00+00:00,GC=F,1.0,8.58291840051283,range,4413.70009765625,4407.714494977678,4407.814494977679,5.774147772104134,5.774147772104134,0.8410896708286038,0.35368368741458567,-0.3638846994430669,-3485.0461759781806,stop,6,A
2026-08-14 11:35:00+00:00,2026-08-14 12:45:00+00:00,GC=F,1.0,16.240202950810897,range,4418.1,4428.471533203125,4428.571533203125,5.474433168498801,5.474433168498801,1.4948623620449069,0.26011120205469784,1.0338362529837746,5650.454371694519,stop,15,A
2026-08-14 13:35:00+00:00,2026-08-14 14:45:00+00:00,GC=F,1.0,79.20268048450076,range,4448.8001953125,4437.0787109375,4437.1787109375,2.76909732459617,2.76909732459617,2.4626884265603586,0.47943922733231664,3.4492820850842687,-3259.638588934013,stop,15,A
2026-08-14 17:45:00+00:00,2026-08-14 19:50:00+00:00,GC=F,-1.0,-32.001663136764535,range,4434.6998046875,4435.121344866072,4435.021344866072,-6.077357152916699,6.077357152916699,0.7043231303250237,0.3860871397960259,-0.9252719300001054,-286.57180771339085,stop,26,A
2026-08-16 22:10:00+00:00,2026-08-16 23:20:00+00:00,GC=F,1.0,-0.24447867558540004,range,4433.8001953125,4433.464453125,4433.564453125,6.5606623340044585,6.5606623340044585,0.96,0.013695423153458973,-0.4068476044621718,-253.07242401725148,stop,15,A
2026-08-16 23:35:00+00:00,2026-08-17 00:10:00+00:00,GC=F,-1.0,-30.03149287610541,range,4426.6001953125,4433.8426409040185,4433.742640904018,-4.4307769623426925,4.4307769623426925,2.563327032136106,0.08297529824411774,0.6276915140523077,-3231.119992603922,stop,8,A
2026-08-17 00:30:00+00:00,2026-08-17 01:40:00+00:00,GC=F,1.0,57.28982132899233,range,4445.8998046875,4454.457233537946,4454.557233537947,3.366939161525223,3.366939161525223,2.1081866623607297,0.2399358409862876,0.9032362009321739,2864.3995360455574,stop,15,A
2026-08-17 05:15:00+00:00,2026-08-17 05:20:00+00:00,GC=F,-1.0,14.297851973223295,range,4444.1998046875,4451.699846540178,4451.599846540178,-4.582990129148357,4.582990129148357,1.4927216585796208,0.0686197075225581,-0.15670883359526905,-3460.176728548394,stop,2,A
2026-08-17 06:55:00+00:00,2026-08-17 08:00:00+00:00,GC=F,1.0,22.291704937088465,range,4458.3998046875,4456.57156110491,4456.67156110491,4.372535972017449,4.372535972017449,1.2891156462585034,0.232814931464726,1.3098432187442601,-821.2687629087459,stop,14,A
2026-08-17 08:50:00+00:00,2026-08-17 10:25:00+00:00,GC=F,-1.0,-24.214855526136557,range,4452.1001953125,4457.4283342633935,4457.328334263393,-5.0938418510846315,5.0938418510846315,0.7639584135541009,0.18487894952810832,-0.235212441748367,-2739.538926901146,stop,20,A
2026-08-17 10:30:00+00:00,2026-08-17 10:35:00+00:00,GC=F,1.0,-29.800625812138243,range,4461.70009765625,4452.885881696428,4452.985881696429,3.8636389626678485,3.8636389626678485,2.5087216870606612,0.053305570015616865,2.254615749575201,-3424.813015587016,stop,2,A
2026-08-17 12:30:00+00:00,2026-08-17 13:45:00+00:00,GC=F,-1.0,-36.17501855734381,range,4442.1998046875,4448.2642717633935,4448.164271763393,-3.8371673316034296,3.8371673316034296,2.0063860667634255,0.17826511548913043,1.3770043917178667,-2346.223331378461,stop,16,A
2026-08-17 13:55:00+00:00,2026-08-17 17:15:00+00:00,GC=F,1.0,64.9281257192653,range,4457.99990234375,4477.657080078125,4477.757080078125,2.551911096351481,2.551911096351481,2.9501338857171726,0.16550876406630946,3.6273622699882013,5003.57744284854,stop,41,A
2026-08-17 17:25:00+00:00,2026-08-17 19:15:00+00:00,GC=F,-1.0,-37.457155943743224,range,4474.1001953125,4467.414453125,4467.314453125,-5.4011215144296,5.4011215144296,3.1545885817111072,0.22138561701704687,1.2163403268830397,3584.044989311047,stop,23,A
2026-08-17 22:30:00+00:00,2026-08-17 22:45:00+00:00,GC=F,-1.0,-13.660631068937272,range,4468.29990234375,4472.028599330357,4471.9285993303565,-6.477326284082478,6.477326284082478,1.3321829163071612,0.191287918992931,-0.5160422711977044,-2447.585331093437,stop,4,A
2026-08-17 23:30:00+00:00,2026-08-18 00:00:00+00:00,GC=F,1.0,0.40951611980780944,range,4476.3998046875,4476.6497907366065,4476.749790736607,5.983963397952511,5.983963397952511,0.6911764705882353,0.24614546752051683,-0.6396316909092176,119.67091979523639,stop,7,A
2026-08-18 00:40:00+00:00,2026-08-18 01:15:00+00:00,GC=F,1.0,12.19016254372271,range,4489.70009765625,4480.0,4480.1,3.508890120312878,3.508890120312878,0.8256272684235442,0.3568153683920957,-0.06546761274621317,-3421.2021338102645,stop,8,A
2026-08-18 01:45:00+00:00,2026-08-18 05:20:00+00:00,GC=F,-1.0,-69.22581190392648,range,4468.29990234375,4451.02170061384,4450.92170061384,-3.008448879059956,3.008448879059956,2.6571077427283902,0.2576304290254237,3.504066411860894,5183.016418256531,stop,44,A
2026-08-18 05:35:00+00:00,2026-08-18 05:40:00+00:00,GC=F,-1.0,-6.362754871422186,range,4442.50009765625,4449.457240513393,4449.357240513393,-4.921488734168134,4.921488734168134,1.0264680105170902,0.14212173210861007,-0.3293751486531976,-3448.557463013836,stop,2,A
2026-08-18 06:30:00+00:00,2026-08-18 08:00:00+00:00,GC=F,1.0,-2.984613918179237,range,4454.8001953125,4450.878515625,4450.978515625,3.949335433305663,3.949335433305663,0.8598237133920956,0.05282747692137606,-0.29377274333009745,-1568.5495319586978,stop,19,A
2026-08-18 10:45:00+00:00,2026-08-18 11:05:00+00:00,GC=F,1.0,32.99994513864253,range,4455.3998046875,4449.485630580357,4449.585630580357,5.774122335611227,5.774122335611227,1.0561667631731326,0.17204625703897194,-0.3181677371251761,-3443.7870925531315,stop,5,A
2026-08-18 13:40:00+00:00,2026-08-18 14:30:00+00:00,GC=F,1.0,37.78398243654359,range,4458.8998046875,4444.071219308035,4444.171219308036,2.2711767060526333,2.2711767060526333,2.2737717908082407,0.14120676554189063,2.3027716464846817,-3379.189653285627,stop,11,A
2026-08-18 15:00:00+00:00,2026-08-18 16:20:00+00:00,GC=F,-1.0,-24.69529991052876,range,4422.50009765625,4423.63564453125,4423.53564453125,-1.6158697058326001,1.6158697058326001,1.4889026391541793,0.14952418941250215,1.71553126929278,-191.56892801581824,stop,17,A
2026-08-18 18:05:00+00:00,2026-08-18 18:25:00+00:00,GC=F,-1.0,-11.446534011130842,range,4409.00009765625,4416.457240513393,4416.357240513393,-4.529780666722482,4.529780666722482,1.1575954508529651,0.28888808514101255,-0.6440892403894435,-3400.571057661232,stop,5,A
2026-08-18 19:45:00+00:00,2026-08-18 22:05:00+00:00,GC=F,-1.0,-63.52578728975609,range,4404.1998046875,4394.799637276786,4394.699637276785,-4.0852892469463775,4.0852892469463775,3.6482023656165827,0.2954479881039572,0.9335012737766099,3819.8138380138143,stop,17,A
2026-08-18 23:30:00+00:00,2026-08-19 00:00:00+00:00,GC=F,-1.0,-35.722652183110156,range,4382.79990234375,4389.528390066965,4389.428390066964,-5.029943233830988,5.029943233830988,2.6854403834631513,0.30532189897829387,1.211659565683965,-3409.5408458991906,stop,7,A
2026-08-19 00:15:00+00:00,2026-08-19 01:00:00+00:00,GC=F,1.0,8.9900798292275,range,4395.99990234375,4387.18581891741,4387.28581891741,3.6913156144500214,3.6913156144500214,1.0516589668206635,0.13278903283005386,-0.07003798977514883,-3272.012955943798,stop,10,A
2026-08-19 01:35:00+00:00,2026-08-19 04:05:00+00:00,GC=F,1.0,49.72286858327275,range,4404.49990234375,4407.471254185268,4407.571254185268,2.2456404654885938,2.2456404654885938,1.489485705284713,0.38700800706221505,0.8759174454480553,656.0305909241074,stop,31,A
2026-08-19 04:35:00+00:00,2026-08-19 05:00:00+00:00,GC=F,-1.0,-58.73944625551844,range,4403.1001953125,4404.164243861607,4404.064243861607,-6.449210092397362,6.449210092397362,2.3803786574870913,0.31009374096190817,0.2350797172505266,-718.4733146325441,stop,6,A
2026-08-19 05:10:00+00:00,2026-08-19 06:20:00+00:00,GC=F,-1.0,-56.70521651274854,range,4395.79990234375,4400.035895647322,4399.935895647322,-5.207451617250544,5.207451617250544,1.6407308560870457,0.41778315916927694,-0.1458750893866361,-2231.91027602125,stop,15,A
2026-08-19 07:10:00+00:00,2026-08-19 08:00:00+00:00,GC=F,1.0,-7.29256427768075,range,4406.70009765625,4404.907254464285,4405.007254464285,3.3948406425937594,3.3948406425937594,0.5073810825587752,0.16969813181394838,-0.49854525166982583,-625.615896601136,stop,11,A
2026-08-19 10:15:00+00:00,2026-08-19 11:40:00+00:00,GC=F,1.0,52.30845772599732,range,4418.49990234375,4420.900244140625,4421.000244140625,5.122695022021197,5.122695022021197,1.810558530986993,0.21512178229250836,0.5841748087781344,1204.008422289619,stop,18,A
2026-08-19 12:40:00+00:00,2026-08-19 16:35:00+00:00,GC=F,1.0,85.99455632138582,trend,4468.3001953125,4553.1998046875,4543.328648158482,2.128157225783213,2.128157225783213,5.323048232601509,0.6204024419911264,3.8039015462161268,18057.330929628773,time_stop,48,A
2026-08-19 18:25:00+00:00,2026-08-19 18:40:00+00:00,GC=F,-1.0,-66.62797583007956,range,4539.4,4546.628564453125,4546.528564453125,-3.2743704543230536,3.2743704543230536,4.283848498040923,0.27747367655349253,1.7303486150301863,-2383.2716395200914,stop,4,A
2026-08-19 19:10:00+00:00,2026-08-19 22:55:00+00:00,GC=F,1.0,-4.321887958195935,range,4563.70009765625,4574.849846540178,4574.949846540178,2.712425814862107,2.712425814862107,0.5379744376675343,0.16404998397949375,-0.7200457393069187,3010.7245411252384,stop,34,A
2026-08-19 23:35:00+00:00,2026-08-20 00:15:00+00:00,GC=F,-1.0,-19.705538549451166,range,4571.4,4578.242954799107,4578.1429547991065,-4.9979530357838255,4.9979530357838255,1.5297855440826051,0.2253844246031746,-0.4465359403377361,-3445.066436371875,stop,9,A
2026-08-20 00:45:00+00:00,2026-08-20 03:30:00+00:00,GC=F,-1.0,-14.411775505148407,range,4563.29990234375,4554.54287109375,4554.44287109375,-3.749054027591748,3.749054027591748,1.2177985948477752,0.31234060004870107,-0.2806681947860937,3264.3130576176973,stop,34,A
2026-08-20 03:55:00+00:00,2026-08-20 04:25:00+00:00,GC=F,1.0,0.8954229311255524,range,4557.70009765625,4549.600027901785,4549.700027901786,4.211793906083334,4.211793906083334,0.8854180692069477,0.13856713157315553,-0.3677927195495903,-3432.641412600994,stop,7,A
2026-08-20 05:15:00+00:00,2026-08-20 06:00:00+00:00,GC=F,-1.0,-14.290122323441967,range,4542.79990234375,4546.293010602679,4546.193010602678,-5.065129585692538,5.065129585692538,1.1622566150773839,0.1820291126528068,-0.32619966392894434,-1794.630246761371,stop,10,A
2026-08-20 08:20:00+00:00,2026-08-20 08:30:00+00:00,GC=F,1.0,4.074784703355547,range,4553.6,4545.714285714285,4545.814285714286,4.304253829800295,4.304253829800295,1.0014762326542663,0.059467877316159004,0.2837368332916756,-3415.7328606489873,stop,3,A
2026-08-20 09:40:00+00:00,2026-08-20 10:25:00+00:00,GC=F,-1.0,0.03961972163698391,range,4542.6998046875,4548.5860491071435,4548.486049107143,-4.281074202708197,4.281074202708197,1.0396761133603238,0.05391529135799514,0.12950529735838068,-2541.350284590775,stop,10,A
2026-08-20 11:45:00+00:00,2026-08-20 12:45:00+00:00,GC=F,-1.0,-74.90869540396747,range,4530.6998046875,4525.37130998884,4525.27130998884,-3.469097688850385,3.469097688850385,3.9676300578034684,0.2547599302723103,5.3455079340040825,1831.1613759729012,stop,13,A
2026-08-20 13:45:00+00:00,2026-08-20 15:40:00+00:00,GC=F,1.0,18.514410990484297,range,4541.8001953125,4566.878655133928,4566.978655133928,2.233010951223012,2.233010951223012,1.1957321116402435,0.10191218167021734,1.1637366518691203,5588.882487349325,stop,24,A
2026-08-20 18:55:00+00:00,2026-08-20 20:25:00+00:00,GC=F,1.0,0.09532084079906022,range,4581.20009765625,4576.9500837053565,4577.050083705357,3.9026494495652106,3.9026494495652106,0.5472376593658058,0.23694015216879755,-0.7165051192878934,-1678.1447078578587,stop,19,A
2026-08-20 23:15:00+00:00,2026-08-20 23:25:00+00:00,GC=F,1.0,5.138661067785961,range,4587.6,4581.056989397322,4581.156989397322,5.200078217851399,5.200078217851399,0.8435490784397771,0.28570995329653665,-0.5867961931948343,-3428.417082505338,stop,3,A
2026-08-21 00:40:00+00:00,2026-08-21 01:10:00+00:00,GC=F,-1.0,-14.2454881143134,range,4569.6001953125,4577.671595982143,4577.571595982143,-4.187992283667567,4.187992283667567,1.00119189511323,0.18906894749135236,0.10976697611202778,-3401.236333703951,stop,7,A
2026-08-21 01:35:00+00:00,2026-08-21 01:40:00+00:00,GC=F,1.0,37.51511893978173,range,4594.20009765625,4581.071428571428,4581.171428571429,2.5532248156921438,2.5532248156921438,3.835238300625404,0.08389316729477306,4.430576618159646,-3364.8104945162204,stop,2,A
2026-08-21 04:25:00+00:00,2026-08-21 05:00:00+00:00,GC=F,1.0,63.461308995156095,range,4599.6,4593.907045200893,4594.007045200893,3.8672541100639206,3.8672541100639206,1.9781591263650546,0.31338715878508266,0.974789581680042,-2220.9465550760224,stop,8,A
2026-08-21 06:00:00+00:00,2026-08-21 09:25:00+00:00,GC=F,1.0,27.171207522942243,range,4609.99990234375,4641.5640973772315,4641.664097377232,3.01024228935596,3.01024228935596,1.7773475314617617,0.18468087872091513,1.179724397796805,9486.536260479656,stop,42,A
2026-08-21 11:25:00+00:00,2026-08-21 12:15:00+00:00,GC=F,1.0,2.090838446688606,range,4654.99990234375,4645.721498325893,4645.821498325893,3.479404117240707,3.479404117240707,0.7938772862887534,0.2771143066049232,-0.5602448018407681,-3245.7287347018528,stop,11,A
2026-08-21 12:35:00+00:00,2026-08-21 13:10:00+00:00,GC=F,-1.0,-76.37636080371391,range,4634.9,4641.964432198661,4641.86443219866,-2.412150566759303,2.412150566759303,2.4518394942488366,0.435425219941349,2.4144124208807085,-1716.108166017089,stop,8,A
2026-08-21 14:25:00+00:00,2026-08-21 14:40:00+00:00,GC=F,1.0,45.03561946961122,range,4654.1,4636.771414620535,4636.871414620536,1.928654237815097,1.928654237815097,1.1919143304054867,0.15571162365515787,1.0785137545450951,-3351.7282339336734,stop,4,A
2026-08-21 15:30:00+00:00,2026-08-21 17:20:00+00:00,GC=F,1.0,6.660328380649808,range,4660.3998046875,4674.7855329241065,4674.885532924107,2.078678798641821,2.078678798641821,0.6468779632769173,0.33333000494266013,-0.3492109093877819,2979.937434852412,stop,23,A
2026-08-21 19:35:00+00:00,2026-08-21 20:55:00+00:00,GC=F,-1.0,-0.47097587956177733,range,4674.29990234375,4671.278362165179,4671.178362165178,-5.109995619337719,5.109995619337719,0.7520344214760079,0.1463484350435901,-0.9367111538991036,1518.4557295182958,stop,17,A
2026-08-24 00:00:00+00:00,2026-08-24 00:20:00+00:00,GC=F,1.0,63.132413352411575,range,4681.70009765625,4681.614215959821,4681.714215959822,3.539145675904461,3.539145675904461,2.2510294341924664,0.27763412246127583,1.588184367552075,-48.090511835185225,stop,5,A
2026-08-24 00:30:00+00:00,2026-08-24 00:55:00+00:00,GC=F,-1.0,-6.990816507025437,range,4661.50009765625,4678.9716796875,4678.8716796875,-1.9149916368279296,1.9149916368279296,1.1214366663760789,0.12591267764505032,0.4562264154469701,-3355.3683053838977,stop,6,A
2026-08-24 02:10:00+00:00,2026-08-24 02:45:00+00:00,GC=F,1.0,67.29142668066322,range,4699.70009765625,4689.357240513393,4689.457240513393,1.8758571098697838,1.8758571098697838,2.2416463349952265,0.12022960336577661,2.9483583082038614,-1949.5514963290416,stop,8,A
2026-08-24 05:35:00+00:00,2026-08-24 05:50:00+00:00,GC=F,-1.0,-24.385196261452318,range,4688.79990234375,4698.699846540178,4698.599846540178,-3.3756071924684927,3.3756071924684927,1.7481626653601177,0.2720646973817666,-0.1131691423718076,-3358.710319412521,stop,4,A
2026-08-24 06:10:00+00:00,2026-08-24 06:25:00+00:00,GC=F,1.0,45.51704957806296,range,4705.6,4697.378829520089,4697.47882952009,2.740418689258442,2.740418689258442,1.4578026592022395,0.24679985003481333,-0.07761918040998049,-2266.6470165190967,stop,4,A
2026-08-24 08:30:00+00:00,2026-08-24 08:40:00+00:00,GC=F,-1.0,-30.174794147759556,range,4684.9,4698.785714285715,4698.685714285714,-2.3853587798909404,2.3853587798909404,1.5678391959798994,0.21989441795661677,1.3291769777928037,-3324.1678425481978,stop,3,A
2026-08-24 10:00:00+00:00,2026-08-24 11:35:00+00:00,GC=F,1.0,32.64541912162463,range,4702.49990234375,4709.00009765625,4709.10009765625,3.408197661852046,3.408197661852046,1.093296200517207,0.14600213097035805,0.2775467045237988,2198.354058254905,stop,20,A
2026-08-24 11:40:00+00:00,2026-08-24 12:30:00+00:00,GC=F,1.0,43.89373607616416,range,4718.6,4704.25732421875,4704.35732421875,2.3060604362899912,2.3060604362899912,3.1410213053770715,0.3203660658158268,2.4600178200157936,-3319.03801914906,stop,11,A
2026-08-24 13:10:00+00:00,2026-08-24 13:45:00+00:00,GC=F,1.0,50.119935828996894,range,4731.3001953125,4714.257184709822,4714.357184709822,1.931669970754898,1.931669970754898,1.4265074671557436,0.2915321362110922,1.152668299681093,-3301.805529098973,stop,8,A
2026-08-24 15:50:00+00:00,2026-08-24 19:15:00+00:00,GC=F,-1.0,-12.259629848158365,range,4703.4,4698.65712890625,4698.55712890625,-1.8945084328635466,1.8945084328635466,1.2444066664642845,0.1434390196653073,0.5374184657503998,889.0683861449581,stop,42,A
2026-08-24 19:50:00+00:00,2026-08-24 23:25:00+00:00,GC=F,1.0,9.624846046698378,range,4711.3001953125,4726.09988141741,4726.19988141741,3.85338758929955,3.85338758929955,1.2380556709597008,0.22564602750282975,-0.25920783485107285,5683.625738272267,stop,32,A
2026-08-24 23:55:00+00:00,2026-08-25 01:00:00+00:00,GC=F,1.0,29.231003740263095,trend,4736.3998046875,4732.764327566964,4732.864327566965,4.179916714973971,4.179916714973971,1.1670190274841437,0.6355214821913432,-0.26540392522884404,-1540.4987418782791,stop,14,A
2026-08-25 01:25:00+00:00,2026-08-25 04:00:00+00:00,GC=F,-1.0,-1.0373755285772746,range,4723.29990234375,4688.3856096540185,4688.285609654018,-2.018669045634759,2.018669045634759,1.2920875949049382,0.0,1.215280692173608,7037.94684507105,stop,32,A
2026-08-25 05:20:00+00:00,2026-08-25 06:55:00+00:00,GC=F,1.0,39.177429136680885,range,4700.1,4695.507386997768,4695.607386997768,3.5037070494592415,3.5037070494592415,1.3961136023916294,0.18604805208323477,-0.36014620181731183,-1626.6355903833537,stop,20,A
2026-08-25 07:30:00+00:00,2026-08-25 08:20:00+00:00,GC=F,-1.0,2.7880479602700246,range,4691.00009765625,4691.592431640625,4691.492431640625,-3.4610278001063355,3.4610278001063355,0.8307506540551419,0.12618395159362183,-0.3286450434454451,-222.31357768774615,stop,11,A
2026-08-25 11:40:00+00:00,2026-08-25 12:00:00+00:00,GC=F,1.0,20.309335192753714,range,4700.6,4692.828543526785,4692.928543526786,4.297812739218615,4.297812739218615,1.3735770234986946,0.24276532576424914,0.24368515266483218,-3361.5155269827496,stop,5,A
2026-08-25 12:40:00+00:00,2026-08-25 12:45:00+00:00,GC=F,-1.0,4.107366896253289,range,4685.6001953125,4696.771693638393,4696.671693638393,-2.967333720194341,2.967333720194341,1.201332839689004,0.010832488651888414,0.3752313283019417,-3329.793037352807,stop,2,A
2026-08-25 13:15:00+00:00,2026-08-25 14:30:00+00:00,GC=F,-1.0,-27.329292740869306,range,4678.00009765625,4686.750006975447,4686.650006975447,-2.382053510077982,2.382053510077982,1.4716918479163208,0.2105288074610614,1.2704063158880017,-2096.185488216184,stop,16,A
2026-08-25 15:25:00+00:00,2026-08-25 16:20:00+00:00,GC=F,1.0,11.87989313377429,range,4696.49990234375,4697.742738560268,4697.842738560268,2.281836345294949,2.281836345294949,0.7445524098524713,0.3620385844048066,0.04069151419823725,272.1857032833497,stop,12,A
2026-08-25 18:50:00+00:00,2026-08-25 19:35:00+00:00,GC=F,1.0,-15.980238745766531,range,4708.20009765625,4714.850055803571,4714.950055803572,5.368761270877722,5.368761270877722,0.20672947510094214,0.1347025820403201,-1.1898181801759795,3543.359969074998,stop,10,A
2026-08-25 22:35:00+00:00,2026-08-25 23:15:00+00:00,GC=F,1.0,26.712662013767243,range,4726.49990234375,4723.343115234375,4723.443115234375,5.947709977380114,5.947709977380114,0.9486166007905138,0.3183043573943662,-0.5053686615590692,-1907.303968576795,stop,9,A
2026-08-25 23:55:00+00:00,2026-08-26 01:00:00+00:00,GC=F,-1.0,-9.12146962246386,range,4711.9,4702.521561104911,4702.42156110491,-5.844489067115901,5.844489067115901,1.183059476972923,0.11445127511250992,-0.42561745473901874,5451.995913560609,stop,14,A
2026-08-26 02:35:00+00:00,2026-08-26 03:00:00+00:00,GC=F,1.0,29.39315685796088,range,4720.6,4712.9,4713.0,2.981168019991498,2.981168019991498,1.3653751839136832,0.41740819760281694,1.4503648859288245,-2310.4052154936276,stop,6,A
2026-08-26 04:40:00+00:00,2026-08-26 05:05:00+00:00,GC=F,-1.0,-14.559833281927794,trend,4697.1001953125,4701.800090680804,4701.700090680803,-5.992566483803089,5.992566483803089,0.6608462055070518,0.7437062223733424,-0.9265668303600961,-2846.406378567109,stop,6,A
2026-08-26 05:45:00+00:00,2026-08-26 07:00:00+00:00,GC=F,-1.0,-52.79903051184522,range,4694.50009765625,4694.357114955357,4694.257114955357,-3.9176444403033064,3.9176444403033064,1.873846153846154,0.2558154624793174,0.1899146358658772,36.42731611954514,stop,16,A
2026-08-26 08:20:00+00:00,2026-08-26 09:45:00+00:00,GC=F,-1.0,-4.365049036193335,range,4680.6998046875,4681.299741908482,4681.199741908482,-3.839002709089644,3.839002709089644,0.9850234366068367,0.044248552415521565,0.4227656648239697,-249.5110752090436,stop,18,A
2026-08-26 10:30:00+00:00,2026-08-26 10:35:00+00:00,GC=F,-1.0,-6.667449725736073,range,4671.1001953125,4678.4716796875,4678.3716796875,-4.5014994680984755,4.5014994680984755,0.8744409294207484,0.19517618683451968,-0.17263619703558034,-3340.7807966565288,stop,2,A
2026-08-26 12:05:00+00:00,2026-08-26 12:30:00+00:00,GC=F,1.0,36.21933015900449,range,4683.3998046875,4675.585518973215,4675.685518973215,4.2279553709122455,4.2279553709122455,2.1429046194749084,0.09724238026124818,2.0700762326965685,-3324.9849024102623,stop,6,A
2026-08-26 18:05:00+00:00,2026-08-26 18:15:00+00:00,GC=F,1.0,8.765882443148305,range,4658.3998046875,4650.571149553572,4650.671149553572,4.205037058027163,4.205037058027163,1.1406872052428494,0.06876175127585281,-0.44418972759593817,-3313.0036805586587,stop,3,A
2026-08-26 20:20:00+00:00,2026-08-26 20:35:00+00:00,GC=F,-1.0,-18.748486845202454,range,4643.6998046875,4647.357114955357,4647.257114955357,-4.917249536378178,4.917249536378178,1.6987483815278377,0.14705882352941177,-0.1932828645931943,-1822.9769695832895,stop,4,A
2026-08-26 22:05:00+00:00,2026-08-27 00:15:00+00:00,GC=F,1.0,-6.477998300409427,range,4656.70009765625,4669.178634207589,4669.27863420759,4.939738651601634,4.939738651601634,0.6042988741044013,0.2547158946956261,-0.846486540449244,6139.3722385492665,stop,27,A
2026-08-27 00:45:00+00:00,2026-08-27 01:05:00+00:00,GC=F,-1.0,15.807166226175864,range,4660.4,4669.785784040178,4669.685784040178,-3.5036782905679273,3.5036782905679273,1.3928701788538753,0.0036443992978516756,1.2488342515300217,-3305.9951696061817,stop,5,A
2026-08-27 01:40:00+00:00,2026-08-27 02:35:00+00:00,GC=F,1.0,35.43681859911103,range,4683.1,4680.178703962053,4680.278703962053,2.151003136026323,2.151003136026323,2.2147255689424363,0.018649093154411305,3.1693640790614235,-639.1267095687205,stop,12,A
2026-08-27 04:25:00+00:00,2026-08-27 05:30:00+00:00,GC=F,-1.0,-34.844352714180566,range,4677.29990234375,4673.9212541852685,4673.821254185268,-5.531145013691073,5.531145013691073,1.0046326935804102,0.2504859155597273,-0.5193093985416681,1841.123566411501,stop,14,A
2026-08-27 05:35:00+00:00,2026-08-27 09:30:00+00:00,GC=F,-1.0,-32.979715650128576,trend,4665.00009765625,4647.1,4656.864362444197,-4.517375678544688,4.517375678544688,1.620219487861656,0.6231884057971014,0.10911936314905582,8063.559701198799,time_stop,48,A
2026-08-27 09:40:00+00:00,2026-08-27 10:15:00+00:00,GC=F,-1.0,-33.43836138755182,range,4637.6998046875,4636.271247209822,4636.171247209822,-3.47271509917921,3.47271509917921,1.6706883083065704,0.3291818724032309,0.7708434230992238,478.7337367817803,stop,8,A
2026-08-27 11:55:00+00:00,2026-08-27 12:10:00+00:00,GC=F,1.0,-2.3768606113018667,range,4653.3001953125,4646.328752790178,4646.428752790179,4.767520091369542,4.767520091369542,0.5202623403520884,0.3136204740066066,-0.4661576223018206,-3347.4868295566203,stop,4,A
2026-08-27 12:50:00+00:00,2026-08-27 13:25:00+00:00,GC=F,-1.0,-3.196266763154392,range,4636.6998046875,4645.771205357143,4645.671205357143,-3.638515260306995,3.638515260306995,0.953233021553477,0.07982684693186715,0.008389820833753232,-3318.835553187225,stop,8,A
2026-08-27 13:35:00+00:00,2026-08-27 14:30:00+00:00,GC=F,-1.0,-27.736878497207147,range,4628.29990234375,4639.349895368304,4639.249895368303,-2.4561559068625938,2.4561559068625938,1.5439490445859874,0.3707462091644384,1.0401366429732297,-2726.3313433392304,stop,12,A
2026-08-27 14:45:00+00:00,2026-08-27 17:55:00+00:00,GC=F,1.0,6.059929907653876,range,4648.99990234375,4660.2139997209815,4660.313999720982,1.8824099193363324,1.8824099193363324,0.9727289016305323,0.14881341645957769,0.5083991955216199,2101.5407643336657,stop,39,A
2026-08-27 18:30:00+00:00,2026-08-27 18:50:00+00:00,GC=F,-1.0,-0.6633824832527306,range,4655.1998046875,4662.799874441965,4662.699874441964,-4.333899869244472,4.333899869244472,0.646520874751491,0.1650966211391851,-0.888279906454807,-3315.463630858712,stop,5,A
2026-08-27 19:10:00+00:00,2026-08-27 19:15:00+00:00,GC=F,1.0,-1.3453950680948,range,4671.3001953125,4663.971540178572,4664.071540178572,4.480572042937519,4.480572042937519,0.8786917256529168,0.1244219929570334,-0.6917582549945207,-3306.05959075588,stop,2,A
2026-08-27 20:55:00+00:00,2026-08-27 22:00:00+00:00,GC=F,-1.0,7.578522273779599,range,4654.50009765625,4659.528669084822,4659.428669084821,-5.943023615042269,5.943023615042269,0.5501830090541322,0.24804304036308933,-1.0009907892742311,-3018.2069930681887,stop,2,A
2026-08-27 23:00:00+00:00,2026-08-27 23:05:00+00:00,GC=F,1.0,19.86880099366511,range,4664.1,4658.6572265625,4658.7572265625,5.911632094587714,5.911632094587714,1.8921161825726143,0.13944440121391333,-0.17785311105357546,-3247.125574142603,stop,2,A
2026-08-27 23:35:00+00:00,2026-08-28 01:05:00+00:00,GC=F,-1.0,-32.342855401164876,range,4652.1998046875,4650.0215959821435,4649.921595982143,-5.905560577641729,5.905560577641729,2.865573770491803,0.0942281719823684,1.3769405295994843,1256.8265431345258,stop,19,A
2026-08-28 01:40:00+00:00,2026-08-28 02:35:00+00:00,GC=F,-1.0,-24.465030789302084,range,4633.4,4641.771282087054,4641.671282087053,-2.690792673875158,2.690792673875158,1.5542553191489363,0.25689016136690596,1.7502701339096955,-2265.992414448146,stop,12,A
2026-08-28 05:40:00+00:00,2026-08-28 06:10:00+00:00,GC=F,-1.0,-63.453600707322266,range,4626.79990234375,4634.414034598215,4634.314034598215,-4.244930085569891,4.244930085569891,3.183673469387755,0.20728736833909842,2.1703114467587965,-3253.370558676678,stop,7,A
2026-08-28 06:45:00+00:00,2026-08-28 07:10:00+00:00,GC=F,1.0,71.68954628925056,range,4640.8998046875,4649.643408203125,4649.743408203125,3.358423725861279,3.358423725861279,3.373143023594524,0.3088022749822267,4.687442561262017,2919.6804310103585,stop,6,A
2026-08-28 10:55:00+00:00,2026-08-28 12:20:00+00:00,GC=F,-1.0,10.490799400249411,range,4651.1001953125,4653.564250837054,4653.464250837053,-5.11521869807123,5.11521869807123,0.679245283018868,0.08601430727833563,-0.7997432050552853,-1285.9943827188763,stop,18,A
2026-08-28 12:40:00+00:00,2026-08-28 12:55:00+00:00,GC=F,-1.0,-7.776618291367518,range,4641.6001953125,4650.957240513393,4650.857240513393,-3.4526677701807142,3.4526677701807142,0.9871987951807228,0.23847546357453886,0.4478774203196991,-3247.9401777758085,stop,4,A
2026-08-28 13:40:00+00:00,2026-08-28 13:55:00+00:00,GC=F,1.0,15.074989844569593,range,4658.6,4658.628271484375,4658.728271484375,2.850803288372587,2.850803288372587,1.0868731159221705,0.19678013961879362,0.9026481687763287,-6.194372379727611,stop,4,A
2026-08-28 14:05:00+00:00,2026-08-28 18:00:00+00:00,GC=F,-1.0,-74.09915763641638,range,4630.6001953125,4510.99990234375,4535.314453125,-1.196637047981681,1.196637047981681,6.507734303912648,0.23059262920854617,5.152405486555602,14305.830966346926,time_stop,48,A
2026-08-28 18:20:00+00:00,2026-08-28 19:35:00+00:00,GC=F,-1.0,2.324128350438446,range,4508.50009765625,4513.828445870536,4513.728445870535,-1.8560580589009659,1.8560580589009659,0.6842897420134398,0.1288252869948105,-0.7271934302225268,-998.2526546701246,stop,16,A
2026-08-30 22:10:00+00:00,2026-08-30 23:30:00+00:00,GC=F,1.0,3.976220567978091,range,4506.3998046875,4500.64285016741,4500.74285016741,2.2484431951555046,2.2484431951555046,1.2679159996233167,0.014605897511482176,-0.5998776013005545,-1305.6607375274762,stop,17,A
2026-08-30 23:40:00+00:00,2026-08-30 23:55:00+00:00,GC=F,-1.0,-36.14169699486013,range,4499.4,4500.814460100447,4500.714460100447,-3.245307488533345,3.245307488533345,1.3500517657885656,0.08416187218849148,-0.35484741052023167,-475.26233306398694,stop,4,A
2026-08-31 00:40:00+00:00,2026-08-31 01:00:00+00:00,GC=F,1.0,1.3278982697197093,range,4519.6,4504.05712890625,4504.15712890625,2.0884095736228687,2.0884095736228687,1.1884424554917794,0.07929747577409953,0.01770972101083594,-3256.4301272455555,stop,5,A
2026-08-31 02:05:00+00:00,2026-08-31 03:00:00+00:00,GC=F,-1.0,-10.791953096335368,range,4476.29990234375,4475.6358537946435,4475.535853794643,-1.2186312809682742,1.2186312809682742,1.1172436139763462,0.19802896675601925,0.6140889632096002,74.82987699739459,stop,12,A
2026-08-31 05:30:00+00:00,2026-08-31 06:05:00+00:00,GC=F,1.0,27.275383165475958,range,4490.3998046875,4479.4140625,4479.5140625,2.9524568260084636,2.9524568260084636,2.7004655975168133,0.1500003814668162,0.45894607775634594,-3258.2552351555023,stop,8,A
2026-08-31 07:25:00+00:00,2026-08-31 08:30:00+00:00,GC=F,1.0,23.43714263712484,range,4495.49990234375,4485.971330915178,4486.071330915179,3.3966593069841764,3.3966593069841764,1.9000919399325773,0.0640277488313931,0.9674988457715679,-3253.5143790471543,stop,14,A
2026-08-31 08:55:00+00:00,2026-08-31 09:10:00+00:00,GC=F,-1.0,16.139182577993523,range,4484.29990234375,4492.285853794643,4492.185853794643,-4.046660962836958,4.046660962836958,0.3549209586945436,0.07062603234530702,-1.2423929726108347,-3251.877103558366,stop,4,A
2026-08-31 10:10:00+00:00,2026-08-31 11:45:00+00:00,GC=F,1.0,15.972607819923613,range,4498.99990234375,4504.342696707589,4504.44269670759,3.9818271546777284,3.9818271546777284,1.1906103286384977,0.25645281846685497,-0.11867802240035147,2107.4992322059175,stop,20,A
2026-08-31 12:35:00+00:00,2026-08-31 15:10:00+00:00,GC=F,-1.0,-69.08865491246651,range,4497.4,4487.7357421875,4487.6357421875,-3.018956040323471,3.018956040323471,2.383464005702067,0.14285714285714285,3.3545117430100237,2902.5021696271792,stop,32,A
2026-08-31 16:30:00+00:00,2026-08-31 17:25:00+00:00,GC=F,1.0,-0.05505366244137644,range,4488.70009765625,4478.499679129464,4478.599679129465,3.1128223608474515,3.1128223608474515,0.9086334908265326,0.16432075558204576,-0.48320663460580876,-3190.7731998224613,stop,12,A
2026-08-31 18:35:00+00:00,2026-08-31 18:50:00+00:00,GC=F,-1.0,2.3593730995442206,range,4476.9,4483.728655133928,4483.628655133928,-4.7352150683042655,4.7352150683042655,0.7044261065266317,0.105719386547934,-0.737181859150026,-3257.1911439848172,stop,4,A
2026-08-31 19:30:00+00:00,2026-08-31 20:50:00+00:00,GC=F,1.0,5.382807611798002,range,4489.8998046875,4496.3358258928565,4496.435825892857,4.820619692951896,4.820619692951896,1.0963040083289952,0.1736186377928252,-0.4562447985665412,3078.4579582148285,stop,17,A
2026-08-31 22:55:00+00:00,2026-08-31 23:30:00+00:00,GC=F,-1.0,6.6417304006936195,range,4494.79990234375,4496.121170479911,4496.02117047991,-5.9463363900452375,5.9463363900452375,0.45433410826967785,0.20899927779696675,-0.7186544871463181,-815.402161856397,stop,8,A
2026-09-01 01:25:00+00:00,2026-09-01 02:55:00+00:00,GC=F,-1.0,0.5687763510715437,range,4489.1001953125,4492.58566545759,4492.48566545759,-3.1827500475508086,3.1827500475508086,0.7715187021180712,0.0686035651926747,-0.13499193083654623,-1125.2517772400945,stop,19,A
2026-09-01 04:45:00+00:00,2026-09-01 05:30:00+00:00,GC=F,-1.0,-41.0520605431296,range,4475.79990234375,4482.399972098215,4482.299972098214,-4.890324539732717,4.890324539732717,2.4392793288405996,0.1757499235526796,2.3756401738293733,-3252.0999311194705,stop,10,A
2026-09-01 05:50:00+00:00,2026-09-01 06:00:00+00:00,GC=F,1.0,-1.318653927803624,range,4493.99990234375,4484.12841796875,4484.22841796875,3.2414345576479446,3.2414345576479446,0.92003046458492,0.011928727103332391,-0.16585790303330286,-3215.9842316290296,stop,3,A
2026-09-01 07:40:00+00:00,2026-09-01 08:05:00+00:00,GC=F,-1.0,-37.77215514543201,range,4461.4,4466.314111328125,4466.214111328125,-2.82877333603519,2.82877333603519,1.7524722804914594,0.36390346274921304,1.4738414004852012,-1404.2345762112288,stop,6,A
2026-09-01 08:10:00+00:00,2026-09-01 10:15:00+00:00,GC=F,-1.0,-44.86341623244748,range,4444.9,4430.7142229352685,4430.614222935268,-1.7904471316872341,1.7904471316872341,4.4022082997332665,0.27835051546391754,4.916319838701882,2530.9361499718084,stop,26,A
2026-09-01 12:35:00+00:00,2026-09-01 12:45:00+00:00,GC=F,-1.0,-74.13996399690853,range,4407.1998046875,4418.5213518415185,4418.421351841518,-2.6302408896296536,2.6302408896296536,3.269277845777234,0.45642121429644594,2.8961252859486026,-2990.9908302852086,stop,3,A
2026-09-01 13:05:00+00:00,2026-09-01 13:30:00+00:00,GC=F,-1.0,-83.38160914648805,trend,4387.6998046875,4400.342954799107,4400.242954799107,-1.8779385805292832,1.8779385805292832,3.088471849865952,0.5990523962327537,2.886116587134437,-2383.695630303751,stop,6,A
2026-09-01 16:30:00+00:00,2026-09-01 20:25:00+00:00,GC=F,-1.0,-59.71890715791154,range,4400.9,4372.99990234375,4382.621791294643,-3.0329202413030547,3.0329202413030547,2.106090373280943,0.33717011531452934,0.4330879935909237,8446.712490390519,time_stop,48,A
2026-09-01 23:40:00+00:00,2026-09-01 23:50:00+00:00,GC=F,1.0,11.440091925081209,range,4381.1,4375.2001953125,4375.3001953125,5.467084644936086,5.467084644936086,1.2598870056497176,0.22522324374257688,-0.6051934825428668,-3252.808584740198,stop,3,A
2026-09-02 00:55:00+00:00,2026-09-02 02:35:00+00:00,GC=F,-1.0,-16.936495087315507,range,4361.00009765625,4358.728557477679,4358.628557477678,-1.8694886045822614,1.8694886045822614,1.4709338009644892,0.18591824383802816,0.830387635937818,415.314404845981,stop,21,A
2026-09-02 03:35:00+00:00,2026-09-02 03:45:00+00:00,GC=F,-1.0,-10.37135610463439,range,4331.50009765625,4344.199986049107,4344.0999860491065,-2.508650066478543,2.508650066478543,1.1376037959667853,0.1897545503120701,0.48722043726248787,-3198.5008364335336,stop,3,A
2026-09-02 05:15:00+00:00,2026-09-02 08:50:00+00:00,GC=F,1.0,40.65510608023799,range,4356.70009765625,4365.07822265625,4365.17822265625,4.824377360205814,4.824377360205814,1.2006375066406942,0.22580306437640552,-0.17565142853454538,4017.8017702960533,stop,44,A
2026-09-02 08:55:00+00:00,2026-09-02 11:00:00+00:00,GC=F,-1.0,-15.27170222688687,range,4361.00009765625,4359.078794642857,4358.978794642857,-3.1323842069458685,3.1323842069458685,1.2263874345549737,0.18315360972049466,0.2679513347315154,586.1640005560531,stop,26,A
2026-09-02 11:15:00+00:00,2026-09-02 15:05:00+00:00,GC=F,1.0,31.36756480663063,range,4369.99990234375,4422.571351841518,4422.671351841518,3.2927360276105575,3.2927360276105575,1.9054177215189874,0.10781237096374598,1.863919325229087,17293.926898362708,stop,47,A
2026-09-02 17:45:00+00:00,2026-09-02 22:40:00+00:00,GC=F,1.0,20.674497905890046,range,4422.99990234375,4431.800006975446,4431.900006975447,3.9691503102563144,3.9691503102563144,1.9337579617834393,0.1529898334730168,-0.1838151713954205,3473.0480513670723,stop,48,A
2026-09-02 22:50:00+00:00,2026-09-02 23:45:00+00:00,GC=F,-1.0,16.064840897568022,range,4429.1998046875,4432.307275390625,4432.207275390625,-6.266984659620318,6.266984659620318,0.18457362587649853,0.1467662106087623,-1.0656342766039506,-1978.7820459689515,stop,12,A
2026-09-03 01:00:00+00:00,2026-09-03 04:55:00+00:00,GC=F,1.0,43.82268080680254,range,4440.8998046875,4482.9,4473.67822265625,3.18152683509166,3.18152683509166,4.52101110932217,0.19111535498432058,4.591377674760074,13346.567212405283,time_stop,48,A
2026-09-03 06:25:00+00:00,2026-09-03 08:00:00+00:00,GC=F,-1.0,-15.809149454384386,range,4465.1001953125,4478.842982700893,4478.742982700893,-2.4029267478744742,2.4029267478744742,1.0392931002068058,0.26629446424674474,0.40882807354611045,-3314.3057743316413,stop,20,A
2026-09-03 08:05:00+00:00,2026-09-03 09:35:00+00:00,GC=F,1.0,36.3648797042147,range,4483.3001953125,4477.2786969866065,4477.378696986607,2.5351253522162573,2.5351253522162573,2.891816663573947,0.05474031434773822,3.689006640122377,-1539.200933191205,stop,19,A
2026-09-03 10:10:00+00:00,2026-09-03 11:00:00+00:00,GC=F,-1.0,-16.93964904204884,range,4471.1998046875,4475.285616629465,4475.185616629465,-3.823927556344093,3.823927556344093,0.6544372830937035,0.12860115086877472,-0.746551982319736,-1581.5045252738482,stop,11,A
2026-09-03 11:45:00+00:00,2026-09-03 12:30:00+00:00,GC=F,1.0,10.703381057790029,range,4484.8998046875,4498.2786969866065,4498.378696986607,3.9429502331032618,3.9429502331032618,1.0275363644680267,0.2383386121508782,-0.29428632590679643,5255.515899776889,stop,10,A
2026-09-03 12:35:00+00:00,2026-09-03 13:45:00+00:00,GC=F,1.0,88.41391512544676,trend,4513.8998046875,4515.871644810268,4515.971644810268,1.9809066754078355,1.9809066754078355,4.429822061158842,0.6692199216007853,3.814139032247475,380.69859282565443,stop,15,A
2026-09-03 15:05:00+00:00,2026-09-03 16:05:00+00:00,GC=F,1.0,24.42058380807292,range,4545.6,4535.55691266741,4535.65691266741,1.695874960732326,1.695874960732326,1.7944924694768736,0.09040868817088057,1.4545260696407234,-1711.6614083824688,stop,13,A
2026-09-03 18:30:00+00:00,2026-09-03 22:00:00+00:00,GC=F,-1.0,-55.28780913127995,range,4527.29990234375,4523.414208984375,4523.314208984375,-4.426738960813959,4.426738960813959,1.9072735006380264,0.3075011040312914,0.013237340426628866,1697.961323567747,stop,32,A
2026-09-04 00:00:00+00:00,2026-09-04 00:25:00+00:00,GC=F,1.0,29.468243257068508,range,4527.1,4521.271275111607,4521.371275111607,5.717534351950236,5.717534351950236,0.9402908468776733,0.14470089495996233,-0.29273968257667954,-3361.1811495054544,stop,6,A
2026-09-04 01:00:00+00:00,2026-09-04 01:05:00+00:00,GC=F,1.0,35.6923397966183,range,4532.70009765625,4523.285714285715,4523.385714285715,3.5038862696230924,3.5038862696230924,3.2553938785750125,0.017985737871921873,2.8418972035433865,-3316.2122942469123,stop,2,A
2026-09-04 01:30:00+00:00,2026-09-04 02:00:00+00:00,GC=F,-1.0,-15.075100413014507,range,4517.1998046875,4528.656947544643,4528.556947544643,-2.863437836504273,2.863437836504273,1.2535364526659414,0.10286791769249137,0.5381302695190294,-3294.998824720453,stop,7,A
2026-09-04 05:40:00+00:00,2026-09-04 05:50:00+00:00,GC=F,1.0,31.829747954543954,range,4522.8001953125,4514.614467075893,4514.7144670758935,4.007696853593416,4.007696853593416,2.557241379310345,0.03721115085448248,1.6733354356370032,-3300.6302140901316,stop,3,A
2026-09-04 06:35:00+00:00,2026-09-04 07:25:00+00:00,GC=F,-1.0,-25.67708324403234,range,4511.1001953125,4518.164069475447,4518.064069475447,-3.3435471477299332,3.3435471477299332,1.6051546391752578,0.1572789760606779,1.3065167275227494,-2378.557366683206,stop,11,A
2026-09-04 07:45:00+00:00,2026-09-04 08:35:00+00:00,GC=F,1.0,74.15143731357404,range,4532.8001953125,4524.371609933035,4524.471609933035,3.624614207795914,3.624614207795914,2.2725720959482527,0.34496006661872136,2.866248992441855,-3073.160102842101,stop,11,A
2026-09-04 09:20:00+00:00,2026-09-04 10:30:00+00:00,GC=F,-1.0,-38.53504185884692,range,4513.1001953125,4520.385881696428,4520.285881696428,-4.467049315668327,4.467049315668327,1.2592047128129602,0.09906357811729916,0.7581126782883724,-3276.8872841286634,stop,15,A
2026-09-04 12:35:00+00:00,2026-09-04 13:30:00+00:00,GC=F,-1.0,-58.58366898170298,trend,4441.6998046875,4466.871163504465,4466.771163504464,-1.2757236104550145,1.2757236104550145,3.942035485046388,0.7105480490068368,1.7881276486295963,-3217.5482930560056,stop,12,A
2026-09-04 15:15:00+00:00,2026-09-04 17:00:00+00:00,GC=F,1.0,28.206204089574026,range,4490.3998046875,4480.8429059709815,4480.942905970982,1.5568691911171089,1.5568691911171089,0.680621585184134,0.32895597419751976,-0.18678408045262,-1495.6684633930686,stop,22,A
2026-09-04 17:30:00+00:00,2026-09-04 18:35:00+00:00,GC=F,-1.0,-40.351337009000446,range,4475.79990234375,4472.771282087054,4472.671282087053,-3.2002434674079163,3.2002434674079163,1.4773431081337294,0.20104713385604475,-0.4536085698235474,953.2310018379728,stop,14,A
2026-09-04 19:30:00+00:00,2026-09-04 20:25:00+00:00,GC=F,1.0,32.847959856496566,range,4482.8998046875,4476.650139508928,4476.750139508928,4.513569208148059,4.513569208148059,0.9196675900277008,0.2734701198792239,-0.6626315985245764,-2843.3974771646417,stop,12,A
2026-09-08 04:05:00+00:00,2026-09-08 04:20:00+00:00,GC=F,1.0,8.176422189758098,range,4487.20009765625,4481.62890625,4481.72890625,5.803673024417633,5.803673024417633,1.175074183976261,0.322286891221087,-0.2657169160515438,-3262.3556929543456,stop,4,A
2026-09-08 05:15:00+00:00,2026-09-08 09:10:00+00:00,GC=F,-1.0,-10.054462396102128,range,4472.50009765625,4441.99990234375,4445.607142857143,-4.712214161110594,4.712214161110594,1.401027749229188,0.0748878779079147,-0.2845451016741152,14348.784156014248,time_stop,48,A
2026-09-08 09:45:00+00:00,2026-09-08 10:10:00+00:00,GC=F,1.0,-6.804725252673895,range,4446.1,4439.1571149553565,4439.257114955357,3.9891419569015034,3.9891419569015034,0.4352991090369113,0.18840286693422023,-1.1760906819662778,-2789.56111313778,stop,6,A
2026-09-08 13:00:00+00:00,2026-09-08 13:35:00+00:00,GC=F,1.0,35.88626897340331,range,4456.3998046875,4441.514090401785,4441.614090401786,2.1671862254288095,2.1671862254288095,2.278637770897833,0.12351979216200229,2.583488535561111,-3236.8474266941926,stop,8,A
2026-09-08 16:10:00+00:00,2026-09-08 16:20:00+00:00,GC=F,-1.0,-30.528173043195345,range,4426.1001953125,4437.9716796875,4437.8716796875,-2.712496203197965,2.712496203197965,2.531390134529148,0.09773976039257437,2.641510577293786,-3233.698110367235,stop,3,A
2026-09-08 18:50:00+00:00,2026-09-08 18:50:00+00:00,GC=F,-1.0,-43.035199714038185,range,4407.79990234375,4418.942801339285,4418.842801339285,-2.881211469215771,2.881211469215771,3.000946870068385,0.23833038809425586,2.308974282881619,-3224.9108959711116,stop,1,A
2026-09-08 20:50:00+00:00,2026-09-08 23:25:00+00:00,GC=F,-1.0,-24.565517884864413,range,4392.4,4399.5428362165185,4399.442836216518,-2.9201291230274626,2.9201291230274626,1.3982375157364666,0.38946376563303065,0.15710995774633452,-2100.401051302334,stop,20,A
2026-09-09 00:00:00+00:00,2026-09-09 00:40:00+00:00,GC=F,-1.0,-23.139277733324953,range,4393.1998046875,4398.021421595982,4397.921421595982,-4.953415192479616,4.953415192479616,2.889908256880734,0.1989416366285758,0.06310950522032709,-2413.1141206418342,stop,9,A
2026-09-09 00:55:00+00:00,2026-09-09 04:00:00+00:00,GC=F,1.0,55.22847622662059,range,4403.49990234375,4420.071351841518,4420.171351841518,2.8828159580763186,2.8828159580763186,1.8814404432132965,0.2042982525223357,0.6352558912273911,4762.82982627158,stop,38,A
2026-09-09 05:10:00+00:00,2026-09-09 08:15:00+00:00,GC=F,1.0,63.12022610481872,range,4428.49990234375,4446.921065848214,4447.021065848215,5.285525009972803,5.285525009972803,3.3248182354097073,0.2361591572353904,1.79124855041801,9710.124416514374,stop,38,A
2026-09-09 09:15:00+00:00,2026-09-09 10:20:00+00:00,GC=F,-1.0,1.2126034113549102,range,4442.4,4439.271282087054,4439.171282087053,-5.217930183619012,5.217930183619012,0.8324933293803736,0.09783055795130366,-0.3711922440944492,1606.4535124808585,stop,14,A
2026-09-09 11:10:00+00:00,2026-09-09 12:05:00+00:00,GC=F,1.0,-11.780385447601589,range,4447.70009765625,4447.114250837053,4447.214250837053,4.450733290865404,4.450733290865404,0.5881383855024711,0.1063834699295856,-0.7711808925705353,-282.9984606092231,stop,12,A
2026-09-09 12:40:00+00:00,2026-09-09 12:55:00+00:00,GC=F,-1.0,13.53214573177322,range,4435.50009765625,4446.242885044643,4446.142885044643,-3.0160291172660547,3.0160291172660547,1.3027243811367721,0.013823156599938498,1.0245978032515923,-3255.13610198566,stop,4,A
2026-09-09 13:20:00+00:00,2026-09-09 13:40:00+00:00,GC=F,1.0,73.77370022947109,range,4461.70009765625,4460.985693359375,4461.085693359375,2.7370951875001404,2.7370951875001404,2.715531925876219,0.27568652405893584,4.45685806681065,-209.22473222829854,stop,5,A
2026-09-09 15:05:00+00:00,2026-09-09 16:25:00+00:00,GC=F,-1.0,-69.9693748485435,range,4439.50009765625,4441.814006696429,4441.714006696428,-1.525859782835599,1.525859782835599,2.666065795403335,0.13725576839515993,2.826278265267496,-360.6993734690893,stop,17,A
2026-09-09 17:10:00+00:00,2026-09-09 18:40:00+00:00,GC=F,1.0,4.224321345505764,range,4463.3001953125,4458.093010602678,4458.193010602678,3.1919213487668467,3.1919213487668467,0.7404319186191946,0.31679162410033535,-0.4310211395283003,-1678.0520109692388,stop,19,A
2026-09-09 19:00:00+00:00,2026-09-09 20:45:00+00:00,GC=F,-1.0,-40.63399321094948,range,4448.1001953125,4446.307066127232,4446.207066127232,-4.320073677559853,4.320073677559853,1.1698564593301435,0.29935830318360407,-0.2945636315132254,753.0446509860002,stop,22,A
2026-09-09 23:35:00+00:00,2026-09-10 00:40:00+00:00,GC=F,-1.0,7.605973498373438,range,4438.1001953125,4442.943052455357,4442.843052455357,-4.36586603212135,4.36586603212135,0.42542787286063566,0.2327863603618026,-1.0986007386776597,-2136.155880002436,stop,14,A
2026-09-10 01:05:00+00:00,2026-09-10 03:35:00+00:00,GC=F,1.0,60.961158840222346,range,4453.20009765625,4451.778383091518,4451.878383091518,2.969425192058607,2.969425192058607,1.7779013203613618,0.3555106640002436,1.520820980008882,-437.014630403658,stop,31,A
2026-09-10 03:45:00+00:00,2026-09-10 04:10:00+00:00,GC=F,-1.0,3.479003879044974,range,4450.9,4458.142996651785,4458.042996651785,-4.45788299670724,4.45788299670724,0.6734951592535429,0.07441180380167486,-0.5934693580550615,-3251.132576903825,stop,6,A
2026-09-10 04:45:00+00:00,2026-09-10 05:05:00+00:00,GC=F,-1.0,3.344322025370233,range,4449.50009765625,4455.028738839285,4454.928738839285,-5.844713733980437,5.844713733980437,0.71875,0.20279990894605054,-0.8902286428664133,-3260.5560739437565,stop,5,A
2026-09-10 05:15:00+00:00,2026-09-10 06:10:00+00:00,GC=F,1.0,26.355655319339274,range,4461.8998046875,4464.307087053571,4464.407087053572,4.649168390654713,4.649168390654713,2.0043668122270746,0.08625281704568737,0.2112597013495811,1095.940266418426,stop,12,A
2026-09-10 07:30:00+00:00,2026-09-10 10:00:00+00:00,GC=F,-1.0,-56.07566901754765,range,4452.00009765625,4442.157268415179,4442.057268415178,-3.1881260185159097,3.1881260185159097,1.564207650273224,0.28805148278378556,1.8224897860846745,3122.0773698341336,stop,31,A
2026-09-10 10:35:00+00:00,2026-09-10 12:30:00+00:00,GC=F,-1.0,-35.76043859609065,range,4427.1001953125,4406.299881417411,4406.19988141741,-3.000548666002422,3.000548666002422,2.7079352546387683,0.2504190520920214,2.1574087267006066,6226.232667704066,stop,24,A
2026-09-10 12:35:00+00:00,2026-09-10 12:50:00+00:00,GC=F,-1.0,-85.42021018569119,trend,4383.9,4394.149839564732,4394.049839564732,-1.6743640342414046,1.6743640342414046,4.825498899101807,0.5936212740916541,4.894684563213773,-1724.5680925644926,stop,4,A
2026-09-10 18:00:00+00:00,2026-09-10 22:00:00+00:00,GC=F,-1.0,-50.76744742904996,range,4394.29990234375,4363.90744280134,4363.80744280134,-3.1471212447921206,3.1471212447921206,1.7894066570188134,0.2684444921392928,0.27683386209447935,9549.139904516265,stop,37,A
2026-09-10 23:55:00+00:00,2026-09-11 00:00:00+00:00,GC=F,-1.0,-9.31592867148849,range,4352.9,4358.857212611607,4358.7572126116065,-5.506739319466036,5.506739319466036,1.3708321252536966,0.14815350670958874,-0.4812924658701278,-3308.015388872988,stop,2,A
2026-09-11 00:40:00+00:00,2026-09-11 01:20:00+00:00,GC=F,1.0,55.28689802417604,range,4365.49990234375,4362.9002790178565,4363.000279017857,3.0360286520119315,3.0360286520119315,2.3454306952339308,0.3005496557980682,0.12296050290222285,-804.4332334452859,stop,9,A
2026-09-11 03:25:00+00:00,2026-09-11 04:05:00+00:00,GC=F,-1.0,-10.795263983363276,range,4347.29990234375,4358.578306361607,4358.478306361607,-2.4195269119954017,2.4195269119954017,0.9721518987341772,0.24966263567912905,0.3390049272376068,-2740.9378391163327,stop,9,A
2026-09-11 04:30:00+00:00,2026-09-11 07:25:00+00:00,GC=F,1.0,-3.469198548129615,range,4369.3001953125,4388.421449497768,4388.521449497768,2.9919921687496602,2.9919921687496602,0.6982044198895028,0.11013279031749218,-0.36459976231852925,5706.104317055419,stop,36,A
2026-09-11 11:00:00+00:00,2026-09-11 12:25:00+00:00,GC=F,-1.0,-22.35211384380537,range,4379.1998046875,4379.399909319197,4379.299909319197,-3.7211417053629527,3.7211417053629527,1.6170315713076087,0.21027653554805148,0.8860109533720265,-93.06747757132098,stop,18,A
2026-09-11 12:55:00+00:00,2026-09-11 14:35:00+00:00,GC=F,1.0,61.86189265856111,range,4419.99990234375,4413.3429059709815,4413.442905970982,1.069112099152008,1.069112099152008,1.7196422182468694,0.439174927641862,1.2422278921856553,-717.0530971095799,stop,21,A
2026-09-11 15:10:00+00:00,2026-09-11 17:20:00+00:00,GC=F,-1.0,-7.1656334170976095,range,4404.50009765625,4411.0140276227685,4410.914027622768,-2.22190078071484,2.22190078071484,0.763253090435914,0.24701831160213067,-0.1865928774381522,-1458.440111716575,stop,27,A
2026-09-11 18:15:00+00:00,2026-09-11 20:55:00+00:00,GC=F,-1.0,-13.261017122759188,range,4388.9,4392.692633928572,4392.592633928572,-3.0274927422517055,3.0274927422517055,1.5320739049200747,0.12399315609370887,0.21250422149507875,-1163.3546329882756,stop,33,A
2026-09-13 22:15:00+00:00,2026-09-13 23:25:00+00:00,GC=F,-1.0,-3.381808418812856,range,4371.4,4379.371484375,4379.271484375,-2.5500351153746914,2.5500351153746914,1.1925227672152101,0.1657528152519389,-0.4432416875458804,-2045.5066833681262,stop,15,A
2026-09-14 01:20:00+00:00,2026-09-14 01:35:00+00:00,GC=F,-1.0,-25.793033236804487,range,4368.29990234375,4382.185546875,4382.085546875,-2.322871322633484,2.322871322633484,1.8209115281501342,0.03542988521141301,1.4510431018841454,-3237.0709044055616,stop,4,A
2026-09-14 02:00:00+00:00,2026-09-14 02:50:00+00:00,GC=F,1.0,15.22487204553456,range,4394.49990234375,4380.0069684709815,4380.106968470982,1.8598058653319924,1.8598058653319924,1.245816214049504,0.14393594884727218,1.0571447378575831,-2704.7033715710804,stop,11,A
2026-09-14 04:40:00+00:00,2026-09-14 04:55:00+00:00,GC=F,-1.0,-34.397902663608704,range,4366.4,4371.371484375,4371.271484375,-4.993267401305701,4.993267401305701,0.8305442729488222,0.4350212871605778,-0.4811106152934021,-2507.3614235857067,stop,4,A
2026-09-14 06:00:00+00:00,2026-09-14 06:40:00+00:00,GC=F,1.0,22.713024759765812,range,4377.99990234375,4366.214215959822,4366.314215959822,2.714993159478324,2.714993159478324,1.7344,0.0593719482421875,1.1094752190547772,-3213.3807570097447,stop,9,A
2026-09-14 07:00:00+00:00,2026-09-14 09:15:00+00:00,GC=F,-1.0,-24.269054367117718,range,4362.29990234375,4343.064146205357,4342.964146205357,-3.7192436943502156,3.7192436943502156,1.460947185717828,0.18010050251256282,1.1375277757052575,7135.650253905684,stop,28,A
2026-09-14 09:20:00+00:00,2026-09-14 10:40:00+00:00,GC=F,-1.0,-52.75851036746966,range,4332.29990234375,4333.59982561384,4333.49982561384,-2.7502663084990235,2.7502663084990235,2.930100892792335,0.4878817471590909,3.0354649524030086,-371.2648488788467,stop,17,A
2026-09-14 11:25:00+00:00,2026-09-14 11:50:00+00:00,GC=F,1.0,-10.3770032067038,range,4336.8001953125,4329.785993303572,4329.885993303572,4.6065827578837695,4.6065827578837695,0.3160204828090709,0.16732645339506472,-0.774802647097474,-3254.1831172539323,stop,6,A
2026-09-14 12:40:00+00:00,2026-09-14 13:45:00+00:00,GC=F,-1.0,-35.386392086151595,range,4317.6998046875,4319.135714285715,4319.035714285715,-2.449386428246336,2.449386428246336,2.295152241064111,0.15620134924753504,1.4678818404841696,-363.9566803469777,stop,14,A
2026-09-14 15:35:00+00:00,2026-09-14 18:25:00+00:00,GC=F,1.0,53.01244916621293,range,4334.6,4347.892571149553,4347.992571149553,2.2683318036604208,2.2683318036604208,1.5072504378283713,0.28075154393863677,1.0369265891193717,3003.854530076636,stop,35,A
2026-09-14 19:10:00+00:00,2026-09-14 20:15:00+00:00,GC=F,-1.0,7.864943930936247,range,4344.1998046875,4333.635435267857,4333.535435267857,-5.169545841654074,5.169545841654074,0.4717152531175159,0.14745385521665139,-0.9049675520864479,5435.451471092707,stop,14,A
2026-09-15 00:05:00+00:00,2026-09-15 00:40:00+00:00,GC=F,-1.0,-11.389262376905867,trend,4326.6998046875,4333.414132254465,4333.314132254464,-4.840943278331811,4.840943278331811,0.6290729830467716,0.5408071748878924,-0.6363979831790768,-3274.5726067733985,stop,8,A
2026-09-15 01:15:00+00:00,2026-09-15 03:45:00+00:00,GC=F,1.0,67.13920778465412,range,4339.8001953125,4346.335616629464,4346.435616629465,3.2181308172862866,3.2181308172862866,2.3024046330101977,0.3256954710388389,1.7830036522691197,2087.0934203207094,stop,31,A
2026-09-15 04:05:00+00:00,2026-09-15 04:10:00+00:00,GC=F,-1.0,-9.250489502415714,range,4343.6998046875,4350.042898995535,4349.942898995535,-5.122143159569869,5.122143159569869,1.282442748091603,0.01848843971204556,0.3886160291113525,-3274.634427839006,stop,2,A
2026-09-15 05:20:00+00:00,2026-09-15 05:30:00+00:00,GC=F,-1.0,-29.059262601858293,range,4340.1998046875,4339.592745535715,4339.492745535715,-5.151210058461048,5.151210058461048,0.8645805942676834,0.41717093044155534,-0.47823981400855253,286.9528705830594,stop,3,A
2026-09-15 05:35:00+00:00,2026-09-15 09:30:00+00:00,GC=F,-1.0,-16.94643712705622,range,4333.4,4306.99990234375,4314.750383649553,-4.4534549265274315,4.4534549265274315,1.2073655072812612,0.4814859468012961,0.11910671421047746,11734.897222170224,time_stop,48,A
2026-09-15 10:55:00+00:00,2026-09-15 12:05:00+00:00,GC=F,1.0,19.754694531451538,range,4322.1,4317.278871372768,4317.378871372768,4.457364041226287,4.457364041226287,1.0927185271189253,0.4611410016354199,0.09676388170911848,-2171.239358321461,stop,15,A
2026-09-15 12:50:00+00:00,2026-09-15 14:30:00+00:00,GC=F,1.0,55.158001622139636,range,4330.3998046875,4322.107380022321,4322.207380022322,2.958730331453226,2.958730331453226,1.8013795149447454,0.19715524718126626,1.504332320138923,-2468.2984894729134,stop,21,A
2026-09-15 14:40:00+00:00,2026-09-15 15:40:00+00:00,GC=F,-1.0,-6.433299698389362,range,4317.6998046875,4328.485358537947,4328.385358537947,-2.48454505568632,2.48454505568632,0.9677874441570656,0.043849410529659995,0.8031158126266719,-2692.1421744751674,stop,13,A
2026-09-15 16:25:00+00:00,2026-09-15 19:15:00+00:00,GC=F,1.0,8.930925176927495,range,4336.70009765625,4339.7428083147315,4339.842808314732,3.6336147552545195,3.6336147552545195,1.028944234453477,0.22073102155576382,0.012176582823014533,1087.4357606864598,stop,35,A
2026-09-15 20:35:00+00:00,2026-09-15 22:25:00+00:00,GC=F,-1.0,6.036507875289156,range,4332.6001953125,4337.407024274554,4337.307024274553,-5.9068259901315585,5.9068259901315585,0.34277271607978327,0.3294173404759511,-1.1595624882945113,-2868.8443542685245,stop,11,A
2026-09-15 23:00:00+00:00,2026-09-16 01:10:00+00:00,GC=F,-1.0,-55.36075593062465,range,4329.00009765625,4325.5213518415185,4325.421351841518,-5.444055295667369,5.444055295667369,1.9370273614739446,0.30027844661761344,0.38702005345937407,1866.6281810184478,stop,27,A
2026-09-16 01:25:00+00:00,2026-09-16 01:55:00+00:00,GC=F,1.0,7.877989345895092,range,4330.6,4321.285784040178,4321.385784040179,3.4762099539642564,3.4762099539642564,1.054519368723099,0.13801990967345298,0.4044817935066209,-3255.198073060392,stop,7,A
2026-09-16 02:25:00+00:00,2026-09-16 02:25:00+00:00,GC=F,1.0,7.531668836468846,range,4335.6,4337.00009765625,4326.114299665179,3.3647085801125827,3.3647085801125827,0.10640789693826334,0.22883234797297297,-1.157262061724186,959.0076622961742,eod_flatten,1,A
