entry_time,exit_time,contract,signal,score,regime,entry_price,exit_price,stop,position,qty,volume_ratio,ER,volume_z,PnL,exit_reason,bars_held,entry_reason
2026-07-07 08:15:00+00:00,2026-07-07 08:35:00+00:00,GC=F,1.0,16.414863791525942,range,4148.70009765625,4139.885672433035,4139.985672433036,4.016329144320819,4.016329144320819,1.4770575382374362,0.24550221234625655,,-3560.2449371651146,stop,5,B
2026-07-07 08:55:00+00:00,2026-07-07 09:40:00+00:00,GC=F,-1.0,-12.560387688339569,range,4134.6998046875,4144.271205357143,4144.171205357143,-3.682178871281377,3.682178871281377,1.2387553458192007,0.08646530282588544,0.721123537626455,-3542.7718257893716,stop,10,B
2026-07-07 11:20:00+00:00,2026-07-07 13:55:00+00:00,GC=F,1.0,43.02449733199819,range,4152.1,4170.678669084821,4170.778669084822,5.015715669546245,5.015715669546245,1.1839432532645495,0.3109552524651259,0.3246141206345795,9293.453586457292,stop,32,B
2026-07-07 14:05:00+00:00,2026-07-07 17:00:00+00:00,GC=F,-1.0,-18.13338155200501,range,4165.50009765625,4156.9427385602685,4156.842738560268,-1.9167562048285323,1.9167562048285323,1.3597819249318517,0.16834054598405052,1.4177883267965081,1630.6533333926327,stop,36,B
2026-07-07 18:35:00+00:00,2026-07-07 18:45:00+00:00,GC=F,-1.0,19.89752646192082,range,4150.4,4153.3069963727685,4153.206996372768,-6.5065335701272895,6.5065335701272895,0.3635812755643084,0.11524986839477935,-1.016315980195631,-1923.9796166165115,stop,3,B
2026-07-07 18:50:00+00:00,2026-07-07 18:50:00+00:00,GC=F,-1.0,-69.35168699935775,range,4146.00009765625,4148.049951171875,4147.949951171875,-4.4388395378903,4.4388395378903,4.340838412737903,0.4666649973081594,2.383679988634011,-932.0912808937427,stop,1,B
2026-07-07 18:55:00+00:00,2026-07-07 19:30:00+00:00,GC=F,-1.0,-16.502643000568472,range,4137.9,4123.43576311384,4123.33576311384,-4.170736068157455,4.170736068157455,1.2196531791907514,0.47939240633770025,-0.1583232892683589,6011.797767607141,stop,8,B
2026-07-08 00:40:00+00:00,2026-07-08 00:55:00+00:00,GC=F,1.0,56.924561108637825,range,4133.49990234375,4122.828543526785,4122.928543526786,3.3339317306481866,3.3339317306481866,1.8518518518518519,0.3827619881465517,0.13028565332558859,-3574.4278355544448,stop,4,B
2026-07-08 03:05:00+00:00,2026-07-08 05:20:00+00:00,GC=F,1.0,9.254751820755832,range,4136.8001953125,4133.25009765625,4133.35009765625,2.9476656175026967,2.9476656175026967,0.8684103537064644,0.29946667188897375,-0.11772857541965806,-1061.1884080982309,stop,28,B
2026-07-08 08:20:00+00:00,2026-07-08 10:40:00+00:00,GC=F,-1.0,-54.7001552425016,trend,4098.6998046875,4068.421585518973,4068.3215855189733,-2.1372874213235824,2.1372874213235824,3.6556030233322376,0.5157404756603153,2.653611827813698,6460.639259790396,stop,29,B
2026-07-08 11:45:00+00:00,2026-07-08 13:25:00+00:00,GC=F,1.0,32.70119018343384,range,4074.6,4075.9996791294643,4076.099679129464,2.4814941195851596,2.4814941195851596,3.3300521134916043,0.13203125875929186,1.5350577087083603,334.92208230927304,stop,21,B
2026-07-08 14:15:00+00:00,2026-07-08 16:10:00+00:00,GC=F,-1.0,-54.27034398511278,range,4068.099951171875,4051.7572265625,4051.6572265625,-2.1649662083027694,2.1649662083027694,1.5747409965466208,0.20163525187226844,1.7727189008923692,3527.3198220480226,stop,24,B
2026-07-08 16:45:00+00:00,2026-07-08 20:00:00+00:00,GC=F,1.0,9.451604353902294,range,4066.49990234375,4089.200223214286,4089.300223214286,3.0036699766083963,3.0036699766083963,1.0599439775910364,0.2574162513141166,-0.17277930525614504,6803.408875937543,stop,40,B
2026-07-09 00:05:00+00:00,2026-07-09 00:20:00+00:00,GC=F,1.0,-6.84145040881621,range,4090.20009765625,4087.1715890066966,4087.2715890066966,5.768408087683587,5.768408087683587,2.966464388374321,0.0,0.735721466518622,-1775.80941920869,stop,4,B
2026-07-09 00:55:00+00:00,2026-07-09 02:10:00+00:00,GC=F,-1.0,-19.39581273978173,range,4079.700048828125,4086.7999860491072,4086.6999860491073,-3.148154634723241,3.148154634723241,1.7781868384721582,0.0482523845891357,0.7068349528037159,-2250.9108000215183,stop,16,B
2026-07-09 03:10:00+00:00,2026-07-09 04:30:00+00:00,GC=F,-1.0,-46.9299593477396,range,4069.099951171875,4073.4428955078124,4073.3428955078125,-3.8333193725213413,3.8333193725213413,1.4262970079604722,0.26701405606234263,1.000544156718522,-1683.9558625356422,stop,17,B
2026-07-09 05:15:00+00:00,2026-07-09 05:30:00+00:00,GC=F,1.0,16.849771047383314,range,4083.20009765625,4074.128592354911,4074.2285923549107,3.954909162307611,3.954909162307611,1.330130404941661,0.23076854286276405,0.20427785343110727,-3607.472489030357,stop,4,B
2026-07-09 06:05:00+00:00,2026-07-09 09:30:00+00:00,GC=F,1.0,28.769879375070698,range,4102.6,4116.242633928571,4116.342633928572,2.6871337064005187,2.6871337064005187,1.462726250127825,0.38678130923275555,1.0151966196478894,3652.5224788225987,stop,42,B
2026-07-09 10:50:00+00:00,2026-07-09 11:00:00+00:00,GC=F,-1.0,-66.77075030629331,range,4109.9,4113.056926618304,4112.956926618303,-5.6968734449631855,5.6968734449631855,2.7480038326413285,0.368716693072159,1.276259236590509,-1826.9455091762613,stop,3,B
2026-07-09 12:10:00+00:00,2026-07-09 12:20:00+00:00,GC=F,1.0,17.14091147116415,range,4125.6,4116.043108258928,4116.143108258929,3.7453238487392015,3.7453238487392015,1.2993300194510482,0.18535402630196984,0.7577774020546366,-3598.092075009234,stop,3,B
2026-07-09 12:40:00+00:00,2026-07-09 12:55:00+00:00,GC=F,1.0,22.85275438386786,range,4130.6,4118.21435546875,4118.31435546875,2.8727177365731085,2.8727177365731085,1.4261991353873602,0.1395691944526409,1.1937433251433007,-3572.40966106413,stop,4,B
2026-07-09 14:05:00+00:00,2026-07-09 14:15:00+00:00,GC=F,1.0,20.123964166121034,range,4141.3998046875,4125.928431919643,4126.0284319196435,2.2878994051563613,2.2878994051563613,1.3734046932894195,0.13269810414750277,1.4933665994383045,-3551.133952279074,stop,3,B
2026-07-09 16:35:00+00:00,2026-07-09 17:00:00+00:00,GC=F,1.0,-4.086747581512709,range,4144.49990234375,4136.614327566965,4136.714327566965,4.5011275247368685,4.5011275247368685,0.7071161048689139,0.21896699953706766,-0.8141829080214008,-3571.9034052397687,stop,6,B
2026-07-10 00:25:00+00:00,2026-07-10 00:40:00+00:00,GC=F,-1.0,-30.82973838838175,range,4128.00009765625,4131.5716796875,4131.4716796875,-6.924168489610465,6.924168489610465,2.5418181818181815,0.20618141548374105,1.3385131992809758,-2507.644418332575,stop,4,B
2026-07-10 01:40:00+00:00,2026-07-10 02:05:00+00:00,GC=F,-1.0,-39.85212117296616,range,4122.1001953125,4134.071637834822,4133.971637834821,-2.934022607983038,2.934022607983038,1.9585230146686898,0.21330084563566,1.961238879281847,-3527.118414106115,stop,6,B
2026-07-10 04:25:00+00:00,2026-07-10 06:00:00+00:00,GC=F,-1.0,-31.22662281789881,range,4123.00009765625,4126.350279017857,4126.250279017857,-4.532746116446483,4.532746116446483,1.9618138424821003,0.19496366055891085,1.1138399226780658,-1541.215886204061,stop,20,B
2026-07-10 07:45:00+00:00,2026-07-10 09:45:00+00:00,GC=F,-1.0,-42.75027067990664,range,4115.9,4113.300125558036,4113.200125558035,-4.83216891558702,4.83216891558702,1.3597733711048159,0.15716653134766603,0.8214686468530105,1232.142401710799,stop,25,B
2026-07-10 10:25:00+00:00,2026-07-10 10:55:00+00:00,GC=F,1.0,19.299924673027085,range,4120.3998046875,4114.256905691965,4114.356905691965,5.741749789139961,5.741749789139961,1.1557902678234628,0.15516830127260736,0.6359049575677244,-3555.807650178212,stop,7,B
2026-07-10 11:40:00+00:00,2026-07-10 11:40:00+00:00,GC=F,-1.0,23.380541525579915,range,4106.6998046875,4114.428362165178,4114.328362165178,-4.531965691654678,4.531965691654678,1.7769585253456222,0.06718026579692216,1.0636736877570134,-3525.2155619404293,stop,1,B
2026-07-10 12:15:00+00:00,2026-07-10 12:25:00+00:00,GC=F,1.0,25.902787008313105,range,4123.99990234375,4113.742745535715,4113.842745535715,3.3915965729438398,3.3915965729438398,1.8461538461538463,0.02424444197832279,1.228355701946752,-3495.7717706928606,stop,3,B
2026-07-10 13:30:00+00:00,2026-07-10 13:40:00+00:00,GC=F,-1.0,-33.98219696455597,range,4095.9,4108.3857421875,4108.2857421875,-2.771463000711911,2.771463000711911,1.9542573711766325,0.124508837721263,1.855444840148751,-3474.23456591194,stop,3,B
2026-07-10 20:00:00+00:00,2026-07-10 20:55:00+00:00,GC=F,1.0,47.86460814033072,range,4116.49990234375,4120.257317243303,4120.357317243303,6.367692725387187,6.367692725387187,1.5005069280162215,0.2965139385681031,-0.02604763613573858,2360.7678885873884,stop,12,B
2026-07-12 22:15:00+00:00,2026-07-12 23:50:00+00:00,GC=F,-1.0,-9.61033370187203,range,4089.29990234375,4089.5715924944197,4089.47159249442,-3.1333226262044853,3.1333226262044853,1.5034419458467185,0.22534901313527267,-0.10920241120984048,-100.79590277203602,stop,20,B
2026-07-13 00:35:00+00:00,2026-07-13 00:45:00+00:00,GC=F,-1.0,-23.178608744099698,range,4070.29990234375,4082.671456473214,4082.5714564732143,-2.7937885174944954,2.7937885174944954,1.5741176470588236,0.1629870677300241,1.2795413444867798,-3470.3195296333215,stop,3,B
2026-07-13 03:10:00+00:00,2026-07-13 05:00:00+00:00,GC=F,-1.0,-72.26116649260618,range,4069.00009765625,4068.1858154296874,4068.0858154296875,-3.401697371838181,3.401697371838181,2.2535433070866144,0.2819878262926603,2.3446085932481244,259.98568414409056,stop,23,B
2026-07-13 05:10:00+00:00,2026-07-13 05:20:00+00:00,GC=F,1.0,30.656608687980114,range,4078.400048828125,4069.314278738839,4069.414278738839,3.802875545954872,3.802875545954872,2.3843965867533523,0.22863133779231748,0.5600243451168475,-3474.2196666010504,stop,3,B
2026-07-13 08:00:00+00:00,2026-07-13 09:35:00+00:00,GC=F,1.0,10.94510420605638,range,4072.900048828125,4078.9501185825893,4079.050118582589,3.5574802017985725,3.5574802017985725,1.0128440366972478,0.269659120002926,0.12067144888344192,2134.5129360917526,stop,20,B
2026-07-13 10:45:00+00:00,2026-07-13 10:55:00+00:00,GC=F,-1.0,-41.562060993638376,range,4060.29990234375,4069.1998465401784,4069.0998465401785,-3.8778513632392144,3.8778513632392144,2.223709090909091,0.4587770144369487,1.0087519554774387,-3470.6553303034575,stop,3,B
2026-07-13 13:50:00+00:00,2026-07-13 14:15:00+00:00,GC=F,-1.0,-34.70401601966803,range,4058.4,4041.571662248884,4041.471662248884,-3.012922485149469,3.012922485149469,3.4638691600964355,0.10169605495238736,4.384138553209643,5055.183107376994,stop,6,B
2026-07-13 14:20:00+00:00,2026-07-13 15:40:00+00:00,GC=F,-1.0,-58.904587183217465,trend,4029.200048828125,4022.807275390625,4022.707275390625,-1.6920881500412848,1.6920881500412848,3.364485981308411,0.6076108636750335,3.5660088731419637,1073.2531771990682,stop,17,B
2026-07-13 16:35:00+00:00,2026-07-13 18:30:00+00:00,GC=F,-1.0,-37.52637165860141,range,4002.099951171875,4004.8498604910715,4004.7498604910716,-3.3129339385794077,3.3129339385794077,3.2153567163518955,0.2007049064064817,1.8965705915812878,-927.5914608510436,stop,24,B
2026-07-13 23:35:00+00:00,2026-07-13 23:50:00+00:00,GC=F,-1.0,2.5583690917943653,range,4001.79990234375,4007.0998883928573,4006.9998883928574,-6.574139220371381,6.574139220371381,0.6692486444616577,0.13147170104947817,-1.040484849921538,-3517.155311387568,stop,4,B
2026-07-14 02:00:00+00:00,2026-07-14 05:55:00+00:00,GC=F,1.0,9.993485063308903,range,4017.6,4037.700048828125,4029.6428745814733,2.483711693379637,2.483711693379637,0.9427009516096376,0.198380300020098,0.6432291520385655,4979.854072724719,time_stop,48,B
2026-07-14 08:05:00+00:00,2026-07-14 10:55:00+00:00,GC=F,-1.0,-71.92046687284137,range,4025.4,4029.650118582589,4029.550118582589,-4.068909523581268,4.068909523581268,2.8206724782067245,0.3450520204540455,2.8905961902311783,-1749.679345322532,stop,35,B
2026-07-14 11:25:00+00:00,2026-07-14 12:20:00+00:00,GC=F,1.0,5.333707428953846,range,4035.20009765625,4029.771320452009,4029.871320452009,4.341673891145017,4.341673891145017,1.0027752081406105,0.19298329105731296,0.039437108140229764,-2378.706394305259,stop,12,B
2026-07-14 12:35:00+00:00,2026-07-14 12:50:00+00:00,GC=F,1.0,50.008110406991534,trend,4104.1,4082.585728236608,4082.6857282366077,1.592028604253484,1.592028604253484,3.5842105263157893,0.5790269018675929,1.764160737498355,-3433.0937477216694,stop,4,B
2026-07-14 15:10:00+00:00,2026-07-14 15:35:00+00:00,GC=F,1.0,8.705752184889194,range,4104.3998046875,4085.7284458705362,4085.828445870536,1.8292670579589823,1.8292670579589823,1.0552288712095008,0.18319569038455513,0.002688268375534057,-3424.636496410242,stop,6,B
2026-07-14 18:45:00+00:00,2026-07-14 18:55:00+00:00,GC=F,-1.0,11.170356900661451,range,4052.599951171875,4060.814278738839,4060.7142787388393,-4.17189377045314,4.17189377045314,0.4572372301521765,0.23644240138965386,-0.7912062646385086,-3447.789669360181,stop,3,B
2026-07-14 23:35:00+00:00,2026-07-15 01:30:00+00:00,GC=F,1.0,23.60686073200472,range,4061.1,4056.90732421875,4057.00732421875,6.577223621218054,6.577223621218054,2.14521625163827,0.13419080734313404,0.29835984496076395,-2790.5027365606065,stop,24,B
2026-07-15 01:35:00+00:00,2026-07-15 05:00:00+00:00,GC=F,-1.0,-38.05939445260362,range,4056.79990234375,4041.778484235491,4041.678484235491,-3.904414860887795,3.904414860887795,1.155049786628734,0.17675433151855857,0.23911287563723949,5845.462735045201,stop,42,B
2026-07-15 05:15:00+00:00,2026-07-15 05:40:00+00:00,GC=F,-1.0,3.0822953540851046,range,4032.4,4038.928536551339,4038.8285365513393,-5.26377400506561,5.26377400506561,0.6186621218576907,0.1301753777700731,-0.7276428564853719,-3462.792969031288,stop,6,B
2026-07-15 08:15:00+00:00,2026-07-15 08:25:00+00:00,GC=F,-1.0,2.2702601322875964,range,4023.599951171875,4032.642822265625,4032.542822265625,-3.7702842277579105,3.7702842277579105,0.7827053736874614,0.056947734881599876,-0.15381316413836674,-3428.27084698011,stop,3,B
2026-07-15 11:45:00+00:00,2026-07-15 12:30:00+00:00,GC=F,1.0,-0.38351047973341235,range,4043.900048828125,4047.842801339286,4047.942801339286,5.494827679419568,5.494827679419568,0.6281217926787547,0.22546886333022484,-0.6882483741201325,2139.000424745728,stop,10,B
2026-07-15 12:35:00+00:00,2026-07-15 13:25:00+00:00,GC=F,1.0,84.53167323465084,trend,4061.1,4061.44288155692,4061.54288155692,3.242162853485769,3.242162853485769,5.2616087287490485,0.5371110852301892,4.384844238914239,94.9569704317164,stop,11,B
2026-07-15 15:15:00+00:00,2026-07-15 17:25:00+00:00,GC=F,-1.0,-18.158689219618143,range,4050.200048828125,4046.814338030134,4046.714338030134,-2.9319383131327563,2.9319383131327563,1.4735905421725037,0.24934159516593082,0.5782238251255757,978.0098290160815,stop,27,B
2026-07-15 17:35:00+00:00,2026-07-15 18:45:00+00:00,GC=F,1.0,37.37446469642271,range,4061.49990234375,4074.128690011161,4074.228690011161,2.934900746471114,2.934900746471114,1.2896681953061775,0.13464379635375115,0.5120802818452962,3691.7493314786075,stop,15,B
2026-07-16 00:55:00+00:00,2026-07-16 03:35:00+00:00,GC=F,-1.0,-70.28455673383453,range,4059.00009765625,4040.6428641183034,4040.5428641183034,-4.112330546291045,4.112330546291045,4.104010577346848,0.36019670234307205,3.4105871855823984,7528.539569618228,stop,33,B
2026-07-16 05:25:00+00:00,2026-07-16 06:05:00+00:00,GC=F,-1.0,-6.129953475856106,range,4031.9,4039.357107979911,4039.257107979911,-4.635286774843895,4.635286774843895,1.0614634146341464,0.06552873011567167,-0.5274131559997973,-3479.759833660508,stop,9,B
2026-07-16 11:05:00+00:00,2026-07-16 11:35:00+00:00,GC=F,-1.0,1.892652983506594,range,4033.700048828125,4035.4714948381697,4035.37149483817,-6.588956897466106,6.588956897466106,0.70406852248394,0.20679424315146652,-0.8403950524750999,-1200.1429251245854,stop,7,B
2026-07-16 12:45:00+00:00,2026-07-16 13:25:00+00:00,GC=F,-1.0,-74.74797092659622,range,4006.79990234375,4008.742892020089,4008.642892020089,-1.6440883407128932,1.6440883407128932,2.146819765191588,0.37599888392857145,1.9631316616532726,-327.6651090030182,stop,9,B
2026-07-16 15:30:00+00:00,2026-07-16 16:10:00+00:00,GC=F,1.0,7.666902272277888,range,4015.900048828125,4001.792735072545,4001.892735072545,2.294593270743117,2.294593270743117,1.0095219397271031,0.18848317000426076,-0.1813805802167131,-3248.527687535279,stop,9,B
2026-07-16 16:20:00+00:00,2026-07-16 19:50:00+00:00,GC=F,-1.0,-12.746238600989388,range,3991.79990234375,3985.9070765904016,3985.8070765904017,-2.496751611844918,2.496751611844918,1.423444719028688,0.05971795143675114,-0.02122896948897024,1458.8084617401764,stop,43,B
2026-07-17 00:00:00+00:00,2026-07-17 01:50:00+00:00,GC=F,1.0,11.834623604985664,range,3989.6,3986.0501813616074,3986.1501813616073,5.279625487891937,5.279625487891937,1.3207689408217111,0.18540505643407862,-0.2633890904175515,-1900.569423504539,stop,23,B
2026-07-17 02:35:00+00:00,2026-07-17 03:00:00+00:00,GC=F,-1.0,-44.16872057643302,range,3980.79990234375,3987.8929338727676,3987.7929338727677,-3.404091098115619,3.404091098115619,1.3037490436113235,0.13705952823563433,1.4507705036371141,-2431.5530041487605,stop,6,B
2026-07-17 03:20:00+00:00,2026-07-17 03:55:00+00:00,GC=F,1.0,69.64162889306552,range,4006.299951171875,3995.878533063616,3995.978533063616,2.8744196463765253,2.8744196463765253,3.6007590132827323,0.18583975196880165,4.877383633148851,-3009.9249935802227,stop,8,B
2026-07-17 05:20:00+00:00,2026-07-17 05:30:00+00:00,GC=F,-1.0,-31.774135725949293,trend,3979.00009765625,3986.514334542411,3986.414334542411,-4.532823691550923,4.532823691550923,1.471624266144814,0.5632183908045977,0.4952083030940048,-3428.735216609255,stop,3,B
2026-07-17 06:15:00+00:00,2026-07-17 07:35:00+00:00,GC=F,1.0,49.354383611382396,range,4003.70009765625,3998.107188197545,3998.207188197545,2.858673929756232,2.858673929756232,1.3499610288386594,0.23229081197612497,0.6561982005748681,-1613.1238157574776,stop,17,B
2026-07-17 08:20:00+00:00,2026-07-17 08:45:00+00:00,GC=F,-1.0,7.095021905921668,range,3994.599951171875,4002.6142578125,4002.5142578125,-4.224117798850805,4.224117798850805,0.6125797629899726,0.19118036450783366,-1.0600603928593302,-3406.458121605442,stop,6,B
2026-07-17 12:25:00+00:00,2026-07-17 13:35:00+00:00,GC=F,-1.0,-13.963353917848059,range,3988.700048828125,3984.9143484933034,3984.8143484933034,-3.779292497885954,3.779292497885954,1.2327078482399672,0.18565446482377118,0.680045939730324,1411.830424974186,stop,15,B
2026-07-17 15:05:00+00:00,2026-07-17 17:30:00+00:00,GC=F,1.0,41.12834080329462,range,4016.900048828125,4016.9498395647324,4017.0498395647323,2.1038564057469866,2.1038564057469866,2.2079215278293822,0.3522151044086033,2.246513635173849,-0.04402601287614516,stop,30,B
2026-07-20 00:05:00+00:00,2026-07-20 00:10:00+00:00,GC=F,-1.0,-36.38017782890196,range,3991.79990234375,4000.485665457589,4000.3856654575893,-3.8856359759285914,3.8856359759285914,1.974405850091408,0.44922639907890644,1.0044290295640452,-3394.3995432323295,stop,2,B
2026-07-20 00:25:00+00:00,2026-07-20 01:20:00+00:00,GC=F,1.0,2.1618205575047855,range,4006.799951171875,4004.9428292410716,4005.0428292410716,3.0739111165601622,3.0739111165601622,0.7157331294207608,0.2,-0.25016607003672614,-586.2323303731825,stop,12,B
2026-07-20 02:50:00+00:00,2026-07-20 04:45:00+00:00,GC=F,1.0,19.378773016163535,range,4029.799951171875,4024.1784075055803,4024.27840750558,2.81883010464791,2.81883010464791,1.3942759504485263,0.23862349275165967,0.9079942621897813,-1598.7118026376554,stop,24,B
2026-07-20 05:10:00+00:00,2026-07-20 07:30:00+00:00,GC=F,-1.0,-59.20888734540748,range,4019.700048828125,4015.557048688616,4015.457048688616,-5.182133768919871,5.182133768919871,3.4110289937464464,0.22406536020544093,0.890384096830241,2121.047423914456,stop,29,B
2026-07-20 07:40:00+00:00,2026-07-20 09:05:00+00:00,GC=F,1.0,62.30967281367048,range,4021.1,4021.685661969866,4021.785661969866,4.332998828733191,4.332998828733191,2.263695761434076,0.22850854744600266,1.6234944893189762,232.10226880268277,stop,18,B
2026-07-20 11:35:00+00:00,2026-07-20 11:45:00+00:00,GC=F,1.0,37.82739428882452,range,4041.99990234375,4032.885567801339,4032.985567801339,3.6883735665771713,3.6883735665771713,2.056547619047619,0.2941163474072601,0.7651809270725095,-3380.148928149768,stop,3,B
2026-07-20 12:05:00+00:00,2026-07-20 14:45:00+00:00,GC=F,-1.0,-6.531620345153662,range,4019.099951171875,4016.957177734375,4016.857177734375,-2.7773429953733206,2.7773429953733206,1.2623229461756373,0.07826020499146577,0.3704430935142924,581.2349647544472,stop,33,B
2026-07-20 15:10:00+00:00,2026-07-20 16:30:00+00:00,GC=F,1.0,26.876314339795606,range,4023.900048828125,4013.9213623046876,4014.0213623046875,2.956093531332371,2.956093531332371,2.114190634656525,0.08938337947871629,1.8919691062512431,-2964.573535969318,stop,17,B
2026-07-20 19:30:00+00:00,2026-07-20 19:40:00+00:00,GC=F,1.0,50.992042910486006,range,4017.299951171875,4012.821316964286,4012.921316964286,5.342355961775655,5.342355961775655,2.397019691325173,0.0610093317532169,0.2176259732865132,-2419.3575957614476,stop,3,B
2026-07-20 22:45:00+00:00,2026-07-20 23:05:00+00:00,GC=F,-1.0,-34.9642779824648,range,4008.099951171875,4013.0999651227676,4012.9999651227677,-5.454639187670164,5.454639187670164,1.0452165635411708,0.2727321152719331,-0.20541964572135074,-2754.6003994819157,stop,5,B
2026-07-21 00:40:00+00:00,2026-07-21 01:55:00+00:00,GC=F,1.0,58.83061470523285,range,4023.20009765625,4025.4071323939734,4025.5071323939733,3.4910083035087998,3.4910083035087998,1.7377872176095772,0.3200694773409127,1.144243945655559,753.0226180349532,stop,16,B
2026-07-21 02:40:00+00:00,2026-07-21 06:35:00+00:00,GC=F,1.0,11.423700904034517,range,4042.20009765625,4078.9,4067.042742047991,3.065777686895126,3.065777686895126,0.8956661316211878,0.198764633302236,0.29109982914887955,11236.04528323547,time_stop,48,B
2026-07-21 06:45:00+00:00,2026-07-21 07:15:00+00:00,GC=F,1.0,55.91306847724134,trend,4082.1,4075.999870954241,4076.099870954241,3.530205401244008,3.530205401244008,0.9999276672694395,0.7081706517712103,0.42353181024820585,-2171.1218775685643,stop,7,B
2026-07-21 08:50:00+00:00,2026-07-21 09:00:00+00:00,GC=F,-1.0,-29.18279160391147,trend,4064.4,4070.699951171875,4070.599951171875,-5.356340694371361,5.356340694371361,1.504815864022663,0.5122006087071589,0.550041821155847,-3401.250186918469,stop,3,B
2026-07-21 11:05:00+00:00,2026-07-21 12:20:00+00:00,GC=F,-1.0,-28.93392628128276,range,4061.200048828125,4068.1714460100447,4068.071446010045,-4.234518979649228,4.234518979649228,0.8343250861259004,0.2127659574468085,-0.37461399729412304,-2973.2239630494387,stop,16,B
2026-07-21 13:45:00+00:00,2026-07-21 14:05:00+00:00,GC=F,-1.0,-17.081192338004925,range,4050.099951171875,4062.514229910714,4062.4142299107143,-2.6786744777623706,2.6786744777623706,1.3495440729483283,0.12812860681938307,1.0590950226139733,-3338.7745341444524,stop,5,B
2026-07-21 15:20:00+00:00,2026-07-21 16:35:00+00:00,GC=F,1.0,14.125943776126412,range,4081.1,4076.885787527902,4076.9857875279017,3.240603074151251,3.240603074151251,0.9003589130063238,0.38596128037463234,0.4616640292920748,-1381.8620045915197,stop,16,B
2026-07-21 18:25:00+00:00,2026-07-21 20:20:00+00:00,GC=F,1.0,64.90706890834552,range,4085.70009765625,4085.864285714286,4085.964285714286,5.30585447544851,5.30585447544851,4.207203201422855,0.21695718086563692,1.9542387988426269,60.58652187728785,stop,24,B
2026-07-21 20:50:00+00:00,2026-07-21 22:25:00+00:00,GC=F,-1.0,7.45838976115977,range,4082.4,4087.0428292410716,4086.9428292410716,-6.891332499873789,6.891332499873789,0.612141652613828,0.14402829127149977,-0.6922928308958668,-3233.9846665353853,stop,8,B
2026-07-22 00:10:00+00:00,2026-07-22 00:35:00+00:00,GC=F,1.0,65.30393084839493,range,4092.49990234375,4094.307174246652,4094.4071742466517,5.464632561970315,5.464632561970315,3.1471215351812365,0.45642613496201906,1.054484878755147,960.2845260833267,stop,6,B
2026-07-22 01:05:00+00:00,2026-07-22 03:50:00+00:00,GC=F,1.0,82.49734998392162,trend,4114.99990234375,4135.507247488839,4135.60724748884,2.3058658509269114,2.3058658509269114,3.567891639835683,0.5465794242302472,3.5431205247288133,4717.189357068603,stop,34,B
2026-07-22 05:20:00+00:00,2026-07-22 05:35:00+00:00,GC=F,-1.0,-4.752161595456892,trend,4128.4,4133.628557477678,4133.528557477678,-6.416690206749518,6.416690206749518,0.5086092715231788,0.5034998463482091,-0.7696780393192586,-3387.086807278603,stop,4,B
2026-07-22 06:05:00+00:00,2026-07-22 06:20:00+00:00,GC=F,1.0,13.65747757593308,range,4138.6,4130.857142857143,4130.9571428571435,4.2902563649461944,4.2902563649461944,1.6538729937194696,0.060911377972760285,0.22505716231000794,-3343.3354958259715,stop,4,B
2026-07-22 06:30:00+00:00,2026-07-22 08:55:00+00:00,GC=F,-1.0,-16.213586413286354,range,4122.1001953125,4123.278501674107,4123.178501674107,-3.481135741128322,3.481135741128322,1.3993506493506493,0.15128259242915523,0.3452834561299745,-427.5901176447543,stop,30,B
2026-07-22 12:05:00+00:00,2026-07-22 12:45:00+00:00,GC=F,1.0,4.85422195347277,range,4129.8998046875,4126.285463169643,4126.385463169643,4.272909644598061,4.272909644598061,0.963681479810512,0.24138377650273932,0.1150961573293361,-1565.7400212754885,stop,9,B
2026-07-22 13:00:00+00:00,2026-07-22 13:10:00+00:00,GC=F,-1.0,6.91031528583453,range,4117.00009765625,4127.943080357143,4127.843080357143,-3.0068325391330335,3.0068325391330335,1.211498973305955,0.03360077498183636,0.9883655492987169,-3305.4058087173057,stop,3,B
2026-07-22 13:35:00+00:00,2026-07-22 14:55:00+00:00,GC=F,1.0,34.85513374827622,range,4147.6,4150.0572614397315,4150.157261439732,2.386261373777135,2.386261373777135,1.7426841574167509,0.32764373182350737,1.6652254497389773,574.4354990213599,stop,17,B
2026-07-22 17:40:00+00:00,2026-07-22 20:25:00+00:00,GC=F,-1.0,0.4054878727384854,range,4144.6998046875,4142.4214983258935,4142.321498325893,-4.2933971383568235,4.2933971383568235,0.5793208312214901,0.43251095021006525,-0.7120533158053126,956.7004156302164,stop,34,B
2026-07-23 01:50:00+00:00,2026-07-23 02:50:00+00:00,GC=F,-1.0,-3.309191352312217,range,4123.6001953125,4129.050090680804,4128.950090680803,-2.702084753187069,2.702084753187069,0.770362852068003,0.25680900584239774,-0.23499572785329303,-1486.1183418818869,stop,13,B
2026-07-23 07:05:00+00:00,2026-07-23 11:00:00+00:00,GC=F,-1.0,-74.78179588449159,range,4118.1998046875,4095.20009765625,4099.350045340402,-4.242909538180855,4.242909538180855,2.417764939519769,0.30697431471850656,3.1534406514192397,9737.35308613457,time_stop,48,B
2026-07-23 11:20:00+00:00,2026-07-23 11:50:00+00:00,GC=F,-1.0,-65.47008591475793,range,4088.4,4088.378616768973,4088.2786167689733,-4.060206578230664,4.060206578230664,2.0211742059672764,0.2178169358786099,1.4863916533927228,-11.618999363227886,stop,7,B
2026-07-23 13:05:00+00:00,2026-07-23 13:30:00+00:00,GC=F,-1.0,-88.57125272007173,trend,4058.00009765625,4065.7786063058034,4065.6786063058034,-2.1990983642756876,2.1990983642756876,4.094514626264322,0.6751545309645065,5.511500164586744,-1721.5660565950648,stop,6,B
2026-07-24 00:15:00+00:00,2026-07-24 00:20:00+00:00,GC=F,-1.0,-21.437195085545685,range,4043.9,4048.94287109375,4048.84287109375,-6.629561013746438,6.629561013746438,1.6970537261698442,0.2900430155257512,0.2856757014676709,-3376.3499651160573,stop,2,B
2026-07-24 02:50:00+00:00,2026-07-24 04:25:00+00:00,GC=F,-1.0,-74.71540472777383,range,4028.700048828125,4031.7856689453124,4031.6856689453125,-3.7715492481334127,3.7715492481334127,2.8487366647950587,0.4185675621363001,2.445664088358269,-1182.6145695409834,stop,20,B
2026-07-24 05:20:00+00:00,2026-07-24 05:30:00+00:00,GC=F,-1.0,-18.556664382530744,range,4026.599951171875,4032.171456473214,4032.0714564732143,-5.95987757380117,5.95987757380117,1.5018477457501849,0.15555217985720796,-0.03688255819779495,-3350.348337645546,stop,3,B
2026-07-24 06:25:00+00:00,2026-07-24 09:30:00+00:00,GC=F,1.0,2.620746725222135,range,4038.799951171875,4054.5143275669643,4054.614327566964,3.8226164174786614,3.8226164174786614,0.973646382367034,0.13929113435760002,-0.04356528420359579,5987.890237743397,stop,38,B
2026-07-24 13:10:00+00:00,2026-07-24 13:35:00+00:00,GC=F,-1.0,-45.384914611678084,range,4049.00009765625,4057.7428850446427,4057.6428850446428,-3.7837116936149235,3.7837116936149235,2.552688172043011,0.2873066968266742,3.361279234005276,-3326.93724609308,stop,6,B
2026-07-24 14:00:00+00:00,2026-07-24 16:30:00+00:00,GC=F,1.0,41.43592412565481,range,4069.99990234375,4073.5499720982143,4073.649972098214,2.4712620764446496,2.4712620764446496,3.4565096610901906,0.1525943657952726,4.4768320629380876,864.9589649118811,stop,30,B
2026-07-24 18:25:00+00:00,2026-07-24 19:40:00+00:00,GC=F,-1.0,-53.53596160605878,trend,4059.9,4060.271456473214,4060.171456473214,-5.60954372617516,5.60954372617516,1.3704127668170494,0.5608360198500381,-0.0399575789414811,-236.4178515173728,stop,16,B
2026-07-26 22:35:00+00:00,2026-07-26 23:20:00+00:00,GC=F,1.0,25.71903213020379,trend,4094.900048828125,4086.4357142857143,4086.535714285714,3.1923301104295985,3.1923301104295985,1.487857847976308,0.6449523445980604,-0.1636228648193865,-2718.0566530008164,stop,10,B
2026-07-26 23:50:00+00:00,2026-07-27 00:20:00+00:00,GC=F,1.0,23.005146455113167,trend,4097.20009765625,4105.785498046875,4105.885498046875,5.231795963858807,5.231795963858807,1.5540757749712972,0.5671600457669239,0.2142623363051058,4465.547331358695,stop,7,B
2026-07-27 03:05:00+00:00,2026-07-27 04:35:00+00:00,GC=F,-1.0,-2.687666649200695,range,4094.00009765625,4094.107132393973,4094.0071323939733,-4.9929754438021705,4.9929754438021705,0.7037037037037037,0.34085410547083816,-0.5507094050156713,-78.40705892753328,stop,19,B
2026-07-27 06:40:00+00:00,2026-07-27 07:40:00+00:00,GC=F,1.0,35.396095553491456,range,4100.3001953125,4098.642745535714,4098.742745535715,4.896324982380348,4.896324982380348,0.8916030534351145,0.2590337524818001,-0.21883340578027538,-836.0228998237296,stop,13,B
2026-07-27 10:45:00+00:00,2026-07-27 11:40:00+00:00,GC=F,1.0,27.703403198533366,range,4102.99990234375,4096.914317103794,4097.014317103794,4.662338051140698,4.662338051140698,0.6706685986338232,0.26704490282844817,-0.2957206787510416,-2860.6172530265694,stop,12,B
2026-07-27 12:20:00+00:00,2026-07-27 15:15:00+00:00,GC=F,-1.0,-40.43053753432629,range,4085.79990234375,4080.8716413225447,4080.771641322545,-4.257158309923366,4.257158309923366,1.8247967138905188,0.21381717708596978,1.4900642444225152,2076.7529444399584,stop,36,B
2026-07-27 16:30:00+00:00,2026-07-27 16:50:00+00:00,GC=F,1.0,46.69475383604591,range,4087.1,4083.8141845703126,4083.9141845703125,4.142708737840581,4.142708737840581,1.3304106386087973,0.455597764099277,0.10862423729716779,-1381.9311728389084,stop,5,B
2026-07-27 19:15:00+00:00,2026-07-27 20:15:00+00:00,GC=F,1.0,58.43460990039527,range,4082.49990234375,4083.128672572545,4083.228672572545,5.5054173048661275,5.5054173048661275,1.825307206908004,0.34627509540401524,-0.02602583602341849,318.6371633149431,stop,13,B
2026-07-27 22:25:00+00:00,2026-07-28 00:00:00+00:00,GC=F,-1.0,-12.29107861033909,range,4073.9,4072.864229910714,4072.764229910714,-5.547541645066994,5.547541645066994,0.668274501205876,0.4412642315174343,-0.5978982402339542,546.860062277528,stop,20,B
2026-07-28 00:05:00+00:00,2026-07-28 03:15:00+00:00,GC=F,-1.0,-38.79426827900116,range,4067.00009765625,4049.5427664620534,4049.4427664620534,-6.319656463023453,6.319656463023453,6.2241953385127635,0.43999479170905187,2.1857233550720814,11000.835308539517,stop,38,B
2026-07-28 05:35:00+00:00,2026-07-28 05:45:00+00:00,GC=F,-1.0,-35.22688893306123,range,4037.29990234375,4043.3427734375,4043.2427734375,-5.548841165166177,5.548841165166177,2.055185537583254,0.36129159283323486,0.5877022262166933,-3380.837393905057,stop,3,B
2026-07-28 06:40:00+00:00,2026-07-28 08:10:00+00:00,GC=F,1.0,40.84960456493854,range,4050.70009765625,4045.40732421875,4045.50732421875,4.904096237224597,4.904096237224597,3.1194886084248483,0.07926370869898548,4.110511225129531,-2620.1475111186387,stop,19,B
2026-07-28 09:35:00+00:00,2026-07-28 11:15:00+00:00,GC=F,-1.0,-68.31754580550151,range,4037.9,4029.11416015625,4029.01416015625,-4.343934846213483,4.343934846213483,3.6190661857880886,0.30322778803784983,1.7461523589354084,3794.791910820657,stop,21,B
2026-07-28 12:25:00+00:00,2026-07-28 12:30:00+00:00,GC=F,1.0,60.91856314763163,range,4033.70009765625,4026.128731863839,4026.228731863839,4.403322220268899,4.403322220268899,2.082270242124447,0.3359216857474697,1.070624024577524,-3355.932934251927,stop,2,B
2026-07-28 13:40:00+00:00,2026-07-28 14:10:00+00:00,GC=F,-1.0,-31.61819836205075,range,4021.700048828125,4032.6143624441966,4032.5143624441966,-3.0312948672084925,3.0312948672084925,3.2849134976005163,0.025721334968310014,3.5802609903897946,-3323.6067586861623,stop,7,B
2026-07-28 14:25:00+00:00,2026-07-28 15:10:00+00:00,GC=F,-1.0,7.361591906924476,range,4016.9,4030.528634207589,4030.4286342075893,-2.414511813905191,2.414511813905191,0.4408528403160876,0.14218583248224184,-0.5406647327280001,-3302.7223892311627,stop,10,B
2026-07-28 15:45:00+00:00,2026-07-28 16:50:00+00:00,GC=F,1.0,41.041734932621715,range,4041.99990234375,4037.7213413783484,4037.8213413783483,2.9361674350370306,2.9361674350370306,1.2044731339212655,0.256064016004001,0.746839858023102,-1270.9379747184446,stop,14,B
2026-07-29 01:05:00+00:00,2026-07-29 01:30:00+00:00,GC=F,-1.0,-8.105149881687748,range,4010.200048828125,4020.700020926339,4020.6000209263393,-3.1254861744359115,3.1254861744359115,1.2976190476190477,0.05148215435124563,-0.2650592330858808,-3297.3791933652883,stop,6,B
2026-07-29 02:25:00+00:00,2026-07-29 03:20:00+00:00,GC=F,1.0,-6.891424984591644,range,4032.1,4025.814324079241,4025.914324079241,3.2716704963997896,3.2716704963997896,0.6713286713286712,0.12403086104329504,-0.4886051451121129,-2072.8243984697388,stop,12,B
2026-07-29 04:05:00+00:00,2026-07-29 04:30:00+00:00,GC=F,-1.0,5.5747337492482,range,4020.29990234375,4024.971365792411,4024.871365792411,-6.889935471970071,6.889935471970071,0.47858197932053176,0.08009866449655242,-0.7677679896145287,-3253.057849453742,stop,6,B
2026-07-29 05:45:00+00:00,2026-07-29 05:55:00+00:00,GC=F,1.0,40.695503113149876,range,4037.900048828125,4031.0714983258927,4031.1714983258926,4.786046392363367,4.786046392363367,3.1589514779698833,0.1463952399649642,2.9627506147949827,-3292.1061815897874,stop,3,B
2026-07-29 06:25:00+00:00,2026-07-29 07:30:00+00:00,GC=F,1.0,2.695539986458223,range,4038.99990234375,4085.9855712890626,4086.0855712890625,4.378486806199122,4.378486806199122,0.6977388094139363,0.32007399329822034,-0.19270800440121472,20550.720721718142,stop,14,B
2026-07-29 07:35:00+00:00,2026-07-29 08:45:00+00:00,GC=F,1.0,23.791082054283418,trend,4104.70009765625,4099.40017438616,4099.50017438616,2.4746867230482996,2.4746867230482996,0.6634733816887917,0.7121086231494476,0.09833689287289282,-1323.9384085819866,stop,14,B
2026-07-29 10:40:00+00:00,2026-07-29 11:15:00+00:00,GC=F,-1.0,-39.1399621396783,range,4088.4,4091.6428989955357,4091.542898995536,-6.459800716956628,6.459800716956628,1.1031356252361164,0.3726959874596854,-0.06563702891258742,-2127.1471292226606,stop,8,B
2026-07-29 12:20:00+00:00,2026-07-29 12:35:00+00:00,GC=F,-1.0,-69.66173567302197,range,4077.4,4079.8855747767857,4079.785574776786,-4.641114972765674,4.641114972765674,3.574994057523176,0.39006822038300376,1.0201381133746448,-1176.7894061106617,stop,4,B
2026-07-29 13:55:00+00:00,2026-07-29 15:25:00+00:00,GC=F,-1.0,-50.26594052617231,range,4066.599951171875,4068.742822265625,4068.642822265625,-2.907350520154826,2.907350520154826,2.7803305118903667,0.4244815420025695,3.847660389600215,-637.5444915046013,stop,19,B
2026-07-29 16:10:00+00:00,2026-07-29 18:00:00+00:00,GC=F,1.0,12.097363516569706,range,4073.400048828125,4120.071613420759,4120.171613420759,3.737465455743707,3.737465455743707,1.4013113876622507,0.17665361259044474,0.27118430662244364,17424.64871576927,stop,23,B
2026-07-29 18:05:00+00:00,2026-07-29 18:30:00+00:00,GC=F,1.0,44.4219169121687,trend,4126.8998046875,4114.3929547991065,4114.492954799107,1.5966444263523911,1.5966444263523911,1.7717541627482436,0.6505621727141111,1.047222735430855,-2004.8824386847673,stop,6,B
2026-07-29 18:50:00+00:00,2026-07-29 19:30:00+00:00,GC=F,1.0,64.39316943696222,trend,4159.8998046875,4137.099951171875,4137.199951171875,1.102792024062572,1.102792024062572,1.640559262249798,0.5388693324681645,1.3799356900711228,-2519.8636208030175,stop,9,B
2026-07-30 00:45:00+00:00,2026-07-30 01:00:00+00:00,GC=F,-1.0,-27.156276698723907,range,4124.00009765625,4134.600027901785,4134.500027901785,-3.149965047885902,3.149965047885902,1.806112389089714,0.27189811133946384,-0.23844595509227196,-3354.690803586034,stop,4,B
2026-07-30 03:00:00+00:00,2026-07-30 05:30:00+00:00,GC=F,-1.0,-12.857425868528313,range,4121.00009765625,4105.05685686384,4104.95685686384,-3.204152690331446,3.204152690331446,1.124012747679091,0.3007250449640288,0.1961972126552882,5092.437024308469,stop,31,B
2026-07-30 05:40:00+00:00,2026-07-30 07:00:00+00:00,GC=F,-1.0,-29.10751066963615,range,4088.099951171875,4099.257045200893,4099.157045200893,-2.996739858541841,2.996739858541841,1.6826331281776825,0.34306614869199514,0.7943534335221186,-3358.4745375184584,stop,17,B
2026-07-30 08:25:00+00:00,2026-07-30 12:15:00+00:00,GC=F,1.0,51.439658954348495,range,4118.1,4131.4285993303565,4131.528599330357,2.53430119889752,2.53430119889752,1.287349014621742,0.4381090790554903,1.0847472447245934,3365.1970202601397,stop,47,B
2026-07-30 12:55:00+00:00,2026-07-30 13:20:00+00:00,GC=F,-1.0,-5.919549095183064,range,4128.1001953125,4141.514369419643,4141.414369419643,-2.4887363960128823,2.4887363960128823,0.9519691700347777,0.16543701868705907,-0.2833898262122846,-3350.8780142702235,stop,6,B
2026-07-30 13:40:00+00:00,2026-07-30 14:20:00+00:00,GC=F,1.0,34.05244219716833,range,4149.8001953125,4147.63601422991,4147.73601422991,1.773825029706844,1.773825029706844,2.292533659730722,0.1492887019606255,2.393347408605969,-392.75698246022546,stop,9,B
2026-07-30 19:20:00+00:00,2026-07-30 20:35:00+00:00,GC=F,1.0,-7.139770133043611,range,4169.8001953125,4166.67880859375,4166.77880859375,4.556721051309868,4.556721051309868,0.6668033627229855,0.06097536769814017,-0.6940412374895691,-1445.1124623175967,stop,16,B
2026-07-31 00:30:00+00:00,2026-07-31 04:25:00+00:00,GC=F,-1.0,-41.750313732108985,range,4155.00009765625,4137.3216448102685,4137.221644810268,-4.295685347433727,4.295685347433727,1.1350293542074363,0.3578927079987151,-0.3274950890142405,7572.628658840764,stop,48,B
2026-07-31 06:20:00+00:00,2026-07-31 06:30:00+00:00,GC=F,1.0,10.013285550249018,range,4144.3998046875,4137.085379464285,4137.185379464286,4.6045117244269225,4.6045117244269225,1.2777053455019556,0.10187798193076845,0.3839986134191951,-3390.9582283959007,stop,3,B
2026-07-31 07:35:00+00:00,2026-07-31 11:10:00+00:00,GC=F,-1.0,-25.755644450608717,range,4126.9,4114.356975446429,4114.256975446428,-4.690324128553626,4.690324128553626,1.6398546964193046,0.17825754680932365,1.6081331175013824,5859.633450222614,stop,44,B
2026-07-31 12:30:00+00:00,2026-07-31 14:30:00+00:00,GC=F,-1.0,-40.48144085547697,range,4103.29990234375,4096.621536690848,4096.521536690848,-3.9380498176394925,3.9380498176394925,5.207787610619469,0.14966901445744848,5.547140350328864,2610.2834150656445,stop,25,B
2026-07-31 17:30:00+00:00,2026-07-31 19:10:00+00:00,GC=F,1.0,31.85211260278966,range,4106.8998046875,4103.42117047991,4103.52117047991,4.345346728530563,4.345346728530563,2.361523454067351,0.23232099039445617,0.4895590721901823,-1533.3139110133989,stop,21,B
2026-08-02 22:15:00+00:00,2026-08-02 22:20:00+00:00,GC=F,1.0,24.50160597909685,range,4133.1,4121.699986049107,4121.799986049107,2.950704595197663,2.950704595197663,1.6774818401937046,0.31033796608094044,0.27279658362589,-3378.5608779978743,stop,2,B
2026-08-03 00:40:00+00:00,2026-08-03 02:45:00+00:00,GC=F,-1.0,-60.959872222317166,range,4115.1001953125,4118.228662109375,4118.128662109375,-3.8891026234524473,3.8891026234524473,2.189155107187894,0.20171421985183943,1.4458692345617148,-1236.1383558285888,stop,26,B
2026-08-03 03:20:00+00:00,2026-08-03 05:00:00+00:00,GC=F,1.0,11.71201593489002,range,4123.3001953125,4118.8287458147315,4118.928745814732,3.4410432640384188,3.4410432640384188,1.1668460710441335,0.1672762784090909,0.2937974927298779,-1555.850333798738,stop,21,B
2026-08-03 05:15:00+00:00,2026-08-03 05:40:00+00:00,GC=F,-1.0,-36.57916533922506,range,4112.1998046875,4118.0714006696435,4117.971400669643,-5.601268574495603,5.601268574495603,1.2158447857720291,0.2619108517218127,-0.29938838288179215,-3316.844948564175,stop,6,B
2026-08-03 09:35:00+00:00,2026-08-03 09:40:00+00:00,GC=F,-1.0,-33.12610192836208,range,4103.1998046875,4110.685825892857,4110.5858258928565,-4.469381195207984,4.469381195207984,2.1796988829528896,0.13859159621871486,1.3669315564893731,-3368.1351461912286,stop,2,B
2026-08-03 11:50:00+00:00,2026-08-03 12:15:00+00:00,GC=F,1.0,59.70971009673995,range,4117.3998046875,4109.89990234375,4109.99990234375,4.445066708251305,4.445066708251305,2.9672727272727273,0.11827787622235349,1.615298865945412,-3355.9819558753243,stop,6,B
2026-08-03 12:45:00+00:00,2026-08-03 14:35:00+00:00,GC=F,-1.0,-4.3049001144316295,range,4100.6998046875,4092.421271623884,4092.321271623884,-3.465713242206714,3.465713242206714,1.011437095972153,0.10787839494291532,0.24821689642599423,2851.773600250861,stop,23,B
2026-08-03 17:55:00+00:00,2026-08-03 18:05:00+00:00,GC=F,-1.0,2.4995609238358973,range,4086.599951171875,4091.3571428571427,4091.2571428571428,-6.895276171734312,6.895276171734312,0.6153846153846154,0.17809364548494983,-0.8249950971249692,-3314.691428038479,stop,3,B
2026-08-03 18:50:00+00:00,2026-08-03 22:00:00+00:00,GC=F,1.0,20.18067387050198,range,4098.3001953125,4108.385944475446,4108.485944475447,5.805283541590871,5.805283541590871,0.6543944636678201,0.22221996161488747,-0.7408316837695592,5826.036944318379,stop,27,B
2026-08-04 00:05:00+00:00,2026-08-04 00:20:00+00:00,GC=F,1.0,71.0900287151153,trend,4115.3001953125,4114.97177734375,4115.07177734375,5.256295636307286,5.256295636307286,2.4048653344917463,0.5859717653508771,0.760461591003923,-198.9076717844721,stop,4,B
2026-08-04 01:00:00+00:00,2026-08-04 01:35:00+00:00,GC=F,-1.0,-66.76417144526827,range,4104.6998046875,4110.042905970982,4109.942905970982,-3.500705376129396,3.500705376129396,3.5082664920608937,0.11363636363636363,3.4706069377623625,-1887.965865709792,stop,8,B
2026-08-04 02:40:00+00:00,2026-08-04 03:30:00+00:00,GC=F,1.0,-2.208542453633295,range,4119.49990234375,4111.028390066965,4111.128390066965,3.9288324130551198,3.9288324130551198,0.665406427221172,0.12279900253174195,-0.13615814453182512,-3347.9593641282745,stop,11,B
2026-08-04 04:50:00+00:00,2026-08-04 05:10:00+00:00,GC=F,1.0,10.989607412239904,range,4120.70009765625,4115.48583984375,4115.58583984375,6.408181089634906,6.408181089634906,1.1607026675341574,0.13395193185275328,-0.024777234969533532,-3373.431736502764,stop,5,B
2026-08-04 06:35:00+00:00,2026-08-04 06:55:00+00:00,GC=F,-1.0,1.0340700229466027,range,4112.50009765625,4119.771554129465,4119.671554129464,-4.553471141151099,4.553471141151099,0.7270150575730735,0.14217133982044736,-0.3376506328546168,-3333.804076197858,stop,5,B
2026-08-04 08:05:00+00:00,2026-08-04 08:20:00+00:00,GC=F,1.0,29.33739240806648,range,4126.3001953125,4118.943289620535,4119.043289620536,4.483775637895625,4.483775637895625,1.7827331625734517,0.14884000863038122,1.3760029879682802,-3321.0903293823276,stop,4,B
2026-08-04 11:35:00+00:00,2026-08-04 12:00:00+00:00,GC=F,1.0,23.911085691926026,range,4118.70009765625,4124.6641950334815,4124.764195033482,3.9333435576271505,3.9333435576271505,1.1728609837102641,0.3990305050528762,0.12179493428550486,2326.2176817911795,stop,6,B
2026-08-04 13:50:00+00:00,2026-08-04 14:35:00+00:00,GC=F,1.0,7.523238368962207,range,4149.70009765625,4133.500069754465,4133.600069754465,2.0188484519250287,2.0188484519250287,0.9307689603037868,0.10227635284162633,0.5042999798879547,-3280.6343673258557,stop,10,B
2026-08-04 16:50:00+00:00,2026-08-04 17:25:00+00:00,GC=F,1.0,-7.948263683633974,range,4149.8001953125,4151.228543526785,4151.328543526785,4.703828512122807,4.703828512122807,0.5752167261601224,0.14178112538768275,-0.8596337410990423,648.3513629985446,stop,8,B
2026-08-04 22:40:00+00:00,2026-08-04 22:55:00+00:00,GC=F,1.0,26.844765340495226,range,4140.6,4136.328334263393,4136.4283342633935,6.709621646864956,6.709621646864956,2.812241521918941,0.0915969362082782,0.17286475646195434,-2899.674197685457,stop,4,B
2026-08-04 23:05:00+00:00,2026-08-05 00:15:00+00:00,GC=F,-1.0,-20.334387571158764,range,4126.6998046875,4130.164801897322,4130.064801897322,-5.140096947678874,5.140096947678874,1.6305418719211822,0.23478211642158597,0.0632994444390937,-1806.7426429307293,stop,15,B
2026-08-05 01:15:00+00:00,2026-08-05 04:45:00+00:00,GC=F,1.0,57.102309537478945,range,4141.99990234375,4190.014327566964,4190.114327566965,4.541765519370219,4.541765519370219,1.672627235213205,0.3699937746420419,0.7687393550082244,21784.317263520425,stop,43,B
2026-08-05 05:25:00+00:00,2026-08-05 07:25:00+00:00,GC=F,1.0,9.433722428244979,range,4199.49990234375,4223.185609654018,4223.285609654018,5.554470212037667,5.554470212037667,1.1178004266413843,0.2628704461083496,-0.09491966215521024,13128.383219532116,stop,25,B
2026-08-05 09:25:00+00:00,2026-08-05 10:55:00+00:00,GC=F,-1.0,2.30315622427755,range,4216.6998046875,4219.40011858259,4219.30011858259,-4.131983652678209,4.131983652678209,0.6985796948974224,0.1512372554422706,-0.5909012480030014,-1136.4252054247277,stop,19,B
2026-08-05 11:15:00+00:00,2026-08-05 12:40:00+00:00,GC=F,1.0,41.33485403904912,range,4230.49990234375,4254.707198660714,4254.807198660715,4.508714087156201,4.508714087156201,1.1177428106348346,0.28284298009815284,-0.031837401515947064,10891.834221190195,stop,18,B
2026-08-05 14:10:00+00:00,2026-08-05 15:55:00+00:00,GC=F,1.0,58.973412019920175,range,4287.6,4300.414474051339,4300.51447405134,1.9055551370752866,1.9055551370752866,1.6921506583648056,0.2614901384894654,1.99425243555457,2432.3409100593135,stop,22,B
2026-08-05 18:25:00+00:00,2026-08-05 19:15:00+00:00,GC=F,1.0,2.1116187194632285,range,4323.70009765625,4313.414481026785,4313.514481026786,3.3277492083452067,3.3277492083452067,0.45511505406154695,0.44938767037985194,-1.1924144173670428,-3439.4340056461833,stop,11,B
2026-08-05 20:00:00+00:00,2026-08-05 22:00:00+00:00,GC=F,-1.0,13.09188942156382,range,4307.79990234375,4311.571575055804,4311.471575055803,-4.330094496964814,4.330094496964814,0.44702889333091045,0.0680810826783287,-1.0389968922572466,-1654.8203979666353,stop,13,B
2026-08-05 23:20:00+00:00,2026-08-05 23:35:00+00:00,GC=F,1.0,55.0099587563096,range,4318.49990234375,4326.442724609375,4326.542724609375,5.91503920876941,5.91503920876941,1.8013392857142856,0.3641236566273053,-0.2179192401139339,4668.635316901578,stop,4,B
2026-08-05 23:40:00+00:00,2026-08-06 00:00:00+00:00,GC=F,1.0,78.38111074949916,trend,4337.3998046875,4328.399623325893,4328.4996233258935,3.806695575139915,3.806695575139915,2.4813349389299844,0.7161127736651441,0.8566962366476989,-3445.128534344404,stop,5,B
2026-08-06 00:25:00+00:00,2026-08-06 01:20:00+00:00,GC=F,1.0,42.394602612642025,range,4341.8998046875,4334.22878766741,4334.32878766741,2.0337220858546607,2.0337220858546607,2.000198668918248,0.32009450536136186,1.8491827404289443,-1570.2402839017595,stop,12,B
2026-08-06 03:20:00+00:00,2026-08-06 05:00:00+00:00,GC=F,-1.0,5.333321289278468,range,4326.50009765625,4323.378494698661,4323.27849469866,-2.912702901667866,2.912702901667866,0.5278240586471176,0.18260689063023366,-0.6663411307704612,894.6666847340929,stop,21,B
2026-08-06 08:15:00+00:00,2026-08-06 10:00:00+00:00,GC=F,1.0,23.83727442458059,range,4327.8998046875,4330.428913225446,4330.528913225447,3.8905030448651075,3.8905030448651075,1.4950541686292982,0.18081819082710968,1.1447880544895406,964.4979315429342,stop,22,B
2026-08-06 10:45:00+00:00,2026-08-06 11:00:00+00:00,GC=F,-1.0,12.627766088591004,range,4324.4,4331.771414620535,4331.671414620535,-4.644187633687126,4.644187633687126,0.4748412310698583,0.055064570125150696,-1.4085145459471562,-3446.6442005156687,stop,4,B
2026-08-06 11:25:00+00:00,2026-08-06 12:30:00+00:00,GC=F,-1.0,-24.220617351737154,range,4320.4,4326.428996930804,4326.328996930803,-4.09638728699991,4.09638728699991,1.3721512317217757,0.3369859114842749,0.5564519522141487,-2490.1925745057674,stop,14,B
2026-08-06 12:55:00+00:00,2026-08-06 13:35:00+00:00,GC=F,-1.0,-69.24207028639046,range,4310.00009765625,4311.892829241072,4311.792829241072,-2.537070037217829,2.537070037217829,2.407809110629067,0.2793752988047809,3.474901279864277,-492.88460942093263,stop,9,B
2026-08-06 15:55:00+00:00,2026-08-06 17:00:00+00:00,GC=F,-1.0,-71.44048365953749,range,4292.79990234375,4299.06435546875,4298.96435546875,-2.2110247103291467,2.2110247103291467,2.148201232621471,0.37885232766362475,1.954481255860067,-1396.1411891591708,stop,14,B
2026-08-06 19:30:00+00:00,2026-08-06 19:50:00+00:00,GC=F,-1.0,2.00307568479642,range,4296.50009765625,4303.9713030133935,4303.871303013393,-4.326102222464117,4.326102222464117,0.8789131718842291,0.030041389427358935,-0.7960500906198549,-3253.7503211149005,stop,5,B
2026-08-06 23:35:00+00:00,2026-08-07 00:10:00+00:00,GC=F,1.0,-6.917995398326971,range,4305.3998046875,4303.813922991071,4303.913922991072,6.646033411944275,6.646033411944275,0.5794261721483556,0.13181374289772727,-0.782247482747453,-1087.2124412456346,stop,8,B
2026-08-07 00:40:00+00:00,2026-08-07 01:00:00+00:00,GC=F,-1.0,-60.864031887617585,range,4293.50009765625,4301.1146484375,4301.0146484375,-3.9030898917130035,3.9030898917130035,3.2682611506140917,0.09130114761406165,2.1994824576350274,-2991.543067882072,stop,5,B
2026-08-07 01:45:00+00:00,2026-08-07 02:45:00+00:00,GC=F,1.0,14.708983982789476,range,4314.8998046875,4305.614425223214,4305.714425223215,2.571007205927035,2.571007205927035,1.4395675119062943,0.07514817950889077,1.15776414057628,-2400.13278727427,stop,13,B
2026-08-07 04:00:00+00:00,2026-08-07 07:40:00+00:00,GC=F,1.0,33.22436184337002,range,4325.3998046875,4344.014118303571,4344.114118303572,3.9203732859965332,3.9203732859965332,2.040684911459096,0.09599796871032637,1.5857520903397628,7277.903917330577,stop,45,B
2026-08-07 08:35:00+00:00,2026-08-07 08:35:00+00:00,GC=F,1.0,36.031460906730786,range,4373.20009765625,4360.957240513393,4361.0572405133935,2.7514111845723326,2.7514111845723326,2.103205629397967,0.16879483993431282,2.2323706400744574,-3382.2704633207313,stop,1,B
2026-08-07 09:45:00+00:00,2026-08-07 12:05:00+00:00,GC=F,1.0,34.59736596962252,range,4376.8998046875,4375.17117047991,4375.27117047991,3.3970502223045362,3.3970502223045362,1.832857725234407,0.3849815805248241,1.4753742547068287,-604.210973029343,stop,29,B
2026-08-07 12:35:00+00:00,2026-08-07 13:15:00+00:00,GC=F,1.0,76.10441590074744,range,4419.70009765625,4400.464174107143,4400.564174107143,1.6623405573770356,1.6623405573770356,3.2289896611730984,0.49128843081576745,2.62098723998022,-3205.9772902154446,stop,9,B
2026-08-10 00:00:00+00:00,2026-08-10 00:05:00+00:00,GC=F,-1.0,-20.342072482457038,range,4391.79990234375,4399.985630580357,4399.8856305803565,-4.100837417459994,4.100837417459994,1.8518064911206367,0.016332715945445362,0.030802907553199643,-3377.3382512710814,stop,2,B
2026-08-10 01:05:00+00:00,2026-08-10 02:25:00+00:00,GC=F,-1.0,-79.58950752896216,range,4386.29990234375,4389.428369140625,4389.328369140625,-3.0232725546284738,3.0232725546284738,5.473328831870358,0.3947353929181122,4.400894322129774,-960.9371432792266,stop,17,B
2026-08-10 04:15:00+00:00,2026-08-10 08:10:00+00:00,GC=F,1.0,46.5839775857183,range,4392.8998046875,4413.9,4408.36443219866,4.763764840658222,4.763764840658222,1.5775947281713345,0.1882852881688357,0.388537946249997,9980.180383460674,time_stop,48,B
2026-08-10 11:00:00+00:00,2026-08-10 11:25:00+00:00,GC=F,-1.0,-36.38975585411957,range,4395.1998046875,4395.463943917411,4395.36394391741,-6.2432291876143475,6.2432291876143475,0.7762476310802273,0.4451549899193548,-0.4904113226529133,-196.12432091553728,stop,6,B
2026-08-10 13:55:00+00:00,2026-08-10 14:15:00+00:00,GC=F,-1.0,-67.72360669532212,range,4381.29990234375,4393.37863420759,4393.27863420759,-2.7367082390891735,2.7367082390891735,2.17293997965412,0.2716093105968698,2.792595642967905,-3319.2800421475413,stop,5,B
2026-08-10 14:30:00+00:00,2026-08-10 16:30:00+00:00,GC=F,1.0,43.45507769585068,range,4404.3998046875,4412.2928571428565,4412.392857142857,2.3450667644897387,2.3450667644897387,1.9643843443481572,0.23459647092855077,2.7252829711778777,1839.2481645205353,stop,25,B
2026-08-10 18:35:00+00:00,2026-08-10 22:00:00+00:00,GC=F,1.0,58.64139897442517,trend,4438.8001953125,4445.107240513393,4445.207240513393,4.132549195584457,4.132549195584457,1.5319986872333444,0.5149203020948608,0.10544339825608307,2585.7547111683452,stop,30,B
2026-08-10 22:45:00+00:00,2026-08-11 01:00:00+00:00,GC=F,1.0,37.75542172762688,range,4454.6,4464.750062779018,4464.850062779018,6.424493919018359,6.424493919018359,1.2682464454976303,0.11950496721789734,-0.4234670728684791,6488.779190550087,stop,28,B
2026-08-11 01:50:00+00:00,2026-08-11 02:35:00+00:00,GC=F,1.0,46.40079272612305,range,4487.1,4475.507142857143,4475.607142857143,2.2581787572904255,2.2581787572904255,1.1334225792057118,0.44117186276045744,1.038833254140403,-2629.165267416816,stop,10,B
2026-08-11 04:55:00+00:00,2026-08-11 05:30:00+00:00,GC=F,-1.0,-9.574829647150871,range,4465.6998046875,4451.393073381697,4451.293073381697,-3.8280163226839585,3.8280163226839585,1.3298360655737704,0.05133592798643776,-0.3695807000698236,5457.500014673217,stop,8,B
2026-08-11 05:35:00+00:00,2026-08-11 08:30:00+00:00,GC=F,-1.0,-45.663455317274185,trend,4443.6001953125,4429.000634765625,4428.900634765625,-2.532136427203677,2.532136427203677,1.7354577166022438,0.6975220685340933,0.6964746496024166,3684.147226054579,stop,36,B
2026-08-11 08:35:00+00:00,2026-08-11 11:00:00+00:00,GC=F,1.0,35.56149308505106,range,4429.8001953125,4439.978438895089,4440.07843889509,3.7542661290109947,3.7542661290109947,1.2315035799522673,0.09235242893574672,-0.00475113304565674,3802.4121828486664,stop,30,B
2026-08-11 11:05:00+00:00,2026-08-11 11:35:00+00:00,GC=F,1.0,43.629505523723196,range,4449.99990234375,4441.771344866072,4441.871344866072,4.179793054681466,4.179793054681466,2.1144781144781146,0.47141296007812317,1.3844176067910994,-3460.2657047983184,stop,7,B
2026-08-11 12:10:00+00:00,2026-08-11 13:50:00+00:00,GC=F,1.0,70.53885802144953,range,4452.6,4443.600027901785,4443.700027901786,3.803897182655742,3.803897182655742,1.94815396700707,0.47949372154685077,2.00549002825362,-3442.5163367513264,stop,21,B
2026-08-11 15:35:00+00:00,2026-08-11 16:30:00+00:00,GC=F,-1.0,-55.40129872024844,range,4436.50009765625,4442.8287248883935,4442.728724888393,-2.6532576467892195,2.6532576467892195,1.4161753058171258,0.39548131698368255,1.188760139540284,-1692.4141479703605,stop,12,B
2026-08-11 18:00:00+00:00,2026-08-11 19:30:00+00:00,GC=F,-1.0,-63.36114078601662,range,4428.4,4431.178996930804,4431.078996930803,-4.270422641842687,4.270422641842687,2.8895184135977336,0.40722376038258246,1.342296524945299,-1208.1012547009589,stop,19,B
2026-08-11 22:25:00+00:00,2026-08-11 22:50:00+00:00,GC=F,1.0,30.93965280654198,range,4434.3001953125,4431.678459821428,4431.778459821428,6.501267008606559,6.501267008606559,0.9674048270714107,0.17807394525175163,-0.6426691602589063,-1736.9665803831497,stop,6,B
2026-08-11 23:05:00+00:00,2026-08-11 23:20:00+00:00,GC=F,-1.0,-34.95213088880266,range,4423.9,4430.885672433035,4430.785672433035,-4.875599177191456,4.875599177191456,2.8415841584158414,0.18919810620432537,0.5969242361759836,-3430.3118725497416,stop,4,B
2026-08-12 00:35:00+00:00,2026-08-12 03:40:00+00:00,GC=F,1.0,-4.6078346192984805,range,4441.1,4462.14267578125,4462.24267578125,4.646170963048042,4.646170963048042,0.5897727272727273,0.13083019358191503,-0.4404970829989747,9753.556065152225,stop,38,B
2026-08-12 05:25:00+00:00,2026-08-12 06:40:00+00:00,GC=F,-1.0,-24.550837663777028,range,4453.79990234375,4456.807101004465,4456.707101004465,-5.233364364478943,5.233364364478943,1.5321843123461134,0.37789325701661897,0.201823153217435,-1599.9434526120742,stop,16,B
2026-08-12 07:50:00+00:00,2026-08-12 08:55:00+00:00,GC=F,1.0,16.786503302389793,range,4468.6,4462.0714215959815,4462.171421595982,4.365235385050115,4.365235385050115,0.8242477104230266,0.48717948717948717,-0.07991423156786849,-2871.7043232549568,stop,14,B
2026-08-12 09:15:00+00:00,2026-08-12 09:20:00+00:00,GC=F,1.0,66.64578512736361,range,4472.70009765625,4472.999923270089,4473.09992327009,5.526998963817219,5.526998963817219,1.9088050314465408,0.40489489668314177,1.7453843251645569,138.07859088228656,stop,2,B
2026-08-12 09:25:00+00:00,2026-08-12 09:25:00+00:00,GC=F,1.0,39.06919166164613,range,4483.3001953125,4474.557198660715,4474.657198660715,3.8923325820373678,3.8923325820373678,2.145104895104895,0.19231360229465094,2.3257198547027493,-3422.5267361490914,stop,1,B
2026-08-12 12:30:00+00:00,2026-08-12 12:30:00+00:00,GC=F,1.0,31.367198962421124,range,4488.1,4471.156947544643,4471.2569475446435,1.9902347942731855,1.9902347942731855,10.20252904287036,0.13096796521163423,7.308144251936163,-3382.0164257561382,stop,1,B
2026-08-12 13:00:00+00:00,2026-08-12 13:30:00+00:00,GC=F,1.0,30.655791123242114,range,4497.8998046875,4472.471121651785,4472.571121651786,1.3187917593827925,1.3187917593827925,2.479783052500076,0.2505763533683394,2.0428618329134247,-3360.107722742715,stop,7,B
2026-08-12 16:50:00+00:00,2026-08-12 18:20:00+00:00,GC=F,-1.0,-7.00653073135387,range,4462.4,4468.6644182477685,4468.564418247768,-2.8800624418748897,2.8800624418748897,1.0805433326956189,0.2122809098912901,-0.43672979693378516,-1818.5918837688498,stop,19,B
2026-08-12 18:50:00+00:00,2026-08-12 19:45:00+00:00,GC=F,1.0,-6.234357475405624,range,4477.3998046875,4470.1641950334815,4470.264195033482,4.338647120615458,4.338647120615458,0.8234930448222566,0.13714130941812,-0.62454562759982,-3160.9689347337044,stop,12,B
2026-08-12 22:30:00+00:00,2026-08-12 23:00:00+00:00,GC=F,-1.0,-4.903727357627808,range,4457.4,4462.3857421875,4462.2857421875,-6.367060985095774,6.367060985095774,0.7288645690834473,0.4277612559651428,-0.7028469868742676,-3206.2877613034416,stop,7,B
2026-08-13 00:00:00+00:00,2026-08-13 00:30:00+00:00,GC=F,1.0,76.75998904547862,range,4473.3001953125,4490.357135881696,4490.457135881697,6.323210335603882,6.323210335603882,4.843678908027299,0.3985563654376902,3.156756365068834,10753.846238414004,stop,7,B
2026-08-13 00:35:00+00:00,2026-08-13 00:45:00+00:00,GC=F,1.0,52.89520957780465,trend,4503.49990234375,4490.114048549107,4490.214048549107,2.512110634901895,2.512110634901895,2.8905218582637935,0.5671093887616699,2.2231208046587816,-3375.235120651087,stop,3,B
2026-08-13 02:35:00+00:00,2026-08-13 05:10:00+00:00,GC=F,-1.0,-11.62701874084938,range,4460.9,4459.100069754465,4459.000069754465,-2.530454452982159,2.530454452982159,0.9515058703420113,0.3025120597515912,0.31985964451124843,442.81187822211814,stop,32,B
2026-08-13 05:45:00+00:00,2026-08-13 08:45:00+00:00,GC=F,-1.0,-40.92336552899144,range,4445.1001953125,4433.02121233259,4432.92121233259,-2.9296712966158522,2.9296712966158522,2.2265181760874135,0.29198061637561684,1.7090012985588372,3524.096616372177,stop,37,B
2026-08-13 09:20:00+00:00,2026-08-13 11:30:00+00:00,GC=F,1.0,-10.119562535980185,range,4436.8998046875,4444.264397321428,4444.364397321428,4.452915253439742,4.452915253439742,0.6328491620111731,0.03910604366129311,-0.6250025105877745,3257.126111231469,stop,27,B
2026-08-13 13:35:00+00:00,2026-08-13 14:40:00+00:00,GC=F,-1.0,-28.60146873907235,range,4435.4,4435.342745535715,4435.242745535715,-2.0239333244168405,2.0239333244168405,1.7676841337639337,0.10839098282442748,1.9061084750226938,1.4682552016386836,stop,14,B
2026-08-13 16:20:00+00:00,2026-08-13 16:30:00+00:00,GC=F,-1.0,-5.735724997967127,range,4408.6001953125,4421.242954799107,4421.1429547991065,-2.671684330546933,2.671684330546933,0.7473482428115016,0.19277983903819265,-0.2560937290095578,-3391.104663176952,stop,3,B
2026-08-13 19:15:00+00:00,2026-08-13 19:35:00+00:00,GC=F,-1.0,-23.22628250893814,range,4403.00009765625,4410.278466796875,4410.178466796875,-4.410293286035268,4.410293286035268,1.5275343602988656,0.4148327184836535,0.0022447595963809254,-3232.025721848969,stop,5,B
2026-08-13 22:40:00+00:00,2026-08-13 22:45:00+00:00,GC=F,1.0,31.748164293264935,range,4417.20009765625,4411.642926897322,4411.742926897322,6.09812041601663,6.09812041601663,2.2868510045752934,0.2337908838335213,0.4697096644653646,-3419.320248111521,stop,2,B
2026-08-14 00:20:00+00:00,2026-08-14 03:20:00+00:00,GC=F,-1.0,-20.560441764193488,range,4404.79990234375,4380.449958147322,4380.349958147322,-3.8113633772355753,3.8113633772355753,0.566825938566553,0.14983459507602265,-0.5543209913628834,9261.591737913275,stop,37,B
2026-08-14 05:35:00+00:00,2026-08-14 05:35:00+00:00,GC=F,-1.0,-26.667000907707266,range,4371.6998046875,4378.428431919643,4378.328431919643,-5.051266687390749,5.051266687390749,2.376137084831817,0.14552216242365604,0.21771208384353125,-3424.0653923966115,stop,1,B
2026-08-14 05:55:00+00:00,2026-08-14 09:50:00+00:00,GC=F,1.0,54.521775574627355,range,4385.8001953125,4410.79990234375,4403.007045200893,3.6040517799568916,3.6040517799568916,2.3408905561898545,0.19682364019376572,0.6675359434384238,8992.003603537692,time_stop,48,B
2026-08-14 11:35:00+00:00,2026-08-14 12:45:00+00:00,GC=F,1.0,16.240202950810897,range,4418.1,4428.471533203125,4428.571533203125,5.444602140897089,5.444602140897089,1.4948623620449069,0.26011120205469784,1.0338362529837746,5619.664177507082,stop,15,B
2026-08-14 13:35:00+00:00,2026-08-14 14:45:00+00:00,GC=F,1.0,79.20268048450076,range,4448.8001953125,4437.0787109375,4437.1787109375,2.754008087741991,2.754008087741991,2.4626884265603586,0.47943922733231664,3.4492820850842687,-3241.8763173480484,stop,15,B
2026-08-14 18:45:00+00:00,2026-08-14 19:50:00+00:00,GC=F,-1.0,-74.5116661177213,range,4433.4,4435.121344866072,4435.021344866072,-4.9338778788638145,4.9338778788638145,4.3107710417892875,0.3007045539911447,2.7310695576813506,-873.9599250553039,stop,14,B
2026-08-16 22:55:00+00:00,2026-08-16 23:20:00+00:00,GC=F,1.0,35.59150915022305,range,4439.20009765625,4433.464453125,4433.564453125,5.662296254694472,5.662296254694472,1.0439798125450612,0.2139015092171915,-0.3301706515007809,-3276.0033360294547,stop,6,B
2026-08-16 23:35:00+00:00,2026-08-17 00:10:00+00:00,GC=F,-1.0,-30.03149287610541,range,4426.6001953125,4433.8426409040185,4433.742640904018,-4.3901171755989346,4.3901171755989346,2.563327032136106,0.08297529824411774,0.6276915140523077,-3201.469064344761,stop,8,B
2026-08-17 00:30:00+00:00,2026-08-17 01:40:00+00:00,GC=F,1.0,57.28982132899233,range,4445.8998046875,4454.457233537946,4454.557233537947,3.336041865305997,3.336041865305997,2.1081866623607297,0.2399358409862876,0.9032362009321739,2838.113881119936,stop,15,B
2026-08-17 05:15:00+00:00,2026-08-17 05:20:00+00:00,GC=F,-1.0,14.297851973223295,range,4444.1998046875,4451.699846540178,4451.599846540178,-4.540933532103716,4.540933532103716,1.4927216585796208,0.0686197075225581,-0.15670883359526905,-3428.423821761565,stop,2,B
2026-08-17 06:55:00+00:00,2026-08-17 08:00:00+00:00,GC=F,1.0,22.291704937088465,range,4458.3998046875,4456.57156110491,4456.67156110491,4.3324106437369565,4.3324106437369565,1.2891156462585034,0.232814931464726,1.3098432187442601,-813.7322488745294,stop,14,B
2026-08-17 10:30:00+00:00,2026-08-17 10:35:00+00:00,GC=F,1.0,-29.800625812138243,range,4461.70009765625,4452.885881696428,4452.985881696429,3.839085797227856,3.839085797227856,2.5087216870606612,0.053305570015616865,2.254615749575201,-3403.048559491283,stop,2,B
2026-08-17 12:30:00+00:00,2026-08-17 13:45:00+00:00,GC=F,-1.0,-36.17501855734381,range,4442.1998046875,4448.2642717633935,4448.164271763393,-3.8127823915963184,3.8127823915963184,2.0063860667634255,0.17826511548913043,1.3770043917178667,-2331.313240096348,stop,16,B
2026-08-17 13:55:00+00:00,2026-08-17 17:15:00+00:00,GC=F,1.0,64.9281257192653,range,4457.99990234375,4477.657080078125,4477.757080078125,2.535693873173463,2.535693873173463,2.9501338857171726,0.16550876406630946,3.6273622699882013,4971.780045127601,stop,41,B
2026-08-17 17:25:00+00:00,2026-08-17 19:15:00+00:00,GC=F,-1.0,-37.457155943743224,range,4474.1001953125,4467.414453125,4467.314453125,-5.366797750903381,5.366797750903381,3.1545885817111072,0.22138561701704687,1.2163403268830397,3561.268624744578,stop,23,B
2026-08-17 22:30:00+00:00,2026-08-17 22:45:00+00:00,GC=F,-1.0,-13.660631068937272,range,4468.29990234375,4472.028599330357,4471.9285993303565,-6.436163311714043,6.436163311714043,1.3321829163071612,0.191287918992931,-0.5160422711977044,-2432.031091128597,stop,4,B
2026-08-17 23:30:00+00:00,2026-08-18 00:00:00+00:00,GC=F,1.0,0.40951611980780944,range,4476.3998046875,4476.6497907366065,4476.749790736607,5.945935713503612,5.945935713503612,0.6911764705882353,0.24614546752051683,-0.6396316909092176,118.91041915827736,stop,7,B
2026-08-18 01:00:00+00:00,2026-08-18 01:15:00+00:00,GC=F,1.0,49.07863611082369,range,4491.70009765625,4480.82861328125,4480.92861328125,3.1074285007508764,3.1074285007508764,3.322976287816844,0.41538692679995276,3.5513812238044564,-3393.77318173815,stop,4,B
2026-08-18 01:45:00+00:00,2026-08-18 05:20:00+00:00,GC=F,-1.0,-69.22581190392648,range,4468.29990234375,4451.02170061384,4450.92170061384,-2.9893482304112626,2.9893482304112626,2.6571077427283902,0.2576304290254237,3.504066411860894,5150.109435447353,stop,44,B
2026-08-18 05:35:00+00:00,2026-08-18 05:40:00+00:00,GC=F,-1.0,-6.362754871422186,range,4442.50009765625,4449.457240513393,4449.357240513393,-4.890242191209021,4.890242191209021,1.0264680105170902,0.14212173210861007,-0.3293751486531976,-3426.6625639831977,stop,2,B
2026-08-18 06:30:00+00:00,2026-08-18 08:00:00+00:00,GC=F,1.0,-2.984613918179237,range,4454.8001953125,4450.878515625,4450.978515625,3.924261093823792,3.924261093823792,0.8598237133920956,0.05282747692137606,-0.29377274333009745,-1558.5908074789336,stop,19,B
2026-08-18 10:45:00+00:00,2026-08-18 11:05:00+00:00,GC=F,1.0,32.99994513864253,range,4455.3998046875,4449.485630580357,4449.585630580357,5.737462420013277,5.737462420013277,1.0561667631731326,0.17204625703897194,-0.3181677371251761,-3421.922480615196,stop,5,B
2026-08-18 13:40:00+00:00,2026-08-18 14:30:00+00:00,GC=F,1.0,37.78398243654359,range,4458.8998046875,4444.071219308035,4444.171219308036,2.256757000076122,2.256757000076122,2.2737717908082407,0.14120676554189063,2.3027716464846817,-3357.735170633797,stop,11,B
2026-08-18 15:00:00+00:00,2026-08-18 16:20:00+00:00,GC=F,-1.0,-24.69529991052876,range,4422.50009765625,4423.63564453125,4423.53564453125,-1.6056105454632803,1.6056105454632803,1.4889026391541793,0.14952418941250215,1.71553126929278,-190.35265646422042,stop,17,B
2026-08-18 18:05:00+00:00,2026-08-18 18:25:00+00:00,GC=F,-1.0,-11.446534011130842,range,4409.00009765625,4416.457240513393,4416.357240513393,-4.501021079157961,4.501021079157961,1.1575954508529651,0.28888808514101255,-0.6440892403894435,-3378.9808244252927,stop,5,B
2026-08-18 19:45:00+00:00,2026-08-18 22:05:00+00:00,GC=F,-1.0,-63.52578728975609,range,4404.1998046875,4394.799637276786,4394.699637276785,-4.059351736398222,4.059351736398222,3.6482023656165827,0.2954479881039572,0.9335012737766099,3795.5618314295743,stop,17,B
2026-08-18 23:30:00+00:00,2026-08-19 00:00:00+00:00,GC=F,-1.0,-35.722652183110156,range,4382.79990234375,4389.528390066965,4389.428390066964,-4.998008113011417,4.998008113011417,2.6854403834631513,0.30532189897829387,1.211659565683965,-3387.893663457705,stop,7,B
2026-08-19 00:15:00+00:00,2026-08-19 01:00:00+00:00,GC=F,1.0,8.9900798292275,range,4395.99990234375,4387.18581891741,4387.28581891741,3.667879443374022,3.667879443374022,1.0516589668206635,0.13278903283005386,-0.07003798977514883,-3251.2389383826335,stop,10,B
2026-08-19 01:35:00+00:00,2026-08-19 04:05:00+00:00,GC=F,1.0,49.72286858327275,range,4404.49990234375,4407.471254185268,4407.571254185268,2.2313828891604257,2.2313828891604257,1.489485705284713,0.38700800706221505,0.8759174454480553,651.8654512379203,stop,31,B
2026-08-19 04:40:00+00:00,2026-08-19 05:00:00+00:00,GC=F,-1.0,-18.457997669442793,range,4399.6998046875,4404.164243861607,4404.064243861607,-6.4011359173916835,6.4011359173916835,1.3083475298126066,0.30769099445155784,-0.4036805495939753,-2889.7538744260273,stop,5,B
2026-08-19 05:10:00+00:00,2026-08-19 06:20:00+00:00,GC=F,-1.0,-56.70521651274854,range,4395.79990234375,4400.035895647322,4399.935895647322,-5.162410271102895,5.162410271102895,1.6407308560870457,0.41778315916927694,-0.1458750893866361,-2212.6055852239797,stop,15,B
2026-08-19 07:35:00+00:00,2026-08-19 08:00:00+00:00,GC=F,1.0,17.29860795247204,range,4413.20009765625,4404.907254464285,4405.007254464285,3.6263762836585642,3.6263762836585642,1.118950540684276,0.24638114183722412,0.9620450665335664,-3025.4288689625646,stop,6,B
2026-08-19 10:15:00+00:00,2026-08-19 11:40:00+00:00,GC=F,1.0,52.30845772599732,range,4418.49990234375,4420.900244140625,4421.000244140625,5.065320724406127,5.065320724406127,1.810558530986993,0.21512178229250836,0.5841748087781344,1190.5235013145189,stop,18,B
2026-08-19 12:40:00+00:00,2026-08-19 16:35:00+00:00,GC=F,1.0,85.99455632138582,trend,4468.3001953125,4553.1998046875,4543.328648158482,2.104321817756997,2.104321817756997,5.323048232601509,0.6204024419911264,3.8039015462161268,17855.088423596953,time_stop,48,B
2026-08-19 18:30:00+00:00,2026-08-19 18:40:00+00:00,GC=F,-1.0,-35.87911429438044,range,4533.79990234375,4545.099888392857,4544.9998883928565,-2.9733791405816756,2.9733791405816756,3.0280471821756225,0.2798476870661541,1.122292741053863,-3374.7811764308512,stop,3,B
2026-08-19 19:10:00+00:00,2026-08-19 22:55:00+00:00,GC=F,1.0,-4.321887958195935,range,4563.70009765625,4574.849846540178,4574.949846540178,2.679169335650612,2.679169335650612,0.5379744376675343,0.16404998397949375,-0.7200457393069187,2973.810684324124,stop,34,B
2026-08-20 00:45:00+00:00,2026-08-20 03:30:00+00:00,GC=F,-1.0,-14.411775505148407,range,4563.29990234375,4554.54287109375,4554.44287109375,-3.716384368536978,3.716384368536978,1.2177985948477752,0.31234060004870107,-0.2806681947860937,3235.8674833860273,stop,34,B
2026-08-20 05:15:00+00:00,2026-08-20 06:00:00+00:00,GC=F,-1.0,-14.290122323441967,range,4542.79990234375,4546.293010602679,4546.193010602678,-5.0389585366638965,5.0389585366638965,1.1622566150773839,0.1820291126528068,-0.32619966392894434,-1785.357560765549,stop,10,B
2026-08-20 08:20:00+00:00,2026-08-20 08:30:00+00:00,GC=F,1.0,4.074784703355547,range,4553.6,4545.714285714285,4545.814285714286,4.282014154367389,4.282014154367389,1.0014762326542663,0.059467877316159004,0.2837368332916756,-3398.08408964473,stop,3,B
2026-08-20 09:55:00+00:00,2026-08-20 10:15:00+00:00,GC=F,-1.0,-6.235406265760869,range,4540.4,4548.242954799107,4548.1429547991065,-4.290300885390938,4.290300885390938,0.9466798810703666,0.19728071923647555,-0.0742711010528164,-3386.315096296047,stop,5,B
2026-08-20 11:45:00+00:00,2026-08-20 12:45:00+00:00,GC=F,-1.0,-74.90869540396747,range,4530.6998046875,4525.37130998884,4525.27130998884,-3.448044699134116,3.448044699134116,3.9676300578034684,0.2547599302723103,5.3455079340040825,1820.0485665120761,stop,13,B
2026-08-20 14:35:00+00:00,2026-08-20 15:40:00+00:00,GC=F,1.0,22.078681936388033,range,4550.3001953125,4566.878655133928,4566.978655133928,2.008255103684364,2.008255103684364,1.0138164516424193,0.4477251454715635,0.5008267561969736,3319.3363792424166,stop,14,B
2026-08-20 18:55:00+00:00,2026-08-20 20:25:00+00:00,GC=F,1.0,0.09532084079906022,range,4581.20009765625,4576.9500837053565,4577.050083705357,3.8698668951959965,3.8698668951959965,0.5472376593658058,0.23694015216879755,-0.7165051192878934,-1664.0481637445027,stop,19,B
2026-08-20 23:15:00+00:00,2026-08-20 23:25:00+00:00,GC=F,1.0,5.138661067785961,range,4587.6,4581.056989397322,4581.156989397322,5.156397162428941,5.156397162428941,0.8435490784397771,0.28570995329653665,-0.5867961931948343,-3399.6181163516912,stop,3,B
2026-08-21 00:40:00+00:00,2026-08-21 01:10:00+00:00,GC=F,-1.0,-14.2454881143134,range,4569.6001953125,4577.671595982143,4577.571595982143,-4.1528128276309815,4.1528128276309815,1.00119189511323,0.18906894749135236,0.10976697611202778,-3372.665687922629,stop,7,B
2026-08-21 01:35:00+00:00,2026-08-21 01:40:00+00:00,GC=F,1.0,37.51511893978173,range,4594.20009765625,4581.071428571428,4581.171428571429,2.5317775316306506,2.5317775316306506,3.835238300625404,0.08389316729477306,4.430576618159646,-3336.5458285747613,stop,2,B
2026-08-21 04:25:00+00:00,2026-08-21 05:00:00+00:00,GC=F,1.0,63.461308995156095,range,4599.6,4593.907045200893,4594.007045200893,3.834768879258252,3.834768879258252,1.9781591263650546,0.31338715878508266,0.974789581680042,-2202.290433860469,stop,8,B
2026-08-21 06:00:00+00:00,2026-08-21 09:25:00+00:00,GC=F,1.0,27.171207522942243,range,4609.99990234375,4641.5640973772315,4641.664097377232,2.984956023502306,2.984956023502306,1.7773475314617617,0.18468087872091513,1.179724397796805,9406.848629101602,stop,42,B
2026-08-21 11:25:00+00:00,2026-08-21 12:15:00+00:00,GC=F,1.0,2.090838446688606,range,4654.99990234375,4645.721498325893,4645.821498325893,3.450176856089024,3.450176856089024,0.7938772862887534,0.2771143066049232,-0.5602448018407681,-3218.464364666019,stop,11,B
2026-08-21 12:35:00+00:00,2026-08-21 13:10:00+00:00,GC=F,-1.0,-76.37636080371391,range,4634.9,4641.964432198661,4641.86443219866,-2.3918883171969374,2.3918883171969374,2.4518394942488366,0.435425219941349,2.4144124208807085,-1701.6927259467088,stop,8,B
2026-08-21 14:25:00+00:00,2026-08-21 14:40:00+00:00,GC=F,1.0,45.03561946961122,range,4654.1,4636.771414620535,4636.871414620536,1.9124533944578659,1.9124533944578659,1.1919143304054867,0.15571162365515787,1.0785137545450951,-3323.5734599833754,stop,4,B
2026-08-21 15:30:00+00:00,2026-08-21 17:20:00+00:00,GC=F,1.0,6.660328380649808,range,4660.3998046875,4674.7855329241065,4674.885532924107,2.061217737479845,2.061217737479845,0.6468779632769173,0.33333000494266013,-0.3492109093877819,2954.9057320983275,stop,23,B
2026-08-24 00:05:00+00:00,2026-08-24 00:20:00+00:00,GC=F,1.0,70.84653351040802,range,4685.1,4681.614215959821,4681.714215959822,3.0455897978805297,3.0455897978805297,4.951166645416294,0.17109461084744298,5.038313405710279,-1076.8547800278477,stop,4,B
2026-08-24 00:30:00+00:00,2026-08-24 00:55:00+00:00,GC=F,-1.0,-6.990816507025437,range,4661.50009765625,4678.9716796875,4678.8716796875,-1.893798345119372,1.893798345119372,1.1214366663760789,0.12591267764505032,0.4562264154469701,-3318.2343054655266,stop,6,B
2026-08-24 02:15:00+00:00,2026-08-24 02:45:00+00:00,GC=F,1.0,37.0343822635036,range,4707.20009765625,4689.914481026785,4690.014481026786,1.9075332476573041,1.9075332476573041,0.8840833200826841,0.2402794343158971,0.4423082895300624,-3306.8265089345414,stop,7,B
2026-08-24 05:35:00+00:00,2026-08-24 05:50:00+00:00,GC=F,-1.0,-24.385196261452318,range,4688.79990234375,4698.699846540178,4698.599846540178,-3.3333247128373853,3.3333247128373853,1.7481626653601177,0.2720646973817666,-0.1131691423718076,-3316.6394881309056,stop,4,B
2026-08-24 06:10:00+00:00,2026-08-24 06:25:00+00:00,GC=F,1.0,45.51704957806296,range,4705.6,4697.378829520089,4697.47882952009,2.7060925100549484,2.7060925100549484,1.4578026592022395,0.24679985003481333,-0.07761918040998049,-2238.2552485074893,stop,4,B
2026-08-24 08:30:00+00:00,2026-08-24 08:40:00+00:00,GC=F,-1.0,-30.174794147759556,range,4684.9,4698.785714285715,4698.685714285714,-2.3554800415565005,2.3554800415565005,1.5678391959798994,0.21989441795661677,1.3291769777928037,-3282.529686483558,stop,3,B
2026-08-24 11:35:00+00:00,2026-08-24 11:35:00+00:00,GC=F,1.0,76.69478001001868,range,4709.20009765625,4709.00009765625,4709.10009765625,2.527935941957974,2.527935941957974,7.465357749669624,0.378699122395175,6.76143178373881,-63.19839854913329,stop,1,B
2026-08-24 11:40:00+00:00,2026-08-24 12:30:00+00:00,GC=F,1.0,43.89373607616416,range,4718.6,4704.25732421875,4704.35732421875,2.2716851013500063,2.2716851013500063,3.1410213053770715,0.3203660658158268,2.4600178200157936,-3269.562714082751,stop,11,B
2026-08-24 13:15:00+00:00,2026-08-24 13:40:00+00:00,GC=F,1.0,0.755820014911998,range,4734.99990234375,4717.9140625,4718.0140625,1.8980774561167357,1.8980774561167357,0.7394094993581515,0.22266603796378204,0.07177374409487194,-3252.5151299049494,stop,6,B
2026-08-24 15:50:00+00:00,2026-08-24 19:15:00+00:00,GC=F,-1.0,-12.259629848158365,range,4703.4,4698.65712890625,4698.55712890625,-1.8662680522314938,1.8662680522314938,1.2444066664642845,0.1434390196653073,0.5374184657503998,875.8155395504939,stop,42,B
2026-08-24 19:50:00+00:00,2026-08-24 23:25:00+00:00,GC=F,1.0,9.624846046698378,range,4711.3001953125,4726.09988141741,4726.19988141741,3.7959472895590176,3.7959472895590176,1.2380556709597008,0.22564602750282975,-0.25920783485107285,5598.903099177787,stop,32,B
2026-08-24 23:55:00+00:00,2026-08-25 01:00:00+00:00,GC=F,1.0,29.231003740263095,trend,4736.3998046875,4732.764327566964,4732.864327566965,4.117609027663902,4.117609027663902,1.1670190274841437,0.6355214821913432,-0.26540392522884404,-1517.5353862768,stop,14,B
2026-08-25 01:25:00+00:00,2026-08-25 04:00:00+00:00,GC=F,-1.0,-1.0373755285772746,range,4723.29990234375,4688.3856096540185,4688.285609654018,-1.9885778719931075,1.9885778719931075,1.2920875949049382,0.0,1.215280692173608,6933.036096549044,stop,32,B
2026-08-25 05:20:00+00:00,2026-08-25 06:55:00+00:00,GC=F,1.0,39.177429136680885,range,4700.1,4695.507386997768,4695.607386997768,3.4514792425075544,3.4514792425075544,1.3961136023916294,0.18604805208323477,-0.36014620181731183,-1602.3882408201534,stop,20,B
2026-08-25 07:30:00+00:00,2026-08-25 08:20:00+00:00,GC=F,-1.0,2.7880479602700246,range,4691.00009765625,4691.592431640625,4691.492431640625,-3.4094361889223257,3.4094361889223257,0.8307506540551419,0.12618395159362183,-0.3286450434454451,-218.99967317052779,stop,11,B
2026-08-25 13:15:00+00:00,2026-08-25 14:30:00+00:00,GC=F,-1.0,-27.329292740869306,range,4678.00009765625,4686.750006975447,4686.650006975447,-2.363332782440079,2.363332782440079,1.4716918479163208,0.2105288074610614,1.2704063158880017,-2079.7114176558907,stop,16,B
2026-08-25 15:35:00+00:00,2026-08-25 16:20:00+00:00,GC=F,1.0,80.95389093989498,trend,4705.3001953125,4697.742738560268,4697.842738560268,2.064083163597436,2.064083163597436,2.355426205406703,0.5011687299800883,3.0494208015917863,-1570.2423400078965,stop,10,B
2026-08-25 19:00:00+00:00,2026-08-25 19:35:00+00:00,GC=F,1.0,17.736798700844272,range,4711.49990234375,4714.850055803571,4714.950055803572,5.194114718542005,5.194114718542005,1.4906832298136645,0.27017474772335714,-0.19198481616776158,1714.1375659102705,stop,8,B
2026-08-25 23:55:00+00:00,2026-08-26 01:00:00+00:00,GC=F,-1.0,-9.12146962246386,range,4711.9,4702.521561104911,4702.42156110491,-5.78762356910436,5.78762356910436,1.183059476972923,0.11445127511250992,-0.42561745473901874,5398.949281216663,stop,14,B
2026-08-26 02:45:00+00:00,2026-08-26 03:00:00+00:00,GC=F,1.0,4.857744836444162,trend,4724.3001953125,4713.357352120535,4713.457352120536,3.006611811337587,3.006611811337587,0.4848089924248595,0.505155504098395,-0.43110515292508184,-3305.121218114407,stop,4,B
2026-08-26 05:45:00+00:00,2026-08-26 07:00:00+00:00,GC=F,-1.0,-52.79903051184522,range,4694.50009765625,4694.357114955357,4694.257114955357,-3.887071558150588,3.887071558150588,1.873846153846154,0.2558154624793174,0.1899146358658772,36.143041203882376,stop,16,B
2026-08-26 08:20:00+00:00,2026-08-26 09:45:00+00:00,GC=F,-1.0,-4.365049036193335,range,4680.6998046875,4681.299741908482,4681.199741908482,-3.809043538675527,3.809043538675527,0.9850234366068367,0.044248552415521565,0.4227656648239697,-247.56391721285422,stop,18,B
2026-08-26 10:30:00+00:00,2026-08-26 10:35:00+00:00,GC=F,-1.0,-6.667449725736073,range,4671.1001953125,4678.4716796875,4678.3716796875,-4.466370243166045,4.466370243166045,0.8744409294207484,0.19517618683451968,-0.17263619703558034,-3314.7096972623376,stop,2,B
2026-08-26 12:05:00+00:00,2026-08-26 12:30:00+00:00,GC=F,1.0,36.21933015900449,range,4683.3998046875,4675.585518973215,4675.685518973215,4.194960855133308,4.194960855133308,2.1429046194749084,0.09724238026124818,2.0700762326965685,-3299.0370725012554,stop,6,B
2026-08-26 22:20:00+00:00,2026-08-27 00:15:00+00:00,GC=F,1.0,11.420743933341504,range,4664.8998046875,4669.178634207589,4669.27863420759,3.845327915764033,3.845327915764033,1.2389518967540085,0.23809800616171597,-0.39659063638196623,1626.123620460506,stop,24,B
2026-08-27 00:45:00+00:00,2026-08-27 01:05:00+00:00,GC=F,-1.0,15.807166226175864,range,4660.4,4669.785784040178,4669.685784040178,-3.478712673711938,3.478712673711938,1.3928701788538753,0.0036443992978516756,1.2488342515300217,-3282.4381526978846,stop,5,B
2026-08-27 01:40:00+00:00,2026-08-27 02:35:00+00:00,GC=F,1.0,35.43681859911103,range,4683.1,4680.178703962053,4680.278703962053,2.135676066673343,2.135676066673343,2.2147255689424363,0.018649093154411305,3.1693640790614235,-634.5725835245348,stop,12,B
2026-08-27 05:35:00+00:00,2026-08-27 09:30:00+00:00,GC=F,-1.0,-32.979715650128576,trend,4665.00009765625,4647.1,4656.864362444197,-4.4762831677930395,4.4762831677930395,1.620219487861656,0.6231884057971014,0.10911936314905582,7990.2091682130595,time_stop,48,B
2026-08-27 09:40:00+00:00,2026-08-27 10:15:00+00:00,GC=F,-1.0,-33.43836138755182,range,4637.6998046875,4636.271247209822,4636.171247209822,-3.4411253903072643,3.4411253903072643,1.6706883083065704,0.3291818724032309,0.7708434230992238,474.37891384347245,stop,8,B
2026-08-27 13:35:00+00:00,2026-08-27 14:30:00+00:00,GC=F,-1.0,-27.736878497207147,range,4628.29990234375,4639.349895368304,4639.249895368303,-2.451271812051961,2.451271812051961,1.5439490445859874,0.3707462091644384,1.0401366429732297,-2720.9100015063027,stop,12,B
2026-08-27 14:45:00+00:00,2026-08-27 17:55:00+00:00,GC=F,1.0,6.059929907653876,range,4648.99990234375,4660.2139997209815,4660.313999720982,1.8786667251470595,1.8786667251470595,0.9727289016305323,0.14881341645957769,0.5083991955216199,2097.3618258905735,stop,39,B
2026-08-27 19:10:00+00:00,2026-08-27 19:15:00+00:00,GC=F,1.0,-1.3453950680948,range,4671.3001953125,4663.971540178572,4664.071540178572,4.487683399726485,4.487683399726485,0.8786917256529168,0.1244219929570334,-0.6917582549945207,-3311.3068156838904,stop,2,B
2026-08-27 20:55:00+00:00,2026-08-27 22:00:00+00:00,GC=F,-1.0,7.578522273779599,range,4654.50009765625,4659.528669084822,4659.428669084821,-5.952456107350575,5.952456107350575,0.5501830090541322,0.24804304036308933,-1.0009907892742311,-3022.9973516619075,stop,2,B
2026-08-27 23:50:00+00:00,2026-08-28 00:10:00+00:00,GC=F,-1.0,-32.33747072696674,range,4649.1998046875,4654.956891741072,4654.856891741071,-5.695195194262,5.695195194262,0.9701453104359312,0.19526746890484376,-0.39336810284642676,-3307.249428016389,stop,5,B
2026-08-28 00:35:00+00:00,2026-08-28 01:05:00+00:00,GC=F,-1.0,-8.555214367537111,range,4642.29990234375,4650.0215959821435,4649.921595982143,-4.208118545984975,4.208118545984975,0.7462627067968906,0.45794307227197534,-0.30968381773301473,-3270.4208133438588,stop,7,B
2026-08-28 01:40:00+00:00,2026-08-28 02:35:00+00:00,GC=F,-1.0,-24.465030789302084,range,4633.4,4641.771282087054,4641.671282087053,-2.6816127714584814,2.6816127714584814,1.5542553191489363,0.25689016136690596,1.7502701339096955,-2258.2617596698997,stop,12,B
2026-08-28 05:40:00+00:00,2026-08-28 06:10:00+00:00,GC=F,-1.0,-63.453600707322266,range,4626.79990234375,4634.414034598215,4634.314034598215,-4.230448091349567,4.230448091349567,3.183673469387755,0.20728736833909842,2.1703114467587965,-3242.2713667753824,stop,7,B
2026-08-28 06:45:00+00:00,2026-08-28 07:10:00+00:00,GC=F,1.0,71.68954628925056,range,4640.8998046875,4649.643408203125,4649.743408203125,3.3469661348039725,3.3469661348039725,3.373143023594524,0.3088022749822267,4.687442561262017,2909.7196556207205,stop,6,B
2026-08-28 10:55:00+00:00,2026-08-28 12:20:00+00:00,GC=F,-1.0,10.490799400249411,range,4651.1001953125,4653.564250837054,4653.464250837053,-5.097767629118888,5.097767629118888,0.679245283018868,0.08601430727833563,-0.7997432050552853,-1281.6070870879748,stop,18,B
2026-08-28 12:40:00+00:00,2026-08-28 12:55:00+00:00,GC=F,-1.0,-7.776618291367518,range,4641.6001953125,4650.957240513393,4650.857240513393,-3.440888656347385,3.440888656347385,0.9871987951807228,0.23847546357453886,0.4478774203196991,-3236.8595121501485,stop,4,B
2026-08-28 13:40:00+00:00,2026-08-28 13:55:00+00:00,GC=F,1.0,15.074989844569593,range,4658.6,4658.628271484375,4658.728271484375,2.8410774940925267,2.8410774940925267,1.0868731159221705,0.19678013961879362,0.9026481687763287,-6.17323967242919,stop,4,B
2026-08-28 14:05:00+00:00,2026-08-28 18:00:00+00:00,GC=F,-1.0,-74.09915763641638,range,4630.6001953125,4510.99990234375,4535.314453125,-1.1925546036390504,1.1925546036390504,6.507734303912648,0.23059262920854617,5.152405486555602,14257.025224627918,time_stop,48,B
2026-08-28 18:45:00+00:00,2026-08-28 19:35:00+00:00,GC=F,-1.0,4.230313414509078,range,4500.4,4516.828445870536,4516.728445870535,-1.902759976937638,1.902759976937638,0.35984021304926767,0.38582697347763956,-1.035691020767831,-3135.452728458929,stop,11,B
2026-08-30 23:45:00+00:00,2026-08-30 23:55:00+00:00,GC=F,-1.0,-57.88909886658408,range,4496.1001953125,4500.814460100447,4500.714460100447,-3.1063229053942214,3.1063229053942214,2.8042675420599097,0.13945956718871966,0.685416801213272,-1479.9344838163795,stop,3,B
2026-08-31 00:40:00+00:00,2026-08-31 01:00:00+00:00,GC=F,1.0,1.3278982697197093,range,4519.6,4504.05712890625,4504.15712890625,2.0771016485495144,2.0771016485495144,1.1884424554917794,0.07929747577409953,0.01770972101083594,-3238.797825444895,stop,5,B
2026-08-31 02:05:00+00:00,2026-08-31 03:00:00+00:00,GC=F,-1.0,-10.791953096335368,range,4476.29990234375,4475.6358537946435,4475.535853794643,-1.2120328668490885,1.2120328668490885,1.1172436139763462,0.19802896675601925,0.6140889632096002,74.4247023357658,stop,12,B
2026-08-31 05:30:00+00:00,2026-08-31 06:05:00+00:00,GC=F,1.0,27.275383165475958,range,4490.3998046875,4479.4140625,4479.5140625,2.936470421333589,2.936470421333589,2.7004655975168133,0.1500003814668162,0.45894607775634594,-3240.6130511058054,stop,8,B
2026-08-31 08:05:00+00:00,2026-08-31 08:10:00+00:00,GC=F,1.0,7.51255266754088,range,4498.70009765625,4488.642787388393,4488.7427873883935,3.1988797812085243,3.1988797812085243,1.089780434532705,0.21052921416377554,0.1946088526600367,-3233.207045824986,stop,2,B
2026-08-31 10:10:00+00:00,2026-08-31 11:45:00+00:00,GC=F,1.0,15.972607819923613,range,4498.99990234375,4504.342696707589,4504.44269670759,3.9744540463352194,3.9744540463352194,1.1906103286384977,0.25645281846685497,-0.11867802240035147,2103.5967975779954,stop,20,B
2026-08-31 12:35:00+00:00,2026-08-31 15:10:00+00:00,GC=F,-1.0,-69.08865491246651,range,4497.4,4487.7357421875,4487.6357421875,-3.0133658705089856,3.0133658705089856,2.383464005702067,0.14285714285714285,3.3545117430100237,2897.1276362459694,stop,32,B
2026-08-31 19:30:00+00:00,2026-08-31 20:50:00+00:00,GC=F,1.0,5.382807611798002,range,4489.8998046875,4496.3358258928565,4496.435825892857,4.845897436106474,4.845897436106474,1.0963040083289952,0.1736186377928252,-0.4562447985665412,3094.600378595697,stop,17,B
2026-08-31 23:15:00+00:00,2026-08-31 23:30:00+00:00,GC=F,-1.0,-38.68687942640626,range,4492.29990234375,4496.121170479911,4496.02117047991,-6.109826114391074,6.109826114391074,1.2446555819477434,0.20387459705454775,-0.4834529903684311,-2365.2775154126857,stop,4,B
2026-09-01 01:25:00+00:00,2026-09-01 02:55:00+00:00,GC=F,-1.0,0.5687763510715437,range,4489.1001953125,4492.58566545759,4492.48566545759,-3.1940296293336723,3.1940296293336723,0.7715187021180712,0.0686035651926747,-0.13499193083654623,-1129.2396397043362,stop,19,B
2026-09-01 04:45:00+00:00,2026-09-01 05:30:00+00:00,GC=F,-1.0,-41.0520605431296,range,4475.79990234375,4482.399972098215,4482.299972098214,-4.907655720242199,4.907655720242199,2.4392793288405996,0.1757499235526796,2.3756401738293733,-3263.6252870509984,stop,10,B
2026-09-01 05:50:00+00:00,2026-09-01 06:00:00+00:00,GC=F,1.0,-1.318653927803624,range,4493.99990234375,4484.12841796875,4484.22841796875,3.2529221157786647,3.2529221157786647,0.92003046458492,0.011928727103332391,-0.16585790303330286,-3227.3815944791145,stop,3,B
2026-09-01 07:40:00+00:00,2026-09-01 08:05:00+00:00,GC=F,-1.0,-37.77215514543201,range,4461.4,4466.314111328125,4466.214111328125,-2.8387984337375833,2.8387984337375833,1.7524722804914594,0.36390346274921304,1.4738414004852012,-1409.211146318231,stop,6,B
2026-09-01 08:10:00+00:00,2026-09-01 10:15:00+00:00,GC=F,-1.0,-44.86341623244748,range,4444.9,4430.7142229352685,4430.614222935268,-1.7967924288510186,1.7967924288510186,4.4022082997332665,0.27835051546391754,4.916319838701882,2539.905720583482,stop,26,B
2026-09-01 12:35:00+00:00,2026-09-01 12:45:00+00:00,GC=F,-1.0,-74.13996399690853,range,4407.1998046875,4418.5213518415185,4418.421351841518,-2.6395623936057646,2.6395623936057646,3.269277845777234,0.45642121429644594,2.8961252859486026,-3001.5908224862796,stop,3,B
2026-09-01 13:05:00+00:00,2026-09-01 13:30:00+00:00,GC=F,-1.0,-83.38160914648805,trend,4387.6998046875,4400.342954799107,4400.242954799107,-1.8845939450680655,1.8845939450680655,3.088471849865952,0.5990523962327537,2.886116587134437,-2392.1433844175745,stop,6,B
2026-09-01 16:30:00+00:00,2026-09-01 20:25:00+00:00,GC=F,-1.0,-59.71890715791154,range,4400.9,4372.99990234375,4382.621791294643,-3.0436688302250805,3.0436688302250805,2.106090373280943,0.33717011531452934,0.4330879935909237,8476.647415505047,time_stop,48,B
2026-09-01 23:40:00+00:00,2026-09-01 23:50:00+00:00,GC=F,1.0,11.440091925081209,range,4381.1,4375.2001953125,4375.3001953125,5.486459847966515,5.486459847966515,1.2598870056497176,0.22522324374257688,-0.6051934825428668,-3264.33645212137,stop,3,B
2026-09-02 00:55:00+00:00,2026-09-02 02:35:00+00:00,GC=F,-1.0,-16.936495087315507,range,4361.00009765625,4358.728557477679,4358.628557477678,-1.8761140226303261,1.8761140226303261,1.4709338009644892,0.18591824383802816,0.830387635937818,416.7862680853416,stop,21,B
2026-09-02 03:35:00+00:00,2026-09-02 03:45:00+00:00,GC=F,-1.0,-10.37135610463439,range,4331.50009765625,4344.199986049107,4344.0999860491065,-2.517540655801198,2.517540655801198,1.1376037959667853,0.1897545503120701,0.48722043726248787,-3209.836238594591,stop,3,B
2026-09-02 05:20:00+00:00,2026-09-02 08:50:00+00:00,GC=F,1.0,8.232918490454688,range,4357.3001953125,4365.07822265625,4365.17822265625,4.737854042236724,4.737854042236724,0.8386844166014095,0.2666576246665762,-0.5494019973079588,3661.426558909843,stop,43,B
2026-09-02 08:55:00+00:00,2026-09-02 11:00:00+00:00,GC=F,-1.0,-15.27170222688687,range,4361.00009765625,4359.078794642857,4358.978794642857,-3.14220099932873,3.14220099932873,1.2263874345549737,0.18315360972049466,0.2679513347315154,588.0010198728434,stop,26,B
2026-09-02 11:15:00+00:00,2026-09-02 15:05:00+00:00,GC=F,1.0,31.36756480663063,range,4369.99990234375,4422.571351841518,4422.671351841518,3.3030553574944665,3.3030553574944665,1.9054177215189874,0.10781237096374598,1.863919325229087,17348.125514697567,stop,47,B
2026-09-02 17:45:00+00:00,2026-09-02 22:40:00+00:00,GC=F,1.0,20.674497905890046,range,4422.99990234375,4431.800006975446,4431.900006975447,3.9815895009679014,3.9815895009679014,1.9337579617834393,0.1529898334730168,-0.1838151713954205,3483.932473393073,stop,48,B
2026-09-03 01:00:00+00:00,2026-09-03 04:55:00+00:00,GC=F,1.0,43.82268080680254,range,4440.8998046875,4482.9,4473.67822265625,3.1983375396983753,3.1983375396983753,4.52101110932217,0.19111535498432058,4.591377674760074,13417.088446564525,time_stop,48,B
2026-09-03 06:25:00+00:00,2026-09-03 08:00:00+00:00,GC=F,-1.0,-15.809149454384386,range,4465.1001953125,4478.842982700893,4478.742982700893,-2.4156234478691276,2.4156234478691276,1.0392931002068058,0.26629446424674474,0.40882807354611045,-3331.8180626876874,stop,20,B
2026-09-03 08:05:00+00:00,2026-09-03 09:35:00+00:00,GC=F,1.0,36.3648797042147,range,4483.3001953125,4477.2786969866065,4477.378696986607,2.548520569558775,2.548520569558775,2.891816663573947,0.05474031434773822,3.689006640122377,-1547.333837158213,stop,19,B
2026-09-03 10:25:00+00:00,2026-09-03 10:55:00+00:00,GC=F,-1.0,-22.97357204356898,range,4466.1998046875,4474.785505022322,4474.685505022321,-3.863566411680306,3.863566411680306,1.5424164524421595,0.31360935348107055,0.6318877988057022,-3336.460175495435,stop,7,B
2026-09-03 12:00:00+00:00,2026-09-03 12:30:00+00:00,GC=F,1.0,64.0256694891154,range,4490.1,4498.2786969866065,4498.378696986607,3.33841306537833,3.33841306537833,1.6886285993167398,0.42437733371630215,0.7855481916078133,2713.694822458745,stop,7,B
2026-09-03 12:35:00+00:00,2026-09-03 13:45:00+00:00,GC=F,1.0,88.41391512544676,trend,4513.8998046875,4515.871644810268,4515.971644810268,1.9822336962919966,1.9822336962919966,4.429822061158842,0.6692199216007853,3.814139032247475,380.95362502354715,stop,15,B
2026-09-03 15:05:00+00:00,2026-09-03 16:05:00+00:00,GC=F,1.0,24.42058380807292,range,4545.6,4535.55691266741,4535.65691266741,1.6970110372157645,1.6970110372157645,1.7944924694768736,0.09040868817088057,1.4545260696407234,-1712.8080602988532,stop,13,B
2026-09-03 18:30:00+00:00,2026-09-03 22:00:00+00:00,GC=F,-1.0,-55.28780913127995,range,4527.29990234375,4523.414208984375,4523.314208984375,-4.4297044589480485,4.4297044589480485,1.9072735006380264,0.3075011040312914,0.013237340426628866,1699.0987977177626,stop,32,B
2026-09-04 01:00:00+00:00,2026-09-04 01:05:00+00:00,GC=F,1.0,35.6923397966183,range,4532.70009765625,4523.285714285715,4523.385714285715,3.5188720771587136,3.5188720771587136,3.2553938785750125,0.017985737871921873,2.8418972035433865,-3330.39543701033,stop,2,B
2026-09-04 01:30:00+00:00,2026-09-04 02:00:00+00:00,GC=F,-1.0,-15.075100413014507,range,4517.1998046875,4528.656947544643,4528.556947544643,-2.8756845034923213,2.8756845034923213,1.2535364526659414,0.10286791769249137,0.5381302695190294,-3309.0912393759863,stop,7,B
2026-09-04 05:40:00+00:00,2026-09-04 05:50:00+00:00,GC=F,1.0,31.829747954543954,range,4522.8001953125,4514.614467075893,4514.7144670758935,4.024837413842115,4.024837413842115,2.557241379310345,0.03721115085448248,1.6733354356370032,-3314.746713693279,stop,3,B
2026-09-04 06:50:00+00:00,2026-09-04 07:05:00+00:00,GC=F,-1.0,-4.1137957488628425,range,4508.1001953125,4515.957380022322,4515.857380022321,-4.18034720106894,4.18034720106894,0.7691952962877565,0.20938472250376783,0.02148664643075656,-3305.4777470039194,stop,4,B
2026-09-04 07:45:00+00:00,2026-09-04 08:35:00+00:00,GC=F,1.0,74.15143731357404,range,4532.8001953125,4524.371609933035,4524.471609933035,3.6365052729187557,3.6365052729187557,2.2725720959482527,0.34496006661872136,2.866248992441855,-3083.2420439317802,stop,11,B
2026-09-04 09:25:00+00:00,2026-09-04 10:10:00+00:00,GC=F,-1.0,-8.418972777251927,range,4510.6001953125,4517.885881696428,4517.785881696428,-4.481704109606207,4.481704109606207,1.0130809908154745,0.13077854882480539,0.2889487301048431,-3287.6375813636027,stop,10,B
2026-09-04 12:35:00+00:00,2026-09-04 13:30:00+00:00,GC=F,-1.0,-58.58366898170298,trend,4441.6998046875,4466.871163504465,4466.771163504464,-1.2799088041503985,1.2799088041503985,3.942035485046388,0.7105480490068368,1.7881276486295963,-3228.1039202469838,stop,12,B
2026-09-04 17:30:00+00:00,2026-09-04 18:35:00+00:00,GC=F,-1.0,-40.351337009000446,range,4475.79990234375,4472.771282087054,4472.671282087053,-3.2160245875944518,3.2160245875944518,1.4773431081337294,0.20104713385604475,-0.4536085698235474,957.9315982640687,stop,14,B
2026-09-08 04:05:00+00:00,2026-09-08 04:20:00+00:00,GC=F,1.0,8.176422189758098,range,4487.20009765625,4481.62890625,4481.72890625,5.850571561801116,5.850571561801116,1.175074183976261,0.322286891221087,-0.2657169160515438,-3288.7182584849206,stop,4,B
2026-09-08 05:15:00+00:00,2026-09-08 09:10:00+00:00,GC=F,-1.0,-10.054462396102128,range,4472.50009765625,4441.99990234375,4445.607142857143,-4.750292797013071,4.750292797013071,1.401027749229188,0.0748878779079147,-0.2845451016741152,14464.734346060648,time_stop,48,B
2026-09-08 09:45:00+00:00,2026-09-08 10:10:00+00:00,GC=F,1.0,-6.804725252673895,range,4446.1,4439.1571149553565,4439.257114955357,4.02137756397424,4.02137756397424,0.4352991090369113,0.18840286693422023,-1.1760906819662778,-2812.1031025981756,stop,6,B
2026-09-08 13:00:00+00:00,2026-09-08 13:35:00+00:00,GC=F,1.0,35.88626897340331,range,4456.3998046875,4441.514090401785,4441.614090401786,2.184698904689448,2.184698904689448,2.278637770897833,0.12351979216200229,2.583488535561111,-3263.0038640756193,stop,8,B
2026-09-08 16:10:00+00:00,2026-09-08 16:20:00+00:00,GC=F,-1.0,-30.528173043195345,range,4426.1001953125,4437.9716796875,4437.8716796875,-2.7344154436605175,2.7344154436605175,2.531390134529148,0.09773976039257437,2.641510577293786,-3259.8290986358547,stop,3,B
2026-09-08 18:50:00+00:00,2026-09-08 18:50:00+00:00,GC=F,-1.0,-43.035199714038185,range,4407.79990234375,4418.942801339285,4418.842801339285,-2.9044940702910274,2.9044940702910274,3.000946870068385,0.23833038809425586,2.308974282881619,-3250.9708761899806,stop,1,B
2026-09-08 20:50:00+00:00,2026-09-08 23:25:00+00:00,GC=F,-1.0,-24.565517884864413,range,4392.4,4399.5428362165185,4399.442836216518,-2.9437262113308043,2.9437262113308043,1.3982375157364666,0.38946376563303065,0.15710995774633452,-2117.374050437601,stop,20,B
2026-09-09 00:00:00+00:00,2026-09-09 00:40:00+00:00,GC=F,-1.0,-23.139277733324953,range,4393.1998046875,4398.021421595982,4397.921421595982,-4.993442934670301,4.993442934670301,2.889908256880734,0.1989416366285758,0.06310950522032709,-2432.614103208287,stop,9,B
2026-09-09 00:55:00+00:00,2026-09-09 04:00:00+00:00,GC=F,1.0,55.22847622662059,range,4403.49990234375,4420.071351841518,4420.171351841518,2.9061115247649885,2.9061115247649885,1.8814404432132965,0.2042982525223357,0.6352558912273911,4801.317479128453,stop,38,B
2026-09-09 05:10:00+00:00,2026-09-09 08:15:00+00:00,GC=F,1.0,63.12022610481872,range,4428.49990234375,4446.921065848214,4447.021065848215,5.328236477560422,5.328236477560422,3.3248182354097073,0.2361591572353904,1.79124855041801,9788.590351971161,stop,38,B
2026-09-09 09:55:00+00:00,2026-09-09 10:20:00+00:00,GC=F,-1.0,-52.35435657183641,trend,4435.1001953125,4439.271282087054,4439.171282087053,-5.711781695364489,5.711781695364489,1.4214064667591506,0.5273837667454688,0.2484560913763177,-2410.992617344363,stop,6,B
2026-09-09 11:30:00+00:00,2026-09-09 12:05:00+00:00,GC=F,1.0,9.261118686439707,range,4452.3998046875,4447.114250837053,4447.214250837053,4.440781676470963,4.440781676470963,1.1347866134479583,0.13792922011638797,0.20444079829878378,-2369.40297728904,stop,8,B
2026-09-09 13:20:00+00:00,2026-09-09 13:40:00+00:00,GC=F,1.0,73.77370022947109,range,4461.70009765625,4460.985693359375,4461.085693359375,2.7507277777241965,2.7507277777241965,2.715531925876219,0.27568652405893584,4.45685806681065,-210.26681328278005,stop,5,B
2026-09-09 15:05:00+00:00,2026-09-09 16:25:00+00:00,GC=F,-1.0,-69.9693748485435,range,4439.50009765625,4441.814006696429,4441.714006696428,-1.5334595993322129,1.5334595993322129,2.666065795403335,0.13725576839515993,2.826278265267496,-362.49590096109483,stop,17,B
2026-09-09 17:10:00+00:00,2026-09-09 18:40:00+00:00,GC=F,1.0,4.224321345505764,range,4463.3001953125,4458.093010602678,4458.193010602678,3.2078192817192273,3.2078192817192273,0.7404319186191946,0.31679162410033535,-0.4310211395283003,-1686.4098479727431,stop,19,B
2026-09-09 19:00:00+00:00,2026-09-09 20:45:00+00:00,GC=F,-1.0,-40.63399321094948,range,4448.1001953125,4446.307066127232,4446.207066127232,-4.341590574178162,4.341590574178162,1.1698564593301435,0.29935830318360407,-0.2945636315132254,756.7953240331747,stop,22,B
2026-09-09 23:35:00+00:00,2026-09-10 00:40:00+00:00,GC=F,-1.0,7.605973498373438,range,4438.1001953125,4442.943052455357,4442.843052455357,-4.387611005719946,4.387611005719946,0.42542787286063566,0.2327863603618026,-1.0986007386776597,-2146.79538494175,stop,14,B
2026-09-10 01:05:00+00:00,2026-09-10 03:35:00+00:00,GC=F,1.0,60.961158840222346,range,4453.20009765625,4451.778383091518,4451.878383091518,2.9842149432624367,2.9842149432624367,1.7779013203613618,0.3555106640002436,1.520820980008882,-439.1912596292044,stop,31,B
2026-09-10 05:15:00+00:00,2026-09-10 06:10:00+00:00,GC=F,1.0,26.355655319339274,range,4461.8998046875,4464.307087053571,4464.407087053572,4.706006964661497,4.706006964661497,2.0043668122270746,0.08625281704568737,0.2112597013495811,1109.3387232403074,stop,12,B
2026-09-10 07:35:00+00:00,2026-09-10 07:50:00+00:00,GC=F,-1.0,1.8926471743387414,range,4448.1998046875,4458.156808035715,4458.056808035714,-3.250487699064211,3.250487699064211,0.4824876131898172,0.2297111232008167,-0.16153056511064118,-3252.764128786736,stop,4,B
2026-09-10 08:45:00+00:00,2026-09-10 10:00:00+00:00,GC=F,-1.0,-76.11993826645717,trend,4438.6001953125,4442.157268415179,4442.057268415178,-3.990777673562218,3.990777673562218,2.3420672580977926,0.545453798160311,2.240963233279329,-1439.5026805078828,stop,16,B
2026-09-10 10:35:00+00:00,2026-09-10 12:30:00+00:00,GC=F,-1.0,-35.76043859609065,range,4427.1001953125,4406.299881417411,4406.19988141741,-3.0112684012318085,3.0112684012318085,2.7079352546387683,0.2504190520920214,2.1574087267006066,6248.476454792268,stop,24,B
2026-09-10 12:35:00+00:00,2026-09-10 12:50:00+00:00,GC=F,-1.0,-85.42021018569119,trend,4383.9,4394.149839564732,4394.049839564732,-1.6803458532760507,1.6803458532760507,4.825498899101807,0.5936212740916541,4.894684563213773,-1730.7292702007046,stop,4,B
2026-09-10 18:05:00+00:00,2026-09-10 22:00:00+00:00,GC=F,-1.0,-57.34681748762223,range,4392.29990234375,4363.90744280134,4363.80744280134,-2.974036691715058,2.974036691715058,1.9697999665682289,0.2684444921392928,0.5502036139939807,8429.151461257574,stop,36,B
2026-09-10 23:55:00+00:00,2026-09-11 00:00:00+00:00,GC=F,-1.0,-9.31592867148849,range,4352.9,4358.857212611607,4358.7572126116065,-5.519516259870584,5.519516259870584,1.3708321252536966,0.14815350670958874,-0.4812924658701278,-3315.690768626583,stop,2,B
2026-09-11 00:45:00+00:00,2026-09-11 01:20:00+00:00,GC=F,1.0,59.09301096603486,range,4367.6,4362.9002790178565,4363.000279017857,2.9284668494562744,2.9284668494562744,2.300632265959617,0.36634477090610235,0.1812781550638827,-1390.9400440375148,stop,8,B
2026-09-11 03:25:00+00:00,2026-09-11 04:05:00+00:00,GC=F,-1.0,-10.795263983363276,range,4347.29990234375,4358.578306361607,4358.478306361607,-2.4235989306491263,2.4235989306491263,0.9721518987341772,0.24966263567912905,0.3390049272376068,-2745.550786364097,stop,9,B
2026-09-11 05:45:00+00:00,2026-09-11 07:25:00+00:00,GC=F,1.0,59.13495001567419,trend,4383.1,4388.421449497768,4388.521449497768,3.1005162986743873,3.1005162986743873,1.2860731230812168,0.658309225329476,0.5150441442901451,1634.4215085466703,stop,21,B
2026-09-11 11:00:00+00:00,2026-09-11 12:25:00+00:00,GC=F,-1.0,-22.35211384380537,range,4379.1998046875,4379.399909319197,4379.299909319197,-3.7109038291319036,3.7109038291319036,1.6170315713076087,0.21027653554805148,0.8860109533720265,-92.8114235449084,stop,18,B
2026-09-11 12:55:00+00:00,2026-09-11 14:35:00+00:00,GC=F,1.0,61.86189265856111,range,4419.99990234375,4413.3429059709815,4413.442905970982,1.0661706800352733,1.0661706800352733,1.7196422182468694,0.439174927641862,1.2422278921856553,-715.080288374907,stop,21,B
2026-09-11 16:25:00+00:00,2026-09-11 17:05:00+00:00,GC=F,-1.0,-30.72239799436122,range,4394.29990234375,4407.699846540178,4407.599846540178,-2.4133245944610544,2.4133245944610544,2.1366000231133713,0.2587027814891291,0.3856480738194217,-3245.908112337036,stop,9,B
2026-09-11 18:15:00+00:00,2026-09-11 20:55:00+00:00,GC=F,-1.0,-13.261017122759188,range,4388.9,4392.692633928572,4392.592633928572,-3.0132559633706215,3.0132559633706215,1.5320739049200747,0.12399315609370887,0.21250422149507875,-1157.883960032072,stop,33,B
2026-09-13 22:15:00+00:00,2026-09-13 23:25:00+00:00,GC=F,-1.0,-3.381808418812856,range,4371.4,4379.371484375,4379.271484375,-2.5380435800788588,2.5380435800788588,1.1925227672152101,0.1657528152519389,-0.4432416875458804,-2035.8876920673474,stop,15,B
2026-09-14 01:20:00+00:00,2026-09-14 01:35:00+00:00,GC=F,-1.0,-25.793033236804487,range,4368.29990234375,4382.185546875,4382.085546875,-2.3119480246423723,2.3119480246423723,1.8209115281501342,0.03542988521141301,1.4510431018841454,-3221.8485846142557,stop,4,B
2026-09-14 02:00:00+00:00,2026-09-14 02:50:00+00:00,GC=F,1.0,15.22487204553456,range,4394.49990234375,4380.0069684709815,4380.106968470982,1.851060131775987,1.851060131775987,1.245816214049504,0.14393594884727218,1.0571447378575831,-2691.984509093696,stop,11,B
2026-09-14 04:40:00+00:00,2026-09-14 04:55:00+00:00,GC=F,-1.0,-34.397902663608704,range,4366.4,4371.371484375,4371.271484375,-4.969786570817024,4.969786570817024,0.8305442729488222,0.4350212871605778,-0.4811106152934021,-2495.570561244613,stop,4,B
2026-09-14 06:00:00+00:00,2026-09-14 06:40:00+00:00,GC=F,1.0,22.713024759765812,range,4377.99990234375,4366.214215959822,4366.314215959822,2.7022259092928125,2.7022259092928125,1.7344,0.0593719482421875,1.1094752190547772,-3198.2698400916574,stop,9,B
2026-09-14 07:30:00+00:00,2026-09-14 09:15:00+00:00,GC=F,-1.0,-26.33579681543531,range,4357.1001953125,4343.064146205357,4342.964146205357,-3.8372208462794175,3.8372208462794175,1.2627118644067796,0.2783482667203597,0.8166893957441705,5366.755919101442,stop,22,B
2026-09-14 09:20:00+00:00,2026-09-14 10:40:00+00:00,GC=F,-1.0,-52.75851036746966,range,4332.29990234375,4333.59982561384,4333.49982561384,-2.7320908000649733,2.7320908000649733,2.930100892792335,0.4878817471590909,3.0354649524030086,-368.811294700762,stop,17,B
2026-09-14 12:40:00+00:00,2026-09-14 13:45:00+00:00,GC=F,-1.0,-35.386392086151595,range,4317.6998046875,4319.135714285715,4319.035714285715,-2.4419315031249154,2.4419315031249154,2.295152241064111,0.15620134924753504,1.4678818404841696,-362.8489458677882,stop,14,B
2026-09-14 15:35:00+00:00,2026-09-14 18:25:00+00:00,GC=F,1.0,53.01244916621293,range,4334.6,4347.892571149553,4347.992571149553,2.2614279343681702,2.2614279343681702,1.5072504378283713,0.28075154393863677,1.0369265891193717,2994.7120320456497,stop,35,B
2026-09-14 19:35:00+00:00,2026-09-14 20:15:00+00:00,GC=F,-1.0,-44.41269965712678,range,4333.79990234375,4333.635435267857,4333.535435267857,-4.433755992730067,4.433755992730067,1.1795665634674921,0.43851182181739906,-0.43899971724589437,50.75190837081709,stop,9,B
2026-09-15 01:20:00+00:00,2026-09-15 01:50:00+00:00,GC=F,1.0,12.249423037673859,range,4344.3001953125,4334.286063058035,4334.386063058036,3.2009099578525637,3.2009099578525637,1.05467862103801,0.256128064032016,-0.048548112867711754,-3221.438115046232,stop,7,B
2026-09-15 02:05:00+00:00,2026-09-15 03:45:00+00:00,GC=F,1.0,46.561997319755626,range,4346.8998046875,4346.335616629464,4346.435616629465,2.7531018013544366,2.7531018013544366,2.0678612276019823,0.3584241936330702,2.4062866380613257,-169.09222489494334,stop,21,B
2026-09-15 05:35:00+00:00,2026-09-15 09:30:00+00:00,GC=F,-1.0,-16.94643712705622,range,4333.4,4306.99990234375,4314.750383649553,-4.41742345639268,4.41742345639268,1.2073655072812612,0.4814859468012961,0.11910671421047746,11639.953946495327,time_stop,48,B
2026-09-15 10:55:00+00:00,2026-09-15 12:05:00+00:00,GC=F,1.0,19.754694531451538,range,4322.1,4317.278871372768,4317.378871372768,4.421300943702944,4.421300943702944,1.0927185271189253,0.4611410016354199,0.09676388170911848,-2153.6725596481965,stop,15,B
2026-09-15 12:50:00+00:00,2026-09-15 14:30:00+00:00,GC=F,1.0,55.158001622139636,range,4330.3998046875,4322.107380022321,4322.207380022322,2.9347921968289077,2.9347921968289077,1.8013795149447454,0.19715524718126626,1.504332320138923,-2448.3282810000837,stop,21,B
2026-09-15 14:40:00+00:00,2026-09-15 15:40:00+00:00,GC=F,-1.0,-6.433299698389362,range,4317.6998046875,4328.485358537947,4328.385358537947,-2.464443401476424,2.464443401476424,0.9677874441570656,0.043849410529659995,0.8031158126266719,-2670.360918807727,stop,13,B
2026-09-15 16:25:00+00:00,2026-09-15 19:15:00+00:00,GC=F,1.0,8.930925176927495,range,4336.70009765625,4339.7428083147315,4339.842808314732,3.604216348018983,3.604216348018983,1.028944234453477,0.22073102155576382,0.012176582823014533,1078.637668018844,stop,35,B
2026-09-15 23:00:00+00:00,2026-09-16 01:10:00+00:00,GC=F,-1.0,-55.36075593062465,range,4329.00009765625,4325.5213518415185,4325.421351841518,-5.4169717753291575,5.4169717753291575,1.9370273614739446,0.30027844661761344,0.38702005345937407,1857.3419303176638,stop,27,B
