ticker,marketCap,enterpriseValue,trailingPE,forwardPE,priceToBook,priceToSalesTrailing12Months,enterpriseToEbitda,returnOnEquity,returnOnAssets,grossMargins,operatingMargins,profitMargins,debtToEquity,currentRatio,quickRatio,earningsQuarterlyGrowth,revenueGrowth,freeCashflow,operatingCashflow,totalRevenue,ebitda,bookValue,trailingEps,forwardEps,sharesOutstanding,beta,heldPercentInsiders,shortRatio,roe_q,roa_q,ni_growth_q,rev_growth_q,accruals,debt_equity_q,cfo_assets
ABT,187784871936.0,214321627136.0,34.88997,17.782827,3.6499982,4.031016,18.348,0.10576,0.05328,0.56847,0.14706999,0.116450004,63.212,1.376,0.797,-0.478,0.13,7209124864.0,9905000448.0,46584999936.0,11681000448.0,29.537,3.09,6.06259,1741813154.0,0.581,0.00495,1.83,,,-0.2551995503091624,-0.0703643870041285,,,
A,41226588160.0,42961592320.0,147.44444,22.080536,5.7841973,5.700579,21.321,0.21330999,0.08613,0.52641,0.23706,0.19552,49.733,2.099,1.457,0.577,0.1,930625024.0,1452000000.0,7232000000.0,2015000064.0,25.236,0.99,6.6108,282431944.0,1.229,0.0019400001,3.3,,,-0.36011904761904767,-0.04027617951668583,,,
ACN,107530461184.0,107364818944.0,14.046363,11.967272,3.371386,1.470993,8.295,0.24406,0.10903,0.32013,0.16964,0.10656,25.035,1.339,1.213,0.064,0.056,12089380864.0,13182094336.0,73100591104.0,12943767552.0,52.121,12.51,14.68338,611942109.0,1.074,0.00035,2.55,0.07192016946642459,0.034681670858136046,0.554143213082662,0.007479487118285277,-0.023466183879089223,0.267233889357538,0.058147854737225266
ACGL,33581680640.0,34117339136.0,7.7057905,10.086413,1.4414942,1.7461356,6.131,0.19936001,0.04124,0.38758,0.26584998,0.24396999,17.836,0.589,0.288,-0.146,-0.105,4302125056.0,6099999744.0,19232000000.0,5565000192.0,68.318,12.78,9.76363,341000000.0,0.288,0.02683,4.34,,,-0.5359741309620049,-0.0751258811681772,,,
ADI,189929848832.0,195199270912.0,58.11177,25.887691,5.628888,14.907926,31.743,0.09639,0.054899998,0.64491,0.38076,0.26007998,25.81,1.752,1.232,1.065,0.372,3868954624.0,5106470912.0,12740193280.0,6149394944.0,69.273,6.71,15.06237,487087040.0,1.212,0.0023999999,1.99,,,,,,,
ADSK,52592058368.0,52355878912.0,36.362045,17.491673,16.480085,7.005736,24.477,0.50396,0.113249995,0.92434,0.29524,0.19488001,85.419,0.835,0.669,2.23,0.184,3060999936.0,2780999936.0,7506999808.0,2139000064.0,15.114,6.85,14.23992,211145251.0,1.298,0.00227,2.87,,,,,,,
ADBE,105420972032.0,106871971840.0,15.172196,9.648606,9.187306,4.183704,10.985,0.62953997,0.19926001,0.89404,0.35327998,0.28689,61.443,0.751,0.631,0.012,0.127,9218374656.0,10481000448.0,25198000128.0,9729000448.0,28.867,17.48,27.48687,397500000.0,1.397,0.0022,2.83,,,,,,,
ADP,107785330688.0,109069926400.0,24.823421,20.250118,17.895918,4.911075,17.012,0.72239,0.062470004,0.48653,0.23459,0.20109,91.436,1.051,0.155,0.075,0.068,5243049984.0,5441200128.0,21947400192.0,6411200000.0,15.161,10.93,13.39844,397262737.0,0.823,0.00174,5.05,,,,,,,
ABNB,106625769472.0,95414525952.0,40.65525,29.073368,13.470762,8.102878,34.558,0.34542,0.061389998,0.82901,0.21009001,0.2045,32.004,1.408,0.679,0.271,0.165,3206874880.0,4860000256.0,13159000064.0,2760999936.0,13.219,4.38,6.12485,419529556.0,1.137,0.01112,3.66,,,,,,,
ADM,36913045504.0,45461282816.0,20.926228,13.476705,1.5660334,0.44961625,15.179,0.07642,0.02257,0.0687,0.04008,0.021559998,39.134,1.389,0.301,3.146,0.072,1164625024.0,2795000064.0,82099003392.0,2995000064.0,48.907,3.66,5.68314,481956527.0,0.612,0.0066000004,4.72,,,,,,,
AAPL,4572794322944.0,4594739445760.0,35.97359,32.93679,42.57201,9.795564,27.356,1.4875101,0.27082002,0.48653,0.32623002,0.27618998,78.445,1.003,0.812,0.271,0.164,107721875456.0,146723995648.0,466822987776.0,167959003136.0,7.36,8.71,9.51307,14594180000.0,1.086,0.01647,2.28,,,-0.14679967960387386,-0.08227119239552627,,,
ABBV,434781519872.0,499144523776.0,69.50282,15.094145,-73.247986,6.7527337,16.225,,0.105100006,0.72792,0.40035,0.098000005,,0.809,0.49,2.852,0.102,16870250496.0,19506999296.0,64385998848.0,30762999808.0,-3.359,3.54,16.30036,1767117285.0,0.28,0.0010899999,2.42,,,,,,,
AES,10504812544.0,49480949760.0,5.516854,6.1950097,2.1255412,0.8047198,12.157,0.095740005,0.02964,0.2027,0.18673,0.1434,256.886,0.746,0.45,,0.199,-3089125120.0,5032000000.0,13054000128.0,4070000128.0,6.93,2.67,2.37772,713157713.0,0.952,0.00575,2.64,,,,,,,
AEE,30131619840.0,52056621056.0,19.161972,18.73238,2.2011447,3.5824065,13.314,0.11943,0.030569999,0.52408004,0.25236,0.18583,157.846,0.531,0.259,0.142,-0.062,-1786249984.0,3251000064.0,8410999808.0,3910000128.0,49.447,5.68,5.81026,276843251.0,0.476,0.00308,7.1,,,0.050909090909091015,-0.055830706888788884,,,
AIG,41335865344.0,39929864192.0,14.375912,8.923919,1.0390399,1.5475801,4.969,0.0722,0.01757,0.35017,0.19424999,0.11101,22.466,0.618,0.221,-0.171,0.006,,,26709999616.0,8034999808.0,75.82,5.48,8.82796,524700000.0,0.517,0.00577,2.16,,,,,,,
AIZ,14281696256.0,14455897088.0,13.867337,12.50204,2.3514268,1.0613469,8.322,0.18341999,0.02564,0.13272999,0.11734,0.07903,36.211,0.382,0.147,0.269,0.094,2149574912.0,1870700032.0,13456199680.0,1737100032.0,123.138,20.88,23.16022,49323767.0,0.543,0.00715,3.85,,,,,,,
AJG,63603326976.0,76343156736.0,41.147594,16.668972,2.6813347,4.209632,17.804,0.06722,0.02317,0.43186,0.1916,0.10378,59.401,1.053,0.173,-0.12,0.309,2082300032.0,2448999936.0,15109000192.0,4288000000.0,92.536,6.03,14.88514,256341000.0,0.502,0.0086,4.15,,,0.9245489338436303,0.15716592151018371,,,
AFL,62586245120.0,65195245568.0,13.4422865,16.496376,2.1917157,3.4637358,10.751,0.16908,0.0313,0.50888,0.25722998,0.26908,28.797,4.102,3.714,0.377,-0.01,,,18069000192.0,6064000000.0,56.855,9.27,7.55378,502257000.0,0.595,0.1093,5.07,0.0011010706963322956,0.00024114819804087878,-0.9515859766277128,-0.1813655761024182,,0.29428961956109045,
AKAM,15917760512.0,21901359104.0,40.050724,15.416047,3.2138393,3.6822512,20.381,0.08918,0.02516,0.57452,0.07467,0.09507,196.672,1.637,1.517,-0.234,0.054,710182656.0,1447190016.0,4322833920.0,1074601984.0,34.395,2.76,7.17045,144000000.0,0.645,0.02123,4.99,,,,,,,
AEP,68447084544.0,122579075072.0,21.790295,18.332346,2.1335845,3.0032506,13.576,0.10130999,0.029790001,0.46352002,0.23251,0.13781999,160.789,0.504,0.277,-0.418,0.07,-5995950080.0,7694000128.0,22791000064.0,9029000192.0,58.929,5.77,6.85837,544397352.0,0.507,0.00027000002,5.56,,,,,,,
ALL,67513073664.0,71276068864.0,5.3474865,9.856709,2.1395774,0.9625885,4.164,0.46113998,0.086780004,0.36800998,0.22827,0.18971,22.261,0.363,0.243,0.551,0.118,15158625280.0,12469000192.0,70137004032.0,17116000256.0,124.791,49.93,27.08815,252857950.0,0.156,0.00509,0.07,,,,,,,
ALB,15471642624.0,18332682240.0,468.25,11.008081,2.029661,2.618804,12.366,0.02648,0.03165,0.23959999,0.2771,0.03795,18.976,2.086,1.248,19.962,0.311,1334340224.0,1800327936.0,5907904000.0,1482468992.0,64.597,0.28,11.91034,118005057.0,1.317,0.0019200001,0.03,,,0.8058260907542474,-0.1903101672792017,,,
ALGN,12336781312.0,11355031552.0,30.20174,13.839049,2.9334955,2.9802358,12.477,0.10155,0.07402,0.70365,0.18247,0.09991,2.855,1.395,1.204,-0.131,0.043,584361344.0,755696000.0,4139532032.0,910062016.0,59.199,5.75,12.54855,71039852.0,1.653,0.06871,4.52,,,,,,,
ALLE,14366114816.0,16267814912.0,22.170605,17.327642,6.782832,3.349916,15.503,0.3373,0.1103,0.44801,0.22102,0.15357,104.895,1.93,1.133,0.156,0.127,484449984.0,769299968.0,4288499968.0,1049299968.0,24.907,7.62,9.74974,85036786.0,0.845,0.00232,3.77,,,,,,,
AMT,80396746752.0,130146942976.0,27.87399,24.644945,21.613428,7.3478723,18.475,0.33914003,0.04893,0.73774004,0.45411,0.31083,438.721,0.352,0.299,1.365,0.047,2920012544.0,5774900224.0,10941500416.0,7044400128.0,7.983,6.19,7.00103,465960048.0,0.894,0.00075,2.15,,,,,,,
AMZN,2960627335168.0,3089274241024.0,22.08206,26.569765,5.365549,3.8168151,18.289,0.30558002,0.06589,0.5077,0.13689,0.1744,45.617,1.033,0.843,2.449,0.196,3219124992.0,161402994688.0,775680032768.0,168911994880.0,51.156,12.43,10.33054,10786313572.0,1.454,0.088690005,1.78,,,-0.05709094913014756,-0.07176420078472534,,,
AME,58139635712.0,59969904640.0,37.03066,28.233791,5.3245173,7.39321,23.981,0.14562,0.08162,0.36905998,0.26182,0.20044,20.522,1.214,0.645,0.135,0.15,1492221312.0,1960338944.0,7863923200.0,2500681984.0,47.64,6.85,8.98427,229203002.0,0.997,0.00391,2.8,,,-0.018441988241104768,-0.02591875621465245,,,
AMP,48795029504.0,42761170944.0,133.3285,10.708779,7.669158,2.4595509,,0.63432,0.022750001,0.54932,0.30719998,0.199,67.578,2.182,1.314,0.05,0.116,2903124992.0,8217999872.0,19839000576.0,,71.974,4.14,51.54462,88400000.0,1.137,0.00182,4.08,,,-0.44999999999999996,-0.0048000000000000265,,,
AMCR,22127865856.0,37305290752.0,38.596775,11.187026,1.8983777,0.9971999,11.654,0.08737001,0.04079,0.19143999,0.0859,0.030550001,143.74,1.443,0.749,0.418,0.774,149500000.0,1670000000.0,22190000128.0,3200999936.0,25.211,1.24,4.27817,462345690.0,0.593,0.0025600002,8.84,,,,,,2.4004154764996106,
AMD,789073100800.0,780238127104.0,123.306114,31.265461,11.734601,19.103573,81.598,0.10196,0.05128,0.55724,0.1725,0.15577,6.361,2.609,1.688,1.634,0.501,8841499648.0,10080000000.0,41305001984.0,9562000384.0,41.191,3.92,15.45987,1632475042.0,2.489,0.004,1.36,,,,,,,
ANET,237955268608.0,224611958784.0,59.895237,36.688168,16.080286,22.574688,48.412,0.31476,0.14119,0.63004,0.45393002,0.38371,,2.957,2.289,0.365,0.377,3891512576.0,5306599936.0,10540800000.0,4639600128.0,11.733,3.15,5.14253,1261224648.0,1.615,0.17241,2.27,,,0.04196951934349347,-0.04483819260927957,,,
AMAT,428055298048.0,427082285056.0,50.76648,31.619184,17.903301,14.7483225,46.047,0.39692003,0.14858,0.48956,0.31896,0.29314,30.399,2.508,1.624,0.313,0.114,3040375040.0,7992999936.0,29024000000.0,9274999808.0,30.114,10.62,17.05104,793959430.0,1.618,0.00321,1.34,,,,,,,
AMGN,221790420992.0,265485025280.0,25.50869,17.116825,19.007631,5.822035,15.374,0.91473,0.08667,0.71891,0.35548002,0.22951001,490.281,1.371,0.95,0.659,0.095,8645624832.0,12478000128.0,38094999552.0,17268000768.0,21.62,16.11,24.00825,539708274.0,0.413,0.0021600001,4.66,,,0.20810055865921795,-0.11221265933108182,,,
AON,76004540416.0,90893541376.0,19.762825,16.786667,7.9140344,4.3240905,15.406,0.44699,0.05829,0.48154,0.23457001,0.22268,163.481,1.033,0.242,-0.048,0.022,3190874880.0,3531000064.0,17577000960.0,5900000256.0,45.274,18.13,21.34432,212125434.0,0.676,0.01011,2.68,,,,,,,
AOS,8695430144.0,9191330816.0,17.821728,15.619775,4.721074,2.285324,11.728,0.27133,0.1254,0.38592,0.18929,0.13149,36.766,1.594,0.976,-0.179,-0.007,484612512.0,692300032.0,3804900096.0,783699968.0,13.552,3.59,4.09609,110047214.0,1.157,0.00461,5.3,,,,,,,
APA,13183727616.0,17543727104.0,7.9388194,9.188604,1.8812178,1.537999,3.067,0.26659,0.11598,0.78255,0.56331,0.19564,48.854,0.946,0.692,0.239,0.092,2146749952.0,4528000000.0,8572000256.0,5720000000.0,20.003,4.74,4.09529,350351510.0,0.348,0.00442,5.31,,,,,,,
APD,67571699712.0,87555497984.0,,21.016558,4.8669543,5.361897,85.096,0.00023,-0.00784,0.32056,0.25536,-0.00375,110.091,1.085,0.752,,0.046,-3762062592.0,4570800128.0,12602200064.0,1028899968.0,62.347,-0.21,14.43814,222685530.0,0.75,0.0188,2.6,,,,,,,
APO,73471393792.0,82187837440.0,45.514286,11.92159,3.743501,2.063919,,0.11412,0.0094099995,0.36109,0.21582001,0.052670002,33.091,5.053,4.852,1.16,0.638,,,35598000128.0,,34.043,2.8,10.68985,576517513.0,1.508,0.27165002,5.74,,,,,,,
ARES,45139513344.0,49389756416.0,62.77523,19.04273,12.026541,7.538839,37.051,,,0.35808,0.21601,0.10628,168.762,,,0.099,0.058,,,5987594752.0,1333016064.0,11.379,2.18,7.18647,222028421.0,1.507,0.11265001,6.58,,,,,,,
APP,116056801280.0,116518731776.0,26.656416,16.295078,36.76065,16.99439,21.518,2.03686,0.4646,0.88464,0.77678,0.64575994,111.13,4.3,4.166,0.545,0.528,3179956224.0,4527588864.0,6829124096.0,5414905856.0,9.434,13.01,21.2825,304443000.0,2.529,0.14382,2.13,,,,,,,
APTV,10485796864.0,15211231232.0,22.420815,7.5450263,1.1795372,0.51105356,4.705,0.05158,0.067150004,0.19251,0.12675999,0.010720001,64.938,2.018,1.273,-0.369,0.023,1615874944.0,1351000064.0,20518000640.0,3232999936.0,42.008,2.21,6.56724,211620527.0,1.36,0.00837,4.16,,,,,,,
ARE,8560019456.0,24985786368.0,,-61.40741,0.54597545,3.0137444,14.022,-0.040760003,0.00928,0.68198997,0.17282,-0.36078998,68.67,2.35,1.977,,-0.119,1344973952.0,1279448064.0,2840326912.0,1781940992.0,91.103,-6.05,-0.81,172095277.0,1.169,0.01381,4.53,,,,,,,
APH,208596123648.0,222118838272.0,42.401,26.237919,13.461171,7.190094,23.471,0.38115,0.14473,0.38952,0.29779,0.17729001,120.415,1.888,1.294,0.621,0.55,3818374912.0,5871699968.0,29011599360.0,9463700480.0,12.568,3.99,6.44792,1232983457.0,1.251,0.0047299997,2.01,,,-0.3239255933290571,-0.14854078544502058,,,
AVB,26781759488.0,36049784832.0,25.762362,38.497223,2.1717985,8.685453,19.404,0.08487,0.02628,0.62721,0.30628002,0.33321998,75.129,0.338,0.034,-0.42,0.023,1409144064.0,1660461952.0,3083518976.0,1857816064.0,86.357,7.28,4.87178,142797963.0,0.773,0.00399,2.83,,,,,,,
ATO,28760164352.0,38563074048.0,20.284863,18.868866,1.9054604,5.8437495,14.695,0.09792,0.03893,0.62212,0.37223998,0.28496,67.662,0.814,0.537,0.302,0.048,-2220956928.0,2019590016.0,4921525760.0,2624299008.0,89.317,8.39,9.01962,168988553.0,0.602,0.00398,2.72,,,,,,,
AWK,26890018816.0,42731020288.0,23.491318,20.608303,2.3051891,5.0889516,14.669,0.10095,0.03516,0.61469,0.40664002,0.21347,137.745,0.523,0.396,0.09,0.062,-1785374976.0,2334000128.0,5283999744.0,2912999936.0,58.698,5.76,6.5658,198728989.0,0.577,0.00115,4.65,,,-0.237467018469657,-0.12060647829083393,,,
AVGO,2035102646272.0,2080381468672.0,71.41236,21.94546,23.209984,26.967505,49.434,0.37280998,0.121190004,0.76284,0.48988,0.38848,74.018,2.238,1.929,0.875,0.479,27212249088.0,33621999616.0,75464998912.0,42083999744.0,18.43,5.99,19.49196,4757580198.0,1.473,0.01947,2.48,,,,,,,
AVY,13552565248.0,16838642688.0,19.385118,15.77637,5.7898173,1.4654431,11.252,0.3116,0.08394,0.28978002,0.13586001,0.076220006,158.653,1.132,0.688,0.08,0.109,1004600000.0,1233600000.0,9248100352.0,1496499968.0,30.602,9.14,11.23072,76490385.0,0.812,0.0064,3.81,,,,,,,
AXON,46387376128.0,47545450496.0,237.92082,53.996883,13.018034,14.41005,287.969,0.06221,0.00509,0.59525,0.0517,0.06191,50.363,2.149,1.582,-0.185,0.353,222160000.0,265808992.0,3219098880.0,165106000.0,43.863,2.4,10.57487,81237415.0,1.397,0.04276,3.18,,,1.4359719799540382,-0.0970849824542509,,,
AXP,230219874304.0,243559874560.0,20.698847,16.948479,6.712809,3.2465117,,0.34377,0.037920002,0.62338,0.2032,0.16141,172.38,1.553,1.542,0.078,0.128,,18474999808.0,70912999424.0,,50.785,16.47,20.11449,675309833.0,1.055,0.22558,3.42,,,,,,,
AZO,51054120960.0,63870132224.0,21.505226,17.833595,-18.383821,2.5544426,14.979,,0.11389,0.51754004,0.19082001,0.12399,,0.89,0.103,0.054,0.084,903784256.0,3072342016.0,19986403328.0,4263984896.0,-170.111,145.42,175.35948,16325355.0,0.344,0.0024899999,0.96,,,,,,-3.0667969167711897,
BAC,441731907584.0,387570925568.0,14.588914,11.927443,1.6056632,3.877188,,0.111990005,0.00969,0.0,0.38305,0.29524,,,,0.266,0.168,,94742003712.0,113931001856.0,,39.342,4.33,5.29619,6992748365.0,1.168,0.07458,0.0,,,0.034288926363125416,0.06741488115481986,,,
BDX,48174333952.0,64698007552.0,30.598616,13.267697,1.9904563,2.142605,10.13,0.06607,0.046550002,0.48430002,0.15090999,0.0419,68.84,0.865,0.327,-0.343,-0.095,4619624960.0,3260000000.0,22484000768.0,6386999808.0,88.854,5.78,13.33012,272386800.0,,0.00426,3.74,,,,,,,
BA,185143164928.0,214366535680.0,84.02151,56.705097,30.381025,1.969713,-73.919,1.73537,-0.01984,0.0471,4.0000003e-05,0.025910001,790.875,1.138,0.296,,0.08,5625375232.0,3639000064.0,93994999808.0,-2900000000.0,7.716,2.79,4.13402,789792534.0,1.221,0.00056,0.03,,,-1.060556464811784,-0.1429952964965493,,,
BBY,17282904064.0,19513905152.0,15.1851845,11.630547,5.604155,0.41287395,7.454,0.39104,0.07771,0.22518,0.0404,0.027309999,134.09,1.121,0.36,0.366,0.019,1143750016.0,2303000064.0,41860001792.0,2617999872.0,14.632,5.4,7.0504,210767126.0,1.317,0.06468,4.5,,,,,,,
BAX,14243238912.0,21733238784.0,,13.363017,2.2950683,1.241782,11.536,-0.14371,0.028499998,0.34098,0.14425999,-0.09268,156.449,1.946,1.133,0.385,0.053,1000374976.0,1319000064.0,11470000128.0,1884000000.0,12.004,-1.88,2.06166,516995999.0,0.595,0.00339,5.81,,,,,,,
BALL,16893341696.0,23897427968.0,18.180515,14.029014,2.9219434,1.1792086,11.511,0.17151,0.046329997,0.1863,0.09232,0.0661,131.495,1.069,0.605,0.042,0.197,379875008.0,1426000000.0,14325999616.0,2076000000.0,21.715,3.49,4.52277,266246511.0,0.956,0.0025799999,2.67,,,,,,,
BEN,17157756928.0,20722057216.0,22.97279,10.726186,1.4600718,1.8401517,11.518,0.07887,0.02638,0.37707,0.12979001,0.08717,24.805,5.486,1.114,0.858,0.143,-2990862592.0,277800000.0,9324099584.0,1799100032.0,23.129,1.47,3.14837,508076910.0,1.574,0.49778998,4.22,,,,,,,
BF-B,13086809088.0,15389808640.0,18.640524,16.75587,3.254222,3.3316724,12.987,0.17846,0.08636,0.6054,0.23246,0.18202999,64.95,3.239,0.925,-0.63,0.02,739625024.0,1000000000.0,3928000000.0,1184999936.0,8.764,1.53,1.70209,290383416.0,0.34,0.028010001,4.55,,,,,,,
BG,20821870592.0,38551871488.0,23.35776,9.623863,1.3051227,0.22677083,12.333,0.071779996,0.03472,0.049239997,0.04617,0.01097,97.995,1.567,0.331,0.915,0.883,-6475375104.0,1075000064.0,91818999808.0,3126000128.0,83.042,4.64,11.26159,192119123.0,0.65,0.18371001,3.69,,,1.0946745562130178,-0.4236515459264274,,,
BIIB,30723966976.0,37794066432.0,36.868797,12.533724,1.6294961,3.0638485,11.251,0.04575,0.052059997,0.78322,0.25058,0.083229996,44.329,1.865,0.94,-0.846,0.034,1266987520.0,2878799872.0,10027899904.0,3359200000.0,127.61,5.64,16.5904,147753998.0,0.162,0.00187,3.87,,,,,,,
BKNG,166149439488.0,164821008384.0,23.798002,17.324923,-15.072403,5.8832703,15.828,,0.2038,0.87227994,0.34412,0.25527,,1.094,1.023,1.179,0.081,7725875200.0,9859000320.0,28241000448.0,10412999680.0,-14.226,9.01,12.37639,774878436.0,1.068,0.00183,2.72,,,,,,,
BLK,184636325888.0,184043880448.0,27.245026,17.725008,3.1145067,6.763483,16.557,0.122779995,0.03737,0.47152,0.35079,0.24089001,23.192,2.447,1.846,0.202,0.306,7578124800.0,3937999872.0,27299000320.0,11116000256.0,364.87,41.71,64.11224,154869259.0,1.425,0.01908,2.3,,,-0.05210295040803514,-0.027106767471879012,,,
BLDR,8036379648.0,13208942592.0,81.184784,16.724064,2.0064473,0.55620074,12.918,0.02506,0.02389,0.29188,0.033269998,0.0070999996,130.786,1.789,1.014,,-0.088,464577120.0,897998016.0,14448703488.0,1022512000.0,37.225,0.92,4.46602,107596457.0,1.418,0.02702,3.12,,,,,,,
BKR,61099085824.0,60504088576.0,19.790997,19.45058,3.067989,2.2037542,12.503,0.16463,0.04853,0.23657,0.1283,0.111669995,80.925,2.095,1.622,-0.029,-0.024,4415000064.0,4435999744.0,27725000704.0,4839000064.0,20.062,3.11,3.16443,992674071.0,0.959,0.0015199999,2.79,,,,,,,
BRK-B,1125446320128.0,-265477701632.0,15.529762,24.189291,0.0010321239,2.9980402,-2.25,0.10499,0.053940002,0.2778,0.14352,0.19305,17.669,2.876,2.7,1.196,0.044,61228249088.0,45504000000.0,375394009088.0,118003998720.0,505559.44,33.6,21.57153,1398308677.0,0.607,0.00265,2.33,0.030327949637185693,0.017067617891273017,3.2785140126004784,0.21824948973466207,0.013062872167927196,0.19212834633058604,0.004004745723345821
BNY,106939039744.0,-19108962304.0,18.3909,15.3828745,2.6794853,4.9936514,,0.14124,0.012560001,0.0,0.40046,0.29413998,,,,0.238,0.131,,3569999872.0,21415000064.0,,58.821,8.57,10.24581,678504142.0,1.049,0.00236,0.0,0.028293791599990722,0.002768379658309337,-0.14265635980323266,-0.05599194360523663,,0.7593636216053248,
BR,19257106432.0,22101329920.0,17.325703,14.380349,6.8341336,2.5755813,12.217,0.40916002,0.09295,0.31780002,0.24609,0.15037,123.939,1.236,1.084,0.064,0.075,1194499968.0,1345600000.0,7476800000.0,1808999936.0,24.363,9.61,11.5783,115658297.0,0.889,0.00482,2.56,,,1.2623941958887546,0.2994840820435385,,,
BMY,132204494848.0,166190497792.0,14.255507,9.880811,5.9240274,2.687848,8.779,0.46598998,0.10719,0.71661,0.34418,0.18871,201.859,1.532,1.29,1.532,0.057,8114375168.0,12782000128.0,49186000896.0,18929999872.0,10.925,4.54,6.55007,2042714656.0,0.225,0.00098,3.33,,,,,,,
BX,170673012736.0,134633955328.0,30.677855,18.313229,12.168782,11.023033,,0.31374002,0.1433,1.0,0.54357,0.22728,62.529,0.973,0.947,0.608,0.286,,,15483307008.0,,11.269,4.47,7.48803,752601287.0,1.546,0.01054,4.62,0.07706727900808712,0.01358619940958063,-0.1954768372404625,-0.10590667700861311,,1.6785819215554543,
BRO,23901218816.0,31074217984.0,22.821085,14.811759,1.8733281,3.5871558,10.745,0.10023,0.05381,0.56281,0.41838002,0.18084998,63.975,1.127,0.396,0.247,0.324,1642749952.0,1520000000.0,6663000064.0,2892000000.0,38.13,3.13,4.82252,334610357.0,0.581,0.1328,6.52,,,,,,,
BSX,71461511168.0,83788505088.0,19.963564,14.340598,2.8615367,3.4035773,14.671,0.15338999,0.06191,0.69189,0.22895999,0.17499,50.151,1.24,0.558,0.138,0.075,2451375104.0,4528999936.0,20995999744.0,5711000064.0,17.232,2.47,3.43849,1449229526.0,0.566,0.00247,1.42,,,,,,,
C,226453962752.0,34338965504.0,14.563107,10.478689,1.1765732,2.7713673,,0.08529,0.0066299997,0.0,0.36229,0.21832001,,,,0.451,0.155,,-18296999936.0,81711996928.0,,114.74,9.27,12.88329,1677436783.0,1.102,0.00271,0.05,,,,,,,
CAT,387133603840.0,426333601792.0,36.23881,26.345171,19.96042,5.1805005,26.234,0.56972003,0.090299994,0.29713,0.22183001,0.14511,232.783,1.368,0.78,0.649,0.24,5048999936.0,13569000448.0,74728996864.0,16250999808.0,42.193,23.24,31.96753,459674889.0,1.605,0.00219,2.12,,,,,,,
CAH,55366262784.0,60505264128.0,36.091602,19.610657,-19.616629,0.22081585,15.149,,0.03601,0.037550002,0.01413,0.0062,,0.907,0.419,-0.211,0.11,4849999872.0,5001999872.0,250735001600.0,3993999872.0,-12.051,6.55,12.05467,234205855.0,0.521,0.0043099998,2.62,,,,,,-2.6048168249660786,
CASY,30860247040.0,33242331136.0,43.480186,35.314915,7.788102,1.7573072,22.259,0.19153,0.076079994,0.24606001,0.05351,0.04068,73.514,1.01,0.575,0.655,0.145,550939648.0,1377539968.0,17561100288.0,1493432960.0,107.08,19.18,23.61467,37004914.0,0.615,0.0056800004,2.28,,,-0.5435118757400571,-0.12575753661071143,,,
CBRE,42909265920.0,53002268672.0,33.908466,16.335485,5.11424,0.9816583,23.94,0.15798001,0.02585,0.18574,0.03608,0.029760001,117.789,1.141,0.971,-0.051,0.155,1637624960.0,1360999936.0,43711000576.0,2214000128.0,28.974,4.37,9.07105,289575298.0,1.193,0.00509,2.7,,,-0.40771349862258954,-0.052739325404562276,,,
BXP,12608964608.0,29567543296.0,37.478493,33.32282,2.1571357,3.952381,18.284,0.05308,0.01683,0.56452,0.28755,0.09304,211.631,0.506,0.448,-0.229,0.037,880636864.0,1284499968.0,3190220032.0,1617154048.0,32.316,1.86,2.09196,159661556.0,1.039,0.00374,7.81,,,,,,,
CB,135149551616.0,157668540416.0,12.40914,12.03596,1.7923254,2.183494,10.594,0.14822,0.03358,0.31129998,0.23527001,0.18070999,30.941,0.41,0.203,-0.038,0.061,10488000512.0,15376000000.0,61895999488.0,14883000320.0,195.45,28.23,29.10528,385799859.0,0.389,0.09453,2.4,,,,,,,
CCI,32160174080.0,54522175488.0,30.85306,26.007223,-9.847576,7.7289534,20.268,,0.04725,0.73732,0.46825,0.20716,,0.522,0.429,-0.677,-0.049,1036249984.0,2624000000.0,4160999936.0,2689999872.0,-7.676,2.45,2.9065,425455439.0,0.97,0.00099,2.61,,,,,,,
CARR,53165453312.0,64140046336.0,45.72143,19.362293,4.016944,2.4048061,20.737,0.08966,0.02982,0.24691999,0.13069001,0.055180002,91.998,1.02,0.547,-0.152,0.039,861750016.0,2387000064.0,22108000256.0,3092999936.0,15.935,1.4,3.30591,830580423.0,1.309,0.04764,2.87,,,0.4938574938574938,0.09571607815020622,,,
CBOE,29927839744.0,29153640448.0,22.319313,18.79383,5.3260727,5.9130735,15.1,0.26297,0.11578,0.54078996,0.34634,0.26734,28.09,1.565,0.793,0.502,0.229,678249984.0,1962800000.0,5061300224.0,1930700032.0,53.807,12.84,15.24862,104431019.0,0.415,0.0025499999,2.87,,,,,,,
CCL,39706128384.0,63649128448.0,13.058558,10.990136,3.0670757,1.4538511,8.717,0.26689,0.05367,0.55676997,0.12787,0.11237001,201.556,0.334,0.214,-0.05,0.053,1899374976.0,6793999872.0,27310999552.0,7302000128.0,9.452,2.22,2.63782,1369649119.0,2.338,0.07106,1.42,,,,,,,
CDNS,93567819776.0,94543847424.0,67.57769,35.570488,13.623001,16.028412,43.853,0.23229,0.10613,0.85871005,0.28575,0.23605,38.661,1.743,1.426,1.293,0.242,1609676544.0,1854867968.0,5837622784.0,2155915008.0,24.902,5.02,9.53712,275816000.0,1.142,0.00291,2.76,,,-0.4425679676235189,-0.04735225621023609,,,
CDW,16978616320.0,23046316032.0,16.323318,11.403568,6.743297,0.72248197,11.461,0.44009998,0.06585,0.21360001,0.07345,0.04597,263.278,1.167,1.011,0.012,0.1,676787520.0,981800000.0,23500400640.0,2010899968.0,20.14,8.32,11.90943,125017426.0,0.94,0.00454,4.83,,,-0.06804123711340204,0.04169135845504934,,,
CF,17305513984.0,21610514432.0,8.482938,10.42129,3.288187,2.2361436,5.58,0.29867,0.12934,0.42486,0.49325,0.27122,40.504,4.86,4.142,0.883,0.176,1276749952.0,2976999936.0,7738999808.0,3872999936.0,34.776,13.48,10.97273,151338130.0,0.398,0.0044400003,3.3,,,,,,,
CIEN,58375012352.0,58752753664.0,137.00665,42.787216,20.189465,10.4818535,74.774,0.15464,0.06664,0.43047002,0.15195,0.0787,54.649,2.727,1.849,23.33,0.395,700927872.0,1032771008.0,5569149952.0,785740032.0,20.426,3.01,9.63816,141552922.0,1.315,0.0066299997,1.37,,,,,,0.5721945742998344,
CEG,95624028160.0,119972020224.0,26.382212,20.263474,2.9207928,3.0580118,15.087,0.15055001,0.03888,0.22107,0.086619996,0.110810004,76.419,1.455,0.471,-0.389,0.23,-6625124864.0,4206000128.0,31270000640.0,7952000000.0,92.403,10.23,13.31904,354307379.0,1.118,0.0033500001,2.87,,,,,,,
CINF,27144128512.0,26128128000.0,8.34639,19.583178,1.6273912,1.9452579,5.986,0.21484,0.06409,0.31066,0.37202,0.23843001,5.255,1.151,0.972,0.832,0.316,2984875008.0,3416999936.0,13953999872.0,4365000192.0,108.677,21.19,9.03122,153478045.0,0.554,0.01727,3.36,-0.006560723137483598,-0.0024144221482991736,-1.1313868613138687,-0.2099753694581281,,0.06400349905233998,
CI,74645291008.0,99556294656.0,11.682796,8.43914,1.7478329,0.26434153,7.803,0.16758,0.04462,0.091359995,0.03985,0.022720002,74.29,0.846,0.687,0.084,0.067,7980125184.0,10277000192.0,282382008320.0,12757999616.0,161.623,24.18,33.47379,264240486.0,0.321,0.0144299995,3.93,,,,,,,
CFG,30606917632.0,35199918080.0,15.832243,11.155492,1.2760092,3.7503881,,0.08270001,0.0094,0.0,0.35132998,0.26051,,,,0.346,0.147,,2500999936.0,8160999936.0,,56.951,4.59,6.51428,421176788.0,1.006,0.00694,0.01,,,,,,,
CHRW,17451151360.0,19269132288.0,28.500956,19.93494,10.745791,1.026749,20.661,0.37123,0.099580005,0.08447,0.05337,0.03726,121.188,1.582,1.528,0.225,0.193,480618368.0,685356992.0,16996511744.0,932641024.0,13.898,5.24,7.49162,116851258.0,0.946,0.00347,5.13,,,,,,,
CHD,24488931328.0,26662430720.0,33.089745,25.553064,5.630761,3.9313755,19.68,0.17041,0.07873,0.45562,0.18065001,0.119569995,55.851,1.147,0.642,0.062,0.016,939262528.0,1260499968.0,6229100032.0,1354800000.0,18.335,3.12,4.04022,237203907.0,0.471,0.00196,5.2,,,,,,,
CHTR,20563001344.0,119348166656.0,3.9700756,3.4594247,1.0735143,0.37802416,5.471,0.27201998,0.05311,0.55189997,0.23503,0.09052,441.578,0.361,0.302,-0.007,-0.017,2198374912.0,16469999616.0,54395998208.0,21814999040.0,142.122,38.43,44.10271,119277492.0,0.678,0.35461,5.35,,,,,,,
CL,74352304128.0,81086308352.0,36.72047,22.748669,315.10135,3.5326796,16.273,2.67367,0.15838,0.60431,0.20966,0.096829996,1388.163,1.026,0.555,-0.067,0.049,3458374912.0,4456000000.0,21046999040.0,4983000064.0,0.296,2.54,4.10002,797172829.0,0.327,0.00145,3.19,,,,,,,
CLX,12714880000.0,18315145216.0,21.860708,16.524755,141.90283,1.8920952,15.208,1.6376,0.091630004,0.42783,0.16375999,0.087349996,2190.476,0.658,0.337,-0.509,-0.02,,,6720000000.0,1204333312.0,0.741,4.81,6.36318,120921351.0,0.541,0.00722,4.64,,,,,,,
CNP,26796740608.0,50985742336.0,24.214287,19.473806,2.2862926,2.7855241,13.229,0.09825,0.029979998,0.47027,0.24489,0.11611,210.256,1.123,0.353,0.232,0.107,-5191875072.0,2576000000.0,9619999744.0,3854000128.0,17.793,1.68,2.08896,658720288.0,0.461,0.00235,6.11,,,,,,,
CMG,41493057536.0,46234394624.0,30.36111,23.962643,18.899136,3.3398151,20.323,0.49560001,0.13075,0.39361998,0.16108,0.114250004,246.35,0.715,0.592,-0.075,0.093,1116464384.0,2327526912.0,12423758848.0,2275020032.0,1.735,1.08,1.36838,1265418000.0,0.937,0.00721,2.57,,,0.14138596137690618,0.019960085821477014,,,
CME,94806671360.0,96399564800.0,22.36302,20.390818,3.5718544,14.030467,20.205,0.15802,0.01481,1.0,0.65036005,0.63443,14.587,1.018,0.019,0.016,0.008,2909012480.0,4309000192.0,6757199872.0,4771100160.0,73.816,11.79,12.93033,359576125.0,0.267,0.00429,1.47,,,,,,,
COF,133595766784.0,136761458688.0,12.00441,9.054022,1.2972792,2.7768815,,0.09031,0.01523,0.0,0.33629,0.21867001,,,,,11.11,,31452000256.0,48109998080.0,,167.859,18.14,24.05119,613500000.0,1.016,0.01899,2.73,,,,,,,
CNC,32490049536.0,21633050624.0,,12.536191,1.4400191,0.18019594,4.697,-0.20358999,0.02479,0.11415,0.0376,-0.02829,71.082,1.145,1.106,,0.046,9639624704.0,9749000192.0,180304003072.0,4606000128.0,45.673,-10.36,5.24641,493995000.0,1.105,0.00392,2.63,,,,,,,
CMS,21942560768.0,42182385664.0,21.394579,17.092556,2.3324468,2.4897947,13.977,0.09158,0.02971,0.40315,0.17167999,0.11642,185.604,0.936,0.413,-0.403,-0.005,-2198874880.0,2148000000.0,8812999680.0,3017999872.0,30.453,3.32,4.15561,308919602.0,0.339,0.00546,0.0,,,,,,,
CMCSA,89993428992.0,172905431040.0,8.128205,7.001212,1.001936,0.72050077,5.075,0.114879996,0.043080002,0.6939,0.17233999,0.08966,100.474,0.796,0.653,-0.683,-0.012,12697624576.0,32516999168.0,124903997440.0,34072999936.0,25.311,3.12,3.62223,3539192198.0,0.647,0.0074400003,2.0,,,,,,,
CMI,88900837376.0,94112718848.0,32.887188,18.634378,6.903698,2.5613933,18.748,0.21114,0.069970004,0.25772,0.11896,0.07822,59.586,1.727,0.985,0.047,0.094,2229374976.0,4647000064.0,34708000768.0,5020000256.0,93.321,19.59,34.57373,137989067.0,1.246,0.00211,2.08,,,,,,,
COHR,74172735488.0,75512823808.0,181.40192,45.289967,6.9436455,11.234746,57.48,0.04718,0.03142,0.36990002,0.13572,0.07102,31.093,3.05,1.709,11.183,0.205,-197631744.0,140342000.0,6602083840.0,1313731968.0,54.601,2.09,8.37117,195639321.0,2.107,0.045110002,1.64,,,,,,,
COP,141289308160.0,156887302144.0,15.556878,12.946283,2.22002,2.191925,5.858,0.1418,0.07533,0.47574002,0.3151,0.144,35.639,1.542,1.176,0.994,0.355,7691375104.0,21924999168.0,64459001856.0,26780000256.0,52.977,7.56,9.08446,1201337479.0,0.123,0.00098,2.53,,,,,,,
COIN,40525352960.0,38404796416.0,,50.599888,3.097711,6.705329,54.899,-0.07847,0.01116,0.8581,-0.13922,-0.16344,50.982,2.423,1.276,,-0.173,2668452864.0,1713665024.0,6043752960.0,699548992.0,49.585,-3.87,3.03558,222803032.0,3.361,0.01312,3.23,,,,,,,
COO,14477123584.0,17065123840.0,62.906784,14.857143,1.7560089,3.4216788,19.252,0.02853,0.025190001,0.65550005,-0.02866,0.05573,33.093,1.274,0.525,,0.079,424275008.0,953000000.0,4231000064.0,886400000.0,42.272,1.18,4.99625,195030630.0,0.823,0.0061299996,2.68,0.010581691381411455,0.007064832119610749,-0.10783316378433372,-0.05470149957559178,,0.31194874455531557,
COR,61152473088.0,72988360704.0,23.808321,16.159807,18.3508,0.18376726,13.159,0.96871,0.03559,0.03961,0.014149999,0.00789,446.516,0.935,0.477,0.111,0.051,2043314048.0,4820946944.0,332771328000.0,5546476032.0,17.463,13.46,19.83068,190827165.0,0.573,0.0431,3.5,,,,,,,
COST,420338106368.0,418664087552.0,47.629147,41.830956,25.42572,1.4317328,30.36,0.29152,0.086660005,0.12876001,0.036730003,0.0301,60.257,1.072,0.564,0.456,0.215,6954375168.0,15000000512.0,293586993152.0,13790000128.0,37.278,19.9,22.65834,443478804.0,0.86,0.0016,2.55,,,,,,0.30156682027649767,
CPAY,25683312640.0,33574133760.0,23.930573,12.63337,7.403346,5.115686,13.105,0.29215,0.05709,0.79941005,0.35194,0.22723,272.262,0.972,0.479,-0.126,0.215,1827686656.0,1847283968.0,5020502016.0,2561999104.0,53.076,16.42,31.10334,65361919.0,0.869,0.03907,3.3,,,,,,,
CRL,12769670144.0,15660856320.0,,21.153313,4.4959326,3.193226,18.444,-0.07516,0.04107,0.34585,0.15113,-0.05963,105.047,1.348,0.796,,-0.027,468856000.0,582147968.0,3998987008.0,849118016.0,59.496,-4.81,12.6453,47738872.0,1.376,0.00642,3.64,,,,,,0.9347372975166044,
CPT,11253369856.0,16382496768.0,36.940594,182.0,3.0188527,7.113975,18.326,0.07885,0.01867,0.61619,0.16104001,0.20622,125.648,0.352,0.027,-0.767,-0.008,139679632.0,807443968.0,1581868032.0,893971008.0,37.077,3.03,0.615,100539350.0,0.789,0.01464,4.54,,,,,,0.8094705561656492,
CRWD,218335150080.0,214645145600.0,,137.21475,47.114918,42.85956,3618.489,-0.0024899999,-0.0100300005,0.75136,-0.022079999,-0.00598,17.568,1.531,1.333,,0.256,1926365056.0,1819179008.0,5094199808.0,59319000.0,4.551,-0.02,1.56266,1018259280.0,1.234,0.01472,2.46,,,-2.342310910846476,-0.05604849472005691,,,
CRH,66847784960.0,85135785984.0,17.752651,15.146582,2.783842,1.7303734,11.011,0.15812,0.06061,0.3625,0.19022,0.099350005,77.592,1.579,1.005,0.127,0.056,2019124992.0,5418999808.0,38632001536.0,7731999744.0,36.094,5.66,6.63384,665284511.0,1.204,0.0014399999,2.97,,,,,,,
CPRT,28571727872.0,23370153984.0,18.42236,17.624025,3.1296823,6.159204,11.916,0.17607,0.11336,0.47522998,0.37530997,0.33481997,1.059,7.613,7.289,-0.01,0.021,999977152.0,1685426944.0,4638866944.0,1961246976.0,9.477,1.61,1.68293,963308388.0,1.014,0.09012,2.69,,,,,,,
CRM,157854056448.0,188565061632.0,22.33372,12.424987,4.6108947,3.6856816,14.623,0.16908,0.05703,0.77643996,0.218,0.18733,124.282,0.786,0.615,0.367,0.133,16552999936.0,15221000192.0,42829000704.0,12894999552.0,41.801,8.63,15.51229,819000000.0,1.152,0.02991,2.85,,,-0.183359830418654,-0.03976162563501373,,,
CSCO,478608392192.0,494969421824.0,40.476665,25.321075,9.791952,7.8788466,29.104,0.25229,0.07337,0.64296997,0.24992001,0.19685,67.541,0.925,0.704,0.354,0.12,9288375296.0,13025000448.0,60745998336.0,17006999552.0,12.401,3.0,4.79561,3941434665.0,1.002,0.00052,2.55,,,,,,,
CSGP,12253175808.0,12155174912.0,167.99998,17.527489,1.5432509,3.445775,30.851,0.00894,0.00466,0.78683996,0.082159996,0.02081,14.537,2.214,2.064,8.167,0.184,412700000.0,497000000.0,3556000000.0,394000000.0,19.595,0.18,1.72529,405197588.0,0.731,0.012610001,2.21,,,,,,,
CSX,93123911680.0,111182675968.0,29.226744,22.130655,6.6127334,6.417028,16.276,0.24357,0.07383,0.47070998,0.38424,0.22208999,138.068,0.82,0.685,0.209,0.101,1953250048.0,5321999872.0,14512000000.0,6831000064.0,7.602,1.72,2.27151,1852474917.0,1.211,0.00223,3.09,,,,,,,
CTAS,81254432768.0,83671367680.0,41.35438,33.22039,15.807707,7.213152,27.937,0.40714002,0.161,0.50668997,0.23688,0.17754,52.646,1.434,0.686,0.14,0.089,1464424832.0,2276280064.0,11264760832.0,2994993920.0,12.845,4.91,6.11221,400169561.0,0.918,0.14968,5.36,,,-0.08731522580119722,-0.018567967147905762,,,
CTSH,27277910016.0,27020118016.0,12.375537,9.133541,1.8024127,1.2604153,6.695,0.14924,0.10735,0.3344,0.17479,0.10258,14.479,2.182,1.683,-0.014,0.045,2215500032.0,2916999936.0,21642000384.0,4036000000.0,31.996,4.66,6.31409,473000000.0,0.809,0.00125,3.87,,,,,,,
CVX,365956726784.0,400176709632.0,17.955727,14.387335,2.0080512,1.7477779,7.899,0.12231,0.05861,0.44267,0.21866,0.09834,18.959,1.252,0.843,3.848,0.535,21934000128.0,45320998912.0,209383997440.0,50661998592.0,92.906,10.39,12.96696,1961603274.0,0.488,0.047670003,2.09,,,0.4056224899598393,0.03889577464788729,,,
CTVA,51260674048.0,54014668800.0,46.563637,18.596783,2.0369043,2.877873,12.635,0.04256,0.04546,0.4954,0.3013,0.056649998,19.191,1.516,0.989,-0.116,-0.012,2417250048.0,1211000064.0,17812000768.0,4275000064.0,37.719,1.65,4.13136,667196000.0,0.569,0.00103,4.24,,,,,,,
D,59271254016.0,118585253888.0,23.318338,17.66101,2.1231885,3.271221,14.217,0.08281,0.03041,0.46222,0.29219,0.13984999,160.459,0.809,0.317,-0.553,0.176,-9181124608.0,5389000192.0,18119000064.0,8341000192.0,31.74,2.89,3.81575,879525949.0,0.63,0.00133,4.31,,,,,,,
DASH,93704511488.0,91673518080.0,113.82105,27.19034,9.360284,5.8967032,63.839,0.088870004,0.029719999,0.52225,0.03862,0.05292,33.276,1.368,1.083,-0.298,0.356,5147500032.0,2830000128.0,15891000320.0,1436000000.0,23.104,1.9,7.95356,408992917.0,1.77,0.00654,3.71,0.03193993051664239,0.016814159292035398,0.1680327868852458,-0.04701102727800344,,0.36433934775299787,
CVNA,105429917696.0,54681079808.0,37.48677,31.459806,12.647268,4.207435,21.785,0.58773,0.116960004,0.19371,0.09219,0.06257,110.88,3.926,1.724,0.694,0.524,424375008.0,1120000000.0,25058000896.0,2510000128.0,5.602,1.89,2.25208,718978000.0,3.488,0.02113,6.61,,,,,,,
CVS,122397458432.0,184942460928.0,25.25066,11.304146,1.5345144,0.29661685,11.088,0.06205,0.029679999,0.13645001,0.03861,0.011849999,95.503,0.866,0.623,1.918,0.071,8076000256.0,14780000256.0,412644999168.0,16679999488.0,62.365,3.79,8.46592,1278970369.0,0.596,0.00062,2.47,,,,,,,
DAL,60067287040.0,76161728512.0,15.147594,10.312608,2.738584,0.8796299,10.145,0.20125,0.04019,0.187,0.07921,0.05784,96.649,0.424,0.267,-0.247,0.187,2817374976.0,8134000128.0,68287000576.0,7506999808.0,33.353,6.03,8.85712,657623030.0,1.311,0.06514,2.87,,,,,,,
DD,19236214784.0,20790573056.0,61.675327,17.907263,1.3972716,2.7527497,13.134,0.01792,0.020669999,0.35132,0.14239,0.00787,22.902,2.427,1.636,1.424,0.04,1835250048.0,1195000064.0,6988000256.0,1583000064.0,101.963,2.31,7.95599,135019401.0,1.09,0.0019,2.78,,,,,,,
DDOG,83998416896.0,80290783232.0,477.40814,79.31712,20.871698,21.17576,968.561,0.04696,0.0018000001,0.79536,0.00666,0.044770002,29.259,3.205,3.1,15.833,0.356,1051412352.0,1229033984.0,3966725120.0,82897000.0,11.208,0.49,2.9493,334904614.0,1.509,0.00636,2.67,,,,,,,
DELL,293200035840.0,314434977792.0,36.09944,20.766945,-209.78732,2.1880274,22.356,,0.07004,0.19212,0.088570006,0.062750004,,0.946,0.612,2.563,0.875,5434124800.0,12469999616.0,134001999872.0,14065000448.0,-2.163,12.57,21.85059,325046693.0,1.401,0.07491,1.62,,,,,,,
DGX,26307491840.0,32468490240.0,25.329437,19.767437,3.488372,2.2757347,14.329,0.14602,0.06404,0.33192003,0.15248,0.09187,81.074,1.591,1.282,0.135,0.102,909625024.0,1903000064.0,11559999488.0,2265999872.0,68.327,9.41,12.05771,110373360.0,0.548,0.00442,3.89,,,,,,,
DG,27924062208.0,42369351680.0,17.930595,15.778682,3.1576452,0.6482608,12.507,0.1891,0.04632,0.30827,0.05919,0.03632,178.649,1.169,0.188,0.133,0.034,1882562304.0,3503533056.0,43075354624.0,3387527936.0,40.09,7.06,8.02285,220586647.0,0.235,0.00279,2.77,,,-0.047391268417649846,-0.027196602601275544,,,
DECK,13272283136.0,12164675584.0,13.863441,11.653643,5.7894735,2.4012284,9.167,0.42558,0.20319,0.57804,0.15233,0.18361,20.521,2.747,1.866,-0.066,0.057,871420352.0,1193713024.0,5527288832.0,1326978944.0,16.834,7.03,8.36305,136181857.0,1.167,0.00602,2.59,,,-0.48088024702407595,-0.3258938805177378,,,
DE,167690715136.0,207231254528.0,35.21441,27.309977,6.1149254,3.5424871,24.057,0.18349001,0.03828,0.25965,0.17479,0.10104,376.022,2.213,1.972,-0.098,-0.111,1098749952.0,7933000192.0,47337000960.0,8613999616.0,101.527,17.63,22.73272,270107282.0,0.901,0.00155,5.29,,,,,,,
DIS,181146730496.0,228812718080.0,21.63093,14.063531,1.6840298,1.8323376,10.915,0.0801,0.048070002,0.37595,0.19301,0.086990006,39.404,0.709,0.562,-0.499,0.068,4860375040.0,16988999680.0,98860998656.0,20963000320.0,62.297,4.85,7.45972,1726686902.0,1.395,0.00062,1.91,,,,,,,
DHR,143943417856.0,167464419328.0,36.499107,22.020092,2.7372136,5.7331986,20.86,0.07605,0.03949,0.58752996,0.19777,0.15948,52.97,1.651,1.149,0.568,0.055,4325125120.0,6634999808.0,25106999296.0,8028000256.0,74.806,5.61,9.29878,702986054.0,0.796,0.1096,2.46,,,,,,,
DHI,42257268736.0,47953469440.0,14.416031,12.839438,1.7805959,1.2670845,11.618,0.12632,0.06884,0.21298,0.1299,0.09154,29.451,6.011,0.423,-0.117,0.0,2413900032.0,3352600064.0,33350000640.0,4127399936.0,84.848,10.48,11.76687,279701267.0,1.375,0.117639996,5.24,,,0.1317795206009058,-0.04671516253694019,,,
DLTR,25155653632.0,31741652992.0,21.011234,17.038702,7.218484,1.2738395,13.197,0.33976,0.067389995,0.36991,0.09088001,0.06514,216.518,1.161,0.316,0.011,0.072,1443624960.0,2615200000.0,19747899392.0,2405299968.0,18.134,6.23,7.68251,192174588.0,0.665,0.0016,3.01,,,1.0160771704180065,0.015162786626990998,,,
DLR,73004687360.0,92723929088.0,245.31645,66.07344,2.6854007,10.804247,28.883,0.02912,0.01476,0.56994,0.25882,0.11825,67.944,0.89,0.889,-0.561,0.299,3768482048.0,2967041024.0,6757036032.0,3210312960.0,72.168,0.79,2.9331,370036176.0,1.042,0.00014,0.0,,,,,,,
DOC,15178560512.0,25095936000.0,61.17143,-142.73332,1.8817015,5.145613,15.977,0.03039,0.01513,0.57648,0.1599,0.08248,108.653,2.286,1.928,0.668,0.111,1645113088.0,1231026048.0,2949806080.0,1570761984.0,11.378,0.35,-0.15,689527260.0,0.997,0.0029499999,3.48,,,,,,,
DTE,29105276928.0,56908279808.0,22.131329,16.726439,2.3956907,1.7677058,15.734,0.1103,0.02769,0.29347,0.13623999,0.07999,229.06,0.802,0.395,0.231,-0.015,-2596624896.0,3359000064.0,16465000448.0,3616999936.0,58.384,6.32,8.36221,208088069.0,0.396,0.00404,4.45,,,,,,1.9660263400721416,
DPZ,11610035200.0,16568051712.0,19.883854,16.80095,-2.9141896,2.3091612,16.187,,0.33892,0.28709,0.19084999,0.118640006,,1.538,0.795,0.036,0.043,531496512.0,777804992.0,5027814912.0,1023513984.0,-120.428,17.65,20.8887,33081735.0,0.951,0.00475,3.31,,,,,,,
DRI,24483000320.0,32212305920.0,20.494726,17.257317,11.046457,1.8532424,15.23,0.53718,0.07722,0.21667999,0.14142,0.09134,364.507,0.314,0.115,0.333,0.137,790974976.0,1848300032.0,13210900480.0,2115000064.0,19.351,10.43,12.38663,114535003.0,0.585,0.00301,3.44,,,,,,,
DUK,97345822720.0,191963824128.0,18.802711,17.42012,1.8108375,2.967589,11.552,0.098570004,0.028369999,0.51971,0.27503002,0.15995,162.155,0.661,0.259,0.11,0.011,-4477374976.0,11562000384.0,32803000320.0,16616999936.0,68.946,6.64,7.167,779702193.0,0.371,0.00122,4.5,,,,,,,
DOW,21193478144.0,37900476416.0,,15.909164,1.3363091,0.51292336,9.564,-0.0554,0.012999999,0.09787,0.11594,-0.03129,111.913,1.749,0.894,,0.197,237624992.0,3865999872.0,41318998016.0,3963000064.0,21.956,-1.83,1.84422,722340711.0,0.423,0.00208,2.68,,,,,,,
DXCM,31981324288.0,31432724480.0,33.498024,27.124687,12.201266,6.4359097,22.401,0.38491002,0.103310004,0.62473,0.24327,0.20118,53.346,1.733,1.37,0.385,0.131,1021162496.0,1748700032.0,4969200128.0,1403200000.0,6.946,2.53,3.12446,377360765.0,1.41,0.0027,3.92,,,-0.3664552501761804,-0.043165467625899234,,,
DVA,11795277824.0,26286657536.0,15.573729,10.754186,-15.361531,0.84193975,9.301,0.88475,0.07515,0.32364,0.16061,0.060489997,1241.986,1.467,1.333,0.331,0.052,1042460032.0,2193155072.0,14009646080.0,2826204928.0,-11.963,11.8,17.08823,64185000.0,0.87,0.46905,5.27,,,,,,,
DOV,28435036160.0,29939052544.0,25.498795,18.149761,3.690955,3.3768566,15.683,0.14914,0.07061,0.40092,0.18691999,0.13475999,42.316,1.979,1.31,0.119,0.069,906472128.0,1390406016.0,8420563968.0,1908990976.0,57.202,8.28,11.63266,134680225.0,1.156,0.01255,2.9,,,-0.07636864803555654,-0.013595361724020316,,,
ECHO,26155784192.0,43281121280.0,,5.7582593,1.8475429,1.7848995,21.76,-0.33428,0.01319,0.29540002,0.14279,-0.38712,123.757,5.201,0.367,,-0.04,-18870501376.0,-85317000.0,14653925376.0,1989049984.0,48.735,-24.88,15.63667,159142240.0,1.013,0.13055,3.12,,,,,,,
DVN,47277998080.0,58220998656.0,9.343478,7.8312902,0.964672,2.5173314,6.524,0.11522,0.05909,0.50349,0.41077,0.17464,28.488,0.717,0.584,1.126,0.642,782625024.0,8552999936.0,18780999680.0,8924000256.0,44.554,4.6,5.48824,1100000000.0,0.419,0.00704,2.17,,,,,,,
EBAY,49831100416.0,53662101504.0,23.52521,16.715929,10.895116,4.149825,17.333,0.46611,0.091450006,0.72052,0.2157,0.18571,153.012,1.019,0.915,0.511,0.148,1579624960.0,3036000000.0,12007999488.0,3096000000.0,10.278,4.76,6.699,445000000.0,1.355,0.10049,4.33,,,0.3577235772357723,-0.05311355311355315,,,
ECL,79941312512.0,88753709056.0,38.329304,30.279703,7.960528,4.746404,21.46,0.21956,0.07233,0.44210997,0.18521999,0.12566,138.023,1.841,1.501,0.02,0.097,1474824960.0,3056800000.0,16842500096.0,4135699968.0,35.823,7.44,9.41786,280328603.0,0.89,0.00159,2.13,,,-0.23216329645173595,-0.08203319089734673,,,
ELV,85489876992.0,79158878208.0,17.419355,13.302185,1.9044768,0.4250817,9.51,0.11133,0.03832,0.2599,0.04559,0.02468,68.953,1.518,1.374,-0.161,0.014,4306375168.0,7464000000.0,201113993216.0,8323999744.0,206.986,22.63,29.63423,216869290.0,0.692,0.0018600001,3.47,,,,,,0.6904075751337999,
EFX,21448042496.0,26884743168.0,32.028072,17.975458,4.9013343,3.328116,13.971,0.14275,0.061550003,0.55542,0.17305,0.10729,120.956,0.602,0.508,-0.039,0.106,947537472.0,1612400000.0,6444499968.0,1924300032.0,37.247,5.7,10.15607,117484896.0,1.296,0.00648,3.77,,,0.1941323345817727,-0.0051135995857336525,,,
EIX,26405937152.0,71350935552.0,7.0815277,10.544772,1.5134873,1.3595189,7.99,0.19734,0.04092,0.61005,0.26899,0.19281,228.042,0.662,0.28,0.557,-0.041,82375000.0,6391000064.0,19423000576.0,8929999872.0,45.339,9.69,6.50749,384813979.0,0.651,0.00261,6.39,,,,,,,
EG,14376991744.0,14345991168.0,7.923922,6.2547145,0.94043756,0.8545017,,0.12572,0.02489,0.15281,0.19132,0.11376,23.26,0.388,0.241,-0.178,-0.113,2064625024.0,2000000000.0,16824999936.0,,398.708,47.32,59.94838,38342734.0,0.279,0.0083,3.67,,,-0.6911764705882353,-0.03769300635785644,,,
EME,36033380352.0,35658031104.0,25.4486,22.231602,8.860184,1.9375103,17.914,0.40348998,0.12029,0.19426,0.10618,0.07738,13.432,1.277,1.232,0.336,0.198,978281600.0,1289817984.0,18597775360.0,1990525952.0,92.199,32.1,36.74499,44109901.0,1.147,0.00708,2.84,,,,,,,
EL,31964579840.0,38138580992.0,,27.77568,8.004892,2.154964,16.229,-0.05949,0.04874,0.74651,0.14925,-0.01672,232.908,1.268,0.824,-0.44,0.046,1807624960.0,1798000000.0,14833000448.0,2350000128.0,11.037,-0.7,3.18084,247287571.0,1.246,0.00403,2.48,,,,,,,
ED,39934099456.0,66784096256.0,17.759869,16.630602,1.5524628,2.257567,10.838,0.08962,0.03237,0.53372,0.16540001,0.12533,110.113,1.268,0.967,0.252,0.132,-844875008.0,3955000064.0,17688999936.0,6161999872.0,69.554,6.08,6.49285,369828633.0,0.263,0.0020299999,5.92,,,,,,,
EOG,71766376448.0,74018062336.0,10.485603,9.181032,2.3316262,2.685767,5.106,0.22507,0.11017,0.62636,0.40717998,0.25733,25.891,1.851,1.581,1.025,0.587,4478750208.0,13358000128.0,26720999424.0,14494999552.0,57.788,12.85,14.67591,532628530.0,0.278,0.0028900001,4.14,,,0.08773234200743496,0.09094304388422025,,,
EMR,88641421312.0,99914424320.0,34.630196,21.881964,4.3317366,4.756462,16.493,0.128,0.068969995,0.53161,0.26924,0.13828,67.677,0.896,0.618,0.225,0.07,3706249984.0,3912000000.0,18635999232.0,6057999872.0,36.535,4.57,7.23244,560100000.0,1.235,0.00223,4.21,,,,,,0.771520598472648,
EQR,25928224768.0,34065371136.0,29.16087,43.326874,2.395186,8.285851,18.018,0.080240004,0.026689999,0.62336,0.27879998,0.27974,78.679,0.127,0.032,-0.407,0.021,1423153408.0,1566091008.0,3129217024.0,1890653056.0,28.002,2.3,1.548,374920696.0,0.749,0.0059100003,3.41,,,,,,,
EQIX,102877077504.0,125270073344.0,67.09267,55.21863,7.153138,10.387427,27.593,0.10735,0.03683,0.51979,0.27021998,0.15479,162.217,1.131,0.607,0.302,0.167,3776000000.0,3942000128.0,9904000000.0,4540000256.0,145.757,15.54,18.88167,98671686.0,0.972,0.00271,2.84,,,,,,,
EQT,32332922880.0,41480294400.0,11.993039,13.009566,1.2800574,3.478933,5.93,0.11078,0.06629,0.80748004,0.23372999,0.29176,19.595,0.673,0.542,-0.73,-0.039,2460903936.0,6246145024.0,9293919232.0,6995361792.0,40.381,4.31,3.97323,625516000.0,0.578,0.00796,2.47,,,1.334729740190912,0.008211601245784683,,,
ES,27201869824.0,55388921856.0,15.488223,14.740888,1.6670125,1.9432166,11.228,0.09016,0.03302,0.52752,0.23923,0.10354,180.7,0.8,0.463,-0.848,0.023,811961344.0,4430451200.0,13998372864.0,4933026816.0,43.389,4.67,4.90676,376080025.0,0.702,0.00169,5.26,,,,,,,
ESS,19857635328.0,25386278912.0,44.87539,46.613823,3.4783766,10.02518,20.63,0.0771,0.029560002,0.68771005,0.33975,0.20893,122.409,0.249,0.091,-0.718,0.031,1043926720.0,1118023040.0,1980775936.0,1230545024.0,82.826,6.42,6.18057,64261739.0,0.708,0.00733,4.12,,,,,,,
EVRG,19224690688.0,35753590784.0,21.216284,18.298971,1.8804691,3.1547434,12.588,0.092539996,0.02908,0.52696997,0.25238,0.15192,160.554,0.359,0.074,0.255,0.044,-1443362560.0,1982800000.0,6093899776.0,2840399872.0,44.34,3.93,4.55654,230567172.0,0.515,0.00187,8.14,,,-0.27028604786923527,-0.04349338900487121,,,
ETN,174222442496.0,194943320064.0,45.643948,28.004206,8.604138,5.802386,29.363,0.19684,0.07052,0.36022,0.16563,0.12752,105.059,1.24,0.704,-0.164,0.214,3106125056.0,4950000128.0,30026000384.0,6639000064.0,52.147,9.83,16.02188,388300000.0,1.177,0.00055,3.43,,,-0.018329938900203624,-0.09262948207171318,,,
ERIE,13207374848.0,12965522432.0,22.940962,18.028551,5.3534265,3.2060866,15.528,0.24808,0.14147,0.17904,0.19096,0.14007,2.56,1.246,1.107,0.032,0.028,481207744.0,697777024.0,4119469056.0,834972032.0,47.181,11.01,14.01,46189068.0,0.3,0.45461,10.85,,,,,,,
EXC,46989881344.0,97941102592.0,16.768383,15.038264,1.5853319,1.8554008,11.722,0.09711,0.028110001,0.42363998,0.16590999,0.10989001,177.362,1.088,0.716,0.013,0.099,-2685125120.0,7212000256.0,25326000128.0,8354999808.0,28.77,2.72,3.03293,1030253967.0,0.396,0.00068999996,3.79,,,-0.5531428571428572,-0.1906040268456376,,,
EXE,22210004992.0,24557811712.0,8.003448,10.0975485,1.1209176,1.754622,3.654,0.14893,0.08486,0.47069,0.26323998,0.2197,19.207,0.959,0.594,-0.461,-0.106,1466249984.0,5655000064.0,12657999872.0,6720999936.0,82.825,11.6,9.19431,239228849.0,0.319,0.0031400002,1.99,,,,,,,
EXR,33003857920.0,46230769664.0,33.011036,31.431946,2.3830316,9.399822,20.008,0.06953,0.03358,0.74919,0.45882,0.2728,101.674,0.886,0.305,0.055,0.038,1499437568.0,1901193984.0,3511115008.0,2310663936.0,62.752,4.53,4.75758,211269558.0,1.185,0.00942,3.85,,,,,,0.9538901979269935,
EW,51660775424.0,48273207296.0,53.404766,26.579767,5.0125704,7.9328003,24.175,0.09175,0.083680004,0.77839,0.29839,0.15431,6.568,4.522,3.454,-0.274,0.136,1232412544.0,1720300032.0,6512300032.0,1996800000.0,17.899,1.68,3.3755,575800000.0,0.846,0.0018000001,2.32,,,,,,,
EXPD,23230625792.0,22768832512.0,26.051022,22.692211,10.967168,1.930095,18.017,0.4267,0.1523,0.13549,0.107080005,0.07634,26.745,1.566,1.431,0.45,0.321,797562240.0,972540992.0,12036001792.0,1263714048.0,16.295,6.86,7.87539,129990622.0,1.045,0.00634,3.76,,,0.1101517644110821,0.005480629816149607,,,
ETR,50013564928.0,81096818688.0,27.411764,21.033833,2.8648562,3.7095923,14.643,0.10248999,0.02683,0.47000998,0.24458,0.13329001,186.77,0.912,0.618,0.031,0.059,-4400858112.0,6074613760.0,13482226688.0,5538091008.0,37.412,3.91,5.0956,466631498.0,0.486,0.0022200001,7.26,,,-0.23208194018908623,-0.14478728233091975,,,
EXPE,37287608320.0,37112610816.0,19.527342,13.121167,64.725,2.375007,12.842,0.89489,0.061079998,0.90433,0.1898,0.12968001,230.271,0.801,0.637,1.661,0.14,3434374912.0,5216000000.0,15699999744.0,2889999872.0,4.8,15.91,23.67777,114495891.0,1.246,0.0061500003,5.14,,,,,,,
F,55746588672.0,196958584832.0,,7.341627,1.5606161,0.29656702,25.77,-0.18252,0.00348,0.07115,0.018819999,-0.03935,456.708,1.089,0.877,,-0.038,-7940250112.0,16947000320.0,187972993024.0,7642999808.0,8.958,-1.87,1.90421,3916743591.0,1.848,0.0028799998,0.0,,,,,,,
FAST,59486277632.0,59723075584.0,44.307693,37.081547,14.619289,6.7988977,30.554,0.34334,0.21521999,0.44701,0.21023001,0.15454,10.851,4.18,1.998,0.159,0.147,916124992.0,1399200000.0,8749400064.0,1954700032.0,3.546,1.17,1.398,1147497573.0,0.712,0.00087,3.61,,,-0.015499254843517107,-0.02484413818965925,,,
FDS,10156452864.0,11422858240.0,18.79987,14.495307,5.027287,4.1651115,12.249,0.27032,0.11079001,0.51382,0.30542,0.2321,77.284,0.683,0.558,-0.147,0.064,621161344.0,829592000.0,2438458880.0,932542016.0,56.804,15.19,19.70086,35565543.0,0.687,0.0043200003,5.01,,,-0.033030413498593925,-0.019066813424671758,,,
FANG,52898152448.0,70892781568.0,284.90906,10.507946,1.3920331,3.2556715,6.018,0.034930002,0.01308,0.72353995,0.48466998,0.09029,28.678,0.467,0.421,1.692,0.525,5035500032.0,10142999552.0,16248000512.0,11779999744.0,135.083,0.66,17.89503,281313297.0,0.419,0.27125,3.74,,,,,,,
FICO,22491779072.0,27841343488.0,30.124386,19.60086,-5.4894605,9.39673,22.037,,0.39981,0.851,0.53787,0.3405,,1.183,1.129,0.305,0.257,774413504.0,1001548992.0,2393574912.0,1263363968.0,-189.709,34.57,53.13032,21597635.0,1.321,0.02994,7.55,,,,,,,
FERG,49781899264.0,55042899968.0,25.264765,20.431019,8.4833765,1.6028584,18.091,,,0.30697,0.08137,0.06296,103.524,1.784,0.788,0.2,0.036,,1959600000.0,31058200576.0,3042599936.0,30.258,10.16,12.56374,193937826.0,1.121,0.01788,2.25,0.05028238294771361,0.016696914700544463,-0.3268292682926829,-0.09828106547697157,-0.0038717483363581366,1.0969211149571871,0.0205686630369026
FIS,22106920960.0,42571743232.0,6.5698924,6.3778234,1.384008,1.8120428,12.081,0.22348,0.04275,0.35836,0.20669001,0.27648002,132.51,0.535,0.38,,0.291,2653125120.0,2976000000.0,12199999488.0,3524000000.0,30.903,6.51,6.70605,516879151.0,0.813,0.00131,2.96,,,,,,,
FE,27458127872.0,57879035904.0,25.385027,16.050339,2.1235573,1.756084,10.675,0.09491,0.03682,0.68605006,0.19304001,0.06939,200.908,0.541,0.35,0.075,0.088,-2007124992.0,3118000128.0,15635999744.0,5422000128.0,22.354,1.87,2.95757,578431175.0,0.45,0.0013799999,6.63,,,,,,,
FDX,75367669760.0,104760672256.0,17.182848,15.33454,2.4159164,0.7956891,8.845,0.14846,0.050079998,0.27318,0.11129,0.0468,135.697,1.475,1.387,-0.031,0.125,5656625152.0,8924999680.0,94720000000.0,11843999744.0,131.863,18.54,20.77467,236581188.0,1.36,0.07519,2.62,,,,,,,
FFIV,22663899136.0,21310494720.0,31.840097,22.140585,5.8986607,6.8484817,23.081,0.1983,0.07977,0.81865996,0.24649,0.21952999,6.546,1.665,1.479,0.096,0.109,717135488.0,1049441024.0,3309331968.0,923304000.0,67.851,12.57,18.07676,56627182.0,1.033,0.00497,2.06,0.0439131031715019,0.02463863587996906,-0.23369771262479466,-0.06310724399964118,-0.018803953626609794,0.08051127851311615,0.04344258950657885
FISV,27869894656.0,,10.04023,6.297341,1.066154,,,,,,,,,,,,,,,,,49.158,,,531766721.0,,,,,,,,,,
FCX,97468006400.0,118367543296.0,34.127453,17.031416,4.8468394,3.767899,12.389,0.14755,0.07585,0.38275,0.33404,0.113850005,32.149,2.066,0.795,0.275,-0.073,2159249920.0,5900000256.0,25867999232.0,9553999872.0,14.364,2.04,4.08774,1400000000.0,1.379,0.00716,1.84,,,,,,,
FITB,51756253184.0,70186500096.0,19.222221,11.55806,1.605275,5.1269197,,0.08438,0.0092,0.0,0.39078,0.23239,,,,0.275,0.518,,3664999936.0,10094999552.0,,35.564,2.97,4.93941,906573000.0,0.923,0.00354,0.0,,,,,,,
FRT,10316345344.0,15462398976.0,23.97778,38.46428,3.2178395,7.725152,18.458,0.12550999,0.03259,0.68136,0.35035,0.32663,134.114,0.564,0.553,-0.45,0.072,456137632.0,630972032.0,1335422976.0,837700992.0,36.885,4.95,3.08572,86389197.0,0.929,0.010290001,0.03,,,,,,1.4077950673878257,
FLEX,44827049984.0,47917051904.0,46.673077,17.064846,8.149765,1.5316585,22.57,0.18378,0.044159997,0.0953,0.0497,0.03325,107.818,1.38,0.701,0.484,0.206,625750016.0,1562000000.0,29266999296.0,2123000064.0,14.89,2.6,7.11111,369402978.0,1.668,0.00619,0.83,,,,,,,
FIX,59638550528.0,61906104320.0,41.66585,28.222387,92.3209,5.31158,30.911,0.55292,0.17039,0.25661,0.07885,0.12775,45.489,1.214,1.172,0.382,0.01,1841915392.0,2550064896.0,11228023808.0,2002695936.0,18.355,40.67,60.04276,35194329.0,1.701,0.01143,1.62,,,-0.20838091319033658,-0.11328172653346491,,,
FSLR,26872821760.0,25339867136.0,25.515306,10.836836,2.6038468,4.99674,10.621,0.18509,0.08619001,0.44015998,0.42641997,0.32465,1.88,2.518,1.701,0.236,-0.037,1598684800.0,2155742976.0,5378071040.0,2385900032.0,96.031,9.8,23.07408,107469788.0,1.746,0.05353,5.28,,,,,,,
FOXA,26870198272.0,30419200000.0,16.674479,11.16875,2.456268,1.568971,7.836,0.14291,0.095010005,0.36629,0.25214002,0.09839,64.06,3.169,2.872,-0.036,0.281,555374976.0,1970000000.0,17125999616.0,3881999872.0,26.068,3.84,5.73296,199401385.0,0.541,0.01329,4.34,,,,,,,
GDDY,11533806592.0,14172706816.0,13.531946,8.258445,1718.3019,2.2597141,10.278,4.42861,0.09882,0.63802,0.27056998,0.17834999,57334.33,0.632,0.415,0.201,0.066,1204950016.0,1728800000.0,5104099840.0,1379000064.0,0.053,6.73,11.0275,126647704.0,0.918,0.00995,2.7,,,,,,,
FTNT,117130051584.0,113621843968.0,56.409897,42.462414,75.51561,15.5604925,43.771,1.17442,0.14166,0.80204004,0.33595002,0.28173,36.194,1.282,1.141,0.378,0.256,2265587456.0,3396100096.0,7527399936.0,2595800064.0,2.114,2.83,3.75956,733713653.0,1.058,0.17361,2.36,,,,,,,
FTV,18812973056.0,21870172160.0,32.650795,19.019646,3.0811863,4.3590927,17.714,0.07318,0.03295,0.6323,0.19137,0.12382,59.283,1.241,0.802,-0.056,0.079,939112512.0,1051299968.0,4315800064.0,1234599936.0,20.028,1.89,3.24454,304861021.0,0.976,0.00412,4.85,,,,,,,
GD,106071941120.0,111058386944.0,23.920073,21.16117,3.9481368,1.9334671,16.743,0.17803,0.06079,0.15375,0.1038,0.08179,35.335,1.441,0.852,0.144,0.081,4400124928.0,7694000128.0,54861000704.0,6632999936.0,99.3,16.39,18.52686,270557195.0,0.328,0.00527,2.07,,,,,,,
FOX,23932647424.0,27481647104.0,14.8515625,10.387979,2.1877396,1.3974453,7.079,0.14291,0.095010005,0.36629,0.25214002,0.09839,64.06,3.169,2.872,-0.036,0.281,555374976.0,1970000000.0,17125999616.0,3881999872.0,26.068,3.84,5.49,220248764.0,0.541,0.39769,3.82,,,,,,,
GE,383981125632.0,394493132800.0,43.69303,40.779667,21.768131,7.5827155,34.355,0.48231998,0.05065,0.31051,0.20571,0.17716,113.225,0.982,0.632,0.169,0.211,6594625024.0,9799999488.0,50638999552.0,11482999808.0,17.001,8.47,9.07511,1037562513.0,1.366,0.003,3.0,,,,,,,
GEHC,32647581696.0,41122521088.0,16.536865,13.265634,2.9537408,1.5352008,11.445,0.19376,0.05131,0.39528,0.14976,0.093339995,93.965,1.264,0.831,0.154,0.058,1573124992.0,2100999936.0,21265999872.0,3592999936.0,24.298,4.34,5.41022,454891786.0,0.817,0.00358,3.52,,,,,,,
GEV,263755481088.0,255913476096.0,28.655092,39.869144,22.05858,6.375988,65.168,0.82577,0.02544,0.2057,0.07466,0.23035,28.364,0.85,0.563,0.3,0.219,15722125312.0,14138999808.0,41366999040.0,3927000064.0,44.895,34.56,24.83926,266333581.0,1.033,0.00124,3.35,,,,,,,
GEN,17460494336.0,25064830976.0,17.05848,8.860902,6.57871,3.4377818,10.409,0.41944,0.084910005,0.78007007,0.35554,0.20732,307.078,0.466,0.346,0.593,0.063,1598125056.0,1570000000.0,5079000064.0,2408000000.0,4.434,1.71,3.29199,598577065.0,1.201,0.09810001,4.51,,,,,,,
GNRC,12522176512.0,13661756416.0,48.78621,17.953966,4.351535,2.8211157,21.472,0.09491,0.04721,0.39539,0.17932,0.05817,49.003,2.045,0.88,0.935,0.106,289056512.0,548132992.0,4438731776.0,636244992.0,48.769,4.35,11.82023,59005639.0,1.925,0.01696,1.94,,,,,,,
GIS,19688501248.0,22607958016.0,,11.486665,3.562874,1.0685985,6.554,-0.01028,0.057350002,0.33733,0.19194001,-0.00475,217.629,0.682,0.346,-0.133,0.022,2308499968.0,2166200064.0,18424600576.0,3449600000.0,10.354,-0.16,3.21155,533708396.0,-0.047,0.0034999999,4.65,,,,,,1.6628293764675188,
GL,14274990080.0,17100639232.0,12.22407,11.130121,2.3534005,2.305408,10.177,0.20944999,0.03358,0.33905998,0.24642,0.19577,55.675,0.795,0.64,0.138,0.08,1163503360.0,1391577984.0,6191958016.0,1680269056.0,78.121,15.04,16.51824,77644761.0,0.472,0.00703,0.08,,,,,,,
GILD,165174444032.0,186454425600.0,,13.534989,14.076931,5.4232016,12.77,-0.2068,0.14085001,0.79603994,0.33679,-0.10637999,223.465,1.265,0.902,,0.102,9768875008.0,13552000000.0,30456999936.0,14600999936.0,9.463,-2.65,9.8419,1239955155.0,0.336,0.00114,3.06,,,,,,,
GOOGL,4333065732096.0,4229428936704.0,17.759398,24.045721,6.961254,9.718314,24.424,0.48676,0.12958999,0.60897,0.34033,0.54771,18.859,2.724,2.471,2.979,0.242,22665000960.0,185675005952.0,445865984000.0,173164003328.0,50.896,19.95,14.73443,5867155790.0,1.237,0.01175,2.32,,,,,,,
GOOG,4322915254272.0,4219278196736.0,17.726679,23.989391,6.944947,9.695548,24.366,0.48676,0.12958999,0.60897,0.34033,0.54771,18.859,2.724,2.471,2.979,0.242,22665000960.0,185675005952.0,445865984000.0,173164003328.0,50.896,19.94,14.73443,5527000000.0,1.237,0.06598,2.47,,,,,,,
GPC,18697920512.0,24809363456.0,565.12506,16.331541,4.1311564,0.74578273,12.087,0.0070700003,0.04481,0.37564,0.06562,0.00131,146.415,1.159,0.419,-0.107,0.06,917241984.0,1185761024.0,25071538176.0,2052585984.0,32.831,0.24,8.30479,137859758.0,0.646,0.00418,4.04,,,0.12693492976553133,-0.015304065408438539,,,
GLW,142424784896.0,150156820480.0,76.35023,38.34759,11.951237,8.395708,36.758,0.16813,0.05367,0.36395,0.15649,0.111999996,71.448,1.813,0.978,0.192,0.166,734499968.0,3915000064.0,16963999744.0,4084999936.0,13.863,2.17,4.32048,859637825.0,1.148,0.08166,1.14,,,0.09069767441860455,-0.05804878048780493,,,
GM,79211864064.0,182541205504.0,39.098213,5.9549794,1.2388254,0.4269537,11.089,0.03164,0.02247,0.10177,0.03202,0.01051,202.341,1.136,0.892,-0.311,0.019,21933750272.0,23202000896.0,185527992320.0,16462000128.0,70.696,2.24,14.70702,904451541.0,1.329,0.0017200001,3.03,,,,,,,
GPN,22788935680.0,41794727936.0,40.81517,5.401483,0.9896007,2.2327328,9.325,0.02428,0.023340002,0.63959,0.16108,-0.091529995,98.273,0.825,0.494,-0.946,0.686,7867763200.0,1657741056.0,10206745600.0,4482187776.0,87.025,2.11,15.94377,264618390.0,0.775,0.00934,5.47,,,0.10240467739372083,-0.06972235041116714,,,
GWW,60317122560.0,62763806720.0,32.57394,25.050604,14.566278,3.2006965,19.516,0.46091,0.19934,0.39395002,0.16072,0.09923001,61.977,2.805,1.597,0.183,0.103,1247750016.0,2175000064.0,18844999680.0,3216000000.0,87.706,39.22,50.99877,47213119.0,1.047,0.062800005,3.25,,,0.6394557823129252,-0.02211724286021044,,,
GRMN,59957067776.0,57516593152.0,32.050518,28.297998,6.642381,7.8156233,24.883,0.21886998,0.12174,0.60081,0.30438998,0.24471001,2.513,3.028,1.845,0.352,0.114,1043656256.0,1978944000.0,7671437824.0,2311467008.0,46.804,9.7,10.98629,192856206.0,0.874,0.14694001,4.26,,,-0.0019745278438305647,0.02465581079913548,,,
HBAN,35458277376.0,44383281152.0,13.5,9.325433,1.1921744,3.86382,,0.09002,0.00982,0.0,0.41932,0.26131,,,,0.356,0.476,,3062000128.0,9176999936.0,,14.721,1.3,1.88195,2020414826.0,0.946,0.008090001,2.86,,,-0.14785373608903019,-0.09184629803186506,,,
GS,302704689152.0,69400846336.0,16.050797,14.042627,2.8369687,4.479868,,0.16902,0.010720001,0.82075995,0.42176998,0.31039,725.381,1.563,1.407,0.78,0.425,,-39359000576.0,67569999872.0,,366.451,64.77,74.03244,291171408.0,1.288,0.00543,2.84,,,,,,,
HAL,26640834560.0,32761528320.0,16.696335,10.966073,2.415726,1.1907583,7.915,0.14917,0.07258,0.15076,0.12793,0.0716,74.186,2.018,1.252,0.131,0.037,2052249984.0,2750000128.0,22372999168.0,4139000064.0,13.201,1.91,2.90806,835397735.0,0.753,0.00438,2.91,,,,,,,
HD,354594619392.0,416724647936.0,25.257103,22.067064,25.554756,2.1285212,16.705,1.2838,0.12519,0.33126998,0.11926,0.08411,459.356,1.045,0.231,-0.042,0.048,10128249856.0,18032001024.0,166592004096.0,24945999872.0,13.916,14.08,16.11542,997116682.0,0.959,0.00065,2.62,,,-0.2456602944407823,-0.11972966406784902,,,
HAS,13190477824.0,15715578880.0,16.64057,14.3412485,20.423672,2.652312,12.087,1.5956,0.13079001,0.63822,0.22157,0.15968001,531.042,1.661,1.295,,0.162,688150016.0,1288199936.0,4973199872.0,1300199936.0,4.579,5.62,6.52105,141044467.0,0.468,0.00611,3.51,,,,,,,
HCA,91699699712.0,143348056064.0,13.8711405,12.853741,-13.867417,1.1754413,9.103,,0.12291,0.42580003,0.15161,0.08768,,0.993,0.775,0.028,0.087,3738125056.0,11123999744.0,78012997632.0,15747000320.0,-29.808,29.8,32.15873,221839800.0,1.109,0.16610001,3.4,,,,,,,
HII,12786004992.0,15709003776.0,19.154663,15.644286,2.4069788,0.96973866,13.426,0.12968001,0.042779997,0.124,0.0708,0.05013,55.252,1.23,1.1,0.368,0.109,-300249984.0,347000000.0,13185000448.0,1170000000.0,134.808,16.94,20.74112,39404598.0,0.241,0.00511,2.15,,,,,,,
HIG,39277461504.0,39537541120.0,9.888199,10.460226,2.0165796,1.3398417,7.078,0.22061001,0.038510002,0.37868,0.17615,0.1489,22.33,1.772,0.999,0.305,0.081,5507500032.0,5880000000.0,29315000320.0,5585999872.0,71.051,14.49,13.6976,274130820.0,0.458,0.00357,0.03,,,,,,,
HLT,71480614912.0,84527611904.0,47.19168,30.400986,-11.372507,14.004823,27.373,,0.11026,0.79036003,0.62987,0.31034002,,0.649,0.551,0.095,0.025,1393874944.0,2108999936.0,5104000000.0,3088000000.0,-27.927,6.73,10.44703,225064910.0,1.063,0.02192,2.0,,,,,,,
HON,78033797120.0,104112799744.0,9.469616,24.667177,4.2096534,2.0504453,12.231,0.46577,0.0572,0.36511,0.20249,0.21581,185.369,1.211,0.756,2.619,0.043,2610374912.0,5118000128.0,38057000960.0,8512000000.0,58.487,26.0,9.98128,316940010.0,0.918,0.0004,2.32,,,,,,,
HPE,70474113024.0,86547111936.0,49.738316,13.265767,2.7844923,1.8166242,15.37,0.06315,0.01966,0.33776,0.087,0.040110003,84.03,1.088,0.566,,0.4,3836000000.0,6358000128.0,38793998336.0,5631000064.0,19.113,1.07,4.01183,1324203521.0,1.436,0.00373,2.75,,,,,,,
HPQ,27481405440.0,34642407424.0,11.129629,9.984782,-191.40126,0.4786284,7.352,,0.058790002,0.20315,0.07114,0.044460002,,0.794,0.439,0.108,0.09,3450874880.0,4593999872.0,57416998912.0,4712000000.0,-0.157,2.7,3.00958,914522690.0,1.194,0.00275,5.53,-0.3181818181818182,0.010464187221320137,-0.4678899082568807,-0.05110536893482631,,-9.338557993730408,
HOOD,83875389440.0,82956386304.0,41.278763,29.292171,8.846847,17.006365,,0.23618999,0.04528,0.9189,0.43884,0.42011002,240.279,1.116,1.066,0.453,0.323,,245000000.0,4931999744.0,,10.545,2.26,3.18481,790630234.0,2.321,0.0072500003,1.28,,,,,,,
HRL,13768111104.0,13444617216.0,29.435293,16.04772,1.7320873,1.1268293,10.746,0.05831,0.045819998,0.15783,0.11057,0.03821,4.244,1.938,0.931,-0.051,-0.029,471169760.0,1007758016.0,12218454016.0,1251180032.0,14.445,0.85,1.5591,550284207.0,0.331,0.00477,4.61,,,,,,,
HSIC,10039483392.0,15043783680.0,25.693876,14.692373,3.12418,0.7380888,13.929,0.088549994,0.043920003,0.31319,0.057550002,0.02963,80.733,1.319,0.55,0.093,0.067,446000000.0,700000000.0,13601999872.0,1080000000.0,28.209,3.43,5.99835,113916757.0,0.808,0.00836,4.99,,,,,,,
HST,16157816832.0,19875649536.0,15.630873,22.86943,2.3364768,2.591886,11.747,0.15558,0.0433,0.29195,0.18215,0.16474001,85.298,1.669,1.669,0.072,0.036,,,6233999872.0,1692000000.0,9.968,1.49,1.01839,684879281.0,1.122,0.01487,3.84,,,0.12217194570135748,0.0050441361916770955,,,
HUM,46230917120.0,37167919104.0,36.355053,23.358715,2.4878194,0.31734782,10.336,0.06893,0.03896,0.13653,0.034649998,0.00878,76.485,1.742,1.285,0.273,0.262,1940999936.0,2539000064.0,145679007744.0,3596000000.0,154.754,10.59,16.48207,120080308.0,0.74,0.00209,2.77,,,,,,,
HUBB,27160143872.0,32328413184.0,30.395624,22.473291,6.941777,4.3640566,21.332,0.24444,0.08427,0.35338002,0.21666999,0.14491999,141.642,1.609,0.826,-0.016,0.153,495812512.0,1068200000.0,6223600128.0,1515500032.0,74.043,16.91,22.87115,52841777.0,0.899,0.00343,4.77,,,,,,,
HSY,36638797824.0,41770893312.0,24.945282,18.465168,8.029857,3.0120902,15.348,0.32808998,0.09922,0.38377,0.23119,0.12242,129.821,1.18,0.507,6.297,0.066,1743636352.0,2656591104.0,12163911680.0,2721615872.0,22.709,7.31,9.87535,146312143.0,0.097,0.00312,3.71,,,,,,,
HWM,112414146560.0,116515135488.0,60.619354,45.02415,20.469103,12.330169,41.702,0.34732,0.12815,0.36032,0.28504,0.20522,81.368,1.818,0.695,0.312,0.241,1189874944.0,2220999936.0,9116999680.0,2793999872.0,13.771,4.65,6.26064,398801399.0,1.212,0.00873,2.3,,,,,,,
IBKR,149646131200.0,-28940144640.0,34.853176,27.589306,6.663379,21.894094,,0.24018998,0.022839999,0.93036,0.76532996,0.16474001,205.748,1.093,1.093,0.393,0.263,,15914999808.0,6834999808.0,,13.181,2.52,3.18348,453077771.0,1.343,0.02665,2.02,,,-0.049107142857142905,-0.06439854191980554,,,
ICE,84377591808.0,103938588672.0,21.198872,17.052515,2.8858893,7.9918156,15.481,0.14094,0.02172,1.0,0.52626,0.38246,69.226,1.012,0.024,0.126,0.048,3633625088.0,5513999872.0,10558000128.0,6713999872.0,52.081,7.09,8.81395,561394487.0,0.93,0.00813,1.78,,,,,,,
IBM,223549652992.0,280778637312.0,21.054125,18.00999,6.4887333,3.2353957,17.045,0.34460998,0.053039998,0.58098,0.16548,0.15522,188.97,0.791,0.609,-0.013,0.011,12049750016.0,14887999488.0,69094998016.0,16472999936.0,36.568,11.27,13.17491,942134390.0,0.705,0.00106,2.75,,,0.2574541284403671,0.03955667136121477,,,
IDXX,46278287360.0,47117664256.0,41.140953,35.51963,29.874222,10.163852,29.055,0.74211,0.27085,0.62446,0.3498,0.25030002,67.971,1.172,0.729,0.151,0.097,909368384.0,1371510016.0,4553223168.0,1621684992.0,19.638,14.26,16.51678,78882997.0,1.542,0.00219,2.84,,,-0.17453714254614972,-0.10007598311606491,,,
INTC,512722567168.0,549133615104.0,,49.354008,5.8557525,8.990086,32.609,-0.10715,0.0141199995,0.38873002,0.12189999,-0.19794,48.997,1.604,1.157,,0.254,4866375168.0,14936000512.0,57031999488.0,16839999488.0,17.359,-2.09,2.05961,5044000000.0,2.241,0.14671999,1.02,,,-1.7181885306423825,-0.05815571669230202,,,
INTU,88967905280.0,89087909888.0,19.844418,11.88764,4.3242707,4.251752,13.898,0.22496,0.09465,0.80793,0.46974,0.21907,33.448,1.453,0.624,0.087,0.104,5232000000.0,7888000000.0,20924999680.0,6409999872.0,75.215,16.39,27.36035,273537000.0,0.959,0.0235,2.91,,,,,,,
IFF,21928015872.0,27657830400.0,,21.693722,1.5689677,2.03395,14.473,-0.05548,0.0227,0.36583,0.08495,0.02569,44.821,2.061,0.491,-0.917,0.018,-1720999936.0,1160999936.0,10780999680.0,1911000064.0,54.743,-3.09,3.95921,255303473.0,0.943,0.00115,7.32,,,,,,,
IEX,17284366336.0,18547167232.0,33.783863,24.650187,4.3288655,4.820898,19.166,0.12955,0.0684,0.4473,0.2217,0.1449,47.06,3.049,2.01,0.09,0.064,555612480.0,716700032.0,3585299968.0,967699968.0,54.162,6.94,9.51149,73719896.0,0.976,0.00223,3.34,,,,,,,
IP,22019516416.0,31196516352.0,,14.14382,1.7258842,0.9097846,7.93,-0.16479,0.01591,0.29608,0.02298,-0.14205,68.509,1.098,0.682,,-0.022,1646499968.0,2647000064.0,24202999808.0,3934000128.0,24.092,-5.39,2.9398,529569895.0,0.894,0.00245,8.92,,,,,,,
INCY,24437239808.0,19939766272.0,15.357962,13.574054,3.819057,4.1991773,10.266,0.30667,0.16832,0.55659,0.41899,0.27706,0.603,4.593,4.314,0.446,0.377,1180664576.0,1979703040.0,5819530240.0,1942312960.0,31.568,7.85,8.88165,202697746.0,0.769,0.018480001,5.32,,,,,,0.010167582415606405,
INVH,18041055232.0,26448058368.0,27.862385,44.618458,1.9809537,6.334631,17.628,0.070539996,0.02479,0.56262,0.25115,0.23197001,94.425,0.43,0.142,0.553,0.101,1168785536.0,1199915008.0,2848004096.0,1500342016.0,15.331,1.09,0.68066,594041956.0,0.836,0.00341,2.24,,,0.030342699176527432,-0.009830476948875733,,,
IQV,39290019840.0,53595021312.0,29.689054,16.529142,6.3668613,2.313491,17.584,0.22818,0.05061,0.32968,0.13027,0.08096,257.975,0.706,0.62,-0.038,0.087,2149750016.0,2819000064.0,16983000064.0,3048000000.0,37.491,8.04,14.44116,164600000.0,1.175,0.01087,3.42,,,,,,,
IRM,36066697216.0,56198172672.0,85.92199,44.35292,-29.664545,4.7691684,22.03,,0.04634,0.5421,0.19059,0.055359997,,0.726,0.584,,0.185,-436093504.0,1655387008.0,7562470912.0,2551013120.0,-4.084,1.41,2.7315,297702812.0,1.217,0.0089,3.95,,,,,,,
IR,33744310272.0,37535010816.0,35.938015,22.294168,3.3155427,4.248736,18.631,0.0947,0.051020004,0.42821,0.16882999,0.12076,47.903,1.616,1.016,,0.085,1107425024.0,1349200000.0,7942199808.0,2014700032.0,26.231,2.42,3.90102,387999429.0,1.161,0.00213,3.31,,,,,,,
ITW,84488765440.0,93344768000.0,26.871378,23.979328,29.357746,5.13017,19.423,1.04618,0.16924,0.44162,0.26900998,0.19393998,334.853,1.109,0.74,0.079,0.061,2432999936.0,3329999872.0,16469000192.0,4806000128.0,10.105,11.04,12.37149,284800000.0,1.005,0.0037200002,6.57,,,-0.07284768211920534,-0.05280039476930665,,,
ISRG,135719305216.0,128738353152.0,43.49139,31.382265,7.3787446,12.299655,30.793,0.17423001,0.10512,0.66679,0.33603,0.28445998,,4.963,3.636,0.243,0.185,2615200000.0,3706400000.0,11034399744.0,4180800000.0,51.338,8.71,12.07083,358278038.0,1.46,0.00514,2.42,,,-0.06530380465644525,-0.025986986547443247,,,
IT,11720450048.0,13561239552.0,16.690649,11.224878,-71.43957,1.8132933,9.799,1.13581,0.1017,0.69629997,0.22623,0.11996,,0.88,0.75,0.144,-0.006,1052553024.0,1382615040.0,6463626240.0,1383901056.0,-2.598,11.12,16.5347,63148976.0,0.913,0.03759,7.43,,,,,,,
J,17129994240.0,19840501760.0,48.35667,17.571613,5.205239,1.2047074,18.78,0.07998,0.04551,0.22067,0.07387,0.0238,124.734,1.287,1.25,-0.24,0.345,645677888.0,735843008.0,14219215872.0,1056488000.0,27.87,3.0,8.25593,118080879.0,0.667,0.0053399997,5.79,,,,,,,
IVZ,13942569984.0,18159962112.0,,9.820812,1.3996366,2.0199306,12.569,-0.0057300003,0.02915,0.2952,0.19950001,-0.00934,12.056,0.708,0.708,0.88,0.205,1140787456.0,2008800000.0,6902499840.0,1444800000.0,22.563,-0.68,3.21562,441500000.0,1.596,0.00606,3.62,,,,,,,
JBL,35755450368.0,38342451200.0,43.083332,20.375454,27.035892,1.0644671,15.996,0.65876,0.05011,0.092259996,0.05211,0.02566,297.136,0.981,0.448,0.239,0.118,1211624960.0,1856999936.0,33589999616.0,2396999936.0,12.621,7.92,16.74662,104787089.0,1.304,0.01191,1.99,,,,,,,
JBHT,25214027776.0,26617214976.0,38.1963,26.545609,6.8955593,1.9851518,15.901,0.18448,0.0738,0.18505,0.07423,0.05311,38.373,1.255,1.014,0.407,0.194,903028352.0,1595293056.0,12701309952.0,1673964032.0,38.941,7.03,10.11542,93900000.0,1.297,0.20435,2.02,,,,,,,
JKHY,11080369152.0,11196383232.0,21.780725,21.961355,5.2019744,4.4045086,15.65,0.24892001,0.13664,0.44057,0.24369,0.20637,6.398,1.744,1.008,0.106,0.087,373407744.0,786398016.0,2515687936.0,715414016.0,29.979,7.16,7.10111,71050780.0,0.553,0.00599,2.8,,,-0.12927494435911102,-0.049214133889744716,,,
JNJ,624742039552.0,653020102656.0,30.039396,21.063578,7.347239,6.3795404,18.726,0.25742,0.08595,0.6814,0.2919,0.21482,57.709,1.089,0.725,-0.001,0.066,16885125120.0,27608000512.0,97929003008.0,34872000512.0,35.284,8.63,12.3075,2409898597.0,0.231,0.00048000002,3.04,,,,,,,
JCI,92199911424.0,101066907648.0,42.87606,25.312775,6.8387475,3.688734,23.368,0.14332,0.05402,0.36651,0.15875,0.14319,70.107,1.0,0.675,0.068,0.093,2984124928.0,2032000000.0,24995000320.0,4325000192.0,22.257,3.55,6.01317,605741470.0,1.317,0.0017200001,1.93,,,,,,,
KEYS,58270191616.0,58621194240.0,54.9066,28.605417,9.196515,9.57132,40.994,0.18174,0.06039,0.62139,0.18812001,0.17312999,43.642,1.903,1.334,0.358,0.315,1085750016.0,1488999936.0,6088000000.0,1430000000.0,37.076,6.21,11.91977,170895368.0,1.21,0.0058099995,1.94,,,0.3455497382198953,-0.03402366863905326,,,
KDP,40836915200.0,81625915392.0,30.313131,11.84088,1.6162214,2.0326986,17.438,0.051,0.03267,0.50956,0.13011,0.07103,100.137,0.479,0.2,-0.74,0.756,4893250048.0,2527000064.0,20089999360.0,4680999936.0,18.568,0.99,2.53444,1360776911.0,0.411,0.04977,3.6,,,,,,,
JPM,950354706432.0,788282736640.0,15.311348,14.296802,2.6879787,5.1004395,,0.17789,0.0136,0.0,0.50394,0.34921002,,,,0.412,0.304,,-162533998592.0,186328006656.0,,133.007,23.35,25.00699,2658186195.0,0.977,0.0038800002,2.66,,,,,,,
KHC,30025056256.0,46469058560.0,,12.065415,0.71630645,1.2058256,8.46,-0.0876,0.0363,0.33498,0.1549,-0.13639,52.591,1.061,0.57,,-0.014,3250500096.0,4621000192.0,24899999744.0,5493000192.0,35.348,-2.88,2.09856,1185823758.0,0.083,0.27777,6.9,,,,,,,
KEY,24367355904.0,39258832896.0,13.2923975,10.631331,1.4086515,3.3058414,,0.1033,0.0107700005,0.0,0.3471,0.2754,,,,0.198,0.101,,1311000064.0,7370999808.0,,16.136,1.71,2.13802,1072035000.0,1.032,0.00298,0.0,,,,,,,
KKR,94954340352.0,155634434048.0,32.84664,13.914021,3.2712867,3.7257407,,,,0.54151,0.1554,0.12367,69.029,,,0.373,0.022,,,25486030848.0,,31.428,3.13,7.38895,897635601.0,1.786,0.23056999,3.34,,,,,,,
KLAC,258839986176.0,260089282560.0,52.97059,30.249126,40.763374,19.061117,42.956,0.87496,0.20799999,0.61301,0.42486,0.35574,96.88,2.876,1.841,0.133,0.152,2624587520.0,4143078912.0,13579475968.0,6054757888.0,4.86,3.74,6.54928,1306546783.0,1.458,0.0011999999,1.82,,,,,,1.5204918472839304,0.07059108036201797
KO,374536896512.0,404591902720.0,26.141142,24.685371,10.361862,7.471462,23.802,0.42054,0.09401,0.61888003,0.34873,0.28558,115.519,1.305,0.798,0.161,0.067,5218749952.0,16341999616.0,50128998400.0,16997999616.0,8.401,3.33,3.52638,4302549243.0,0.342,0.09894,2.37,,,,,,,
KMB,36407218176.0,42184269824.0,21.67589,14.678899,20.843786,2.1955867,12.118,1.04913,0.10195,0.37612998,0.19002001,0.1179,348.933,0.909,0.403,-0.322,0.006,941124992.0,3332999936.0,16581999616.0,3480999936.0,5.262,5.06,7.47195,331940357.0,0.276,0.0070700003,8.57,,,,,,,
KIM,16407507968.0,24721412096.0,28.441858,27.360178,1.5970227,7.5018306,18.558,0.05806,0.023740001,0.68933,0.36565,0.27759,84.993,0.971,0.97,-0.059,0.049,871483392.0,1179106048.0,2187133952.0,1332118016.0,15.316,0.86,0.894,670789373.0,0.968,0.022079999,7.13,,,,,,,
KMI,68635877376.0,102278848512.0,19.903227,20.07993,2.1699374,3.8218095,13.396,0.109910004,0.04453,0.49407002,0.30065,0.19305,98.619,0.458,0.293,0.213,0.108,1075000064.0,6557000192.0,17959000064.0,7634999808.0,14.217,1.55,1.53636,2224825757.0,0.554,0.12695,4.41,,,0.13853503184713367,-0.025084418716835533,,,
KR,34755481600.0,66562564096.0,33.175438,10.238482,6.131647,0.23381534,8.238,0.13779001,0.05771,0.23979001,0.03224,0.00708,373.449,0.791,0.277,0.043,0.022,2994500096.0,6936000000.0,148645003264.0,8080000000.0,9.252,1.71,5.54086,612647282.0,0.409,0.08482,2.91,,,,,,,
L,23617533952.0,27073533952.0,14.192874,39.83793,1.270985,1.263375,8.364,0.09313,0.01909,0.36290002,0.14533,0.09024,44.609,0.507,0.507,0.136,0.039,1262000000.0,2575000064.0,18694000640.0,3236999936.0,90.898,8.14,2.9,204427720.0,0.518,0.1903,4.79,,,,,,,
LDOS,17304307712.0,23145963520.0,12.833023,10.639294,3.2672305,0.9813036,9.717,0.27781,0.089099996,0.17795,0.11715999,0.07803,123.276,1.629,1.154,-0.095,0.072,1146625024.0,2300000000.0,17634000896.0,2382000128.0,42.106,10.72,12.93037,125785466.0,0.546,0.00562,3.12,,,,,,,
KVUE,36921765888.0,44439474176.0,22.623528,15.503813,3.4229262,2.3962724,12.766,0.15581,0.06992,0.58437,0.19418,0.107609995,81.617,1.005,0.611,0.086,0.03,1907500032.0,2324999936.0,15408000000.0,3480999936.0,5.618,0.85,1.24034,1920008668.0,0.431,0.00052,2.89,,,,,,,
LEN,21242132480.0,25778726912.0,13.821317,13.606975,0.982496,0.64886767,11.279,0.07368,0.03943,0.16363001,0.052750003,0.04934,28.692,8.508,1.203,-0.362,-0.052,1077926016.0,882990976.0,32737234944.0,2285495040.0,89.751,6.38,6.4805,210506003.0,1.398,0.06803,0.18,,,-0.19208855993651086,-0.04912171897413453,,,
LH,25884688384.0,32582287360.0,26.377686,16.132904,3.0000565,1.8040625,14.045,0.11728,0.05527,0.28882998,0.1224,0.069860004,79.124,1.796,1.246,0.256,0.058,892049984.0,1638400000.0,14348000256.0,2319800064.0,106.388,12.1,19.78379,81100000.0,0.843,0.00358,4.19,,,,,,,
LHX,53382148096.0,70449602560.0,28.985846,21.354782,2.7891343,4.1523137,32.828,,,0.30414,0.097270004,0.103690006,34.574,,,0.747,1.9,,1655000064.0,12856000512.0,2146000000.0,102.781,9.89,13.42416,186214616.0,0.746,0.00423,1.99,,,,,,,
LIN,225871069184.0,250535067648.0,31.652456,24.998035,5.8773155,6.371719,18.126,0.18400998,0.07164,0.48348,0.28119,0.20435,68.947,0.879,0.68,0.092,0.093,4160750080.0,10488999936.0,35448999936.0,13822000128.0,83.368,15.48,19.60074,460980163.0,0.726,0.00248,2.73,,,,,,,
LII,15198747648.0,17171348480.0,19.527975,16.70311,11.715953,2.8664985,14.666,0.71757007,0.15994,0.33330002,0.22856002,0.14871,156.082,1.569,0.674,-0.018,0.03,277737504.0,894700032.0,5302199808.0,1170800000.0,37.536,22.52,26.32863,34560675.0,1.199,0.096219994,5.56,,,,,,,
LLY,1056890945536.0,1102848983040.0,39.842403,25.619883,33.95796,13.266524,26.443,1.02286,0.20357001,0.83399004,0.54222,0.33528998,162.071,1.355,0.679,0.253,0.477,11065900032.0,28082999296.0,79666003968.0,41706999808.0,34.917,29.76,46.28085,891357065.0,0.506,0.00155,3.34,,,,,,,
LMT,135693426688.0,152440422400.0,21.695572,17.973072,15.4228525,1.7619319,15.748,0.89165,0.08638,0.11798,0.119569995,0.08163,234.238,1.193,0.974,4.368,0.105,5562625024.0,10401999872.0,77013999616.0,9680000000.0,38.122,27.1,32.71283,230790753.0,0.11,0.00101,2.38,,,-0.7887584928968498,-0.024396797248643076,,,
LITE,69255225344.0,63966588928.0,156.17018,47.514984,21.465395,27.831228,125.72,0.22834998,0.028900001,0.40837002,0.21771,0.17678,111.445,1.137,0.938,,0.901,93350000.0,452400000.0,2488399872.0,508800000.0,41.47,5.7,18.73451,77800000.0,1.513,0.00775,1.76,,,,,,,
LOW,125299351552.0,167003914240.0,18.864021,16.60464,-13.516704,1.4168686,13.257,,0.12792,0.33293,0.11067,0.075100005,,1.093,0.096,-0.008,0.103,4816124928.0,9834999808.0,88433999872.0,12597000192.0,-16.524,11.84,13.45106,561000000.0,0.851,0.00105,3.67,,,-0.3156797331109258,-0.1264243081931633,,,
LVS,29645283328.0,41867763712.0,17.74031,12.953676,51.025642,2.1608925,9.025,1.22869,0.09549,0.79335,0.19658001,0.12588,1703.902,0.997,0.927,-0.249,-0.007,2212875008.0,3732000000.0,13719000064.0,4639000064.0,0.897,2.58,3.53336,647701184.0,0.835,0.52888,3.77,,,0.10023866348448696,-0.04683278294806359,,,
LULU,14600763392.0,15222041600.0,10.419773,11.420014,3.04887,1.3032273,5.932,0.32027,0.16045,0.55695,0.11205,0.13029,44.264,2.226,0.936,-0.38,0.043,1133960960.0,1935870976.0,11203543040.0,2565969920.0,42.173,12.34,11.25918,108437957.0,0.863,0.04425,2.93,,,,,,,
LYV,42086465536.0,46034063360.0,,93.75389,506.05045,1.6019187,29.684,0.17677,0.02101,0.25777,0.06696,0.00513,620.214,0.852,0.681,0.21,0.094,1695030656.0,2608701952.0,26272534528.0,1550790016.0,0.357,-1.1,1.92696,232959505.0,1.116,0.32429,9.42,,,,,,,
LRCX,389585403904.0,387740794880.0,54.053818,27.01467,36.78521,16.768847,44.871,0.65066004,0.22840999,0.50469,0.37433997,0.31272,29.946,2.629,1.839,0.324,0.3,3278951936.0,5857656832.0,23232690176.0,8641328128.0,8.464,5.76,11.52522,1251278000.0,1.865,0.00275,2.11,,,,,,0.47148464873429535,
LUV,23017244672.0,26115246080.0,29.40625,9.508912,3.2502072,0.7653791,11.17,0.11099,0.02318,0.22399001,0.033800002,0.02783,97.275,0.489,0.378,0.094,0.164,-834750016.0,2528000000.0,30072999936.0,2337999872.0,14.476,1.6,4.94799,489208201.0,1.143,0.0100300005,4.7,,,,,,,
LNT,17986580480.0,30079580160.0,21.952532,18.821852,2.3889387,4.061093,16.446,0.11135,0.02448,0.44502,0.19053,0.18447,160.951,0.466,0.173,-0.023,0.01,-1138625024.0,1158000000.0,4429000192.0,1828999936.0,29.038,3.16,3.68561,259284699.0,0.539,0.00153,11.15,,,,,,,
LYB,19249831936.0,31053832192.0,,9.243417,1.8037353,0.61714,8.703,-0.02269,0.04112,0.12888,0.17924999,-0.01132,132.759,1.641,0.931,3.895,0.198,1228000000.0,2972999936.0,31192000512.0,3568000000.0,33.037,-0.8,6.44675,323037952.0,0.347,0.20121,2.2,,,,,,,
MA,493149782016.0,506178797568.0,30.965347,24.47131,88.01595,14.056659,22.8,2.41202,0.24063,1.0,0.61108,0.46339,439.583,1.061,0.666,0.186,0.141,16961250304.0,17436999680.0,35083001856.0,22200999936.0,6.396,18.18,23.00449,869464115.0,0.735,0.00112,2.28,,,,,,,
MAR,92287795200.0,109599793152.0,36.636646,26.918447,-20.476162,12.4966545,22.767,,0.09761,0.79241997,0.65276,0.35029998,,0.535,0.481,0.004,0.111,2060375040.0,3728000000.0,7384999936.0,4814000128.0,-17.284,9.66,13.14749,260766288.0,1.12,0.18082,3.02,,,0.04807692307692313,0.0392972723069811,,,
MAA,16104324096.0,21470363648.0,119.43363,41.151737,2.8813596,7.258186,17.342,0.0705,0.03129,0.58392,0.25356,0.18173,102.377,0.048,0.032,0.126,0.01,921182272.0,1010657024.0,2218780928.0,1238054016.0,46.839,1.13,3.27957,116384802.0,0.72,0.00463,4.29,,,,,,,
MAS,15283997696.0,18475997184.0,17.859447,16.613903,-41.874664,2.005774,12.252,58.625,0.15857,0.37205002,0.23645,0.11614,,1.865,1.148,0.178,-0.029,897124992.0,1291000064.0,7619999744.0,1508000000.0,-1.851,4.34,4.66537,197187430.0,1.296,0.0023,3.67,,,,,,,
MCHP,45987409920.0,51113807872.0,124.54412,18.943005,7.137199,8.977883,33.938,0.0719,0.03536,0.60194,0.23958,0.0934,83.688,1.921,0.958,,0.38,1364762496.0,1198000000.0,5122299904.0,1506099968.0,11.866,0.68,4.47078,543008691.0,1.742,0.01781,2.83,-0.021841402596668693,-0.010055546160550518,-9.311827956989248,-0.09762900976290101,,0.8004888179365102,
MCD,195019653120.0,248744640512.0,22.315447,19.618929,-108.963875,7.0399127,16.66,,,0.57382,0.46493,0.3172,,,,0.048,0.038,,,27701999616.0,14931000320.0,-2.519,12.3,13.99057,710505859.0,0.419,0.00257,2.34,,,-0.1708832667554372,-0.12976764576939936,,,
MDT,111568740352.0,132106739712.0,23.367292,13.592246,2.2558105,3.0681095,13.076,0.098409995,0.04917,0.65309,0.22045,0.13203,58.214,2.126,1.361,0.178,0.099,4625375232.0,7329999872.0,36364001280.0,10103000064.0,38.638,3.73,6.41248,1280045190.0,0.566,0.0031,2.05,,,,,,,
MDLZ,80369311744.0,100305649664.0,38.411045,18.63088,3.0096622,2.0256915,16.498,0.13340001,0.04123,0.31146,0.21978001,0.08862001,82.643,0.599,0.311,1.415,0.041,2252375040.0,4435999744.0,39674998784.0,6080000000.0,20.803,1.63,3.36055,1283649766.0,0.404,0.00238,3.28,,,,,,,
MCK,101384650752.0,110955651072.0,23.313137,17.204512,-23.790218,0.24668819,15.692,,0.04743,0.03633,0.01348,0.01117,,0.893,0.504,-0.217,0.077,6801249792.0,6853000192.0,410983006208.0,7071000064.0,-36.552,37.3,50.54372,116590363.0,0.307,0.00051,3.29,,,0.6071428571428572,-0.0715957762171997,,,
MCO,82737217536.0,89002213376.0,30.294863,25.25999,27.35158,10.139365,21.96,0.76932,0.15619999,0.74974996,0.49473998,0.34252,240.682,1.19,1.043,0.519,0.151,2579124992.0,3319000064.0,8160000000.0,4052999936.0,17.467,15.77,18.91331,173180984.0,1.33,0.14372,3.07,,,,,,,
MKC,14238377984.0,19418378240.0,8.811979,16.053932,2.0353572,1.9278044,13.378,0.24728,0.05136,0.38853002,0.17422001,0.21912001,65.143,0.781,0.291,-0.142,0.167,714025024.0,1231500032.0,7385800192.0,1451500032.0,26.02,6.01,3.29888,254055150.0,0.627,0.00026,0.0,,,,,,,
MGM,11188330496.0,39448748032.0,26.951517,21.775005,4.4505606,0.62992245,17.631,0.18924999,0.01766,0.44157,0.067880005,0.02398,893.311,1.335,1.207,4.974,0.01,878991104.0,2463035904.0,17761441792.0,2237483008.0,9.992,1.65,2.04225,251592756.0,1.296,0.27874002,6.06,,,-0.8283956460009465,0.03632685749132336,,,
META,1508378279936.0,1530436386816.0,22.318129,16.851542,6.166873,6.6085353,13.957,0.29848,0.14591,0.81747,0.34827,0.29834998,42.997,2.226,1.987,-0.136,0.28,21553625088.0,130301001728.0,228246994944.0,109654999040.0,96.013,26.53,35.13625,2205128509.0,1.243,0.00145,1.85,,,,,,,
MET,62130577408.0,85644582912.0,18.729885,8.970342,2.3115659,0.78252065,14.18,0.13094,0.00451,0.23951,0.055180002,0.04567,179.933,2.027,1.705,0.01,0.105,-20953999360.0,15557999616.0,79398002688.0,6040000000.0,42.296,5.22,10.89925,635476927.0,0.763,0.1634,3.38,,,0.2962962962962963,0.06474149976711696,,,
MLM,32950319104.0,39185317888.0,35.714195,25.527267,2.8531232,4.926782,18.431,0.08894,0.045679998,0.2823,0.20185,0.36737,54.945,1.407,0.651,-0.235,0.21,593374976.0,1519000064.0,6688000000.0,2126000000.0,192.27,15.36,21.48957,60065839.0,1.106,0.00806,3.74,,,,,,,
MMM,94325628928.0,102235627520.0,32.486675,18.806618,31.953178,3.7460535,15.758,0.81891996,0.087419994,0.39408,0.20354,0.11902001,437.937,1.24,0.811,0.29,0.025,6350125056.0,4898999808.0,25180000256.0,6488000000.0,5.724,5.63,9.7253,515722417.0,1.08,0.00097000005,3.2,,,,,,,
MOS,7330673664.0,13286773760.0,,14.158184,0.620944,0.5985249,7.731,-0.05073,0.01239,0.11236,-0.00117,-0.05213,52.249,1.337,0.354,,-0.06,-746275008.0,444000000.0,12247900160.0,1718700032.0,37.137,-2.02,1.62874,317895646.0,0.821,0.00341,2.99,,,,,,,
MPWR,68875878400.0,67481055232.0,85.45976,40.279892,17.680809,21.042639,67.462,0.21979,0.13573,0.55195,0.30989,0.24500999,0.486,4.975,3.529,0.906,0.476,444316128.0,822337024.0,3273157888.0,1000281984.0,79.269,16.4,34.79503,49143000.0,1.686,0.03592,2.06,,,0.00991579797496378,-0.040657624282623206,,,
MO,114126987264.0,136386994176.0,14.389473,11.6407585,-42.772213,5.5824194,8.65,,0.29548,0.8717,0.61464,0.38999,,0.518,0.344,-0.034,0.012,9035249664.0,9408000000.0,20444000256.0,15768000512.0,-1.598,4.75,5.87161,1669743926.0,0.495,0.00116,6.69,,,,,,,
MRSH,91457536000.0,112389537792.0,23.429094,16.80001,6.0326104,3.272535,14.487,0.25902998,0.07244,0.43994,0.26323998,0.14241,145.027,1.139,0.528,0.045,0.062,4785249792.0,5078000128.0,27946999808.0,7758000128.0,31.769,8.18,11.40773,477211268.0,0.579,0.00078,2.6,,,0.6211512717536813,0.09809478822232709,,,
MNST,88509956096.0,85087461376.0,41.833332,34.498028,10.1255045,9.600864,29.211,0.25704,0.17362,0.55546004,0.29192,0.23079,,3.729,3.099,0.196,0.202,,,9218957312.0,2912887040.0,8.924,2.16,2.61928,979525882.0,0.524,0.28256,3.15,,,,,,,
MPC,87055507456.0,116908941312.0,10.372174,10.041443,5.215384,0.5647601,7.593,0.42099,0.087390006,0.12819,0.13561,0.05549,133.328,1.25,0.857,3.225,0.537,9249375232.0,17125999616.0,154145996800.0,15397000192.0,57.177,28.75,29.69693,291936635.0,0.508,0.0033399998,2.6,,,,,,,
MS,340070760448.0,219041611776.0,17.48828,15.866485,3.1906607,4.369517,,0.17969999,0.01345,0.87641,0.41567,0.25897,517.282,1.999,1.603,0.577,0.28,,-15587000320.0,77827997696.0,,67.801,12.37,13.6344,1572000000.0,1.209,0.24404,0.0,,,,,,,
MRNA,23622787072.0,19771787264.0,,-12.240887,3.1709538,10.602687,-9.008,-0.38998002,-0.13256,-0.66023004,-5.5793104,-1.41427,19.036,2.295,2.068,,0.021,299249984.0,-1073000000.0,2228000000.0,-2195000064.0,18.66,-7.98,-4.8338,399235889.0,0.899,0.07253,5.21,,,,,,,
MRK,317570056192.0,361038020608.0,102.864,13.397644,6.9218345,4.7705398,23.787,,,0.75953,-0.01367,0.047659997,106.936,,,,0.051,,,66568998912.0,15178000384.0,18.576,1.25,9.59721,2469824415.0,0.211,0.00058,2.59,,,,,,,
MRVL,196310925312.0,192769851392.0,75.16151,35.046,10.513363,22.52021,71.08,0.16028,0.03808,0.51502997,0.14479999,0.28986,28.97,3.278,2.51,-0.806,0.276,2269700096.0,2056400000.0,8717100032.0,2712000000.0,20.804,2.91,6.24094,875766423.0,2.246,0.0070200004,0.71,,,,,,,
MSCI,40942456832.0,47133958144.0,30.774317,25.033339,-15.223279,12.281169,24.02,,0.21134001,0.82975,0.56298,0.40735,,0.894,0.77,0.126,0.122,1194705920.0,1628146048.0,3333758976.0,1962299008.0,-36.994,18.3,22.4968,72700000.0,1.222,0.03593,1.75,,,-0.06664699771963145,-0.026122158840269916,,,
NFLX,308714471424.0,316241248256.0,23.314465,19.422207,10.238917,6.382253,21.474,0.49541,0.16084999,0.49118,0.33381,0.28219,55.236,1.142,0.917,0.088,0.134,25387552768.0,11970833408.0,48370765824.0,14726931456.0,7.241,3.18,3.81728,4163939676.0,1.514,0.0057200002,2.03,,,0.22713626990446478,-0.037456950540068146,,,
NCLH,8839365632.0,24600084480.0,11.666667,11.259878,3.4356594,0.87050414,9.483,0.3673,0.042529996,0.42457,0.14042,0.07492,621.051,0.2,0.078,6.42,0.049,-1680301312.0,2109712000.0,10154306560.0,2594191872.0,5.603,1.65,1.70961,459187846.0,1.903,0.00546,4.77,,,,,,,
MSI,77376618496.0,86301622272.0,36.90213,24.588224,28.959429,6.323169,22.965,0.91567004,0.1125,0.52112,0.27354,0.17438999,357.85,1.099,0.778,0.086,0.133,1979000064.0,2974000128.0,12236999680.0,3758000128.0,16.145,12.67,19.0152,165493788.0,0.87,0.0039500003,3.17,,,,,,,
MU,991121571840.0,971475517440.0,19.841059,5.659457,9.8365755,10.979037,14.24,0.66638,0.3487,0.72569,0.80370003,0.55906,6.33,3.425,2.927,13.983,3.457,7639499776.0,51432001536.0,90273996800.0,68222001152.0,89.215,44.23,155.06258,1129393151.0,2.213,0.00262,0.69,,,-0.4111215245235864,-0.1779938135218736,,,
MTB,36298469376.0,39608053760.0,13.265361,11.887798,1.4227688,3.8407016,,0.10742,0.01408,0.0,0.45108002,0.32092,,,,0.142,0.062,,3804000000.0,9450999808.0,,176.03,18.88,21.06782,144933000.0,0.573,0.0033500001,4.67,,,,,,,
NDSN,17278691328.0,19149303808.0,33.09605,24.705038,5.3958445,5.9507065,21.015,0.1714,0.079239994,0.55218,0.23516001,0.18188,61.637,2.597,1.443,0.044,0.085,574589504.0,761984000.0,2903636992.0,911212992.0,57.472,9.37,12.5525,55717948.0,0.964,0.0559,3.78,0.037970424659089064,0.01854227901573695,-0.10637282961266936,-0.07898892663474077,-0.0011161262928407905,0.784871080807917,0.019658405308577744
MSFT,3712698548224.0,3764668596224.0,27.854595,21.299555,8.394023,11.188252,19.382,0.34039003,0.14088,0.67944,0.45111,0.40305,29.118,1.23,1.099,0.313,0.177,16545500160.0,182934994944.0,331839012864.0,194237005824.0,59.565,17.95,23.4742,7425545491.0,1.099,0.00087,1.99,,,-0.018524525173892692,-0.01586136752796985,,,
NEE,176546496512.0,294927237120.0,19.022472,19.159473,3.0907698,6.151446,20.21,0.11677,0.024430001,0.61024,0.31524,0.32401,161.676,0.534,0.348,0.55,0.124,-17766875136.0,13802999808.0,28700000256.0,14593000448.0,27.388,4.45,4.41818,2085605358.0,0.653,0.00116,0.01,,,-0.16817063166529944,-0.15892543309063523,,,
NEM,119046160384.0,115806150656.0,14.247164,10.691929,3.394832,4.6201015,6.789,0.25905,0.15755,0.68041,0.51569,0.33363998,15.807,2.546,1.949,0.068,0.151,8815875072.0,12627999744.0,25767000064.0,17057999872.0,33.28,7.93,10.56685,1053692271.0,0.5,0.00302,2.33,,,,,,,
NDAQ,52873666560.0,61640671232.0,27.577257,20.245756,4.439386,9.41818,18.384,0.16521999,0.058530003,1.0,0.49333,0.35037,77.687,1.006,0.386,0.122,0.149,1691500032.0,2246000128.0,5614000128.0,3352999936.0,21.307,3.43,4.67209,558977372.0,0.971,0.11002,1.73,,,,,,,
MTD,28641460224.0,30727471104.0,32.260437,27.653906,2233.5312,6.928478,24.087,,0.21098,0.60256,0.312,0.21907,16668.447,1.122,0.66,0.151,0.045,693589632.0,975166976.0,4133874944.0,1275713024.0,0.64,44.31,51.69107,20036559.0,1.224,0.00437,3.68,,,-0.0696344250159775,-0.04513746250117756,,,
NI,20434055168.0,40126857216.0,22.664894,18.91483,2.11485,2.9694188,13.261,0.085489996,0.032420002,0.50971,0.17156,0.13153,146.649,0.498,0.218,-0.555,0.046,-1772999936.0,2303200000.0,6881500160.0,3025999872.0,20.148,1.88,2.25273,479560100.0,0.554,0.0035499998,2.35,,,,,,,
NSC,75100053504.0,91181056000.0,28.480408,23.386673,4.620657,5.98884,16.101,0.16985,0.05953,0.45159,0.35296002,0.21021,105.519,0.831,0.666,-0.044,0.114,1382249984.0,3732000000.0,12540000256.0,5663000064.0,72.362,11.74,14.29703,224608373.0,1.269,0.00045000002,7.72,,,,,,,
NOW,129108688896.0,132897685504.0,78.049995,24.945118,10.315546,8.763826,45.874,0.14244,0.04249,0.74768996,0.04063,0.11336,67.538,0.701,0.565,-0.226,0.24,5149374976.0,5308000256.0,14732000256.0,2896999936.0,12.106,1.6,5.00619,1033862000.0,0.93,0.0017,2.55,,,-0.23306772908366535,-0.05635456413266804,,,
NKE,61861900288.0,63877894144.0,19.857143,18.156565,4.160016,1.3309407,12.96,0.22138001,0.06971,0.43245,0.12687,0.066989996,74.289,1.961,1.192,4.066,-0.011,1889250048.0,2868000000.0,46398001152.0,4928999936.0,10.024,2.1,2.29669,1202110951.0,1.118,0.01675,2.23,,,-0.7097661623108666,-0.05315699658703077,,,
NOC,81200381952.0,95945383936.0,18.180025,18.782618,4.5403852,1.8931358,13.225,0.26958,0.07148,0.2006,0.11604,0.104820006,95.348,1.168,1.014,-0.068,0.051,2478000128.0,5078000128.0,42892001280.0,7255000064.0,125.888,31.44,30.43133,142063026.0,-0.108,0.00247,2.25,,,,,,,
NTAP,37130743808.0,36279746560.0,29.84567,19.263453,27.49456,5.3618402,19.257,1.06734,0.09824,0.70744,0.27259,0.18426001,202.295,1.436,1.211,0.188,0.125,1295250048.0,2067000064.0,6925000192.0,1884000000.0,6.893,6.35,9.83832,195919927.0,1.433,0.0039399997,3.93,,,0.45922746781115875,0.11096856959589485,,,
NTRS,33938272256.0,41163472896.0,15.936425,14.640514,2.8363047,3.7354324,,0.17066,0.01276,0.0,0.42496,0.2467,,,,0.88,0.364,,529300000.0,9085500416.0,,65.402,11.64,12.67032,182955653.0,1.259,0.008590001,3.26,,,-0.07932692307692313,-0.013577564925446817,,,
NRG,24832163840.0,48787165184.0,30.763021,10.615764,5.9082723,0.74965024,14.998,0.23772,0.04061,0.18795,0.12765999,0.02563,483.357,0.968,0.371,,0.11,772374976.0,1555000064.0,33124999168.0,3252999936.0,19.994,3.84,11.12779,210210483.0,1.203,0.0442,2.87,,,,,,,
NUE,62089015296.0,67778166784.0,21.74083,14.481585,2.8139837,1.7198696,11.931,0.14548999,0.0732,0.15554,0.15668,0.07989,30.512,2.508,1.284,0.917,0.23,669000000.0,4424000000.0,36101001216.0,5680999936.0,96.884,12.54,18.82598,227740950.0,1.892,0.020769998,2.22,,,-0.7412935323383085,-0.0740302743614002,,,
NVDA,5424535306240.0,5379473801216.0,34.244648,17.37413,27.75217,21.39932,32.502,1.14288,0.52727,0.74144995,0.65596,0.62966,6.555,3.441,2.139,2.106,0.852,46335873024.0,125648003072.0,253491003392.0,165514002432.0,8.07,6.54,12.89043,24221000000.0,2.215,0.03991,2.24,,,-0.2894179093179926,-0.057356181674261375,,,
NVR,17028829184.0,17025347584.0,16.393383,15.524221,5.046531,1.7680652,11.08,0.31544,0.16547,0.2184,0.13889,0.1185,32.15,5.67,1.754,-0.291,-0.109,918313280.0,1066590016.0,9631335424.0,1536605952.0,1266.244,389.8,411.62387,2664860.0,0.913,0.05548,5.1,,,,,,,
NWS,17545558016.0,19177924608.0,31.504856,21.650366,2.079995,1.9434602,11.787,0.07979,0.04598,0.5689,0.12623,0.06347,30.63,1.623,1.395,-0.759,0.108,1038750016.0,1231000064.0,9027999744.0,1627000064.0,15.601,1.03,1.49882,180440506.0,0.911,0.34837002,3.43,,,,,,,
NWSA,15420626944.0,17030179840.0,27.689322,19.020687,1.828088,1.708089,10.467,0.07979,0.04598,0.5689,0.12623,0.06347,30.63,1.623,1.395,-0.759,0.108,1038750016.0,1231000064.0,9027999744.0,1627000064.0,15.601,1.03,1.49942,360254692.0,0.911,0.00027000002,1.87,,,,,,,
NXPI,60446277632.0,68562272256.0,47.656063,13.247226,5.3048444,4.584473,13.528,0.27921,0.10457,0.56102,0.30406,0.22564,93.325,2.04,1.194,0.724,0.195,3555000064.0,3128999936.0,13185000448.0,5068000256.0,45.187,5.03,18.09511,252164174.0,1.825,0.00139,2.03,,,,,,,
OMC,24293928960.0,32389449728.0,230.37837,7.077048,2.2155797,1.0859418,8.81,0.060510002,0.05092,0.18959999,0.15384,0.017439999,107.744,0.924,0.668,1.27,0.634,4260624896.0,2582500096.0,22371299328.0,3676499968.0,38.473,0.37,12.04457,285006196.0,0.66,0.00936,5.43,,,,,,,
ODFL,44863680512.0,44599738368.0,41.687862,32.69315,9.871339,8.007787,24.871,0.24818,0.15775,0.39566,0.28835,0.19443001,0.44,1.889,1.713,0.305,0.104,970776000.0,1394102016.0,5602506752.0,1793243008.0,21.918,5.19,6.6179,207356622.0,1.177,0.08246,4.73,,,-0.05199049980269965,-0.023346906069655726,,,
O,59147083776.0,92296454144.0,45.627735,36.61658,1.4955261,9.75138,17.227,0.03225,0.02359,0.9268,0.46965998,0.20898001,74.722,1.528,0.741,0.747,0.096,1582081920.0,4166153984.0,6065508864.0,5357639168.0,41.798,1.37,1.70715,946202000.0,0.72,0.00124,6.42,,,,,,,
OKE,54447435776.0,87481548800.0,14.925734,13.759634,2.4353266,1.3831081,11.406,0.16277,0.05767,0.27214,0.13254,0.09287,143.07,0.737,0.515,0.149,0.528,899875008.0,6157000192.0,39366000640.0,7670000128.0,35.486,5.79,6.28069,630032852.0,0.715,0.00151,6.64,,,,,,,
ORCL,423486849024.0,564526841856.0,25.174658,13.500274,11.27454,6.287199,18.513,0.53376,0.06505,0.65822,0.36202,0.25368,388.87,1.115,1.012,0.256,0.206,-24536750080.0,31977000960.0,67356999680.0,30493999104.0,13.04,5.84,10.89015,2880471000.0,1.718,0.40497002,1.39,,,,,,,
ON,31600431104.0,32464732160.0,53.052288,17.964203,4.3773932,5.098653,15.534,0.08312,0.0675,0.42776,0.19532,0.10168,65.055,3.464,2.287,0.332,0.092,1656649984.0,1672000000.0,6197799936.0,2089900032.0,18.543,1.53,4.51843,389311721.0,2.016,0.00338,2.23,,,,,,,
ORLY,76335988736.0,85661237248.0,29.692062,25.623674,-41.58737,4.1101484,20.544,,0.13670999,0.51636004,0.2015,0.1427,,0.752,0.093,0.07,0.081,1572316928.0,3289438976.0,18572562432.0,4169743872.0,-2.249,3.15,3.65014,816165813.0,0.519,0.0049900003,2.47,,,-0.19460211338702804,-0.08577437018486833,,,
OXY,55889727488.0,75287724032.0,16.492624,14.075962,1.8083903,2.335941,5.488,0.10629,0.046830002,0.73318,0.45443,0.30318,34.511,1.411,1.038,5.5,0.534,3788124928.0,10976000000.0,23925999616.0,13717999616.0,30.917,3.39,3.97202,999637371.0,0.16,0.26811,0.01,,,,,,,
OTIS,28165724160.0,36492726272.0,19.020565,16.040531,-4.9003243,1.8889226,13.823,,0.14249,0.30313,0.15133001,0.10167,,0.831,0.684,0.089,0.073,1436249984.0,1871000064.0,14910999552.0,2640000000.0,-15.099,3.89,4.61269,380669339.0,0.879,0.0014200001,3.77,,,0.050802139037433136,-0.0257452574525745,,,
PANW,296545878016.0,295564902400.0,313.67242,88.26326,10.691701,27.958881,199.235,0.048309997,0.017719999,0.71963996,-0.02465,0.07947,7.698,0.856,0.728,,0.311,3579375104.0,4216999936.0,10606499840.0,1483500032.0,34.032,1.16,4.12244,815000000.0,0.893,0.00759,2.73,,,,,,,
PAYX,42696167424.0,46182768640.0,24.548058,18.801697,11.428028,10.760123,28.721,,,0.67197996,0.38325,0.26633,123.967,1.152,0.303,0.415,0.125,,1179200000.0,3968000000.0,1608000000.0,10.504,4.89,6.38453,355682860.0,,0.103599995,5.11,,,-0.22563835330901516,-0.07318181818181824,,,
PCAR,70064439296.0,76213338112.0,27.789145,18.660341,3.4478204,2.518872,23.295,0.12755999,0.041160002,0.13715,0.12024,0.09003,72.91,5.519,4.888,0.039,0.005,1943650048.0,4344699904.0,27815800832.0,3271600128.0,38.607,4.79,7.13331,526364953.0,0.985,0.01857,4.5,,,0.22677966101694924,0.12570820468239452,,,
PCG,38453325824.0,104015323136.0,12.561151,9.687191,1.1896974,1.4883045,9.951,0.09318,0.02568,0.39823002,0.24788,0.11828,189.45,1.216,0.52,0.407,0.001,-6150125056.0,8146999808.0,25837000704.0,10453000192.0,14.676,1.39,1.80238,2202366906.0,0.278,0.00279,0.0,,,,,,,
PEG,37703000064.0,62196457472.0,18.820896,16.181154,2.1775796,3.0059,13.936,0.11835,0.03238,0.33333,0.18872,0.16041,142.409,0.877,0.487,-0.429,-0.089,107750000.0,3592000000.0,12542999552.0,4463000064.0,34.745,4.02,4.67581,498321402.0,0.527,0.0012800001,3.5,,,,,,,
PG,339486441472.0,364948094976.0,22.022657,19.693819,6.3533354,3.9007084,14.744,0.30290002,0.107209995,0.50873,0.22084999,0.18437,64.49,0.677,0.413,-0.158,0.015,13280874496.0,19555999744.0,87031996416.0,24752001024.0,22.947,6.62,7.40283,2328598978.0,0.377,0.0007,2.34,,,,,,,
PFG,24279465984.0,23209365504.0,16.153847,10.958078,2.0044544,1.5471328,10.788,0.12949,0.00352,0.47345,0.12336001,0.09932999,35.307,1.586,0.38,-0.007,0.064,1056374976.0,5011999744.0,15693200384.0,2151500032.0,56.574,7.02,10.34853,214104641.0,0.88,0.011089999,5.76,,,,,,,
PFE,152523259904.0,204601262080.0,35.210526,9.255288,1.7904456,2.39455,8.061,0.05014,0.05784,0.74716,0.27877,0.06804,74.253,1.267,0.854,,0.026,12485624832.0,13400999936.0,63695998976.0,25383000064.0,14.946,0.76,2.89132,5699673589.0,0.28,0.001,3.21,,,,,,,
PEP,189901324288.0,232417230848.0,18.220184,15.483759,8.593682,1.959685,12.309,0.51508,0.08931,0.54171,0.16836001,0.10785,238.949,0.934,0.69,1.36,0.064,7831875072.0,13456000000.0,96904003584.0,18882000896.0,16.177,7.63,8.97844,1366000000.0,0.361,0.00183,3.17,,,,,,,
PGR,125186785280.0,131417784320.0,10.798897,13.235699,3.6464474,1.3753917,8.535,0.34943,0.07839,0.18521,0.18208,0.12849,24.428,0.293,0.234,0.043,0.073,15114500096.0,16339000320.0,91019001856.0,15397999616.0,59.052,19.94,16.26888,581371770.0,0.257,0.00248,2.49,,,,,,,
PH,135400390656.0,143443001344.0,37.73261,28.38814,9.268287,6.297985,25.748,0.25076,0.09595,0.37685,0.23858,0.16968,55.278,1.262,0.652,0.182,0.098,2952624896.0,4364000256.0,21499000832.0,5570999808.0,115.865,28.46,37.82812,126086389.0,1.128,0.0018799999,2.33,,,,,,0.6999425881941075,
PKG,22812819456.0,26494248960.0,33.20882,20.199598,4.9417124,2.392635,13.871,,,0.20841,0.118719995,0.07256,95.185,,,-0.205,0.147,,,9534600192.0,1910000000.0,51.812,7.71,12.6755,89098647.0,0.807,0.016,5.97,,,,,,0.6228885135135135,0.03780463332515775
PHM,25315635200.0,26056368128.0,13.575076,11.813574,1.9571748,1.5429705,9.462,0.14901,0.092080005,0.25565,0.15685001,0.1162,19.065,7.272,0.608,-0.224,-0.096,1078512896.0,1626317952.0,16407075840.0,2753777920.0,67.904,9.79,11.24977,190486353.0,1.206,0.00667,4.8,,,,,,,
PLD,136248336384.0,170564714496.0,31.216038,41.163,2.4342632,14.108071,25.317,0.07749,0.02516,0.75549006,0.43030998,0.43575,63.823,0.649,0.488,0.859,0.123,5406941184.0,5240974848.0,9657474048.0,6737149952.0,57.578,4.49,3.405,950333372.0,1.324,0.00262,3.32,,,,,,,
PLTR,413350068224.0,404263075840.0,147.01709,74.794754,42.23177,67.14653,151.828,0.38097,0.17292999,0.84796,0.47120997,0.49005002,2.139,7.228,7.095,2.25,0.928,2159104512.0,3400291072.0,6155940864.0,2662629888.0,4.073,1.17,2.29976,2300713329.0,1.563,0.03492,1.73,,,-0.31302000214466386,-0.15019575105072258,,,
PM,295466336256.0,340528365568.0,25.826977,20.675596,-34.423462,6.9447956,18.902,,0.14591,0.67481005,0.40002,0.25559,,0.98,0.47,-0.073,0.104,9714374656.0,14264000512.0,42545000448.0,18015000576.0,-5.507,7.34,9.16878,1558613439.0,0.4,0.0016300001,3.24,,,,,,,
PODD,9790732288.0,10204232704.0,26.436329,18.254726,6.8786235,3.2065017,16.595,0.26016,0.09715,0.71075,0.16178,0.12291,66.685,2.485,1.51,3.222,0.235,236900000.0,511200000.0,3053400064.0,614899968.0,20.523,5.34,7.73334,69354199.0,1.095,0.00329,3.07,,,0.5733333333333333,-0.12340163303034968,,,
PPG,26613755904.0,32621756416.0,17.176472,13.7912445,3.1521854,1.6207147,12.091,0.19297001,0.060489997,0.41202998,0.14016,0.09573,86.938,1.58,1.055,-0.029,0.072,1104625024.0,2164000000.0,16421000192.0,2697999872.0,37.98,6.97,8.68087,222300000.0,1.063,0.0010899999,3.04,,,,,,,
PNC,100771438592.0,181194211328.0,13.907489,11.82273,1.5761949,4.1437325,,0.12623,0.01307,0.0,0.38689,0.31366,,,,0.254,0.236,,7488000000.0,24319000576.0,,160.234,18.16,21.36224,399000000.0,0.898,0.00302,2.62,,,,,,,
PPL,26678341632.0,46669615104.0,20.982246,16.751068,1.7759303,2.8387256,12.399,0.086330004,0.03205,0.44116002,0.22501,0.13471,135.081,0.905,0.571,0.257,0.042,-1940249984.0,2654000128.0,9397999616.0,3764000000.0,19.967,1.69,2.11688,752350362.0,0.589,0.00145,3.95,,,,,,,
PNR,11133004800.0,12670358528.0,17.755154,13.299151,2.9219155,2.7750647,12.244,0.17126,0.08663,0.41388,0.2344,0.16237,47.067,1.451,0.659,-0.134,-0.17,558312512.0,751500032.0,4011800064.0,1034800000.0,23.577,3.88,5.18003,161605541.0,1.03,0.01007,2.27,,,,,,,
PNW,12244555776.0,28781060096.0,19.391554,18.111317,1.7321903,2.2045367,13.392,0.09365,0.02335,0.43352002,0.21341999,0.11525,233.288,0.594,0.311,-0.073,0.071,-929501376.0,1771041024.0,5554253824.0,2149111040.0,58.325,5.21,5.57828,121197234.0,0.444,0.00155,7.69,,,,,,,
PRU,41841598464.0,62400598016.0,11.005445,8.2709675,1.3173875,0.6415062,11.986,0.12011,0.00435,0.29015,0.075219996,0.06007,163.891,0.777,0.681,0.848,0.141,7527750144.0,10968999936.0,65223999488.0,5206000128.0,92.061,11.02,14.66334,345000000.0,0.826,0.00176,6.55,,,,,,,
PSKY,10285200384.0,25924681728.0,459.5,10.688656,0.87774587,0.3533219,7.832,-0.00896,0.027490001,0.33328998,0.09345,-0.021329999,126.479,1.04,0.736,-0.281,0.009,17593124864.0,814000000.0,29109999616.0,3310000128.0,10.47,0.02,0.85979,1087672971.0,1.471,0.50778,8.82,,,-2.473684210526316,0.11012235817575089,,,
PSX,81364361216.0,99027353600.0,11.638699,10.239808,2.865756,0.5347043,9.978,0.23452999,0.06036,0.13098,0.08529,0.046609998,62.884,1.32,0.862,3.387,0.531,4545375232.0,8924999680.0,152167006208.0,9925000192.0,71.154,17.52,19.91346,399020916.0,0.687,0.00217,2.61,,,5.593984962406015,-0.03453570911198034,,,
PTC,16027460608.0,17283700736.0,14.326867,16.618681,4.7132964,5.425732,13.546,0.35053003,0.11537,0.84501,0.28232,0.41429,46.335,1.025,0.889,-0.16,-0.068,1031425152.0,955321024.0,2953971968.0,1275965952.0,31.339,10.31,8.88819,108506261.0,0.988,0.00345,2.89,,,,,,0.4018690631028702,
PWR,101009711104.0,107210416128.0,76.95991,35.007843,10.475552,3.0697243,35.209,0.15337,0.052259997,0.15456,0.07217,0.04032,67.78,1.098,0.979,0.969,0.411,1955491328.0,3178248960.0,32905140224.0,3045004032.0,64.136,8.73,19.1917,150343393.0,1.219,0.00666,2.22,,,-0.3245831123681574,-0.11248265064585727,,,
PSA,61327302656.0,72039792640.0,31.335878,35.734493,11.915387,12.489156,20.963,0.21929,0.06985,0.7442,0.45703998,0.41632998,109.632,0.22,0.13,0.395,0.033,2334240256.0,3171916032.0,4910444032.0,3436555008.0,27.561,10.48,9.19,186745748.0,0.945,0.0956,6.77,,,,,,,
RCL,85584666624.0,108451667968.0,19.765287,15.776868,8.360986,4.58113,15.659,0.44669998,0.07682,0.50284,0.2707,0.23541,224.816,0.209,0.113,-0.068,0.065,-1516249984.0,6785999872.0,18681999360.0,6926000128.0,38.273,16.19,20.28286,267452084.0,1.779,0.01818,5.02,,,,,,,
PYPL,50918338560.0,53497073664.0,11.166351,10.19973,2.5690427,1.4919814,8.286,0.24497,0.046230003,0.40477002,0.16966,0.14364,71.751,1.288,0.251,-0.125,0.048,4423124992.0,7474999808.0,34127998976.0,6456000000.0,22.993,5.29,5.79133,862000000.0,1.298,0.0069999998,2.77,,,0.01041666666666674,-0.015326125697992188,,,
QCOM,176252993536.0,183258267648.0,19.184,16.35283,6.4149504,3.999478,15.273,0.33754003,0.11612,0.54226,0.18528,0.21013,55.21,2.016,1.137,-0.249,-0.04,10241000448.0,12401000448.0,44068999168.0,11998999552.0,26.167,8.75,10.26489,1050000000.0,1.663,0.00121,1.83,,,,,,,
REG,14418257920.0,19538442240.0,25.966331,30.557823,2.118856,8.554129,18.24,0.081870005,0.0323,0.71539,0.39643002,0.32996,71.972,0.964,0.888,0.092,0.089,743363968.0,856643008.0,1685532032.0,1071214976.0,36.397,2.97,2.52374,183120547.0,0.819,0.0064499998,4.14,,,,,,,
RJF,33963382784.0,24111384576.0,15.379791,12.450128,2.7346506,2.2285686,,0.18416001,0.02576,0.93156,0.19301,0.15131,47.594,2.109,2.097,0.365,0.151,,1639000064.0,15239999488.0,,64.564,11.48,14.18138,192361711.0,0.92,0.10554,6.02,,,,,,,
REGN,80753778688.0,73034260480.0,19.419659,13.049481,2.4812803,5.198284,15.531,0.14043,0.06526,0.44458,0.33106,0.27865,8.535,3.335,2.633,-0.068,0.167,3065299968.0,4681299968.0,15534699520.0,4702400000.0,316.111,40.39,60.1066,101137842.0,0.188,0.02079,3.6,,,,,,,
RF,26776145920.0,32699144192.0,12.7764225,11.056702,1.5345181,3.6993845,,0.118669994,0.01393,0.0,0.39314997,0.30837,,,,0.012,0.034,,1778000000.0,7238000128.0,,20.482,2.46,2.84262,851929506.0,1.012,0.00261,5.3,,,-0.12966252220248664,-0.06351706036745408,,,
ROP,39782875136.0,50737377280.0,16.753435,16.56852,2.1273727,4.804521,15.669,0.13066,0.04232,0.69525003,0.27725,0.30244,60.531,0.553,0.438,2.089,0.085,2265687552.0,2669100032.0,8280300032.0,3238000128.0,189.083,24.01,24.27797,98900874.0,0.737,0.00387,4.81,,,,,,,
ROK,48976908288.0,52112908288.0,41.334583,29.776543,14.017289,5.458254,24.911,0.30629,0.0999,0.49091998,0.20968,0.13385001,103.347,1.075,0.658,0.383,0.079,1303874944.0,1732000000.0,8972999680.0,2092000000.0,31.464,10.67,14.81166,111048676.0,1.535,0.0017,4.17,,,,,,,
ROST,81872953344.0,82465120256.0,35.448612,29.806316,12.995418,3.4435034,24.036,0.38981998,0.12161,0.32740003,0.13377,0.097399995,74.911,1.541,0.884,0.356,0.206,2047583488.0,3453177088.0,23776063488.0,3430964992.0,19.64,7.2,8.56295,320781076.0,0.877,0.02128,3.15,,,-0.05658717113357414,-0.09842033642771986,,,
RMD,30743250944.0,30025674752.0,20.32023,16.018019,4.7351375,5.4379697,14.154,0.24269,0.14002,0.61618,0.31041,0.26945,12.542,3.1,1.796,0.01,0.086,939248256.0,1805828992.0,5653443072.0,2121287936.0,44.759,10.43,13.23135,145056384.0,0.748,0.00496,7.77,,,,,,,
RSG,65701060608.0,79890055168.0,30.390934,26.594807,5.516248,3.8897083,15.197,0.18152,0.0617,0.43035,0.20429,0.12942,118.798,0.644,0.579,0.029,0.046,1942625024.0,4542000128.0,16890999808.0,5256999936.0,38.896,7.06,8.06774,306212978.0,0.396,0.0015700001,2.25,,,,,,,
RL,23566563328.0,24628862976.0,24.93884,18.981352,8.366048,2.8205864,15.459,0.37537,0.11005,0.70268995,0.18395,0.117639996,110.373,2.045,1.325,0.19,0.14,880087488.0,1317400064.0,8355200000.0,1593200000.0,47.278,15.86,20.83782,37700963.0,1.371,0.02549,4.6,,,,,,,
ROL,18158428160.0,19164645376.0,34.309093,28.93617,13.149827,4.6275077,22.155,0.37008998,0.14061,0.52366,0.18799,0.1355,78.015,0.629,0.424,0.017,0.079,501737504.0,646966016.0,3924018944.0,865038016.0,2.87,1.1,1.30425,481145404.0,0.744,0.38439998,2.85,,,,,,,
RVTY,12791444480.0,15117954048.0,55.125004,19.460749,1.7706194,4.3929515,17.44,0.03211,0.02328,0.54976004,0.17031,0.08158,46.225,1.8,1.357,-0.039,0.013,599390272.0,627633024.0,2911811072.0,866868992.0,64.757,2.08,5.89186,111559773.0,1.072,0.00352,5.09,,,-0.24542754699214087,-0.07708348373697038,,,
RTX,300590497792.0,332908494848.0,39.196835,28.399708,4.5285277,3.2148716,20.944,0.12274,0.04212,0.20347,0.12696,0.08276,57.02,1.011,0.652,0.291,0.145,9880000512.0,14206000128.0,93499998208.0,15895000064.0,49.25,5.69,7.85325,1347758144.0,0.294,0.00085,3.45,,,-0.13607924921793535,-0.03990568555921348,,,
SBAC,19523395584.0,34490613760.0,19.83082,22.42499,-4.2168097,6.801103,18.811,,0.08406,0.742,0.52165,0.34512,,0.165,0.122,-0.12,0.023,752056384.0,1284317952.0,2870621952.0,1833553024.0,-43.642,9.28,8.20647,106088110.0,0.979,0.00769,2.62,,,,,,,
SBUX,120361205760.0,139211194368.0,61.028904,33.950737,-15.680975,3.1394506,24.673,,0.08022001,0.22341,0.12919,0.05172,,0.76,0.496,0.872,-0.014,3065537536.0,4985900032.0,38338301952.0,5642299904.0,-6.733,1.73,3.1098,1140000000.0,0.966,0.00122,6.51,-0.07263856362217018,0.016591776327520416,3.191441441441442,-0.011808966454174952,,-3.628168097840229,
SCHW,187130970112.0,150186000384.0,19.599272,13.789991,3.7262778,7.1904306,,0.20283002,0.020680001,0.97495,0.51881003,0.38793,74.052,0.642,0.642,0.317,0.209,,,26025000960.0,,28.876,5.49,7.80276,1739135507.0,0.75,0.061750002,0.0,,,-0.10206961429915329,-0.043069560758844605,,,
SJM,12842783744.0,19887722496.0,,11.178257,2.3118808,1.4189509,10.326,-0.02386,0.05065,0.34257,0.18456,-0.015319999,128.609,0.777,0.282,,0.058,1005774976.0,1473600000.0,9050900480.0,1926000000.0,51.975,-1.3,10.74944,106880690.0,0.25,0.0227,3.69,,,,,,,
SLB,74993754112.0,84859756544.0,24.64878,15.529583,2.7514293,2.062194,11.494,0.12909001,0.06172,0.16991,0.12706,0.08527,47.002,1.439,0.942,-0.225,0.05,2955124992.0,6533000192.0,36366000128.0,7383000064.0,18.365,2.05,3.25379,1484143231.0,0.749,0.00225,3.86,,,,,,,
SNDK,176982654976.0,175857287168.0,16.447897,4.6415467,13.022194,8.740747,13.938,0.9164,0.43910998,0.71474,0.78494,0.56465,,2.29,1.701,,3.716,7744875008.0,11671000064.0,20248000512.0,12616999936.0,93.088,73.7,261.1651,146000000.0,,0.01176,0.64,,,,,,,
SMCI,20137156608.0,26568441856.0,16.38421,9.400318,2.471223,0.59753805,16.83,0.17877,0.05524,0.08394,0.061100002,0.03701,120.798,2.655,1.2,3.444,1.227,-7448383488.0,-6693234176.0,33700206592.0,1578648960.0,12.597,1.9,3.31159,646873027.0,1.967,0.12874,1.94,,,,,,,
SNPS,79653486592.0,88009940992.0,95.19222,24.072784,2.612986,9.177324,51.885,0.03824,0.014939999,0.82598996,0.10383,0.089090005,35.574,1.434,0.997,-0.95,0.419,3538958592.0,2796464128.0,8679379968.0,1696253056.0,159.201,4.37,17.28051,191479325.0,1.213,0.02987,2.86,,,,,,1.083355839688059,
SNA,21536587776.0,21227388928.0,21.231514,19.512596,3.5644574,4.082843,14.996,0.17932,0.09849,0.5183,0.25397,0.19597,21.595,3.433,2.508,0.041,0.042,1109474944.0,1186200064.0,5274899968.0,1415500032.0,116.806,19.61,21.3375,51727124.0,0.723,0.02398,7.96,,,,,,,
SHW,89754968064.0,103965605888.0,34.139427,27.2108,23.147186,3.6769302,22.078,0.65124,0.09516,0.48981997,0.18124,0.11013,389.958,0.727,0.413,0.118,0.075,2506037504.0,3886700032.0,24410300416.0,4709100032.0,15.973,10.83,13.58762,242758151.0,1.093,0.06375,2.49,,,,,,,
SO,106627153920.0,183502143488.0,22.33494,18.824318,2.8147585,3.5331573,12.87,0.114829995,0.03271,0.48289,0.29612,0.15435,182.058,0.787,0.441,0.334,0.001,-3913374976.0,10650999808.0,30179000320.0,14257999872.0,32.93,4.15,4.92395,1150362966.0,0.327,0.00096000003,5.76,,,,,,,
SOLV,14125165568.0,19017164800.0,10.144255,11.498251,2.8978524,1.6997793,16.696,0.33960998,0.026989998,0.54777,0.09778,0.17256,110.313,1.021,0.501,0.022,0.022,489000000.0,209000000.0,8310000128.0,1139000064.0,28.635,8.18,7.21675,170223729.0,0.671,0.15328,3.34,,,-0.9289099526066351,0.031011450381679406,,,
SPG,84701257728.0,102251954176.0,15.501391,33.07079,15.002692,12.739739,20.804,1.1359,0.05562,0.81582,0.43376,0.70594,457.473,0.196,0.195,0.159,0.193,2494690560.0,4142711040.0,6648586240.0,4915057152.0,14.858,14.38,6.74039,324281912.0,1.326,0.017970001,0.0,,,,,,,
SPGI,120334409728.0,137087410176.0,24.81398,20.16781,3.8200364,7.4639874,16.835,0.14255,0.07033,0.70903,0.4479,0.30536,42.98,0.954,0.83,0.135,0.104,5448249856.0,5728999936.0,16122000384.0,8143000064.0,106.855,16.45,20.23968,294800000.0,1.072,0.00275,1.99,,,-0.08843537414965985,-0.0342078189300411,,,
SRE,54849159168.0,102086164480.0,24.313042,15.167158,1.6998682,4.047311,17.379,0.06679,0.01958,0.43994,0.28328,0.16824,84.663,1.642,0.089,0.686,-0.001,-27657750528.0,5416000000.0,13552000000.0,5873999872.0,49.345,3.45,5.53037,653900348.0,0.576,0.001,3.3,,,,,,,
STE,23143274496.0,24588371968.0,29.066095,19.410976,3.2329955,3.8332546,15.042,0.11389,0.06799,0.44429,0.19214001,0.13333,26.222,1.906,1.165,0.128,0.073,827512512.0,1288499968.0,6037499904.0,1634599936.0,73.452,8.17,12.2338,97457680.0,0.914,0.00306,2.82,,,,,,,
STLD,37616459776.0,41385824256.0,23.81579,13.912147,4.0013113,1.8314937,15.475,0.17568001,0.0787,0.14652,0.114989996,0.07825,46.924,3.183,1.316,0.788,0.334,234191248.0,1571571968.0,20538677248.0,2674440960.0,65.591,11.02,18.86481,143328088.0,1.532,0.06565,2.55,,,,,,,
STZ,23188398080.0,33912760320.0,12.941849,10.955507,2.8196979,2.5603583,9.813,0.2369,0.08574,0.5272,0.35931,0.20143999,123.205,0.913,0.247,0.267,-0.033,2210487552.0,2693600000.0,9056700416.0,3455800064.0,48.147,10.49,12.39194,170752511.0,0.4,0.12933,3.17,,,,,,,
STX,184496521216.0,186401603584.0,58.471943,14.678336,166.54918,15.128865,41.404,3.7152898,0.29354998,0.45576,0.4307,0.26108998,179.88,1.67,1.075,1.652,0.485,1943750016.0,3673999872.0,12195000320.0,4502000128.0,4.88,13.9,55.3714,227000000.0,2.102,0.00232,1.41,,,,,,,
STT,50731917312.0,,16.314487,12.068245,2.1225634,3.37695,,0.12437,0.0086900005,0.0,0.27818,0.23005,,,,-0.237,-0.028,,3473999872.0,15022999552.0,,87.008,11.32,15.30297,274701765.0,1.418,0.00356,0.01,,,,,,,
SW,25323966464.0,38800875520.0,51.361702,14.387032,1.4040596,0.8084009,8.479,0.02715,0.02621,0.18160999,0.05466,0.01587,78.427,1.447,0.773,,0.011,1215000064.0,3296999936.0,31325999104.0,4576000000.0,34.386,0.94,3.3558,524522908.0,0.93,0.0051499996,4.15,,,,,,,
SYK,130042773504.0,142012776448.0,34.951546,20.229269,5.6560616,5.0331993,19.253,0.16508,0.08162,0.65588,0.27015,0.14433,64.391,2.157,1.08,0.443,0.094,4107624960.0,5525000192.0,25837000704.0,7376000000.0,59.941,9.7,16.75938,383573046.0,0.771,0.053629998,2.55,,,,,,,
SWK,15689118720.0,20308217856.0,25.400976,16.29251,1.798961,1.0289499,11.339,0.06886,0.038,0.32213002,0.08443,0.040689997,58.172,1.432,0.466,2.448,0.004,1419049984.0,1551200000.0,15247699968.0,1791000064.0,57.75,4.09,6.37655,151016641.0,1.172,0.00312,3.76,,,,,,,
SYF,25570893824.0,27525894144.0,8.068789,7.4775333,1.682401,2.5808332,,0.20786,0.02902,0.0,0.50219,0.35507,,,,-0.085,0.006,,9694000128.0,9907999744.0,,46.713,9.74,10.51015,325370840.0,1.311,0.00348,5.08,,,,,,,
SWKS,10621669376.0,10508288000.0,36.590675,14.19997,1.8521823,2.6460898,11.939,0.05094,0.03441,0.40734002,0.08825,0.072270006,11.869,3.101,1.312,-0.677,-0.031,448812512.0,716200000.0,4014099968.0,880200000.0,38.128,1.93,4.97325,150405963.0,1.51,0.00399,5.79,,,,,,0.21367536488279523,
SYY,40353021952.0,53517443072.0,23.030054,15.711471,17.545795,0.47725123,11.752,0.77692,0.081070006,0.18496001,0.05013,0.02078,561.403,1.277,0.729,0.038,0.047,1953124992.0,2638000128.0,84552998912.0,4553999872.0,4.804,3.66,5.36487,478740332.0,0.636,0.00154,4.33,0.20863683662851196,0.01521994914031958,-0.2448210922787194,-0.07285457469959311,,7.600936524453694,
T,163018260480.0,329199255552.0,7.8256583,9.279485,1.4816892,1.2811973,7.325,0.18339,0.04163,0.59721,0.24786,0.16943,129.054,0.971,0.602,0.028,0.023,10142000128.0,39899000832.0,127238995968.0,44939001856.0,16.056,3.04,2.56372,6852385650.0,0.417,0.00086000003,1.42,,,,,,,
TAP,8086507008.0,14161306624.0,,8.762925,0.80997294,0.7295987,6.257,-0.19466,0.03793,0.37013,0.11297,-0.20808001,76.03,0.879,0.634,-0.46,-0.033,935137472.0,1977200000.0,11083499520.0,2263399936.0,53.545,-11.44,4.94926,174117990.0,0.427,0.1278,8.36,,,,,,,
TDG,68532625408.0,98522562560.0,37.173847,25.410831,-7.294284,6.8491535,19.337,,0.11817,0.59824,0.46005002,0.21277,,3.019,1.919,0.096,0.225,1457374976.0,2198000128.0,10005999616.0,5095000064.0,-167.974,32.96,48.21763,55933583.0,0.906,0.00408,2.64,,,,,,,
TER,59301609472.0,59083059200.0,52.10302,32.83208,17.267265,13.284318,39.261,0.36465,0.19745001,0.59242,0.33161,0.25766,2.883,2.125,1.315,3.779,1.039,437381248.0,1064950976.0,4464031232.0,1504893952.0,21.967,7.28,11.55303,156340750.0,1.793,0.00269,1.37,,,,,,,
TEL,62722867200.0,67356397568.0,169.00781,16.76188,4.7352524,3.2461894,13.605,0.23290001,0.09691,0.36119,0.20775,0.15609,43.441,1.876,1.07,0.172,0.138,2336875008.0,4417999872.0,19321999360.0,4951000064.0,45.685,1.28,12.90607,289940672.0,1.162,0.0016,3.62,,,,,,,
TECH,11263552512.0,11394563072.0,103.27143,35.37489,5.4259553,9.302486,31.129,0.053400002,0.07452,0.66399,0.25191,0.09049,13.922,4.489,2.797,1.26,-0.015,299849376.0,294857984.0,1210811008.0,366044992.0,13.323,0.7,2.04354,155810652.0,1.277,0.00317,1.51,,,0.27774635139721693,-0.002470312085915083,,,
TFC,63952130048.0,92196134912.0,12.090069,10.482431,1.0897623,3.3609486,,0.09059,0.010620001,0.0,0.39815,0.30692,,,,0.252,0.082,,5797000192.0,19028000768.0,,48.038,4.33,4.99407,1221626188.0,0.87,0.00176,2.85,,,,,,,
TJX,178255101952.0,186855112704.0,31.332039,28.025858,17.14043,2.8945036,21.149,0.6125,0.13871999,0.31351998,0.11771,0.09402,136.307,1.139,0.489,0.286,0.092,4314250240.0,7599000064.0,61583998976.0,8835000320.0,9.414,5.15,5.75754,1104704446.0,0.616,0.00154,2.97,,,-0.16653258246178604,-0.08957711270050694,,,
TDY,32027330560.0,33732577280.0,33.444607,25.91741,2.934958,5.024368,21.183,0.09154,0.05139,0.43339002,0.20198,0.15292,18.565,2.181,1.161,0.199,0.098,912675008.0,1271299968.0,6374400000.0,1592400000.0,235.54,20.67,26.67319,46329138.0,0.92,0.00856,3.79,,,,,,,
TKO,35310157824.0,22970075136.0,65.45965,46.78609,4.1425557,6.659953,14.178,0.07063,0.04496,0.59455,0.32388002,0.0433,59.216,1.278,0.724,0.033,0.182,856147520.0,1795136000.0,5301862912.0,1620128000.0,45.035,2.85,3.98751,73111098.0,0.648,0.18097,4.69,,,,,,,
TMO,219629895680.0,258242887680.0,31.952662,21.591543,4.2504473,4.7399406,21.999,0.13515,0.05129,0.40987998,0.18751,0.15036,80.575,1.551,1.009,0.074,0.105,6237250048.0,9013000192.0,46336000000.0,11738999808.0,139.75,18.59,27.51077,369747286.0,0.847,0.0013600001,2.52,,,0.0006188118811880639,-0.02409638554216864,,,
TGT,67992408064.0,83730407424.0,19.775429,16.654078,4.147044,0.63916457,10.035,0.22015,0.056750003,0.28139,0.0452,0.03243,117.548,0.932,0.182,-0.246,0.067,3141250048.0,7002999808.0,106377003008.0,8344000000.0,36.098,7.57,8.98879,454191112.0,0.973,0.00266,4.15,,,0.10802139037433145,-0.05414303280314148,,,
TPR,32803981312.0,35658579968.0,49.5,20.763023,48.135193,4.1784253,18.097,0.60914004,0.16443,0.76177,0.22415,0.08442,574.912,1.841,1.107,0.691,0.212,1529737472.0,1903100032.0,7850800128.0,1970400000.0,3.373,3.28,7.81967,202044714.0,1.464,0.00319,5.98,,,,,,,
TMUS,190066688000.0,307668680704.0,18.515152,12.272017,3.3848476,2.0617068,8.951,0.17994,0.05973,0.63054,0.2522,0.11455,214.035,0.924,0.585,0.005,0.079,11335999488.0,28832999424.0,92188999680.0,34370998272.0,52.348,9.57,14.43854,1072671613.0,0.327,0.55553,3.77,,,,,,,
TPL,23496224768.0,23265630208.0,43.505745,4.6587796,15.101072,26.178442,31.373,0.36566,0.25811002,0.93336,0.78177,0.60322,1.077,4.552,4.498,0.325,0.312,-32836124.0,603150976.0,897540992.0,741585024.0,22.558,7.83,73.12,68974683.0,0.633,0.0017,10.02,,,0.03884966419838132,0.04500301264243389,,,
TRGP,55080894464.0,74665795584.0,24.580862,21.446009,17.585403,3.2900813,13.581,0.70839995,0.09237,0.43192002,0.27803,0.13545,515.794,0.771,0.611,0.215,0.042,65837500.0,4285499904.0,16741499904.0,5497699840.0,14.607,10.45,11.97752,214431021.0,0.716,0.01368,3.05,,,,,,,
TSCO,18007148544.0,24320536576.0,18.000002,16.84736,6.877612,1.1432585,12.592,0.39513,0.07824,0.36499,0.120740004,0.06425,248.71,1.334,0.137,-0.161,0.023,103175000.0,1285820032.0,15750723584.0,1931484032.0,5.025,1.92,2.05136,521040137.0,0.452,0.00343,2.5,,,-0.5829045002476496,-0.2191072923595111,,,
TRMB,13872465920.0,15051166720.0,31.157068,14.586641,2.4459515,3.762943,17.362,0.08252,0.046529997,0.71480006,0.15874,0.12375,25.062,1.014,0.62,0.483,0.118,370112512.0,505300000.0,3686599936.0,866899968.0,24.33,1.91,4.07976,233111519.0,1.356,0.00402,3.81,,,,,,,
TROW,24322273280.0,22708873216.0,11.436308,11.112757,2.2733073,3.2036715,7.662,0.19399999,0.10659,0.51614,0.28688,0.29262,3.702,4.039,4.039,0.251,0.107,2023912448.0,1932199936.0,7592000000.0,2963800064.0,50.156,9.97,10.26028,213315850.0,1.483,0.017029999,11.13,,,,,,,
TT,106119380992.0,109440081920.0,35.726665,27.60602,12.418827,4.7780213,25.402,0.36643,0.110010006,0.35389,0.19251,0.13278,53.404,1.073,0.742,0.058,0.106,3121687552.0,3876800000.0,22209900544.0,4308400128.0,38.837,13.5,17.47119,220023177.0,1.205,0.00266,3.31,,,,,,,
TSLA,1297742299136.0,1270959308800.0,304.24072,148.06036,14.9388485,12.524173,118.174,0.046669997,0.019299999,0.18852,0.014099999,0.03671,18.373,1.941,1.347,-0.049,0.255,4835999744.0,18684999680.0,103619002368.0,10755000320.0,21.995,1.08,2.21923,3949547394.0,1.827,0.17819001,1.63,,,,,,,
TRV,80157466624.0,84164468736.0,10.330914,12.721857,2.4204235,1.636568,7.331,0.26511,0.04775,0.34730998,0.23698,0.16951999,27.378,0.323,0.19,0.463,0.003,14775124992.0,11025999872.0,48979001344.0,11480000512.0,158.778,37.2,30.20864,208575022.0,0.457,0.00285,3.07,,,-0.2007415254237288,-0.02838813151563757,,,
TSN,20418560000.0,27790559232.0,35.82716,12.9611435,1.1294026,0.36662045,10.025,0.03263,0.02565,0.06554,0.02711,0.01031,44.025,1.433,0.484,1.984,-0.001,1191250048.0,2004000000.0,55694000128.0,2772000000.0,51.39,1.62,4.478,281792507.0,0.378,0.02622,2.96,,,0.2978723404255319,0.0017316017316018062,,,
TTWO,46090682368.0,47213600768.0,,24.411741,13.016845,6.8930955,61.38,-0.09039,-0.00603,0.57126,0.00671,-0.04792,81.607,1.062,0.899,,0.02,1301224960.0,500200000.0,6686499840.0,769200000.0,18.937,-1.73,10.0976,186980443.0,0.983,0.0178,2.59,,,,,,,
TXN,261261885440.0,268312903680.0,43.477203,27.49487,14.504892,13.430416,28.184,0.35176,0.13059,0.58325,0.42576998,0.31111,78.036,4.857,3.245,0.529,0.228,3545250048.0,8666999808.0,19452999680.0,9520000000.0,19.723,6.58,10.40485,913247686.0,1.325,0.00278,1.61,,,,,,,
TTD,6487495168.0,5433123840.0,16.428572,10.188788,2.6492608,2.1696305,7.784,0.15441,0.06252,0.76872003,0.14205,0.13608,16.863,1.724,1.677,-0.286,0.03,582992768.0,1081673984.0,2990138112.0,697982016.0,5.209,0.84,1.35443,426999732.0,1.037,0.02306,4.11,,,,,,,
TYL,12795537408.0,13280533504.0,41.00394,20.352995,4.2106895,5.2663965,28.964,0.09731,0.04176,0.47205,0.14741,0.13361,47.906,1.554,1.47,0.105,0.082,594435648.0,730747008.0,2429657088.0,458521984.0,74.204,7.62,15.35155,40952274.0,0.809,0.00519,4.21,,,0.0027727418150793604,0.00039940994732146073,,,
TXT,15550891008.0,18155790336.0,16.841808,12.369449,1.9430321,1.0164645,10.807,0.12126,0.045479998,0.17628999,0.08701,0.06125,52.285,1.861,0.653,0.012,0.03,452750016.0,1236000000.0,15299000320.0,1680000000.0,46.026,5.31,7.22991,173888981.0,0.908,0.00732,3.99,,,,,,,
UDR,14231505920.0,19275585536.0,24.310125,68.58929,4.2616224,8.057105,18.52,0.13739,0.022449998,0.66581,0.20177999,0.29563,156.144,0.178,0.002,0.832,-0.001,779827776.0,887260032.0,1766329984.0,1040777024.0,9.013,1.58,0.56,324915653.0,0.691,0.0044400003,3.03,,,,,,1.7913821396432164,
UBER,153232850944.0,163655860224.0,16.451754,17.145586,6.172453,2.7746003,21.897,0.3716,0.06877,0.40752,0.13317999,0.17345,51.872,0.843,0.652,0.767,0.122,7244749824.0,10424000512.0,55226998784.0,7473999872.0,12.154,4.56,4.37547,2042560121.0,1.154,0.00196,2.52,,,,,,,
UAL,42051252224.0,59084075008.0,12.131085,8.378222,2.5186133,0.6685201,8.332,0.23252001,0.03381,0.31816,0.05534,0.05558,201.641,0.78,0.688,-0.173,0.16,910124992.0,8913000448.0,62902001664.0,7090999808.0,51.441,10.68,15.4639,324569728.0,1.292,0.00604,3.93,,,,,,,
ULTA,24295411712.0,26376552448.0,21.182535,17.729467,8.903506,1.9117736,13.96,0.47449002,0.15326001,0.43186,0.14168,0.09355,89.209,1.311,0.204,0.116,0.111,973080128.0,1544653056.0,12708310016.0,1889405056.0,63.475,26.68,31.87631,42989311.0,0.852,0.0023999999,3.36,,,,,,,
UHS,10505478144.0,15617676288.0,7.083265,7.1922827,1.3778484,0.579949,5.785,0.20948,0.08321,0.44607,0.1114,0.08424,68.74,1.116,0.892,0.015,0.083,497965120.0,1800301952.0,18114486272.0,2699612928.0,125.95,24.5,24.12864,53287606.0,1.063,0.04828,3.62,,,,,,,
UNH,369687396352.0,412110487552.0,30.676712,18.144506,3.528871,0.8212921,16.987,0.14152999,0.04382,0.19514,0.071329996,0.03137,69.211,0.777,0.474,0.61,0.004,22759749632.0,27017000960.0,450129002496.0,24260999168.0,115.357,13.27,22.43544,908144404.0,0.632,0.0023999999,2.88,,,0.8473282442748091,-0.018285908830275255,,,
UNP,174141358080.0,203196350464.0,23.92898,20.71533,8.962028,6.8532605,15.771,0.39696,0.09274,0.56285,0.40982,0.28847,150.772,0.986,0.756,0.062,0.115,4720750080.0,10263000064.0,25410000896.0,12883999744.0,32.708,12.25,14.15039,594075498.0,0.965,0.00061,10.65,,,,,,,
UPS,88906670080.0,112958676992.0,19.423792,12.93104,5.9022875,0.9886208,9.393,0.29602,0.072270006,0.22413,0.09052,0.050819997,189.9,1.179,1.052,-0.529,0.076,5557749760.0,8867000320.0,89929998336.0,12026000384.0,17.705,5.38,8.08133,749349405.0,1.038,0.00017000001,5.14,,,-0.07482462977396731,0.015315018142406212,,,
VEEV,37438308352.0,30228654080.0,40.79115,22.96893,5.1412067,11.279262,29.459,0.13934,0.07298,0.75021005,0.30932,0.28370002,1.411,4.738,4.666,0.144,0.163,1259549056.0,1665182976.0,3319216128.0,1026113024.0,44.828,5.65,10.03399,162443291.0,0.922,0.08583,3.17,,,0.139189951524894,-0.03806706789290326,,,
V,676804624384.0,676844994560.0,30.851065,24.20491,19.210386,15.213195,21.768,0.6119,0.1911,0.97725,0.66130996,0.50782,67.821,0.985,0.627,0.068,0.144,20404000768.0,22580000768.0,44487999488.0,31093999616.0,18.87,11.75,14.9763,1704112694.0,0.759,0.00081,2.42,,,,,,0.6501655286571487,
USB,99621806080.0,136209809408.0,12.762474,11.042091,1.6432371,3.6463456,,0.12623,0.0116,0.0,0.39646998,0.29896,,,,0.199,0.104,,12524999680.0,27320999936.0,,38.911,5.01,5.79057,1558051446.0,0.977,0.00124,0.0,,,,,,,
URI,72378056704.0,87651057664.0,28.01349,20.407066,7.858726,4.3000274,18.685,0.28895,0.08768,0.3848,0.25986,0.15673,166.793,0.764,0.619,0.211,0.118,1706249984.0,5742000128.0,16832000000.0,4690999808.0,147.968,41.51,56.98222,62242489.0,1.799,0.00433,2.99,,,-0.11269614835948649,-0.06762828091747453,,,
VLO,85891637248.0,92633636864.0,12.43995,10.763155,3.7108772,0.64858145,6.924,0.27637,0.105579995,0.16118999,0.12269,0.05446,40.148,1.636,1.047,4.21,0.517,8416374784.0,10908000256.0,132429996032.0,13379000320.0,80.388,23.98,27.71585,287927461.0,0.554,0.00423,3.22,,,,,,,
VICI,29442811904.0,47417503744.0,10.364342,9.12628,1.0093232,7.1853724,13.03,0.09849,0.04818,0.99271005,0.70182997,0.67496,60.277,11.236,11.235,-0.391,0.057,267028992.0,2638275072.0,4097604096.0,3639224064.0,26.493,2.58,2.93,1101077562.0,0.687,0.00282,2.34,,,,,,,
VRSK,25132609536.0,29031426048.0,29.51077,22.053778,-21.521374,8.014225,19.153,,0.18958001,0.70179003,0.45106998,0.28237,,1.005,0.903,-0.098,0.044,1055550016.0,1503200000.0,3136000000.0,1515800064.0,-8.913,6.5,8.69783,131021840.0,0.664,0.00275,2.01,,,,,,,
VLTO,23974637568.0,25449637888.0,24.77078,20.613327,7.7542973,4.2090306,18.309,0.34312,0.10307,0.60183,0.21370001,0.17346,115.978,1.775,1.478,0.086,0.075,807124992.0,1103000064.0,5696000000.0,1390000000.0,12.682,3.97,4.7707,243793344.0,0.752,0.0019200001,2.86,,,,,,,
VMC,36889772032.0,41661571072.0,33.571938,26.377966,4.361327,4.5454264,17.802,0.13234,0.06044,0.27506,0.21611,0.13748,58.22,1.757,1.051,0.008,0.025,843600000.0,1804400000.0,8115800064.0,2340300032.0,65.276,8.48,10.79272,129578739.0,1.057,0.00212,5.42,,,,,,,
VRSN,26628222976.0,27904968704.0,31.947939,26.827618,-11.813114,15.591207,23.529,,0.45124,0.88465,0.68178004,0.49769002,,0.591,0.557,0.044,0.06,832837504.0,1101299968.0,1707900032.0,1186000000.0,-24.935,9.22,10.97973,90400000.0,0.703,0.10609999,2.17,,,-0.025375939849624052,-0.02195180147936049,,,
VRT,104870772736.0,105098379264.0,61.768707,29.942753,24.638205,9.135403,39.233,0.43943,0.10889,0.38039002,0.20362,0.15088001,70.166,1.379,0.947,0.535,0.241,2696537600.0,3354200064.0,11479600128.0,2678799872.0,11.056,4.41,9.09736,384988173.0,2.077,0.00269,1.72,,,,,,,
VTR,47888674816.0,61170950144.0,169.74545,114.3179,3.269022,7.460471,25.693,0.02012,0.02169,0.39970002,0.14807999,0.04093,84.928,0.295,0.261,0.034,0.217,1486853504.0,1801400064.0,6418988032.0,2380859904.0,28.559,0.55,0.81667,512946359.0,0.731,0.00504,5.88,,,,,,,
WDC,149695447040.0,151477993472.0,18.583652,13.643336,20.765,11.587232,30.454,1.30853,0.20632,0.48851,0.42861,0.72947,11.868,1.329,0.85,10.33,0.438,2318500096.0,3928999936.0,12919000064.0,4974000128.0,20.915,23.37,31.83239,344682131.0,2.217,0.00565,2.24,,,,,,,
VST,47404482560.0,69636243456.0,23.588926,13.597224,15.228552,2.4674413,10.483,,,0.38309,0.13766,0.1155,366.613,,,-0.067,-0.055,,5120999936.0,19211999232.0,6642999808.0,9.232,5.96,10.33961,337182468.0,1.433,0.00789,2.93,,,,,,,
WAT,39947894784.0,44502278144.0,103.002525,24.560787,2.6118104,8.601515,30.796,0.019199999,0.03528,0.56337,0.1003,0.03588,33.472,,,,1.133,,549555008.0,4644285952.0,1445048064.0,155.777,3.95,16.56543,98185855.0,1.184,0.00103,4.04,,,,,,,
WEC,35071168512.0,58482470912.0,20.93969,17.935434,2.5730953,3.459582,14.749,0.11988,0.030250002,0.41909,0.21802999,0.16686001,157.985,0.534,0.303,0.219,0.026,-2353637376.0,3574200064.0,10137400320.0,3965199872.0,41.829,5.14,6.00097,325849383.0,0.462,0.0015199999,6.22,,,-0.09536082474226804,-0.04491444866920147,,,
VRTX,125654532096.0,119859560448.0,28.908508,22.958508,6.2070045,9.982722,23.5,0.23542999,0.11926,0.54957,0.38055,0.34997,9.767,3.185,2.536,0.065,0.125,2627887616.0,4292900096.0,12587200512.0,5100499968.0,79.921,17.16,21.60724,253300000.0,0.305,0.0021,2.45,,,,,,,
VTRS,18871347200.0,30984548352.0,,6.171704,1.3052113,1.2805159,7.218,-0.02754,0.02668,0.40307,0.12550999,-0.02787,95.535,1.585,0.816,,0.049,2677337600.0,2330800128.0,14737300480.0,4292499968.0,12.588,-0.37,2.66215,1148590864.0,0.893,0.00316,4.65,,,-662.304347826087,-0.09151056642751454,,,
WAB,49289875456.0,55595876352.0,39.221775,23.593208,4.468007,4.114347,20.972,0.11553001,0.061669998,0.35735,0.19188,0.10593,61.686,1.121,0.525,0.176,0.175,1101374976.0,1999000064.0,11980000256.0,2651000064.0,65.311,7.44,12.36839,168910851.0,0.928,0.00699,4.03,,,,,,,
WDAY,44366315520.0,43823079424.0,55.78882,14.207686,6.693245,4.502366,28.984,0.10858,0.04343,0.75766,0.13297,0.08595,56.936,1.009,0.912,2.265,0.135,3118749952.0,3177999872.0,9854000128.0,1512000000.0,26.839,3.22,12.64386,201000000.0,1.054,0.021440001,5.55,,,,,,,
WELL,170717921280.0,189763764224.0,106.24215,72.34198,3.8123128,13.375777,56.805,0.03836,0.00825,0.39560002,0.16561002,0.12149999,41.375,1.317,0.946,0.474,0.391,2756164352.0,3186323968.0,12763214848.0,3340614912.0,62.146,2.23,3.275,720572011.0,0.763,0.00059999997,5.3,,,,,,,
WBD,67141124096.0,97005633536.0,,4690.0176,2.0607927,1.8590924,12.448,-0.08786,0.01708,0.47811002,0.05105,-0.08769,94.199,0.777,0.406,-0.906,-0.112,16167374848.0,3423000064.0,36115001344.0,7792999936.0,12.995,-1.28,0.00571,2507136702.0,1.565,0.04202,2.93,,,,,,,
VZ,195523723264.0,388649713664.0,12.255209,8.912052,1.881497,1.4077089,7.608,0.15842,0.050479997,0.59453,0.22999,0.11643,184.081,0.604,0.462,-0.233,-0.007,17466624000.0,38798999552.0,138894999552.0,51081998336.0,25.012,3.84,5.28049,4154775202.0,0.231,0.00037,2.45,,,0.010707070707070665,0.020194553679666383,,,
WFC,263843938304.0,263382941696.0,12.7372265,11.043716,1.6402225,3.1778471,,0.12575,0.0107700005,0.0,0.37387002,0.27232,,,,0.166,0.095,,19170000896.0,83026001920.0,,53.194,6.85,7.90042,3023999336.0,0.92,0.00090000004,0.0,,,,,,,
WM,91007156224.0,113807155200.0,59.915787,24.912354,9.175096,3.5456872,14.639,0.29841,0.06566,0.40601003,0.18986,0.11115,235.301,0.907,0.801,0.081,0.04,2348375040.0,6517000192.0,25667000320.0,7774000128.0,24.815,3.8,9.13924,399715184.0,0.437,0.00254,2.77,,,,,,,
WRB,26579890176.0,27038324736.0,14.73251,14.822943,2.8676705,1.784352,10.478,0.20207001,0.03561,0.43785998,0.16385001,0.12943,31.527,0.406,0.249,0.127,0.012,3045504768.0,3602895872.0,14896102400.0,2580506880.0,24.968,4.86,4.83035,371227529.0,0.294,0.2636,0.02,,,-0.2147497612673962,-0.04360378758519623,,,
XEL,48765198336.0,88398200832.0,21.38904,17.203537,2.0468788,3.3364255,14.437,0.0992,0.02365,0.46825,0.22700001,0.15278,173.135,0.701,0.477,0.32,-0.051,-7907999744.0,4770999808.0,14616000512.0,6122999808.0,38.141,3.65,4.53802,624634306.0,0.405,0.00201,7.4,,,-0.15267175572519087,-0.1604086845466156,,,
WST,24917946368.0,24798646272.0,45.277493,35.532215,8.336159,7.4900646,27.186,0.19087,0.11377,0.36786,0.22469,0.1698,10.585,2.822,1.819,0.168,0.138,277937504.0,662200000.0,3326799872.0,912200000.0,42.474,7.82,9.96476,70375762.0,1.138,0.00638,2.9,,,,,,,
WMT,890111131648.0,961572175872.0,39.383804,34.102272,9.4404125,1.2272232,21.445,0.24132,0.06835,0.24976,0.042150002,0.03135,74.816,0.771,0.187,0.188,0.073,6862249984.0,40891998208.0,725304999936.0,44837998592.0,11.848,2.84,3.27984,7958079155.0,0.605,0.44849998,3.23,,,,,,,
XOM,634342670336.0,667798011904.0,25.764309,14.461898,2.4261253,1.7568898,9.83,0.12584,0.055209998,0.29767,0.15859,0.09072,15.921,1.135,0.801,1.051,0.441,20671000576.0,59726999552.0,361060007936.0,67937001472.0,63.08,5.94,10.58229,4144947162.0,0.173,0.00081,2.39,,,,,,,
WTW,32024100864.0,37546102784.0,21.364313,15.121894,4.171395,3.1700754,13.333,0.19761999,0.05079,0.42516,0.17559,0.15492,91.39,1.098,0.301,-0.308,0.091,1415624960.0,1923000064.0,10101999616.0,2816000000.0,82.663,16.14,22.8027,92871937.0,0.418,0.0026699998,5.63,,,,,,,
WSM,29646241792.0,30488205312.0,28.258137,24.531975,15.855164,3.7611828,18.48,0.54007,0.17356001,0.46062002,0.16173,0.1381,79.878,1.331,0.449,0.0,0.044,885462144.0,1352263040.0,7882159104.0,1649757952.0,15.88,8.91,10.26334,117746611.0,1.47,0.01119,5.05,,,-0.06583805268983123,-0.05806256669352561,,,
WYNN,10558942208.0,19908356096.0,24.589928,19.45978,-49.48842,1.4243001,11.006,,0.05728,0.683,0.16537,0.060549997,,0.912,0.838,1.115,0.069,476188864.0,1459197056.0,7413425152.0,1808924032.0,-2.072,4.17,5.26933,102973891.0,1.005,0.27446,6.2,,,,,,,
WY,18436427776.0,23358427136.0,38.757576,37.933388,1.9540143,2.6906638,33.951,0.04974,0.00674,0.14507,0.080340005,0.06888,57.625,1.816,1.004,0.862,-0.009,13625000.0,547000000.0,6851999744.0,688000000.0,13.091,0.66,0.67434,720736000.0,0.901,0.0033000002,4.76,,,,,,,
WMB,86110994432.0,118913990656.0,28.04781,27.384048,6.7355533,6.987827,16.908,0.21503,0.05032,0.63637,0.39540002,0.24937001,200.371,0.477,0.309,0.515,0.078,-1516749952.0,5993999872.0,12323000320.0,7032999936.0,10.452,2.51,2.57084,1223167472.0,0.615,0.00446,2.56,,,,,,,
ZBH,18415724544.0,25561624576.0,23.434467,10.644045,1.4577546,2.1643152,10.005,0.06413,0.0396,0.69877,0.17959999,0.09481,60.175,1.691,0.741,0.298,0.048,1090899968.0,1743299968.0,8508800000.0,2555000064.0,66.232,4.12,9.0708,190737689.0,0.462,0.00155,5.03,,,0.19109947643979064,-0.08097049054060557,,,
XYL,28093132800.0,30117132288.0,28.647621,19.442074,2.5529387,3.0783622,15.226,0.09182999,0.051149998,0.39240003,0.16995001,0.111549996,28.642,1.613,1.161,0.164,0.015,1183750016.0,1300999936.0,9125999616.0,1978000000.0,47.13,4.2,6.18864,233486812.0,1.01,0.00329,3.98,,,,,,,
YUM,41142566912.0,53873565696.0,18.963522,20.205133,-5.7132025,4.7171025,17.56,,0.22694,0.45311,0.32779998,0.25406998,,0.592,0.33,1.281,0.122,833249984.0,2083000064.0,8721999872.0,3068000000.0,-26.388,7.95,7.46147,272901085.0,0.553,0.0016,3.16,,,,,,,
ZTS,30024828928.0,37603827712.0,11.853182,10.49342,9.269039,3.1522129,9.248,0.64911,0.15352,0.71738,0.40721,0.27685,293.996,3.084,1.575,-0.048,-0.002,2016999936.0,2840000000.0,9525000192.0,4065999872.0,7.839,6.13,6.92434,413223602.0,0.73,0.00155,2.75,,,,,,,
ZBRA,17933494272.0,20616990720.0,34.50871,17.023113,5.249515,3.0671275,17.413,0.15286,0.07315,0.49581,0.21259001,0.092180006,86.23,0.516,0.301,1.08,0.204,576750016.0,979000000.0,5847000064.0,1184000000.0,71.719,10.91,22.1164,47633392.0,1.583,0.00853,3.92,,,,,,,
XYZ,47462805504.0,47860183040.0,141.07143,15.341475,2.1421404,1.8953309,30.919,0.01612,0.0201,0.46572,0.06999,0.01426,32.58,2.209,1.077,-0.836,0.093,-27105876.0,4057472000.0,25041963008.0,1547908992.0,36.879,0.56,5.14944,540816000.0,2.526,0.01223,2.6,,,,,,,
